{"type":"FeatureCollection","features":[{"type":"Feature","geometry":{"type":"Polygon","coordinates":[[[127.93745016327304,26.698450209471314],[127.93657787488264,26.699347011048673],[127.93754082970153,26.702107075192345],[127.93786928688216,26.702591989507198],[127.93794977197643,26.70329506455064],[127.93863791237864,26.703535879190202],[127.93876863812856,26.704481727246215],[127.93838721014411,26.70506500575887],[127.9383458128229,26.704483871553514],[127.9372945486744,26.703935588576936],[127.93655121737,26.703768199629497],[127.93508774334803,26.703966717759535],[127.93467449224504,26.703915579720423],[127.93440440214941,26.703447047660433],[127.93534458583164,26.703062423220924],[127.93534435899507,26.70220495549155],[127.93507205384542,26.703006344034492],[127.93379906483885,26.70255171332089],[127.93181290124035,26.702717500279896],[127.93177629949443,26.702337603060208],[127.93222667842167,26.70184609013424],[127.93152207266168,26.702085640927415],[127.93148793410721,26.70236103672467],[127.93199054551592,26.703189914010956],[127.93162702703907,26.70406561530847],[127.93115964063811,26.704588697879437],[127.93088243953414,26.70436663250184],[127.92895459288926,26.704274047509365],[127.92783326263073,26.704336069948695],[127.92753961498273,26.70455533491249],[127.92683699292662,26.70424786578727],[127.9257524348193,26.7041905897653],[127.92586852528196,26.703251537870543],[127.92570242094085,26.702899099333344],[127.9248849219842,26.70249902130016],[127.92310068762595,26.70237969917064],[127.92241249511171,26.702433202435245],[127.92102115170283,26.70202660354517],[127.92022685024915,26.701918783440373],[127.91850631069504,26.701971616728205],[127.91852054256564,26.701277556262525],[127.91896026829033,26.699908404585855],[127.91913686261124,26.698152181238775],[127.91876362545635,26.697311165155487],[127.91943690362396,26.69409762325887],[127.91924724505294,26.69226363569788],[127.91930256775652,26.691484062504333],[127.91887155959809,26.690876131348087],[127.91889304374517,26.690266881409688],[127.91929283792749,26.69000269318477],[127.9202481286417,26.688444960750598],[127.91949670324611,26.68682267850939],[127.9183877676979,26.68584538210095],[127.91764700448358,26.684832879065798],[127.91732762407575,26.68345028025404],[127.91744809433456,26.68307654864793],[127.91752847305438,26.682989440102766],[127.91855581330627,26.68288012239877],[127.91915457824274,26.68283191262227],[127.91995163029307,26.682794827179027],[127.92174645363022,26.682550255390172],[127.92305803968783,26.682263925438356],[127.9232568545509,26.681012742645624],[127.92359989201054,26.680364043281678],[127.92465336205036,26.679298115242496],[127.92486077766239,26.678827230575695],[127.92497553769782,26.678720058616932],[127.9251974954195,26.67854028736083],[127.92522157330343,26.678300741225037],[127.92500818983302,26.677162735930818],[127.92560264850245,26.67644057387095],[127.92654225691216,26.675838319364193],[127.92769524891071,26.67465520814593],[127.92936105372104,26.67434693861003],[127.9298075549715,26.67368958356208],[127.92946695803288,26.67223048171056],[127.93135924278927,26.67146808715571],[127.93287976751941,26.67129278624645],[127.93458531464938,26.671435573233605],[127.93534082163524,26.670295917001408],[127.93589151376844,26.66988969360495],[127.93715973918094,26.670045146018154],[127.93750946193724,26.670345614648312],[127.93832874032199,26.670702615856328],[127.93667946319836,26.67229975377902],[127.93556140180958,26.673764604406653],[127.9346902896174,26.675352181215352],[127.9347541549781,26.675562973885256],[127.93559791750147,26.67584861679248],[127.93612891950994,26.67679898390868],[127.93649695367951,26.677101511383345],[127.93668605672282,26.67783931690055],[127.93655243390029,26.67963824227409],[127.93742914148115,26.681035243936904],[127.93727766323899,26.68191052366014],[127.93734350775709,26.682641078702595],[127.93796002742488,26.683462541358963],[127.93724291356622,26.684079625482028],[127.93645564124654,26.68435223766689],[127.93617999324334,26.684229533229594],[127.9355063990812,26.685003445209528],[127.93590283893883,26.685617985969582],[127.93459580270651,26.686276338389803],[127.93383936073204,26.686411973211214],[127.93358083492105,26.686812930247704],[127.9343978838107,26.6879775658124],[127.93383774208213,26.68845023444056],[127.93330830006448,26.68843519381238],[127.93263828710604,26.689283120977827],[127.93291762989337,26.69019764357283],[127.93266244647629,26.691124777883665],[127.93301946336767,26.691733943295812],[127.93295502070485,26.69228909443002],[127.93335611377898,26.693177015175955],[127.93380390517862,26.693758615010285],[127.93470651173372,26.69400219290193],[127.9343567580524,26.69482186949955],[127.93446455473128,26.695675416592966],[127.93516370407366,26.696194195995297],[127.93663310243086,26.6961637736317],[127.93691450609542,26.69634738282372],[127.93723487367447,26.69716628843579],[127.93745016327304,26.698450209471314]]]},"properties":{"KEY_CODE":"473060010","PREF":"47","CITY":"306","CITY_NAME":"今帰仁村","S_NAME":"字今泊","SETAI":"372"}},{"type":"Feature","geometry":{"type":"Polygon","coordinates":[[[127.94115797606867,26.671162629043287],[127.9411250300195,26.672390281237316],[127.94184157776326,26.672765627064166],[127.94191756126284,26.67315598375773],[127.94189373733295,26.675411667649264],[127.94142265450613,26.6761933073745],[127.94140038612282,26.677257187243434],[127.9410155702835,26.67821577091544],[127.94036993384985,26.67897721244586],[127.940348944514,26.680162080188573],[127.94007474927484,26.680634670354237],[127.94025211431452,26.68356447371077],[127.93949978376256,26.68425889200756],[127.93944617884816,26.68453984951458],[127.94007232229498,26.685028294774114],[127.94039312303093,26.686088288944216],[127.94037446808973,26.687134090621463],[127.93996516377041,26.687742557797698],[127.93883827198695,26.68866398173607],[127.93833519491488,26.68944076895175],[127.93822086547472,26.69044441480188],[127.93903010718665,26.69125187684444],[127.93958223981346,26.691253922124265],[127.93977077091914,26.6916756600021],[127.9395400324259,26.692310795249742],[127.93961600131678,26.69378539430706],[127.94013769784472,26.694478861966655],[127.94000442866708,26.69471429896114],[127.94056677965342,26.695382747554177],[127.94078986651978,26.69685935666161],[127.93937744246922,26.69795415113711],[127.93861687415004,26.69743692680922],[127.93828309274225,26.697590968669996],[127.93745016327304,26.698450209471314],[127.93723487367447,26.69716628843579],[127.93691450609542,26.69634738282372],[127.93663310243086,26.6961637736317],[127.93516370407366,26.696194195995297],[127.93446455473128,26.695675416592966],[127.9343567580524,26.69482186949955],[127.93470651173372,26.69400219290193],[127.93380390517862,26.693758615010285],[127.93335611377898,26.693177015175955],[127.93295502070485,26.69228909443002],[127.93301946336767,26.691733943295812],[127.93266244647629,26.691124777883665],[127.93291762989337,26.69019764357283],[127.93263828710604,26.689283120977827],[127.93330830006448,26.68843519381238],[127.93383774208213,26.68845023444056],[127.9343978838107,26.6879775658124],[127.93358083492105,26.686812930247704],[127.93383936073204,26.686411973211214],[127.93459580270651,26.686276338389803],[127.93590283893883,26.685617985969582],[127.9355063990812,26.685003445209528],[127.93617999324334,26.684229533229594],[127.93645564124654,26.68435223766689],[127.93724291356622,26.684079625482028],[127.93796002742488,26.683462541358963],[127.93734350775709,26.682641078702595],[127.93727766323899,26.68191052366014],[127.93742914148115,26.681035243936904],[127.93655243390029,26.67963824227409],[127.93668605672282,26.67783931690055],[127.93649695367951,26.677101511383345],[127.93612891950994,26.67679898390868],[127.93559791750147,26.67584861679248],[127.9347541549781,26.675562973885256],[127.9346902896174,26.675352181215352],[127.93556140180958,26.673764604406653],[127.93667946319836,26.67229975377902],[127.93832874032199,26.670702615856328],[127.93952477624568,26.670777948572287],[127.93986473756925,26.671111160110403],[127.94115797606867,26.671162629043287]]]},"properties":{"KEY_CODE":"473060020","PREF":"47","CITY":"306","CITY_NAME":"今帰仁村","S_NAME":"字兼次","SETAI":"135"}},{"type":"Feature","geometry":{"type":"Polygon","coordinates":[[[127.94694088544031,26.705656789852313],[127.94499423962067,26.705655671823163],[127.94465534551395,26.706125163630063],[127.94398823349671,26.705918723147402],[127.94277463496041,26.706284445889594],[127.94273365292058,26.705816982186754],[127.94188153466608,26.705592207725648],[127.94182249757225,26.705134742775396],[127.94049313457647,26.704928569426812],[127.93838721014411,26.70506500575887],[127.93876863812856,26.704481727246215],[127.93863791237864,26.703535879190202],[127.93794977197643,26.70329506455064],[127.93786928688216,26.702591989507198],[127.93754082970153,26.702107075192345],[127.93657787488264,26.699347011048673],[127.93745016327304,26.698450209471314],[127.93828309274225,26.697590968669996],[127.93861687415004,26.69743692680922],[127.93937744246922,26.69795415113711],[127.94078986651978,26.69685935666161],[127.94056677965342,26.695382747554177],[127.94000442866708,26.69471429896114],[127.94013769784472,26.694478861966655],[127.93961600131678,26.69378539430706],[127.9395400324259,26.692310795249742],[127.93977077091914,26.6916756600021],[127.93958223981346,26.691253922124265],[127.93903010718665,26.69125187684444],[127.93822086547472,26.69044441480188],[127.93833519491488,26.68944076895175],[127.93883827198695,26.68866398173607],[127.93996516377041,26.687742557797698],[127.94037446808973,26.687134090621463],[127.94039312303093,26.686088288944216],[127.94007232229498,26.685028294774114],[127.93944617884816,26.68453984951458],[127.93949978376256,26.68425889200756],[127.94025211431452,26.68356447371077],[127.94007474927484,26.680634670354237],[127.940348944514,26.680162080188573],[127.94036993384985,26.67897721244586],[127.9410155702835,26.67821577091544],[127.94140038612282,26.677257187243434],[127.94142265450613,26.6761933073745],[127.94189373733295,26.675411667649264],[127.94191756126284,26.67315598375773],[127.94184157776326,26.672765627064166],[127.9411250300195,26.672390281237316],[127.94115797606867,26.671162629043287],[127.94208135403916,26.671376493508294],[127.94271193325014,26.670877343778827],[127.94402528601313,26.67130168634651],[127.94446006448713,26.672415840296495],[127.9448454182586,26.675592465933274],[127.94505595565704,26.676247473723116],[127.94555147779876,26.67680167793679],[127.94589315131776,26.67759956597476],[127.94608513393725,26.67971782987428],[127.94600065749745,26.68039539159756],[127.94534800722771,26.681734740684814],[127.94542180377728,26.68487984927496],[127.94526063466687,26.684756101625428],[127.94395914281083,26.6839544269691],[127.94387814084342,26.682599934640113],[127.94356240950636,26.68246559159292],[127.94317135016351,26.682942426967184],[127.94310090789298,26.683272796802953],[127.94295444622988,26.683717215486457],[127.94296254754167,26.684191617453084],[127.94316375220754,26.684602313853546],[127.94330497648286,26.685083075451324],[127.94377373017512,26.686507164939744],[127.94442298214818,26.687200435044502],[127.9448213490141,26.687955334200385],[127.9449051078316,26.688503895565894],[127.94533716493346,26.68887325117687],[127.94529527952471,26.68973663035809],[127.94508565780184,26.690068561091532],[127.94499090724587,26.690568033802908],[127.9452318950311,26.691854186513414],[127.94529856801671,26.692205568559586],[127.94600645556746,26.693343383728646],[127.94607795635112,26.69347058185343],[127.94643384369662,26.693718532574863],[127.94667396273549,26.694065352060118],[127.94667568946217,26.694511354206785],[127.94611770408399,26.69540504132321],[127.94573924755788,26.696010746915483],[127.94545252367539,26.69681826316123],[127.94618754472526,26.69839431273438],[127.94520788565633,26.698774972784655],[127.94567496723312,26.699815520599834],[127.94540519608532,26.70073573724306],[127.94505765731182,26.700855073890423],[127.94588550577194,26.702280142469537],[127.94687038827351,26.70310618258419],[127.94710968970024,26.70371094716385],[127.94694088544031,26.705656789852313]]]},"properties":{"KEY_CODE":"473060030","PREF":"47","CITY":"306","CITY_NAME":"今帰仁村","S_NAME":"字諸志","SETAI":"133"}},{"type":"Feature","geometry":{"type":"Polygon","coordinates":[[[127.95150864901157,26.707473772254488],[127.95098284609567,26.70819660066124],[127.95047148376095,26.708239750536634],[127.95023791196093,26.707883042726337],[127.94970199205314,26.708070683724387],[127.95004161528686,26.708311551858696],[127.94872246069998,26.708159515031625],[127.9489047570036,26.707753688378],[127.94839955176302,26.707573839895808],[127.94822013591534,26.705892887703158],[127.94694088544031,26.705656789852313],[127.94710968970024,26.70371094716385],[127.94687038827351,26.70310618258419],[127.94588550577194,26.702280142469537],[127.94505765731182,26.700855073890423],[127.94540519608532,26.70073573724306],[127.94567496723312,26.699815520599834],[127.94520788565633,26.698774972784655],[127.94618754472526,26.69839431273438],[127.94545252367539,26.69681826316123],[127.94573924755788,26.696010746915483],[127.94611770408399,26.69540504132321],[127.94667568946217,26.694511354206753],[127.94667396273549,26.694065352060118],[127.94643384369662,26.693718532574863],[127.94607795635112,26.69347058185343],[127.94600645556746,26.693343383728646],[127.94529856801671,26.692205568559586],[127.9452318950311,26.691854186513414],[127.94499090724587,26.690568033802908],[127.94508565780184,26.690068561091532],[127.94529527952471,26.68973663035809],[127.94533716493346,26.68887325117687],[127.9449051078316,26.688503895565894],[127.9448213490141,26.687955334200385],[127.94442298214818,26.687200435044502],[127.94377373017512,26.686507164939744],[127.94330497648286,26.685083075451324],[127.94316375220754,26.684602313853546],[127.94296254754167,26.684191617453084],[127.94295444622988,26.683717215486457],[127.94310090789298,26.683272796802953],[127.94317135016351,26.682942426967184],[127.94356240950636,26.68246559159292],[127.94387814084342,26.682599934640113],[127.94395914281083,26.6839544269691],[127.94526063466687,26.684756101625428],[127.94542180377728,26.68487984927496],[127.94534800722771,26.681734740684814],[127.94600065749745,26.68039539159756],[127.94608513393725,26.67971782987428],[127.94589315131776,26.67759956597476],[127.94555147779876,26.67680167793679],[127.94505595565704,26.676247473723116],[127.9448454182586,26.675592465933274],[127.94446006448713,26.672415840296495],[127.94525456884689,26.67302588881614],[127.94605839747504,26.673984886651446],[127.94706127292098,26.676356615405375],[127.94746612417215,26.677594887812578],[127.94774193784299,26.67883356029773],[127.94779610762569,26.67949369635887],[127.94769729553907,26.68230319147041],[127.94773774230251,26.68274329133565],[127.94871279363684,26.685624456612214],[127.94888092347266,26.68828524080689],[127.94854656085062,26.689886698839477],[127.94860558498435,26.69144976094788],[127.94877218103223,26.69196681961314],[127.94929088374604,26.692495675968377],[127.94996450395622,26.69348260291645],[127.95049749764192,26.694008870365863],[127.95053652640533,26.69497726807597],[127.95112115898587,26.694129953061296],[127.95198974132792,26.694927552239058],[127.95240026863983,26.695652345122124],[127.95171621861076,26.695789755586702],[127.95159604576526,26.696145952147454],[127.95195996522958,26.696604980791793],[127.95190245522228,26.698075887313056],[127.9519656274437,26.69939939017158],[127.9512993001022,26.69950656543042],[127.95231022265179,26.700972959952075],[127.95142853302619,26.70126063286591],[127.95171819427244,26.70304126902391],[127.95145755473901,26.70422695905879],[127.95125301563888,26.704423216926905],[127.95137942444266,26.70524199980116],[127.95150864901157,26.707473772254488]]]},"properties":{"KEY_CODE":"473060040","PREF":"47","CITY":"306","CITY_NAME":"今帰仁村","S_NAME":"字与那嶺","SETAI":"132"}},{"type":"Feature","geometry":{"type":"Polygon","coordinates":[[[127.95580367190257,26.707649659047085],[127.95317483552994,26.708211373677496],[127.95239306833172,26.708245445926963],[127.95150864901157,26.707473772254488],[127.95137942444266,26.70524199980116],[127.95125301563888,26.704423216926905],[127.95145755473901,26.70422695905879],[127.95171819427244,26.70304126902391],[127.95142853302619,26.70126063286591],[127.95231022265179,26.700972959952075],[127.9512993001022,26.69950656543042],[127.9519656274437,26.69939939017158],[127.95190245522228,26.698075887313056],[127.95195996522958,26.696604980791793],[127.95159604576526,26.696145952147454],[127.95171621861076,26.695789755586702],[127.95240026863983,26.695652345122124],[127.95198974132792,26.694927552239058],[127.95112115898587,26.694129953061296],[127.95053652640533,26.69497726807597],[127.95049749764192,26.694008870365863],[127.94996450395622,26.69348260291645],[127.94929088374604,26.692495675968377],[127.94877218103223,26.69196681961314],[127.94860558498435,26.69144976094788],[127.94854656085062,26.689886698839477],[127.94888092347266,26.68828524080689],[127.94871279363684,26.685624456612214],[127.94773774230251,26.68274329133565],[127.94769729553907,26.68230319147041],[127.94779610762569,26.679493696358858],[127.94774193784299,26.67883356029773],[127.94746612417215,26.677594887812578],[127.94706127292098,26.676356615405375],[127.94605839747504,26.673984886651418],[127.94525456884689,26.67302588881614],[127.94446006448713,26.672415840296495],[127.94402528601313,26.67130168634651],[127.94472017002963,26.671462432694447],[127.9451532585907,26.671188972191743],[127.94517402211922,26.670752200711206],[127.94559971983404,26.670020121915442],[127.94599701315114,26.669515264017612],[127.94722186481913,26.668544543743458],[127.94774062169435,26.668316010375282],[127.94821357081948,26.668236405170944],[127.94894046344682,26.667721135191762],[127.94908853447994,26.667539796972374],[127.94921979369371,26.667153099220485],[127.94908350444395,26.666914050538153],[127.94947202563603,26.66624955937575],[127.95003265265436,26.66662584630588],[127.95080560283506,26.666582103693063],[127.95210343898857,26.66718532310257],[127.9531033592362,26.667792572054974],[127.95336705954556,26.668652327902592],[127.95302323100046,26.67075628757549],[127.95289453174738,26.672387720717193],[127.95289698555563,26.673876227918885],[127.95350470992058,26.675553856198885],[127.95384331583605,26.676128195230355],[127.95490971889468,26.678285489536886],[127.95511809244034,26.679443605057998],[127.95512443486263,26.68105534113792],[127.9545391818855,26.682780931095202],[127.95439991470005,26.683128587766827],[127.95452376401408,26.684220469568494],[127.95455286499929,26.68446428810173],[127.95421633768218,26.685854354663693],[127.95376905321994,26.68684897405406],[127.95340437440814,26.686949905386086],[127.95338891640284,26.687162133482648],[127.95295198298393,26.687705279339074],[127.95278719115281,26.68885300541253],[127.95310496402385,26.688980690130695],[127.9534920549508,26.68963772118885],[127.95449753615765,26.692539705459847],[127.95458704166707,26.69284336879558],[127.95446827941068,26.693326700591513],[127.95458421433865,26.694199936893284],[127.95512576964096,26.696324439241785],[127.95507891298067,26.6972625702756],[127.95523559156749,26.698131303238156],[127.95522047055503,26.698835156201152],[127.95542591331765,26.699665722746943],[127.95602616112342,26.70095591187484],[127.95684025637408,26.701891286596638],[127.95596260105482,26.704672803446478],[127.95601109464232,26.706076765915743],[127.95635044571094,26.70714484810245],[127.95580367190257,26.707649659047085]]]},"properties":{"KEY_CODE":"473060050","PREF":"47","CITY":"306","CITY_NAME":"今帰仁村","S_NAME":"字仲尾次","SETAI":"126"}},{"type":"Feature","geometry":{"type":"Polygon","coordinates":[[[127.96592875791804,26.697546801636598],[127.96654223509374,26.698235354236164],[127.9673066672758,26.69864530475405],[127.96770183407834,26.69969552911255],[127.96909185334276,26.700228030122464],[127.96966102878149,26.70056555590296],[127.97048974717983,26.70269478281286],[127.96977384103087,26.703095111191793],[127.96881289030061,26.703053121474632],[127.96843156982816,26.702701510717432],[127.96774315335925,26.70270008763732],[127.96659050011783,26.70295479869683],[127.96570966833092,26.704085891554804],[127.96387380379475,26.70489423516727],[127.96333099454402,26.70486707414258],[127.96173844611607,26.70521343182131],[127.96081266255419,26.706412364494817],[127.95906554867098,26.70730346895703],[127.95787059991461,26.707307310305204],[127.95733983019129,26.707521972476343],[127.95580367190257,26.707649659047085],[127.95635044571094,26.70714484810245],[127.95601109464232,26.706076765915743],[127.95596260105482,26.704672803446478],[127.95684025637408,26.701891286596638],[127.95602616112342,26.70095591187484],[127.95542591331765,26.699665722746943],[127.95522047055503,26.698835156201152],[127.95523559156749,26.698131303238156],[127.95507891298067,26.6972625702756],[127.95512576964096,26.696324439241785],[127.95458421433865,26.694199936893284],[127.95446827941068,26.693326700591513],[127.95458704166707,26.69284336879558],[127.95449753615765,26.692539705459847],[127.9534920549508,26.68963772118885],[127.95310496402385,26.688980690130695],[127.95278719115281,26.68885300541253],[127.95295198298393,26.687705279339074],[127.95338891640284,26.687162133482648],[127.953534178624,26.687450291355113],[127.95456243018913,26.688812973601827],[127.95552302541039,26.689188091476865],[127.95591424271015,26.6896047153988],[127.95591411028002,26.68994903772139],[127.95588559785845,26.69023365627069],[127.95604357007468,26.690477766441987],[127.95586883688453,26.691238751493085],[127.95534202172239,26.6928703020741],[127.95619030674382,26.69331452055299],[127.95640128742954,26.69365076620974],[127.95698051482063,26.694674689931833],[127.95758475876389,26.695213109037258],[127.95811940833205,26.69526590375635],[127.95908752019463,26.69485959812498],[127.95998840093617,26.696626606279445],[127.9616217285105,26.695955271972682],[127.9625091585009,26.696573428841816],[127.9641051998142,26.696901448067425],[127.96460745707085,26.697182583572147],[127.96592875791804,26.697546801636598]]]},"properties":{"KEY_CODE":"473060060","PREF":"47","CITY":"306","CITY_NAME":"今帰仁村","S_NAME":"字崎山","SETAI":"143"}},{"type":"Feature","geometry":{"type":"Polygon","coordinates":[[[127.96693614777327,26.696137747019677],[127.96592875791804,26.697546801636598],[127.96460745707085,26.697182583572147],[127.9641051998142,26.696901448067425],[127.9625091585009,26.696573428841816],[127.9616217285105,26.695955271972682],[127.95998840093617,26.696626606279445],[127.95908752019463,26.69485959812498],[127.95811940833205,26.69526590375635],[127.95758475876389,26.695213109037258],[127.95698051482063,26.694674689931833],[127.95640128742954,26.69365076620974],[127.95619030674382,26.69331452055299],[127.95534202172239,26.6928703020741],[127.95586883688453,26.691238751493085],[127.95604357007468,26.69047776644201],[127.95588559785845,26.69023365627069],[127.95591411028002,26.68994903772139],[127.95591424271015,26.6896047153988],[127.95552302541039,26.689188091476865],[127.95456243018913,26.688812973601827],[127.953534178624,26.687450291355113],[127.95340437440814,26.686949905386086],[127.95376905321994,26.68684897405406],[127.95421633768218,26.68585435466372],[127.95455286499929,26.68446428810173],[127.95452376401408,26.684220469568494],[127.95439991470005,26.683128587766856],[127.9545391818855,26.682780931095202],[127.95512443486263,26.68105534113792],[127.95511809244034,26.679443605057998],[127.95490971889468,26.67828548953691],[127.95384331583605,26.676128195230355],[127.95350470992058,26.6755538561989],[127.95289698555563,26.673876227918885],[127.95289453174738,26.672387720717193],[127.95302323100046,26.67075628757549],[127.95336705954556,26.668652327902592],[127.95416821211809,26.66969486439066],[127.95478705760982,26.670185189918634],[127.9565653617312,26.670636936354793],[127.95812744447893,26.67330838380969],[127.95849386308835,26.67437185617838],[127.95852459777328,26.674958304173465],[127.95791408646679,26.67772388074256],[127.95782404367064,26.679528366694097],[127.957600921425,26.679838000977735],[127.95841104836417,26.68110355216463],[127.95847623834484,26.682618350892383],[127.9590037311883,26.684007564849466],[127.95858500178404,26.685173875991445],[127.95900582882243,26.68561479678952],[127.96007494942435,26.68526147569858],[127.96053927458415,26.685782004173507],[127.96134136659592,26.686294598784155],[127.96056523952362,26.68719756921504],[127.96164208450652,26.687636645118157],[127.96240168490259,26.687657884545317],[127.96338172778957,26.688591143409106],[127.96393244166447,26.688369494944506],[127.96502388648115,26.688401632187908],[127.9651087838232,26.689678231249495],[127.96571347639899,26.690392266608967],[127.96585920018028,26.690825032798042],[127.9661043701992,26.693168837727537],[127.96658682142827,26.693253154558175],[127.96669288070906,26.694262432492508],[127.9665193895821,26.69492583412822],[127.96673718221189,26.695171360267324],[127.96693614777327,26.696137747019677]]]},"properties":{"KEY_CODE":"473060070","PREF":"47","CITY":"306","CITY_NAME":"今帰仁村","S_NAME":"字平敷","SETAI":"193"}},{"type":"Feature","geometry":{"type":"Polygon","coordinates":[[[127.96502388648115,26.688401632187908],[127.96393244166447,26.688369494944506],[127.96338172778957,26.688591143409106],[127.96240168490259,26.687657884545317],[127.96164208450652,26.687636645118157],[127.96056523952362,26.68719756921504],[127.96134136659592,26.686294598784155],[127.96053927458415,26.685782004173507],[127.96007494942435,26.68526147569858],[127.95900582882243,26.68561479678952],[127.95858500178404,26.685173875991445],[127.9590037311883,26.684007564849466],[127.95847623834484,26.682618350892383],[127.95841104836417,26.68110355216463],[127.957600921425,26.679838000977735],[127.95782404367064,26.679528366694097],[127.95791408646679,26.67772388074256],[127.95852459777328,26.674958304173465],[127.95849386308835,26.67437185617838],[127.95812744447893,26.67330838380969],[127.9565653617312,26.670636936354793],[127.95758436126135,26.670166036712914],[127.9582971583208,26.669480318138337],[127.9588318713486,26.66815105673113],[127.95846836457868,26.666956596905422],[127.95841195920389,26.66535053377887],[127.95888172223177,26.66571629065506],[127.95996527809626,26.665907245154976],[127.9608499196166,26.665877822726255],[127.9622504622244,26.667102909949215],[127.9625319060097,26.66712858515704],[127.96442526634188,26.6687024478421],[127.9651951586286,26.669943297881176],[127.96591805539727,26.670809491735156],[127.9670078919546,26.673474439714106],[127.96789577994468,26.67409178604708],[127.96847450081752,26.67497182446754],[127.96865323119327,26.675582111951595],[127.96855395580826,26.676468391825235],[127.9679729695863,26.676853547605944],[127.96814940276961,26.6774685687333],[127.96755905633704,26.678346301103677],[127.96867665595992,26.678591912069994],[127.96814302224467,26.67958552271646],[127.9691054768945,26.680292943945567],[127.97025752249633,26.68076026577759],[127.97065218879298,26.68108291134081],[127.97093240197584,26.681962365721304],[127.97055652871674,26.68229417645608],[127.97104234036438,26.682954144905857],[127.97241106513492,26.683830074268727],[127.97138311968673,26.686342661979324],[127.97041540687087,26.68627018685182],[127.97006839649488,26.68686936208984],[127.96895625378735,26.687478100559883],[127.96783640660207,26.686749614562345],[127.96687850512404,26.686599446101287],[127.96640186215573,26.686341930217434],[127.96560702314306,26.687275241518623],[127.96502388648115,26.688401632187908]]]},"properties":{"KEY_CODE":"473060080","PREF":"47","CITY":"306","CITY_NAME":"今帰仁村","S_NAME":"字謝名","SETAI":"240"}},{"type":"Feature","geometry":{"type":"Polygon","coordinates":[[[127.97290811558916,26.68980504849023],[127.97287652329405,26.690677982670323],[127.97245445252062,26.691658684462038],[127.97254599162186,26.69290479937855],[127.97149987018277,26.694129492173438],[127.97116233180763,26.693659424200554],[127.97038893954655,26.693751308483442],[127.97033567587572,26.694243392966335],[127.9699218243955,26.695024642353996],[127.96924606447328,26.694908606312232],[127.96889295066124,26.695308662158666],[127.96693614777327,26.696137747019677],[127.96673718221189,26.695171360267324],[127.9665193895821,26.69492583412822],[127.96669288070906,26.694262432492508],[127.96658682142827,26.693253154558175],[127.9661043701992,26.693168837727537],[127.96585920018028,26.690825032798042],[127.96571347639899,26.690392266608967],[127.9651087838232,26.689678231249495],[127.96502388648115,26.688401632187908],[127.96560702314306,26.687275241518623],[127.96640186215573,26.686341930217434],[127.96687850512404,26.686599446101287],[127.96783640660207,26.686749614562345],[127.96895625378735,26.687478100559883],[127.97006839649488,26.68686936208984],[127.97041540687087,26.68627018685182],[127.97138311968673,26.686342661979324],[127.97181241316346,26.68735249899156],[127.97194439067438,26.68844073964939],[127.97290811558916,26.68980504849023]]]},"properties":{"KEY_CODE":"473060090","PREF":"47","CITY":"306","CITY_NAME":"今帰仁村","S_NAME":"字越地","SETAI":"126"}},{"type":"Feature","geometry":{"type":"Polygon","coordinates":[[[127.98051961067698,26.694866053786956],[127.97880672877481,26.695642313519055],[127.97835008093378,26.696264867660364],[127.9784723407316,26.697393548611664],[127.97808578446106,26.697229694695363],[127.97726839880882,26.69738586337277],[127.97633372535017,26.697363731082017],[127.97604562673953,26.696954009378107],[127.97547750623686,26.696871914717136],[127.97363459446412,26.69714428924144],[127.97289438479989,26.697483444201517],[127.9723335345344,26.697460896520543],[127.97153448269653,26.696939107875735],[127.97170706342052,26.69613798370123],[127.9742201221556,26.692173593453415],[127.97480957775656,26.69158044157867],[127.97476158366295,26.690668068588796],[127.97438506328501,26.690006832857396],[127.97443734485324,26.689032780228935],[127.9751726466979,26.68775500465908],[127.9753209489173,26.687166912173],[127.97525459172465,26.686179712934514],[127.97576347066433,26.68555882872561],[127.97704894587923,26.685392073387646],[127.97562098469753,26.685367008333905],[127.97495458629862,26.686043490318074],[127.97501931035967,26.6871209522361],[127.97484270016454,26.68766944016413],[127.97366369813774,26.68930252709602],[127.97382541487814,26.688795624556427],[127.97473329395835,26.687208566374],[127.97452882185775,26.687090991985453],[127.97375223752165,26.688104469473203],[127.97290811558916,26.68980504849023],[127.97194439067438,26.68844073964939],[127.97181241316346,26.68735249899156],[127.97138311968673,26.686342661979324],[127.97241106513492,26.683830074268727],[127.97104234036438,26.682954144905857],[127.97055652871674,26.68229417645608],[127.97093240197584,26.681962365721304],[127.97190628215017,26.681901754406237],[127.97180195875116,26.68132599284075],[127.97308102512447,26.681023699758146],[127.9746962792809,26.680374957483647],[127.97489814244582,26.681378698603563],[127.97504072829516,26.68088109361034],[127.9761762404202,26.680139369236937],[127.9769408102154,26.679494846501076],[127.97818742452635,26.68011190988214],[127.97877280228334,26.68111083655781],[127.979291215219,26.682370327956924],[127.9800006433497,26.682547685650594],[127.98048172952902,26.683443865277198],[127.98056987148733,26.684184963610054],[127.98084718705788,26.68448957215944],[127.98020549101332,26.68488661660765],[127.97851951022547,26.685194010785334],[127.97864015113859,26.685758079935184],[127.97928874191959,26.686270944830202],[127.97948177672357,26.68677137648723],[127.97960729567967,26.68801526370247],[127.97917679781327,26.68904770944592],[127.97920535194574,26.690175572800868],[127.98016635529534,26.69322487323467],[127.98001746928718,26.693470554925398],[127.98051961067698,26.694866053786956]]]},"properties":{"KEY_CODE":"473060100","PREF":"47","CITY":"306","CITY_NAME":"今帰仁村","S_NAME":"字仲宗根","SETAI":"364"}},{"type":"Feature","geometry":{"type":"Polygon","coordinates":[[[127.9769408102154,26.679494846501076],[127.9761762404202,26.680139369236937],[127.97504072829516,26.68088109361034],[127.97489814244582,26.681378698603563],[127.9746962792809,26.680374957483647],[127.97308102512447,26.681023699758146],[127.97180195875116,26.68132599284075],[127.97190628215017,26.681901754406237],[127.97093240197584,26.681962365721304],[127.97065218879298,26.68108291134081],[127.97025752249633,26.68076026577759],[127.9691054768945,26.680292943945567],[127.96814302224467,26.67958552271646],[127.96867665595992,26.678591912069994],[127.96755905633704,26.678346301103677],[127.96814940276961,26.6774685687333],[127.9679729695863,26.676853547605944],[127.96855395580826,26.676468391825235],[127.96865323119327,26.675582111951595],[127.96847450081752,26.67497182446754],[127.96789577994468,26.67409178604708],[127.9670078919546,26.673474439714106],[127.96591805539727,26.670809491735156],[127.9651951586286,26.669943297881176],[127.96442526634188,26.6687024478421],[127.9625319060097,26.66712858515704],[127.96331649607454,26.66661923572579],[127.96355202637008,26.666266166857678],[127.96358782628899,26.665510035942283],[127.96387117023674,26.664966770243154],[127.964602343185,26.66419787378441],[127.9661330297469,26.66372719765146],[127.9665748740511,26.663303573984916],[127.9676662520168,26.663602314258497],[127.96835804688563,26.663473121354144],[127.96838625817283,26.663018828896185],[127.96881067842644,26.662077659820188],[127.96856573662613,26.661588296596808],[127.96800622010628,26.66137561519716],[127.9682402412595,26.66112041999124],[127.96948008909051,26.66102285335457],[127.97008065602189,26.66059185281183],[127.97085015355857,26.660612664881832],[127.97123287245054,26.660131603181977],[127.97222078928523,26.65990367895107],[127.97249621334002,26.660024271845376],[127.97302394186421,26.66114431959095],[127.97260124406377,26.66162643138531],[127.97224796570872,26.662980749310464],[127.97232225803292,26.66326926759081],[127.9741857828752,26.663680901919374],[127.97448318602139,26.66408538360326],[127.97445008493457,26.664624451243267],[127.97347386967836,26.665512674139087],[127.97288240572986,26.666596427936156],[127.97294728967891,26.668062393866606],[127.97323195762138,26.668595046206633],[127.97435530577584,26.669475023555187],[127.97439314007265,26.67008507798148],[127.97343229908002,26.671155529728505],[127.9733288670928,26.67213589756441],[127.97384796825736,26.672413202430647],[127.97452429733701,26.672022694278024],[127.97489139686708,26.672508100871497],[127.97456396528763,26.672869454903548],[127.97509037927446,26.673205399969838],[127.97594451214117,26.672762816556816],[127.97653875508682,26.672966736191402],[127.97696812141118,26.6734261185413],[127.97701756984779,26.67409966246937],[127.97733158831068,26.674803695202968],[127.97719756436406,26.675306848461474],[127.97745138254741,26.67603033480745],[127.97743210105808,26.676881029419793],[127.9769408102154,26.679494846501076]]]},"properties":{"KEY_CODE":"473060110","PREF":"47","CITY":"306","CITY_NAME":"今帰仁村","S_NAME":"字玉城","SETAI":"290"}},{"type":"Feature","geometry":{"type":"Polygon","coordinates":[[[127.9741857828752,26.663680901919374],[127.97232225803292,26.66326926759081],[127.97224796570872,26.662980749310464],[127.97260124406377,26.66162643138531],[127.97302394186421,26.66114431959095],[127.97249621334002,26.660024271845376],[127.97222078928523,26.65990367895107],[127.97123287245054,26.660131603181977],[127.97085015355857,26.660612664881832],[127.97008065602189,26.66059185281183],[127.96948008909051,26.66102285335457],[127.9682402412595,26.66112041999124],[127.96800622010628,26.66137561519716],[127.96856573662613,26.661588296596808],[127.96881067842644,26.662077659820188],[127.96838625817283,26.663018828896185],[127.96835804688563,26.663473121354144],[127.9676662520168,26.663602314258497],[127.9665748740511,26.663303573984916],[127.9661330297469,26.66372719765146],[127.964602343185,26.66419787378441],[127.96387117023674,26.664966770243154],[127.96358782628899,26.665510035942283],[127.96355202637008,26.666266166857678],[127.96331649607454,26.66661923572579],[127.9625319060097,26.66712858515704],[127.9622504622244,26.667102909949215],[127.9608499196166,26.665877822726255],[127.95996527809626,26.665907245154976],[127.95888172223177,26.66571629065506],[127.95841195920389,26.66535053377887],[127.95881493407695,26.66429240549596],[127.9587063029998,26.663977047945206],[127.95888944232716,26.662097034989717],[127.95863939326473,26.659728302197653],[127.95908883449601,26.658254599339],[127.9597165892797,26.657873700456904],[127.96025264977276,26.656781922390127],[127.9602064744894,26.656343379617432],[127.96015766129288,26.656167383508823],[127.96044172090627,26.65459914812654],[127.9598905628229,26.65420904781216],[127.95958221733183,26.65295234413553],[127.96169142986012,26.651192837726857],[127.96182085675503,26.649612389699715],[127.9628810400648,26.648724952171364],[127.96261443317093,26.648201298488324],[127.96286058450026,26.647150063650805],[127.9625346479378,26.646302710749413],[127.96151093951059,26.645693840546553],[127.96103559890443,26.644619543337956],[127.96027773194405,26.64420507164961],[127.95998175312864,26.64321869240769],[127.96023429271388,26.642918392436545],[127.95955469847846,26.64137868364657],[127.95917173411765,26.64098867296171],[127.95905930457586,26.639260909118853],[127.96085372176276,26.639528064980485],[127.96119625882436,26.639443469823085],[127.96190256138628,26.639090437698677],[127.96251637510933,26.639027671656276],[127.96272270272647,26.639221072608795],[127.96355834553366,26.63996664399547],[127.96415907325802,26.640530540408488],[127.96506364695237,26.6402984931749],[127.9657441678873,26.639363257442533],[127.96615210726705,26.638571631450212],[127.96680050329428,26.6380597448396],[127.96791694702715,26.63811456550979],[127.9683474076039,26.6374818827707],[127.96920624572537,26.63679765422044],[127.96982214510562,26.63571162954921],[127.97069972392721,26.63640279202577],[127.97186270980025,26.637699400630392],[127.97213120553239,26.63892898717046],[127.97275658249777,26.63942048624089],[127.97296669547381,26.63998661657596],[127.97340559413051,26.64023861393726],[127.9741628488194,26.640309453559848],[127.97433664849746,26.641069203354412],[127.97464964552016,26.641388251331016],[127.97517673590303,26.641426562780556],[127.97553586218879,26.641665486164374],[127.97598671159957,26.642432854049254],[127.97625613471767,26.64247892424942],[127.97644944155655,26.646880651800462],[127.97623426651852,26.64689060533947],[127.97423778667364,26.64567690665231],[127.97416422214323,26.645067804320533],[127.97467156990321,26.64273874315134],[127.9738669023944,26.642323441908445],[127.97267049726527,26.643254632833386],[127.97232854711154,26.643913059290522],[127.97244143797538,26.644728371761136],[127.97182353985718,26.645207815121775],[127.97149066614617,26.645805072237703],[127.97068124196235,26.646159194750904],[127.97052493828122,26.646490789397344],[127.97053087974234,26.648272058744574],[127.97123382827397,26.648329686991236],[127.97121047753924,26.648827623988236],[127.97200132038112,26.650130025922127],[127.97127379311124,26.650176072676196],[127.9698887621965,26.65213150328514],[127.97038969409657,26.652641749755837],[127.97122407936925,26.652919526087036],[127.97099173086936,26.653742248955446],[127.97109428539594,26.65469678895476],[127.97150638686163,26.655598622440312],[127.97199626927299,26.65607934455474],[127.97267381073809,26.656207496826138],[127.97375427552315,26.656993928015165],[127.97421266443149,26.6578094214767],[127.97541848400556,26.658147353096368],[127.9758052249028,26.658760552775888],[127.97579525379284,26.659386564924123],[127.97644486872446,26.66027207055722],[127.97613781891486,26.66180401904809],[127.97668490343545,26.662459973254915],[127.97556746050981,26.662998641210127],[127.97488821297367,26.663114506229057],[127.9741857828752,26.663680901919374]]]},"properties":{"KEY_CODE":"473060120","PREF":"47","CITY":"306","CITY_NAME":"今帰仁村","S_NAME":"字呉我山","SETAI":"74"}},{"type":"Feature","geometry":{"type":"Polygon","coordinates":[[[127.99286150286422,26.650821891446082],[127.9926133274415,26.650805610909227],[127.99257922954064,26.650814754474943],[127.99254813570346,26.650829316365858],[127.99249712715869,26.650875468862175],[127.99246624399116,26.65093875810444],[127.99246148791582,26.651001111180516],[127.99248577808497,26.651047923298428],[127.99265309817756,26.65117730693677],[127.99267128160996,26.65119980961209],[127.99258822667315,26.65127597159453],[127.99243169186947,26.651319809004278],[127.99241570582508,26.65133431995912],[127.99201727069551,26.651416009817854],[127.99198708573425,26.65140440680318],[127.99191947473848,26.65133962413839],[127.9919072859126,26.651306240067235],[127.9918988916934,26.651224187547914],[127.99181732982926,26.65094282559714],[127.99178015991426,26.65094027267643],[127.99145850191091,26.65088990225868],[127.99136195595577,26.650857726882773],[127.99127316778346,26.65076777050602],[127.9915178169202,26.650665877352814],[127.99166515752191,26.65059224625298],[127.99187436534437,26.65041460064257],[127.99189603822785,26.65031615535971],[127.99192068810727,26.650207756988106],[127.99195857959957,26.650140846293436],[127.992093537802,26.64998870296658],[127.99218393605403,26.6495181141854],[127.99217469754647,26.649468502237283],[127.99216227657523,26.649390061021546],[127.99215911384486,26.649347621971483],[127.99219496579911,26.6492807182645],[127.99223709613631,26.649268866464304],[127.99227530889041,26.64927684551516],[127.99229551417675,26.64930385439254],[127.9923168752208,26.649362450749827],[127.99233200419435,26.64937685350371],[127.99235120409135,26.64940746328021],[127.99256894467065,26.649583638968203],[127.99261725634061,26.649604205621205],[127.99272856401313,26.649565037075305],[127.99275845125877,26.649507110510097],[127.99281421680607,26.64938957877831],[127.99285816245381,26.64933442444171],[127.99289722233634,26.649301782829202],[127.99295661189502,26.649334085281506],[127.99303317085537,26.64938163284942],[127.99305439136205,26.64941674861151],[127.99305761603533,26.649463700456426],[127.9930363923026,26.649666861420666],[127.99291014671303,26.64974578032286],[127.99289849710307,26.64983791625747],[127.99296125145716,26.64995144331702],[127.99301071536568,26.65000267836041],[127.9930650789661,26.650034082431066],[127.9931757234363,26.650068959320123],[127.99319890207205,26.65008509932613],[127.99326744688227,26.650139019723003],[127.99339097082373,26.650139510441157],[127.99342012513046,26.650139409880943],[127.99346301480847,26.650304412847962],[127.99342004727063,26.650359633413125],[127.99329248735513,26.650360073378767],[127.993176781796,26.650316258457224],[127.99305580646993,26.65021463688449],[127.993007584645,26.65021572200908],[127.99293042697334,26.65025752109191],[127.99279461672062,26.650449370016503],[127.99280300397521,26.650529660642558],[127.99280301150947,26.650531422430042],[127.99285650716303,26.65058906172665],[127.99294503576273,26.650618515756566],[127.99316320916022,26.65066557281444],[127.99318539427135,26.65068806162571],[127.99322278445281,26.650742089428263],[127.99326605524023,26.650758230634406],[127.99330436760117,26.65078877320821],[127.99331864813153,26.650843797398075],[127.9932719545783,26.650963059846674],[127.99321684255983,26.650994841347405],[127.9931133873733,26.650998864955767],[127.9929815444802,26.65093430428347],[127.99293208771459,26.650884831064907],[127.99286150286422,26.650821891446082]]]},"properties":{"KEY_CODE":"473060130","PREF":"47","CITY":"306","CITY_NAME":"今帰仁村","S_NAME":"字湧川","SETAI":"0"}},{"type":"Feature","geometry":{"type":"Polygon","coordinates":[[[127.9927058097114,26.666791369392296],[127.99116973210305,26.66720897183044],[127.99012310867138,26.668440041958075],[127.98971987738042,26.66854353407778],[127.98907213650635,26.66821806695051],[127.98858225248071,26.667302895951515],[127.98736498322094,26.66762008163312],[127.9871240917113,26.667125809096092],[127.98585435366613,26.66600984943062],[127.98520300050338,26.666330234856197],[127.98402895898279,26.667791157059742],[127.98411869895537,26.66830202499851],[127.98244587728844,26.669270944962516],[127.98242049089531,26.668803439077095],[127.98173953214443,26.66793373931477],[127.98014464314748,26.66696317523768],[127.97973318824256,26.66544091652149],[127.97940142167498,26.665402682391598],[127.97944563716631,26.66361699219668],[127.98004693650593,26.663056340866696],[127.98013116342847,26.662701430109696],[127.97950145234876,26.66091376525264],[127.97909798869065,26.660447593873815],[127.97811747470394,26.660225509793218],[127.97758535168303,26.66033828212037],[127.97644486872446,26.66027207055722],[127.97579525379284,26.659386564924123],[127.9758052249028,26.658760552775888],[127.97541848400556,26.658147353096368],[127.97421266443149,26.6578094214767],[127.97375427552315,26.656993928015165],[127.97267381073809,26.656207496826138],[127.97199626927299,26.65607934455474],[127.97150638686163,26.655598622440312],[127.97109428539594,26.65469678895476],[127.97099173086936,26.653742248955446],[127.97122407936925,26.652919526087036],[127.97038969409657,26.652641749755837],[127.9698887621965,26.65213150328514],[127.97127379311124,26.650176072676196],[127.97200132038112,26.650130025922127],[127.97121047753924,26.648827623988236],[127.97123382827397,26.648329686991236],[127.97053087974234,26.648272058744574],[127.97052493828122,26.646490789397344],[127.97068124196235,26.646159194750904],[127.97149066614617,26.645805072237703],[127.97182353985718,26.645207815121775],[127.97244143797538,26.644728371761136],[127.97232854711154,26.643913059290522],[127.97267049726527,26.643254632833386],[127.9738669023944,26.642323441908445],[127.97467156990321,26.64273874315134],[127.97416422214323,26.645067804320533],[127.97423778667364,26.64567690665231],[127.97623426651852,26.64689060533947],[127.97644944155655,26.646880651800462],[127.97625613471767,26.64247892424942],[127.97598671159957,26.642432854049254],[127.97553586218879,26.641665486164374],[127.97517673590303,26.641426562780556],[127.9756715259888,26.640844698645783],[127.975673740864,26.639584249735904],[127.97623570611839,26.639082201507925],[127.97643472940759,26.6379866056642],[127.97775114131625,26.637064858090785],[127.97801405612856,26.637284144113185],[127.9795993223613,26.63760761043501],[127.98046926651404,26.638560294356576],[127.98125372950219,26.639004117228463],[127.98159752416554,26.638220140395465],[127.98310973599222,26.638557564707277],[127.98423282914567,26.639419107462572],[127.9857303300085,26.639499728503573],[127.98566185678322,26.640206337617457],[127.98637133393704,26.640613643874946],[127.98641555509691,26.641414648419982],[127.98712581754987,26.642005505817398],[127.98720772124705,26.64286448833977],[127.98768710306051,26.64357840277175],[127.98792576872812,26.644485789060603],[127.9882632354352,26.645438674596534],[127.98859132895446,26.646548199708672],[127.9885381117583,26.646554726706604],[127.98824507041925,26.646615311918378],[127.987892900433,26.6467130522352],[127.98762797786661,26.64677085968614],[127.98758895909361,26.64681337546966],[127.9875378091786,26.646826169980663],[127.98741535145415,26.646854584347054],[127.98730597883726,26.646877522068092],[127.98722056928142,26.646870618893427],[127.98719548429493,26.646876979162485],[127.98705696542888,26.64690276713626],[127.98693039325889,26.64689508708375],[127.98680674888406,26.646874707203676],[127.98654174151984,26.646921654489162],[127.98638855196313,26.64703140587094],[127.98632432584957,26.6470514382309],[127.9862812594233,26.647083176148666],[127.98621814744506,26.647115901057322],[127.98599821076286,26.647132019413803],[127.98569302248661,26.647169159791208],[127.9856408856073,26.6471900697764],[127.98556471534486,26.647233693743065],[127.98548649761356,26.64726731538132],[127.98538620741418,26.64730467528491],[127.98533607936754,26.647327410440347],[127.98526190980714,26.647361931685186],[127.98523685913136,26.647376474674765],[127.98513875036674,26.64745627725171],[127.98502968792472,26.647554102006236],[127.98484535123872,26.64767566347883],[127.98473521335855,26.647760019614402],[127.98469119245509,26.647798038359017],[127.984608180209,26.647884983467623],[127.98442487243123,26.648009288995212],[127.98425333736752,26.648058596997856],[127.9841349234376,26.648087837371154],[127.98404335656136,26.64805387631354],[127.98394671309117,26.647997364616252],[127.98384609579003,26.647957086314985],[127.98381601476763,26.647969811517747],[127.98379692467745,26.64797438904272],[127.98376182515071,26.64798804679276],[127.98374881990162,26.648002545606214],[127.98373493830555,26.648041378022647],[127.9837340142585,26.648064863376973],[127.98371833069055,26.648151580866656],[127.98367928377951,26.64818781743636],[127.98366025104895,26.648195992234935],[127.98366050112904,26.648255577348795],[127.98358360594327,26.648361403272414],[127.98357168145753,26.648390354463924],[127.9835447749162,26.648449115570497],[127.98352780527004,26.64847265395202],[127.98343274757413,26.64856048867605],[127.9831908904485,26.64885105849269],[127.98306538781333,26.64886502085549],[127.9829751514396,26.64890502728665],[127.98293372666413,26.648851925227763],[127.98284148529996,26.648891019405866],[127.98262350003748,26.64913010206954],[127.98263071076664,26.649165267019857],[127.98261485946296,26.64922123951611],[127.98260718398537,26.649309765674385],[127.98265384848986,26.649415171803675],[127.98264283606555,26.649427902006806],[127.98253134402216,26.64942376436292],[127.9824510045047,26.64942854796945],[127.98254768242978,26.649493171091247],[127.982587903296,26.649502977482186],[127.9826913751203,26.649502628981537],[127.98275357822278,26.649487045570847],[127.98295026112814,26.64943589247256],[127.98311582622837,26.64939380082738],[127.9833206065317,26.649598880718916],[127.98324849404811,26.649656875354733],[127.98296438788556,26.650409759909127],[127.98253591398372,26.651002420730784],[127.98247868694082,26.651241808156648],[127.98248981410913,26.651266098033563],[127.98186974479027,26.651195129656827],[127.9816686992291,26.65113290719886],[127.98165466071121,26.651163345734016],[127.98237665719766,26.65135222822954],[127.9826573861306,26.651458750736158],[127.98234319491844,26.65199144026591],[127.98234746325814,26.652289290914993],[127.98210630028495,26.65251392619848],[127.98202206035079,26.6525440364677],[127.98192263895753,26.652556078152887],[127.9816380166704,26.652710481696346],[127.98170542595457,26.65273733354406],[127.98191791078732,26.65262646924848],[127.98195710337934,26.65262457547919],[127.98206444568525,26.652592622313357],[127.9820824741812,26.652578105558142],[127.98225095384382,26.652518867736894],[127.98245143945668,26.652418903932606],[127.98270375493269,26.65245775577366],[127.98274613804963,26.652506338087708],[127.98277235870208,26.6525270533617],[127.98296122507342,26.652529097102715],[127.9830614903794,26.652484543415316],[127.98327506626279,26.652399906024666],[127.98350375281737,26.65231606573074],[127.98365078203116,26.65216663681466],[127.98369861203413,26.652072616859517],[127.98373955153573,26.65201021077358],[127.98379072650717,26.652002776806825],[127.98392587938847,26.651894005710787],[127.98420088686888,26.651356932978953],[127.98430768993929,26.651197697796157],[127.98444757540476,26.65102029497695],[127.98451624056726,26.651103133000486],[127.98472546314616,26.65093635723138],[127.98478334798233,26.650844982686063],[127.9847851972226,26.650808871661084],[127.98477695773396,26.650752907850592],[127.98481092212948,26.650711328830287],[127.98491058004372,26.65076599484061],[127.98504008118415,26.65074122907431],[127.98504822736264,26.65076552878766],[127.98551455658666,26.651068160604662],[127.98549682322262,26.651143108740634],[127.98542193113624,26.65124899826989],[127.98538385137567,26.651272609520134],[127.98540794682019,26.651273443473336],[127.98543707461852,26.651266999310398],[127.98558731539674,26.65116360558821],[127.98561634426278,26.651142703460728],[127.9858491265221,26.65108239650636],[127.98591343464409,26.65108126242098],[127.98627513369924,26.65109900110171],[127.9866922895954,26.651166124692363],[127.98718655969404,26.651179815656654],[127.98731433099695,26.651228108668473],[127.98741641393836,26.65137309511279],[127.98779600811619,26.65158574808722],[127.98786446328559,26.651618871267026],[127.98796814340662,26.65167718757894],[127.98805195710604,26.651778937298293],[127.98815245700321,26.65179030115679],[127.98821383972988,26.651811741383106],[127.98849843200736,26.651883894327995],[127.98855061231318,26.651872855356327],[127.98859265403742,26.651839358334122],[127.98860566506274,26.651826690255838],[127.98867997811949,26.651825520691983],[127.98921163749309,26.651883288359794],[127.98924678734483,26.65188133576159],[127.98932001882858,26.651865711409716],[127.98947240587852,26.651787621363354],[127.98962283560981,26.65172928257978],[127.98974527365402,26.651704536100777],[127.98979047235306,26.65170346457446],[127.98986695913952,26.651742904621514],[127.9898820383587,26.65174560091342],[127.98997723940501,26.651691964049217],[127.99002840678551,26.65167289021861],[127.99005749999665,26.651668277443857],[127.99016602853463,26.651676015998483],[127.99031795115926,26.651728735303042],[127.99045091972903,26.65181762511892],[127.99049259456392,26.651929390037598],[127.99051384180716,26.651970853714626],[127.99052699531231,26.651990693209235],[127.99052515742022,26.65202948482312],[127.99047238149657,26.652139811919934],[127.99026057659124,26.652409490338393],[127.99018720188829,26.652640824239857],[127.99017862102389,26.6527446543252],[127.99014176728511,26.652816989845668],[127.99013180675156,26.652836908620284],[127.99012496329857,26.652879314858126],[127.99013764701814,26.65302911837232],[127.99012833943354,26.65344251838882],[127.99011184136297,26.653576205307154],[127.99002130245117,26.653785878893228],[127.98997631795758,26.653837511458285],[127.98975823909288,26.654044024563323],[127.98965435085206,26.65418703594882],[127.98962246181519,26.65424489798555],[127.98957667272295,26.65434793911459],[127.98957890554449,26.654393061841517],[127.98956806452325,26.65444549032357],[127.98955918326854,26.65447979273008],[127.98954141992952,26.654556575221683],[127.989684333059,26.65462110041491],[127.98944785344496,26.65499557708287],[127.98938235197375,26.654947073620516],[127.98929459764148,26.65486071080155],[127.98926036198559,26.65484728890962],[127.98919919787853,26.654868231183745],[127.98915808661755,26.65488917200097],[127.98906681310663,26.654926434915996],[127.98902572067242,26.65494286589974],[127.98895162163888,26.655004469684936],[127.9887585985526,26.655198271787558],[127.98871465076283,26.655263439171616],[127.98870907277526,26.655363661814977],[127.98871431350432,26.655415049121117],[127.98932825503239,26.656170292014373],[127.98915249917586,26.656410931030216],[127.98962903018146,26.656031122539435],[127.98981763119278,26.656910518063132],[127.99008988421964,26.657150607490323],[127.99014042278147,26.657223558259584],[127.99014956622668,26.657251451288673],[127.99018009847829,26.65734435844555],[127.99025611946995,26.6575038155638],[127.99035328743518,26.657671383213568],[127.99042996686637,26.65775510249836],[127.99047434512323,26.657791054391225],[127.99051762928286,26.657809804085595],[127.99063505823217,26.65778683561263],[127.99056928710397,26.658384616419973],[127.99053031920627,26.658430797298152],[127.99055463008477,26.65848127277314],[127.99090641162081,26.658993634150765],[127.99100858697922,26.65916653990737],[127.99108663253422,26.65932154914322],[127.99114551183443,26.65947295519904],[127.99117716832168,26.65958933893492],[127.99120102604007,26.6597643494714],[127.99122645214683,26.65983738610905],[127.99124068448616,26.65988063513948],[127.99124498103625,26.659940206466818],[127.9912363544569,26.660043119138578],[127.99124256751588,26.66008279943226],[127.99127418948194,26.660200945041915],[127.99127366316992,26.660307425061617],[127.9912677081247,26.660328248901138],[127.99122988031068,26.660411375390773],[127.99111205349145,26.660571571289076],[127.99100591592882,26.6606567682877],[127.9909377021328,26.66068231592436],[127.99088459372881,26.66071585484212],[127.99109152851071,26.66070886511627],[127.99112168874599,26.660714120602456],[127.99112885301682,26.660747521692823],[127.99106971727447,26.66101491059489],[127.99105215391569,26.661138584621344],[127.99103460754493,26.66125690266909],[127.99101072735871,26.661316569799187],[127.99094602174165,26.66145578065047],[127.99091604584585,26.661493820286918],[127.99085487467455,26.66151384453746],[127.9908368458789,26.66152836452638],[127.9908328418366,26.661537404353314],[127.99082704249305,26.661585302520674],[127.9908272038621,26.661623171315817],[127.99083341125039,26.661671028203287],[127.99089488261707,26.66195147091299],[127.99089997108901,26.661966827026124],[127.99094256137015,26.66205242813533],[127.99096073523236,26.662081276130053],[127.99139702807938,26.662383912790645],[127.99181046767787,26.66250793469578],[127.99220456366449,26.662577022928506],[127.99253613409178,26.662588501624715],[127.99256731361152,26.662593823768006],[127.99280358668757,26.662876411866925],[127.99285202565164,26.662925887853977],[127.99301506556914,26.662995698638003],[127.99301717666006,26.663021923275526],[127.99302344044204,26.66307330996315],[127.99310137952934,26.663211179258408],[127.99319665102728,26.663411188075006],[127.9932912342433,26.663678961691502],[127.993306820875,26.663799842636195],[127.9932998761902,26.663817918714535],[127.99327492700372,26.663856787595698],[127.99327395072422,26.66386765152391],[127.9932993788345,26.66394068865796],[127.99329578022443,26.66403455778924],[127.99329619728152,26.66413200825099],[127.99324672786489,26.664310021472257],[127.99318618940947,26.66448807072163],[127.99306403237846,26.664810682223195],[127.99303820740964,26.664882979739232],[127.99293453650432,26.665069287212706],[127.99283154335126,26.665184300680338],[127.99271495620732,26.665405841150882],[127.99266958223672,26.665605416812085],[127.99257698249747,26.666031794725324],[127.99253703259012,26.666325278817414],[127.99257408100603,26.666528236773683],[127.99260047800328,26.66659851943493],[127.9926643705254,26.666736440639202],[127.9927058097114,26.666791369392296]]]},"properties":{"KEY_CODE":"473060130","PREF":"47","CITY":"306","CITY_NAME":"今帰仁村","S_NAME":"字湧川","SETAI":"273"}},{"type":"Feature","geometry":{"type":"Polygon","coordinates":[[[127.98590242249779,26.67346610891021],[127.98570101783066,26.67325404772785],[127.98529151480658,26.673746161744162],[127.98463216217205,26.675423366788557],[127.98318567689039,26.675891987908134],[127.98245614414934,26.67637791123171],[127.9819375653502,26.676226575146945],[127.98146832783912,26.675700634134866],[127.9809947866188,26.67656978650498],[127.98088499390002,26.67802461217059],[127.97997402528419,26.678018374108373],[127.97916897995056,26.678350953181628],[127.97936110470668,26.67918337535437],[127.98236933893274,26.681831726675934],[127.98283258920183,26.68247621895145],[127.98290926154593,26.68300574079998],[127.9825665904937,26.68374103413552],[127.98084718705788,26.68448957215944],[127.98056987148733,26.684184963610054],[127.98048172952902,26.683443865277198],[127.9800006433497,26.682547685650594],[127.979291215219,26.682370327956924],[127.97877280228334,26.68111083655781],[127.97818742452635,26.68011190988214],[127.9769408102154,26.679494846501076],[127.97743210105808,26.676881029419793],[127.97745138254741,26.67603033480745],[127.97719756436406,26.675306848461474],[127.97733158831068,26.674803695202968],[127.97701756984779,26.67409966246937],[127.97696812141118,26.6734261185413],[127.97653875508682,26.672966736191402],[127.97594451214117,26.672762816556816],[127.97509037927446,26.673205399969838],[127.97456396528763,26.672869454903548],[127.97489139686708,26.672508100871497],[127.97452429733701,26.672022694278024],[127.97384796825736,26.672413202430647],[127.9733288670928,26.67213589756441],[127.97343229908002,26.671155529728505],[127.97439314007265,26.67008507798148],[127.97435530577584,26.669475023555187],[127.97323195762138,26.668595046206633],[127.97294728967891,26.668062393866606],[127.97288240572986,26.666596427936156],[127.97347386967836,26.665512674139087],[127.97445008493457,26.664624451243267],[127.97448318602139,26.66408538360326],[127.9741857828752,26.663680901919374],[127.97488821297367,26.663114506229057],[127.97556746050981,26.662998641210127],[127.97668490343545,26.662459973254915],[127.97613781891486,26.66180401904809],[127.97644486872446,26.66027207055722],[127.97758535168303,26.66033828212037],[127.97811747470394,26.660225509793218],[127.97909798869065,26.660447593873815],[127.97950145234876,26.66091376525264],[127.98013116342847,26.662701430109696],[127.98004693650593,26.663056340866696],[127.97944563716631,26.66361699219668],[127.97940142167498,26.665402682391598],[127.97973318824256,26.66544091652149],[127.98014464314748,26.66696317523768],[127.98173953214443,26.66793373931477],[127.98242049089531,26.668803439077095],[127.98244587728844,26.669270944962516],[127.98411869895537,26.66830202499851],[127.98402895898279,26.667791157059742],[127.98520300050338,26.666330234856197],[127.98585435366613,26.66600984943062],[127.9871240917113,26.667125809096092],[127.98736498322094,26.66762008163312],[127.98858225248071,26.667302895951515],[127.98907213650635,26.66821806695051],[127.98971987738042,26.66854353407778],[127.99012310867138,26.668440041958075],[127.99116973210305,26.66720897183044],[127.9927058097114,26.666791369392296],[127.99282887234283,26.66690912910178],[127.99306273673595,26.667094273875353],[127.99332872268818,26.667275707575843],[127.99358542284418,26.667395754635617],[127.99369407076331,26.667427886603893],[127.99393347097453,26.667493836670634],[127.9940842247161,26.667506853809922],[127.99413752672783,26.6675183737734],[127.99417883606036,26.667551656342557],[127.99424522532429,26.667805071992532],[127.99425397099348,26.667968425863943],[127.99418351705577,26.66816724257055],[127.99390112520126,26.668618606283925],[127.993875340101,26.66870084542077],[127.9938350747559,26.66891126420367],[127.99340061779161,26.669512082735622],[127.99309994448829,26.669920209233712],[127.99295983275488,26.670047057860856],[127.99285996900058,26.670188223075556],[127.99278372365487,26.670447490142106],[127.99279604774007,26.670511548700915],[127.99289503977698,26.670634890232154],[127.99296989372425,26.670757398278653],[127.99292209789532,26.67085953019002],[127.99288911515596,26.671130424316996],[127.99296692764287,26.67123846751895],[127.99302355688995,26.67132042257237],[127.99307515315381,26.671409587594095],[127.99314719420283,26.671570891059776],[127.99317964632593,26.67164390251071],[127.9932631179435,26.67166075032243],[127.99335851584767,26.671649629333885],[127.99341373793246,26.671641258528588],[127.99356056198627,26.671670579847788],[127.99367535556966,26.671734280265813],[127.99372854352508,26.67171872488254],[127.99380596697574,26.671734674397943],[127.99381614907102,26.67176623016346],[127.99378125609458,26.67182953296814],[127.99353746517797,26.671913445151876],[127.99344206343793,26.671923717885893],[127.99342301020562,26.671928296791673],[127.9933980671425,26.671969000080914],[127.99340626695808,26.67200507573447],[127.99342145695765,26.672033016807397],[127.99345890023807,26.672097834409822],[127.99347217388437,26.67214566641723],[127.99346020527446,26.672173632016975],[127.99343720331875,26.672190917401743],[127.99340607911745,26.672199135459113],[127.99328459523859,26.672223036205825],[127.99323441918932,26.672236748708414],[127.99308900698028,26.672299517835228],[127.99257556213728,26.672531454783222],[127.99209959301575,26.67232119793901],[127.99119237426846,26.672254513534103],[127.99092754678551,26.672605607109634],[127.98986262188937,26.672359852323385],[127.98942853859073,26.672511259173522],[127.98788803103554,26.67180066106899],[127.98732684402735,26.671854266086587],[127.98646399372423,26.672414144743634],[127.98653805942993,26.672899816597823],[127.98590242249779,26.67346610891021]]]},"properties":{"KEY_CODE":"473060140","PREF":"47","CITY":"306","CITY_NAME":"今帰仁村","S_NAME":"字天底","SETAI":"332"}},{"type":"Feature","geometry":{"type":"Polygon","coordinates":[[[127.98827953293879,26.682776551418083],[127.9865995559908,26.682940387112392],[127.98470453986569,26.682874489616758],[127.9825665904937,26.68374103413552],[127.98290926154593,26.68300574079998],[127.98283258920183,26.68247621895145],[127.98236933893274,26.681831726675934],[127.97936110470668,26.67918337535437],[127.97916897995056,26.678350953181628],[127.97997402528419,26.678018374108373],[127.98088499390002,26.67802461217059],[127.9809947866188,26.67656978650498],[127.98146832783912,26.675700634134866],[127.9819375653502,26.676226575146945],[127.98245614414934,26.67637791123171],[127.98318567689039,26.675891987908134],[127.98463216217205,26.675423366788557],[127.98529151480658,26.673746161744162],[127.98570101783066,26.67325404772785],[127.98590242249779,26.67346610891021],[127.98653587074612,26.674092596918914],[127.98974763412633,26.675787450588135],[127.99020716010378,26.676189079941196],[127.99054842785586,26.676884389062113],[127.9913767894337,26.678026500255434],[127.99181495308922,26.67930463513272],[127.9912086973382,26.680477000358245],[127.99135484528516,26.681172906707204],[127.99112341909984,26.681528680608174],[127.98936983659574,26.681812888491624],[127.98895171657239,26.68199843810422],[127.98827953293879,26.682776551418083]]]},"properties":{"KEY_CODE":"473060150","PREF":"47","CITY":"306","CITY_NAME":"今帰仁村","S_NAME":"字勢理客","SETAI":"112"}},{"type":"Feature","geometry":{"type":"Polygon","coordinates":[[[127.99213733391478,26.691607422948636],[127.99106721166733,26.691779146495787],[127.98830970334909,26.69245560979311],[127.98746272902137,26.693435140886727],[127.98714949136992,26.69302820833265],[127.98533253143844,26.693232962015788],[127.98326865155953,26.693753512924477],[127.98051961067698,26.694866053786956],[127.98001746928718,26.693470554925398],[127.98016635529534,26.69322487323467],[127.97920535194574,26.690175572800868],[127.97917679781327,26.68904770944592],[127.97960729567967,26.68801526370247],[127.97948177672357,26.68677137648723],[127.97928874191959,26.686270944830202],[127.97864015113859,26.685758079935184],[127.97851951022547,26.685194010785334],[127.98020549101332,26.68488661660765],[127.98084718705788,26.68448957215944],[127.9825665904937,26.68374103413552],[127.98470453986569,26.682874489616758],[127.9865995559908,26.682940387112392],[127.98827953293879,26.682776551418083],[127.98899513529257,26.683443433032473],[127.99018735446971,26.685021210827834],[127.98996771505351,26.686416336084445],[127.98933039906082,26.687792869359797],[127.98958131471103,26.688471355250027],[127.98940382819447,26.6888798977221],[127.98999871487155,26.689733210098158],[127.99160676874772,26.689699897143164],[127.99148738757634,26.690468576313343],[127.99206702565253,26.691229771791733],[127.99213733391478,26.691607422948636]]]},"properties":{"KEY_CODE":"473060160","PREF":"47","CITY":"306","CITY_NAME":"今帰仁村","S_NAME":"字渡喜仁","SETAI":"117"}},{"type":"Feature","geometry":{"type":"Polygon","coordinates":[[[128.00848190274058,26.706788141819175],[128.00846282363273,26.706797235712138],[128.00844582652758,26.706815348262243],[128.00841507164392,26.706900288468436],[128.00835243682405,26.707055786464572],[128.00834265455845,26.707116255735297],[128.00834832338498,26.7072615681662],[128.00833945413729,26.70730672999218],[128.0083312429175,26.70749087780705],[128.00833841569812,26.707524275842434],[128.00834544157368,26.707576574916867],[128.0054293075725,26.706479170679465],[128.0031104434106,26.705377849137896],[128.0009420665842,26.7045297489522],[127.99820269686198,26.703694751020087],[127.99800315363575,26.69256826741888],[127.99981709105138,26.691879661859993],[128.0003185888441,26.69166398709906],[128.00030846167564,26.69164597047597],[127.99982284513865,26.691816459312594],[127.99960684455219,26.69136500984944],[127.99977250802506,26.691794972819622],[127.99919061178115,26.692009121328496],[127.99905165702577,26.691712649954404],[127.99799485651158,26.69210558897193],[127.99767941234884,26.69203967053005],[127.99736595460838,26.691357491618426],[127.99798246949184,26.691101400332577],[127.99858288863022,26.69080880458565],[127.99915318929797,26.690565083981436],[127.99941955812172,26.691046143394036],[127.99912919599771,26.690377324776225],[127.99944814031782,26.690220159335524],[127.99980288291614,26.68999869526465],[128.0001236304733,26.689813452478273],[128.00044634062758,26.689620025388116],[128.00082829070058,26.689410166304043],[128.00104797883756,26.689328160080585],[128.00126572849996,26.689260618316784],[128.00133397850323,26.689240561169914],[128.00142240607826,26.689238417988367],[128.001473824,26.689274341508227],[128.00166896851974,26.68932421536623],[128.00175934838416,26.689311273927185],[128.00178843096637,26.6893021455318],[128.00233927328247,26.68888500660004],[128.00248948027357,26.688766222683565],[128.00266385838967,26.688654543825375],[128.00272404921876,26.688631766414066],[128.00288690043095,26.688648398163384],[128.002971303465,26.68865169791037],[128.00310480280243,26.688616884400066],[128.00325723991452,26.688550485312312],[128.00332751032138,26.68853486361568],[128.00346028224857,26.6885578790352],[128.00355276194986,26.6885674941832],[128.0037943503638,26.688441192159853],[128.00384738028598,26.68838776379966],[128.00394548296757,26.688300753541],[128.00397054813612,26.688288041407606],[128.00406290228787,26.688269662732985],[128.00412927653053,26.688278454162287],[128.00429647697888,26.688374402068675],[128.00435395059588,26.688412135517744],[128.00446979879086,26.6884785047542],[128.0045241049616,26.688491851765356],[128.00477273204305,26.688360093256826],[128.00500559100388,26.688301515686067],[128.00504966994913,26.68827519683578],[128.00512376892837,26.688210835948027],[128.00520258919775,26.688086871841602],[128.0052789871911,26.68786729367093],[128.00529798774,26.687841063599635],[128.0055790225314,26.687768704468084],[128.0056111073158,26.687754205301953],[128.00568040168116,26.687749446453864],[128.00579091170258,26.687744541341146],[128.0058497744216,26.68764321285196],[128.0058848752305,26.687627714579275],[128.00594929460541,26.687656398839266],[128.00598141289674,26.687649937246846],[128.0059933158695,26.687607515646516],[128.00597085553377,26.687534469700317],[128.00597668372438,26.68748480535526],[128.00607674325673,26.687388760264394],[128.0060916245359,26.687345409153362],[128.0061600480021,26.68714299539936],[128.006292842579,26.686948465531874],[128.0063967396659,26.686805446104295],[128.00647972964265,26.68671940457591],[128.00663195638637,26.686597013066788],[128.00678720897076,26.686484552202778],[128.00682423990753,26.686452829661928],[128.00699508384108,26.686235598951725],[128.00710703381077,26.68609438267522],[128.00735011511736,26.685854329629443],[128.00752648500077,26.685741792816376],[128.00757564639582,26.685728995521618],[128.00771817682897,26.68568695438324],[128.00774617162224,26.685662455257038],[128.00784622180365,26.68556464773866],[128.00792047351325,26.685535470788647],[128.0079688074418,26.685557017279358],[128.00805421122325,26.685555797311615],[128.00810012903602,26.68549245190039],[128.00814827409638,26.685470630967963],[128.00820940915236,26.68543156127009],[128.00821938959174,26.685416221654773],[128.00814756104532,26.685309012351233],[128.00811888699792,26.685189098556506],[128.00812553847265,26.685104244889708],[128.0080647925632,26.684768668440682],[128.00806063204237,26.68473349500925],[128.008082339524,26.684644990292608],[128.00828814600678,26.68460448594623],[128.00835840162225,26.684586183491824],[128.00836831818745,26.68455639175356],[128.00837119693577,26.68452387501487],[128.00834265664494,26.684433717150537],[128.00833133682812,26.684376921045306],[128.00833391927975,26.68427670952711],[128.00831050822282,26.68421093056989],[128.0082823383504,26.684204685734546],[128.00824627793915,26.68422469853259],[128.008203141711,26.684241988652197],[128.00811657657349,26.684211621951984],[128.00810237623764,26.684177333794114],[128.00809381813121,26.684061859047663],[128.00810544559542,26.68396612826936],[128.0081343139186,26.683899247331315],[128.00821242018748,26.683836702743246],[128.00823027888472,26.683792355433305],[128.00823609487858,26.683740013407146],[128.00825901983802,26.6836966341446],[128.00830255270566,26.683546634901806],[128.00816991525585,26.683312432657047],[128.00809409897647,26.683208904280892],[128.00787735129177,26.683046292516803],[128.0074247326479,26.68294142494011],[128.00717326417512,26.682879984177912],[128.0070786520401,26.682848729842025],[128.00690245514352,26.682767276536076],[128.00678247822745,26.682671098102205],[128.00648384636094,26.682398699567557],[128.00633299700468,26.682136566655863],[128.0062520839047,26.682015918988245],[128.00599349468575,26.68170903834984],[128.0057423889084,26.68149690226155],[128.0055847042107,26.681510084874503],[128.00545026352142,26.68156111999889],[128.00500665079474,26.6816728359629],[128.004812147255,26.681309737927638],[128.0042673180416,26.681485907335905],[128.00384419162827,26.681230162929737],[128.00364138735074,26.68104133395857],[128.0030349836496,26.680455870554393],[128.00165491328383,26.680104206473892],[128.00162559001632,26.68006728901252],[128.0015201529285,26.67984744006955],[128.00140045825248,26.679588788240608],[128.00126653315758,26.679289636606747],[128.00119884581795,26.679203212102145],[128.0010969675591,26.679115072109912],[128.0005611194606,26.678810989523335],[128.00030974651452,26.678542924281547],[128.00017688561218,26.678487402123157],[128.0001115031554,26.678470495064484],[128.00001465304865,26.678374227294924],[127.99995581225795,26.677784150115208],[127.99925778463273,26.677847097030654],[127.99805608427684,26.67801016040654],[127.9979352540449,26.677665784494984],[127.99768418232956,26.67773547141774],[127.99740656228664,26.676903916850353],[127.99702721358356,26.67699828084453],[127.99659878704466,26.67621861504596],[127.99638392895719,26.67693073953103],[127.99640400793798,26.67708379915809],[127.99640437538676,26.677169086457432],[127.99631351873916,26.677295010183457],[127.99600669118244,26.677720255785815],[127.99604935951446,26.67754957760023],[127.99607500375362,26.677443924391472],[127.99607989136953,26.677412316415523],[127.99610242496773,26.67727684813911],[127.9960801291383,26.67722996342882],[127.99604364554455,26.67716147978272],[127.99606680483501,26.677171340821843],[127.99624695451867,26.677235728333223],[127.99633127521713,26.677220980312743],[127.99636834249091,26.67719828632374],[127.99637934454313,26.677182876739018],[127.99638904970335,26.677103441328903],[127.99626201781349,26.676541520635826],[127.9962189647703,26.676341336788543],[127.9962174281842,26.676212227010325],[127.99616965383481,26.676091461206763],[127.99602764581644,26.67577879325964],[127.99600615126718,26.675681347161728],[127.99599985415836,26.67562270009312],[127.99599642818283,26.67552885465905],[127.99600426001828,26.675479184449124],[127.9960520027333,26.675364358961275],[127.99612546250816,26.67516193746331],[127.996167186917,26.675044454380057],[127.99618178714577,26.67493517273571],[127.99616429838602,26.674847724826765],[127.99611571212297,26.674756717171295],[127.99604913538549,26.674698279754725],[127.99595234359141,26.674623727680995],[127.99596623932712,26.674578549380897],[127.99598912978816,26.67452607889874],[127.99599476475872,26.67444031233668],[127.99599556450174,26.67438890148068],[127.99597087188758,26.674259875484935],[127.99591934573371,26.674187846666424],[127.99576606114276,26.674053905168062],[127.99568724843807,26.673952212408697],[127.99562514602727,26.673766479652567],[127.99544007249008,26.67348639994831],[127.99540479191668,26.67345944448891],[127.99523071006602,26.67338967329407],[127.99503951641347,26.67331989405818],[127.99496708105104,26.673304841331916],[127.9948019348069,26.673213321985216],[127.99464370115031,26.673096532773407],[127.9944935873916,26.673005877629848],[127.99435154817787,26.672912512541565],[127.99423082714863,26.672875911251364],[127.99421158243103,26.67284530252444],[127.99421155915347,26.67283987400299],[127.99422737739518,26.67277571828235],[127.99415638012407,26.672619843727652],[127.99394179603236,26.67248611358875],[127.99383917015807,26.672449448192893],[127.9937908656507,26.672433395709444],[127.99364101046407,26.672393297348613],[127.99360565335584,26.672348289682674],[127.99356023014771,26.67229880383368],[127.9935299620302,26.672269082639225],[127.99345551818215,26.672252203766895],[127.99323861264625,26.6722719226216],[127.99320045564065,26.672278329340628],[127.99308900698028,26.672299517835228],[127.99323441918932,26.672236748708414],[127.99328459523859,26.672223036205825],[127.99340607911745,26.672199135459113],[127.99343720331875,26.672190917401743],[127.99346020527446,26.672173632016975],[127.99347217388437,26.67214566641723],[127.99345890023807,26.672097834409822],[127.99342145695765,26.672033016807397],[127.99340626695808,26.67200507573447],[127.9933980671425,26.671969000080914],[127.99342301020562,26.671928296791673],[127.99344206343793,26.671923717885893],[127.99353746517797,26.671913445151876],[127.99378125609458,26.67182953296814],[127.99381614907102,26.67176623016346],[127.99380596697574,26.671734674397943],[127.99372854352508,26.67171872488254],[127.99367535556966,26.671734280265813],[127.99356056198627,26.671670579847788],[127.99341373793246,26.671641258528588],[127.99335851584767,26.671649629333885],[127.9932631179435,26.67166075032243],[127.99317964632593,26.67164390251071],[127.99314719420283,26.671570891059776],[127.99307515315381,26.671409587594095],[127.99302355688995,26.67132042257237],[127.99296692764287,26.67123846751895],[127.99288911515596,26.671130424316996],[127.99292209789532,26.67085953019002],[127.99296989372425,26.670757398278653],[127.99289503977698,26.670634890232154],[127.99279604774007,26.670511548700915],[127.99278372365487,26.670447490142106],[127.99285996900058,26.670188223075556],[127.99295983275488,26.670047057860856],[127.99309994448829,26.669920209233712],[127.99340061779161,26.669512082735622],[127.9938350747559,26.66891126420367],[127.993875340101,26.66870084542077],[127.99390112520126,26.668618606283925],[127.99418351705577,26.66816724257055],[127.99425397099348,26.667968425863943],[127.99424522532429,26.667805071992532],[127.99417883606036,26.667551656342557],[127.99413752672783,26.6675183737734],[127.9940842247161,26.667506853809922],[127.99393347097453,26.667493836670634],[127.99369407076331,26.667427886603893],[127.99358542284418,26.667395754635617],[127.99332872268818,26.667275707575843],[127.99306273673595,26.667094273875353],[127.99282887234283,26.66690912910178],[127.9927058097114,26.666791369392296],[127.9926643705254,26.666736440639202],[127.99260047800328,26.66659851943493],[127.99257408100603,26.666528236773683],[127.99253703259012,26.666325278817414],[127.99257698249747,26.666031794725324],[127.99266958223672,26.665605416812085],[127.99271495620732,26.665405841150882],[127.99283154335126,26.665184300680338],[127.99293453650432,26.665069287212706],[127.99303820740964,26.664882979739232],[127.99306403237846,26.664810682223195],[127.99318618940947,26.66448807072163],[127.99324672786489,26.664310021472257],[127.99329619728152,26.66413200825099],[127.99329578022443,26.66403455778924],[127.9932993788345,26.66394068865796],[127.99327395072422,26.66386765152391],[127.99327492700372,26.663856787595698],[127.9932998761902,26.663817918714535],[127.993306820875,26.663799842636195],[127.9932912342433,26.663678961691502],[127.99319665102728,26.663411188075006],[127.99310137952934,26.663211179258408],[127.99302344044204,26.66307330996315],[127.99301717666006,26.663021923275526],[127.99301506556914,26.662995698638003],[127.99285202565164,26.662925887853977],[127.99280358668757,26.662876411866925],[127.99256731361152,26.662593823768006],[127.99253613409178,26.662588501624715],[127.99220456366449,26.662577022928506],[127.99181046767787,26.66250793469578],[127.99139702807938,26.662383912790645],[127.99096073523236,26.662081276130053],[127.99094256137015,26.66205242813533],[127.99089997108901,26.661966827026124],[127.99089488261707,26.66195147091299],[127.99083341125039,26.661671028203287],[127.9908272038621,26.661623171315817],[127.99082704249305,26.661585302520674],[127.9908328418366,26.661537404353314],[127.9908368458789,26.66152836452638],[127.99085487467455,26.66151384453746],[127.99091604584585,26.661493820286918],[127.99094602174165,26.66145578065047],[127.99101072735871,26.661316569799187],[127.99103460754493,26.66125690266909],[127.99105215391569,26.661138584621344],[127.99106971727447,26.66101491059489],[127.99112885301682,26.660747521692823],[127.99112168874599,26.660714120602456],[127.99109152851071,26.66070886511627],[127.99088459372881,26.66071585484212],[127.9909377021328,26.66068231592436],[127.99100591592882,26.6606567682877],[127.99111205349145,26.660571571289076],[127.99122988031068,26.660411375390773],[127.9912677081247,26.660328248901138],[127.99127366316992,26.660307425061617],[127.99127418948194,26.660200945041915],[127.99124256751588,26.66008279943226],[127.9912363544569,26.660043119138578],[127.99124498103625,26.659940206466818],[127.99124068448616,26.65988063513948],[127.99122645214683,26.65983738610905],[127.99120102604007,26.6597643494714],[127.99117716832168,26.65958933893492],[127.99114551183443,26.65947295519904],[127.99108663253422,26.65932154914322],[127.99100858697922,26.65916653990737],[127.99090641162081,26.658993634150765],[127.99055463008477,26.65848127277314],[127.99053031920627,26.658430797298152],[127.99056928710397,26.658384616419973],[127.99063505823217,26.65778683561263],[127.99051762928286,26.657809804085595],[127.99047434512323,26.657791054391225],[127.99042996686637,26.65775510249836],[127.99035328743518,26.657671383213568],[127.99025611946995,26.6575038155638],[127.99018009847829,26.65734435844555],[127.99014956622668,26.657251451288673],[127.99014042278147,26.657223558259584],[127.99008988421964,26.657150607490323],[127.98981763119278,26.656910518063132],[127.98962903018146,26.656031122539435],[127.98915249917586,26.656410931030216],[127.98932825503239,26.656170292014373],[127.98871431350432,26.655415049121117],[127.98870907277526,26.655363661814977],[127.98871465076283,26.655263439171616],[127.9887585985526,26.655198271787558],[127.98895162163888,26.655004469684936],[127.98902572067242,26.65494286589974],[127.98906681310663,26.654926434915996],[127.98915808661755,26.65488917200097],[127.98919919787853,26.654868231183745],[127.98926036198559,26.65484728890962],[127.98929459764148,26.65486071080155],[127.98938235197375,26.654947073620516],[127.98944785344496,26.65499557708287],[127.989684333059,26.65462110041491],[127.98954141992952,26.654556575221683],[127.98955918326854,26.65447979273008],[127.98956806452325,26.65444549032357],[127.98957890554449,26.654393061841517],[127.98957667272295,26.65434793911459],[127.98962246181519,26.65424489798555],[127.98965435085206,26.65418703594882],[127.98975823909288,26.654044024563323],[127.98997631795758,26.653837511458285],[127.99002130245117,26.653785878893228],[127.99011184136297,26.653576205307154],[127.99012833943354,26.65344251838882],[127.99013764701814,26.65302911837232],[127.99012496329857,26.652879314858126],[127.99013180675156,26.652836908620284],[127.99014176728511,26.652816989845668],[127.99017862102389,26.6527446543252],[127.99018720188829,26.652640824239857],[127.99026057659124,26.652409490338393],[127.99047238149657,26.652139811919934],[127.99052515742022,26.65202948482312],[127.99052699531231,26.651990693209235],[127.99051384180716,26.651970853714626],[127.99049259456392,26.651929390037598],[127.99045091972903,26.65181762511892],[127.99031795115926,26.651728735303042],[127.99016602853463,26.651676015998483],[127.99005749999665,26.651668277443857],[127.99002840678551,26.65167289021861],[127.98997723940501,26.651691964049217],[127.9898820383587,26.65174560091342],[127.98986695913952,26.651742904621514],[127.98979047235306,26.65170346457446],[127.98974527365402,26.651704536100777],[127.98962283560981,26.65172928257978],[127.98947240587852,26.651787621363354],[127.98932001882858,26.651865711409716],[127.98924678734483,26.65188133576159],[127.98921163749309,26.651883288359794],[127.98867997811949,26.651825520691983],[127.98860566506274,26.651826690255838],[127.98859265403742,26.651839358334122],[127.98855061231318,26.651872855356327],[127.98849843200736,26.651883894327995],[127.98821383972988,26.651811741383106],[127.98815245700321,26.65179030115679],[127.98805195710604,26.651778937298293],[127.98796814340662,26.65167718757894],[127.98786446328559,26.651618871267026],[127.98779600811619,26.65158574808722],[127.98741641393836,26.65137309511279],[127.98731433099695,26.651228108668473],[127.98718655969404,26.651179815656654],[127.9866922895954,26.651166124692363],[127.98627513369924,26.65109900110171],[127.98591343464409,26.65108126242098],[127.9858491265221,26.65108239650636],[127.98561634426278,26.651142703460728],[127.98558731539674,26.65116360558821],[127.98543707461852,26.651266999310398],[127.98540794682019,26.651273443473336],[127.98538385137567,26.651272609520134],[127.98542193113624,26.65124899826989],[127.98549682322262,26.651143108740634],[127.98551455658666,26.651068160604662],[127.98504822736264,26.65076552878766],[127.98504008118415,26.65074122907431],[127.98491058004372,26.65076599484061],[127.98481092212948,26.650711328830287],[127.98477695773396,26.650752907850592],[127.9847851972226,26.650808871661084],[127.98478334798233,26.650844982686063],[127.98472546314616,26.65093635723138],[127.98451624056726,26.651103133000486],[127.98444757540476,26.65102029497695],[127.98430768993929,26.651197697796157],[127.98420088686888,26.651356932978953],[127.98392587938847,26.651894005710787],[127.98379072650717,26.652002776806825],[127.98373955153573,26.65201021077358],[127.98369861203413,26.652072616859517],[127.98365078203116,26.65216663681466],[127.98350375281737,26.65231606573074],[127.98327506626279,26.652399906024666],[127.9830614903794,26.652484543415316],[127.98296122507342,26.652529097102715],[127.98277235870208,26.6525270533617],[127.98274613804963,26.652506338087708],[127.98270375493269,26.65245775577366],[127.98245143945668,26.652418903932606],[127.98225095384382,26.652518867736894],[127.9820824741812,26.652578105558142],[127.98206444568525,26.652592622313357],[127.98195710337934,26.65262457547919],[127.98191791078732,26.65262646924848],[127.98170542595457,26.65273733354406],[127.9816380166704,26.652710481696346],[127.98192263895753,26.652556078152887],[127.98202206035079,26.6525440364677],[127.98210630028495,26.65251392619848],[127.98234746325814,26.652289290914993],[127.98234319491844,26.65199144026591],[127.9826573861306,26.65145875073616],[127.98237665719766,26.65135222822954],[127.98165466071121,26.651163345734016],[127.9816686992291,26.65113290719886],[127.98186974479027,26.651195129656827],[127.98248981410913,26.651266098033563],[127.98247868694082,26.651241808156648],[127.98253591398372,26.651002420730784],[127.98296438788556,26.650409759909127],[127.98324849404811,26.649656875354733],[127.9833206065317,26.649598880718916],[127.98311582622837,26.64939380082738],[127.98295026112814,26.64943589247256],[127.98275357822278,26.649487045570847],[127.9826913751203,26.649502628981537],[127.982587903296,26.649502977482186],[127.98254768242978,26.649493171091247],[127.9824510045047,26.64942854796945],[127.98253134402216,26.64942376436292],[127.98264283606555,26.649427902006806],[127.98265384848986,26.649415171803675],[127.98260718398537,26.649309765674385],[127.98261485946296,26.64922123951611],[127.98263071076664,26.649165267019857],[127.98262350003748,26.64913010206954],[127.98284148529996,26.648891019405866],[127.98293372666413,26.648851925227763],[127.9829751514396,26.64890502728665],[127.98306538781333,26.64886502085549],[127.9831908904485,26.64885105849269],[127.98343274757413,26.64856048867605],[127.98352780527004,26.64847265395202],[127.9835447749162,26.648449115570497],[127.98357168145753,26.648390354463924],[127.98358360594327,26.648361403272414],[127.98366050112904,26.648255577348795],[127.98366025104895,26.648195992234935],[127.98367928377951,26.64818781743636],[127.98371833069055,26.648151580866656],[127.9837340142585,26.648064863376973],[127.98373493830555,26.648041378022647],[127.98374881990162,26.648002545606214],[127.98376182515071,26.64798804679276],[127.98379692467745,26.64797438904272],[127.98381601476763,26.647969811517747],[127.98384609579003,26.647957086314985],[127.98394671309117,26.647997364616252],[127.98404335656136,26.64805387631354],[127.9841349234376,26.648087837371154],[127.98425333736752,26.648058596997856],[127.98442487243123,26.648009288995212],[127.984608180209,26.647884983467623],[127.98469119245509,26.647798038359017],[127.98473521335855,26.647760019614402],[127.98484535123872,26.64767566347883],[127.98502968792472,26.647554102006236],[127.98513875036674,26.64745627725171],[127.98523685913136,26.647376474674765],[127.98526190980714,26.647361931685186],[127.98533607936754,26.647327410440347],[127.98538620741418,26.64730467528491],[127.98548649761356,26.64726731538132],[127.98556471534486,26.647233693743065],[127.9856408856073,26.6471900697764],[127.98569302248661,26.647169159791208],[127.98599821076286,26.647132019413803],[127.98621814744506,26.647115901057322],[127.9862812594233,26.647083176148666],[127.98632432584957,26.6470514382309],[127.98638855196313,26.64703140587094],[127.98654174151984,26.646921654489162],[127.98680674888406,26.646874707203676],[127.98693039325889,26.64689508708375],[127.98705696542888,26.64690276713626],[127.98719548429493,26.646876979162485],[127.98722056928142,26.646870618893427],[127.98730597883726,26.646877522068092],[127.98741535145415,26.646854584347054],[127.9875378091786,26.646826169980663],[127.98758895909361,26.64681337546966],[127.98762797786661,26.64677085968614],[127.987892900433,26.6467130522352],[127.9885381117583,26.6465547267066],[127.98862231262252,26.647313413449574],[127.98888857124597,26.64810701597578],[127.98963187257358,26.648684335620967],[127.99105315372434,26.64852912405002],[127.99391604195814,26.648771581276314],[127.99451467008925,26.649048687584184],[127.99485155285106,26.649584365516212],[127.99488042724198,26.65074390921666],[127.9945277561566,26.652098060175998],[127.99346617609484,26.658125292248823],[127.99277024083021,26.66026440214241],[127.99277501741301,26.66138100778568],[127.99402367853196,26.662729610158117],[127.99407791594693,26.66423261128809],[127.99373983449958,26.666220144239443],[127.99477250225019,26.667354763234034],[127.99489559397232,26.668191782154935],[127.99425800556732,26.669997858258096],[127.99419077670765,26.671050328362554],[127.9947865149015,26.67184339613016],[127.99633969988463,26.673227441231496],[127.99716805930863,26.674271078879947],[127.99791870916712,26.675928539035315],[127.99822113796122,26.67616208638439],[127.99958857359553,26.67639183712441],[128.00098181929474,26.67677944007922],[128.00255210152096,26.677441553020373],[128.0043648016475,26.678391485657126],[128.0057147146926,26.679198691358813],[128.0096473456205,26.682378540256792],[128.01196515482846,26.683903960621624],[128.01323401688953,26.684530951807027],[128.01715948756402,26.686014495146782],[128.0192322650966,26.686638529176975],[128.02069449708938,26.68667178867128],[128.02167421794772,26.694303620804526],[128.02153775619624,26.694351859214095],[128.0213995474228,26.694457150730795],[128.0213825646494,26.69447702670143],[128.02134852388193,26.694536667360946],[128.02133922901493,26.694667652304535],[128.02134182164332,26.694797602835976],[128.02132155189915,26.694984546919144],[128.02120598061526,26.694983133494244],[128.0211868423999,26.694969664022995],[128.02088971339805,26.695044789793656],[128.02087466877816,26.695051189968815],[128.01974641043327,26.694217628089792],[128.01893890475128,26.69431984685244],[128.01971860304715,26.694291770519257],[128.02069057227556,26.695009410219377],[128.01997920197806,26.69569255472922],[128.01972270398662,26.69553468140088],[128.01855336318798,26.695502749739564],[128.01851542200512,26.695116597941748],[128.0182649149184,26.695049809631136],[128.0183445243569,26.696430517197495],[128.01787112282193,26.696416011633364],[128.0179656022266,26.695302709846647],[128.01771065021313,26.695816356456287],[128.01778237205954,26.696121152132246],[128.01759468317314,26.696397127437457],[128.01738840789727,26.69633828824462],[128.01726877109223,26.696323416562432],[128.0170064859706,26.696327045314042],[128.01688000182412,26.696351899893667],[128.01635902059672,26.695587408780103],[128.01605715477393,26.69595405498808],[128.01594987376242,26.696006836694096],[128.01589501977233,26.695872558638158],[128.01600518308246,26.696233205295314],[128.01565526627522,26.695971794424576],[128.01552234475295,26.696354050218726],[128.0152020160827,26.69640484755592],[128.01510039707227,26.696380883081186],[128.01504600768735,26.6963503337435],[128.01500878614718,26.696348705919217],[128.01497882935038,26.69639119297744],[128.0149669446752,26.69642825904689],[128.0149177812873,26.696441975126273],[128.0156914830819,26.69418808608766],[128.01573770412608,26.694192432557372],[128.01571159550298,26.69397321848273],[128.01563837601256,26.693996893936173],[128.01552385551724,26.69401084582434],[128.01546152219436,26.6940020442583],[128.01471664504578,26.696189968211016],[128.01465431224798,26.696182081955698],[128.01463624457094,26.696188492315034],[128.01461727875503,26.696212890878368],[128.01462346803825,26.696245375554643],[128.01463452634923,26.69625168114976],[128.01469189545668,26.69627312441162],[128.01471811406216,26.69628924995759],[128.0147403618602,26.696322593572],[128.0147374729557,26.696352362969588],[128.0147296604901,26.696395756430828],[128.01472096082372,26.69647786876552],[128.01471199789287,26.69649235906489],[128.01466709713495,26.69656381041031],[128.01461417161443,26.696639876366785],[128.014472983688,26.696756807680902],[128.0144349464888,26.69678310600423],[128.01434271763142,26.696840272631462],[128.0143405130994,26.69679515009725],[128.01433129499765,26.69675280401276],[128.01426468298212,26.69669254151917],[128.0141984598648,26.696709912783266],[128.01417639699017,26.696727198053907],[128.01412351287516,26.696804109855293],[128.01408350649842,26.696846636115957],[128.01399738196784,26.69691647351656],[128.01393337672997,26.696982566770963],[128.01391241745605,26.697017827492097],[128.013857568322,26.697111952218336],[128.01376638991417,26.697176308438685],[128.0136675042197,26.697306695536753],[128.01363379968876,26.697406949690855],[128.01363513252858,26.6974855011849],[128.01364771373994,26.697603711887062],[128.01362150307395,26.69780780855803],[128.01355085310615,26.69795875767076],[128.0134900688044,26.698077230532068],[128.01348309690806,26.69808987906844],[128.01339822423037,26.698212035742774],[128.0133563284605,26.6982798816829],[128.01329427812317,26.698344202463257],[128.01319515621117,26.698422196383387],[128.01317732403672,26.698481845493287],[128.0131654608763,26.69852335161153],[128.01309240621035,26.69859406041772],[128.01301523490577,26.69863855077716],[128.01293096787984,26.698668609582345],[128.01288278020738,26.698681475207337],[128.01279052004207,26.698723269374394],[128.0125350339045,26.698896599026263],[128.01239253580047,26.69894950063397],[128.01232711431948,26.698927169625687],[128.01229401573158,26.698934481862203],[128.0122740463145,26.698963463905113],[128.012285189256,26.698988669946313],[128.01231146684407,26.699018332651203],[128.01232054757475,26.699030077464965],[128.01232365747214,26.699049034106498],[128.0122936384066,26.699077984912837],[128.0122585546115,26.699097994968195],[128.01215633973453,26.699161543331574],[128.01204510241652,26.69923506558402],[128.01165107334376,26.699212993863725],[128.01147572929602,26.699330042873097],[128.01143278460182,26.699392463266538],[128.01137309250237,26.699528067711892],[128.01113252725187,26.699667912241303],[128.01109852061288,26.699700543854778],[128.01107265761416,26.69976381873676],[128.01106975159172,26.69978998842783],[128.0110432096329,26.699920961299163],[128.01099447491126,26.70003128271874],[128.0109216472193,26.700152479092026],[128.01087562294293,26.70020228677029],[128.01082647143198,26.70021874921894],[128.01075717212132,26.700225274644634],[128.01072307253636,26.700246196387205],[128.01074447801778,26.700310148734047],[128.01075971718598,26.700347117575003],[128.0107487391638,26.700367956822305],[128.01071984521957,26.700420384038814],[128.01070388645675,26.700451116625846],[128.01068713442277,26.700523384984162],[128.01071646491607,26.700569326327855],[128.0107287291282,26.70060806538508],[128.01070672526026,26.70063888895181],[128.01068367961165,26.700647081631047],[128.01065360343588,26.70066340874884],[128.01056361666366,26.700766610841374],[128.01049647467715,26.700816494061456],[128.0104789325133,26.700932133862093],[128.01050606220508,26.70093295257818],[128.01054628380348,26.700938168149847],[128.01055235370134,26.700952604493303],[128.01054144411307,26.700979721680596],[128.0104109141757,26.701005500956626],[128.01028264242652,26.701318204630425],[128.01031626784928,26.70142012261562],[128.01032316977202,26.70161232620469],[128.01025125918943,26.701710950785447],[128.01016421833702,26.7018060352013],[128.01005212979524,26.701909388807817],[128.0099920413212,26.701956498655072],[128.0099683083692,26.702039650275793],[128.0098660688655,26.702327016889207],[128.00983424154907,26.70240025456657],[128.00981544846644,26.702473446854164],[128.00982071415032,26.702527584491822],[128.00984416132326,26.702600625035124],[128.0098473148116,26.702629457104315],[128.00985084982548,26.702745018289306],[128.00988542378624,26.70283966870787],[128.00985460315738,26.702909239254456],[128.00975916001244,26.70291592495907],[128.0097450783022,26.702918655885174],[128.00972003045223,26.702935878416454],[128.00969710917283,26.702981090480385],[128.00967436822683,26.70305789313582],[128.00964832974745,26.703081470045728],[128.00954426881412,26.703181127714824],[128.00950425486786,26.70322280323463],[128.00944809932722,26.70325367897772],[128.00940004343178,26.703297215439903],[128.00938545031963,26.70340558024],[128.0093867242024,26.70346241281871],[128.00938616423605,26.70356621458307],[128.00938035916624,26.703611365599457],[128.00932775387608,26.703761399818877],[128.00916589836464,26.703974088881154],[128.00906048047676,26.703997945028497],[128.00900939693906,26.704039590392576],[128.00896238159183,26.70408763932613],[128.0088397827575,26.704088075687217],[128.00881688843674,26.704139562327743],[128.00882094016495,26.704150408496623],[128.00885120536728,26.70417646337996],[128.0089016222692,26.704214220526598],[128.00892183776008,26.704240310062943],[128.00894018964155,26.704297079650594],[128.00892921683018,26.704319683873084],[128.00888317632024,26.704356870918744],[128.00886119478108,26.704384027348002],[128.00885327937223,26.704413881641194],[128.0088735627385,26.704455272945467],[128.00888769238182,26.70447242859645],[128.00891968349578,26.704657349086457],[128.00892342270149,26.704818889352335],[128.0089478285567,26.704886497978226],[128.00888605019335,26.705004972309553],[128.00885381455393,26.704986119288645],[128.00879650644572,26.70498808501541],[128.00879671872968,26.70503596581571],[128.00880281460186,26.705046731991757],[128.00883233329182,26.705135125802638],[128.00880836382066,26.705164970002766],[128.00871323059792,26.705242030023303],[128.00869527875574,26.705275517428763],[128.008700551543,26.70533141685824],[128.0086838772147,26.70542173681562],[128.00862881528295,26.705469814223836],[128.00854942051276,26.705696663789578],[128.0085307114811,26.70578064560421],[128.00856117705575,26.705851830161656],[128.00858547885105,26.705895955139443],[128.00857870620263,26.70595380244205],[128.00852683834367,26.70604058068132],[128.00848280271768,26.70608770209542],[128.00842174241455,26.70613756253073],[128.00846823589842,26.70620241198604],[128.00849841345982,26.70620858282574],[128.00854503530732,26.70629324572785],[128.00851986269765,26.706282547374933],[128.0084948138248,26.706299771856354],[128.0084858365855,26.70632053441056],[128.00849043285467,26.706445121138405],[128.00854187523495,26.706492749250184],[128.0085852300139,26.706522421191714],[128.008600480889,26.706562068629403],[128.00855232923928,26.70658388830663],[128.00851549226866,26.706660740817593],[128.00856983806142,26.706672252146824],[128.008600928749,26.706663115522822],[128.0085969891632,26.70667758753917],[128.0085770451917,26.706712843797586],[128.00858921133408,26.70673811691927],[128.0086074350997,26.70676689209974],[128.00859250424273,26.706799455326706],[128.0085372575492,26.706805997127173],[128.0084939607448,26.70678901455601],[128.00848190274058,26.706788141819175]],[[127.9918988916934,26.651224187547914],[127.9919072859126,26.651306240067235],[127.99191947473848,26.65133962413839],[127.99198708573425,26.65140440680318],[127.99201727069551,26.651416009817854],[127.99241570582508,26.65133431995912],[127.99243169186947,26.651319809004278],[127.99258822667315,26.65127597159453],[127.99267128160996,26.65119980961209],[127.99265309817756,26.65117730693677],[127.99248577808497,26.651047923298428],[127.99246148791582,26.651001111180516],[127.99246624399116,26.65093875810444],[127.99249712715869,26.650875468862175],[127.99254813570346,26.650829316365858],[127.99257922954064,26.650814754474943],[127.9926133274415,26.650805610909227],[127.99286150286422,26.650821891446082],[127.99293208771459,26.650884831064907],[127.9929815444802,26.65093430428347],[127.9931133873733,26.650998864955767],[127.99321684255983,26.650994841347405],[127.9932719545783,26.650963059846674],[127.99331864813153,26.650843797398075],[127.99330436760117,26.65078877320821],[127.99326605524023,26.650758230634406],[127.99322278445281,26.650742089428263],[127.99318539427135,26.65068806162571],[127.99316320916022,26.65066557281444],[127.99294503576273,26.650618515756566],[127.99285650716303,26.65058906172665],[127.99280301150947,26.650531422430042],[127.99280300397521,26.650529660642558],[127.99279461672062,26.650449370016503],[127.99293042697334,26.65025752109191],[127.993007584645,26.65021572200908],[127.99305580646993,26.65021463688449],[127.993176781796,26.650316258457224],[127.99329248735513,26.650360073378767],[127.99342004727063,26.650359633413125],[127.99346301480847,26.650304412847962],[127.99342012513046,26.650139409880943],[127.99339097082373,26.650139510441157],[127.99326744688227,26.650139019723003],[127.99319890207205,26.65008509932613],[127.9931757234363,26.650068959320123],[127.9930650789661,26.650034082431066],[127.99301071536568,26.65000267836041],[127.99296125145716,26.64995144331702],[127.99289849710307,26.64983791625747],[127.99291014671303,26.64974578032286],[127.9930363923026,26.649666861420666],[127.99305761603533,26.649463700456426],[127.99305439136205,26.64941674861151],[127.99303317085537,26.64938163284942],[127.99295661189502,26.649334085281506],[127.99289722233634,26.649301782829202],[127.99285816245381,26.64933442444171],[127.99281421680607,26.64938957877831],[127.99275845125877,26.649507110510097],[127.99272856401313,26.649565037075305],[127.99261725634061,26.649604205621205],[127.99256894467065,26.649583638968203],[127.99235120409135,26.64940746328021],[127.99233200419435,26.64937685350371],[127.9923168752208,26.649362450749827],[127.99229551417675,26.64930385439254],[127.99227530889041,26.64927684551516],[127.99223709613631,26.649268866464304],[127.99219496579911,26.6492807182645],[127.99215911384486,26.649347621971483],[127.99216227657523,26.649390061021546],[127.99217469754647,26.649468502237283],[127.99218393605403,26.6495181141854],[127.992093537802,26.64998870296658],[127.99195857959957,26.650140846293436],[127.99192068810727,26.650207756988106],[127.99189603822785,26.65031615535971],[127.99187436534437,26.65041460064257],[127.99166515752191,26.65059224625298],[127.9915178169202,26.650665877352814],[127.99127316778346,26.65076777050602],[127.99136195595577,26.650857726882773],[127.99145850191091,26.65088990225868],[127.99178015991426,26.65094027267643],[127.99181732982926,26.65094282559714],[127.9918988916934,26.651224187547914]]]},"properties":{"KEY_CODE":"473060170","PREF":"47","CITY":"306","CITY_NAME":"今帰仁村","S_NAME":"字運天","SETAI":"0"}},{"type":"Feature","geometry":{"type":"Polygon","coordinates":[[[127.99800315363575,26.69256826741888],[127.99730784675691,26.692327090534363],[127.99670863916599,26.69109441488602],[127.99555405512865,26.691562364604508],[127.99457362629181,26.691637972178285],[127.99287399277078,26.691545465957475],[127.99213733391478,26.691607422948636],[127.99206702565253,26.691229771791733],[127.99148738757634,26.690468576313343],[127.99160676874772,26.689699897143164],[127.98999871487155,26.689733210098158],[127.98940382819447,26.6888798977221],[127.98958131471103,26.688471355250027],[127.98933039906082,26.687792869359797],[127.98996771505351,26.686416336084445],[127.99018735446971,26.685021210827834],[127.99148668144697,26.685513944697167],[127.99198583767242,26.68585556297166],[127.99373406802538,26.685480517653705],[127.9951395853103,26.686255544490763],[127.99593434766776,26.686539782682463],[127.99654705885213,26.68582234276307],[127.99767707676503,26.6859650770391],[127.9986026996425,26.684881546167542],[127.99952391054647,26.684846307750004],[127.99981822858288,26.68518501902095],[128.00030821900484,26.684938118564588],[128.00052051575088,26.684485368813142],[127.99979776118788,26.68376187851415],[127.99932673593908,26.683023044995014],[127.99938112322666,26.682187811894945],[128.00018380823488,26.68198691967842],[128.0008859566512,26.682072668986322],[128.0016323533522,26.681304741143173],[128.0013741732937,26.68105172140578],[128.00166403651218,26.680125822626213],[128.0030349836496,26.680455870554393],[128.00364138735074,26.68104133395857],[128.00384419162827,26.681230162929737],[128.0042673180416,26.681485907335905],[128.004812147255,26.681309737927638],[128.00500665079474,26.6816728359629],[128.00545026352142,26.68156111999889],[128.0055847042107,26.681510084874503],[128.0057423889084,26.68149690226155],[128.00599349468575,26.68170903834984],[128.0062520839047,26.682015918988245],[128.00633299700468,26.682136566655863],[128.00648384636094,26.682398699567557],[128.00678247822745,26.682671098102205],[128.00690245514352,26.682767276536076],[128.0070786520401,26.682848729842025],[128.00717326417512,26.682879984177912],[128.0074247326479,26.68294142494011],[128.00787735129177,26.683046292516803],[128.00809409897647,26.683208904280892],[128.00816991525585,26.683312432657047],[128.00830255270566,26.683546634901806],[128.00825901983802,26.6836966341446],[128.00823609487858,26.683740013407146],[128.00823027888472,26.683792355433305],[128.00821242018748,26.683836702743246],[128.0081343139186,26.683899247331315],[128.00810544559542,26.68396612826936],[128.00809381813121,26.684061859047663],[128.00810237623764,26.684177333794114],[128.00811657657349,26.684211621951984],[128.008203141711,26.684241988652197],[128.00824627793915,26.68422469853259],[128.0082823383504,26.684204685734546],[128.00831050822282,26.68421093056989],[128.00833391927975,26.68427670952711],[128.00833133682812,26.684376921045306],[128.00834265664494,26.684433717150537],[128.00837119693577,26.68452387501487],[128.00836831818745,26.68455639175356],[128.00835840162225,26.684586183491824],[128.00828814600678,26.68460448594623],[128.008082339524,26.684644990292608],[128.00806063204237,26.68473349500925],[128.0080647925632,26.684768668440682],[128.00812553847265,26.685104244889708],[128.00811888699792,26.685189098556506],[128.00814756104532,26.685309012351233],[128.00821938959174,26.685416221654773],[128.00820940915236,26.68543156127009],[128.00814827409638,26.685470630967963],[128.00810012903602,26.68549245190039],[128.00805421122325,26.685555797311615],[128.0079688074418,26.685557017279358],[128.00792047351325,26.685535470788647],[128.00784622180365,26.68556464773866],[128.00774617162224,26.685662455257038],[128.00771817682897,26.68568695438324],[128.00757564639582,26.685728995521618],[128.00752648500077,26.685741792816376],[128.00735011511736,26.685854329629443],[128.00710703381077,26.68609438267522],[128.00699508384108,26.686235598951725],[128.00682423990753,26.686452829661928],[128.00678720897076,26.686484552202778],[128.00663195638637,26.686597013066788],[128.00647972964265,26.68671940457591],[128.0063967396659,26.686805446104295],[128.006292842579,26.686948465531874],[128.0061600480021,26.68714299539936],[128.0060916245359,26.687345409153362],[128.00607674325673,26.687388760264394],[128.00597668372438,26.68748480535526],[128.00597085553377,26.687534469700317],[128.0059933158695,26.687607515646516],[128.00598141289674,26.687649937246846],[128.00594929460541,26.687656398839266],[128.0058848752305,26.687627714579275],[128.0058497744216,26.68764321285196],[128.00579091170258,26.687744541341146],[128.00568040168116,26.687749446453864],[128.0056111073158,26.687754205301953],[128.0055790225314,26.687768704468084],[128.00529798774,26.687841063599635],[128.0052789871911,26.68786729367093],[128.00520258919775,26.688086871841602],[128.00512376892837,26.688210835948027],[128.00504966994913,26.68827519683578],[128.00500559100388,26.688301515686067],[128.00477273204305,26.688360093256826],[128.0045241049616,26.688491851765356],[128.00446979879086,26.6884785047542],[128.00435395059588,26.688412135517744],[128.00429647697888,26.688374402068675],[128.00412927653053,26.688278454162287],[128.00406290228787,26.688269662732985],[128.00397054813612,26.688288041407606],[128.00394548296757,26.688300753541],[128.00384738028598,26.68838776379966],[128.0037943503638,26.688441192159853],[128.00355276194986,26.6885674941832],[128.00346028224857,26.6885578790352],[128.00332751032138,26.68853486361568],[128.00325723991452,26.688550485312312],[128.00310480280243,26.688616884400066],[128.002971303465,26.68865169791037],[128.00288690043095,26.688648398163384],[128.00272404921876,26.688631766414066],[128.00266385838967,26.688654543825375],[128.00248948027357,26.688766222683565],[128.00233927328247,26.68888500660004],[128.00178843096637,26.6893021455318],[128.00175934838416,26.689311273927185],[128.00166896851974,26.68932421536623],[128.001473824,26.689274341508227],[128.00142240607826,26.689238417988367],[128.00133397850323,26.689240561169914],[128.00126572849996,26.689260618316784],[128.00104797883756,26.689328160080585],[128.00082829070058,26.689410166304043],[128.00044634062758,26.689620025388116],[128.0001236304733,26.689813452478273],[127.99980288291614,26.68999869526465],[127.99944814031782,26.690220159335524],[127.99912919599771,26.690377324776225],[127.99941955812172,26.691046143394036],[127.99915318929797,26.690565083981436],[127.99858288863022,26.69080880458565],[127.99798246949184,26.691101400332577],[127.99736595460838,26.691357491618426],[127.99767941234884,26.692039670530068],[127.99799485651158,26.69210558897193],[127.99905165702577,26.691712649954415],[127.99919061178115,26.692009121328503],[127.99977250802506,26.691794972819622],[127.99960684455219,26.69136500984944],[127.99982284513862,26.691816459312594],[128.00030846167564,26.69164597047597],[128.0003185888441,26.69166398709906],[127.99981709105138,26.691879661859993],[127.99800315363575,26.69256826741888]]]},"properties":{"KEY_CODE":"473060170","PREF":"47","CITY":"306","CITY_NAME":"今帰仁村","S_NAME":"字運天","SETAI":"98"}},{"type":"Feature","geometry":{"type":"Polygon","coordinates":[[[128.00166403651218,26.680125822626213],[128.0013741732937,26.68105172140578],[128.0016323533522,26.681304741143173],[128.0008859566512,26.682072668986322],[128.00018380823488,26.68198691967842],[127.99938112322666,26.682187811894945],[127.99932673593908,26.683023044995014],[127.99979776118788,26.68376187851415],[128.00052051575088,26.684485368813142],[128.00030821900484,26.684938118564588],[127.99981822858288,26.68518501902095],[127.99952391054647,26.684846307750004],[127.9986026996425,26.684881546167542],[127.99767707676503,26.6859650770391],[127.99654705885213,26.68582234276307],[127.99593434766776,26.686539782682463],[127.9951395853103,26.686255544490763],[127.99373406802538,26.685480517653705],[127.99198583767242,26.68585556297166],[127.99148668144697,26.685513944697167],[127.99018735446971,26.685021210827834],[127.98899513529257,26.683443433032473],[127.98827953293879,26.682776551418083],[127.98895171657239,26.68199843810422],[127.98936983659574,26.681812888491624],[127.99112341909984,26.681528680608174],[127.99135484528516,26.681172906707204],[127.9912086973382,26.680477000358245],[127.99181495308922,26.67930463513272],[127.9913767894337,26.678026500255434],[127.99054842785586,26.676884389062113],[127.99020716010378,26.676189079941196],[127.98974763412633,26.675787450588135],[127.98653587074612,26.674092596918914],[127.98590242249779,26.67346610891021],[127.98653805942993,26.672899816597823],[127.98646399372423,26.672414144743634],[127.98732684402735,26.671854266086587],[127.98788803103554,26.67180066106899],[127.98942853859073,26.672511259173522],[127.98986262188937,26.672359852323385],[127.99092754678551,26.672605607109634],[127.99119237426846,26.672254513534103],[127.99209959301575,26.67232119793901],[127.99257556213728,26.672531454783222],[127.99308900698028,26.672299517835228],[127.99320045564065,26.672278329340628],[127.99323861264625,26.6722719226216],[127.99345551818215,26.672252203766895],[127.9935299620302,26.672269082639225],[127.99356023014771,26.67229880383368],[127.99360565335584,26.672348289682674],[127.99364101046407,26.672393297348613],[127.9937908656507,26.672433395709444],[127.99383917015807,26.672449448192893],[127.99394179603236,26.67248611358875],[127.99415638012407,26.672619843727652],[127.99422737739518,26.67277571828235],[127.99421155915347,26.67283987400299],[127.99421158243103,26.67284530252444],[127.99423082714863,26.672875911251364],[127.99435154817787,26.672912512541565],[127.9944935873916,26.673005877629848],[127.99464370115031,26.673096532773407],[127.9948019348069,26.673213321985216],[127.99496708105104,26.673304841331916],[127.99503951641347,26.67331989405818],[127.99523071006602,26.67338967329407],[127.99540479191668,26.67345944448891],[127.99544007249008,26.67348639994831],[127.99562514602727,26.673766479652567],[127.99568724843807,26.673952212408697],[127.99576606114276,26.674053905168062],[127.99591934573371,26.674187846666424],[127.99597087188758,26.674259875484935],[127.99599556450174,26.67438890148068],[127.99599476475872,26.67444031233668],[127.99598912978816,26.67452607889874],[127.99596623932712,26.674578549380897],[127.99595234359141,26.674623727680995],[127.99604913538549,26.674698279754725],[127.99611571212297,26.674756717171295],[127.99616429838602,26.674847724826765],[127.99618178714577,26.67493517273571],[127.996167186917,26.675044454380057],[127.99612546250816,26.67516193746331],[127.9960520027333,26.675364358961275],[127.99600426001828,26.675479184449124],[127.99599642818283,26.67552885465905],[127.99599985415836,26.67562270009312],[127.99600615126718,26.675681347161728],[127.99602764581644,26.67577879325964],[127.99616965383481,26.676091461206763],[127.9962174281842,26.676212227010325],[127.9962189647703,26.676341336788543],[127.99626201781349,26.676541520635826],[127.99638904970335,26.677103441328903],[127.99637934454313,26.677182876739018],[127.99636834249091,26.67719828632374],[127.99633127521713,26.677220980312743],[127.99624695451867,26.677235728333223],[127.99606680483501,26.677171340821843],[127.99604364554455,26.67716147978272],[127.9960801291383,26.67722996342882],[127.99610242496773,26.67727684813911],[127.99607989136953,26.677412316415523],[127.99607500375362,26.677443924391472],[127.99604935951446,26.67754957760023],[127.99600669118244,26.677720255785815],[127.99631351873916,26.677295010183457],[127.99640437538676,26.677169086457422],[127.99640400793798,26.67708379915809],[127.99638392895719,26.67693073953103],[127.99659878704466,26.67621861504596],[127.99702721358356,26.67699828084453],[127.99740656228664,26.67690391685035],[127.99768418232956,26.67773547141774],[127.9979352540449,26.677665784494984],[127.99805608427684,26.67801016040651],[127.99925778463273,26.677847097030654],[127.99995581225795,26.677784150115208],[128.00001465304865,26.678374227294924],[128.0001115031554,26.678470495064484],[128.00017688561218,26.678487402123157],[128.00030974651452,26.678542924281547],[128.0005611194606,26.678810989523335],[128.0010969675591,26.679115072109912],[128.00119884581795,26.679203212102145],[128.00126653315758,26.679289636606747],[128.00140045825248,26.679588788240608],[128.0015201529285,26.67984744006955],[128.00162559001632,26.68006728901252],[128.00165491328383,26.680104206473892],[128.00166403651218,26.680125822626213]]]},"properties":{"KEY_CODE":"473060180","PREF":"47","CITY":"306","CITY_NAME":"今帰仁村","S_NAME":"字上運天","SETAI":"122"}},{"type":"Feature","geometry":{"type":"Polygon","coordinates":[[[128.02167421794772,26.694303620804526],[128.02223097450928,26.694539866343113],[128.0223328667602,26.695063009828726],[128.02323252925856,26.695131065382053],[128.02377950780047,26.695422435943314],[128.02462144673913,26.696473480177776],[128.0247808773277,26.69748833156221],[128.0258980750371,26.69939598854684],[128.026621028779,26.69992226225519],[128.02725649430963,26.69999748103087],[128.0273461599008,26.70048547782378],[128.02690467729047,26.70129402807332],[128.02716006444288,26.70219569385566],[128.02701900462986,26.702764860043615],[128.02724965404252,26.70374968623045],[128.02715106888976,26.70548396343006],[128.02687907125932,26.70621607631858],[128.02714564712238,26.706929906971833],[128.02677094509423,26.70762721420043],[128.0268130621163,26.70870474750589],[128.02705871030594,26.709014390265377],[128.02787661517388,26.70896891365325],[128.02795834280968,26.70925744316125],[128.02757183452275,26.710444878791517],[128.02723708856254,26.7104316596223],[128.02696706321444,26.709849634758097],[128.02652574063606,26.7102582822989],[128.0269518291132,26.71047425054789],[128.02718736984136,26.71098426435508],[128.02673779764567,26.71092182895095],[128.02638530108393,26.71141328333891],[128.02582852880096,26.711200479565935],[128.02510363252358,26.71136202270864],[128.02230438659345,26.71242650519897],[128.02065911634128,26.71287844487526],[128.02020551444076,26.713253758101157],[128.01948402749068,26.71350551111393],[128.01963139444078,26.713866014511968],[128.0189047667725,26.71409430290496],[128.01901174679975,26.713754524962123],[128.01844093511625,26.713762870661093],[128.01841040978275,26.714349669769028],[128.0173347173688,26.7142922188199],[128.0169438819156,26.714101406216024],[128.01655093437193,26.714558638455443],[128.01586715258176,26.714040280966657],[128.01517749902823,26.714224203965845],[128.01440493194747,26.71362132767072],[128.01355215706516,26.713964699966244],[128.01259557871154,26.71402856649402],[128.0121947468783,26.71383953809023],[128.01257234537275,26.713327370162112],[128.01171958458247,26.713216683793107],[128.01130275624763,26.71260891988809],[128.01091397131407,26.712646413401284],[128.0097750923452,26.71148520027541],[128.0091795951856,26.71023721149256],[128.00867074752523,26.708810223563265],[128.0083634861982,26.70864609884993],[128.00834544157368,26.707576574916867],[128.00833841569812,26.707524275842434],[128.0083312429175,26.70749087780705],[128.00833945413729,26.70730672999218],[128.00834832338498,26.7072615681662],[128.00834265455845,26.707116255735297],[128.00835243682405,26.707055786464572],[128.00841507164392,26.706900288468436],[128.00844582652758,26.706815348262243],[128.00846282363273,26.706797235712138],[128.00848190274058,26.706788141819175],[128.0084939607448,26.70678901455601],[128.0085372575492,26.706805997127173],[128.00859250424273,26.706799455326706],[128.0086074350997,26.70676689209974],[128.00858921133408,26.70673811691927],[128.0085770451917,26.706712843797586],[128.0085969891632,26.70667758753917],[128.008600928749,26.706663115522822],[128.00856983806142,26.706672252146824],[128.00851549226866,26.706660740817593],[128.00855232923928,26.70658388830663],[128.008600480889,26.706562068629403],[128.0085852300139,26.706522421191714],[128.00854187523495,26.706492749250184],[128.00849043285467,26.706445121138405],[128.0084858365855,26.70632053441056],[128.0084948138248,26.706299771856354],[128.00851986269765,26.706282547374933],[128.00854503530732,26.70629324572785],[128.00849841345982,26.70620858282574],[128.00846823589842,26.70620241198604],[128.00842174241455,26.70613756253073],[128.00848280271768,26.70608770209542],[128.00852683834367,26.70604058068132],[128.00857870620263,26.70595380244205],[128.00858547885105,26.705895955139443],[128.00856117705575,26.705851830161656],[128.0085307114811,26.70578064560421],[128.00854942051276,26.705696663789578],[128.00862881528295,26.705469814223836],[128.0086838772147,26.70542173681562],[128.008700551543,26.70533141685824],[128.00869527875574,26.705275517428763],[128.00871323059792,26.705242030023303],[128.00880836382066,26.705164970002766],[128.00883233329182,26.705135125802638],[128.00880281460186,26.705046731991757],[128.00879671872968,26.70503596581571],[128.00879650644572,26.70498808501541],[128.00885381455393,26.704986119288645],[128.00888605019335,26.705004972309553],[128.0089478285567,26.704886497978226],[128.00892342270149,26.704818889352335],[128.00891968349578,26.704657349086457],[128.00888769238182,26.70447242859645],[128.0088735627385,26.704455272945467],[128.00885327937223,26.704413881641194],[128.00886119478108,26.704384027348002],[128.00888317632024,26.704356870918744],[128.00892921683018,26.704319683873084],[128.00894018964155,26.704297079650594],[128.00892183776008,26.704240310062943],[128.0089016222692,26.704214220526598],[128.00885120536728,26.70417646337996],[128.00882094016495,26.704150408496623],[128.00881688843674,26.704139562327743],[128.0088397827575,26.704088075687217],[128.00896238159183,26.70408763932613],[128.00900939693906,26.704039590392576],[128.00906048047676,26.703997945028497],[128.00916589836464,26.703974088881154],[128.00932775387608,26.703761399818877],[128.00938035916624,26.703611365599457],[128.00938616423605,26.70356621458307],[128.0093867242024,26.70346241281871],[128.00938545031963,26.70340558024],[128.00940004343178,26.703297215439903],[128.00944809932722,26.70325367897772],[128.00950425486786,26.70322280323463],[128.00954426881412,26.703181127714824],[128.00964832974745,26.703081470045728],[128.00967436822683,26.70305789313582],[128.00969710917283,26.702981090480385],[128.00972003045223,26.702935878416454],[128.0097450783022,26.702918655885174],[128.00975916001244,26.70291592495907],[128.00985460315738,26.702909239254456],[128.00988542378624,26.70283966870787],[128.00985084982548,26.702745018289306],[128.0098473148116,26.702629457104315],[128.00984416132326,26.702600625035124],[128.00982071415032,26.702527584491822],[128.00981544846644,26.702473446854164],[128.00983424154907,26.70240025456657],[128.0098660688655,26.702327016889207],[128.0099683083692,26.702039650275793],[128.0099920413212,26.701956498655072],[128.01005212979524,26.701909388807817],[128.01016421833702,26.7018060352013],[128.01025125918943,26.701710950785447],[128.01032316977202,26.70161232620469],[128.01031626784928,26.70142012261562],[128.01028264242652,26.701318204630425],[128.0104109141757,26.701005500956626],[128.01054144411307,26.700979721680596],[128.01055235370134,26.700952604493303],[128.01054628380348,26.700938168149847],[128.01050606220508,26.70093295257818],[128.0104789325133,26.700932133862093],[128.01049647467715,26.700816494061456],[128.01056361666366,26.700766610841374],[128.01065360343588,26.70066340874884],[128.01068367961165,26.700647081631047],[128.01070672526026,26.70063888895181],[128.0107287291282,26.70060806538508],[128.01071646491607,26.700569326327855],[128.01068713442277,26.700523384984162],[128.01070388645675,26.700451116625846],[128.01071984521957,26.700420384038814],[128.0107487391638,26.700367956822305],[128.01075971718598,26.700347117575003],[128.01074447801778,26.700310148734047],[128.01072307253636,26.700246196387205],[128.01075717212132,26.700225274644634],[128.01082647143198,26.70021874921894],[128.01087562294293,26.70020228677029],[128.0109216472193,26.700152479092026],[128.01099447491126,26.70003128271874],[128.0110432096329,26.699920961299163],[128.01106975159172,26.69978998842783],[128.01107265761416,26.69976381873676],[128.01109852061288,26.699700543854778],[128.01113252725187,26.699667912241303],[128.01137309250237,26.699528067711892],[128.01143278460182,26.699392463266538],[128.01147572929602,26.699330042873097],[128.01165107334376,26.699212993863725],[128.01204510241652,26.69923506558402],[128.01215633973453,26.699161543331574],[128.0122585546115,26.699097994968195],[128.0122936384066,26.699077984912837],[128.01232365747214,26.699049034106498],[128.01232054757475,26.699030077464965],[128.01231146684407,26.699018332651203],[128.012285189256,26.698988669946313],[128.0122740463145,26.698963463905113],[128.01229401573158,26.698934481862203],[128.01232711431948,26.698927169625687],[128.01239253580047,26.69894950063397],[128.0125350339045,26.698896599026263],[128.01279052004207,26.698723269374394],[128.01288278020738,26.698681475207337],[128.01293096787984,26.698668609582345],[128.01301523490577,26.69863855077716],[128.01309240621035,26.69859406041772],[128.0131654608763,26.69852335161153],[128.01317732403672,26.698481845493287],[128.01319515621117,26.698422196383387],[128.01329427812317,26.698344202463257],[128.0133563284605,26.6982798816829],[128.01339822423037,26.698212035742774],[128.01348309690806,26.69808987906844],[128.0134900688044,26.698077230532068],[128.01355085310615,26.69795875767076],[128.01362150307395,26.69780780855803],[128.01364771373994,26.697603711887062],[128.01363513252858,26.6974855011849],[128.01363379968876,26.697406949690855],[128.0136675042197,26.697306695536753],[128.01376638991417,26.697176308438685],[128.013857568322,26.697111952218336],[128.01391241745605,26.697017827492097],[128.01393337672997,26.696982566770963],[128.01399738196784,26.69691647351656],[128.01408350649842,26.696846636115957],[128.01412351287516,26.696804109855293],[128.01417639699017,26.696727198053907],[128.0141984598648,26.696709912783266],[128.01426468298212,26.69669254151917],[128.01433129499765,26.69675280401276],[128.0143405130994,26.69679515009725],[128.01434271763142,26.696840272631462],[128.0144349464888,26.69678310600423],[128.014472983688,26.696756807680902],[128.01461417161443,26.696639876366785],[128.01466709713495,26.69656381041031],[128.01471199789287,26.69649235906489],[128.01472096082372,26.69647786876552],[128.0147296604901,26.696395756430828],[128.0147374729557,26.696352362969588],[128.0147403618602,26.696322593572],[128.01471811406216,26.69628924995759],[128.01469189545668,26.69627312441162],[128.01463452634923,26.69625168114976],[128.01462346803825,26.696245375554643],[128.01461727875503,26.696212890878368],[128.01463624457094,26.696188492315034],[128.01465431224798,26.696182081955698],[128.01471664504578,26.696189968211016],[128.01546152219436,26.6940020442583],[128.01552385551724,26.69401084582434],[128.01563837601256,26.693996893936173],[128.01571159550298,26.69397321848273],[128.01573770412608,26.694192432557372],[128.0156914830819,26.69418808608766],[128.0149177812873,26.696441975126273],[128.0149669446752,26.69642825904689],[128.01497882935038,26.69639119297744],[128.01500878614718,26.696348705919217],[128.01504600768735,26.6963503337435],[128.01510039707227,26.696380883081186],[128.0152020160827,26.69640484755592],[128.01552234475295,26.696354050218726],[128.01565526627522,26.695971794424576],[128.01600518308246,26.696233205295314],[128.01589501977233,26.695872558638158],[128.01594987376242,26.696006836694096],[128.01605715477393,26.69595405498808],[128.0163590205967,26.695587408780106],[128.01688000182412,26.696351899893667],[128.0170064859706,26.696327045314042],[128.01726877109223,26.696323416562432],[128.01738840789727,26.69633828824462],[128.01759468317314,26.696397127437457],[128.01778237205954,26.696121152132246],[128.01771065021313,26.695816356456287],[128.0179656022266,26.695302709846647],[128.01787112282193,26.696416011633364],[128.0183445243569,26.696430517197484],[128.0182649149184,26.695049809631115],[128.01851542200512,26.695116597941748],[128.01855336318798,26.695502749739582],[128.01972270398662,26.69553468140088],[128.01997920197806,26.695692554729206],[128.0206905722755,26.695009410219377],[128.01971860304715,26.694291770519268],[128.01893890475128,26.69431984685244],[128.01974641043327,26.694217628089792],[128.02087466877816,26.695051189968815],[128.02088971339805,26.695044789793656],[128.0211868423999,26.694969664022995],[128.02120598061526,26.694983133494244],[128.02132155189915,26.694984546919144],[128.02134182164332,26.694797602835976],[128.02133922901493,26.694667652304535],[128.02134852388193,26.694536667360946],[128.0213825646494,26.69447702670143],[128.0213995474228,26.694457150730795],[128.02153775619624,26.694351859214095],[128.02167421794772,26.694303620804526]]]},"properties":{"KEY_CODE":"473060190","PREF":"47","CITY":"306","CITY_NAME":"今帰仁村","S_NAME":"字古宇利","SETAI":"159"}}]}