{"type":"FeatureCollection","features":[{"type":"Feature","geometry":{"type":"Polygon","coordinates":[[[140.5693838521282,40.272947415807636],[140.56897003389517,40.27405216934804],[140.56885943349033,40.27403925157667],[140.568674005243,40.273968763073945],[140.5683928859284,40.27365470300519],[140.56824313274424,40.27357064476816],[140.56746506874038,40.27316689262145],[140.5672138232452,40.2730203106728],[140.56705029657323,40.27288854889415],[140.56682187376512,40.272755635009034],[140.56661699781654,40.27246317052267],[140.5663931245807,40.27247044797876],[140.56607497990976,40.272518389601416],[140.56567866531293,40.27271699226057],[140.5653473192795,40.27288559178927],[140.56506721842408,40.27295891271574],[140.56459444422288,40.27319823361213],[140.56436135724297,40.272991298403504],[140.56403039317172,40.27265079707842],[140.5639394300163,40.27255722889754],[140.56385623218165,40.27237600705788],[140.5635801596428,40.27111490348788],[140.56641223357812,40.27084308267311],[140.56740189836646,40.27110913422775],[140.56772307622774,40.27126463581519],[140.56719375322297,40.272303891340606],[140.5693838521282,40.272947415807636]]]},"properties":{"KEY_CODE":"052040010","PREF":"05","CITY":"204","CITY_NAME":"大館市","S_NAME":"字中城","SETAI":"46"}},{"type":"Feature","geometry":{"type":"Polygon","coordinates":[[[140.57294430720995,40.27411858352782],[140.57202283985694,40.274283920789145],[140.57191353430903,40.27426810731267],[140.57165808151117,40.27421400082225],[140.5714154291162,40.274146290947336],[140.57111935190048,40.27440841161438],[140.57065597725568,40.27451832673501],[140.5705311908312,40.274556972103845],[140.57030211555846,40.27458955868795],[140.57006559565298,40.27457538932224],[140.56975186476697,40.27447247352761],[140.5690268673115,40.274154483650236],[140.56897003389517,40.27405216934804],[140.5693838521282,40.272947415807636],[140.57191376747434,40.27321009920222],[140.57172452970522,40.27380048109057],[140.57294430720995,40.27411858352782]]]},"properties":{"KEY_CODE":"052040020","PREF":"05","CITY":"204","CITY_NAME":"大館市","S_NAME":"字八幡","SETAI":"24"}},{"type":"Feature","geometry":{"type":"Polygon","coordinates":[[[140.57426036199362,40.27420428061722],[140.57330569692442,40.27407269067185],[140.57294430720995,40.27411858352782],[140.57172452970522,40.27380048109057],[140.57191376747434,40.27321009920222],[140.5693838521282,40.272947415807636],[140.56888417816782,40.271668680854994],[140.56979736068462,40.27191858185715],[140.57101192201023,40.27225225770035],[140.57216551357737,40.27257216822309],[140.572550878627,40.27157246224672],[140.5727822185958,40.27161191257247],[140.57342476240868,40.27120455832254],[140.57516459178544,40.27154230722922],[140.57431953889005,40.274031160762135],[140.57426036199362,40.27420428061722]]]},"properties":{"KEY_CODE":"052040030","PREF":"05","CITY":"204","CITY_NAME":"大館市","S_NAME":"字金坂後","SETAI":"42"}},{"type":"Feature","geometry":{"type":"Polygon","coordinates":[[[140.56888417816782,40.271668680854994],[140.5693838521282,40.272947415807636],[140.56719375322297,40.272303891340606],[140.56772307622774,40.27126463581519],[140.5679375144894,40.27138485154826],[140.56886486356765,40.27166337709567],[140.56888417816782,40.271668680854994]]]},"properties":{"KEY_CODE":"052040040","PREF":"05","CITY":"204","CITY_NAME":"大館市","S_NAME":"字赤館","SETAI":"46"}},{"type":"Feature","geometry":{"type":"Polygon","coordinates":[[[140.56519329302577,40.26905130571517],[140.56477612062187,40.27098919617756],[140.56358015964278,40.27111490348788],[140.56339412643405,40.27023946228254],[140.56195078053412,40.27047383328343],[140.5616586979683,40.26981086721849],[140.5615116618505,40.26894670048502],[140.5635190928713,40.269517538379155],[140.56421120286882,40.268156482585184],[140.564908507092,40.26838294649011],[140.56484709305082,40.26847818181581],[140.56471680131332,40.26894215780093],[140.56519329302577,40.26905130571517]]]},"properties":{"KEY_CODE":"052040050","PREF":"05","CITY":"204","CITY_NAME":"大館市","S_NAME":"字桂城","SETAI":"80"}},{"type":"Feature","geometry":{"type":"Polygon","coordinates":[[[140.56984816305365,40.26996814080111],[140.56886486356765,40.27166337709567],[140.5679375144894,40.27138485154826],[140.56772307622776,40.27126463581519],[140.56740189836646,40.27110913422775],[140.56641223357812,40.27084308267311],[140.56477612062187,40.27098919617756],[140.56519329302577,40.26905130571517],[140.56714388219382,40.26944415501148],[140.56984816305365,40.26996814080111]]]},"properties":{"KEY_CODE":"052040060","PREF":"05","CITY":"204","CITY_NAME":"大館市","S_NAME":"字部垂町","SETAI":"85"}},{"type":"Feature","geometry":{"type":"Polygon","coordinates":[[[140.56629994365912,40.266152673171085],[140.56713651501656,40.26610680315857],[140.56986529668126,40.26751733987605],[140.5692859336109,40.2690120435588],[140.57027221573927,40.26949606651315],[140.56984816305365,40.26996814080111],[140.56714388219382,40.26944415501148],[140.56822828893465,40.26889477776566],[140.56817683164016,40.268722357400854],[140.56818525849278,40.26851605258254],[140.5682509470769,40.26830692289861],[140.56818832641815,40.268294361019116],[140.56802751728912,40.268121407812366],[140.5679365166617,40.26801392938845],[140.56780762968182,40.267858554125965],[140.5677742202749,40.26782815080403],[140.56762234414637,40.26770886928241],[140.56718565355365,40.267564448396],[140.56681733426888,40.26708437193896],[140.56629549863177,40.26650713759677],[140.56629994365912,40.266152673171085]]]},"properties":{"KEY_CODE":"052040070","PREF":"05","CITY":"204","CITY_NAME":"大館市","S_NAME":"字桜町南","SETAI":"105"}},{"type":"Feature","geometry":{"type":"Polygon","coordinates":[[[140.57262953243583,40.26641237297211],[140.57174127316424,40.26708859004852],[140.57070894607986,40.26903376488024],[140.57027221573927,40.26949606651315],[140.5692859336109,40.2690120435588],[140.56986529668126,40.26751733987605],[140.56713651501656,40.26610680315857],[140.56629994365912,40.266152673171085],[140.56624080719817,40.26608375518058],[140.56575882368605,40.265834278343455],[140.56595314780736,40.265621348609834],[140.56620312035133,40.26520097250749],[140.5662987690557,40.26490035192667],[140.56649742061242,40.26474224522895],[140.56661827944637,40.26461775193831],[140.56738404664978,40.26397003587861],[140.56756750548755,40.263802533021895],[140.5675858196922,40.26340496725273],[140.5676133457463,40.26337704372342],[140.56751539409194,40.26310514324132],[140.56724454914993,40.26301822031831],[140.56621647529226,40.26257511265658],[140.56602970187006,40.26241726147852],[140.56585023205125,40.26234688801446],[140.56565549621152,40.26228114060213],[140.56513779989356,40.261970833800824],[140.56592014158062,40.26195141049611],[140.56655952772726,40.262311722573436],[140.56813201786426,40.26276439461635],[140.56831282713867,40.26263954315214],[140.56851459737837,40.26247333076609],[140.5685989982469,40.261807882463806],[140.56874137247192,40.261574634998986],[140.56914322607105,40.26167534502273],[140.5694921552568,40.26182902261656],[140.56969870823886,40.261494016308724],[140.57254583197357,40.26307226415356],[140.57283188221066,40.26554955295936],[140.57197272744173,40.26552663120862],[140.5721749613146,40.266030804147974],[140.57279012847343,40.26610915040049],[140.57262953243583,40.26641237297211]]]},"properties":{"KEY_CODE":"052040080","PREF":"05","CITY":"204","CITY_NAME":"大館市","S_NAME":"字相染沢中岱","SETAI":"310"}},{"type":"Feature","geometry":{"type":"Polygon","coordinates":[[[140.59003323966817,40.27871221506786],[140.5894873877157,40.2797540422883],[140.58797352530263,40.279476480841126],[140.5863309872027,40.27976716926069],[140.58664828914982,40.28047846949225],[140.58858979742055,40.28082122824841],[140.58868925201486,40.28140282222885],[140.5864180505677,40.28150953392268],[140.58622426287982,40.28150883953194],[140.58525610891897,40.28148592523558],[140.58480865768155,40.281414021760476],[140.5840928356751,40.281111099544255],[140.5838716588989,40.281038394269245],[140.5832107370979,40.28061339553795],[140.5830367173115,40.280560228398215],[140.58264383475424,40.28029410751292],[140.58180468223892,40.27948121984542],[140.58108104127393,40.278851894246],[140.58062505933833,40.278481472140356],[140.58031103533816,40.27832317145397],[140.58004277761307,40.27813707129296],[140.57987390352878,40.278005649144475],[140.5791295446915,40.27736741891406],[140.57949948677697,40.277156293253604],[140.57964185165966,40.27712189926194],[140.57989342133936,40.27715652356798],[140.58050003869505,40.27693903415072],[140.58103651373497,40.27668986799869],[140.58135139057754,40.276727651529825],[140.58180349391492,40.27700863031231],[140.5822729364602,40.2771913796533],[140.58259714020616,40.27732930937712],[140.58349989065456,40.277637219754936],[140.58366945041584,40.277652432067356],[140.58405733379084,40.27761247269376],[140.58424198416284,40.27747748983583],[140.5837465417046,40.27711668919648],[140.58362562152288,40.27705338263633],[140.58348798519282,40.276913993649764],[140.58361518287245,40.276593461075485],[140.58394211400517,40.27665165421368],[140.58680202198042,40.27719553770426],[140.58995358922888,40.278185002582866],[140.59003323966817,40.27871221506786]]]},"properties":{"KEY_CODE":"052040090","PREF":"05","CITY":"204","CITY_NAME":"大館市","S_NAME":"字一本杉","SETAI":"11"}},{"type":"Feature","geometry":{"type":"Polygon","coordinates":[[[140.59931797625197,40.26795445172374],[140.59678650739082,40.26909530106008],[140.5961311489954,40.27075920370795],[140.5964853096137,40.27234094096938],[140.5953214781442,40.27392722974991],[140.59538657990225,40.276243050262394],[140.59447769535083,40.276949890276406],[140.59449910716685,40.278067917362584],[140.5926501359477,40.27727751217031],[140.59192686732226,40.27796232450318],[140.59003323966817,40.27871221506786],[140.58995358922888,40.278185002582866],[140.58680202198042,40.27719553770426],[140.58394211400517,40.27665165421368],[140.58429730080226,40.27560469906523],[140.5844464543223,40.27457955419695],[140.5837252084971,40.273353180207685],[140.58572427643188,40.27369589473287],[140.58627200060658,40.27367109709763],[140.58719771943413,40.27432209911262],[140.5873880783847,40.274280777221215],[140.58755353822693,40.27409383517988],[140.58758777625215,40.27434331276343],[140.58783143761426,40.27396555144943],[140.5878749692086,40.27365688683714],[140.5876014858315,40.27356172109598],[140.58755446056736,40.273501354824376],[140.58754520411802,40.27338080227701],[140.58753076771228,40.273352960906145],[140.5872975325967,40.27318464891505],[140.5873004637779,40.27304742722203],[140.58727808851043,40.272864715471954],[140.5870222534343,40.27258973498912],[140.58670852162015,40.27223302811321],[140.58638034614657,40.27185774886007],[140.58584306866393,40.271678584650296],[140.58533756837818,40.271427168784136],[140.58502344429093,40.27118172039543],[140.5848397676131,40.271055235533105],[140.5847265268241,40.27087881906006],[140.58444199272665,40.27049991589319],[140.58441337933752,40.270373762459315],[140.58427383807984,40.27009900900159],[140.58424822346578,40.26981895792796],[140.584361435836,40.26933704951753],[140.5844304486963,40.269021968019096],[140.5836138943154,40.26902206207787],[140.58234817378062,40.266836663162316],[140.58238090573818,40.266609968826316],[140.58248301133503,40.26628973646794],[140.58370911268113,40.26618145570017],[140.58448798580767,40.26638559897638],[140.58480452743314,40.266408898801174],[140.5851756885988,40.266126425170995],[140.58598879964453,40.26581474090766],[140.58602273474173,40.26577173293559],[140.58622873779657,40.26561492578564],[140.5864764532735,40.265606831000646],[140.5874179836924,40.26558835171649],[140.58839218426266,40.265482717250926],[140.5895375316174,40.26551742287482],[140.59050231673248,40.26568101468912],[140.59054060034597,40.26599558580775],[140.5906358138347,40.26612935201201],[140.59097770406143,40.26654795651082],[140.59102811632238,40.266616981755895],[140.59125760818964,40.266987978658904],[140.59187309112642,40.26724128399844],[140.5924103288721,40.26733503090804],[140.59282096611463,40.267422043274586],[140.59336601969474,40.26769027029538],[140.59361359094595,40.26772525766847],[140.5946245223455,40.26758300457058],[140.59553685794904,40.26746854629106],[140.5957397947581,40.26738280093401],[140.59631696954048,40.26732582360766],[140.59700898852762,40.26743494265458],[140.5972708109027,40.26742040027243],[140.59766462200903,40.26748150224258],[140.5977546587579,40.267490304451215],[140.59857585907145,40.267685836518254],[140.59931797625197,40.26795445172374]]]},"properties":{"KEY_CODE":"052040100","PREF":"05","CITY":"204","CITY_NAME":"大館市","S_NAME":"字長根山下","SETAI":"0"}},{"type":"Feature","geometry":{"type":"Polygon","coordinates":[[[140.58248301133503,40.26628973646794],[140.58238090573818,40.266609968826316],[140.58234817378062,40.266836663162316],[140.5836138943154,40.26902206207787],[140.5844304486963,40.269021968019096],[140.584361435836,40.26933704951753],[140.58424822346578,40.26981895792796],[140.58427383807984,40.27009900900159],[140.58441337933752,40.270373762459315],[140.58444199272665,40.27049991589319],[140.5847265268241,40.27087881906006],[140.5848397676131,40.271055235533105],[140.58502344429093,40.27118172039543],[140.58533756837818,40.271427168784136],[140.58584306866393,40.271678584650296],[140.58638034614657,40.27185774886007],[140.58670852162015,40.27223302811321],[140.5870222534343,40.27258973498912],[140.58727808851043,40.272864715471954],[140.5873004637779,40.27304742722203],[140.5872975325967,40.27318464891505],[140.58753076771228,40.273352960906145],[140.58754520411802,40.27338080227701],[140.58755446056736,40.273501354824376],[140.5876014858315,40.27356172109598],[140.5878749692086,40.27365688683714],[140.58783143761426,40.27396555144943],[140.58758777625215,40.27434331276343],[140.58755353822693,40.27409383517988],[140.5873880783847,40.274280777221215],[140.58719771943413,40.27432209911262],[140.58627200060658,40.27367109709763],[140.58572427643188,40.27369589473287],[140.5837252084971,40.273353180207685],[140.5816861786877,40.26974386986842],[140.58055496540723,40.26835619142946],[140.58047180564733,40.268240120984515],[140.5798970161123,40.267856211017985],[140.57976735774378,40.267875311481376],[140.57977525112278,40.267858495335425],[140.57982961110756,40.26768355595669],[140.57998824972645,40.267350600431485],[140.58027249992674,40.26697315727975],[140.58079273904843,40.26671473748664],[140.58125206219563,40.266564948123666],[140.58197489182183,40.26631556659324],[140.58248301133503,40.26628973646794]]]},"properties":{"KEY_CODE":"052040110","PREF":"05","CITY":"204","CITY_NAME":"大館市","S_NAME":"字東台","SETAI":"27"}},{"type":"Feature","geometry":{"type":"Polygon","coordinates":[[[140.56211569804037,40.26192877523052],[140.56368285952172,40.26300998585132],[140.563765734464,40.26439543310074],[140.56252322638278,40.265387164214175],[140.5632528044906,40.265810979599344],[140.5618472725639,40.26767692851364],[140.56169363621632,40.26828913791936],[140.56003614564463,40.267223591656474],[140.55919412206757,40.26689036449948],[140.55953806306505,40.26618973822874],[140.56049436357173,40.26433489680219],[140.56073931439002,40.2630880440327],[140.5615177229888,40.26301660807638],[140.56245482483908,40.262447641513525],[140.56211569804037,40.26192877523052]]]},"properties":{"KEY_CODE":"052040120","PREF":"05","CITY":"204","CITY_NAME":"大館市","S_NAME":"字一心院南","SETAI":"196"}},{"type":"Feature","geometry":{"type":"Polygon","coordinates":[[[140.56533057485763,40.26626238322723],[140.56445296999854,40.26666729953791],[140.56356843964434,40.26809285713093],[140.5618472725639,40.26767692851364],[140.5632528044906,40.265810979599344],[140.56472560098757,40.265529885473356],[140.56533057485763,40.26626238322723]]]},"properties":{"KEY_CODE":"052040130","PREF":"05","CITY":"204","CITY_NAME":"大館市","S_NAME":"字谷地町後","SETAI":"72"}},{"type":"Feature","geometry":{"type":"Polygon","coordinates":[[[140.564908507092,40.26838294649011],[140.56421120286882,40.268156482585184],[140.5635190928713,40.269517538379155],[140.5615116618505,40.26894670048502],[140.56169363621632,40.26828913791936],[140.5618472725639,40.26767692851364],[140.56356843964434,40.26809285713093],[140.56445296999854,40.26666729953791],[140.56533057485763,40.26626238322723],[140.56563647386926,40.26595758926596],[140.5658610677702,40.26618198788687],[140.56603288843584,40.26665346885158],[140.56606314104397,40.266709496530176],[140.56631085016312,40.26686748780809],[140.56650528686535,40.267012516161465],[140.5666493453326,40.26718659350384],[140.56610908298168,40.267425536443476],[140.56501666018715,40.26783113964172],[140.56510597997016,40.26835838875847],[140.564908507092,40.26838294649011]]]},"properties":{"KEY_CODE":"052040140","PREF":"05","CITY":"204","CITY_NAME":"大館市","S_NAME":"字谷地町","SETAI":"83"}},{"type":"Feature","geometry":{"type":"Polygon","coordinates":[[[140.56714388219382,40.26944415501148],[140.56519329302577,40.26905130571517],[140.56471680131332,40.26894215780093],[140.56484709305082,40.26847818181581],[140.56510597997016,40.26835838875847],[140.56501666018715,40.26783113964172],[140.56610908298168,40.267425536443476],[140.5666493453326,40.26718659350384],[140.56650528686535,40.267012516161465],[140.56631085016312,40.26686748780809],[140.56606314104397,40.266709496530176],[140.56603288843584,40.26665346885158],[140.5658610677702,40.26618198788687],[140.56563647386926,40.26595758926596],[140.56575882368605,40.265834278343455],[140.56624080719817,40.26608375518058],[140.56629994365912,40.266152673171085],[140.56629549863177,40.26650713759677],[140.56681733426888,40.26708437193896],[140.56718565355365,40.267564448396],[140.56762234414637,40.26770886928241],[140.5677742202749,40.26782815080403],[140.56780762968182,40.267858554125965],[140.5679365166617,40.26801392938845],[140.56802751728912,40.268121407812366],[140.56818832641815,40.268294361019116],[140.5682509470769,40.26830692289861],[140.56818525849278,40.26851605258254],[140.56817683164016,40.268722357400854],[140.56822828893465,40.26889477776566],[140.56714388219382,40.26944415501148]]]},"properties":{"KEY_CODE":"052040150","PREF":"05","CITY":"204","CITY_NAME":"大館市","S_NAME":"字桜町","SETAI":"51"}},{"type":"Feature","geometry":{"type":"Polygon","coordinates":[[[140.56595314780736,40.265621348609834],[140.56575882368605,40.265834278343455],[140.56563647386926,40.26595758926596],[140.56533057485763,40.26626238322723],[140.56472560098757,40.265529885473356],[140.5632528044906,40.265810979599344],[140.56252322638278,40.265387164214175],[140.563765734464,40.26439543310074],[140.56368285952172,40.26300998585132],[140.56211569804037,40.26192877523052],[140.56202584116588,40.26189595226449],[140.56152461359693,40.261635433042784],[140.56152940945526,40.26147513771092],[140.56178361836228,40.26141749013514],[140.56203767370792,40.261427461361706],[140.56228285583842,40.261399397719074],[140.5631738591165,40.261608506055886],[140.56344829241038,40.26159243483161],[140.56415835946623,40.261674495711645],[140.56442661630754,40.261885330762745],[140.5646803131016,40.2619167035368],[140.5649297850708,40.26195974581603],[140.56513779989356,40.261970833800824],[140.56565549621152,40.26228114060213],[140.5653752512866,40.262261829314625],[140.5646258665972,40.26223210644571],[140.56409927681977,40.2621049485186],[140.56394983129388,40.26214191212017],[140.5639308901451,40.26230979201515],[140.56406834793864,40.26260977260301],[140.56426577321668,40.26276181372472],[140.56446187643587,40.26287071728112],[140.56450097883678,40.26299906374258],[140.56469440209074,40.26378192377832],[140.56468354900878,40.26383204934779],[140.56491702580766,40.26411942974339],[140.56523616551735,40.26431606150438],[140.56547457746456,40.264511343672005],[140.5657024317105,40.264682098389656],[140.56571420702883,40.26478241162452],[140.56579607062056,40.26488753070643],[140.56586885863967,40.26497632196357],[140.56569311619396,40.26511235109327],[140.56575336808,40.265282736041385],[140.5657745493733,40.26532709711087],[140.56585617014653,40.265488189984055],[140.56595314780736,40.265621348609834]]]},"properties":{"KEY_CODE":"052040160","PREF":"05","CITY":"204","CITY_NAME":"大館市","S_NAME":"字八幡沢岱","SETAI":"134"}},{"type":"Feature","geometry":{"type":"Polygon","coordinates":[[[140.56661827944637,40.26461775193831],[140.56649742061242,40.26474224522895],[140.5662987690557,40.26490035192667],[140.56620312035133,40.26520097250749],[140.56595314780736,40.265621348609834],[140.56585617014653,40.265488189984055],[140.5657745493733,40.26532709711087],[140.56575336808,40.265282736041385],[140.56569311619396,40.26511235109327],[140.56586885863967,40.26497632196357],[140.56579607062056,40.26488753070643],[140.56571420702883,40.26478241162452],[140.5657024317105,40.264682098389656],[140.56547457746456,40.264511343672005],[140.56523616551735,40.26431606150438],[140.56491702580766,40.26411942974339],[140.56468354900878,40.26383204934779],[140.56469440209074,40.26378192377832],[140.56450097883678,40.26299906374258],[140.56446187643587,40.26287071728112],[140.56426577321668,40.26276181372472],[140.56406834793864,40.26260977260301],[140.5639308901451,40.26230979201515],[140.56394983129388,40.26214191212017],[140.56409927681977,40.2621049485186],[140.5646258665972,40.26223210644571],[140.5653752512866,40.262261829314625],[140.56565549621152,40.26228114060213],[140.56585023205125,40.26234688801446],[140.56602970187006,40.26241726147852],[140.56621647529226,40.26257511265658],[140.56724454914993,40.26301822031831],[140.56751539409194,40.26310514324132],[140.5676133457463,40.26337704372342],[140.5675858196922,40.26340496725273],[140.56756750548755,40.263802533021895],[140.56738404664978,40.26397003587861],[140.56661827944637,40.26461775193831]]]},"properties":{"KEY_CODE":"052040170","PREF":"05","CITY":"204","CITY_NAME":"大館市","S_NAME":"字池内道下","SETAI":"36"}},{"type":"Feature","geometry":{"type":"Polygon","coordinates":[[[140.57197272744173,40.26552663120862],[140.57284362065081,40.26566851111159],[140.57282568940164,40.26597979516123],[140.5721749613146,40.266030804147974],[140.57197272744173,40.26552663120862]]]},"properties":{"KEY_CODE":"052040180","PREF":"05","CITY":"204","CITY_NAME":"大館市","S_NAME":"字扇田道下","SETAI":"6"}},{"type":"Feature","geometry":{"type":"Polygon","coordinates":[[[140.5603152920834,40.27018924159324],[140.5603540421159,40.27069083280584],[140.56052525065226,40.27126791951391],[140.56057425653572,40.27135994866094],[140.56077965073013,40.271670841163775],[140.5589119145488,40.27221833324544],[140.55723782290562,40.27212019101561],[140.55664249567815,40.27206895398285],[140.55628583264996,40.26879995052832],[140.5585435288524,40.26910166173948],[140.55864988390954,40.269941760023194],[140.56029144362356,40.26987724446611],[140.5603152920834,40.27018924159324]]]},"properties":{"KEY_CODE":"052040190","PREF":"05","CITY":"204","CITY_NAME":"大館市","S_NAME":"字大町","SETAI":"73"}},{"type":"Feature","geometry":{"type":"Polygon","coordinates":[[[140.56256391314628,40.27121311912196],[140.56077965073013,40.271670841163775],[140.56057425653572,40.27135994866094],[140.56052525065226,40.27126791951391],[140.5603540421159,40.27069083280584],[140.5603152920834,40.27018924159324],[140.56165869796828,40.26981086721849],[140.56195078053418,40.27047383328343],[140.56339412643405,40.2702394622825],[140.5635801596428,40.27111490348788],[140.56256391314628,40.27121311912196]]]},"properties":{"KEY_CODE":"052040200","PREF":"05","CITY":"204","CITY_NAME":"大館市","S_NAME":"字長倉","SETAI":"29"}},{"type":"Feature","geometry":{"type":"Polygon","coordinates":[[[140.56043404077428,40.26872340291179],[140.5615116618505,40.26894670048502],[140.5616586979683,40.26981086721849],[140.56029144362356,40.26987724446611],[140.55864988390954,40.269941760023194],[140.5585435288524,40.26910166173948],[140.55852164767407,40.26830976973714],[140.56043404077428,40.26872340291179]]]},"properties":{"KEY_CODE":"052040210","PREF":"05","CITY":"204","CITY_NAME":"大館市","S_NAME":"字中町","SETAI":"69"}},{"type":"Feature","geometry":{"type":"Polygon","coordinates":[[[140.5615116618505,40.26894670048502],[140.56043404077428,40.26872340291179],[140.55859463569078,40.26809158778655],[140.55919412206757,40.26689036449948],[140.56003614564463,40.267223591656474],[140.56169363621632,40.26828913791936],[140.5615116618505,40.26894670048502]]]},"properties":{"KEY_CODE":"052040220","PREF":"05","CITY":"204","CITY_NAME":"大館市","S_NAME":"字新町","SETAI":"71"}},{"type":"Feature","geometry":{"type":"Polygon","coordinates":[[[140.55909642673075,40.274341768354944],[140.5592180075273,40.27533954855004],[140.56158041783715,40.27571385261664],[140.5618080813826,40.27490914386464],[140.56469860043651,40.27555722699915],[140.56408765242867,40.27802162005271],[140.5611797381422,40.27755816753525],[140.55694924950157,40.277778226619176],[140.5569195421973,40.274445324458675],[140.55909642673075,40.274341768354944]]]},"properties":{"KEY_CODE":"052040230","PREF":"05","CITY":"204","CITY_NAME":"大館市","S_NAME":"字水門前","SETAI":"199"}},{"type":"Feature","geometry":{"type":"Polygon","coordinates":[[[140.57079742300814,40.277498306099645],[140.5666153424081,40.278119674988154],[140.56408765242867,40.27802162005271],[140.56469860043651,40.27555722699915],[140.5618080813826,40.27490914386464],[140.56158041783715,40.27571385261664],[140.5592180075273,40.27533954855004],[140.55909642673075,40.274341768354944],[140.55903983387114,40.27356791332428],[140.56226211225368,40.27362119450432],[140.56438494084472,40.27416505617981],[140.56459109567112,40.27358091687808],[140.56394792750194,40.27272533125406],[140.56403039317172,40.272650797078384],[140.56436135724297,40.272991298403504],[140.56459444422288,40.27319823361213],[140.5651367113745,40.27411794853411],[140.56487153744396,40.27504548612778],[140.56633540361298,40.27522185603764],[140.56572728075312,40.27584567141316],[140.5665206128005,40.27656610654959],[140.57014156252737,40.27573962428877],[140.57046100849408,40.27625509578606],[140.57297343505985,40.27577219786454],[140.5733570725719,40.2770155417099],[140.57079742300814,40.277498306099645]]]},"properties":{"KEY_CODE":"052040240","PREF":"05","CITY":"204","CITY_NAME":"大館市","S_NAME":"字長木川南","SETAI":"364"}},{"type":"Feature","geometry":{"type":"Polygon","coordinates":[[[140.56403039317172,40.272650797078384],[140.56394792750194,40.27272533125406],[140.56459109567112,40.27358091687808],[140.56438494084472,40.27416505617981],[140.56226211225368,40.27362119450432],[140.55903983387114,40.27356791332428],[140.5589119145488,40.27221833324544],[140.56077965073013,40.271670841163775],[140.56256391314628,40.27121311912196],[140.56358015964278,40.27111490348788],[140.56385623218165,40.27237600705788],[140.5639394300163,40.27255722889754],[140.56403039317172,40.272650797078384]]]},"properties":{"KEY_CODE":"052040250","PREF":"05","CITY":"204","CITY_NAME":"大館市","S_NAME":"字三の丸","SETAI":"103"}},{"type":"Feature","geometry":{"type":"Polygon","coordinates":[[[140.5569195421973,40.274445324458675],[140.55687014466383,40.274438909042495],[140.5568511840834,40.27403545083541],[140.55664302109963,40.273577975971925],[140.5566170947734,40.27336833670824],[140.5566256861225,40.27328325226102],[140.5568143343481,40.2729701265235],[140.55720786302325,40.27240060722652],[140.5589119145488,40.272218333245405],[140.55903983387114,40.27356791332428],[140.55909642673072,40.274341768354944],[140.5569195421973,40.274445324458675]]]},"properties":{"KEY_CODE":"052040260","PREF":"05","CITY":"204","CITY_NAME":"大館市","S_NAME":"字大館","SETAI":"28"}},{"type":"Feature","geometry":{"type":"Polygon","coordinates":[[[140.57426036199362,40.27420428061722],[140.57344451089133,40.27438956829743],[140.57495332577372,40.27560582134973],[140.57624300096336,40.27600125064024],[140.57625262036427,40.27679803575257],[140.5733570725719,40.2770155417099],[140.57297343505985,40.27577219786454],[140.57046100849408,40.27625509578606],[140.57014156252737,40.27573962428877],[140.5665206128005,40.27656610654959],[140.56572728075312,40.27584567141316],[140.56633540361298,40.27522185603764],[140.56487153744396,40.27504548612778],[140.5651367113745,40.27411794853411],[140.56459444422288,40.27319823361213],[140.56506721842408,40.27295891271574],[140.5653473192795,40.27288559178927],[140.56567866531293,40.27271699226057],[140.56607497990976,40.272518389601416],[140.5663931245807,40.27247044797876],[140.56661699781654,40.27246317052267],[140.56682187376512,40.272755635009034],[140.56705029657323,40.27288854889415],[140.5672138232452,40.2730203106728],[140.56746506874038,40.27316689262145],[140.56824313274424,40.27357064476816],[140.5683928859284,40.27365470300519],[140.568674005243,40.273968763073945],[140.56885943349033,40.27403925157667],[140.56897003389517,40.27405216934804],[140.5690268673115,40.274154483650236],[140.56975186476697,40.27447247352761],[140.57006559565298,40.27457538932224],[140.57030211555846,40.27458955868795],[140.5705311908312,40.274556972103845],[140.57065597725568,40.27451832673501],[140.57111935190048,40.27440841161438],[140.5714154291162,40.274146290947336],[140.57165808151117,40.27421400082225],[140.57191353430903,40.27426810731267],[140.57202283985694,40.274283920789145],[140.57330569692442,40.27407269067185],[140.57426036199362,40.27420428061722]]]},"properties":{"KEY_CODE":"052040270","PREF":"05","CITY":"204","CITY_NAME":"大館市","S_NAME":"字鉄砲場","SETAI":"310"}},{"type":"Feature","geometry":{"type":"Polygon","coordinates":[[[140.57942859158126,40.28916349270971],[140.57759495808412,40.28978302022562],[140.57652246332674,40.289179435920914],[140.57376796884486,40.289870139555646],[140.57118815965987,40.28952073648648],[140.56586090582576,40.287058966566754],[140.56696998396944,40.287209161043855],[140.57110293517422,40.28785046918509],[140.57942859158126,40.28916349270971]]]},"properties":{"KEY_CODE":"052040280","PREF":"05","CITY":"204","CITY_NAME":"大館市","S_NAME":"字代野","SETAI":"223"}},{"type":"Feature","geometry":{"type":"Polygon","coordinates":[[[140.58235543043904,40.28881958953973],[140.58092796452317,40.28849353014611],[140.57942859158126,40.28916349270971],[140.57110293517422,40.28785046918509],[140.57094347961353,40.283272502690366],[140.57227693736846,40.28326596331934],[140.5738044329663,40.283706479664275],[140.58386507180637,40.286683065038495],[140.58383995138647,40.28673659315021],[140.5827190795934,40.288865779806834],[140.58235543043904,40.28881958953973]]]},"properties":{"KEY_CODE":"052040290","PREF":"05","CITY":"204","CITY_NAME":"大館市","S_NAME":"字大田面","SETAI":"399"}},{"type":"Feature","geometry":{"type":"Polygon","coordinates":[[[140.58624390766474,40.28201280990636],[140.58435360831578,40.285712828892564],[140.58386507180637,40.286683065038495],[140.5738044329663,40.283706479664275],[140.57227693736846,40.28326596331934],[140.57094347961353,40.283272502690366],[140.57085178442546,40.28108141870618],[140.57079742300814,40.277498306099645],[140.5733570725719,40.2770155417099],[140.57625262036427,40.27679803575257],[140.5791295446915,40.27736741891406],[140.57987390352878,40.278005649144475],[140.58004277761307,40.27813707129296],[140.58031103533816,40.27832317145397],[140.58062505933833,40.278481472140356],[140.58108104127393,40.278851894246],[140.58180468223892,40.27948121984542],[140.58264383475424,40.28029410751292],[140.5830367173115,40.280560228398215],[140.5832107370979,40.28061339553795],[140.5838716588989,40.281038394269245],[140.5840928356751,40.281111099544255],[140.58480865768155,40.281414021760476],[140.58525610891897,40.28148592523558],[140.58622426287982,40.28150883953194],[140.58624390766474,40.28201280990636]]]},"properties":{"KEY_CODE":"052040300","PREF":"05","CITY":"204","CITY_NAME":"大館市","S_NAME":"字観音堂","SETAI":"927"}},{"type":"Feature","geometry":{"type":"Polygon","coordinates":[[[140.56344829241038,40.26159243483161],[140.5631738591165,40.261608506055886],[140.56228285583842,40.261399397719074],[140.56203767370792,40.261427461361706],[140.56092176013516,40.26029541327602],[140.56093821216368,40.259889944378656],[140.56096450405937,40.259562092473985],[140.56182206174722,40.258690079833606],[140.56283116466233,40.25741774403886],[140.56382887967678,40.25747161362396],[140.5640196019858,40.25800865116093],[140.56397625712623,40.25813508396466],[140.56401823153675,40.25835545590526],[140.56422590945434,40.258477790316356],[140.56438215624388,40.25883313875304],[140.56438559156197,40.259131913061104],[140.56339532847468,40.260663243472045],[140.56344829241038,40.26159243483161]]]},"properties":{"KEY_CODE":"052040310","PREF":"05","CITY":"204","CITY_NAME":"大館市","S_NAME":"字池内道上","SETAI":"56"}},{"type":"Feature","geometry":{"type":"Polygon","coordinates":[[[140.56513779989356,40.261970833800824],[140.5649297850708,40.26195974581603],[140.5646803131016,40.2619167035368],[140.56442661630754,40.261885330762745],[140.56415835946623,40.261674495711645],[140.56344829241038,40.26159243483161],[140.56339532847468,40.260663243472045],[140.56438559156197,40.259131913061104],[140.56443405905716,40.259260897122225],[140.5645411471708,40.259272861836585],[140.5648900182634,40.25930178022845],[140.56517445107067,40.25936805400318],[140.56561335026515,40.25946163358091],[140.5657756023112,40.2594596683489],[140.56644214949023,40.25927491777406],[140.5665859315555,40.259298680723795],[140.5669982781029,40.25953628094148],[140.5671952916732,40.25964570983215],[140.56819532040035,40.25989872615007],[140.56843844276216,40.259961361446905],[140.56854530206286,40.26003893617939],[140.56878283585868,40.260358174307285],[140.56907398364402,40.26066696094369],[140.56919912581617,40.26076097205526],[140.5694181437156,40.26125572316214],[140.56969870823886,40.261494016308724],[140.5694921552568,40.26182902261656],[140.56914322607105,40.26167534502273],[140.56874137247192,40.261574634998986],[140.5685989982469,40.261807882463806],[140.56851459737837,40.26247333076609],[140.56831282713867,40.26263954315214],[140.56813201786426,40.26276439461635],[140.56655952772726,40.262311722573436],[140.56592014158062,40.26195141049611],[140.56513779989356,40.261970833800824]]]},"properties":{"KEY_CODE":"052040320","PREF":"05","CITY":"204","CITY_NAME":"大館市","S_NAME":"字象ケ鼻","SETAI":"55"}},{"type":"Feature","geometry":{"type":"Polygon","coordinates":[[[140.5615177229888,40.26301660807638],[140.56073931439002,40.2630880440327],[140.5607538668795,40.262745248281625],[140.56092176013516,40.26029541327602],[140.56203767370792,40.261427461361706],[140.56178361836228,40.26141749013514],[140.56152940945526,40.26147513771092],[140.56152461359693,40.261635433042784],[140.56202584116588,40.26189595226449],[140.56245482483908,40.262447641513525],[140.5615177229888,40.26301660807638]]]},"properties":{"KEY_CODE":"052040330","PREF":"05","CITY":"204","CITY_NAME":"大館市","S_NAME":"字七曲岱","SETAI":"47"}},{"type":"Feature","geometry":{"type":"Polygon","coordinates":[[[140.54797459883198,40.26898800678624],[140.54744876028778,40.269623115721345],[140.54834139143074,40.270664692192746],[140.55035624319078,40.27076595744639],[140.5514525349326,40.271598113477445],[140.5510295172689,40.27223538709946],[140.54701612953875,40.27262256642486],[140.54442972610292,40.270117557097564],[140.54437385368698,40.26861360639454],[140.54467162425593,40.26837706494222],[140.54653193499422,40.2679223065095],[140.54797459883198,40.26898800678624]]]},"properties":{"KEY_CODE":"052040340","PREF":"05","CITY":"204","CITY_NAME":"大館市","S_NAME":"美園町","SETAI":"285"}},{"type":"Feature","geometry":{"type":"Polygon","coordinates":[[[140.55017687872015,40.27817787756365],[140.54878448289065,40.27885595551622],[140.5483432837053,40.27822274043483],[140.54639784468705,40.278292681036646],[140.5462170742014,40.27717966054102],[140.54853229509058,40.27552359909796],[140.5494055136348,40.27455117040926],[140.55001265662406,40.274592517773215],[140.55017687872015,40.27817787756365]]]},"properties":{"KEY_CODE":"052040350","PREF":"05","CITY":"204","CITY_NAME":"大館市","S_NAME":"字館下","SETAI":"159"}},{"type":"Feature","geometry":{"type":"Polygon","coordinates":[[[140.5637774493106,40.29040666551113],[140.56267785264413,40.29105600759199],[140.56094269863004,40.28940755586522],[140.56040218655224,40.29035496483595],[140.5580451293202,40.2905026054334],[140.5556321242814,40.289524115742125],[140.55469900836167,40.288521511139635],[140.55099327236877,40.28796114679017],[140.55150478119518,40.287143445537716],[140.55498536624125,40.28624800685138],[140.55557456693396,40.286220043721485],[140.5547737476538,40.287326263508284],[140.5560491440183,40.28746829225492],[140.5561514476934,40.28807961186614],[140.5610903534332,40.28917272860264],[140.56198771991964,40.28718661242886],[140.56118584633688,40.28625118161676],[140.56255151827287,40.28652339607007],[140.5639034625044,40.286738553623756],[140.5637774493106,40.29040666551113]]]},"properties":{"KEY_CODE":"052040360","PREF":"05","CITY":"204","CITY_NAME":"大館市","S_NAME":"字板子石境","SETAI":"63"}},{"type":"Feature","geometry":{"type":"Polygon","coordinates":[[[140.572550878627,40.27157246224672],[140.57216551357737,40.2725721682231],[140.57101192201023,40.27225225770035],[140.56979736068462,40.27191858185715],[140.56886486356765,40.27166337709567],[140.56984816305365,40.26996814080111],[140.57027221573927,40.26949606651315],[140.57070894607986,40.26903376488024],[140.5739404038073,40.26972334225125],[140.57342476240868,40.27120455832254],[140.5727822185958,40.27161191257247],[140.572550878627,40.27157246224672]]]},"properties":{"KEY_CODE":"052040370","PREF":"05","CITY":"204","CITY_NAME":"大館市","S_NAME":"赤館町","SETAI":"144"}},{"type":"Feature","geometry":{"type":"Polygon","coordinates":[[[140.57262953243583,40.26641237297211],[140.5749917523111,40.266794566251185],[140.5739404038073,40.26972334225125],[140.57070894607986,40.26903376488024],[140.57174127316424,40.26708859004852],[140.57262953243583,40.26641237297211]]]},"properties":{"KEY_CODE":"05204038001","PREF":"05","CITY":"204","CITY_NAME":"大館市","S_NAME":"東台一丁目","SETAI":"150"}},{"type":"Feature","geometry":{"type":"Polygon","coordinates":[[[140.57673262085095,40.267145257079434],[140.57516459178544,40.27154230722922],[140.57342476240868,40.27120455832254],[140.5739404038073,40.26972334225125],[140.5749917523111,40.266794566251185],[140.57673262085095,40.267145257079434]]]},"properties":{"KEY_CODE":"05204038002","PREF":"05","CITY":"204","CITY_NAME":"大館市","S_NAME":"東台二丁目","SETAI":"145"}},{"type":"Feature","geometry":{"type":"Polygon","coordinates":[[[140.57743334687524,40.26570141254415],[140.57673262085095,40.267145257079434],[140.5749917523111,40.266794566251185],[140.57262953243583,40.26641237297211],[140.57279012847343,40.26610915040049],[140.57282568940164,40.26597979516123],[140.57284362065081,40.26566851111159],[140.57283188221066,40.26554955295936],[140.57254583197357,40.26307226415356],[140.57438035855756,40.26396410472678],[140.57601315689075,40.26343385651587],[140.5772263274189,40.26361449413525],[140.57767332131917,40.26457402959302],[140.57743334687524,40.26570141254415]]]},"properties":{"KEY_CODE":"05204038003","PREF":"05","CITY":"204","CITY_NAME":"大館市","S_NAME":"東台三丁目","SETAI":"175"}},{"type":"Feature","geometry":{"type":"Polygon","coordinates":[[[140.5781365612755,40.27215556802098],[140.57702388401327,40.27533478924494],[140.57624300096336,40.27600125064024],[140.57495332577372,40.27560582134973],[140.57344451089133,40.27438956829743],[140.57426036199362,40.27420428061722],[140.57431953889005,40.274031160762135],[140.57516459178544,40.27154230722922],[140.5781365612755,40.27215556802098]]]},"properties":{"KEY_CODE":"05204038004","PREF":"05","CITY":"204","CITY_NAME":"大館市","S_NAME":"東台四丁目","SETAI":"206"}},{"type":"Feature","geometry":{"type":"Polygon","coordinates":[[[140.57743334687524,40.26570141254415],[140.57977525112278,40.267858495335425],[140.57976735774378,40.267875311481376],[140.57876965331346,40.27070725348313],[140.57822941589563,40.272166555202766],[140.5781365612755,40.27215556802098],[140.57516459178544,40.27154230722922],[140.57673262085095,40.267145257079434],[140.57743334687524,40.26570141254415]]]},"properties":{"KEY_CODE":"05204038005","PREF":"05","CITY":"204","CITY_NAME":"大館市","S_NAME":"東台五丁目","SETAI":"277"}},{"type":"Feature","geometry":{"type":"Polygon","coordinates":[[[140.58361518287245,40.276593461075485],[140.58348798519282,40.276913993649764],[140.58362562152288,40.27705338263633],[140.5837465417046,40.27711668919648],[140.58424198416284,40.27747748983583],[140.58405733379084,40.27761247269376],[140.58366945041584,40.277652432067356],[140.58349989065456,40.277637219754936],[140.58259714020616,40.27732930937712],[140.5822729364602,40.2771913796533],[140.58180349391492,40.27700863031231],[140.58135139057754,40.276727651529825],[140.58103651373497,40.27668986799869],[140.58050003869505,40.27693903415072],[140.57989342133936,40.27715652356798],[140.57964185165966,40.27712189926194],[140.57949948677697,40.277156293253604],[140.5791295446915,40.27736741891406],[140.57625262036427,40.27679803575257],[140.57624300096336,40.27600125064024],[140.57702388401327,40.27533478924494],[140.5781365612755,40.27215556802098],[140.57822941589563,40.272166555202766],[140.5824274913854,40.273066670205054],[140.58372520849704,40.273353180207685],[140.5844464543223,40.27457955419695],[140.58429730080226,40.27560469906523],[140.58361518287245,40.276593461075485]]]},"properties":{"KEY_CODE":"05204038006","PREF":"05","CITY":"204","CITY_NAME":"大館市","S_NAME":"東台六丁目","SETAI":"325"}},{"type":"Feature","geometry":{"type":"Polygon","coordinates":[[[140.5798970161123,40.267856211017985],[140.58047180564733,40.268240120984515],[140.58055496540723,40.26835619142946],[140.5816861786877,40.26974386986842],[140.5837252084971,40.273353180207685],[140.5824274913854,40.273066670205054],[140.57822941589563,40.272166555202766],[140.57876965331346,40.27070725348313],[140.57976735774378,40.267875311481376],[140.5798970161123,40.267856211017985]]]},"properties":{"KEY_CODE":"05204038007","PREF":"05","CITY":"204","CITY_NAME":"大館市","S_NAME":"東台七丁目","SETAI":"260"}},{"type":"Feature","geometry":{"type":"Polygon","coordinates":[[[140.55498536624125,40.28624800685138],[140.55150478119518,40.287143445537716],[140.54763931342103,40.286364191680555],[140.5476467879675,40.285989100822654],[140.55005472908013,40.285963389524234],[140.55001565648178,40.28494193017624],[140.55112651099503,40.28482412798875],[140.55113433068286,40.28384595160657],[140.554606175328,40.28380804313961],[140.55498536624125,40.28624800685138]]]},"properties":{"KEY_CODE":"05204039001","PREF":"05","CITY":"204","CITY_NAME":"大館市","S_NAME":"清水一丁目","SETAI":"264"}},{"type":"Feature","geometry":{"type":"Polygon","coordinates":[[[140.5545491109531,40.28058450878716],[140.554606175328,40.28380804313961],[140.55113433068286,40.28384595160657],[140.55107290009113,40.28065030493937],[140.55265385515557,40.28060176120439],[140.55262295907445,40.27979449197238],[140.5545087163713,40.279775228133026],[140.5545491109531,40.28058450878716]]]},"properties":{"KEY_CODE":"05204039002","PREF":"05","CITY":"204","CITY_NAME":"大館市","S_NAME":"清水二丁目","SETAI":"137"}},{"type":"Feature","geometry":{"type":"Polygon","coordinates":[[[140.5543992332266,40.277951752001215],[140.5545087163713,40.279775228133026],[140.55262295907445,40.27979449197238],[140.55265385515557,40.28060176120439],[140.55107290009113,40.28065030493937],[140.5509640095282,40.27805689008043],[140.5543992332266,40.277951752001215]]]},"properties":{"KEY_CODE":"05204039003","PREF":"05","CITY":"204","CITY_NAME":"大館市","S_NAME":"清水三丁目","SETAI":"120"}},{"type":"Feature","geometry":{"type":"Polygon","coordinates":[[[140.55113433068286,40.28384595160657],[140.55112651099503,40.28482412798875],[140.55001565648178,40.28494193017624],[140.55005472908013,40.285963389524234],[140.5476467879675,40.285989100822654],[140.54763931342103,40.286364191680555],[140.54373658745348,40.28556811510682],[140.54356587048244,40.283932016597475],[140.55113433068286,40.28384595160657]]]},"properties":{"KEY_CODE":"05204039004","PREF":"05","CITY":"204","CITY_NAME":"大館市","S_NAME":"清水四丁目","SETAI":"173"}},{"type":"Feature","geometry":{"type":"Polygon","coordinates":[[[140.5509640095282,40.27805689008043],[140.55107290009113,40.28065030493937],[140.55113433068286,40.28384595160657],[140.54356587048244,40.283932016597475],[140.54339135733755,40.2821750059027],[140.5470690081653,40.2807887529524],[140.54878448289065,40.27885595551622],[140.55017687872015,40.27817787756365],[140.5509640095282,40.27805689008043]]]},"properties":{"KEY_CODE":"05204039005","PREF":"05","CITY":"204","CITY_NAME":"大館市","S_NAME":"清水五丁目","SETAI":"416"}},{"type":"Feature","geometry":{"type":"Polygon","coordinates":[[[140.55498536624125,40.28624800685138],[140.554606175328,40.28380804313961],[140.5570863260383,40.28373049890242],[140.55726110429245,40.286028096258455],[140.55557456693396,40.286220043721485],[140.55498536624125,40.28624800685138]]]},"properties":{"KEY_CODE":"05204040001","PREF":"05","CITY":"204","CITY_NAME":"大館市","S_NAME":"中道一丁目","SETAI":"62"}},{"type":"Feature","geometry":{"type":"Polygon","coordinates":[[[140.55864354842166,40.28048392658678],[140.55886297041295,40.28155844337694],[140.55844355021534,40.28284793719033],[140.55736381267337,40.283708521522975],[140.5570863260383,40.28373049890242],[140.554606175328,40.28380804313961],[140.5545491109531,40.28058450878716],[140.55864354842166,40.28048392658678]]]},"properties":{"KEY_CODE":"05204040002","PREF":"05","CITY":"204","CITY_NAME":"大館市","S_NAME":"中道二丁目","SETAI":"131"}},{"type":"Feature","geometry":{"type":"Polygon","coordinates":[[[140.55864354842166,40.28048392658678],[140.5545491109531,40.28058450878716],[140.5545087163713,40.279775228133026],[140.5543992332266,40.277951752001215],[140.55654137775377,40.27781192450836],[140.55657953765075,40.27875270780307],[140.5575122985805,40.27946527297122],[140.55863663586408,40.27944811983194],[140.55864354842166,40.28048392658678]]]},"properties":{"KEY_CODE":"05204040003","PREF":"05","CITY":"204","CITY_NAME":"大館市","S_NAME":"中道三丁目","SETAI":"139"}},{"type":"Feature","geometry":{"type":"Polygon","coordinates":[[[140.56118584633688,40.28625118161676],[140.56198771991964,40.28718661242886],[140.5610903534332,40.28917272860264],[140.5561514476934,40.28807961186614],[140.5560491440183,40.28746829225492],[140.5547737476538,40.287326263508284],[140.55557456693396,40.286220043721485],[140.55726110429245,40.286028096258455],[140.56118584633688,40.28625118161676]]]},"properties":{"KEY_CODE":"05204041001","PREF":"05","CITY":"204","CITY_NAME":"大館市","S_NAME":"御成町一丁目","SETAI":"99"}},{"type":"Feature","geometry":{"type":"Polygon","coordinates":[[[140.56240754424132,40.28349543260244],[140.56255151827287,40.28652339607007],[140.56118584633688,40.28625118161676],[140.55726110429245,40.286028096258455],[140.5570863260383,40.28373049890242],[140.55736381267337,40.283708521522975],[140.56240754424132,40.28349543260244]]]},"properties":{"KEY_CODE":"05204041002","PREF":"05","CITY":"204","CITY_NAME":"大館市","S_NAME":"御成町二丁目","SETAI":"197"}},{"type":"Feature","geometry":{"type":"Polygon","coordinates":[[[140.56229796077162,40.2812990898621],[140.56240754424132,40.28349543260244],[140.55736381267337,40.283708521522975],[140.55844355021534,40.28284793719033],[140.55886297041295,40.28155844337694],[140.55864354842166,40.28048392658678],[140.56224304697983,40.28022637246612],[140.56229796077162,40.2812990898621]]]},"properties":{"KEY_CODE":"05204041003","PREF":"05","CITY":"204","CITY_NAME":"大館市","S_NAME":"御成町三丁目","SETAI":"124"}},{"type":"Feature","geometry":{"type":"Polygon","coordinates":[[[140.56408765242867,40.27802162005271],[140.5637832870781,40.279320125327295],[140.56231796778522,40.27952329722508],[140.56224304697983,40.28022637246612],[140.55864354842166,40.28048392658678],[140.55863663586408,40.27944811983194],[140.5575122985805,40.27946527297122],[140.55657953765075,40.27875270780307],[140.55654137775377,40.27781192450836],[140.55694924950157,40.277778226619176],[140.5611797381422,40.27755816753525],[140.56408765242867,40.27802162005271]]]},"properties":{"KEY_CODE":"05204041004","PREF":"05","CITY":"204","CITY_NAME":"大館市","S_NAME":"御成町四丁目","SETAI":"124"}},{"type":"Feature","geometry":{"type":"Polygon","coordinates":[[[140.56682782656375,40.28338071121085],[140.56696998396944,40.287209161043855],[140.56586090582576,40.287058966566754],[140.5639034625044,40.286738553623756],[140.56255151827287,40.28652339607007],[140.56240754424132,40.28349543260244],[140.56682782656375,40.28338071121085]]]},"properties":{"KEY_CODE":"05204042001","PREF":"05","CITY":"204","CITY_NAME":"大館市","S_NAME":"有浦一丁目","SETAI":"220"}},{"type":"Feature","geometry":{"type":"Polygon","coordinates":[[[140.56675120590492,40.2811962173531],[140.56682782656375,40.28338071121085],[140.56240754424132,40.28349543260244],[140.56229796077162,40.2812990898621],[140.56675120590492,40.2811962173531]]]},"properties":{"KEY_CODE":"05204042002","PREF":"05","CITY":"204","CITY_NAME":"大館市","S_NAME":"有浦二丁目","SETAI":"139"}},{"type":"Feature","geometry":{"type":"Polygon","coordinates":[[[140.5666153424081,40.278119674988154],[140.56675120590492,40.2811962173531],[140.56229796077162,40.2812990898621],[140.56224304697983,40.28022637246612],[140.56231796778522,40.27952329722508],[140.5637832870781,40.279320125327295],[140.56408765242867,40.27802162005271],[140.5666153424081,40.278119674988154]]]},"properties":{"KEY_CODE":"05204042003","PREF":"05","CITY":"204","CITY_NAME":"大館市","S_NAME":"有浦三丁目","SETAI":"150"}},{"type":"Feature","geometry":{"type":"Polygon","coordinates":[[[140.57094347961353,40.283272502690366],[140.57110293517422,40.28785046918509],[140.56696998396944,40.287209161043855],[140.56682782656375,40.28338071121085],[140.57094347961353,40.283272502690366]]]},"properties":{"KEY_CODE":"05204042004","PREF":"05","CITY":"204","CITY_NAME":"大館市","S_NAME":"有浦四丁目","SETAI":"232"}},{"type":"Feature","geometry":{"type":"Polygon","coordinates":[[[140.57085178442546,40.28108141870618],[140.57094347961353,40.283272502690366],[140.56682782656375,40.28338071121085],[140.56675120590492,40.2811962173531],[140.57085178442546,40.28108141870618]]]},"properties":{"KEY_CODE":"05204042005","PREF":"05","CITY":"204","CITY_NAME":"大館市","S_NAME":"有浦五丁目","SETAI":"65"}},{"type":"Feature","geometry":{"type":"Polygon","coordinates":[[[140.57079742300814,40.277498306099645],[140.57085178442546,40.28108141870618],[140.56675120590492,40.2811962173531],[140.5666153424081,40.278119674988154],[140.57079742300814,40.277498306099645]]]},"properties":{"KEY_CODE":"05204042006","PREF":"05","CITY":"204","CITY_NAME":"大館市","S_NAME":"有浦六丁目","SETAI":"202"}},{"type":"Feature","geometry":{"type":"Polygon","coordinates":[[[140.5510295172689,40.27223538709946],[140.55424762090345,40.27193843694506],[140.55664249567815,40.27206895398285],[140.55723782290562,40.27212019101561],[140.55720786302325,40.27240060722652],[140.5568143343481,40.2729701265235],[140.5566256861225,40.27328325226102],[140.5566170947734,40.27336833670824],[140.55664302109963,40.273577975971925],[140.5568511840834,40.27403545083541],[140.55687014466383,40.274438909042495],[140.55001265662406,40.274592517773215],[140.5494055136348,40.27455117040926],[140.5510295172689,40.27223538709946]]]},"properties":{"KEY_CODE":"052040430","PREF":"05","CITY":"204","CITY_NAME":"大館市","S_NAME":"豊町","SETAI":"221"}},{"type":"Feature","geometry":{"type":"Polygon","coordinates":[[[140.5569195421973,40.274445324458675],[140.55694924950157,40.277778226619176],[140.55654137775377,40.27781192450836],[140.5543992332266,40.277951752001215],[140.5509640095282,40.27805689008043],[140.55017687872015,40.27817787756365],[140.55001265662406,40.274592517773215],[140.55687014466383,40.274438909042495],[140.5569195421973,40.274445324458675]]]},"properties":{"KEY_CODE":"052040440","PREF":"05","CITY":"204","CITY_NAME":"大館市","S_NAME":"水門町","SETAI":"165"}},{"type":"Feature","geometry":{"type":"Polygon","coordinates":[[[140.55664249567815,40.27206895398285],[140.55424762090345,40.27193843694506],[140.5510295172689,40.27223538709946],[140.5514525349326,40.271598113477445],[140.5527231831392,40.26943325331733],[140.55290482162795,40.26910136552902],[140.55628583264996,40.26879995052832],[140.55664249567815,40.27206895398285]]]},"properties":{"KEY_CODE":"052040450","PREF":"05","CITY":"204","CITY_NAME":"大館市","S_NAME":"幸町","SETAI":"159"}},{"type":"Feature","geometry":{"type":"Polygon","coordinates":[[[140.54288180558805,40.271136839661075],[140.54566667025492,40.27276524360495],[140.54529942835205,40.272814024034226],[140.5385387039757,40.27353317050735],[140.53880410577753,40.27191240395274],[140.53993622536896,40.272306907897494],[140.54222940872887,40.27168583126061],[140.54288180558805,40.271136839661075]]]},"properties":{"KEY_CODE":"052040460","PREF":"05","CITY":"204","CITY_NAME":"大館市","S_NAME":"住吉町","SETAI":"99"}},{"type":"Feature","geometry":{"type":"Polygon","coordinates":[[[140.54475003285077,40.2667939557496],[140.54653193499422,40.2679223065095],[140.54467162425593,40.26837706494222],[140.54437385368698,40.26861360639454],[140.54442972610292,40.270117557097564],[140.54701612953875,40.27262256642486],[140.54566667025492,40.27276524360495],[140.54288180558805,40.271136839661075],[140.54207190715212,40.27059229891091],[140.54350796456762,40.269708619734836],[140.54222099043432,40.26857474831656],[140.54475003285077,40.2667939557496]]]},"properties":{"KEY_CODE":"052040470","PREF":"05","CITY":"204","CITY_NAME":"大館市","S_NAME":"城西町","SETAI":"177"}},{"type":"Feature","geometry":{"type":"Polygon","coordinates":[[[140.5527231831392,40.26943325331733],[140.5514525349326,40.271598113477445],[140.55035624319078,40.27076595744639],[140.54834139143074,40.270664692192746],[140.54744876028778,40.269623115721345],[140.54797459883198,40.26898800678624],[140.551642675558,40.26905332561955],[140.5527231831392,40.26943325331733]]]},"properties":{"KEY_CODE":"052040480","PREF":"05","CITY":"204","CITY_NAME":"大館市","S_NAME":"御坂町","SETAI":"102"}},{"type":"Feature","geometry":{"type":"Polygon","coordinates":[[[140.55290482162795,40.26910136552902],[140.5527231831392,40.26943325331733],[140.551642675558,40.26905332561955],[140.54797459883198,40.26898800678624],[140.54653193499422,40.2679223065095],[140.54475003285077,40.2667939557496],[140.54639507538204,40.26518802130674],[140.54809047938755,40.26569555343682],[140.5497092148885,40.26695157756277],[140.54986169885325,40.2665421681216],[140.55374202550055,40.267615107598],[140.55290482162795,40.26910136552902]]]},"properties":{"KEY_CODE":"052040490","PREF":"05","CITY":"204","CITY_NAME":"大館市","S_NAME":"北神明町","SETAI":"218"}},{"type":"Feature","geometry":{"type":"Polygon","coordinates":[[[140.54869752549592,40.26360546515772],[140.55083216275284,40.26497449363577],[140.55281331705004,40.26586245790268],[140.5539976081396,40.26726909365119],[140.55374202550055,40.267615107598],[140.54986169885325,40.2665421681216],[140.5497092148885,40.26695157756277],[140.54809047938755,40.26569555343682],[140.54639507538204,40.26518802130674],[140.54728818463266,40.26367740856397],[140.54869752549592,40.26360546515772]]]},"properties":{"KEY_CODE":"052040500","PREF":"05","CITY":"204","CITY_NAME":"大館市","S_NAME":"中神明町","SETAI":"150"}},{"type":"Feature","geometry":{"type":"Polygon","coordinates":[[[140.55139749895974,40.26289790386972],[140.55326556033776,40.26385737409044],[140.55580890500903,40.264532526724985],[140.55455378995197,40.26631534895491],[140.5539976081396,40.26726909365119],[140.55281331705004,40.26586245790268],[140.55083216275284,40.26497449363577],[140.54869752549592,40.26360546515772],[140.55041007559566,40.26312069923339],[140.55139749895974,40.26289790386972]]]},"properties":{"KEY_CODE":"052040510","PREF":"05","CITY":"204","CITY_NAME":"大館市","S_NAME":"南神明町","SETAI":"208"}},{"type":"Feature","geometry":{"type":"Polygon","coordinates":[[[140.55628583264996,40.26879995052832],[140.55290482162795,40.26910136552902],[140.55374202550055,40.267615107598],[140.5539976081396,40.26726909365119],[140.55455378995197,40.26631534895491],[140.55551598648415,40.26654289355773],[140.55953806306505,40.26618973822874],[140.55919412206757,40.26689036449948],[140.55859463569078,40.26809158778655],[140.55852164767407,40.26830976973714],[140.5585435288524,40.26910166173948],[140.55628583264996,40.26879995052832]]]},"properties":{"KEY_CODE":"052040520","PREF":"05","CITY":"204","CITY_NAME":"大館市","S_NAME":"常盤木町","SETAI":"199"}},{"type":"Feature","geometry":{"type":"Polygon","coordinates":[[[140.56073931439002,40.2630880440327],[140.56049436357173,40.26433489680219],[140.55953806306505,40.26618973822874],[140.55551598648415,40.26654289355773],[140.55455378995197,40.26631534895491],[140.55580890500903,40.264532526724985],[140.55792360634385,40.26139295231618],[140.55824775614303,40.26156338774426],[140.55815967852064,40.26207949224827],[140.55810509032148,40.262348468424285],[140.55863351303066,40.26256473700315],[140.55883930391747,40.26271147517184],[140.55896540960484,40.2627176314],[140.55969140585822,40.26274568198887],[140.5599012941634,40.26282222333488],[140.56036801873546,40.26270922880853],[140.56073931439002,40.2630880440327]]]},"properties":{"KEY_CODE":"052040530","PREF":"05","CITY":"204","CITY_NAME":"大館市","S_NAME":"泉町","SETAI":"326"}},{"type":"Feature","geometry":{"type":"Polygon","coordinates":[[[140.55792360634385,40.26139295231618],[140.55580890500903,40.264532526724985],[140.55326556033776,40.26385737409044],[140.55139749895974,40.26289790386972],[140.55427243950334,40.261191253101074],[140.55828885169453,40.26084828831471],[140.55792360634385,40.26139295231618]]]},"properties":{"KEY_CODE":"052040540","PREF":"05","CITY":"204","CITY_NAME":"大館市","S_NAME":"小館町","SETAI":"126"}},{"type":"Feature","geometry":{"type":"Polygon","coordinates":[[[140.5607538668795,40.262745248281625],[140.56036801873546,40.26270922880853],[140.5599012941634,40.26282222333488],[140.55969140585822,40.26274568198887],[140.55896540960484,40.2627176314],[140.55883930391747,40.26271147517184],[140.55863351303066,40.26256473700315],[140.55810509032148,40.262348468424285],[140.55815967852064,40.26207949224827],[140.55824775614303,40.26156338774426],[140.55792360634385,40.26139295231618],[140.55828885169453,40.26084828831471],[140.55836150226037,40.260842602782105],[140.55863541742315,40.260675046715924],[140.55901342080261,40.260523110290706],[140.56052507931136,40.25999135222123],[140.56093821216368,40.259889944378656],[140.56092176013516,40.26029541327602],[140.5607538668795,40.262745248281625]]]},"properties":{"KEY_CODE":"052040550","PREF":"05","CITY":"204","CITY_NAME":"大館市","S_NAME":"青葉町","SETAI":"3"}},{"type":"Feature","geometry":{"type":"Polygon","coordinates":[[[140.59002792104863,40.25405205116187],[140.59024170702682,40.254687442516506],[140.58889128709114,40.254717093705],[140.58866643121578,40.256101692311205],[140.58906032079545,40.25761312348327],[140.59078380895753,40.25738784400541],[140.59344738251957,40.259171248734496],[140.59481899838028,40.260830847256386],[140.5971146749578,40.26196367801362],[140.5981204699925,40.26344235732665],[140.6001581804942,40.26479143473041],[140.59953555599907,40.266008633438155],[140.5994454460103,40.26785600599263],[140.59857585907145,40.267685836518254],[140.5977546587579,40.267490304451215],[140.59766462200903,40.26748150224258],[140.5972708109027,40.26742040027243],[140.59700898852762,40.26743494265458],[140.59631696954048,40.26732582360766],[140.5957397947581,40.26738280093401],[140.59553685794904,40.26746854629106],[140.5946245223455,40.26758300457058],[140.59361359094595,40.26772525766847],[140.59336601969474,40.26769027029538],[140.59282096611463,40.267422043274586],[140.5924103288721,40.26733503090804],[140.59187309112642,40.26724128399844],[140.59125760818964,40.266987978658904],[140.59102811632238,40.266616981755895],[140.59097770406143,40.26654795651082],[140.5906358138347,40.26612935201201],[140.59054060034597,40.26599558580775],[140.59050231673248,40.26568101468912],[140.5895375316174,40.26551742287482],[140.58839218426266,40.265482717250926],[140.5874179836924,40.26558835171649],[140.5864764532735,40.265606831000646],[140.58622873779657,40.26561492578564],[140.58602273474173,40.26577173293559],[140.58598879964453,40.26581474090766],[140.5851756885988,40.266126425170995],[140.58480452743314,40.266408898801174],[140.58448798580767,40.26638559897638],[140.58370911268113,40.26618145570017],[140.58248301133503,40.26628973646794],[140.58197489182183,40.26631556659324],[140.58125206219563,40.266564948123666],[140.58079273904843,40.26671473748664],[140.58027249992674,40.26697315727975],[140.57998824972645,40.267350600431485],[140.57982961110756,40.26768355595669],[140.57977525112278,40.267858495335425],[140.57743334687524,40.26570141254415],[140.57767332131917,40.26457402959302],[140.5772263274189,40.26361449413525],[140.57601315689075,40.26343385651587],[140.57438035855756,40.26396410472678],[140.57254583197357,40.26307226415356],[140.56969870823886,40.261494016308724],[140.5694181437156,40.26125572316214],[140.56919912581617,40.26076097205526],[140.56907398364402,40.26066696094369],[140.56878283585868,40.260358174307285],[140.56854530206286,40.26003893617939],[140.56843844276216,40.259961361446905],[140.56819532040035,40.25989872615007],[140.5671952916732,40.25964570983215],[140.5669982781029,40.25953628094148],[140.5665859315555,40.259298680723795],[140.56644214949023,40.25927491777406],[140.5657756023112,40.2594596683489],[140.56561335026515,40.25946163358091],[140.56517445107067,40.25936805400318],[140.5648900182634,40.25930178022845],[140.5645411471708,40.259272861836585],[140.56443405905716,40.259260897122225],[140.56438559156197,40.259131913061104],[140.56438215624388,40.25883313875304],[140.56422590945434,40.258477790316356],[140.56490501531673,40.25860120201096],[140.5656896834905,40.25756497382955],[140.5654876215711,40.25691926942415],[140.56590442497992,40.25705767168411],[140.56986647349552,40.256487272718516],[140.57255449268243,40.25689409635872],[140.57511982731327,40.25690874199165],[140.5792807061733,40.25595059417159],[140.5771486132848,40.25392241335949],[140.5776647724452,40.25362673998121],[140.58091418833462,40.25438104033624],[140.5820950128105,40.25377967482723],[140.58330975706028,40.25392111146617],[140.58477075597546,40.25318001580131],[140.58678294684384,40.25416627492845],[140.5873303510885,40.2537525024929],[140.59002792104863,40.25405205116187]]]},"properties":{"KEY_CODE":"052040560","PREF":"05","CITY":"204","CITY_NAME":"大館市","S_NAME":"柄沢","SETAI":"590"}},{"type":"Feature","geometry":{"type":"Polygon","coordinates":[[[140.57561644879834,40.32989587233343],[140.57400239936416,40.33193924089212],[140.573147321555,40.33190889440058],[140.57069337007596,40.33094524382971],[140.57061207742012,40.331475601953315],[140.56619377012885,40.33018152933117],[140.56612626538833,40.33035559374231],[140.56424460109002,40.3294804491175],[140.56216799193297,40.32811093344958],[140.55814308562123,40.32313173144738],[140.5583778197084,40.31933111828213],[140.55848689867454,40.31443561238914],[140.55873473256727,40.30756806007074],[140.55767182162583,40.30580886324556],[140.55544039191483,40.30453542793658],[140.5541594732607,40.302851102981485],[140.5513324416849,40.299853329405956],[140.5519073541582,40.29922356534249],[140.55230249111082,40.296225075864506],[140.55338314312687,40.294604293734636],[140.55059298344105,40.29355125687726],[140.5523806414519,40.29079215998359],[140.5577754060044,40.292812322443986],[140.55723884887496,40.29179748859755],[140.5580451293202,40.2905026054334],[140.56040218655224,40.29035496483595],[140.56094269863004,40.28940755586522],[140.56267785264413,40.29105600759199],[140.5637774493106,40.29040666551113],[140.56435613233134,40.290764351589104],[140.56440910456354,40.290699949714565],[140.56449749035642,40.29064980939806],[140.56570214620046,40.29061118899182],[140.56622968510788,40.290499488935914],[140.5679611220592,40.29018185023344],[140.5709212365461,40.290743111618475],[140.57044824052744,40.29234834453057],[140.57694109985658,40.293463319786994],[140.57641624776673,40.29534652208022],[140.57927452425702,40.29582643575623],[140.57903625496556,40.29665140344005],[140.58005843098047,40.29706372526236],[140.5802761260412,40.29711447592511],[140.58077645781344,40.29724308578226],[140.5809577148186,40.29721429834435],[140.58212261695166,40.29703907734491],[140.58368107303465,40.29742077772382],[140.5855452102086,40.29895726804418],[140.58469618512575,40.298777663964024],[140.58378659614996,40.29951321890324],[140.58545756523276,40.30044031475062],[140.5864761057698,40.30153465612533],[140.58494321068184,40.30356615017691],[140.58476036571165,40.305044048753],[140.58206808409517,40.30595943778357],[140.5802042746031,40.30387135332838],[140.5781820028548,40.30375587856782],[140.57692738358546,40.30487633406773],[140.57572951438758,40.30513398562469],[140.57490070290413,40.30638261698223],[140.57408102163816,40.306737634146394],[140.5762089214058,40.30802540778211],[140.57384322141877,40.30945590154074],[140.57317143042178,40.3101708375157],[140.5804537610728,40.320939533682065],[140.5824758257877,40.32502657836285],[140.58031655961872,40.3258122272854],[140.57968507347957,40.326655241076786],[140.57689004442648,40.3274138541708],[140.57536146072465,40.32754407367912],[140.57401433251562,40.32786515231618],[140.57561644879834,40.32989587233343]]]},"properties":{"KEY_CODE":"052040570","PREF":"05","CITY":"204","CITY_NAME":"大館市","S_NAME":"釈迦内","SETAI":"2028"}},{"type":"Feature","geometry":{"type":"Polygon","coordinates":[[[140.60754969435362,40.33307094432751],[140.60712295624992,40.33274296767883],[140.60381879848788,40.3325274172482],[140.60171473875127,40.33422964553455],[140.60088278104055,40.33369953060908],[140.59908182598713,40.3341908176162],[140.5928297811134,40.32920798190695],[140.58804850279944,40.3262063914909],[140.5873106285469,40.32571421757202],[140.58563088370667,40.324806813918855],[140.58504016301993,40.32468220037842],[140.58410919477666,40.32457173049826],[140.58385697153324,40.32455443960167],[140.58316205652923,40.32471614360921],[140.5824758257877,40.32502657836285],[140.5804537610728,40.320939533682065],[140.57317143042178,40.3101708375157],[140.57384322141877,40.30945590154074],[140.5762089214058,40.30802540778211],[140.57408102163816,40.306737634146394],[140.57490070290413,40.30638261698223],[140.57572951438758,40.30513398562469],[140.57692738358546,40.30487633406773],[140.5781820028548,40.30375587856782],[140.5802042746031,40.30387135332838],[140.58206808409517,40.30595943778357],[140.58476036571165,40.305044048753],[140.58494321068184,40.30356615017691],[140.588927310222,40.304921470167145],[140.59020378590486,40.306881229727736],[140.5944111393459,40.30699081336153],[140.59637774383427,40.30667627241386],[140.59653607033675,40.30792613483708],[140.59859175230793,40.30821908323643],[140.5994374051052,40.31022705388797],[140.60179733344947,40.31102340815221],[140.60696910486521,40.313761689374395],[140.60903691898994,40.31437305953289],[140.60871486793678,40.314457535944044],[140.60963098668753,40.316772847272865],[140.6104628080164,40.320856649514454],[140.60981952998932,40.32543639378754],[140.60816073491839,40.33027274069134],[140.60754969435362,40.33307094432751]]]},"properties":{"KEY_CODE":"052040580","PREF":"05","CITY":"204","CITY_NAME":"大館市","S_NAME":"商人留","SETAI":"82"}},{"type":"Feature","geometry":{"type":"Polygon","coordinates":[[[140.5513324416849,40.299853329405956],[140.5541594732607,40.302851102981485],[140.55544039191483,40.30453542793658],[140.55767182162583,40.30580886324556],[140.55873473256727,40.30756806007074],[140.55848689867454,40.31443561238914],[140.55728703786477,40.31424794756185],[140.55053331493727,40.31015610483638],[140.54990291732398,40.30891214609671],[140.5485106140389,40.30855050539205],[140.54757373491947,40.31081838480564],[140.5479820178311,40.31184290560688],[140.54668438142468,40.311939195790565],[140.54366489651187,40.31353655936608],[140.5422052073629,40.31327704462569],[140.54121362876612,40.3143648653486],[140.54092917185528,40.313093268644266],[140.54007269027764,40.31216567071659],[140.54131532097102,40.311037296276766],[140.53985643347477,40.30930074311586],[140.54288083590825,40.3043014915383],[140.5449193972473,40.30126473613223],[140.5475455677268,40.30159250673474],[140.55012478556418,40.30204664401209],[140.55096933288306,40.301905692833145],[140.5513324416849,40.299853329405956]]]},"properties":{"KEY_CODE":"052040590","PREF":"05","CITY":"204","CITY_NAME":"大館市","S_NAME":"松峰","SETAI":"77"}},{"type":"Feature","geometry":{"type":"Polygon","coordinates":[[[140.5580451293202,40.2905026054334],[140.55723884887496,40.29179748859755],[140.5577754060044,40.292812322443986],[140.5523806414519,40.29079215998359],[140.55059298344105,40.29355125687726],[140.55338314312687,40.294604293734636],[140.55230249111082,40.296225075864506],[140.5519073541582,40.29922356534249],[140.5513324416849,40.299853329405956],[140.55096933288306,40.301905692833145],[140.55012478556418,40.30204664401209],[140.5475455677268,40.30159250673474],[140.54596315496914,40.29837736088515],[140.54442436023515,40.298364863973575],[140.53863075472123,40.29783487588911],[140.53913321539818,40.29360493767135],[140.54311634782167,40.291861224908594],[140.54573015516394,40.2878203883713],[140.54743963797014,40.288046221178],[140.55042874700592,40.287706968706644],[140.55099327236877,40.28796114679017],[140.55469900836167,40.288521511139635],[140.5556321242814,40.289524115742125],[140.5580451293202,40.2905026054334]]]},"properties":{"KEY_CODE":"052040600","PREF":"05","CITY":"204","CITY_NAME":"大館市","S_NAME":"松木","SETAI":"148"}},{"type":"Feature","geometry":{"type":"Polygon","coordinates":[[[140.54121362876612,40.3143648653486],[140.53874001857685,40.314567528868686],[140.53803109249642,40.314235467237694],[140.53586169292313,40.3150235696993],[140.533521163903,40.31511873240719],[140.53138180294886,40.31458311733323],[140.5286299753855,40.31473565548191],[140.52896738159666,40.31404940998093],[140.53107684350513,40.31269132090036],[140.5303501979194,40.31165069484875],[140.5309656715353,40.30949495240793],[140.53350967665543,40.30904885711326],[140.53349955261427,40.308175224397594],[140.53464485422435,40.307443103592206],[140.53196752346182,40.305549449867726],[140.5305408018534,40.30321358496717],[140.52773768467125,40.3024870471865],[140.5269428889148,40.301249692914226],[140.52409308503758,40.30043298359558],[140.5228307213029,40.29900805446573],[140.51913246462897,40.29906537687995],[140.5154425183433,40.29891671996247],[140.51407929056094,40.29857202772898],[140.51309489816344,40.29764245587468],[140.5111197687354,40.29694339295951],[140.51247250705126,40.294574064867255],[140.5158635114376,40.29033869946675],[140.5298971791996,40.280836686483696],[140.53566264346605,40.282038768466506],[140.53958653510753,40.282484673708],[140.54339135733755,40.2821750059027],[140.54356587048244,40.283932016597475],[140.54373658745348,40.28556811510682],[140.54763931342103,40.286364191680555],[140.55150478119518,40.287143445537716],[140.55099327236877,40.28796114679017],[140.55042874700592,40.287706968706644],[140.54743963797014,40.288046221178],[140.54573015516394,40.2878203883713],[140.54311634782167,40.291861224908594],[140.53913321539818,40.29360493767135],[140.53863075472123,40.29783487588911],[140.54442436023515,40.298364863973575],[140.54596315496914,40.29837736088515],[140.5475455677268,40.30159250673474],[140.5449193972473,40.30126473613223],[140.54288083590825,40.3043014915383],[140.53985643347477,40.30930074311586],[140.54131532097102,40.311037296276766],[140.54007269027764,40.31216567071659],[140.54092917185528,40.313093268644266],[140.54121362876612,40.3143648653486]]]},"properties":{"KEY_CODE":"052040610","PREF":"05","CITY":"204","CITY_NAME":"大館市","S_NAME":"沼館","SETAI":"182"}},{"type":"Feature","geometry":{"type":"Polygon","coordinates":[[[140.5809577148186,40.29721429834435],[140.58077645781344,40.29724308578226],[140.5802761260412,40.29711447592511],[140.58005843098047,40.29706372526236],[140.57903625496556,40.29665140344005],[140.57927452425702,40.29582643575623],[140.57641624776673,40.29534652208022],[140.57694109985658,40.293463319786994],[140.57044824052744,40.29234834453057],[140.5709212365461,40.290743111618475],[140.5679611220592,40.29018185023344],[140.56622968510788,40.290499488935914],[140.56570214620046,40.29061118899182],[140.56449749035642,40.29064980939806],[140.56440910456354,40.290699949714565],[140.56435613233134,40.290764351589104],[140.5637774493106,40.29040666551113],[140.5639034625044,40.286738553623756],[140.56586090582576,40.287058966566754],[140.57118815965987,40.28952073648648],[140.57376796884486,40.289870139555646],[140.57652246332674,40.289179435920914],[140.57759495808412,40.28978302022562],[140.57942859158126,40.28916349270971],[140.58092796452317,40.28849353014611],[140.58235543043904,40.28881958953973],[140.58410788335092,40.29206457740721],[140.58495426961318,40.29313135934192],[140.5865970044512,40.29378880634833],[140.58734086439378,40.294984453962144],[140.58649354311464,40.29476523963928],[140.58554223123943,40.29627488409432],[140.58477734756787,40.29597600493755],[140.58212261695166,40.29703907734491],[140.5809577148186,40.29721429834435]]]},"properties":{"KEY_CODE":"052040620","PREF":"05","CITY":"204","CITY_NAME":"大館市","S_NAME":"下代野","SETAI":"699"}},{"type":"Feature","geometry":{"type":"Polygon","coordinates":[[[140.59019101720142,40.28832549185617],[140.59276654306206,40.29041580889853],[140.59474813715687,40.291306540675954],[140.59549699471665,40.29301171454348],[140.5957334794668,40.29524912776884],[140.5984693853379,40.29824835819038],[140.59674221282972,40.29944714416805],[140.59591221222797,40.29875209901314],[140.59189031667552,40.29739747609004],[140.59057643354933,40.29725545044595],[140.59079685265556,40.296464401050024],[140.59040668551359,40.29443722880087],[140.58734086439378,40.294984453962144],[140.5865970044512,40.29378880634833],[140.58495426961318,40.29313135934192],[140.58410788335092,40.29206457740721],[140.58235543043904,40.28881958953973],[140.5827190795934,40.288865779806834],[140.58383995138647,40.28673659315021],[140.58826606200725,40.288082773780864],[140.58963169750587,40.28829032949302],[140.59019101720142,40.28832549185617]]]},"properties":{"KEY_CODE":"052040630","PREF":"05","CITY":"204","CITY_NAME":"大館市","S_NAME":"上代野","SETAI":"186"}},{"type":"Feature","geometry":{"type":"Polygon","coordinates":[[[140.5984693853379,40.29824835819038],[140.6009929112238,40.30078633157686],[140.60321773873986,40.30199302633464],[140.60541037955235,40.30408328297101],[140.60639004655155,40.30595959050095],[140.6072825835938,40.30569250628355],[140.61064540024262,40.30725969711071],[140.611700469611,40.30803081832028],[140.61157786015485,40.30870019477732],[140.6131386778033,40.310064687388376],[140.61364506919722,40.311452098093156],[140.61483729286675,40.31209895796724],[140.61413864432387,40.313772826729405],[140.61134092306182,40.31442718822103],[140.60903691898994,40.31437305953289],[140.60696910486521,40.313761689374395],[140.60179733344947,40.31102340815221],[140.5994374051052,40.31022705388797],[140.59859175230793,40.30821908323643],[140.59653607033675,40.30792613483708],[140.59637774383427,40.30667627241386],[140.5944111393459,40.30699081336153],[140.59020378590486,40.306881229727736],[140.588927310222,40.304921470167145],[140.58494321068184,40.30356615017691],[140.5864761057698,40.30153465612533],[140.58545756523276,40.30044031475062],[140.58378659614996,40.29951321890324],[140.58469618512575,40.298777663964024],[140.5855452102086,40.29895726804418],[140.58368107303465,40.29742077772382],[140.58212261695166,40.29703907734491],[140.58477734756787,40.29597600493755],[140.58554223123943,40.29627488409432],[140.58649354311464,40.29476523963928],[140.58734086439378,40.294984453962144],[140.59040668551359,40.29443722880087],[140.59079685265556,40.296464401050024],[140.59057643354933,40.29725545044595],[140.59189031667552,40.29739747609004],[140.59591221222797,40.29875209901314],[140.59674221282972,40.29944714416805],[140.5984693853379,40.29824835819038]]]},"properties":{"KEY_CODE":"052040640","PREF":"05","CITY":"204","CITY_NAME":"大館市","S_NAME":"芦田子","SETAI":"203"}},{"type":"Feature","geometry":{"type":"Polygon","coordinates":[[[140.6270285523584,40.310210022360664],[140.62422905857568,40.310454672958286],[140.62222802374868,40.3108851842194],[140.61652053095864,40.31259043300504],[140.6163792685924,40.31449173386921],[140.61545953135777,40.31475872404751],[140.6157671799982,40.31337757592819],[140.61413864432387,40.313772826729405],[140.61483729286675,40.31209895796724],[140.61364506919722,40.311452098093156],[140.6131386778033,40.310064687388376],[140.61157786015485,40.30870019477732],[140.611700469611,40.30803081832028],[140.61064540024262,40.30725969711071],[140.6072825835938,40.30569250628355],[140.60639004655155,40.30595959050095],[140.60541037955235,40.30408328297101],[140.60321773873986,40.30199302633464],[140.6009929112238,40.30078633157686],[140.5984693853379,40.29824835819038],[140.5957334794668,40.29524912776884],[140.59549699471665,40.29301171454348],[140.59474813715687,40.291306540675954],[140.59276654306206,40.29041580889853],[140.59019101720142,40.28832549185617],[140.5902242834708,40.28781716216528],[140.5903869785114,40.28753098056416],[140.5905354233432,40.28730454277822],[140.59165636500452,40.28671749707487],[140.59313935170601,40.28700677293538],[140.59353402528038,40.28682840892396],[140.59360935729805,40.286871029353854],[140.59398102055107,40.2869312909314],[140.5941174555673,40.28716314312922],[140.59435745559114,40.287463884817406],[140.59501512017476,40.28759448270059],[140.59567368745974,40.28746119399395],[140.59609664442323,40.28727358992987],[140.59628473414813,40.287331866599196],[140.5964673073985,40.287450717277416],[140.5973008540715,40.28831418510844],[140.59838414983412,40.28818127805409],[140.59825622306192,40.28780186046175],[140.59826718777998,40.28720232277281],[140.599291917972,40.28732033172436],[140.60168122111162,40.28701893958554],[140.60449273003866,40.288739132089034],[140.60476553720608,40.289478337399665],[140.60485784987983,40.28986469698846],[140.60516880952147,40.290731741044105],[140.60530570540354,40.290963720382486],[140.60529525827283,40.2913386362462],[140.6059180452636,40.292822786845775],[140.6060704523886,40.2933510998717],[140.60630371652354,40.29440616085878],[140.60634499457595,40.29468851438231],[140.60625350848866,40.2956966205182],[140.6063920741782,40.295974957384594],[140.60711448085553,40.29622071039514],[140.6074707440358,40.29617927098319],[140.6077652184464,40.29594111020874],[140.6095400013339,40.2957887687781],[140.61023086117896,40.29627602282285],[140.61083004645567,40.29615367942544],[140.61128862722472,40.29603106843331],[140.61213355581114,40.296381175541654],[140.61202839296337,40.29669168002284],[140.6122827529043,40.29692716110024],[140.61254218585054,40.297206471016246],[140.61381527586158,40.2971869450804],[140.6143935654371,40.29788708732887],[140.61512641981076,40.298282776188294],[140.6156318796573,40.298966823775714],[140.61551602040157,40.299368928321364],[140.61582282012884,40.29949298599446],[140.61591604546228,40.29964451590326],[140.61596268261204,40.29971630382505],[140.61625441510643,40.29966902920395],[140.61690730247292,40.29984748114061],[140.6174363442492,40.300485793124096],[140.61717198487437,40.300921471483456],[140.617980376715,40.30132326582237],[140.61819363548364,40.30139535909688],[140.61828572824874,40.30190138926367],[140.61890800683238,40.30223852125426],[140.6188948766815,40.30269376793894],[140.61880098180544,40.30286321285489],[140.61919670176545,40.303194226674016],[140.61917139366832,40.30381015705028],[140.62001010513853,40.30429374993175],[140.62024361259276,40.30425845995074],[140.62071073602544,40.30416110996556],[140.62093677854676,40.30464801951887],[140.6223703447135,40.30523085902248],[140.62333576353515,40.3062502710741],[140.62496150172194,40.30698073014784],[140.62569722962596,40.3068213163659],[140.62576690785343,40.30692856992337],[140.62578834621704,40.307544579717735],[140.62616131614905,40.30770591340786],[140.62630443468976,40.30861548738609],[140.62619826055172,40.30926853107563],[140.6266770452525,40.30936496141161],[140.6270285523584,40.310210022360664]]]},"properties":{"KEY_CODE":"052040650","PREF":"05","CITY":"204","CITY_NAME":"大館市","S_NAME":"大茂内","SETAI":"204"}},{"type":"Feature","geometry":{"type":"Polygon","coordinates":[[[140.63480457851213,40.30922947456991],[140.63642186972788,40.31100817734856],[140.63587867184302,40.31106957773766],[140.63429556409696,40.31108285593969],[140.63131668101332,40.31114154366348],[140.63010926591096,40.31090047583969],[140.62852726618732,40.310547218249006],[140.6270285523584,40.310210022360664],[140.6266770452525,40.30936496141161],[140.62619826055172,40.30926853107563],[140.62630443468976,40.30861548738609],[140.62616131614905,40.30770591340786],[140.62578834621704,40.307544579717735],[140.62576690785343,40.30692856992337],[140.62569722962596,40.3068213163659],[140.62496150172194,40.30698073014784],[140.62333576353515,40.3062502710741],[140.6223703447135,40.30523085902248],[140.62093677854676,40.30464801951887],[140.62071073602544,40.30416110996556],[140.62024361259276,40.30425845995074],[140.62001010513853,40.30429374993175],[140.61917139366832,40.30381015705028],[140.61919670176545,40.303194226674016],[140.61880098180544,40.30286321285489],[140.6188948766815,40.30269376793894],[140.61890800683238,40.30223852125426],[140.61828572824874,40.30190138926367],[140.61819363548364,40.30139535909688],[140.617980376715,40.30132326582237],[140.61717198487437,40.300921471483456],[140.6174363442492,40.300485793124096],[140.61690730247292,40.29984748114061],[140.61625441510643,40.29966902920395],[140.61596268261204,40.29971630382505],[140.61591604546228,40.29964451590326],[140.61582282012884,40.29949298599446],[140.61551602040157,40.299368928321364],[140.6156318796573,40.298966823775714],[140.61512641981076,40.298282776188294],[140.6143935654371,40.29788708732887],[140.61381527586158,40.2971869450804],[140.61254218585054,40.297206471016246],[140.6122827529043,40.29692716110024],[140.61202839296337,40.29669168002284],[140.61213355581114,40.296381175541654],[140.61128862722472,40.29603106843331],[140.61083004645567,40.29615367942544],[140.61023086117896,40.29627602282285],[140.6095400013339,40.2957887687781],[140.6077652184464,40.29594111020874],[140.6074707440358,40.29617927098319],[140.60711448085553,40.29622071039514],[140.6063920741782,40.295974957384594],[140.60625350848866,40.2956966205182],[140.60634499457595,40.29468851438231],[140.60630371652354,40.29440616085878],[140.6060704523886,40.2933510998717],[140.6059180452636,40.292822786845775],[140.60529525827283,40.2913386362462],[140.60530570540354,40.290963720382486],[140.60516880952147,40.290731741044105],[140.60485784987983,40.28986469698846],[140.60476553720608,40.289478337399665],[140.60449273003866,40.288739132089034],[140.60168122111162,40.28701893958554],[140.6044419456089,40.28536631738265],[140.60528652032687,40.2852660006267],[140.60775782316466,40.28663898581084],[140.61053079983307,40.286924956667534],[140.61176637961918,40.28766399259496],[140.6128913092925,40.287174989160775],[140.61442707002314,40.28724801773214],[140.61535063648515,40.28878452775663],[140.61550392713772,40.291029974386085],[140.61630426173923,40.29169798878546],[140.61788920083512,40.290753718245895],[140.62082553535535,40.29019776715469],[140.62314416201494,40.28916710852664],[140.62296893371158,40.289952762204535],[140.62227913138145,40.29132439458593],[140.62214034190683,40.29203725212594],[140.62215172281824,40.29369329600691],[140.6237111291345,40.29905425268027],[140.62471123349712,40.30110055464842],[140.62576852431863,40.30264360951824],[140.628561572934,40.30514806782154],[140.63228866070065,40.307582624869084],[140.63480457851213,40.30922947456991]]]},"properties":{"KEY_CODE":"052040660","PREF":"05","CITY":"204","CITY_NAME":"大館市","S_NAME":"茂内","SETAI":"30"}},{"type":"Feature","geometry":{"type":"Polygon","coordinates":[[[140.67728428968823,40.411766294120156],[140.67756470756035,40.41312195210444],[140.6777832146465,40.41505161267107],[140.6764731295166,40.41387712057485],[140.6753593989044,40.41210786345742],[140.67286244043825,40.411498299112004],[140.67116494978515,40.41186477484214],[140.66605739860978,40.41153119195836],[140.66630373505356,40.40957852560113],[140.6649074427542,40.408365906001436],[140.6642606841673,40.4070266945976],[140.66161098862935,40.404616613470736],[140.66025950541624,40.40519065566163],[140.65618123846298,40.404508238745215],[140.6552393214907,40.404828345731616],[140.65322435812223,40.40354978456717],[140.64871227546186,40.404049581069664],[140.64490021963584,40.40312455235348],[140.64107549753214,40.40515753943646],[140.63843831179986,40.40394090607556],[140.63573864795882,40.40322424392762],[140.6342763487771,40.40232428834313],[140.63246918338547,40.40391568409352],[140.62931707749084,40.4023313720293],[140.6284134296457,40.40259610900189],[140.6270131195223,40.401945355154496],[140.62623779398015,40.400538873090255],[140.62652141936377,40.39895196043918],[140.62570140877781,40.39750261204208],[140.62514916576615,40.393342301122004],[140.6260997882635,40.39267076649067],[140.62858674353566,40.39330151226015],[140.6314069186608,40.393443513205014],[140.63353667767947,40.39280130056979],[140.63513483959682,40.38659127084217],[140.63625716506095,40.382805342914956],[140.63620259571118,40.38134972235298],[140.63447374166364,40.3733525240061],[140.6341221458607,40.37227101800384],[140.63216478601478,40.36833559568524],[140.6306153327048,40.365823519599815],[140.62757707501692,40.36023619678687],[140.62696352571317,40.359378997536915],[140.62509037434933,40.35854551275849],[140.62201822080328,40.355895811615014],[140.62262943932393,40.35385588224706],[140.62412027862362,40.35262126712237],[140.62351383772375,40.350681280477026],[140.62249019434302,40.35103293063847],[140.62019202755513,40.349065897851695],[140.62055240168038,40.34789637711481],[140.62005997212816,40.34575225165875],[140.61799452320503,40.34483832916559],[140.61957274667478,40.34369624296299],[140.61962097762915,40.3423290596554],[140.61671900035012,40.34004899308439],[140.61336341727002,40.33832888091272],[140.61018447972043,40.337462638286915],[140.60715789650436,40.335330492324246],[140.60774989811466,40.33446270509146],[140.60940131526004,40.333804274632136],[140.60888817842113,40.33306515786972],[140.60754969435362,40.33307094432751],[140.60816073491839,40.33027274069134],[140.60981952998932,40.32543639378754],[140.6104628080164,40.320856649514454],[140.60963098668753,40.316772847272865],[140.60871486793678,40.314457535944044],[140.60903691898994,40.31437305953289],[140.61134092306182,40.31442718822103],[140.61413864432387,40.313772826729405],[140.6157671799982,40.31337757592819],[140.61545953135777,40.31475872404751],[140.6163792685924,40.31449173386921],[140.61652053095864,40.31259043300504],[140.62222802374868,40.3108851842194],[140.62422905857568,40.310454672958286],[140.6270285523584,40.310210022360664],[140.62852726618732,40.310547218249006],[140.63010926591096,40.31090047583969],[140.63131668101332,40.31114154366348],[140.63429556409696,40.31108285593969],[140.63587867184302,40.31106957773766],[140.63642186972788,40.31100817734856],[140.63480457851213,40.30922947456991],[140.63228866070065,40.307582624869084],[140.628561572934,40.30514806782154],[140.62576852431863,40.302643609518285],[140.62471123349712,40.30110055464842],[140.6237111291345,40.29905425268027],[140.62215172281824,40.29369329600691],[140.62214034190683,40.29203725212594],[140.62227913138145,40.29132439458593],[140.62296893371158,40.289952762204535],[140.62314416201494,40.28916710852664],[140.62389381943834,40.28840907101928],[140.62515625024997,40.28584050166263],[140.62667785799133,40.28415890813081],[140.6263920135519,40.28352166017891],[140.62538409683995,40.28296804841591],[140.62332219414523,40.28123535429481],[140.62164760138535,40.27865720975213],[140.62136144197765,40.27792094443876],[140.6203575148393,40.27611657637477],[140.61978715526917,40.27401870194908],[140.61974023262798,40.27365074198081],[140.61989509155268,40.27153492954629],[140.62016872365092,40.27024335543752],[140.62032304365968,40.26850211810164],[140.62298871585364,40.26692407006405],[140.62546419315058,40.26721818330983],[140.63013741816212,40.2671635056787],[140.63198140398907,40.266801517010165],[140.63648776726785,40.264662086026135],[140.6431130593096,40.263671997511615],[140.64547738160044,40.26247319262406],[140.64716570234302,40.25975211472212],[140.65315230495122,40.25912690455179],[140.65770018574557,40.25894251148361],[140.66763535872104,40.259914284146646],[140.6694513561515,40.259604944159044],[140.670667213347,40.25829326110191],[140.67288580293416,40.2564884722423],[140.6748505287559,40.255227016495155],[140.67818851496335,40.255773259465286],[140.67963718808227,40.256294056244926],[140.68050195374406,40.25472844737346],[140.6819298188238,40.25424309971405],[140.68481633581484,40.253983857415754],[140.686263532954,40.25414043526907],[140.68763255490668,40.254907843299414],[140.68838298570293,40.254774103563676],[140.69058566098963,40.255485811884874],[140.69308709373422,40.25504936269896],[140.69556767151138,40.25576131259634],[140.69670885017302,40.25473471839848],[140.69750409134016,40.25535951573623],[140.7019404111369,40.255300883284164],[140.70250000588513,40.2532455978576],[140.70484622705843,40.25650936600578],[140.70625372409182,40.25665273431035],[140.70658996084,40.255075821033564],[140.70818865892198,40.25197586793671],[140.70892193249202,40.251062145071565],[140.71175336855524,40.25241214368589],[140.71501427151446,40.25249757026788],[140.71680146615964,40.25192820773711],[140.72109983240443,40.25200624406839],[140.7214002827585,40.25224761775857],[140.72548390179907,40.252985524472685],[140.7267475902651,40.25370990095306],[140.72699224319254,40.255881569870205],[140.727557127647,40.25698718818784],[140.72606148004553,40.2563501845605],[140.72453821111435,40.25670299621074],[140.72228836103568,40.25905258501843],[140.72167583013672,40.26119390892886],[140.7223469602675,40.26211131743353],[140.72246308883274,40.26516839823039],[140.72385038158754,40.2665765956584],[140.72528780239736,40.267399879491045],[140.72431996786915,40.269215063651245],[140.72546567729697,40.27006613864114],[140.72600995399756,40.27132071848127],[140.72519086164746,40.27260772376357],[140.7242289877924,40.27303296303188],[140.72321281137317,40.27467159007893],[140.72240029721377,40.275266985631376],[140.72263774439762,40.27682510242326],[140.7211918849849,40.27828322124497],[140.71892547454163,40.27957459319756],[140.72111130137293,40.28300222486394],[140.7209126357148,40.284324021209635],[140.72281232533095,40.2881069131675],[140.72432465174055,40.2889068860391],[140.72567316402643,40.288752201556925],[140.72575802848226,40.28882660122397],[140.7257209963023,40.28921672850298],[140.72528701485956,40.29039838994681],[140.72447454789437,40.291856490598164],[140.7245365456782,40.29290352925992],[140.7247369687749,40.29339796609038],[140.7246494127959,40.295422714185655],[140.72295591299206,40.29553435301001],[140.72245344373061,40.29580643314385],[140.72172882025203,40.298240261192106],[140.72118709097887,40.29889714702291],[140.72094960020098,40.299438756664735],[140.71966216713776,40.30120518800207],[140.71944803133692,40.301477884893025],[140.71906215933006,40.30307163929843],[140.71896215310736,40.30316329385762],[140.7188121630121,40.30320494008529],[140.7185871742336,40.303346569354886],[140.71943709765452,40.303913213006595],[140.7205765748334,40.30462592808258],[140.72060844220098,40.304948085054356],[140.72008959393185,40.30528208492866],[140.7199760312494,40.305393499776386],[140.7196177418391,40.306570123919194],[140.71916203392237,40.30596299389705],[140.71824168717876,40.30614751900473],[140.71752826444632,40.30659283894408],[140.7146373473687,40.307962582619815],[140.71349999608066,40.30844093235696],[140.71352489734784,40.30881244504186],[140.71364987253165,40.309287389719984],[140.71407177004684,40.31030613567047],[140.7132872888271,40.312662008820126],[140.7124373404792,40.31328689514714],[140.71202485935757,40.31357850507919],[140.7120998666116,40.31360349239588],[140.7129497651126,40.314553415713334],[140.71319971983002,40.31503672313046],[140.71366215001683,40.31593662654054],[140.71331216303437,40.31638655424602],[140.71252813359982,40.3176328570116],[140.71196223022443,40.3178196743517],[140.7118360884288,40.31794186815395],[140.71114973412918,40.31996105978309],[140.71143714742215,40.320885966499716],[140.71233704402448,40.321452562176816],[140.71318695517147,40.3216442425726],[140.7138993533601,40.32247751867365],[140.71469809335096,40.322745689946665],[140.71479490826732,40.322968803675515],[140.71489921908372,40.323460747725186],[140.71571713205608,40.32368833284309],[140.71624908966027,40.3239190687179],[140.71722401762887,40.32365246883257],[140.71877385842853,40.324344111693186],[140.7193856096964,40.324354853258185],[140.71969876510286,40.32452748270947],[140.72012369488516,40.32511909172629],[140.7198119145536,40.32617032091359],[140.7206610703524,40.3269438856692],[140.72029855419183,40.32802704684538],[140.72021957235637,40.32946005207203],[140.7221607914202,40.32996022759948],[140.72237323536297,40.330701812841745],[140.72208038086757,40.330985759978624],[140.72173990098153,40.33112172189555],[140.72032982455326,40.33135574002479],[140.71833601413974,40.33157656101977],[140.71687361555794,40.33176812580263],[140.71511120246257,40.33277627875899],[140.71463916030686,40.33325791825682],[140.71491115787427,40.333834473105576],[140.71567356455867,40.33437610278974],[140.71647347742464,40.334876074790714],[140.71709838713176,40.33555933589194],[140.71734835052533,40.33585933446581],[140.71758583203695,40.336100954918045],[140.7181107363478,40.33684258196306],[140.717235790295,40.337184156166046],[140.71613584724577,40.33760905060064],[140.71588581720906,40.338667264816486],[140.71535408798852,40.339745524789954],[140.71532861404324,40.34016162379863],[140.7134734101937,40.34002534174043],[140.7125109884581,40.34010862744088],[140.7116860031904,40.34079182397113],[140.71161096487134,40.34166674220542],[140.71144827027695,40.34524962870333],[140.7100219073073,40.34670086411195],[140.7101606898745,40.34819922724679],[140.70891553604653,40.34954647176053],[140.70524853858618,40.348815667102954],[140.70477356457883,40.34892395444312],[140.70384861310043,40.34949054157433],[140.70307367478657,40.349607174026914],[140.70172371967047,40.35046533927108],[140.70313603121312,40.35194858610194],[140.703823391985,40.353390087301456],[140.70423580059025,40.354489979376815],[140.70568569095113,40.35399841977034],[140.70612318727447,40.35397346859158],[140.7063498848736,40.35416598860589],[140.70635295932354,40.354182526336],[140.70639812541808,40.35442343063673],[140.70634811717014,40.35480671713755],[140.70582311503065,40.3555982530126],[140.70421062690386,40.35735634964845],[140.70308564254753,40.35868114727063],[140.7028105870877,40.360372618928515],[140.70196579148282,40.360377494874164],[140.70134578323112,40.361038832367484],[140.69937325970176,40.36213064807467],[140.697790447423,40.362916804550885],[140.69762330024824,40.36359710354277],[140.6969211830764,40.364391251370094],[140.69687322324359,40.36560523198544],[140.69597320090944,40.366955057930284],[140.6953481758036,40.3679049747951],[140.69388575114274,40.36847151856649],[140.69273572264512,40.37020467175963],[140.69216076099147,40.37036295786651],[140.6909733167652,40.37099618295382],[140.6898983901487,40.371271136282864],[140.68839848403707,40.37156271505001],[140.68684860217758,40.37158767222473],[140.6846612164858,40.372379179460225],[140.6830863126899,40.372937413494974],[140.68267379889681,40.37368730972872],[140.6822986971733,40.37567045296494],[140.68259865099733,40.37616205485246],[140.6828110844747,40.37666202241675],[140.68257339538266,40.3800199985262],[140.6826857132827,40.382244760767946],[140.68204821699288,40.383011348087216],[140.68153569802462,40.383802899766124],[140.68062327137005,40.383961212048355],[140.67848584518222,40.38526930730077],[140.67787334734257,40.38603590194921],[140.6771858461533,40.38689410949564],[140.67763573656453,40.38783568452136],[140.67716068814482,40.38901053142093],[140.6772292374577,40.38995236649995],[140.67754804808365,40.39083536226154],[140.6773291185527,40.39185114678293],[140.6771979225106,40.39288513212697],[140.67653542103653,40.393426700633725],[140.67623538218876,40.394376584916984],[140.67634784922637,40.39500986089316],[140.67639775709696,40.39635969838042],[140.67573227713808,40.39703184821893],[140.6757101578128,40.39892605498174],[140.67538511626435,40.39982593784871],[140.67590997639695,40.40129248533267],[140.67604739559715,40.40282562849489],[140.67604733815904,40.40365886213301],[140.67558479218158,40.40478371702091],[140.676022216549,40.40577529771725],[140.67590964986098,40.40695016581318],[140.67659699352734,40.40886661169097],[140.67728428968823,40.411766294120156]]]},"properties":{"KEY_CODE":"052040670","PREF":"05","CITY":"204","CITY_NAME":"大館市","S_NAME":"雪沢","SETAI":"169"}},{"type":"Feature","geometry":{"type":"Polygon","coordinates":[[[140.60168122111162,40.28701893958554],[140.599291917972,40.28732033172436],[140.59826718777998,40.28720232277281],[140.59825622306192,40.28780186046175],[140.59838414983412,40.28818127805409],[140.5973008540715,40.28831418510844],[140.5964673073985,40.287450717277416],[140.59628473414813,40.287331866599196],[140.59609664442323,40.28727358992987],[140.59567368745974,40.28746119399395],[140.59501512017476,40.28759448270059],[140.59435745559114,40.287463884817406],[140.5941174555673,40.28716314312922],[140.59398102055107,40.2869312909314],[140.59360935729805,40.286871029353854],[140.59353402528038,40.28682840892396],[140.59313935170601,40.28700677293538],[140.59165636500452,40.28671749707487],[140.5905354233432,40.28730454277822],[140.5903869785114,40.28753098056416],[140.5902242834708,40.28781716216528],[140.59019101720142,40.28832549185617],[140.58963169750587,40.28829032949302],[140.5882660620072,40.28808277378088],[140.58383995138647,40.28673659315021],[140.58386507180637,40.286683065038495],[140.58435360831578,40.285712828892564],[140.58624390766474,40.28201280990636],[140.5864180505677,40.28150953392268],[140.58868925201486,40.28140282222885],[140.58858979742055,40.28082122824841],[140.58664828914982,40.28047846949225],[140.5863309872027,40.27976716926069],[140.58797352530263,40.279476480841126],[140.5894873877157,40.2797540422883],[140.59003323966817,40.27871221506786],[140.59192686732226,40.27796232450318],[140.5926501359477,40.27727751217031],[140.59449910716685,40.278067917362584],[140.59447769535083,40.276949890276406],[140.59538657990225,40.276243050262394],[140.5953214781442,40.27392722974991],[140.5964853096137,40.27234094096938],[140.5961311489954,40.27075920370795],[140.59678650739082,40.26909530106008],[140.59931797625197,40.26795445172374],[140.59959494582236,40.26795611705466],[140.60074715973428,40.267845091827105],[140.60138832259588,40.268016390140914],[140.6019053080771,40.26841411163647],[140.60214405900473,40.26837050538931],[140.60237494960313,40.26821354295441],[140.60401647641604,40.2681695627816],[140.6047215515077,40.268920270639946],[140.60527384689206,40.268600216138715],[140.60586683076178,40.26842506737391],[140.6067022822842,40.2683165111134],[140.60903700360038,40.26889404281273],[140.61074648391042,40.26946403552832],[140.61121587886086,40.26933270190399],[140.6126605941066,40.269093035091046],[140.6141237879176,40.26950508895175],[140.6147005681888,40.26924171599945],[140.61496431763592,40.26909107010868],[140.6157682289385,40.26854793219778],[140.6168892037105,40.26790147012905],[140.61760046375713,40.26803817207869],[140.62032304365968,40.26850211810164],[140.62016872365092,40.27024335543752],[140.61989509155268,40.27153492954629],[140.61974023262798,40.27365074198081],[140.61978715526917,40.27401870194908],[140.6203575148393,40.27611657637478],[140.62136144197765,40.27792094443876],[140.62164760138535,40.27865720975213],[140.62332219414523,40.28123535429481],[140.62538409683995,40.28296804841591],[140.6263920135519,40.28352166017891],[140.62667785799133,40.28415890813081],[140.62515625024997,40.28584050166263],[140.62389381943834,40.28840907101928],[140.62314416201494,40.28916710852664],[140.62082553535535,40.29019776715469],[140.61788920083512,40.290753718245895],[140.61630426173923,40.29169798878546],[140.61550392713772,40.291029974386085],[140.61535063648515,40.28878452775663],[140.61442707002314,40.28724801773214],[140.6128913092925,40.287174989160775],[140.61176637961918,40.28766399259496],[140.61053079983307,40.286924956667534],[140.60775782316466,40.28663898581084],[140.60528652032687,40.2852660006267],[140.6044419456089,40.28536631738265],[140.60168122111162,40.28701893958554]]]},"properties":{"KEY_CODE":"052040680","PREF":"05","CITY":"204","CITY_NAME":"大館市","S_NAME":"東","SETAI":"51"}},{"type":"Feature","geometry":{"type":"Polygon","coordinates":[[[140.55828885169453,40.26084828831471],[140.55427243950334,40.261191253101074],[140.55139749895974,40.26289790386972],[140.55041007559566,40.26312069923339],[140.54418500888985,40.257688871287236],[140.54623606341312,40.255912314938435],[140.54873738121427,40.25455018116542],[140.55225012626374,40.25312003609682],[140.55682569243854,40.25105177249328],[140.56281990576704,40.25608942222592],[140.56469281170897,40.255123746477544],[140.56580657072345,40.25601614743204],[140.5654876215711,40.25691926942415],[140.5656896834905,40.25756497382955],[140.56490501531673,40.25860120201096],[140.56422590945434,40.258477790316356],[140.56401823153675,40.25835545590526],[140.56397625712623,40.25813508396466],[140.5640196019858,40.25800865116093],[140.56382887967678,40.25747161362396],[140.56283116466233,40.25741774403886],[140.56182206174722,40.258690079833606],[140.56096450405937,40.259562092473985],[140.56052507931136,40.25999135222123],[140.55901342080261,40.260523110290706],[140.55863541742315,40.260675046715924],[140.55836150226037,40.260842602782105],[140.55828885169453,40.26084828831471]]]},"properties":{"KEY_CODE":"052040690","PREF":"05","CITY":"204","CITY_NAME":"大館市","S_NAME":"小館花","SETAI":"179"}},{"type":"Feature","geometry":{"type":"Polygon","coordinates":[[[140.5771486132848,40.25392241335949],[140.5792807061733,40.25595059417159],[140.57511982731327,40.25690874199165],[140.57255449268243,40.25689409635872],[140.56986647349552,40.256487272718516],[140.56590442497992,40.25705767168411],[140.5654876215711,40.25691926942415],[140.56580657072345,40.25601614743204],[140.56469281170897,40.255123746477544],[140.56281990576704,40.25608942222592],[140.55682569243854,40.25105177249328],[140.5601149130969,40.24885137915768],[140.56392624583683,40.243274831679535],[140.5664815906474,40.24059626884713],[140.56791665629706,40.23874856330984],[140.57186359483305,40.239884598555754],[140.5755385644093,40.24160661190779],[140.57003357432995,40.24842822201696],[140.57216607363912,40.24903795735738],[140.56988662837492,40.25143988844054],[140.56754330986786,40.253518816066375],[140.56890440589785,40.25404822033364],[140.5697397544893,40.255312770233886],[140.57154811200135,40.255556179656246],[140.57346892895927,40.25512043153215],[140.57557518223422,40.25414057001326],[140.57672374106892,40.253254106086324],[140.5771486132848,40.25392241335949]]]},"properties":{"KEY_CODE":"052040700","PREF":"05","CITY":"204","CITY_NAME":"大館市","S_NAME":"池内","SETAI":"342"}},{"type":"Feature","geometry":{"type":"Polygon","coordinates":[[[140.5771486132848,40.25392241335949],[140.57672374106892,40.253254106086324],[140.57557518223422,40.25414057001326],[140.57346892895927,40.25512043153215],[140.57154811200135,40.255556179656246],[140.5697397544893,40.255312770233886],[140.56890440589785,40.25404822033364],[140.56754330986786,40.253518816066375],[140.56988662837492,40.25143988844054],[140.57216607363912,40.24903795735738],[140.57003357432995,40.24842822201696],[140.5755385644093,40.24160661190779],[140.57756777163,40.242223439063295],[140.577974172552,40.24170352147551],[140.57975849891676,40.24205901642832],[140.5813796358137,40.241791921752046],[140.58307810256744,40.2423797669435],[140.5857368904956,40.24178723095485],[140.58634225132403,40.24215450131931],[140.5915246622611,40.242770712112474],[140.59209000056535,40.2437999563836],[140.59080095150236,40.244648367572076],[140.59226578453934,40.24505610191877],[140.59008300749394,40.245891386635314],[140.59079384038228,40.24664715895655],[140.5911061493503,40.24801672040592],[140.59007337251518,40.24888727881975],[140.5903933164084,40.24940174513719],[140.58848208723415,40.24957972023606],[140.5885265477713,40.25081597993518],[140.58963023756098,40.25146318966507],[140.58925955337256,40.252390664221004],[140.59040249149965,40.25327621779968],[140.59002792104863,40.25405205116187],[140.5873303510885,40.2537525024929],[140.58678294684384,40.25416627492845],[140.58477075597546,40.25318001580131],[140.58330975706028,40.25392111146617],[140.5820950128105,40.25377967482723],[140.58091418833462,40.25438104033624],[140.5776647724452,40.25362673998121],[140.5771486132848,40.25392241335949]]]},"properties":{"KEY_CODE":"052040710","PREF":"05","CITY":"204","CITY_NAME":"大館市","S_NAME":"餌釣","SETAI":"115"}},{"type":"Feature","geometry":{"type":"Polygon","coordinates":[[[140.61496431763592,40.26909107010868],[140.6147005681888,40.26924171599945],[140.6141237879176,40.26950508895175],[140.6126605941066,40.269093035091046],[140.61121587886086,40.26933270190399],[140.61074648391042,40.26946403552832],[140.60903700360038,40.26889404281273],[140.6067022822842,40.2683165111134],[140.60586683076178,40.26842506737391],[140.60527384689206,40.268600216138715],[140.6047215515077,40.268920270639946],[140.60401647641604,40.2681695627816],[140.60237494960313,40.26821354295441],[140.60214405900473,40.26837050538931],[140.6019053080771,40.26841411163647],[140.60138832259588,40.268016390140914],[140.60074715973428,40.267845091827105],[140.59959494582236,40.26795611705466],[140.5994454460103,40.26785600599263],[140.59953555599907,40.266008633438155],[140.6001581804942,40.26479143473041],[140.5981204699925,40.26344235732665],[140.5971146749578,40.26196367801362],[140.59481899838028,40.260830847256386],[140.59344738251957,40.259171248734496],[140.59078380895753,40.25738784400541],[140.58906032079545,40.25761312348327],[140.58866643121578,40.256101692311205],[140.58889128709114,40.254717093705],[140.59024170702682,40.254687442516506],[140.59002792104863,40.25405205116187],[140.59040249149965,40.25327621779968],[140.58925955337256,40.252390664221004],[140.58963023756098,40.25146318966507],[140.5885265477713,40.25081597993518],[140.58848208723415,40.24957972023606],[140.5903933164084,40.24940174513719],[140.59007337251518,40.24888727881975],[140.5911061493503,40.24801672040592],[140.59079384038228,40.24664715895655],[140.59008300749394,40.245891386635314],[140.59226578453934,40.24505610191877],[140.59080095150236,40.244648367572076],[140.59209000056535,40.2437999563836],[140.5915246622611,40.242770712112474],[140.58634225132403,40.24215450131931],[140.5857368904956,40.24178723095485],[140.58307810256744,40.2423797669435],[140.5813796358137,40.241791921752046],[140.57975849891676,40.24205901642832],[140.577974172552,40.24170352147551],[140.57756777163,40.242223439063295],[140.5755385644093,40.24160661190779],[140.57186359483305,40.239884598555754],[140.56791665629706,40.23874856330984],[140.5700282707807,40.23543005143535],[140.57147485848162,40.23468185548196],[140.58133229195886,40.23178587743479],[140.58720631042934,40.22836376049043],[140.59068979025574,40.22720729486795],[140.59236902041135,40.230114590314514],[140.59372464855784,40.230475888658454],[140.59611799285375,40.23021689795877],[140.5970420676676,40.229927322004094],[140.59739976916364,40.23135050162599],[140.60129946350824,40.234298588430995],[140.60377280330974,40.2354606105069],[140.60566576802302,40.235985709274125],[140.60750642016987,40.23626991095984],[140.6125771433471,40.230288447888675],[140.61314916154134,40.23035337136136],[140.61384488856456,40.23067482411762],[140.61448853335125,40.230942802456994],[140.61509832400225,40.23090392947601],[140.61573231934997,40.23026430180979],[140.6164146554452,40.22987847109312],[140.61714018305926,40.22969392273496],[140.61740293903125,40.2292275481083],[140.6178572224614,40.22878821377817],[140.61828615311785,40.228577531072304],[140.62077076664445,40.22911790095423],[140.62219974507332,40.2299841328269],[140.62466422545378,40.23346321972913],[140.6260328467129,40.23409319238655],[140.63116638315702,40.23450729254942],[140.63331991049313,40.23514918475958],[140.63209180095953,40.23742468807304],[140.6313312650156,40.24191258927193],[140.63391552696686,40.247693592840065],[140.63495355327007,40.249054234492235],[140.63723909572207,40.248926096891545],[140.63906316760838,40.24934729321117],[140.6400455778362,40.2500613639135],[140.6439203426949,40.25318791181262],[140.64434822767905,40.25496138767991],[140.64688165707648,40.25706559588626],[140.64856873080942,40.25816299821712],[140.64716570234302,40.25975211472212],[140.64547738160044,40.26247319262406],[140.6431130593096,40.263671997511615],[140.63648776726785,40.264662086026135],[140.63198140398907,40.266801517010165],[140.63013741816212,40.2671635056787],[140.62546419315058,40.26721818330983],[140.62298871585364,40.26692407006405],[140.62032304365968,40.26850211810164],[140.61760046375713,40.26803817207869],[140.6168892037105,40.26790147012905],[140.6157682289385,40.26854793219778],[140.61496431763592,40.26909107010868]]]},"properties":{"KEY_CODE":"052040720","PREF":"05","CITY":"204","CITY_NAME":"大館市","S_NAME":"山館","SETAI":"130"}},{"type":"Feature","geometry":{"type":"Polygon","coordinates":[[[140.61828615311785,40.228577531072304],[140.6178572224614,40.22878821377817],[140.61740293903125,40.2292275481083],[140.61714018305926,40.22969392273496],[140.6164146554452,40.22987847109312],[140.61573231934997,40.23026430180979],[140.61509832400225,40.23090392947601],[140.61448853335125,40.230942802456994],[140.61384488856456,40.23067482411762],[140.61314916154134,40.23035337136136],[140.6125771433471,40.230288447888675],[140.60750642016987,40.23626991095984],[140.60566576802302,40.235985709274125],[140.60377280330974,40.2354606105069],[140.60129946350824,40.234298588430995],[140.59739976916364,40.23135050162599],[140.5970420676676,40.229927322004094],[140.59611799285375,40.23021689795877],[140.59372464855784,40.230475888658454],[140.59236902041135,40.230114590314514],[140.59068979025574,40.22720729486795],[140.59141318307877,40.227055397835166],[140.59399862385453,40.226765418017834],[140.59770858640707,40.22617134234411],[140.5994701917378,40.2254812789523],[140.60031190804636,40.22509948968795],[140.60086161636568,40.22479380548439],[140.60303122621184,40.22318078764388],[140.60470271423915,40.22200597690064],[140.60608571315544,40.222441450526176],[140.60838953672038,40.22423652334448],[140.61149911983094,40.22375564434074],[140.61403793150353,40.22601862221007],[140.61460524586306,40.226536669132855],[140.61516844036453,40.22713277260792],[140.61553527510165,40.22728493550259],[140.61638139523143,40.227579509323704],[140.616974852774,40.227752846042655],[140.6176847344657,40.227928455727415],[140.61828615311785,40.228577531072304]]]},"properties":{"KEY_CODE":"052040730","PREF":"05","CITY":"204","CITY_NAME":"大館市","S_NAME":"中山","SETAI":"49"}},{"type":"Feature","geometry":{"type":"Polygon","coordinates":[[[140.54288180558805,40.271136839661075],[140.54222940872887,40.27168583126061],[140.53993622536896,40.272306907897494],[140.53880410577753,40.27191240395274],[140.53889942970972,40.27139881572453],[140.5352500294414,40.270546739415906],[140.5354365153671,40.26915929548226],[140.53392364218323,40.268899141299414],[140.53005096960163,40.263512417719056],[140.53377820222667,40.26218856109918],[140.53378289456649,40.26218688506568],[140.53771985641916,40.26762183196252],[140.53924615567198,40.26681801677419],[140.54222099043432,40.26857474831656],[140.54350796456762,40.269708619734836],[140.54207190715212,40.27059229891091],[140.54288180558805,40.271136839661075]]]},"properties":{"KEY_CODE":"052040740","PREF":"05","CITY":"204","CITY_NAME":"大館市","S_NAME":"根下戸町","SETAI":"170"}},{"type":"Feature","geometry":{"type":"Polygon","coordinates":[[[140.53005096960163,40.263512417719056],[140.53392364218323,40.268899141299414],[140.5354365153671,40.26915929548226],[140.5352500294414,40.270546739415906],[140.53889942970972,40.27139881572453],[140.53880410577753,40.27191240395274],[140.5385387039757,40.27353317050735],[140.5384034884073,40.27354702168874],[140.53424014292276,40.273986131001294],[140.52860960435711,40.275024379815484],[140.52595686431516,40.275284102950565],[140.52663834269848,40.274071079074936],[140.5292354900905,40.27128547966092],[140.52836779735503,40.26974868831228],[140.52525521302047,40.26542249480614],[140.53005096960163,40.263512417719056]]]},"properties":{"KEY_CODE":"052040750","PREF":"05","CITY":"204","CITY_NAME":"大館市","S_NAME":"根下戸新町","SETAI":"88"}},{"type":"Feature","geometry":{"type":"Polygon","coordinates":[[[140.54475003285077,40.2667939557496],[140.54222099043432,40.26857474831656],[140.53924615567198,40.26681801677419],[140.53771985641916,40.26762183196252],[140.53378289456649,40.26218688506568],[140.53953642370257,40.26008022334735],[140.5425116849453,40.258788782659494],[140.54418500888985,40.257688871287236],[140.55041007559566,40.26312069923339],[140.54869752549592,40.26360546515772],[140.54728818463266,40.26367740856397],[140.54639507538204,40.26518802130674],[140.54475003285077,40.2667939557496]]]},"properties":{"KEY_CODE":"052040760","PREF":"05","CITY":"204","CITY_NAME":"大館市","S_NAME":"根下戸","SETAI":"74"}},{"type":"Feature","geometry":{"type":"Polygon","coordinates":[[[140.54853229509058,40.27552359909796],[140.5450709989757,40.27485655090033],[140.54529942835205,40.272814024034226],[140.54566667025492,40.27276524360495],[140.54701612953875,40.27262256642486],[140.5510295172689,40.27223538709946],[140.5494055136348,40.27455117040926],[140.54853229509058,40.27552359909796]]]},"properties":{"KEY_CODE":"05204077001","PREF":"05","CITY":"204","CITY_NAME":"大館市","S_NAME":"片山町一丁目","SETAI":"106"}},{"type":"Feature","geometry":{"type":"Polygon","coordinates":[[[140.5450709989757,40.27485655090033],[140.54389604369516,40.27479118718555],[140.54137488669522,40.27579442929858],[140.5401947180566,40.275667762755916],[140.53769273356644,40.27719637733228],[140.53783616129672,40.2753613609313],[140.53864206406988,40.27517375169217],[140.5384034884073,40.27354702168874],[140.5385387039757,40.27353317050735],[140.54529942835205,40.272814024034226],[140.5450709989757,40.27485655090033]]]},"properties":{"KEY_CODE":"05204077002","PREF":"05","CITY":"204","CITY_NAME":"大館市","S_NAME":"片山町二丁目","SETAI":"162"}},{"type":"Feature","geometry":{"type":"Polygon","coordinates":[[[140.53769273356644,40.27719637733228],[140.53519346610884,40.277025030730755],[140.53439837121064,40.27824930809337],[140.53242871586727,40.27841029356417],[140.5307465001498,40.277627211147845],[140.52981394299866,40.27788001794887],[140.52802774937183,40.2772732167939],[140.52860960435711,40.275024379815484],[140.53424014292276,40.273986131001294],[140.5384034884073,40.27354702168874],[140.53864206406988,40.27517375169217],[140.53783616129672,40.2753613609313],[140.53769273356644,40.27719637733228]]]},"properties":{"KEY_CODE":"05204077003","PREF":"05","CITY":"204","CITY_NAME":"大館市","S_NAME":"片山町三丁目","SETAI":"292"}},{"type":"Feature","geometry":{"type":"Polygon","coordinates":[[[140.54339135733755,40.2821750059027],[140.53958653510753,40.282484673708],[140.53566264346605,40.282038768466506],[140.5298971791996,40.280836686483696],[140.52813635756317,40.280679184186155],[140.53036469247417,40.27905440484045],[140.52981394299866,40.27788001794887],[140.5307465001498,40.277627211147845],[140.53242871586727,40.27841029356417],[140.53439837121064,40.27824930809337],[140.53519346610884,40.277025030730755],[140.53769273356644,40.27719637733228],[140.5401947180566,40.275667762755916],[140.54137488669522,40.27579442929858],[140.54389604369516,40.27479118718555],[140.5450709989757,40.27485655090033],[140.54853229509058,40.27552359909796],[140.5462170742014,40.27717966054102],[140.54639784468705,40.278292681036646],[140.5483432837053,40.27822274043483],[140.54878448289065,40.27885595551622],[140.5470690081653,40.2807887529524],[140.54339135733755,40.2821750059027]]]},"properties":{"KEY_CODE":"052040780","PREF":"05","CITY":"204","CITY_NAME":"大館市","S_NAME":"片山","SETAI":"269"}},{"type":"Feature","geometry":{"type":"Polygon","coordinates":[[[140.52981394299866,40.27788001794887],[140.53036469247417,40.27905440484045],[140.52813635756317,40.280679184186155],[140.5252614554923,40.28020623495418],[140.51861108575022,40.277671853528204],[140.51555823449812,40.27589750367039],[140.51751101790342,40.275282865919685],[140.5211474569928,40.27540511534662],[140.52595686431516,40.275284102950565],[140.52860960435711,40.275024379815484],[140.52802774937183,40.2772732167939],[140.52981394299866,40.27788001794887]]]},"properties":{"KEY_CODE":"05204079001","PREF":"05","CITY":"204","CITY_NAME":"大館市","S_NAME":"餅田一丁目","SETAI":"140"}},{"type":"Feature","geometry":{"type":"Polygon","coordinates":[[[140.52836779735503,40.26974868831228],[140.5292354900905,40.27128547966092],[140.52663834269848,40.274071079074936],[140.52595686431516,40.275284102950565],[140.5211474569928,40.27540511534662],[140.52120549226692,40.273832118247796],[140.5205044202213,40.27277569182091],[140.51888900422318,40.27161737268105],[140.5217095010913,40.2715231669225],[140.52411552758196,40.27210564626645],[140.52595256541457,40.271129111252684],[140.52812257134966,40.270442633478865],[140.52836779735503,40.26974868831228]]]},"properties":{"KEY_CODE":"05204079002","PREF":"05","CITY":"204","CITY_NAME":"大館市","S_NAME":"餅田二丁目","SETAI":"101"}},{"type":"Feature","geometry":{"type":"Polygon","coordinates":[[[140.5211474569928,40.27540511534662],[140.51751101790342,40.275282865919685],[140.51555823449812,40.27589750367039],[140.51221635627266,40.27363289063803],[140.50566074708877,40.26848833289724],[140.5123492351147,40.268140278121976],[140.5219295028272,40.26652594122771],[140.52525521302047,40.26542249480614],[140.52836779735503,40.26974868831228],[140.52812257134966,40.270442633478865],[140.52595256541457,40.271129111252684],[140.52411552758196,40.27210564626645],[140.5217095010913,40.2715231669225],[140.51888900422318,40.27161737268105],[140.5205044202213,40.27277569182091],[140.52120549226692,40.273832118247796],[140.5211474569928,40.27540511534662]]]},"properties":{"KEY_CODE":"052040800","PREF":"05","CITY":"204","CITY_NAME":"大館市","S_NAME":"餅田","SETAI":"48"}},{"type":"Feature","geometry":{"type":"Polygon","coordinates":[[[140.5158635114376,40.29033869946675],[140.5091673629003,40.28854885874518],[140.50383507768018,40.28895917086949],[140.50235914484725,40.284534541964646],[140.50310050900393,40.283566722120476],[140.50312726973732,40.281594153034874],[140.5010218754032,40.278668469795335],[140.50101959134926,40.27651559777355],[140.49875573419223,40.27623709524639],[140.4966751345569,40.27527750312712],[140.49649901253943,40.27280626313867],[140.4972646537516,40.27210724338773],[140.49802102770474,40.27241417196665],[140.49793976150897,40.267696803007276],[140.50309655686007,40.26818322530743],[140.50566074708877,40.26848833289724],[140.51221635627266,40.27363289063803],[140.51555823449812,40.27589750367039],[140.51861108575022,40.277671853528204],[140.5252614554923,40.28020623495418],[140.52813635756317,40.280679184186155],[140.5298971791996,40.280836686483696],[140.5158635114376,40.29033869946675]]]},"properties":{"KEY_CODE":"052040810","PREF":"05","CITY":"204","CITY_NAME":"大館市","S_NAME":"立花","SETAI":"98"}},{"type":"Feature","geometry":{"type":"Polygon","coordinates":[[[140.5111197687354,40.29694339295951],[140.50891884667885,40.29714926266274],[140.50810210906465,40.29894639122843],[140.50530630465468,40.297732383188105],[140.50225807248626,40.29757364041247],[140.50025832461904,40.29801991892272],[140.5001565079255,40.29640730503323],[140.499631585889,40.29589067452279],[140.49651927496896,40.2950906512321],[140.49588191783707,40.29445737296238],[140.4929556476217,40.29466668313239],[140.49098972391653,40.29275748729636],[140.49019212539937,40.29034392474098],[140.48827590703814,40.28997433881425],[140.48698520466442,40.28893883202134],[140.4813426267269,40.28667459238945],[140.48037084573625,40.288583018633695],[140.47900677020084,40.289586527564055],[140.47619131609162,40.29094691151247],[140.47549962316882,40.290671432866866],[140.47606956837186,40.28866184017002],[140.4772693610376,40.28808571014689],[140.47750623555373,40.286790859210655],[140.4762325232503,40.285551352894146],[140.47582442390296,40.28269104231313],[140.47466490734644,40.28258350927242],[140.4746624137674,40.28108796621074],[140.47093067942936,40.277751053940875],[140.47040378077196,40.27690994050438],[140.4715069357436,40.27535415824567],[140.47219753895584,40.273595431607916],[140.46901570142944,40.273649410190906],[140.46590356207273,40.27331453463273],[140.4660975780522,40.271514236895364],[140.46561479198698,40.270853845579666],[140.46577951228855,40.27055845911512],[140.46571424449039,40.269222012071985],[140.46865510063756,40.26834355538077],[140.4722421554333,40.26748093401078],[140.47315371755846,40.26759935849568],[140.48523816925245,40.2683344210845],[140.4887995976482,40.26821233092663],[140.49576573762755,40.26754253581083],[140.49793976150897,40.267696803007276],[140.49802102770474,40.27241417196665],[140.4972646537516,40.27210724338773],[140.49649901253943,40.27280626313867],[140.4966751345569,40.27527750312712],[140.49875573419223,40.27623709524639],[140.50101959134926,40.27651559777355],[140.5010218754032,40.278668469795335],[140.50312726973732,40.281594153034874],[140.50310050900393,40.283566722120476],[140.50235914484725,40.284534541964646],[140.50383507768018,40.28895917086949],[140.5091673629003,40.28854885874518],[140.5158635114376,40.29033869946675],[140.51247250705126,40.294574064867255],[140.5111197687354,40.29694339295951]]]},"properties":{"KEY_CODE":"052040820","PREF":"05","CITY":"204","CITY_NAME":"大館市","S_NAME":"川口","SETAI":"650"}},{"type":"Feature","geometry":{"type":"Polygon","coordinates":[[[140.51993049847286,40.24944079612622],[140.5215984081845,40.251688640048684],[140.52147222532244,40.25215995244563],[140.52217880305767,40.25249567545957],[140.52444472422653,40.255680717749875],[140.52413729427968,40.25597850271415],[140.52546914895112,40.25695901410211],[140.52463943656784,40.25817877797154],[140.52616490467577,40.25882291545991],[140.52665500854596,40.25971389395753],[140.52853975931242,40.260415033862316],[140.52948622858688,40.25960261991251],[140.53135223622803,40.25976230321917],[140.53198413303767,40.25938799495818],[140.53377820222667,40.26218856109918],[140.53005096960163,40.263512417719056],[140.52525521302047,40.26542249480614],[140.5219295028272,40.26652594122771],[140.5123492351147,40.268140278121976],[140.50566074708877,40.26848833289724],[140.50309655686007,40.26818322530743],[140.5030262205407,40.26777583667248],[140.50412751274777,40.26090357019426],[140.50379545400904,40.259006537122595],[140.50781482349706,40.25709467667492],[140.5104792330408,40.25432379637367],[140.51258900301286,40.25338572328104],[140.51311511865015,40.25247105951898],[140.51298597170322,40.251781114145004],[140.5135397155583,40.25105927376143],[140.51993049847286,40.24944079612622]]]},"properties":{"KEY_CODE":"052040830","PREF":"05","CITY":"204","CITY_NAME":"大館市","S_NAME":"櫃崎","SETAI":"113"}},{"type":"Feature","geometry":{"type":"Polygon","coordinates":[[[140.5135397155583,40.25105927376143],[140.51298597170322,40.251781114145004],[140.51311511865015,40.25247105951898],[140.51258900301286,40.25338572328104],[140.5104792330408,40.25432379637367],[140.50781482349706,40.25709467667492],[140.50379545400904,40.259006537122595],[140.50412751274777,40.26090357019426],[140.5030262205407,40.26777583667248],[140.50309655686007,40.26818322530743],[140.49793976150897,40.267696803007276],[140.49576573762755,40.26754253581083],[140.49620540164665,40.26336027136621],[140.4971960705662,40.2565792819117],[140.49605997068923,40.256935536238615],[140.49444511784654,40.258216361838784],[140.493784348132,40.2574342764585],[140.4928125962451,40.25592879947924],[140.49341786338888,40.255401444192],[140.49463546956636,40.253800621678124],[140.49496170779253,40.25324188759384],[140.49656169490382,40.25224931987103],[140.49727217407425,40.25201679044384],[140.4981411633094,40.25278320306438],[140.49858717400613,40.25276382471012],[140.49899263337397,40.252661668358485],[140.49911601565822,40.25290843778165],[140.49959308751946,40.25302508745063],[140.4998975454268,40.25287294303914],[140.50002262326865,40.25277393309433],[140.50035050000128,40.252611931859064],[140.5014088290224,40.25276996588061],[140.50180390674547,40.25266776992788],[140.50202278977366,40.25249352393578],[140.50224379360262,40.25242062639632],[140.50239278164628,40.25274298598964],[140.5030063375138,40.25255396482233],[140.50311881658618,40.2529119975365],[140.50338064796316,40.25352082153209],[140.5135397155583,40.25105927376143]]]},"properties":{"KEY_CODE":"052040840","PREF":"05","CITY":"204","CITY_NAME":"大館市","S_NAME":"赤石","SETAI":"75"}},{"type":"Feature","geometry":{"type":"Polygon","coordinates":[[[140.46865510063756,40.26834355538077],[140.46831215832577,40.26767420099845],[140.46805290692728,40.26705131954844],[140.46813798509515,40.2662940409924],[140.46827168663748,40.2658940066829],[140.46842278949686,40.26453072126754],[140.46871766662068,40.264335459462],[140.46916304450403,40.262636197827135],[140.46952205342913,40.2612180794191],[140.47022916307932,40.25991875135299],[140.4709067769504,40.2582795744052],[140.47087037848502,40.258068897355926],[140.47019739685646,40.2576648578012],[140.47120050990304,40.25688697994309],[140.47259962466262,40.256145898861966],[140.4729892183705,40.25576429859234],[140.4738138478436,40.25467107483075],[140.474762713247,40.253470837080926],[140.47532516705118,40.253179213771816],[140.4770249841001,40.252837654718306],[140.4779368322411,40.25276974249633],[140.4786873205868,40.25227942477248],[140.47936694240747,40.25181708339554],[140.48014443565708,40.25249553550335],[140.48082075908286,40.252949281230485],[140.4819553057512,40.253797830863476],[140.48259303310084,40.25404244743744],[140.4834539138907,40.25418634357535],[140.48417663674766,40.25419017875034],[140.4833726958517,40.255435982101524],[140.4834881050334,40.25711873882806],[140.48421057426296,40.25794855152565],[140.48534241953593,40.258440399900756],[140.48603263122098,40.258645995230054],[140.48734467994632,40.258561718924895],[140.4876585155112,40.25784355911759],[140.48811066676015,40.256932486046466],[140.4889444520124,40.256785708518045],[140.49172523029898,40.25689313104988],[140.4923891714957,40.25642618534823],[140.4928125962451,40.25592879947924],[140.493784348132,40.2574342764585],[140.49444511784654,40.258216361838784],[140.49605997068923,40.256935536238615],[140.4971960705662,40.2565792819117],[140.49620540164665,40.26336027136621],[140.49576573762755,40.26754253581083],[140.4887995976482,40.26821233092663],[140.48523816925245,40.2683344210845],[140.47315371755846,40.26759935849568],[140.4722421554333,40.26748093401078],[140.46865510063756,40.26834355538077]]]},"properties":{"KEY_CODE":"052040850","PREF":"05","CITY":"204","CITY_NAME":"大館市","S_NAME":"板沢","SETAI":"94"}},{"type":"Feature","geometry":{"type":"Polygon","coordinates":[[[140.49727217407425,40.25201679044384],[140.49656169490382,40.25224931987103],[140.49496170779253,40.25324188759384],[140.49463546956636,40.253800621678124],[140.49341786338888,40.255401444192],[140.49281259624505,40.255928799479236],[140.4923891714957,40.25642618534823],[140.49172523029898,40.25689313104988],[140.4889444520124,40.256785708518045],[140.48811066676015,40.256932486046466],[140.4876585155112,40.25784355911759],[140.48734467994632,40.258561718924895],[140.48603263122098,40.258645995230054],[140.48534241953593,40.258440399900756],[140.48421057426296,40.25794855152565],[140.4834881050334,40.25711873882806],[140.4833726958517,40.255435982101524],[140.48417663674766,40.25419017875034],[140.4834539138907,40.25418634357535],[140.48259303310084,40.25404244743744],[140.4819553057512,40.253797830863476],[140.48082075908286,40.252949281230485],[140.48014443565708,40.25249553550335],[140.47936694240747,40.25181708339554],[140.48064963804248,40.25128793516689],[140.48002474126665,40.2506379918554],[140.47968294110063,40.248736389795205],[140.48002503640325,40.24785694671559],[140.48059816208894,40.247823811394525],[140.48146934608397,40.247752947605306],[140.48275258333467,40.247801363419526],[140.48362396453263,40.24787935859667],[140.48458846400723,40.24787509042232],[140.48538404284616,40.247642483700595],[140.4861656245849,40.24693886367496],[140.48650791995482,40.24670115879802],[140.48707428289973,40.246540962665804],[140.4879054546993,40.24651426173233],[140.48938972832815,40.24662385706219],[140.4900142182249,40.246585109811534],[140.49108791214826,40.24697585389283],[140.491242485532,40.2469924415898],[140.4922659837333,40.24687972856958],[140.49233587125758,40.24696067739116],[140.49245636576308,40.247451876886515],[140.4927036169394,40.24773900453077],[140.49304523842932,40.24804581073697],[140.49445568606848,40.24817693525196],[140.4954498972164,40.24835691186753],[140.4957449943498,40.2485167426644],[140.4965816042957,40.24836020766976],[140.49680040096655,40.24873245536471],[140.49703783960445,40.24900738928614],[140.49754887379274,40.24907445211255],[140.4979458554342,40.25019488798895],[140.49727217407425,40.25201679044384]]]},"properties":{"KEY_CODE":"052040860","PREF":"05","CITY":"204","CITY_NAME":"大館市","S_NAME":"小袴","SETAI":"26"}},{"type":"Feature","geometry":{"type":"Polygon","coordinates":[[[140.4977407038031,40.248073426607505],[140.49741526224636,40.24879584432733],[140.49754887379274,40.24907445211255],[140.49703783960445,40.24900738928614],[140.49680040096655,40.24873245536471],[140.4965816042957,40.24836020766976],[140.4957449943498,40.2485167426644],[140.4954498972164,40.24835691186753],[140.49445568606848,40.24817693525196],[140.49304523842932,40.24804581073697],[140.4927036169394,40.24773900453077],[140.49245636576308,40.247451876886515],[140.49233587125758,40.24696067739116],[140.4922659837333,40.24687972856958],[140.491242485532,40.2469924415898],[140.49108791214826,40.24697585389283],[140.4900142182249,40.246585109811534],[140.48938972832815,40.24662385706219],[140.4879054546993,40.24651426173233],[140.48707428289973,40.246540962665804],[140.48650791995482,40.24670115879802],[140.4861656245849,40.24693886367496],[140.48538404284616,40.247642483700595],[140.48458846400723,40.24787509042232],[140.48362396453263,40.24787935859667],[140.48275258333467,40.247801363419526],[140.48146934608397,40.247752947605306],[140.48059816208894,40.247823811394525],[140.48002503640325,40.24785694671559],[140.47976225978024,40.24790401110707],[140.47815003282807,40.24784165976236],[140.4776821889408,40.2476631678682],[140.47619847480016,40.24693124537346],[140.47540247646634,40.24616315416836],[140.47451145821364,40.24563882246545],[140.47278826250306,40.24353025824641],[140.47263833010905,40.24241371802915],[140.47162596568523,40.24135545837586],[140.47137612037022,40.23830579128003],[140.47176361566258,40.23724758667397],[140.47116370439852,40.23641433987284],[140.47187778337292,40.23548595495496],[140.47176637789175,40.23410267391015],[140.47232141937513,40.2331377847704],[140.47369421067435,40.2328479799249],[140.48041303915844,40.232561400794275],[140.48125936509635,40.2320095714949],[140.4832106588898,40.23186745189671],[140.4890424843156,40.23091068076849],[140.49077627359276,40.23137333531206],[140.4901853659261,40.23217091254011],[140.4902540140839,40.23249407300467],[140.49035156134198,40.23266661512963],[140.49074403927904,40.23289384171721],[140.49116560945663,40.23292738631919],[140.49225585415908,40.23417936823743],[140.4925491959964,40.23455701853204],[140.49323493049178,40.235183436364295],[140.49397844563714,40.23549780907266],[140.49420184350953,40.23581063838377],[140.49454318135528,40.23643065713443],[140.49481205819134,40.23678400686643],[140.49537313266165,40.23774644592421],[140.495865572595,40.23767252179705],[140.49595561222742,40.237941930483785],[140.49607267652223,40.23843208250361],[140.49642669517414,40.23862959125392],[140.49688371479422,40.239322588842526],[140.49725970221166,40.24005570464547],[140.4975518605521,40.23996775113239],[140.4979127934515,40.239478967825576],[140.49844136888296,40.23920598658985],[140.49917853687109,40.239396499705386],[140.500848494726,40.240036470524096],[140.5015637672735,40.24039375842802],[140.50213900270808,40.24064301845141],[140.50222026211378,40.2412784004684],[140.50343086280927,40.2409804279121],[140.50316107103637,40.24008074772417],[140.50331890327593,40.239424516408945],[140.50424849649252,40.2390826712479],[140.50507747059768,40.23919268015516],[140.50541353644937,40.23947352655638],[140.50633925946101,40.239928290456],[140.5074209516502,40.2401143403608],[140.50906476331934,40.24035578211452],[140.5074259444912,40.24198027280091],[140.506877107931,40.242769664563276],[140.50665567624824,40.24347650626777],[140.50632131860198,40.244560643638245],[140.50631563382694,40.24509717492693],[140.50596497888984,40.245688391338724],[140.5055581841208,40.24607674368008],[140.50496415391913,40.24653612448669],[140.50346636917124,40.24695358000999],[140.50290781794092,40.2472180375069],[140.50170302058524,40.24781059740129],[140.50071650485071,40.24783955447402],[140.49952240946877,40.24766339261793],[140.49868719996428,40.24773435325274],[140.4977407038031,40.248073426607505]]]},"properties":{"KEY_CODE":"052040870","PREF":"05","CITY":"204","CITY_NAME":"大館市","S_NAME":"大披","SETAI":"24"}},{"type":"Feature","geometry":{"type":"Polygon","coordinates":[[[140.52304045567323,40.24558719193373],[140.52351192177403,40.247026346632694],[140.52250274077636,40.24814150777296],[140.52267601068255,40.24874223164659],[140.51993049847286,40.24944079612626],[140.5166688181227,40.25027294177344],[140.51353971555832,40.25105927376143],[140.5100933865774,40.25193606267777],[140.5033806479632,40.25352082153209],[140.50311881658618,40.2529119975365],[140.5030063375138,40.25255396482233],[140.50239278164628,40.25274298598964],[140.50224379360262,40.25242062639632],[140.50202278977366,40.25249352393578],[140.50180390674547,40.25266776992788],[140.5014088290224,40.25276996588061],[140.50035050000128,40.252611931859064],[140.50002262326865,40.25277393309433],[140.4998975454268,40.25287294303914],[140.49959308751946,40.25302508745063],[140.49911601565822,40.25290843778165],[140.49899263337397,40.252661668358485],[140.49858717400613,40.25276382471012],[140.4981411633094,40.25278320306438],[140.49727217407425,40.25201679044384],[140.4979458554342,40.25019488798895],[140.49754887379274,40.24907445211255],[140.49741526224636,40.24879584432733],[140.4977407038031,40.248073426607505],[140.49868719996428,40.24773435325274],[140.49952240946877,40.24766339261793],[140.50071650485071,40.24783955447402],[140.50170302058524,40.24781059740129],[140.50290781794092,40.2472180375069],[140.50346636917124,40.24695358000999],[140.50496415391913,40.24653612448669],[140.5055581841208,40.24607674368008],[140.50596497888984,40.245688391338724],[140.50631563382694,40.24509717492693],[140.50665567624827,40.24347650626777],[140.507839767555,40.24336855696663],[140.5090040085216,40.24306181250631],[140.51110581977431,40.24209786751214],[140.51099863287126,40.242805053066334],[140.51210135494043,40.24343210783659],[140.51450756301494,40.24285449016821],[140.51560774028957,40.242929052627616],[140.51737720271922,40.24196410298228],[140.52095743891894,40.2411749169089],[140.52343652269317,40.24193198844305],[140.52403342936387,40.243636210974145],[140.52377344087733,40.243639330719155],[140.5235191769096,40.24375113058505],[140.5232258724761,40.24396767750841],[140.52259260227743,40.244130887341626],[140.52304045567323,40.24558719193373]]]},"properties":{"KEY_CODE":"052040880","PREF":"05","CITY":"204","CITY_NAME":"大館市","S_NAME":"出川","SETAI":"56"}},{"type":"Feature","geometry":{"type":"Polygon","coordinates":[[[140.54418500888985,40.257688871287236],[140.5425116849453,40.258788782659494],[140.53953642370257,40.26008022334735],[140.53378289456649,40.26218688506568],[140.53377820222667,40.26218856109918],[140.53198413303767,40.25938799495818],[140.53135223622803,40.25976230321917],[140.52948622858688,40.25960261991251],[140.52853975931242,40.260415033862316],[140.52665500854596,40.25971389395753],[140.52616490467577,40.25882291545991],[140.52463943656784,40.25817877797154],[140.52546914895112,40.25695901410211],[140.52413729427968,40.25597850271415],[140.52444472422653,40.255680717749875],[140.52217880305767,40.25249567545957],[140.52147222532244,40.25215995244563],[140.5215984081845,40.251688640048684],[140.51993049847286,40.24944079612622],[140.52267601068252,40.24874223164659],[140.52250274077636,40.24814150777296],[140.52351192177403,40.247026346632694],[140.52304045567323,40.24558719193373],[140.52471468621593,40.24511080745998],[140.52525424492083,40.246262769202296],[140.52821417033635,40.24482422014939],[140.53006875133664,40.24520433680436],[140.53267092427808,40.24470651083121],[140.53881267642885,40.24157186335939],[140.53815639502287,40.240143167683584],[140.53754192055038,40.237689225241176],[140.53871104270215,40.23681762026779],[140.5349218300271,40.23681384906841],[140.5373650789221,40.234878883549996],[140.53930901156676,40.23455204367024],[140.5410759990323,40.234740279703516],[140.54015385616663,40.23155285183957],[140.54027253534616,40.230925315679144],[140.54005838559948,40.230508255331635],[140.53956242709205,40.22959128566918],[140.5391642897279,40.229179894606126],[140.5390758166928,40.22836807779789],[140.53826260286274,40.22683776201629],[140.54343837107555,40.2247437825906],[140.54692552724265,40.222775392979706],[140.54889517989372,40.22135479772921],[140.55032130326302,40.22265683979007],[140.55077324960942,40.22360122116479],[140.55210573792718,40.224363993894926],[140.55351643258055,40.22264929779186],[140.55442091361132,40.222467730676996],[140.55695194290405,40.22357883615145],[140.55743257644792,40.224801003109675],[140.55882392770454,40.22537241565324],[140.5602465238796,40.224634646959586],[140.5611475996774,40.2248067533254],[140.5629457739921,40.226659233735965],[140.56339453346007,40.226232736539295],[140.56319397855182,40.22458338369412],[140.5650745654978,40.224312131597124],[140.56718422238785,40.22477027578574],[140.56936506591737,40.22441695068342],[140.57070158631254,40.225225468880346],[140.57166045370096,40.22649250118614],[140.5716079920196,40.22765002358248],[140.56680017103892,40.228885527735706],[140.561580823003,40.230983493546546],[140.56036616539058,40.23169420753253],[140.5620249818119,40.23293540937297],[140.5626628884183,40.233939908020595],[140.5631814660634,40.233276534688564],[140.56436580409346,40.23416440618387],[140.5665441680838,40.23502851212151],[140.56864971302363,40.23458009027381],[140.56703773995528,40.233590217640355],[140.56886973880967,40.233017144650844],[140.5691297198008,40.23456280673207],[140.5700282707807,40.23543005143535],[140.56791665629706,40.23874856330984],[140.5664815906474,40.24059626884713],[140.56392624583683,40.243274831679535],[140.5601149130969,40.24885137915768],[140.55682569243854,40.25105177249328],[140.55225012626374,40.25312003609682],[140.54873738121427,40.25455018116542],[140.54623606341312,40.255912314938435],[140.54418500888985,40.257688871287236]]]},"properties":{"KEY_CODE":"052040890","PREF":"05","CITY":"204","CITY_NAME":"大館市","S_NAME":"二井田","SETAI":"487"}},{"type":"Feature","geometry":{"type":"Polygon","coordinates":[[[140.5373650789221,40.234878883549996],[140.5349218300271,40.23681384906841],[140.53871104270215,40.23681762026779],[140.53754192055038,40.237689225241176],[140.53815639502287,40.240143167683584],[140.53881267642885,40.24157186335939],[140.53267092427808,40.24470651083121],[140.53006875133664,40.24520433680436],[140.52821417033635,40.24482422014939],[140.52525424492083,40.246262769202296],[140.52471468621593,40.24511080745998],[140.52304045567323,40.24558719193373],[140.52259260227743,40.244130887341626],[140.5232258724761,40.24396767750841],[140.5235191769096,40.24375113058505],[140.52377344087733,40.243639330719155],[140.52403342936387,40.243636210974145],[140.52343652269317,40.24193198844305],[140.52353492610567,40.24187267074305],[140.52377837752562,40.24171345263303],[140.5239467930611,40.24157866143162],[140.5238105194874,40.24075028253296],[140.5237300695681,40.24041164978509],[140.52383285616605,40.240235818707596],[140.52315303484522,40.23976387881535],[140.52295376346066,40.23960409273902],[140.5229862740093,40.23949697873854],[140.52351549416983,40.239222776196314],[140.524793945915,40.23867183626314],[140.52570353589843,40.23831287953932],[140.52543875013367,40.23760163487904],[140.5241833831309,40.23528447835631],[140.52627398199093,40.23510781236043],[140.53015014554546,40.23497713327747],[140.53450421195785,40.23490363737032],[140.5373650789221,40.234878883549996]]]},"properties":{"KEY_CODE":"052040900","PREF":"05","CITY":"204","CITY_NAME":"大館市","S_NAME":"下川原","SETAI":"29"}},{"type":"Feature","geometry":{"type":"Polygon","coordinates":[[[140.52343652269317,40.24193198844305],[140.52095743891894,40.2411749169089],[140.51737720271922,40.24196410298228],[140.51560774028957,40.242929052627616],[140.51450756301494,40.24285449016821],[140.51210135494043,40.24343210783659],[140.51099863287126,40.242805053066334],[140.51110581977431,40.24209786751214],[140.5090040085216,40.24306181250631],[140.507839767555,40.24336855696663],[140.50665567624827,40.24347650626777],[140.506877107931,40.242769664563276],[140.5074259444912,40.24198027280091],[140.50906476331934,40.24035578211452],[140.51016475988357,40.23817889670226],[140.5124352311847,40.2359602128241],[140.5125214007331,40.23484280921713],[140.51146042890161,40.23400825625303],[140.511211421302,40.233157095942786],[140.51192965461607,40.232149862567915],[140.51235169216133,40.232086439124956],[140.51332862931673,40.232105293554035],[140.5152419974919,40.23199094570847],[140.51819278391335,40.23208634141427],[140.51899612462176,40.23164714641101],[140.51895468790076,40.23148554580926],[140.51885839074382,40.231033155835284],[140.51855167073137,40.23048330166125],[140.51789316474188,40.230007830036826],[140.51743056668545,40.22972667347751],[140.51718613994498,40.22938690000132],[140.52127609439265,40.228025442738954],[140.52028586354083,40.22632184223987],[140.52296089047908,40.225392487543346],[140.52367787898908,40.22691769471754],[140.52364586711312,40.22776804969773],[140.5253460820215,40.22755016703999],[140.52897826781967,40.226705685913],[140.5307413185228,40.22695254128216],[140.53243998823777,40.227452158301055],[140.534293464677,40.22791986997304],[140.53560754545424,40.2277421382508],[140.53826260286274,40.22683776201629],[140.5390758166928,40.22836807779789],[140.5391642897279,40.229179894606126],[140.53956242709205,40.22959128566918],[140.54005838559948,40.230508255331635],[140.54027253534616,40.230925315679144],[140.54015385616663,40.23155285183957],[140.5410759990323,40.234740279703495],[140.53930901156676,40.23455204367024],[140.5373650789221,40.234878883549996],[140.53450421195785,40.23490363737032],[140.53015014554546,40.23497713327747],[140.52627398199093,40.23510781236043],[140.5241833831309,40.23528447835631],[140.52543875013367,40.23760163487904],[140.5257035358984,40.23831287953932],[140.524793945915,40.23867183626314],[140.52351549416983,40.239222776196314],[140.5229862740093,40.23949697873854],[140.52295376346066,40.23960409273902],[140.52315303484522,40.23976387881535],[140.52383285616605,40.240235818707596],[140.5237300695681,40.24041164978509],[140.5238105194874,40.24075028253296],[140.5239467930611,40.24157866143162],[140.52377837752562,40.24171345263303],[140.52353492610567,40.24187267074305],[140.52343652269317,40.24193198844305]]]},"properties":{"KEY_CODE":"052040910","PREF":"05","CITY":"204","CITY_NAME":"大館市","S_NAME":"本宮","SETAI":"57"}},{"type":"Feature","geometry":{"type":"Polygon","coordinates":[[[140.49077627359276,40.23137333531206],[140.4890424843156,40.23091068076849],[140.4832106588898,40.23186745189671],[140.48125936509635,40.2320095714949],[140.48041303915844,40.232561400794275],[140.47369421067435,40.2328479799249],[140.47232141937513,40.2331377847704],[140.471476308052,40.232648083902816],[140.4691016535209,40.228831802287125],[140.46837551773035,40.22665101910921],[140.46933827483014,40.22538594137256],[140.46891785420442,40.22455199080924],[140.46924288872663,40.2233614715102],[140.4682712387165,40.22279376260562],[140.47010184717425,40.22175753010873],[140.47085080255445,40.22060537392307],[140.47225211878518,40.220265213931],[140.47250265062107,40.21896918686489],[140.4741516294099,40.21827467579184],[140.47608893628833,40.21826640930438],[140.478851255729,40.21709996331286],[140.47982823289036,40.21713994574003],[140.47982208404738,40.21592448593358],[140.48162620766567,40.21420039729241],[140.48477591733084,40.21394217297313],[140.48586722481392,40.210944949026185],[140.4847261742643,40.210042619131876],[140.48517618265623,40.20920939874599],[140.4850387949428,40.20756791550065],[140.48595128480875,40.20637643020521],[140.4888124333346,40.207956327562414],[140.49034704442593,40.20851112885421],[140.4921380803702,40.20720148034584],[140.49384153560456,40.206499001455086],[140.49520316475778,40.20509838020162],[140.49502267276927,40.203379533098705],[140.49683782055726,40.203102089878044],[140.4993759165497,40.203521787879126],[140.5005234842241,40.20448319331921],[140.50288705783913,40.20473540757719],[140.50471178982164,40.20588532636038],[140.50607405205804,40.208293400279544],[140.50698641959508,40.20876836705032],[140.50792345183953,40.21005369718536],[140.50912361738963,40.21077652562658],[140.50905311200873,40.21187619293059],[140.51002344881698,40.21269299858503],[140.51129831212654,40.21289304361241],[140.51537281192464,40.214301371222135],[140.51879178125097,40.2150466062487],[140.52217410836147,40.21916807615922],[140.5231982200319,40.219590679762355],[140.5223981314776,40.22089649638181],[140.52280718869062,40.22211945982986],[140.5239273253971,40.22306980044365],[140.52237382623497,40.22466963926628],[140.52296089047914,40.225392487543346],[140.52028586354083,40.22632184223987],[140.52127609439265,40.228025442738954],[140.51718613994498,40.22938690000132],[140.51743056668545,40.22972667347751],[140.51789316474188,40.230007830036826],[140.51855167073137,40.23048330166125],[140.51885839074382,40.231033155835284],[140.51895468790076,40.23148554580926],[140.51899612462176,40.23164714641101],[140.51819278391335,40.23208634141427],[140.5152419974919,40.23199094570847],[140.51332862931673,40.232105293554035],[140.51235169216133,40.232086439124956],[140.51185321682328,40.23151228321746],[140.51203755803311,40.23088791902745],[140.51195379982607,40.2307638960451],[140.51007574105358,40.230309205634725],[140.5098797886758,40.23012563902789],[140.50965489568765,40.23012500996195],[140.50897991983518,40.22943144578433],[140.50913366178156,40.228880160459276],[140.50869932221084,40.22858289926217],[140.50819468979455,40.22828542368553],[140.50804072383812,40.22814505226695],[140.50778243249212,40.227778305174425],[140.50745763149712,40.22516142102042],[140.50710133709254,40.22471365106645],[140.5071279921383,40.22344604230748],[140.50553229182572,40.22216323467915],[140.50436437909903,40.22097940814884],[140.50405763477724,40.221911441836845],[140.5040417917651,40.22227741911832],[140.50401065178693,40.22290171732422],[140.5027455352186,40.223638237144065],[140.50282735653118,40.22415521487071],[140.50283546578137,40.224653126202156],[140.50280904023285,40.22503253080175],[140.50250362781225,40.22568296128535],[140.5023487041096,40.2257471139218],[140.50147686852122,40.225809216755756],[140.50064739407162,40.22583913800942],[140.49976566923945,40.22576931697491],[140.49848185956392,40.22599975792955],[140.49788311057696,40.2262725383637],[140.49700114394793,40.226251161210214],[140.49635334792208,40.22577829018916],[140.4949758200464,40.22577427665297],[140.49478040206637,40.225493812629985],[140.4948134417423,40.22591912464447],[140.49623248367286,40.22676565627031],[140.4974298458778,40.2269655903128],[140.49793476857593,40.2271931359557],[140.49761698315544,40.22749902543157],[140.49589998247654,40.227200670524866],[140.4951548826085,40.22722004775624],[140.49350747101212,40.22776425190751],[140.49305555376662,40.22818277536222],[140.49232146817943,40.22880500055348],[140.49170014998836,40.2293629588027],[140.49110334261252,40.23063151238172],[140.49077627359276,40.23137333531206]]]},"properties":{"KEY_CODE":"052040920","PREF":"05","CITY":"204","CITY_NAME":"大館市","S_NAME":"比内前田","SETAI":"31"}},{"type":"Feature","geometry":{"type":"Polygon","coordinates":[[[140.51192965461607,40.232149862567915],[140.511211421302,40.233157095942786],[140.51146042890161,40.23400825625303],[140.51049136860004,40.23306628957042],[140.50726965726952,40.23136980248887],[140.5061262889863,40.23234083833321],[140.50473207271853,40.23168510082185],[140.50248816649417,40.23174380480437],[140.49875523958374,40.23043047174913],[140.49854680821798,40.22993467665046],[140.49677829416464,40.22938051366082],[140.49761698315544,40.22749902543157],[140.49793476857593,40.2271931359557],[140.4974298458778,40.2269655903128],[140.49623248367286,40.22676565627031],[140.4948134417423,40.22591912464447],[140.49478040206637,40.225493812629985],[140.4949758200464,40.22577427665297],[140.49635334792208,40.22577829018916],[140.49700114394793,40.226251161210214],[140.49788311057696,40.2262725383637],[140.49848185956392,40.22599975792955],[140.49976566923945,40.22576931697491],[140.50064739407162,40.22583913800942],[140.50147686852122,40.225809216755756],[140.5023487041096,40.2257471139218],[140.50250362781225,40.22568296128535],[140.50280904023285,40.22503253080175],[140.50283546578137,40.224653126202156],[140.50282735653118,40.22415521487071],[140.5027455352186,40.223638237144065],[140.50401065178693,40.22290171732422],[140.5040417917651,40.22227741911832],[140.50405763477724,40.221911441836845],[140.50436437909903,40.22097940814884],[140.50553229182572,40.22216323467915],[140.5071279921383,40.22344604230748],[140.50710133709254,40.22471365106645],[140.50745763149712,40.22516142102042],[140.50778243249212,40.227778305174425],[140.50804072383812,40.22814505226695],[140.50819468979455,40.22828542368553],[140.50869932221084,40.22858289926217],[140.50913366178156,40.228880160459276],[140.50897991983518,40.22943144578433],[140.50965489568765,40.23012500996195],[140.5098797886758,40.23012563902789],[140.51007574105358,40.230309205634725],[140.51195379982607,40.2307638960451],[140.51203755803311,40.23088791902745],[140.51185321682328,40.23151228321746],[140.51192965461607,40.232149862567915]]]},"properties":{"KEY_CODE":"052040930","PREF":"05","CITY":"204","CITY_NAME":"大館市","S_NAME":"杉沢","SETAI":"18"}},{"type":"Feature","geometry":{"type":"Polygon","coordinates":[[[140.50906476331934,40.24035578211452],[140.5074209516502,40.2401143403608],[140.50633925946101,40.239928290456],[140.50541353644937,40.23947352655638],[140.50507747059768,40.23919268015516],[140.50424849649252,40.2390826712479],[140.50331890327593,40.239424516408945],[140.50316107103637,40.24008074772417],[140.50343086280927,40.2409804279121],[140.50222026211378,40.2412784004684],[140.50213900270808,40.24064301845141],[140.5015637672735,40.24039375842802],[140.500848494726,40.240036470524096],[140.49917853687109,40.239396499705386],[140.49844136888296,40.23920598658985],[140.4979127934515,40.239478967825576],[140.4975518605521,40.23996775113239],[140.49725970221166,40.24005570464547],[140.49688371479422,40.239322588842526],[140.49642669517414,40.23862959125392],[140.49607267652223,40.23843208250361],[140.49595561222742,40.237941930483785],[140.495865572595,40.23767252179705],[140.49537313266165,40.23774644592421],[140.49481205819134,40.23678400686643],[140.49454318135528,40.23643065713443],[140.49420184350953,40.23581063838377],[140.49397844563714,40.23549780907266],[140.49323493049178,40.235183436364295],[140.4925491959964,40.23455701853204],[140.49225585415908,40.23417936823743],[140.49116560945663,40.23292738631919],[140.49074403927904,40.23289384171721],[140.49035156134198,40.23266661512963],[140.4902540140839,40.23249407300467],[140.4901853659261,40.23217091254011],[140.49077627359276,40.23137333531206],[140.49110334261252,40.23063151238172],[140.49170014998836,40.2293629588027],[140.49232146817943,40.22880500055348],[140.49305555376662,40.22818277536222],[140.49350747101212,40.22776425190751],[140.4951548826085,40.22722004775624],[140.49589998247654,40.227200670524866],[140.49761698315544,40.22749902543157],[140.49677829416464,40.22938051366082],[140.49854680821798,40.22993467665046],[140.49875523958374,40.23043047174913],[140.50248816649417,40.23174380480437],[140.50473207271853,40.23168510082185],[140.5061262889863,40.23234083833321],[140.50726965726952,40.23136980248887],[140.51049136860004,40.23306628957042],[140.51146042890161,40.23400825625303],[140.5125214007331,40.23484280921713],[140.5124352311847,40.2359602128241],[140.51016475988357,40.23817889670226],[140.50906476331934,40.24035578211452]]]},"properties":{"KEY_CODE":"052040940","PREF":"05","CITY":"204","CITY_NAME":"大館市","S_NAME":"大子内","SETAI":"30"}},{"type":"Feature","geometry":{"type":"Polygon","coordinates":[[[140.71055809538618,40.22562977460544],[140.7067021137117,40.227261784448636],[140.7050223641281,40.22829042999841],[140.69937445668256,40.232744941764075],[140.69846224535536,40.23318658307652],[140.69635602908434,40.23286143062594],[140.69340207910676,40.230956774076674],[140.69164398241384,40.230527783490814],[140.68646328922526,40.2308082457168],[140.68443592057164,40.23034791178741],[140.68245520305757,40.2287808364396],[140.6811797962012,40.22731969295294],[140.6797574418236,40.22586584399195],[140.67862464956355,40.22420602331827],[140.6780435282078,40.223398580052525],[140.6771698263466,40.222012985217816],[140.66652946952135,40.222077421658994],[140.66659371211,40.22110727256698],[140.66269145556996,40.219966312023665],[140.6623239023363,40.218772307003114],[140.66042371181226,40.21950331941097],[140.6582056896573,40.21950651338108],[140.65337360407324,40.216702658811585],[140.6498093541099,40.21514535129669],[140.64530962039314,40.21402003184876],[140.64067098851456,40.21420621493965],[140.63611177720577,40.215018895739746],[140.6360174817424,40.213836247852186],[140.63503390702732,40.21382958002278],[140.63503614612972,40.21305620517651],[140.63804104837132,40.21234285865542],[140.6371975645125,40.2111888763396],[140.63814550845458,40.211113138902334],[140.63892873289763,40.20941056774965],[140.6400881748886,40.208242469020796],[140.64042672156467,40.20707905710683],[140.6414880330263,40.20604909498389],[140.63939021307914,40.20606202575696],[140.63935072856125,40.20390622198882],[140.63876843855536,40.20115149491978],[140.63764695352074,40.19936585816449],[140.6379097357062,40.19752497674362],[140.63754630538332,40.19704761576958],[140.63557962779277,40.19773380471344],[140.6371732536344,40.194729441329876],[140.6389504383357,40.19452178202022],[140.641945374034,40.193724621785826],[140.6425868624264,40.19449156545526],[140.64494937044987,40.19345404955511],[140.64594170194692,40.194071443064466],[140.64738641171627,40.192683629887696],[140.6526810498136,40.19285876225194],[140.65423569896055,40.19135955271744],[140.6555230970368,40.19045924974262],[140.65933112990055,40.18899609456451],[140.6594728424288,40.1870931370727],[140.66036038901083,40.18461848178474],[140.66054795302705,40.183085338401106],[140.6598614181716,40.181793992253816],[140.65983633486033,40.179736804048886],[140.66149813132918,40.17823597008157],[140.66333550297938,40.17730281288141],[140.66752331036494,40.17430893886364],[140.6713730359234,40.17515120731261],[140.67343286701131,40.172998185578265],[140.6741608579454,40.169704297676056],[140.6771727372961,40.16801808892547],[140.67700657950854,40.16539680746063],[140.6797222425047,40.162313677820244],[140.68079160049132,40.16144200012944],[140.6827221993824,40.1590641485654],[140.68227231044213,40.15809758203192],[140.68064756211365,40.15668101048668],[140.68005474046547,40.155548321978856],[140.68078523752672,40.15443128250409],[140.6838550553998,40.152701234109564],[140.68593479392385,40.15372318457831],[140.6888104458328,40.154531972798445],[140.6912100167248,40.15413950802318],[140.69421360767276,40.152219694123694],[140.69634720650075,40.15204564537258],[140.69727630948344,40.15320618168368],[140.69789164130333,40.156009564738774],[140.7005768014511,40.15808971357582],[140.70170778736102,40.1585210098567],[140.70257018883623,40.16019795519845],[140.70401190525777,40.16094614451341],[140.70328090060917,40.16379389348884],[140.70395194680077,40.165809944963925],[140.70384447145975,40.169096943994475],[140.7029319491122,40.17108835002934],[140.7020819896132,40.171946539691525],[140.70106581792956,40.174676442617645],[140.69989451033175,40.175712655910175],[140.69889522913596,40.17825897765999],[140.69958465782483,40.18095237735778],[140.69927905033515,40.18157065345732],[140.69951885818995,40.18412155141135],[140.70006891429938,40.18551979156473],[140.69998122984856,40.188469440567474],[140.70102370446622,40.18949327249599],[140.70083098925852,40.1910691530063],[140.70108064170844,40.19422945416132],[140.70293265640194,40.19478935151219],[140.70506499633336,40.1941122388957],[140.70677913144914,40.19409892406091],[140.70896432441992,40.19344208137303],[140.71069244620108,40.19334418658574],[140.7133105947304,40.19445575522259],[140.71557397560167,40.19446823164767],[140.71636906308902,40.19394167614112],[140.71668246468803,40.19256781162798],[140.71855685656377,40.191672154047346],[140.72144285177754,40.19130989736295],[140.72386087635167,40.18974532122665],[140.72652857284493,40.18926608385855],[140.72706996086535,40.19006775185966],[140.7292782719987,40.190153464526084],[140.72914369299696,40.19360662586093],[140.72909056389744,40.19437795393367],[140.7276012121536,40.19740061776708],[140.72750636641808,40.198810218151166],[140.72622581586091,40.200822140588784],[140.72629045794866,40.20169366699852],[140.7255601239562,40.20322507192315],[140.72450301187118,40.204059975907676],[140.72399051406938,40.20518482791817],[140.7222591285522,40.20613256929933],[140.7228452794672,40.20796367439086],[140.71986571922193,40.209542489334886],[140.71964464228108,40.21176778610246],[140.71827823585375,40.212067119632025],[140.71820675833382,40.21363898282872],[140.71537835397967,40.214758356172695],[140.71396619555216,40.21735941124991],[140.71474841054228,40.21950948511745],[140.7115915253132,40.22015559346947],[140.71053851176185,40.22076031093274],[140.71008627065964,40.22206247167106],[140.7105882430182,40.2237767632426],[140.71055809538618,40.22562977460544]]]},"properties":{"KEY_CODE":"052040950","PREF":"05","CITY":"204","CITY_NAME":"大館市","S_NAME":"十二所","SETAI":"564"}},{"type":"Feature","geometry":{"type":"Polygon","coordinates":[[[140.63557962779277,40.19773380471344],[140.63754630538332,40.19704761576958],[140.6379097357062,40.19752497674362],[140.63764695352074,40.19936585816449],[140.63876843855536,40.20115149491978],[140.63935072856125,40.20390622198882],[140.63939021307914,40.20606202575696],[140.6414880330263,40.20604909498389],[140.64042672156467,40.20707905710683],[140.6400881748886,40.208242469020796],[140.63892873289763,40.20941056774965],[140.63814550845458,40.211113138902334],[140.6371975645125,40.2111888763396],[140.63804104837132,40.21234285865542],[140.63503614612972,40.21305620517651],[140.63503390702732,40.21382958002278],[140.6360174817424,40.213836247852186],[140.63611177720577,40.215018895739746],[140.634158167075,40.2148516217153],[140.63257703231085,40.21460437733849],[140.6288726977948,40.21369172319412],[140.62613520233842,40.21297930001649],[140.62553131523347,40.21285641915878],[140.6236354629678,40.21273424327432],[140.62232429680347,40.2126879010364],[140.62079697042637,40.212765598360704],[140.6200377242078,40.212865945686694],[140.6201099048197,40.21236839933188],[140.61854364701443,40.20963365982999],[140.6164294223846,40.209144466022344],[140.6152521419781,40.20760972240652],[140.61503837607628,40.20600266452136],[140.61762178040095,40.204130398006285],[140.62032248485497,40.20309675075382],[140.62245119674571,40.201814977570464],[140.6249759145536,40.20179838596689],[140.62691700997996,40.20122594180753],[140.62858684410918,40.201617837583186],[140.6292755315883,40.200023761851526],[140.6320002761319,40.19930728638764],[140.63532493817755,40.199357358909545],[140.63619839697114,40.199062564232094],[140.63557962779277,40.19773380471344]]]},"properties":{"KEY_CODE":"052040960","PREF":"05","CITY":"204","CITY_NAME":"大館市","S_NAME":"道目木","SETAI":"52"}},{"type":"Feature","geometry":{"type":"Polygon","coordinates":[[[140.61403793150353,40.22601862221007],[140.61149911983094,40.22375564434074],[140.60838953672038,40.22423652334448],[140.60608571315544,40.222441450526176],[140.60470271423915,40.22200597690064],[140.6074733797,40.21934446346011],[140.60923778203002,40.21763303217937],[140.6122391577144,40.215572324058144],[140.6150198068397,40.214003412771504],[140.61524386373435,40.2139338585166],[140.61739509751553,40.21328298942787],[140.61913352317598,40.212940001609184],[140.62003772420783,40.212865945686694],[140.62079697042637,40.212765598360704],[140.62232429680347,40.2126879010364],[140.6236354629678,40.21273424327432],[140.62553131523347,40.21285641915878],[140.62613520233842,40.21297930001649],[140.6288726977948,40.21369172319412],[140.63257703231085,40.21460437733849],[140.634158167075,40.2148516217153],[140.63388709312548,40.21631459940414],[140.6344485958846,40.216563721687045],[140.63445313617856,40.21664403076448],[140.63406246442642,40.216632395661506],[140.6339194137164,40.216665009954916],[140.63425693976265,40.21775131143721],[140.63424614210646,40.21818191360027],[140.63461012456992,40.21919346657976],[140.63523743232656,40.219763856053376],[140.6350535309066,40.22074889738743],[140.6326042887709,40.220703694415825],[140.62983456858,40.219167680100206],[140.6281347296508,40.2191346532132],[140.62794122906345,40.21919128665392],[140.62738381429162,40.21945825716535],[140.6267780313896,40.21995047432079],[140.62604517296197,40.22169393562512],[140.62485097536532,40.22216681404428],[140.62448601669985,40.2218921098467],[140.62421726636504,40.22136788025398],[140.62381226990615,40.221190555197715],[140.6225393709493,40.221389202688755],[140.62091980126493,40.221839947483645],[140.61949402590812,40.22260467327461],[140.6191509057139,40.22298162689948],[140.61933543901063,40.22372799195339],[140.61795106409983,40.22395685800293],[140.6167647696036,40.22440531134908],[140.61607973457666,40.22476334107657],[140.6157691391028,40.22490587873892],[140.61543482497376,40.2250087747282],[140.61534904474925,40.225724191339424],[140.61499332684912,40.225679388087876],[140.61473492594692,40.22566062427733],[140.61403793150353,40.22601862221007]]]},"properties":{"KEY_CODE":"052040970","PREF":"05","CITY":"204","CITY_NAME":"大館市","S_NAME":"曲田","SETAI":"61"}},{"type":"Feature","geometry":{"type":"Polygon","coordinates":[[[140.65549802565306,40.233181652101685],[140.65504180149892,40.23487721811882],[140.65374067218184,40.236540930585235],[140.65358327954246,40.23856369693799],[140.65289456731708,40.24023634220881],[140.65306398851948,40.240862433882704],[140.65009520968897,40.242153031462315],[140.6479855932682,40.24201864928534],[140.64699829251222,40.24159497040136],[140.64463247923902,40.241307302121136],[140.64400361508305,40.241873888569295],[140.64470489120035,40.242617298736114],[140.64331813327257,40.24570780823599],[140.64335400762545,40.24647923884974],[140.6409655788209,40.24741403162592],[140.64026020185491,40.24811145392127],[140.6400455778362,40.2500613639135],[140.63906316760838,40.24934729321117],[140.63723909572207,40.248926096891545],[140.63495355327007,40.249054234492235],[140.63391552696686,40.247693592840065],[140.6313312650156,40.24191258927193],[140.63209180095953,40.23742468807304],[140.63331991049313,40.23514918475958],[140.63116638315702,40.23450729254942],[140.6260328467129,40.23409319238655],[140.62466422545378,40.23346321972913],[140.62219974507332,40.2299841328269],[140.62077076664445,40.22911790095423],[140.61828615311785,40.228577531072304],[140.6176847344657,40.227928455727415],[140.616974852774,40.227752846042655],[140.61638139523143,40.227579509323704],[140.61553527510165,40.22728493550259],[140.61516844036453,40.22713277260792],[140.61460524586306,40.226536669132855],[140.61403793150353,40.22601862221007],[140.61473492594692,40.22566062427733],[140.61499332684912,40.225679388087876],[140.61534904474925,40.225724191339424],[140.61543482497376,40.2250087747282],[140.6157691391028,40.22490587873892],[140.61607973457666,40.22476334107657],[140.6167647696036,40.22440531134908],[140.61795106409983,40.22395685800293],[140.61933543901063,40.22372799195339],[140.6191509057139,40.22298162689948],[140.61949402590812,40.22260467327461],[140.62091980126493,40.221839947483645],[140.6225393709493,40.221389202688755],[140.62381226990615,40.221190555197715],[140.62421726636504,40.22136788025398],[140.62448601669985,40.2218921098467],[140.62485097536532,40.22216681404428],[140.62604517296197,40.22169393562512],[140.6267780313896,40.21995047432079],[140.62738381429162,40.21945825716535],[140.62794122906345,40.21919128665392],[140.6281347296508,40.2191346532132],[140.62983456858,40.219167680100206],[140.6326042887709,40.220703694415825],[140.6350535309066,40.22074889738743],[140.63523743232656,40.219763856053376],[140.63461012456992,40.21919346657976],[140.63424614210646,40.21818191360027],[140.63425693976265,40.21775131143721],[140.6339194137164,40.216665009954916],[140.63406246442642,40.216632395661506],[140.63445313617856,40.21664403076448],[140.6344485958846,40.216563721687045],[140.63388709312548,40.21631459940414],[140.634158167075,40.2148516217153],[140.63611177720577,40.215018895739746],[140.64067098851456,40.21420621493965],[140.64530962039314,40.21402003184876],[140.6498093541099,40.21514535129669],[140.65337360407324,40.216702658811585],[140.6582056896573,40.21950651338108],[140.66042371181226,40.21950331941097],[140.6623239023363,40.218772307003114],[140.66269145556996,40.219966312023665],[140.66659371211,40.22110727256698],[140.66652946952135,40.222077421658994],[140.66665760212507,40.222184401817096],[140.66701663712655,40.22302179009141],[140.66781328710948,40.223634223603646],[140.66812877912142,40.22480267480792],[140.66770344891066,40.22779298208686],[140.66728170879887,40.2283178254636],[140.66640795827865,40.229100987107124],[140.66627424457045,40.229377320163636],[140.666784556301,40.230542387389555],[140.6648229468601,40.232198733045884],[140.66379718628914,40.231978910572295],[140.66165878358362,40.232084901167184],[140.66108860867683,40.23208405176764],[140.66036577486733,40.23233040255254],[140.65990895963756,40.23261426664764],[140.65895879940052,40.23254658819687],[140.65772318779815,40.232632029244705],[140.6565625792286,40.233110535246304],[140.65549802565306,40.233181652101685]]]},"properties":{"KEY_CODE":"052040980","PREF":"05","CITY":"204","CITY_NAME":"大館市","S_NAME":"軽井沢","SETAI":"195"}},{"type":"Feature","geometry":{"type":"Polygon","coordinates":[[[140.67617226132336,40.23011302403295],[140.6759369509259,40.23197032901999],[140.67601515328326,40.23561933622437],[140.67534666274807,40.237453913901405],[140.6744782271525,40.23831518724841],[140.6736967945354,40.23902176317723],[140.6733505806103,40.238866484881505],[140.67116812547553,40.23808681132197],[140.66304361185638,40.23547959368161],[140.65979232067758,40.23443503807131],[140.65549802565312,40.233181652101685],[140.6565625792286,40.233110535246304],[140.65772318779815,40.232632029244705],[140.65895879940052,40.23254658819687],[140.65990895963756,40.23261426664764],[140.66036577486733,40.23233040255254],[140.66108860867683,40.23208405176764],[140.66165878358362,40.232084901167184],[140.66379718628914,40.231978910572295],[140.6648229468601,40.232198733045884],[140.666784556301,40.230542387389555],[140.66627424457045,40.229377320163636],[140.66640795827865,40.229100987107124],[140.66728170879887,40.2283178254636],[140.66770344891066,40.22779298208686],[140.66812877912142,40.22480267480792],[140.66781328710948,40.223634223603646],[140.66701663712655,40.22302179009141],[140.66665760212507,40.222184401817096],[140.66652946952135,40.22207742165897],[140.6771698263466,40.2220129852178],[140.6780435282078,40.223398580052525],[140.67862464956355,40.22420602331827],[140.6797574418236,40.22586584399195],[140.6811797962012,40.22731969295294],[140.67994373746689,40.22797837609868],[140.67860288442932,40.229466057274884],[140.67786987016086,40.23078947202405],[140.67669161681528,40.23031276915142],[140.67617226132336,40.23011302403295]]]},"properties":{"KEY_CODE":"052040990","PREF":"05","CITY":"204","CITY_NAME":"大館市","S_NAME":"猿間","SETAI":"49"}},{"type":"Feature","geometry":{"type":"Polygon","coordinates":[[[140.72109983240443,40.25200624406839],[140.71680146615964,40.25192820773711],[140.71501427151446,40.25249757026788],[140.71175336855524,40.25241214368589],[140.70892193249202,40.251062145071565],[140.70818865892198,40.25197586793671],[140.70658996084,40.255075821033564],[140.70625372409182,40.25665273431035],[140.70484622705843,40.25650936600578],[140.70250000588513,40.2532455978576],[140.7019404111369,40.255300883284164],[140.69750409134016,40.25535951573623],[140.69670885017302,40.25473471839848],[140.69556767151138,40.25576131259634],[140.69308709373422,40.25504936269896],[140.69058566098963,40.255485811884874],[140.68838298570293,40.254774103563676],[140.68763255490668,40.254907843299414],[140.686263532954,40.25414043526907],[140.68481633581484,40.253983857415754],[140.6819298188238,40.25424309971405],[140.68050195374406,40.25472844737346],[140.67963718808227,40.256294056244926],[140.67818851496335,40.255773259465286],[140.6748505287559,40.255227016495155],[140.67288580293416,40.2564884722423],[140.670667213347,40.25829326110191],[140.6694513561515,40.259604944159044],[140.66763535872104,40.259914284146646],[140.65770018574557,40.25894251148361],[140.65315230495122,40.25912690455179],[140.64716570234302,40.25975211472212],[140.64856873080942,40.25816299821712],[140.64688165707648,40.25706559588626],[140.64434822767905,40.25496138767991],[140.6439203426949,40.25318791181262],[140.6400455778362,40.2500613639135],[140.64026020185491,40.24811145392127],[140.6409655788209,40.24741403162592],[140.64335400762545,40.24647923884974],[140.64331813327257,40.24570780823599],[140.64470489120035,40.242617298736114],[140.64400361508305,40.241873888569295],[140.64463247923902,40.241307302121136],[140.64699829251222,40.24159497040136],[140.6479855932682,40.24201864928534],[140.65009520968897,40.242153031462315],[140.65306398851948,40.240862433882704],[140.65289456731708,40.24023634220881],[140.65358327954246,40.23856369693799],[140.65374067218184,40.236540930585235],[140.65504180149892,40.23487721811882],[140.65549802565306,40.233181652101685],[140.65979232067758,40.23443503807131],[140.66304361185638,40.23547959368161],[140.67116812547553,40.23808681132197],[140.6733505806103,40.238866484881505],[140.6736967945354,40.23902176317723],[140.6744782271525,40.23831518724841],[140.67534666274807,40.237453913901405],[140.67601515328326,40.23561933622437],[140.6759369509259,40.23197032901999],[140.67617226132336,40.23011302403295],[140.67669161681528,40.23031276915142],[140.67786987016086,40.23078947202405],[140.67860288442932,40.229466057274884],[140.67994373746689,40.22797837609868],[140.6811797962012,40.22731969295294],[140.68245520305757,40.2287808364396],[140.68443592057164,40.23034791178741],[140.68646328922526,40.2308082457168],[140.69164398241384,40.230527783490814],[140.69340207910676,40.230956774076674],[140.69635602908434,40.23286143062594],[140.69846224535536,40.23318658307652],[140.69937445668256,40.232744941764075],[140.7050223641281,40.22829042999841],[140.7067021137117,40.227261784448636],[140.71055809538618,40.22562977460544],[140.7153624628182,40.22520252005204],[140.72193842439933,40.22530465878913],[140.7252746178025,40.22618567091744],[140.72646312266374,40.22726698400738],[140.72780207664204,40.22985727712311],[140.727100435058,40.230146407505785],[140.72601127112097,40.23268103222234],[140.72490866697277,40.233106156888354],[140.7245779959043,40.234567572549494],[140.72541649621797,40.23575732565003],[140.72548417066756,40.2387276767208],[140.7244646749988,40.2393361326971],[140.72576733853202,40.24113117254094],[140.72446486484577,40.24272405688426],[140.7255966990134,40.2447585221308],[140.72542087742625,40.24563157778302],[140.7259542615594,40.248537053154045],[140.72284814827245,40.25051011704667],[140.72260503074764,40.25158409668018],[140.72109983240443,40.25200624406839]]]},"properties":{"KEY_CODE":"052041000","PREF":"05","CITY":"204","CITY_NAME":"大館市","S_NAME":"葛原","SETAI":"83"}},{"type":"Feature","geometry":{"type":"Polygon","coordinates":[[[140.54822549296992,40.382591200213334],[140.54576290315083,40.38307895831015],[140.54456146794482,40.38225812343916],[140.54084952609324,40.38139974641445],[140.53652531882884,40.37863321388827],[140.53416325317806,40.37778319853047],[140.5336128299294,40.37813515040822],[140.53248849572398,40.37685827421444],[140.53444843581363,40.374336764602866],[140.53459642634078,40.371730040870695],[140.53211514448645,40.371673426131174],[140.53087868619178,40.37127237856623],[140.52973241526408,40.369925305930735],[140.5278978484023,40.369924368894495],[140.5270206090049,40.3694508345585],[140.52784933731016,40.368359996930266],[140.52780259661463,40.367517876418006],[140.5296761759113,40.36444838195767],[140.5299020786084,40.36358470226188],[140.5286339993881,40.362460429710254],[140.52877872723062,40.3606261960792],[140.52836501469736,40.35982673433156],[140.53039816215428,40.35896577544509],[140.53071522411324,40.358132338695206],[140.5300400975874,40.35576890199824],[140.53076410604743,40.35512373061828],[140.53128328152764,40.35315142519473],[140.52987222932452,40.35120498363834],[140.5280047102174,40.349651282588006],[140.52774271371499,40.348372161269886],[140.52688573598004,40.34794504366968],[140.52594118150833,40.34569491935116],[140.52667870747885,40.34418677075346],[140.52509396070724,40.34310848336486],[140.52535091219593,40.33992656234525],[140.52426256319913,40.33819716168393],[140.52484652722683,40.33642202859631],[140.52498193077724,40.33441782697593],[140.52344036198141,40.33265600371021],[140.5234693410597,40.3315710690638],[140.52473140366004,40.3306204598583],[140.52365460691476,40.328704939378255],[140.52382843815104,40.32591750365862],[140.52336773226367,40.323934871940075],[140.52368996337185,40.32305125610156],[140.52316044939676,40.32176750774541],[140.52367992557075,40.32038079175168],[140.52552978601676,40.320347548221164],[140.52685476556223,40.31899773482803],[140.52796729926874,40.31688970792353],[140.52914418163638,40.31642251404059],[140.5286299753855,40.31473565548191],[140.53138180294886,40.31458311733323],[140.533521163903,40.31511873240719],[140.53586169292313,40.3150235696993],[140.53803109249642,40.314235467237694],[140.53874001857685,40.314567528868686],[140.54121362876612,40.3143648653486],[140.5422052073629,40.31327704462569],[140.54366489651187,40.31353655936608],[140.54668438142468,40.311939195790565],[140.5479820178311,40.31184290560688],[140.54757373491947,40.31081838480564],[140.5485106140389,40.30855050539205],[140.54990291732398,40.30891214609671],[140.55053331493727,40.31015610483638],[140.55728703786477,40.31424794756185],[140.55848689867454,40.31443561238914],[140.5583778197084,40.31933111828213],[140.55814308562123,40.32313173144738],[140.56216799193297,40.32811093344958],[140.56424460109002,40.3294804491175],[140.56612626538833,40.33035559374231],[140.5679726474899,40.33305684161464],[140.56847144203925,40.33457801076683],[140.57020588787807,40.33566362953907],[140.57355686032747,40.33937830728676],[140.57547819642323,40.342165319382744],[140.57213749441937,40.34378267708465],[140.56957326054194,40.34603545539829],[140.5670260390176,40.34709696902272],[140.56667201203467,40.34835410403283],[140.5635934142533,40.351217922399194],[140.56222621733696,40.355207852389455],[140.5609166074146,40.35822604532269],[140.55869714808688,40.35998035324622],[140.55510473650628,40.36184899444661],[140.5547312830594,40.36376451920534],[140.55358808096994,40.36726136789221],[140.5534924791942,40.36866292524329],[140.55403983630308,40.36967393358541],[140.55362677996615,40.371844277006154],[140.5516862880108,40.37576073427141],[140.5524701574117,40.37713192974161],[140.55297590918994,40.37828026667022],[140.5525882372071,40.37912904369243],[140.55050464196378,40.38060327137148],[140.54822549296992,40.382591200213334]]]},"properties":{"KEY_CODE":"052041010","PREF":"05","CITY":"204","CITY_NAME":"大館市","S_NAME":"花岡町","SETAI":"854"}},{"type":"Feature","geometry":{"type":"Polygon","coordinates":[[[140.5843966904852,40.33434897049157],[140.5822388259658,40.33343838278357],[140.57989030413967,40.33264575772875],[140.57783240536318,40.331510175668384],[140.57576463908237,40.33003833606735],[140.57401433251562,40.32786515231618],[140.57536146072465,40.32754407367912],[140.57689004442648,40.3274138541708],[140.57968507347957,40.326655241076786],[140.58031655961872,40.3258122272854],[140.5824758257877,40.32502657836285],[140.58316205652923,40.32471614360921],[140.58385697153324,40.32455443960167],[140.58410919477666,40.32457173049826],[140.58504016301993,40.32468220037842],[140.58563088370667,40.324806813918855],[140.5873106285469,40.32571421757202],[140.58804850279944,40.3262063914909],[140.59282978111335,40.32920798190695],[140.592017134451,40.32944953581118],[140.58855434188615,40.33061739852091],[140.58816935840807,40.333203623248025],[140.5843966904852,40.33434897049157]]]},"properties":{"KEY_CODE":"052041020","PREF":"05","CITY":"204","CITY_NAME":"大館市","S_NAME":"橋桁","SETAI":"25"}},{"type":"Feature","geometry":{"type":"Polygon","coordinates":[[[140.60754969435362,40.33307094432751],[140.60888817842113,40.33306515786972],[140.60940131526004,40.333804274632136],[140.60774989811466,40.33446270509146],[140.60715789650436,40.335330492324246],[140.61018447972043,40.337462638286915],[140.61336341727002,40.33832888091272],[140.61671900035012,40.34004899308439],[140.61962097762915,40.3423290596554],[140.61957274667478,40.34369624296299],[140.61799452320503,40.34483832916559],[140.62005997212816,40.34575225165875],[140.62055240168038,40.34789637711481],[140.62019202755513,40.349065897851695],[140.62249019434302,40.35103293063847],[140.61465461542048,40.35674805832169],[140.61560927938987,40.362932018434684],[140.61629629048227,40.36625217343436],[140.60790735104476,40.368517480612816],[140.6006442260596,40.37078796185888],[140.5911670199891,40.374365350779115],[140.59128533574344,40.372311035624435],[140.59183334701672,40.36986555889064],[140.59428504621448,40.365130353227244],[140.59555545052646,40.36186660775337],[140.59392721951036,40.36027456384665],[140.5947319432239,40.35769366255338],[140.59608839977219,40.3562973117287],[140.5957154632138,40.35532892512763],[140.59631735121604,40.354440982706635],[140.59588781128357,40.35255062617661],[140.5963492555383,40.35063685889303],[140.59003446014862,40.35190202273677],[140.58777001811052,40.35210117237988],[140.5882285570298,40.354012703803626],[140.58916745841498,40.354353299119296],[140.58927261992156,40.355265596414164],[140.5881874618296,40.35536006388676],[140.58645999028053,40.35435792744477],[140.58535446282912,40.352018891779466],[140.58606980720117,40.35146257994536],[140.58604671760625,40.34879507468508],[140.58634441336557,40.34692092361951],[140.5855587219446,40.345740704747435],[140.58446575117023,40.345316824379516],[140.5833026940863,40.34384218430302],[140.5811824028148,40.344546382309645],[140.57965953451765,40.342487924590486],[140.58017860900156,40.34158732560278],[140.57775410837849,40.33862090837228],[140.57852273674914,40.33700787710943],[140.5801014872978,40.335841167701744],[140.5843966904852,40.33434897049157],[140.58816935840807,40.333203623248025],[140.58855434188615,40.33061739852091],[140.592017134451,40.32944953581118],[140.5928297811134,40.32920798190695],[140.59908182598713,40.3341908176162],[140.60088278104055,40.33369953060908],[140.60171473875127,40.33422964553455],[140.60381879848788,40.3325274172482],[140.60712295624992,40.33274296767883],[140.60754969435362,40.33307094432751]]]},"properties":{"KEY_CODE":"052041030","PREF":"05","CITY":"204","CITY_NAME":"大館市","S_NAME":"白沢","SETAI":"261"}},{"type":"Feature","geometry":{"type":"Polygon","coordinates":[[[140.5843966904852,40.33434897049157],[140.5801014872978,40.335841167701744],[140.57852273674914,40.33700787710943],[140.57775410837849,40.33862090837228],[140.58017860900156,40.34158732560278],[140.57965953451765,40.342487924590486],[140.5811824028148,40.344546382309645],[140.5833026940863,40.34384218430302],[140.58446575117023,40.345316824379516],[140.5855587219446,40.345740704747435],[140.58634441336557,40.34692092361951],[140.58604671760625,40.34879507468508],[140.58606980720117,40.35146257994536],[140.58535446282912,40.352018891779466],[140.58645999028053,40.35435792744477],[140.5881874618296,40.35536006388676],[140.58927261992156,40.355265596414164],[140.58916745841498,40.354353299119296],[140.5882285570298,40.354012703803626],[140.58777001811052,40.35210117237988],[140.59003446014862,40.35190202273677],[140.5963492555383,40.35063685889303],[140.59588781128357,40.35255062617661],[140.59631735121604,40.354440982706635],[140.5957154632138,40.35532892512763],[140.59608839977219,40.3562973117287],[140.5947319432239,40.35769366255338],[140.59392721951036,40.36027456384665],[140.59555545052646,40.36186660775337],[140.59428504621448,40.365130353227244],[140.59183334701672,40.36986555889064],[140.59128533574344,40.372311035624435],[140.5911670199891,40.374365350779115],[140.58824850269548,40.37520517987861],[140.58196834400925,40.378647097021364],[140.57767556809074,40.38134797387449],[140.5524701574117,40.37713192974161],[140.5516862880108,40.37576073427141],[140.55362677996615,40.371844277006154],[140.55403983630308,40.36967393358541],[140.5534924791942,40.36866292524329],[140.55358808096994,40.36726136789221],[140.5547312830594,40.36376451920534],[140.55510473650628,40.36184899444661],[140.55869714808688,40.35998035324622],[140.5609166074146,40.35822604532269],[140.56222621733696,40.355207852389455],[140.5635934142533,40.351217922399194],[140.56667201203467,40.34835410403283],[140.5670260390176,40.34709696902272],[140.56957326054194,40.34603545539829],[140.57213749441937,40.34378267708465],[140.57547819642323,40.342165319382744],[140.57355686032747,40.33937830728676],[140.57020588787807,40.33566362953907],[140.56847144203925,40.33457801076683],[140.5679726474899,40.33305684161464],[140.56612626538833,40.33035559374231],[140.56619377012885,40.33018152933117],[140.57061207742012,40.331475601953315],[140.57069337007596,40.33094524382971],[140.573147321555,40.33190889440058],[140.57400239936416,40.33193924089212],[140.57561644879834,40.32989587233343],[140.57576463908237,40.33003833606735],[140.57783240536318,40.331510175668384],[140.57989030413967,40.33264575772875],[140.5822388259658,40.33343838278357],[140.5843966904852,40.33434897049157]]]},"properties":{"KEY_CODE":"052041040","PREF":"05","CITY":"204","CITY_NAME":"大館市","S_NAME":"粕田","SETAI":"154"}},{"type":"Feature","geometry":{"type":"Polygon","coordinates":[[[140.63246918338547,40.40391568409352],[140.6337866105638,40.40603721662269],[140.63495550421283,40.4063513917106],[140.63637011314125,40.409389556886964],[140.63497575644234,40.40983187161711],[140.63399584536586,40.41151697203502],[140.63367233330402,40.416026986694405],[140.63293795585946,40.41673108087355],[140.63320970192888,40.417538649258894],[140.63188793795453,40.41805593077006],[140.63025084787128,40.419379744501484],[140.6270244271168,40.42108028777932],[140.62606108379168,40.42261796335751],[140.62592561752604,40.42373852636336],[140.62359513060665,40.42451353500634],[140.61946365647464,40.42349676860447],[140.61776380179973,40.423346752813806],[140.61480152563013,40.424138258391295],[140.61268676941367,40.42368806753325],[140.61138717557765,40.42376760326112],[140.6085791542859,40.42537751305378],[140.60620222222673,40.42585455612432],[140.60389997595271,40.427737971657024],[140.60377439508179,40.42994334734546],[140.60291490473838,40.430837208180286],[140.60060261247264,40.43192035214639],[140.59892773232892,40.43313684058222],[140.59674043257235,40.4339033568886],[140.59431565920337,40.43518650308969],[140.58972153296793,40.43614218035747],[140.5898411603811,40.43442814873384],[140.58895389347055,40.43066196200671],[140.58679343359304,40.429158362421724],[140.58505436468948,40.42913711004949],[140.58260460544741,40.429945320536284],[140.5801284273159,40.42957456832838],[140.57884261060357,40.428962096178644],[140.57683242455218,40.42935419391197],[140.57544338401547,40.42892886377807],[140.57414327489548,40.426237431742116],[140.56834399910608,40.42619567651107],[140.56526941260836,40.42577068460807],[140.56290718816282,40.426178928276364],[140.56206497549474,40.427090520538584],[140.56043251312272,40.42597891206509],[140.55763285495428,40.42566221190803],[140.5562331195722,40.423704113877825],[140.55502079572207,40.42260424251382],[140.5545584169928,40.4213877151673],[140.55322972835094,40.42000581137277],[140.55476322275234,40.41918549280812],[140.55524603321135,40.41796319893446],[140.55643345669202,40.416496713580486],[140.5561210436072,40.41523017963004],[140.5565710131181,40.41458030254722],[140.55862086063223,40.41331381523814],[140.5592333353554,40.41144739082306],[140.5608206481396,40.410247599285945],[140.56238014546776,40.410053026468006],[140.56365780425017,40.408514553127695],[140.56461530475215,40.40815185463737],[140.5658200828742,40.40658986489978],[140.56607011944223,40.40483173230197],[140.5656798648812,40.40362411034041],[140.5680450272482,40.40127381785756],[140.56930852983183,40.40077898419899],[140.57258199083824,40.40032400542978],[140.5748196209779,40.40102500470904],[140.57393782192116,40.398645083483146],[140.5722448023937,40.396315907027486],[140.57213242362843,40.39449102658425],[140.57112011209168,40.39282448737383],[140.56963285696483,40.39129128326258],[140.5655299671306,40.389979371466275],[140.56253380196867,40.39032453025398],[140.5609416791327,40.39001376922418],[140.5607639273565,40.388848987733056],[140.55945934078633,40.387491391536294],[140.55962406953347,40.38542291574558],[140.55862915182638,40.384649797350214],[140.5571972110053,40.38594144006251],[140.5550291136062,40.38715440373401],[140.5528519184907,40.38682114227795],[140.55222284492206,40.38560801142548],[140.5509117168742,40.384983823719615],[140.54892338367804,40.3828581873479],[140.54822549296992,40.382591200213334],[140.55050464196378,40.38060327137148],[140.5525882372071,40.37912904369243],[140.55297590918994,40.37828026667022],[140.5524701574117,40.37713192974161],[140.57767556809074,40.38134797387449],[140.58196834400925,40.378647097021364],[140.58824850269548,40.37520517987861],[140.5911670199891,40.374365350779115],[140.6006442260596,40.37078796185888],[140.60790735104476,40.368517480612816],[140.61629629048227,40.36625217343436],[140.61560927938987,40.362932018434684],[140.61465461542048,40.35674805832169],[140.62249019434302,40.35103293063847],[140.62351383772375,40.350681280477026],[140.62412027862362,40.35262126712237],[140.62262943932393,40.35385588224706],[140.62201822080328,40.355895811615014],[140.62509037434933,40.35854551275849],[140.62696352571317,40.359378997536915],[140.62757707501692,40.36023619678687],[140.6306153327048,40.365823519599815],[140.63216478601478,40.36833559568524],[140.6341221458607,40.37227101800384],[140.63447374166364,40.3733525240061],[140.63620259571118,40.38134972235298],[140.63625716506095,40.382805342914956],[140.63513483959682,40.38659127084217],[140.63353667767947,40.39280130056979],[140.6314069186608,40.393443513205014],[140.62858674353566,40.39330151226015],[140.6260997882635,40.39267076649067],[140.62514916576615,40.393342301122004],[140.62570140877781,40.39750261204208],[140.62652141936377,40.39895196043918],[140.62623779398015,40.400538873090255],[140.6270131195223,40.401945355154496],[140.6284134296457,40.40259610900189],[140.62931707749084,40.4023313720293],[140.63246918338547,40.40391568409352]]]},"properties":{"KEY_CODE":"052041050","PREF":"05","CITY":"204","CITY_NAME":"大館市","S_NAME":"長走","SETAI":"77"}},{"type":"Feature","geometry":{"type":"Polygon","coordinates":[[[140.59068979025574,40.22720729486795],[140.58720631042934,40.22836376049043],[140.58133229195886,40.23178587743479],[140.57147485848162,40.23468185548196],[140.5700282707807,40.23543005143535],[140.5691297198008,40.23456280673207],[140.56886973880967,40.233017144650844],[140.56703773995528,40.233590217640355],[140.56864971302363,40.23458009027381],[140.5665441680838,40.23502851212151],[140.56436580409346,40.23416440618387],[140.5631814660634,40.233276534688564],[140.5626628884183,40.233939908020595],[140.5620249818119,40.23293540937297],[140.56036616539058,40.23169420753253],[140.561580823003,40.230983493546546],[140.56680017103892,40.228885527735706],[140.5716079920196,40.22765002358248],[140.57166045370096,40.22649250118614],[140.57234934631475,40.225071303410914],[140.5716647294881,40.222938404404886],[140.57402004320343,40.22301694169888],[140.57488422949652,40.221069870420884],[140.5757449724272,40.22130122979584],[140.57632970086323,40.219951353053744],[140.57989566652125,40.220856027536946],[140.58016635356498,40.22127736090926],[140.57909139292212,40.22247892572901],[140.5765847370205,40.22397774766677],[140.5772449164845,40.22461816801492],[140.58035352874109,40.22262967025107],[140.58106925009082,40.22171949561967],[140.58250942266446,40.21857641550177],[140.58207127131072,40.2185738827484],[140.58123812311788,40.21511305762743],[140.5810986507301,40.211966613914846],[140.5813774315817,40.211380879552266],[140.5830660551731,40.21225176282027],[140.5834688557744,40.21379243967056],[140.58607220731622,40.212580964617004],[140.58780734190003,40.21306752642377],[140.58852378118655,40.21151446159309],[140.59129608741043,40.21248358575639],[140.5901348031907,40.21366398638398],[140.59335700113706,40.2154492381028],[140.59430484450888,40.213921245154175],[140.59523154056558,40.214531481815975],[140.59667431168535,40.213919618379364],[140.60074388067994,40.21453329540338],[140.60522713060567,40.213509609113764],[140.6081030626393,40.213447944029134],[140.6102608232393,40.21228203967123],[140.61063089459245,40.211452512596736],[140.61152293643872,40.21140247792147],[140.61180245611035,40.21262326369087],[140.61296943619834,40.21227795009855],[140.6152530554065,40.2105354938459],[140.6164294223846,40.209144466022344],[140.61854364701443,40.20963365982999],[140.6201099048197,40.21236839933188],[140.6200377242078,40.212865945686694],[140.61913352317598,40.212940001609184],[140.61739509751553,40.21328298942787],[140.61524386373435,40.2139338585166],[140.6150198068397,40.214003412771504],[140.6122391577144,40.215572324058144],[140.60923778203002,40.21763303217937],[140.6074733797,40.21934446346011],[140.60470271423915,40.22200597690064],[140.60303122621184,40.22318078764388],[140.60086161636568,40.22479380548439],[140.60031190804636,40.22509948968795],[140.5994701917378,40.2254812789523],[140.59770858640707,40.22617134234411],[140.59399862385453,40.226765418017834],[140.59141318307877,40.227055397835166],[140.59068979025574,40.22720729486795]]]},"properties":{"KEY_CODE":"052041060","PREF":"05","CITY":"204","CITY_NAME":"大館市","S_NAME":"扇田","SETAI":"1546"}},{"type":"Feature","geometry":{"type":"Polygon","coordinates":[[[140.5970156387346,40.201474104887005],[140.59561156470713,40.20115643802756],[140.5950856393093,40.19992668511031],[140.59226935685504,40.1993347878255],[140.59200399719174,40.197950355411905],[140.59369438698477,40.19598390153096],[140.59553128142542,40.19487171161437],[140.5934277062145,40.193510604384045],[140.58962846655797,40.191082354027444],[140.59668314639336,40.18449711269107],[140.59765399835018,40.185095493009996],[140.6000225092618,40.18291358574691],[140.60115508739423,40.183646447593816],[140.6029463576934,40.183331962447205],[140.60372576006213,40.18109213809528],[140.60562871154906,40.17908559560497],[140.60718072557268,40.178962175655435],[140.60929777171347,40.17767618693686],[140.61081819381818,40.17709731834224],[140.61365719982288,40.17707744978284],[140.61841249202627,40.17630244932966],[140.62041462227376,40.173844502841455],[140.62136531755127,40.173181065310104],[140.6211067617096,40.171958544875395],[140.62254955509562,40.1705797744427],[140.62358813709508,40.1687544569403],[140.62716046574212,40.16846954474855],[140.62998680440856,40.16715156913635],[140.63172197740306,40.16563486547214],[140.63232246935686,40.164513694088335],[140.63305793679578,40.160048255023256],[140.63745551008992,40.158003303504145],[140.63988792715412,40.15560249743808],[140.6420229779963,40.155969923902],[140.64450178483466,40.15573366124088],[140.64663210995084,40.1549534035593],[140.6493328677222,40.15341579597252],[140.65278417967718,40.151988937976675],[140.65703392332762,40.151637025632965],[140.66049759079596,40.14976648491454],[140.6643912257013,40.148282769658564],[140.66737466497946,40.14807318720753],[140.6687454643906,40.148480498196264],[140.6697640732853,40.1496057725242],[140.67086996851484,40.15195046464218],[140.67368451575928,40.153894957013996],[140.68005474046547,40.155548321978856],[140.68064756211365,40.15668101048668],[140.68227231044213,40.15809758203192],[140.6827221993824,40.1590641485654],[140.68079160049132,40.16144200012944],[140.6797222425047,40.162313677820244],[140.67700657950854,40.16539680746063],[140.6771727372961,40.16801808892547],[140.6741608579454,40.169704297676056],[140.67343286701131,40.172998185578265],[140.6713730359234,40.17515120731261],[140.66752331036494,40.17430893886364],[140.66333550297938,40.17730281288141],[140.66149813132918,40.17823597008157],[140.65983633486033,40.179736804048886],[140.6598614181716,40.181793992253816],[140.66054795302705,40.183085338401106],[140.66036038901083,40.18461848178474],[140.6594728424288,40.1870931370727],[140.65933112990055,40.18899609456451],[140.6555230970368,40.19045924974262],[140.65423569896055,40.19135955271744],[140.64984623153953,40.19050769617651],[140.64864946945085,40.19070048034807],[140.64601722553016,40.189974430937085],[140.64446790625755,40.189895923419094],[140.64056526480098,40.19131413018408],[140.63767650011448,40.19144700960204],[140.63568128503837,40.19122518107333],[140.63688907126033,40.18938471475003],[140.63984737601706,40.18776615912218],[140.6402562046118,40.18714306884743],[140.63784776200146,40.18713903082413],[140.63611993821695,40.186382368394526],[140.6311992147753,40.187101649629604],[140.62925148261496,40.18617556140009],[140.62794594441,40.186030315065565],[140.62670529982177,40.18816454706497],[140.62398747968228,40.19079356526967],[140.62148106637605,40.191055626949925],[140.61935014113556,40.1928147285047],[140.61875589709456,40.195277080407834],[140.61830972938435,40.19567906039295],[140.6142854402204,40.19581076116094],[140.6102641022243,40.193696822413386],[140.60761281307327,40.19381352154736],[140.60564386253304,40.19598269192595],[140.60487349719662,40.19644826253114],[140.60473753430878,40.19747357708336],[140.60330238852234,40.19852677940471],[140.60316695659122,40.199379474281606],[140.60125140212477,40.200054934595066],[140.59985322778297,40.20124633049838],[140.5975164784118,40.20039369250901],[140.5970156387346,40.201474104887005]]]},"properties":{"KEY_CODE":"052041070","PREF":"05","CITY":"204","CITY_NAME":"大館市","S_NAME":"独鈷","SETAI":"260"}},{"type":"Feature","geometry":{"type":"Polygon","coordinates":[[[140.5875885883491,40.19896470598015],[140.58565871270235,40.19869232467589],[140.58523026336235,40.19821618474427],[140.5842694122735,40.19833676324323],[140.58302786849316,40.196640950557935],[140.58123435000812,40.19621388456273],[140.58101019144502,40.19504924195706],[140.58257255407148,40.19456975137341],[140.58255141199754,40.19374530142307],[140.58065015807475,40.19239815366816],[140.579443505899,40.19302440850744],[140.57912245407022,40.1916983402245],[140.58122376139886,40.189757510952184],[140.5802134231474,40.18916755025816],[140.57849263047962,40.18986906414928],[140.57604323875304,40.18850006740274],[140.5743246573669,40.188613791168386],[140.5727546087529,40.187993131749],[140.57371828513104,40.186676391583404],[140.5739329474025,40.18358214099576],[140.57335297828942,40.18209145879304],[140.5718060749007,40.179651597482035],[140.57209617450934,40.177582449487254],[140.57148910573045,40.17595903832886],[140.5697288103092,40.17502639891818],[140.56914417133783,40.172972706719776],[140.56879893331532,40.169809142589585],[140.56669060643796,40.16814776617101],[140.56682444843872,40.166562048853244],[140.56738119727072,40.16567220214363],[140.56709740013378,40.16443012079953],[140.56626955550834,40.16362822276438],[140.56581504105134,40.16224545248499],[140.5659573607064,40.16071551985386],[140.56868137037984,40.15918343014458],[140.56905919621215,40.15686929479925],[140.56812273109776,40.155277134137116],[140.56837550708505,40.15384293527263],[140.569627838564,40.150361012625225],[140.5710704815507,40.14752373079752],[140.5748136149947,40.1453250018979],[140.57682470098578,40.143087313668666],[140.57829317462347,40.13613584993188],[140.57825743376335,40.130406637232134],[140.58233367542954,40.13007210572353],[140.58393349619487,40.13088041990885],[140.58718321467865,40.13053059005699],[140.59037048652357,40.12943087585855],[140.591120501469,40.12812270784189],[140.59430777397836,40.126389728774384],[140.5976201231927,40.12270697936783],[140.5994699658362,40.12199879932076],[140.60091916144472,40.1219097839068],[140.6066630399577,40.1247504522899],[140.60679447917428,40.12565823368254],[140.60598519370137,40.12641978481409],[140.6041554683967,40.12998119153045],[140.60355670732773,40.132594299257555],[140.60277480521987,40.13441102698216],[140.60071608930056,40.135747566361],[140.59919192868935,40.137311378725634],[140.5988796711975,40.13915415471989],[140.5999447345984,40.14084888348932],[140.6014365734092,40.14238526683991],[140.60221737499498,40.14416320746027],[140.60367636630144,40.14575814519611],[140.60419046579952,40.147644631071984],[140.60401231006054,40.14986456620642],[140.60630375825508,40.1509583655638],[140.6104300287829,40.151338410954104],[140.6169354701838,40.15214861848051],[140.62218967295576,40.15211985228307],[140.62488677050135,40.1523716327009],[140.62783227386518,40.15423449336921],[140.62946916136394,40.15603564827783],[140.62992980612105,40.15826296165865],[140.62928706803729,40.160228512847304],[140.6284573273475,40.163999402728855],[140.6291561173192,40.16650149243887],[140.62998680440856,40.16715156913635],[140.62716046574212,40.16846954474855],[140.62358813709508,40.1687544569403],[140.62254955509562,40.1705797744427],[140.6211067617096,40.171958544875395],[140.62136531755127,40.173181065310104],[140.62041462227376,40.173844502841455],[140.61841249202627,40.17630244932966],[140.61365719982288,40.17707744978284],[140.61081819381818,40.17709731834224],[140.60929777171347,40.17767618693686],[140.60718072557268,40.178962175655435],[140.60562871154906,40.17908559560497],[140.60372576006213,40.18109213809528],[140.6029463576934,40.183331962447205],[140.60115508739423,40.183646447593816],[140.6000225092618,40.18291358574691],[140.59765399835018,40.185095493009996],[140.59668314639336,40.18449711269107],[140.58962846655797,40.191082354027444],[140.5934277062145,40.193510604384045],[140.5875885883491,40.19896470598015]]]},"properties":{"KEY_CODE":"052041080","PREF":"05","CITY":"204","CITY_NAME":"大館市","S_NAME":"中野","SETAI":"231"}},{"type":"Feature","geometry":{"type":"Polygon","coordinates":[[[140.6164294223846,40.209144466022344],[140.6152530554065,40.2105354938459],[140.61296943619834,40.21227795009855],[140.61180245611035,40.21262326369087],[140.61152293643872,40.21140247792147],[140.61063089459245,40.211452512596736],[140.6102608232393,40.21228203967123],[140.6081030626393,40.213447944029134],[140.60522713060567,40.213509609113764],[140.60074388067994,40.21453329540338],[140.59667431168535,40.213919618379364],[140.59523154056558,40.214531481815975],[140.59430484450888,40.213921245154175],[140.59335700113706,40.2154492381028],[140.5901348031907,40.21366398638398],[140.59129608741043,40.21248358575639],[140.59234873489086,40.2109720988819],[140.59196064173543,40.20950482554653],[140.59429780560077,40.2061869452751],[140.59519191196924,40.20523599553562],[140.59346472341446,40.20414541527963],[140.59560935745324,40.20344435955548],[140.5970156387346,40.201474104887005],[140.5975164784118,40.20039369250901],[140.59985322778297,40.20124633049838],[140.60125140212477,40.200054934595066],[140.60316695659122,40.199379474281606],[140.60330238852234,40.19852677940471],[140.60473753430878,40.19747357708336],[140.60487349719662,40.19644826253114],[140.60564386253304,40.19598269192595],[140.60761281307327,40.19381352154736],[140.6102641022243,40.193696822413386],[140.6142854402204,40.19581076116094],[140.61830972938435,40.19567906039295],[140.61875589709456,40.195277080407834],[140.61935014113556,40.1928147285047],[140.62148106637605,40.191055626949925],[140.62398747968228,40.19079356526967],[140.62670529982177,40.18816454706497],[140.62794594441,40.186030315065565],[140.62925148261496,40.18617556140009],[140.6311992147753,40.187101649629604],[140.63611993821695,40.186382368394526],[140.63784776200146,40.18713903082413],[140.6402562046118,40.18714306884743],[140.63984737601706,40.18776615912218],[140.63688907126033,40.18938471475003],[140.63568128503837,40.19122518107333],[140.63767650011448,40.19144700960204],[140.64056526480098,40.19131413018408],[140.64446790625755,40.189895923419094],[140.64601722553016,40.189974430937085],[140.64864946945085,40.19070048034807],[140.64984623153953,40.19050769617651],[140.65423569896055,40.19135955271744],[140.6526810498136,40.19285876225194],[140.64738641171627,40.192683629887696],[140.64594170194692,40.194071443064466],[140.64494937044987,40.19345404955511],[140.6425868624264,40.19449156545526],[140.641945374034,40.193724621785826],[140.6389504383357,40.19452178202022],[140.6371732536344,40.194729441329876],[140.63557962779277,40.19773380471344],[140.63619839697114,40.199062564232094],[140.63532493817755,40.199357358909545],[140.6320002761319,40.19930728638764],[140.6292755315883,40.200023761851526],[140.62858684410918,40.201617837583186],[140.62691700997996,40.20122594180753],[140.6249759145536,40.20179838596689],[140.62245119674571,40.201814977570464],[140.62032248485497,40.20309675075382],[140.61762178040095,40.204130398006285],[140.61503837607628,40.20600266452136],[140.6152521419781,40.20760972240652],[140.6164294223846,40.209144466022344]]]},"properties":{"KEY_CODE":"052041090","PREF":"05","CITY":"204","CITY_NAME":"大館市","S_NAME":"味噌内","SETAI":"101"}},{"type":"Feature","geometry":{"type":"Polygon","coordinates":[[[140.59129608741043,40.21248358575639],[140.58852378118655,40.21151446159309],[140.58780734190003,40.21306752642377],[140.58607220731622,40.212580964617004],[140.5834688557744,40.21379243967056],[140.5830660551731,40.21225176282027],[140.5813774315817,40.211380879552266],[140.58066503446466,40.211201692482206],[140.58233484115868,40.208767487498555],[140.58402801114923,40.20736056682448],[140.58566464260315,40.206711684383585],[140.5861493528714,40.20423246750319],[140.5870885155652,40.203364616473074],[140.58536102582804,40.20265857242826],[140.58483181448545,40.20156718410883],[140.5875885883491,40.19896470598015],[140.5934277062145,40.193510604384045],[140.59553128142542,40.19487171161437],[140.59369438698477,40.19598390153096],[140.59200399719174,40.197950355411905],[140.59226935685504,40.1993347878255],[140.5950856393093,40.19992668511031],[140.59561156470713,40.20115643802756],[140.5970156387346,40.201474104887005],[140.59560935745324,40.20344435955548],[140.59346472341446,40.20414541527963],[140.59519191196924,40.20523599553562],[140.59429780560077,40.2061869452751],[140.59196064173543,40.20950482554653],[140.59234873489086,40.2109720988819],[140.59129608741043,40.21248358575639]]]},"properties":{"KEY_CODE":"052041100","PREF":"05","CITY":"204","CITY_NAME":"大館市","S_NAME":"新館","SETAI":"109"}},{"type":"Feature","geometry":{"type":"Polygon","coordinates":[[[140.57166045370096,40.22649250118614],[140.57070158631254,40.225225468880346],[140.56936506591737,40.22441695068342],[140.56718422238785,40.22477027578574],[140.5650745654978,40.224312131597124],[140.56319397855182,40.22458338369412],[140.56339453346007,40.226232736539295],[140.5629457739921,40.226659233735965],[140.5611475996774,40.2248067533254],[140.5602465238796,40.224634646959586],[140.55882392770454,40.22537241565324],[140.55743257644792,40.224801003109675],[140.55695194290405,40.22357883615145],[140.5635707560414,40.223365810891394],[140.56313246299752,40.21972668544794],[140.56377621585924,40.21628914656854],[140.5639053021819,40.213321596603706],[140.56542183644544,40.21134735503326],[140.56693212040534,40.20772211427052],[140.57256599301402,40.20915141583826],[140.57363431074404,40.206673548137],[140.57268070913682,40.205754033298376],[140.57511393721086,40.20496066974006],[140.57582844195164,40.20268182190035],[140.57643810073913,40.2017369069554],[140.57532163960408,40.200782292541525],[140.5773122698182,40.20083079819163],[140.58380031604477,40.19936974991247],[140.58523026336235,40.19821618474427],[140.58565871270235,40.19869232467589],[140.5875885883491,40.19896470598015],[140.58483181448545,40.20156718410883],[140.58536102582804,40.20265857242826],[140.5870885155652,40.203364616473074],[140.5861493528714,40.20423246750319],[140.58566464260315,40.206711684383585],[140.58402801114923,40.20736056682448],[140.58233484115868,40.208767487498555],[140.58066503446466,40.211201692482206],[140.5813774315817,40.211380879552266],[140.5810986507301,40.211966613914846],[140.58123812311788,40.21511305762743],[140.58207127131072,40.2185738827484],[140.58250942266446,40.21857641550177],[140.58106925009082,40.22171949561967],[140.58035352874109,40.22262967025107],[140.5772449164845,40.22461816801492],[140.5765847370205,40.22397774766677],[140.57909139292212,40.22247892572901],[140.58016635356498,40.22127736090926],[140.57989566652125,40.220856027536946],[140.57632970086323,40.219951353053744],[140.5757449724272,40.22130122979584],[140.57488422949652,40.221069870420884],[140.57402004320343,40.22301694169888],[140.5716647294881,40.222938404404886],[140.57234934631475,40.225071303410914],[140.57166045370096,40.22649250118614]]]},"properties":{"KEY_CODE":"052041110","PREF":"05","CITY":"204","CITY_NAME":"大館市","S_NAME":"達子","SETAI":"122"}},{"type":"Feature","geometry":{"type":"Polygon","coordinates":[[[140.58523026336235,40.19821618474427],[140.58380031604477,40.19936974991247],[140.5773122698182,40.20083079819163],[140.57532163960408,40.200782292541525],[140.57643810073913,40.2017369069554],[140.57582844195164,40.20268182190035],[140.57511393721086,40.20496066974006],[140.57268070913682,40.205754033298376],[140.57363431074404,40.206673548137],[140.57256599301402,40.20915141583826],[140.56693212040534,40.20772211427052],[140.56542183644544,40.21134735503326],[140.5639053021819,40.213321596603706],[140.56377621585924,40.21628914656854],[140.56308675393527,40.21635521015427],[140.55688093593744,40.21495319411721],[140.55577314305032,40.21362422186411],[140.55023921817013,40.21432803966709],[140.54957613855996,40.21230966931899],[140.54761223018596,40.2118547871452],[140.54656256132535,40.21212843751777],[140.54599812759915,40.214096372957684],[140.54389754005834,40.21412063663645],[140.54252788877906,40.213762532779185],[140.54305159561102,40.21251593270081],[140.54325582745867,40.2104886512866],[140.54440437273038,40.21003057073921],[140.54535487786777,40.210958614007566],[140.5466405110253,40.21144163499671],[140.54729024754397,40.210534073357685],[140.546952743826,40.209349120454675],[140.54577508119846,40.20765866054844],[140.54755426999208,40.207180938794146],[140.5479904555443,40.20622723097777],[140.54975328431553,40.20610705948171],[140.55140889098735,40.20529064778345],[140.5530858413682,40.204974869175395],[140.55386790875758,40.20410512954229],[140.55287976913914,40.20100946637113],[140.55294905610867,40.199767724865325],[140.55383446227322,40.19895866022896],[140.55426374194286,40.196451831311805],[140.55967419589982,40.19896260532512],[140.561702382206,40.19929841713095],[140.56370846687057,40.1986009132303],[140.5638075840137,40.200025611635596],[140.56442881589902,40.20049299278081],[140.5703357645732,40.19134339898313],[140.56928257887188,40.189465102769795],[140.56738825424364,40.1884476030722],[140.56729985521363,40.18761478015029],[140.56986536302784,40.187731002149334],[140.57117548482793,40.18748320263387],[140.5727546087529,40.187993131749],[140.5743246573669,40.188613791168386],[140.57604323875304,40.18850006740274],[140.57849263047962,40.18986906414928],[140.5802134231474,40.18916755025816],[140.58122376139886,40.189757510952184],[140.57912245407022,40.1916983402245],[140.579443505899,40.19302440850744],[140.58065015807475,40.19239815366816],[140.58255141199754,40.19374530142307],[140.58257255407148,40.19456975137341],[140.58101019144502,40.19504924195706],[140.58123435000812,40.19621388456273],[140.58302786849316,40.196640950557935],[140.5842694122735,40.19833676324323],[140.58523026336235,40.19821618474427]]]},"properties":{"KEY_CODE":"052041120","PREF":"05","CITY":"204","CITY_NAME":"大館市","S_NAME":"笹館","SETAI":"236"}},{"type":"Feature","geometry":{"type":"Polygon","coordinates":[[[140.5727546087529,40.187993131749],[140.57117548482793,40.18748320263387],[140.56986536302784,40.187731002149334],[140.56729985521363,40.18761478015029],[140.56738825424364,40.1884476030722],[140.56928257887188,40.189465102769795],[140.5703357645732,40.19134339898313],[140.56442881589902,40.20049299278081],[140.5638075840137,40.200025611635596],[140.56370846687057,40.1986009132303],[140.561702382206,40.19929841713095],[140.55967419589982,40.19896260532512],[140.55426374194286,40.196451831311805],[140.55524503740784,40.195785421547235],[140.55531072500187,40.19436344980344],[140.55388283575365,40.19196185360038],[140.5509312230396,40.19020920846471],[140.55225934167996,40.18879801928576],[140.55104916857852,40.18701949950085],[140.55027103885254,40.1852520493231],[140.5483981468351,40.1854581187295],[140.54679374608634,40.18407982609117],[140.54943346435942,40.18204995411061],[140.54895140522046,40.18149704063274],[140.54540608157086,40.17997204376296],[140.5440767270718,40.17816474595181],[140.543864544909,40.17580185635504],[140.54563846118305,40.17405769419708],[140.5455241722162,40.172607914806804],[140.54470303305723,40.171211553565925],[140.54431717249633,40.167995903009356],[140.54158971318975,40.16703632403981],[140.5404653579658,40.16535295147331],[140.5391810520298,40.164377954116105],[140.53836320900203,40.16435347127279],[140.53731953943657,40.16755820400112],[140.53620155044743,40.16935774497656],[140.53689070012467,40.17043983865801],[140.53484923569735,40.17224463814142],[140.5327050013435,40.170609623577825],[140.53170698527117,40.17051774772283],[140.52699291456855,40.17099195689157],[140.5205908713265,40.17022207435959],[140.51960755535245,40.1678968366761],[140.51583011257108,40.168010316460204],[140.5141061005479,40.16986342234536],[140.51259580579574,40.16789419102003],[140.5125114742843,40.165717687922935],[140.51300443251372,40.16281664889952],[140.5121288669999,40.160161324430916],[140.5127247961233,40.15831227613654],[140.51326108722097,40.157249064403445],[140.51473680153143,40.156189981076416],[140.51651429853717,40.15518582211496],[140.51785933995455,40.15456070815125],[140.5189247641842,40.15393480114772],[140.51858441803265,40.15318792988232],[140.51647288677754,40.15384345155866],[140.5135875797003,40.15591844122744],[140.51311775897867,40.15632421929582],[140.5119648190067,40.157291021594],[140.51142347798657,40.15761249046227],[140.5093869068664,40.158517320694564],[140.508506290616,40.16140881544047],[140.50988454468535,40.1616842288044],[140.51100836644656,40.161871184391885],[140.51115882059094,40.16208447649728],[140.5110868092094,40.16292153987586],[140.5112701947599,40.16468553915941],[140.51082892239077,40.16677845953239],[140.51029822494624,40.16751175075964],[140.50990465449422,40.169641529109725],[140.50955831777705,40.17191839532626],[140.50873837000177,40.172981521522296],[140.50755970196477,40.173878311190315],[140.50686449048206,40.174312716385245],[140.50563742261224,40.17490157384663],[140.5049148585236,40.175634293290955],[140.5026349628223,40.17750904062919],[140.50213285652868,40.177228921290734],[140.50045350913874,40.175991383141294],[140.49966536770137,40.1754725560786],[140.49842840378142,40.17472269680827],[140.49738302508774,40.174454399823006],[140.4947722346664,40.17469257957662],[140.49492685132014,40.17389737210233],[140.49382700312805,40.17311408157989],[140.49145230678386,40.17226412251074],[140.49113994670424,40.1704226519233],[140.49029008380862,40.169572729330284],[140.4896902122257,40.1680895337344],[140.49002768186833,40.167489589194645],[140.4918900125887,40.16663973876981],[140.4965270233968,40.166514886745865],[140.49790193510893,40.16498177518024],[140.49986420722033,40.16504018889477],[140.50241397693495,40.164032070070924],[140.5011016879658,40.16221555579569],[140.50183912930697,40.16174063462401],[140.5019141713947,40.16070742170179],[140.50033785508097,40.15980986348395],[140.49996448867543,40.15899918728096],[140.4985521749877,40.158374182115296],[140.4984272587502,40.157182640631355],[140.4956151445169,40.15536603647821],[140.4961026779198,40.15390787063033],[140.498552436884,40.153533016962484],[140.50005222742746,40.154091360664694],[140.50201451162945,40.15421643363136],[140.50255193024034,40.15461642621775],[140.50472668354652,40.154808170809005],[140.50666390817992,40.15601644837365],[140.507826346755,40.15470831019223],[140.50981369173635,40.153550196699264],[140.51145107979053,40.152050432708094],[140.51397578725675,40.15237551688021],[140.5155901941166,40.150734345306624],[140.51696305168298,40.15063415721011],[140.51771303479313,40.14930100359599],[140.51942544822344,40.14746792954594],[140.52051284217163,40.14736798232725],[140.52233762712928,40.14805963948277],[140.5231375000535,40.149184553661634],[140.52532480433257,40.149626238796124],[140.52558723728418,40.15043449763324],[140.527674526447,40.15114282930202],[140.53017430999688,40.151292874478806],[140.53112415627822,40.152817759754306],[140.53204896428656,40.15513419875968],[140.5331988409659,40.155609181080386],[140.53356126977644,40.15681738749103],[140.5350485572463,40.158392275025136],[140.5367234027899,40.15860897368631],[140.5382482393234,40.15936729285499],[140.5394231527876,40.158825728633815],[140.54137310905227,40.15665103883127],[140.5437479614255,40.155917859214895],[140.54484796948782,40.1540681003762],[140.54492301929076,40.153118203373914],[140.5431108529649,40.150268417533375],[140.5428609808198,40.14877688216859],[140.54353620564885,40.144835617055065],[140.5434987559964,40.143094139276904],[140.54569862383588,40.14281924687287],[140.54716099583712,40.14226935890349],[140.54936078857284,40.14203616060823],[140.55068572142883,40.13970312522526],[140.55068576097202,40.13866990056345],[140.55164818423435,40.13823666376146],[140.55292313752366,40.13632023543868],[140.55303567096274,40.13496206364893],[140.5574853266772,40.134337313338854],[140.55924767938356,40.13496231654274],[140.5613100251577,40.134745750819334],[140.5654597498462,40.13335441499441],[140.57070940296535,40.13256303225195],[140.57228432014023,40.13172152455551],[140.57548406074667,40.1319133075481],[140.57729650579614,40.130613512876366],[140.57825743376335,40.130406637232134],[140.57829317462347,40.13613584993188],[140.57682470098578,40.143087313668666],[140.5748136149947,40.1453250018979],[140.5710704815507,40.14752373079752],[140.569627838564,40.150361012625225],[140.56837550708505,40.15384293527263],[140.56812273109776,40.155277134137116],[140.56905919621215,40.15686929479925],[140.56868137037984,40.15918343014458],[140.5659573607064,40.16071551985386],[140.56581504105134,40.16224545248499],[140.56626955550834,40.16362822276438],[140.56709740013378,40.16443012079953],[140.56738119727072,40.16567220214363],[140.56682444843872,40.166562048853244],[140.56669060643796,40.16814776617101],[140.56879893331532,40.169809142589585],[140.56914417133783,40.172972706719776],[140.5697288103092,40.17502639891818],[140.57148910573045,40.17595903832886],[140.57209617450934,40.177582449487254],[140.5718060749007,40.179651597482035],[140.57335297828942,40.18209145879304],[140.5739329474025,40.18358214099576],[140.57371828513104,40.186676391583404],[140.5727546087529,40.187993131749]]]},"properties":{"KEY_CODE":"052041130","PREF":"05","CITY":"204","CITY_NAME":"大館市","S_NAME":"谷地中","SETAI":"67"}},{"type":"Feature","geometry":{"type":"Polygon","coordinates":[[[140.55695194290405,40.22357883615145],[140.55442091361132,40.222467730676996],[140.55351643258055,40.22264929779186],[140.55210573792718,40.224363993894926],[140.55077324960942,40.22360122116479],[140.55032130326302,40.22265683979007],[140.54889517989372,40.22135479772921],[140.54692552724265,40.222775392979706],[140.54609435562693,40.2220147613292],[140.54432152912713,40.22252377125381],[140.54233860531366,40.22351018849445],[140.5412570561851,40.223311855016384],[140.5412950413424,40.22213022978372],[140.54252781227564,40.22130640329269],[140.54092609078532,40.21968365086081],[140.53881421730554,40.218512370025394],[140.53885366225452,40.21794595613568],[140.54086859103518,40.218092692468666],[140.54412678446172,40.21722278175442],[140.54519561884686,40.214694032333675],[140.54599812759915,40.214096372957684],[140.54656256132535,40.21212843751777],[140.54761223018596,40.2118547871452],[140.54957613855996,40.21230966931899],[140.55023921817013,40.21432803966709],[140.55577314305032,40.21362422186411],[140.55688093593744,40.21495319411721],[140.56308675393527,40.21635521015427],[140.56377621585924,40.21628914656854],[140.56313246299752,40.21972668544794],[140.5635707560414,40.223365810891394],[140.55695194290405,40.22357883615145]]]},"properties":{"KEY_CODE":"052041140","PREF":"05","CITY":"204","CITY_NAME":"大館市","S_NAME":"片貝","SETAI":"230"}},{"type":"Feature","geometry":{"type":"Polygon","coordinates":[[[140.52897826781967,40.226705685913],[140.5253460820215,40.22755016703999],[140.52364586711312,40.22776804969773],[140.52367787898908,40.22691769471754],[140.52296089047914,40.225392487543346],[140.52237382623497,40.22466963926628],[140.5239273253971,40.22306980044365],[140.52280718869062,40.22211945982986],[140.5223981314776,40.22089649638181],[140.5231982200319,40.219590679762355],[140.52217410836147,40.21916807615922],[140.51879178125097,40.2150466062487],[140.51537281192464,40.214301371222135],[140.51129831212654,40.21289304361241],[140.51002344881698,40.21269299858503],[140.50905311200873,40.21187619293059],[140.50912361738963,40.21077652562658],[140.50792345183953,40.21005369718536],[140.50698641959508,40.20876836705032],[140.50607405205804,40.208293400279544],[140.50471178982164,40.20588532636038],[140.50288705783913,40.20473540757719],[140.5005234842241,40.20448319331921],[140.4993759165497,40.203521787879126],[140.49683782055726,40.203102089878044],[140.49502267276927,40.203379533098705],[140.49520316475778,40.20509838020162],[140.49384153560456,40.206499001455086],[140.4921380803702,40.20720148034584],[140.49034704442593,40.20851112885421],[140.4888124333346,40.207956327562414],[140.48595128480875,40.20637643020521],[140.48637640881213,40.20359344087495],[140.48705143050682,40.202085316554],[140.48536890358577,40.200369300608756],[140.4837519383676,40.19980217130986],[140.48356460058105,40.197894060718646],[140.48190144108293,40.19626935727902],[140.4797276022795,40.196127499147146],[140.4796277562138,40.19343615326998],[140.47915707402834,40.1917497461824],[140.48077128727834,40.191222471444185],[140.48301511875482,40.1888451534091],[140.48449000128505,40.18761200415064],[140.48391513512436,40.18590387467962],[140.48465258730613,40.185187318586856],[140.4852025459649,40.18352089506115],[140.48672740499842,40.18251274751904],[140.48710245443843,40.17961313194488],[140.4900871896943,40.18107083853674],[140.49145470822845,40.18155945265904],[140.49245662345683,40.18140088859706],[140.49494007276093,40.17999485804125],[140.4965896413284,40.180149739650616],[140.50000137458522,40.18253038694814],[140.50091305380346,40.183225116710204],[140.50111761362822,40.183464347233894],[140.50179206753148,40.184401743889595],[140.50216563201192,40.184912535902434],[140.50349496202338,40.185880963907216],[140.50451034513955,40.186186245690116],[140.50559822882616,40.18664178889047],[140.50693808736307,40.1886996843904],[140.50946624233077,40.18898062989307],[140.5111593586328,40.188860841104194],[140.5119923197008,40.189284693861204],[140.5126184914407,40.19068005506902],[140.5138597913469,40.1910661200656],[140.51588911924793,40.190331002287884],[140.517412550953,40.19110652888124],[140.51887830120927,40.19305741308598],[140.52131625865482,40.193279577584455],[140.5223704002905,40.190858967911126],[140.52381036468833,40.18971118178206],[140.524026961104,40.18869454511971],[140.52712026913886,40.18557420382979],[140.5287586451582,40.18344151985442],[140.52870506476808,40.18044952869688],[140.52920601456074,40.17916551761497],[140.53135398951017,40.1786471193788],[140.5313618381392,40.17687628307776],[140.53406089446483,40.17433543751367],[140.5350062758982,40.17381385812963],[140.53484923569735,40.17224463814142],[140.53689070012467,40.17043983865801],[140.53620155044743,40.16935774497656],[140.53731953943657,40.16755820400112],[140.53836320900203,40.16435347127279],[140.5391810520298,40.164377954116105],[140.5404653579658,40.16535295147331],[140.54158971318975,40.16703632403981],[140.54431717249633,40.167995903009356],[140.54470303305723,40.171211553565925],[140.5455241722162,40.172607914806804],[140.54563846118305,40.17405769419708],[140.543864544909,40.17580185635504],[140.5440767270718,40.17816474595181],[140.54540608157086,40.17997204376296],[140.54895140522046,40.18149704063274],[140.54943346435942,40.18204995411061],[140.54679374608634,40.18407982609117],[140.5483981468351,40.1854581187295],[140.55027103885254,40.1852520493231],[140.55104916857852,40.18701949950085],[140.55225934167996,40.18879801928576],[140.5509312230396,40.19020920846471],[140.55388283575365,40.19196185360038],[140.55531072500187,40.19436344980344],[140.55524503740784,40.195785421547235],[140.55426374194286,40.196451831311805],[140.55383446227322,40.19895866022896],[140.55294905610867,40.199767724865325],[140.55287976913914,40.20100946637113],[140.55386790875758,40.20410512954229],[140.5530858413682,40.204974869175395],[140.55140889098735,40.20529064778345],[140.54975328431553,40.20610705948171],[140.5479904555443,40.20622723097777],[140.54755426999208,40.207180938794146],[140.54577508119846,40.20765866054844],[140.546952743826,40.209349120454675],[140.54729024754397,40.210534073357685],[140.5466405110253,40.21144163499671],[140.54535487786777,40.210958614007566],[140.54440437273038,40.21003057073921],[140.54325582745867,40.2104886512866],[140.54305159561102,40.21251593270081],[140.54252788877906,40.213762532779185],[140.54389754005834,40.21412063663645],[140.54599812759915,40.214096372957684],[140.54519561884686,40.214694032333675],[140.54412678446172,40.21722278175442],[140.54086859103518,40.218092692468666],[140.53885366225452,40.21794595613568],[140.53881421730554,40.218512370025394],[140.54092609078532,40.21968365086081],[140.54252781227564,40.22130640329269],[140.5412950413424,40.22213022978372],[140.5412570561851,40.223311855016384],[140.54233860531366,40.22351018849445],[140.54432152912713,40.22252377125381],[140.54609435562693,40.2220147613292],[140.54692552724265,40.222775392979706],[140.54343837107555,40.2247437825906],[140.53826260286274,40.22683776201629],[140.53560754545424,40.2277421382508],[140.534293464677,40.22791986997304],[140.53243998823777,40.227452158301055],[140.5307413185228,40.22695254128216],[140.52897826781967,40.226705685913]]]},"properties":{"KEY_CODE":"052041150","PREF":"05","CITY":"204","CITY_NAME":"大館市","S_NAME":"八木橋","SETAI":"129"}},{"type":"Feature","geometry":{"type":"Polygon","coordinates":[[[140.53484923569735,40.17224463814142],[140.5350062758982,40.17381385812963],[140.53406089446483,40.17433543751367],[140.5313618381392,40.17687628307776],[140.53135398951017,40.1786471193788],[140.52920601456074,40.17916551761497],[140.52870506476808,40.18044952869688],[140.5287586451582,40.18344151985442],[140.52712026913886,40.18557420382979],[140.524026961104,40.18869454511971],[140.52381036468833,40.18971118178206],[140.5223704002905,40.190858967911126],[140.52131625865482,40.193279577584455],[140.51887830120927,40.19305741308598],[140.517412550953,40.19110652888124],[140.51588911924793,40.190331002287884],[140.5138597913469,40.1910661200656],[140.5126184914407,40.19068005506902],[140.5119923197008,40.189284693861204],[140.5111593586328,40.188860841104194],[140.50946624233077,40.18898062989307],[140.50693808736307,40.1886996843904],[140.50559822882616,40.18664178889047],[140.50451034513955,40.186186245690116],[140.5044540735686,40.18474681544893],[140.50609413679217,40.1833785508495],[140.5066737391736,40.183380189871244],[140.50809586080564,40.18350533169441],[140.50982013152927,40.183173687797954],[140.5105246951425,40.1824622507271],[140.51276317561482,40.18087453616868],[140.51416467243249,40.18025676620036],[140.51429638152393,40.18000703712182],[140.51392523893517,40.179620149541385],[140.5135133866667,40.17896519975198],[140.51022284509256,40.174868792908],[140.51055737006652,40.17313336850919],[140.51219550673426,40.171730251105714],[140.5141061005479,40.16986342234536],[140.51583011257108,40.168010316460204],[140.51960755535245,40.1678968366761],[140.5205908713265,40.17022207435959],[140.52699291456855,40.17099195689157],[140.53170698527117,40.17051774772283],[140.5327050013435,40.170609623577825],[140.53484923569735,40.17224463814142]]]},"properties":{"KEY_CODE":"052041160","PREF":"05","CITY":"204","CITY_NAME":"大館市","S_NAME":"白沢水沢","SETAI":"14"}},{"type":"Feature","geometry":{"type":"Polygon","coordinates":[[[140.50451034513955,40.186186245690116],[140.50349496202338,40.185880963907216],[140.50216563201192,40.184912535902434],[140.50179206753148,40.184401743889595],[140.50111761362822,40.183464347233894],[140.50091305380346,40.183225116710204],[140.50000137458522,40.18253038694814],[140.4965896413284,40.180149739650616],[140.49494007276093,40.17999485804125],[140.49245662345683,40.18140088859706],[140.49145470822845,40.18155945265904],[140.4900871896943,40.18107083853674],[140.48710245443843,40.17961313194488],[140.488177357893,40.17842166464035],[140.4887148168727,40.17826336435936],[140.48941473096306,40.17819673447152],[140.49052709456845,40.178413395011134],[140.4913895023825,40.17818845766108],[140.49238939896966,40.178030167647485],[140.4928268855132,40.17724693633128],[140.49331436814938,40.17661368903875],[140.49455175857858,40.17603046642497],[140.4947892721194,40.17568883202579],[140.4947722346664,40.17469257957662],[140.49738302508774,40.174454399823006],[140.49842840378142,40.17472269680827],[140.49966536770137,40.1754725560786],[140.50045350913874,40.175991383141294],[140.50213285652868,40.177228921290734],[140.5026349628223,40.17750904062919],[140.5049148585236,40.175634293290955],[140.50563742261224,40.17490157384663],[140.50686449048206,40.174312716385245],[140.50755970196477,40.173878311190315],[140.50873837000177,40.172981521522296],[140.50955831777708,40.17191839532622],[140.50990465449422,40.169641529109725],[140.51029822494624,40.16751175075964],[140.51082892239077,40.16677845953239],[140.5112701947599,40.164685539159386],[140.5110868092094,40.16292153987586],[140.51115882059094,40.16208447649728],[140.51100836644656,40.161871184391885],[140.50988454468535,40.1616842288044],[140.508506290616,40.16140881544047],[140.5093869068664,40.158517320694564],[140.51142347798657,40.15761249046227],[140.5119648190067,40.157291021594],[140.51311775897867,40.15632421929582],[140.5135875797003,40.15591844122744],[140.51647288677754,40.15384345155866],[140.51858441803265,40.15318792988232],[140.5189247641842,40.15393480114772],[140.51785933995455,40.15456070815125],[140.51651429853717,40.15518582211496],[140.51473680153143,40.156189981076416],[140.51326108722097,40.15724906440342],[140.5127247961233,40.15831227613654],[140.5121288669999,40.160161324430916],[140.51300443251372,40.16281664889952],[140.5125114742843,40.165717687922935],[140.51259580579574,40.16789419102003],[140.5141061005479,40.16986342234536],[140.51219550673426,40.171730251105714],[140.51055737006652,40.17313336850919],[140.51022284509256,40.174868792908],[140.5135133866667,40.17896519975198],[140.51392523893517,40.179620149541385],[140.51429638152393,40.18000703712182],[140.51416467243249,40.18025676620036],[140.51276317561482,40.18087453616868],[140.5105246951425,40.1824622507271],[140.50982013152927,40.183173687797954],[140.50809586080564,40.18350533169441],[140.5066737391736,40.183380189871244],[140.50609413679217,40.1833785508495],[140.5044540735686,40.18474681544893],[140.50451034513955,40.186186245690116]]]},"properties":{"KEY_CODE":"052041170","PREF":"05","CITY":"204","CITY_NAME":"大館市","S_NAME":"小坪沢","SETAI":"13"}},{"type":"Feature","geometry":{"type":"Polygon","coordinates":[[[140.68005474046547,40.155548321978856],[140.67368451575928,40.153894957013996],[140.67086996851484,40.15195046464218],[140.6697640732853,40.1496057725242],[140.6687454643906,40.148480498196264],[140.66737466497946,40.14807318720753],[140.6643912257013,40.148282769658564],[140.66049759079596,40.14976648491454],[140.65703392332762,40.151637025632965],[140.65278417967718,40.151988937976675],[140.6493328677222,40.15341579597252],[140.64663210995084,40.1549534035593],[140.64450178483466,40.15573366124088],[140.6420229779963,40.155969923902],[140.63988792715412,40.15560249743808],[140.63745551008992,40.158003303504145],[140.63305793679578,40.160048255023256],[140.63232246935686,40.164513694088335],[140.63172197740306,40.16563486547214],[140.62998680440856,40.16715156913635],[140.6291561173192,40.16650149243887],[140.6284573273475,40.163999402728855],[140.62928706803729,40.160228512847304],[140.62992980612105,40.15826296165865],[140.62946916136394,40.15603564827783],[140.62783227386518,40.15423449336921],[140.62488677050135,40.1523716327009],[140.62218967295576,40.15211985228307],[140.6169354701838,40.15214861848051],[140.6104300287829,40.151338410954104],[140.60630375825508,40.1509583655638],[140.60401231006054,40.14986456620642],[140.60419046579952,40.147644631071984],[140.60367636630144,40.14575814519611],[140.60221737499498,40.14416320746027],[140.6014365734092,40.14238526683991],[140.5999447345984,40.14084888348932],[140.5988796711975,40.13915415471989],[140.59919192868935,40.137311378725634],[140.60071608930056,40.135747566361],[140.60277480521987,40.13441102698216],[140.60355670732773,40.132594299257555],[140.6041554683967,40.12998119153045],[140.60598519370137,40.12641978481409],[140.60679447917428,40.12565823368254],[140.6066630399577,40.1247504522899],[140.60091916144472,40.1219097839068],[140.60138240442302,40.11941585796548],[140.60093249141192,40.11829095775622],[140.6013074990894,40.11739106621502],[140.60094511645215,40.115791238067594],[140.60125762146413,40.11475802735077],[140.60264508378765,40.11263331006614],[140.60102035736415,40.11079178543671],[140.60062050184288,40.10919192587886],[140.59914593665545,40.105275579079766],[140.59950400336558,40.10408975544164],[140.59869619687979,40.100184421967306],[140.60139594027038,40.096434947262196],[140.60149592965527,40.09514342886146],[140.60045858463764,40.09388518469855],[140.60030864286986,40.09294359610654],[140.60140857920393,40.09174375968762],[140.60109618793496,40.089810590817684],[140.60000884080387,40.08881896689766],[140.59997139374406,40.087419097812315],[140.60594581514286,40.08723602870144],[140.60730824644918,40.08538628221951],[140.61137037357162,40.08312839388716],[140.61243280913814,40.08151195721519],[140.61459511744744,40.080495498103296],[140.6165324034181,40.08046224669409],[140.6184696810697,40.08114558879968],[140.6211817949608,40.08292052319607],[140.62128171862872,40.08386209693494],[140.62316892105085,40.08511205176486],[140.62478118950017,40.08567039958667],[140.6253310622244,40.08657868117642],[140.62760571643383,40.08770366381889],[140.62966794251628,40.08803705257297],[140.63195503725387,40.08970365862475],[140.63417974051956,40.09027035216315],[140.63505463152921,40.09087030902137],[140.63734192089012,40.09107869788198],[140.63829193657006,40.08970388312446],[140.6392796327391,40.085346040097804],[140.64070451655664,40.08487115363068],[140.64237936980507,40.08511284609612],[140.64445412784212,40.08603781359616],[140.64929114888446,40.08739617219315],[140.65184096616562,40.086513019683004],[140.65445333060944,40.085146592683756],[140.65619067796132,40.08508000183025],[140.6578405810517,40.084488445667525],[140.6600153849199,40.08442185455934],[140.66174033305938,40.08283875243785],[140.66086550835803,40.08094725469853],[140.66105316995527,40.077814252616015],[140.66402784319808,40.07842264055721],[140.6640779074132,40.07738941722953],[140.6649278485854,40.07670619457403],[140.66586535063993,40.07485642591823],[140.66699025117123,40.074589827304756],[140.670214892153,40.07546485480797],[140.6721022649459,40.07415672237593],[140.67466454248998,40.07384018530666],[140.67598938669659,40.07467349016446],[140.6774641564658,40.07642335510348],[140.67766408066163,40.07773158854929],[140.67956385234086,40.078698213316144],[140.67991385354586,40.07790664800471],[140.67936401940233,40.07568184787102],[140.67983900789602,40.074823612914635],[140.68137641957313,40.07405707653385],[140.68357625534554,40.07342388230632],[140.68442616087899,40.07355723492111],[140.68573859296234,40.072365738362315],[140.68715095395135,40.07227413240034],[140.68745097342176,40.07141590271558],[140.68983830136978,40.07005780034989],[140.6885385388838,40.06767465344148],[140.69055085428963,40.067333090541574],[140.6900509699373,40.06566659133406],[140.69200081037806,40.06483342070019],[140.69257582003965,40.06359189135246],[140.69085102331084,40.062716909033774],[140.69090104826526,40.0618336845481],[140.69005117064327,40.06113370653235],[140.68963880878937,40.059225558188835],[140.69053873819223,40.058450668087474],[140.6905138266641,40.05647587851491],[140.69230119002086,40.05514273381706],[140.6936636990507,40.05157645580078],[140.6946261276764,40.05056825137949],[140.695926018166,40.050093334847205],[140.69588855932017,40.04903508541208],[140.69696504777338,40.048307433091914],[140.6990172441013,40.04988228444138],[140.6989498028996,40.05083714692657],[140.6979673268668,40.05286876834942],[140.7002053629377,40.054058005347905],[140.70067624139435,40.05543152503858],[140.70383133420665,40.05731679195488],[140.70587625795227,40.05949488118091],[140.70642638729163,40.06349551686712],[140.70988602113007,40.066290551594584],[140.7102705772913,40.06766997473134],[140.71140977246012,40.06817786791579],[140.7115801948527,40.070473707969626],[140.71079541939073,40.07130993943696],[140.7114541402855,40.07275512082359],[140.71170186419494,40.0743842079964],[140.71344987044571,40.07572576498201],[140.71429064337835,40.075902914885404],[140.71441261237425,40.07745932345889],[140.7170315103991,40.07833937076577],[140.7166925176765,40.07937957521324],[140.71734900327638,40.08070384007337],[140.71493181000426,40.084568403244354],[140.714661686991,40.086631145515526],[140.71544667367706,40.089422695159065],[140.71690738453714,40.09171146398256],[140.71657500689864,40.092075696978974],[140.7170033053556,40.09407984634417],[140.71563343674168,40.095957765621904],[140.7158616050209,40.099230494688655],[140.71646876575673,40.10137805281784],[140.71553856099862,40.104023157491],[140.71741223898528,40.107521810846414],[140.71623565116582,40.10977172003466],[140.7162938174157,40.11103042581057],[140.71898262267584,40.11321768499087],[140.72008693494166,40.11358335301618],[140.71975214338033,40.11420945141677],[140.720621742142,40.116280560006835],[140.72065937808352,40.11745967127511],[140.72252342044393,40.117995319357696],[140.7240453360691,40.1190528668786],[140.7233710748502,40.1208750857225],[140.72232074807278,40.12201698820123],[140.72263576909754,40.12427271424155],[140.72155717962676,40.127638198603016],[140.7225530410959,40.12902804373731],[140.72487702337517,40.12961569663702],[140.72780587678807,40.12955578540123],[140.72874209269088,40.130559049226456],[140.73268741456852,40.1316506551914],[140.73446221176724,40.131881340378776],[140.73635183922588,40.13258782233509],[140.73655410298804,40.134260640474125],[140.73723933040785,40.13621215637679],[140.73688429129726,40.13780939593176],[140.73964699027547,40.140139107445336],[140.73897018922176,40.141095735336044],[140.74068464149047,40.14344284585553],[140.74111597073474,40.144836571996635],[140.7429129354764,40.145685376105675],[140.74386279156158,40.147178665365814],[140.74339224041623,40.14788511161272],[140.74324381152152,40.150007312971944],[140.7440334363744,40.15116153018399],[140.74208445538684,40.15204678383484],[140.74057965440747,40.15226738157129],[140.73737298514655,40.15371684113621],[140.7355897899229,40.15358291044319],[140.73363471208486,40.15287276412385],[140.7319213886136,40.15335159297696],[140.7276100628292,40.15307329653577],[140.72603382401613,40.15368619095384],[140.7250287307449,40.15498412214905],[140.7247734321744,40.1563120570958],[140.72213719969372,40.15633482994581],[140.7205785563999,40.15556390328452],[140.72006605926023,40.154655469278055],[140.7190432562061,40.15526880348435],[140.71815944990584,40.154905709159074],[140.7161214426498,40.155307366320436],[140.71516095403805,40.15475747903905],[140.71308376235186,40.154959611754755],[140.71160244741088,40.158265855224386],[140.71189122605418,40.15971501075009],[140.70987754388113,40.1615383058631],[140.7086783167423,40.161785936279095],[140.7060664697211,40.16037087021723],[140.70401190525777,40.16094614451341],[140.70257018883623,40.16019795519845],[140.70170778736102,40.1585210098567],[140.7005768014511,40.15808971357582],[140.69789164130333,40.156009564738774],[140.69727630948344,40.15320618168368],[140.69634720650075,40.15204564537258],[140.69421360767276,40.152219694123694],[140.6912100167248,40.15413950802318],[140.6888104458328,40.154531972798445],[140.68593479392385,40.15372318457831],[140.6838550553998,40.152701234109564],[140.68078523752672,40.15443128250409],[140.68005474046547,40.155548321978856]]]},"properties":{"KEY_CODE":"052041180","PREF":"05","CITY":"204","CITY_NAME":"大館市","S_NAME":"大葛","SETAI":"182"}},{"type":"Feature","geometry":{"type":"Polygon","coordinates":[[[140.42720837311631,40.48264454382415],[140.42364274183186,40.48163419685313],[140.42130549814348,40.48143416772945],[140.42056810394644,40.480809244860154],[140.41754336284637,40.47995096835753],[140.41461871644776,40.47797614193219],[140.41223147812275,40.47664290311898],[140.41071911721943,40.47628456251082],[140.40851935725823,40.474934686264284],[140.40645708950905,40.47455965792712],[140.4040697864715,40.475234501825696],[140.40205748997963,40.475209415350974],[140.4015699516791,40.477425772076046],[140.3981327362862,40.47780895874266],[140.3966203964921,40.47828384490345],[140.3970077563385,40.47959201254664],[140.39593279847426,40.480850145755305],[140.39565775419368,40.481933363548904],[140.3941203362955,40.482724857033794],[140.39392025270885,40.485157904606304],[140.39224543560758,40.48473287847027],[140.38974560185616,40.485591033508534],[140.38807067576332,40.48709914739335],[140.38672081536237,40.48705745757252],[140.38383369887538,40.48525758422512],[140.3822090073181,40.482107944470286],[140.38108425265156,40.47924159517264],[140.37847207076354,40.477891690869626],[140.37783467859924,40.476608529624315],[140.37226014163355,40.476300099669956],[140.37016032968933,40.476475032042735],[140.3689978914411,40.47726652229243],[140.36743555642857,40.477066500138264],[140.36493567073555,40.478482917948746],[140.36138601455468,40.47837450737205],[140.35998617710783,40.477366252775234],[140.35987376992742,40.47596643792194],[140.35836142552657,40.4749748400957],[140.3569615799536,40.47470818219718],[140.35392442987197,40.472433350600305],[140.35332463822374,40.47000031557334],[140.35216231671893,40.46871708565673],[140.34908761072018,40.468317018144006],[140.34792526695148,40.46752539028498],[140.348362841739,40.464784104154596],[140.34792545458293,40.46264265450996],[140.34696309787313,40.46155943362867],[140.34336342103754,40.46171763112188],[140.3428635038232,40.460434407958836],[140.34378858937689,40.45620162389023],[140.3427512949204,40.454493453270615],[140.34387626770746,40.452210429214226],[140.34111410887488,40.44964396654747],[140.34168916062274,40.44723594603575],[140.34070177216816,40.44611101516627],[140.3398519381197,40.44419457041068],[140.34058940497732,40.44347799402837],[140.33935208869366,40.44223644020109],[140.33898965496792,40.44097822364832],[140.33696486757603,40.44052817084489],[140.33511512567492,40.43935322836961],[140.3353026028605,40.438861610348944],[140.3350027000828,40.43777839031402],[140.33484026841973,40.43712845512914],[140.33497778700357,40.4363618912339],[140.3355277368605,40.43577031027721],[140.33546530302823,40.434470452620985],[140.33549031641326,40.434037164315846],[140.33551534311448,40.43287063507744],[140.33445306221796,40.4309957694708],[140.33469057011916,40.42932932044782],[140.33334081519484,40.427279493158935],[140.33414078544996,40.42586301091006],[140.3355156255802,40.42549644410848],[140.33604061154898,40.42538817820323],[140.33629441878023,40.42501544380287],[140.33641559513921,40.42432997370767],[140.33556571631553,40.42318006538042],[140.336165703389,40.42232185497898],[140.3357282595901,40.42209687939227],[140.33454090029625,40.421380198327384],[140.3336660142952,40.42078857379496],[140.33352851947149,40.420613587311394],[140.33309109685467,40.419938652096945],[140.33267863832748,40.419505374467676],[140.33270360731797,40.419372041066104],[140.33342863926768,40.418188889499746],[140.33429112866457,40.41608921785906],[140.33557854358898,40.41525605378787],[140.33532864298445,40.413789565080634],[140.33605360659652,40.412381430750926],[140.33647861375877,40.411923174028985],[140.33649120292284,40.410173413129414],[140.33670367620152,40.409706811643616],[140.33672874462266,40.40845694923623],[140.33622897040968,40.40558228916725],[140.33399175608426,40.40385741559666],[140.33324188364438,40.40276585386117],[140.33355448784968,40.40098279805124],[140.333929536229,40.39973299095357],[140.33316717478047,40.397991542961115],[140.3332047159372,40.397483280817134],[140.33316728101656,40.396275100455895],[140.33392980990723,40.3948753482854],[140.3342923356517,40.39381717007986],[140.3348173182666,40.39295060799474],[140.33447990817194,40.39142577642877],[140.3345549600258,40.38949269327189],[140.33401751672469,40.3889677223566],[140.33348008804558,40.387884495609796],[140.3340050519821,40.38711795431295],[140.33465505797986,40.38556815282632],[140.3357800241373,40.3846182964935],[140.33676742921696,40.383985097588024],[140.3373299103796,40.38360182347861],[140.33760495380807,40.382568609413504],[140.3381425215812,40.37907739596835],[140.33838005111895,40.37842745773821],[140.3398674776275,40.377394313497426],[140.34040498643768,40.376736076103214],[140.3420549353334,40.37569454869606],[140.3427299023248,40.375361291215036],[140.34371732616464,40.37506966826079],[140.34607967271305,40.375852996173656],[140.34711600104745,40.37520083632668],[140.34725464621883,40.374919791738876],[140.34916703481827,40.37395328892377],[140.35015456563792,40.37288677667215],[140.35051708599377,40.37187021005595],[140.3533812113188,40.37012762295649],[140.35517947615014,40.36772082736834],[140.35635443544143,40.366729315025296],[140.3557670129959,40.36422960167782],[140.35304232083837,40.36060497569617],[140.3536673196085,40.359296802777635],[140.35221753638928,40.356980329967136],[140.35305506827692,40.35491392818016],[140.35430500405465,40.35444732217721],[140.3567798349927,40.35425577299187],[140.35876725336038,40.352181047142345],[140.36122955687125,40.35148121986487],[140.36402933286425,40.35153964001431],[140.36552407807113,40.351917262644946],[140.36687906287034,40.351556437409336],[140.36775410711027,40.34902340643066],[140.36635923988055,40.3470081998657],[140.3695540235277,40.34693201998915],[140.36980405379398,40.34534051917717],[140.37041655548356,40.34506560015467],[140.37195389292123,40.345723913712],[140.37297881637988,40.345423962042005],[140.37465373836164,40.344107503466994],[140.37562052234372,40.34388701922875],[140.37616177290312,40.34239055288751],[140.37536471112966,40.339733306018665],[140.3760913244325,40.33884143365899],[140.37479161599035,40.33537508841256],[140.37509164218815,40.33378359112101],[140.37605409565845,40.3329920397129],[140.3758216658114,40.33172386872148],[140.37646672454062,40.33030066706126],[140.37579186018934,40.32859248535609],[140.37666681416493,40.328167527501336],[140.37655441206516,40.32644271214273],[140.37777935162262,40.32596779461444],[140.37584199817516,40.32490952329835],[140.37727944946224,40.324259645056344],[140.37776795300013,40.32345072706226],[140.37756057630673,40.32161517177488],[140.376779685184,40.320535004403226],[140.377829640358,40.31981846558239],[140.38053451769676,40.3190707856595],[140.37956714411678,40.31750210052628],[140.3811550406804,40.317305027900574],[140.38132961958496,40.31551072157275],[140.38447949551622,40.313669372060104],[140.38369210260277,40.312811129084864],[140.38391724266367,40.309603195614514],[140.38315481030952,40.30915321996529],[140.38397979627524,40.30847834649616],[140.38552405601084,40.30583056961656],[140.38695364354385,40.30555596609695],[140.38889218212165,40.305987098430364],[140.38847974663096,40.30452893763751],[140.38909229101483,40.30336245078748],[140.39023845338886,40.30290053477114],[140.3905565634744,40.301837314421995],[140.39241597307216,40.30090249411295],[140.3933766369622,40.29953357734473],[140.39311837231512,40.297736373692445],[140.3944048352818,40.29568212570314],[140.39380557965876,40.29527853376557],[140.39458526096047,40.294451925142404],[140.3960093261017,40.29412331911029],[140.39661763327044,40.2928553555908],[140.3964677708804,40.29158048941198],[140.39846760736467,40.29126391005409],[140.40009263725037,40.289422485838024],[140.40146756722015,40.28852264100343],[140.40058033613968,40.28585622296802],[140.40175526082845,40.285089676704985],[140.40191179662014,40.28403810864851],[140.40487886173548,40.284308109798324],[140.40729015436543,40.28518116737453],[140.40922381235148,40.28486424091142],[140.41083648126053,40.28580516419339],[140.4126396157402,40.28622738466688],[140.41577381824243,40.28373906464427],[140.4200218245907,40.27912528784344],[140.4220330401195,40.27760761344911],[140.42384231449117,40.276713050370105],[140.4238862973766,40.27594696559687],[140.42515783788465,40.27274138879137],[140.4267812219332,40.26966651656672],[140.43065682395414,40.271958672064976],[140.4358492159186,40.271766393996224],[140.43722280128333,40.27198731340391],[140.43916284558796,40.27173677369456],[140.43887406361594,40.270044199854645],[140.4392157319605,40.26691747871329],[140.44019647088436,40.26642363132689],[140.44160254119112,40.26812569713608],[140.44300470875518,40.26878382934246],[140.44417230585063,40.26912780998584],[140.4442038079728,40.269136940031565],[140.44533080405787,40.26941836155912],[140.44611589548296,40.26953339646892],[140.4488740728422,40.26980345767143],[140.45164862314903,40.26982217020018],[140.45156283712447,40.27136263795795],[140.45369755405397,40.2730579347516],[140.45425199622508,40.275054478331626],[140.4521881250739,40.27971984350933],[140.45204065251022,40.280718854608416],[140.45121860293116,40.28124261636262],[140.4510695193338,40.28251673690179],[140.4501053322952,40.28341732400277],[140.45042057228562,40.283950304558935],[140.44848018182543,40.285338380376324],[140.44907541794086,40.28603262941883],[140.44935961344336,40.2896676560701],[140.44783707939158,40.291896863879835],[140.44744724626776,40.294403472610576],[140.4478367039453,40.29889268529356],[140.44787466394135,40.30271938308806],[140.44490534493906,40.304021083569175],[140.4405995330152,40.30840992479368],[140.43804347931695,40.31145748856327],[140.43821903922856,40.31329157485905],[140.43971244043908,40.32394926152386],[140.43947397126465,40.32554403117663],[140.43781990459098,40.328894796921254],[140.43714879490878,40.32965153629828],[140.4375728373402,40.33198716020059],[140.43762403975325,40.334225463049506],[140.44011494216434,40.333531680575135],[140.4426747420541,40.33479274471757],[140.44314005714176,40.33586371607043],[140.44217763123436,40.337442632905145],[140.44156627898732,40.33919309087102],[140.44160576082123,40.34087143429786],[140.44279603836165,40.34346930530748],[140.4444509447148,40.344254812018654],[140.44553586450382,40.34553991690027],[140.44711169083158,40.34824131955612],[140.44945457141452,40.34915780739451],[140.44910809408714,40.349642149316],[140.45019967435192,40.351499727035396],[140.45132253697102,40.354982228980234],[140.45290686271022,40.35914467437311],[140.453604078147,40.359871330465985],[140.45285400765903,40.36221323491156],[140.45218560250976,40.36324686079318],[140.4512477788558,40.36617416414706],[140.45246717363557,40.367490945064446],[140.45700178999073,40.36864880978855],[140.45885568887945,40.37091734256267],[140.46125906434412,40.37219659492416],[140.46438360445148,40.37308882027918],[140.4624810883853,40.373377870222434],[140.461642947457,40.37395915560494],[140.46119949161698,40.375671207267565],[140.45832611245993,40.377638273142765],[140.4547403133382,40.37973598175435],[140.4523755349536,40.38306007595583],[140.4507011513259,40.38408707483613],[140.44755786764438,40.38451766173929],[140.44308628797927,40.3864737840257],[140.4428733814551,40.388503177346045],[140.44337206003678,40.390447053207936],[140.44481583095714,40.392487439276366],[140.4450202869929,40.39433909355246],[140.4441542627866,40.39649956548004],[140.4424385120887,40.39987286728375],[140.44061760458774,40.40247823499998],[140.43947199449332,40.40368909169296],[140.43819380045952,40.40571138255359],[140.43779687464047,40.40810055865691],[140.4360923972067,40.41079690580721],[140.4342229179999,40.412770040796744],[140.43276842987595,40.41470077871305],[140.43245185838967,40.41587200690015],[140.43264737100358,40.418220051869035],[140.43133174282772,40.4189783736227],[140.4278925684994,40.42265575722009],[140.4242770397719,40.42290200229796],[140.42130776977675,40.42342334328605],[140.41915674186976,40.42453687669494],[140.41717678637517,40.4260125773038],[140.41590470182695,40.42762850255941],[140.41497084961222,40.43019448083009],[140.41439127409382,40.432808032079464],[140.4151790101537,40.43511503852701],[140.4143267696655,40.44305186246675],[140.413373278666,40.446700718035174],[140.41359079117166,40.44778530728062],[140.4153797512412,40.45041509295589],[140.41605735271256,40.45227000143556],[140.41410511036307,40.45546073768314],[140.41437546202422,40.45690673556643],[140.41581419451163,40.45926335683741],[140.41602532524465,40.46070892111825],[140.41527595574587,40.46286996652449],[140.41695819073954,40.46486719983465],[140.41746067797996,40.466585545600694],[140.41868126340768,40.46790266603751],[140.42442135586967,40.47159719507464],[140.42743947531477,40.47513764376972],[140.42824011829185,40.476767670392384],[140.42803766345338,40.47816526699461],[140.4267096162657,40.47955528700451],[140.42633574198095,40.48059069416365],[140.42720837311631,40.48264454382415]]]},"properties":{"KEY_CODE":"052041190","PREF":"05","CITY":"204","CITY_NAME":"大館市","S_NAME":"早口","SETAI":"812"}},{"type":"Feature","geometry":{"type":"Polygon","coordinates":[[[140.45164862314903,40.26982217020018],[140.4488740728422,40.26980345767143],[140.44611589548296,40.26953339646892],[140.44533080405787,40.26941836155912],[140.4442038079728,40.269136940031565],[140.44417230585063,40.26912780998584],[140.44300470875518,40.26878382934246],[140.44160254119112,40.26812569713608],[140.44019647088436,40.26642363132689],[140.4410360914526,40.265638818396376],[140.44085718210835,40.264036712903],[140.4397452737676,40.26229285882462],[140.43679856189243,40.261012641703275],[140.43704463723137,40.25946418909029],[140.43731602352491,40.25704433791874],[140.43779098456378,40.25688604359612],[140.438515913667,40.256802728015266],[140.4428155491626,40.25745278291691],[140.44382796868734,40.25746947523233],[140.44455289578593,40.256936235588924],[140.44496537918192,40.25681958630105],[140.44666950864428,40.256316335039685],[140.44735187491952,40.25495736285095],[140.44735281188443,40.25369506325058],[140.4488776695772,40.25383674815181],[140.44970263958047,40.25272858836714],[140.4493027216881,40.25140374492274],[140.44862777900988,40.251337050112674],[140.4483528578392,40.24978724538862],[140.4477922809762,40.24805275350631],[140.4479108034375,40.24799282938458],[140.4514005056284,40.24779132516718],[140.45149882088796,40.2478218175547],[140.45184501180208,40.24755145964896],[140.45226068360108,40.24674025260658],[140.45199161873722,40.245547813512374],[140.45319616631133,40.244978604608704],[140.45433995310773,40.24492968300662],[140.45546487210507,40.24494637305685],[140.45692725201428,40.244388148405456],[140.45705222336744,40.244404809234204],[140.45740221271652,40.24420484375606],[140.45892714311483,40.24233844559632],[140.45960642417947,40.241754060899346],[140.46260180777114,40.24197188938751],[140.46388918223843,40.24206356065104],[140.46486409641912,40.24172196146045],[140.46603900859415,40.241005398217],[140.46695143672255,40.2406637919042],[140.46738889251793,40.24073045281511],[140.46823880724253,40.241155419590335],[140.47030107682812,40.24171373818272],[140.47162596568523,40.24135545837586],[140.47263833010905,40.24241371802915],[140.47278826250306,40.24353025824641],[140.47451145821364,40.24563882246545],[140.47540247646634,40.24616315416836],[140.47619847480016,40.24693124537346],[140.4776821889408,40.2476631678682],[140.47815003282807,40.24784165976236],[140.47976225978024,40.24790401110707],[140.48002503640325,40.24785694671559],[140.47968294110063,40.248736389795205],[140.48002474126665,40.2506379918554],[140.48064963804248,40.25128793516689],[140.47936694240747,40.25181708339554],[140.4786873205868,40.25227942477248],[140.4779368322411,40.25276974249633],[140.4770249841001,40.252837654718306],[140.47532516705118,40.253179213771816],[140.474762713247,40.253470837080926],[140.4738138478436,40.25467107483075],[140.4729892183705,40.25576429859234],[140.47259962466262,40.256145898861966],[140.47120050990304,40.25688697994309],[140.47019739685646,40.2576648578012],[140.47087037848502,40.258068897355926],[140.4709067769504,40.2582795744052],[140.47022916307932,40.25991875135299],[140.46952205342913,40.2612180794191],[140.46916304450403,40.262636197827135],[140.46871766662068,40.264335459462],[140.46842278949686,40.26453072126754],[140.46827168663748,40.2658940066829],[140.46813798509515,40.2662940409924],[140.46805290692728,40.26705131954844],[140.46831215832577,40.26767420099845],[140.46865510063756,40.26834355538077],[140.46571424449036,40.26922201207196],[140.46491124622668,40.26953521361532],[140.46294546307038,40.270041762219336],[140.46084702822438,40.270008416869615],[140.46002358338256,40.26979940874472],[140.45909687237065,40.26932831254624],[140.45860798928905,40.269213781249405],[140.45640801960704,40.26866806512411],[140.4535180823363,40.26926823052326],[140.45164862314903,40.26982217020018]]]},"properties":{"KEY_CODE":"052041200","PREF":"05","CITY":"204","CITY_NAME":"大館市","S_NAME":"外川原","SETAI":"40"}},{"type":"Feature","geometry":{"type":"Polygon","coordinates":[[[140.44019647088436,40.26642363132689],[140.4392157319605,40.26691747871329],[140.43887406361594,40.270044199854645],[140.43916284558796,40.27173677369456],[140.43722280128333,40.27198731340391],[140.4358492159186,40.271766393996224],[140.43065682395414,40.271958672064976],[140.4267812219332,40.26966651656672],[140.42515783788465,40.27274138879137],[140.4238862973766,40.27594696559687],[140.42384231449117,40.276713050370105],[140.4220330401195,40.27760761344911],[140.4200218245907,40.27912528784344],[140.41577381824243,40.28373906464427],[140.4126396157402,40.28622738466688],[140.41083648126053,40.28580516419339],[140.40922381235148,40.28486424091142],[140.40729015436543,40.28518116737453],[140.40487886173548,40.284308109798324],[140.40191179662014,40.28403810864851],[140.4039302265547,40.28204009804621],[140.40526138886474,40.281927443662084],[140.40464274646206,40.28069027880547],[140.40649263171625,40.27985710638174],[140.40690517125563,40.27898222702028],[140.40790506288627,40.279340548724704],[140.40885499821874,40.27894062956881],[140.40958057466287,40.27739852583249],[140.4117043600073,40.27718223090377],[140.4127048164668,40.27552451138835],[140.41354985517316,40.274898240443896],[140.4163401415619,40.2743050212137],[140.41620467501414,40.27170845437267],[140.41145522914323,40.26760044457963],[140.4105427862155,40.267058809271724],[140.4105928228126,40.26610059341579],[140.40961796962793,40.26461740269968],[140.40707776248917,40.26358117500233],[140.4083721781615,40.26187871174131],[140.40640001451158,40.26062518088384],[140.40975213895976,40.261533836772124],[140.4106482286547,40.259983586647216],[140.41298675563445,40.25691898595994],[140.41454910019087,40.25591410769023],[140.41823006189006,40.255635538890694],[140.42070492240006,40.25428580439352],[140.42300472429196,40.25440254789887],[140.42585454398142,40.25396935295868],[140.4286542792225,40.25522762445878],[140.42999114012855,40.256134969217904],[140.4306064184497,40.255352790084125],[140.43499123420156,40.25651101086788],[140.43640356145292,40.25751924358319],[140.43731602352491,40.25704433791875],[140.43704463723137,40.25946418909029],[140.43679856189243,40.261012641703275],[140.4397452737676,40.26229285882462],[140.44085718210835,40.264036712903],[140.4410360914526,40.265638818396376],[140.44019647088436,40.26642363132689]]]},"properties":{"KEY_CODE":"052041210","PREF":"05","CITY":"204","CITY_NAME":"大館市","S_NAME":"長坂","SETAI":"203"}},{"type":"Feature","geometry":{"type":"Polygon","coordinates":[[[140.56930852983183,40.40077898419899],[140.5670577940969,40.398682305486595],[140.56532055438208,40.39800732517016],[140.56359576178062,40.398257229691545],[140.56213348360998,40.39764892320861],[140.56073365673413,40.39763219614009],[140.55894640805093,40.39704887634974],[140.55685910627645,40.39889861975721],[140.5544343723935,40.40004843640621],[140.55058483562436,40.40090653838773],[140.55009733946068,40.402056419554995],[140.54838503070647,40.40288959191748],[140.54737260443684,40.40395611970749],[140.5453353972821,40.402914504454166],[140.5441855342698,40.40271448687985],[140.54286065379597,40.40323939626782],[140.5403609598035,40.40281437931547],[140.53932349795576,40.404005924030166],[140.53797359083157,40.40477247774772],[140.5374485815072,40.40581402575891],[140.53698599759824,40.408130425274955],[140.53572355929452,40.40955523759362],[140.531811372723,40.41127162332953],[140.53006157705966,40.41129658546162],[140.5288242397526,40.41086329506597],[140.52394981752087,40.410129932393865],[140.52364981128667,40.41087153702607],[140.52499946279323,40.413329587478856],[140.52397431109947,40.41679578490979],[140.5243615569474,40.41967041004294],[140.52573642085136,40.41955378432435],[140.5298859418965,40.42027880674646],[140.52931078968172,40.423386672694754],[140.53062298595103,40.42637795449433],[140.53063538082253,40.427752758609294],[140.5298603941781,40.428635958128574],[140.5295352882708,40.430460748451935],[140.52791035348764,40.43125227712582],[140.52662301517046,40.43089398398004],[140.52376076684845,40.4308689462893],[140.5222484302878,40.43044397067842],[140.51917369445084,40.4306521759843],[140.51724890398822,40.43020218219151],[140.51504922639833,40.42896061109783],[140.51359936721423,40.428643964966675],[140.5119744966326,40.429235493517396],[140.50974975557907,40.428535534383535],[140.50837487770758,40.42856049580198],[140.50757488240123,40.42926038063309],[140.50521254197895,40.43016019851297],[140.50225022394784,40.43170155427181],[140.5014501517157,40.43401787913338],[140.4978003805457,40.43647574014246],[140.49500060523084,40.43696725946501],[140.4928007235701,40.43798376569063],[140.49156333906132,40.43791708291181],[140.48915098733843,40.43877524327002],[140.48415130046612,40.44116645772115],[140.48118903488214,40.441891244463896],[140.4833262829711,40.44279120864014],[140.48371372712657,40.443416121641725],[140.48421349275458,40.44648238926348],[140.48352599404808,40.44763218154438],[140.48180105176303,40.44932358187117],[140.4810634908331,40.45146493482509],[140.47480149780944,40.45353944260263],[140.47182678949437,40.453697660050075],[140.46973950107562,40.45345593835467],[140.46583981833973,40.454064101194405],[140.46578977399972,40.45496399720603],[140.4645273180114,40.45627210128445],[140.46290248568718,40.45591377104298],[140.4594652899866,40.456396963077424],[140.4568031336591,40.45506371598134],[140.45352850882932,40.45434703477048],[140.45261614220084,40.45348880001838],[140.4502288631569,40.45401364231741],[140.4485790388631,40.453988599854725],[140.4478416631874,40.4529303790355],[140.4450919994542,40.452080399282075],[140.44404215732592,40.45074722559934],[140.44175491722223,40.44987226269504],[140.43973013134348,40.450213807318406],[140.4402549685849,40.45242186433655],[140.43936752167852,40.45289680419684],[140.4374551017964,40.45557969774497],[140.43775493618892,40.458754305865014],[140.43671749491486,40.45958751090901],[140.4373797747061,40.46346199085134],[140.43696728150115,40.46549503732234],[140.43614234184662,40.46626155627517],[140.43350509001434,40.46767795748451],[140.4331799245853,40.471785735855654],[140.43515458511476,40.47369389087173],[140.43524202257296,40.474643738253285],[140.4372166167361,40.47830996949618],[140.43620412898807,40.47961810082656],[140.4347541791726,40.480384667451894],[140.43246694612935,40.480476264205215],[140.43111699735277,40.48167607889969],[140.42881721378228,40.48180930885298],[140.42720837311631,40.48264454382415],[140.42633574198095,40.48059069416365],[140.4267096162657,40.47955528700451],[140.42803766345338,40.47816526699461],[140.42824011829185,40.476767670392384],[140.42743947531477,40.47513764376972],[140.42442135586967,40.47159719507464],[140.41868126340768,40.46790266603751],[140.41746067797996,40.466585545600694],[140.41695819073954,40.46486719983465],[140.41527595574587,40.46286996652449],[140.41602532524465,40.46070892111825],[140.41581419451163,40.45926335683741],[140.41437546202422,40.45690673556643],[140.41410511036307,40.45546073768314],[140.41605735271256,40.45227000143556],[140.4153797512412,40.45041509295589],[140.41359079117166,40.44778530728062],[140.413373278666,40.446700718035174],[140.4143267696655,40.44305186246675],[140.4151790101537,40.43511503852701],[140.41439127409382,40.432808032079464],[140.41497084961222,40.43019448083009],[140.41590470182695,40.42762850255941],[140.41717678637517,40.4260125773038],[140.41915674186976,40.42453687669494],[140.42130776977675,40.42342334328605],[140.4242770397719,40.42290200229796],[140.4278925684994,40.42265575722009],[140.43133174282772,40.4189783736227],[140.43264737100358,40.418220051869035],[140.43245185838967,40.41587200690015],[140.43276842987595,40.41470077871305],[140.4342229179999,40.412770040796744],[140.4360923972067,40.41079690580721],[140.43779687464047,40.40810055865691],[140.43819380045952,40.40571138255359],[140.43947199449332,40.40368909169296],[140.44061760458774,40.40247823499998],[140.4424385120887,40.39987286728375],[140.4441542627866,40.39649956548004],[140.4450202869929,40.39433909355246],[140.44481583095714,40.392487439276366],[140.44337206003678,40.390447053207936],[140.4428733814551,40.388503177346045],[140.44308628797927,40.3864737840257],[140.44755786764438,40.38451766173929],[140.4507011513259,40.38408707483613],[140.4523755349536,40.38306007595583],[140.4547403133382,40.37973598175435],[140.45832611245993,40.377638273142765],[140.46119949161698,40.375671207267565],[140.461642947457,40.37395915560494],[140.4624810883853,40.373377870222434],[140.46438360445148,40.37308882027918],[140.46125906434412,40.37219659492416],[140.45885568887945,40.37091734256267],[140.45700178999073,40.36864880978855],[140.45246717363557,40.367490945064446],[140.4512477788558,40.36617416414706],[140.45218560250976,40.36324686079318],[140.45285400765903,40.36221323491156],[140.453604078147,40.359871330465985],[140.45290686271022,40.35914467437311],[140.45132253697102,40.354982228980234],[140.45019967435192,40.351499727035396],[140.44910809408714,40.349642149316],[140.44945457141452,40.34915780739451],[140.44711169083158,40.34824131955612],[140.44553586450382,40.34553991690027],[140.4444509447148,40.344254812018654],[140.44279603836165,40.34346930530748],[140.44160576082123,40.34087143429786],[140.44156627898732,40.33919309087102],[140.44217763123436,40.337442632905145],[140.44314005714176,40.33586371607043],[140.4426747420541,40.33479274471757],[140.44011494216434,40.333531680575135],[140.43762403975325,40.334225463049506],[140.4375728373402,40.33198716020059],[140.43714879490878,40.32965153629828],[140.43781990459098,40.328894796921254],[140.43947397126465,40.32554403117663],[140.43971244043908,40.32394926152386],[140.43821903922856,40.31329157485905],[140.43804347931695,40.31145748856327],[140.4405995330152,40.30840992479368],[140.44490534493906,40.304021083569175],[140.44787466394135,40.30271938308806],[140.4478367039453,40.29889268529356],[140.44744724626776,40.294403472610576],[140.44783707939158,40.291896863879835],[140.44935961344336,40.2896676560701],[140.44907541794086,40.28603262941883],[140.44848018182543,40.285338380376324],[140.45042057228562,40.283950304558935],[140.4501053322952,40.28341732400277],[140.4510695193338,40.28251673690179],[140.45121860293116,40.28124261636262],[140.45204065251022,40.280718854608416],[140.4521881250739,40.27971984350933],[140.45425199622508,40.275054478331626],[140.45369755405397,40.2730579347516],[140.45156283712447,40.27136263795795],[140.45164862314903,40.26982217020018],[140.4535180823363,40.26926823052326],[140.45640801960704,40.26866806512411],[140.45860798928905,40.269213781249405],[140.45909687237065,40.26932831254624],[140.46002358338256,40.26979940874472],[140.46084702822438,40.270008416869615],[140.46294546307038,40.27004176221928],[140.46491124622668,40.26953521361532],[140.46571424449039,40.269222012071985],[140.46577951228855,40.27055845911512],[140.46561479198698,40.270853845579666],[140.4660975780522,40.271514236895364],[140.46590356207273,40.27331453463273],[140.46901570142944,40.273649410190906],[140.47219753895584,40.273595431607916],[140.4715069357436,40.27535415824567],[140.47040378077196,40.27690994050438],[140.47093067942936,40.277751053940875],[140.4746624137674,40.28108796621074],[140.47466490734644,40.28258350927242],[140.47582442390296,40.28269104231313],[140.4762325232503,40.285551352894146],[140.47750623555373,40.286790859210655],[140.4772693610376,40.28808571014689],[140.47606956837186,40.28866184017002],[140.47549962316882,40.290671432866866],[140.47619131609162,40.29094691151247],[140.47598992635824,40.29174820009033],[140.47571536202145,40.29645580103281],[140.47413812190652,40.29903690271281],[140.4745313010908,40.30015989798412],[140.4739404104122,40.30202846340128],[140.47237753405233,40.30455403704193],[140.47035905779995,40.30614324786492],[140.46989395685057,40.30826203758019],[140.47006068061864,40.30933421624827],[140.4728206143913,40.312768313150244],[140.46552548134102,40.30808685164265],[140.46199773357296,40.30709081655184],[140.46245749434016,40.30392832508769],[140.46178248720065,40.30193177009446],[140.462899352545,40.299989652334986],[140.4625473061374,40.29875989042905],[140.46101999922226,40.29857401148565],[140.4592872870628,40.29927848502235],[140.4561028394874,40.29939355550412],[140.4546632080834,40.29912279361874],[140.4539277778705,40.3022695731155],[140.45400583168384,40.30332693489168],[140.45291614117457,40.30456951085026],[140.45355199139448,40.30610039760335],[140.45325995407754,40.30803053385514],[140.45256475917452,40.30869657862072],[140.4522873886605,40.310251593345406],[140.45088262067304,40.31173334236387],[140.45206575423404,40.313254839443644],[140.45202233385456,40.32058284448011],[140.45180050433117,40.322411350703426],[140.45250917479711,40.32356628778175],[140.45349312378303,40.32405258672495],[140.45358884603985,40.32612996298855],[140.45485705860628,40.3272577986107],[140.45676727877876,40.3270591827132],[140.45980162519973,40.32632594797522],[140.46116333441842,40.32537968661619],[140.46368778073477,40.325145243847196],[140.46672736074544,40.32457766049984],[140.4690978588216,40.324682136881336],[140.47063016702626,40.32506522298921],[140.47439288029935,40.32717718305979],[140.47548011658063,40.32659461804417],[140.47764119978828,40.32675298507825],[140.47941338491106,40.328202424751105],[140.48108178398485,40.32894501965708],[140.4835859325701,40.33082381209292],[140.4839916326654,40.332254546377534],[140.48475459011937,40.33312611225299],[140.4878358664188,40.33327557738022],[140.49044200088696,40.33493541994959],[140.49343520195802,40.334749794624564],[140.49481922556834,40.33412182383546],[140.49601585914843,40.33440921198643],[140.49966848034597,40.33383574207842],[140.50194745566674,40.33382308923433],[140.5038092354591,40.3343911223648],[140.50448405291516,40.33607254937044],[140.508382553428,40.336894699087736],[140.5097089445543,40.337823055027044],[140.51153750810911,40.335421536283434],[140.51277694735646,40.33514145058169],[140.5145874201066,40.336745213825495],[140.5158283949682,40.33629379191794],[140.51637913471353,40.335389820679836],[140.51688037103722,40.33224148759627],[140.51910790098847,40.33364841404906],[140.52114697088945,40.33411810194865],[140.52344036198141,40.33265600371021],[140.52498193077724,40.33441782697593],[140.52484652722683,40.33642202859631],[140.52426256319913,40.33819716168393],[140.52535091219593,40.33992656234525],[140.52509396070724,40.34310848336486],[140.52667870747885,40.34418677075346],[140.52594118150833,40.34569491935116],[140.52688573598004,40.34794504366968],[140.52774271371499,40.348372161269886],[140.5280047102174,40.349651282588006],[140.52987222932452,40.35120498363834],[140.53128328152764,40.35315142519473],[140.53076410604743,40.35512373061828],[140.5300400975874,40.35576890199824],[140.53071522411324,40.358132338695206],[140.53039816215428,40.35896577544509],[140.52836501469736,40.35982673433156],[140.52877872723062,40.3606261960792],[140.5286339993881,40.362460429710254],[140.5299020786084,40.36358470226188],[140.5296761759113,40.36444838195767],[140.52780259661463,40.367517876418006],[140.52784933731016,40.368359996930266],[140.5270206090049,40.3694508345585],[140.5278978484023,40.369924368894495],[140.52973241526408,40.369925305930735],[140.53087868619178,40.37127237856623],[140.53211514448645,40.371673426131174],[140.53459642634078,40.371730040870695],[140.53444843581363,40.374336764602866],[140.53248849572398,40.37685827421444],[140.5336128299294,40.37813515040822],[140.53416325317806,40.37778319853047],[140.53652531882884,40.37863321388827],[140.54084952609324,40.38139974641445],[140.54456146794482,40.38225812343916],[140.54576290315083,40.38307895831015],[140.54822549296992,40.382591200213334],[140.54892338367804,40.3828581873479],[140.5509117168742,40.384983823719615],[140.55222284492206,40.38560801142548],[140.5528519184907,40.38682114227795],[140.5550291136062,40.38715440373401],[140.5571972110053,40.38594144006251],[140.55862915182638,40.384649797350214],[140.55962406953347,40.38542291574558],[140.55945934078633,40.387491391536294],[140.5607639273565,40.388848987733056],[140.5609416791327,40.39001376922418],[140.56253380196867,40.39032453025398],[140.5655299671306,40.389979371466275],[140.56963285696483,40.39129128326258],[140.57112011209168,40.39282448737383],[140.57213242362843,40.39449102658425],[140.5722448023937,40.396315907027486],[140.57393782192116,40.398645083483146],[140.5748196209779,40.40102500470904],[140.57258199083824,40.40032400542978],[140.56930852983183,40.40077898419899]]]},"properties":{"KEY_CODE":"052041220","PREF":"05","CITY":"204","CITY_NAME":"大館市","S_NAME":"岩瀬","SETAI":"790"}},{"type":"Feature","geometry":{"type":"Polygon","coordinates":[[[140.52344036198141,40.33265600371021],[140.52114697088945,40.33411810194865],[140.51910790098847,40.33364841404906],[140.51688037103722,40.33224148759627],[140.51637913471353,40.335389820679836],[140.5158283949682,40.33629379191794],[140.5145874201066,40.336745213825495],[140.51277694735646,40.33514145058169],[140.51153750810911,40.335421536283434],[140.5097089445543,40.337823055027044],[140.508382553428,40.336894699087736],[140.50448405291516,40.33607254937044],[140.5038092354591,40.3343911223648],[140.50194745566674,40.33382308923433],[140.49966848034597,40.33383574207842],[140.49601585914843,40.33440921198643],[140.49481922556834,40.33412182383546],[140.49343520195802,40.334749794624564],[140.49044200088696,40.33493541994959],[140.4878358664188,40.33327557738022],[140.48475459011937,40.33312611225299],[140.4839916326654,40.332254546377534],[140.4835859325701,40.33082381209292],[140.48108178398485,40.32894501965708],[140.47941338491106,40.328202424751105],[140.47764119978828,40.32675298507825],[140.47548011658063,40.32659461804417],[140.47439288029935,40.32717718305979],[140.47063016702626,40.32506522298921],[140.4690978588216,40.324682136881336],[140.46672736074544,40.32457766049984],[140.46368778073477,40.325145243847196],[140.46116333441842,40.32537968661619],[140.45980162519973,40.32632594797522],[140.45676727877876,40.3270591827132],[140.45485705860628,40.3272577986107],[140.45358884603985,40.32612996298855],[140.45349312378303,40.32405258672495],[140.45250917479711,40.32356628778175],[140.45180050433117,40.322411350703426],[140.45202233385456,40.32058284448011],[140.45206575423404,40.313254839443644],[140.45088262067304,40.31173334236387],[140.4522873886605,40.310251593345406],[140.45256475917452,40.30869657862072],[140.45325995407754,40.30803053385514],[140.45355199139448,40.30610039760335],[140.45291614117457,40.30456951085026],[140.45400583168384,40.30332693489168],[140.4539277778705,40.3022695731155],[140.4546632080834,40.29912279361874],[140.4561028394874,40.29939355550412],[140.4592872870628,40.29927848502235],[140.46101999922226,40.29857401148565],[140.4625473061374,40.29875989042905],[140.462899352545,40.299989652334986],[140.46178248720065,40.30193177009446],[140.46245749434016,40.30392832508769],[140.46199773357296,40.30709081655184],[140.46552548134102,40.30808685164265],[140.4728206143913,40.312768313150244],[140.47006068061864,40.30933421624827],[140.46989395685057,40.30826203758019],[140.47035905779995,40.30614324786492],[140.47237753405233,40.30455403704193],[140.4739404104122,40.30202846340128],[140.4745313010908,40.30015989798412],[140.47413812190652,40.29903690271281],[140.47571536202145,40.29645580103281],[140.47598992635824,40.29174820009033],[140.47619131609162,40.29094691151247],[140.47900677020084,40.289586527564055],[140.48037084573625,40.288583018633695],[140.4813426267269,40.28667459238945],[140.48698520466442,40.28893883202134],[140.48827590703814,40.28997433881425],[140.49019212539937,40.29034392474098],[140.49098972391653,40.29275748729636],[140.4929556476217,40.29466668313239],[140.49588191783707,40.29445737296238],[140.49651927496896,40.2950906512321],[140.499631585889,40.29589067452279],[140.5001565079255,40.29640730503323],[140.50025832461904,40.29801991892272],[140.50225807248626,40.29757364041247],[140.50530630465468,40.297732383188105],[140.50810210906465,40.29894639122843],[140.50891884667885,40.29714926266274],[140.5111197687354,40.29694339295951],[140.51309489816344,40.29764245587468],[140.51407929056094,40.29857202772898],[140.5154425183433,40.29891671996247],[140.51913246462897,40.29906537687995],[140.5228307213029,40.29900805446573],[140.52409308503758,40.30043298359558],[140.5269428889148,40.301249692914226],[140.52773768467125,40.3024870471865],[140.5305408018534,40.30321358496717],[140.53196752346182,40.305549449867726],[140.53464485422435,40.307443103592206],[140.53349955261427,40.308175224397594],[140.53350967665543,40.30904885711326],[140.5309656715353,40.30949495240793],[140.5303501979194,40.31165069484875],[140.53107684350513,40.31269132090036],[140.52896738159666,40.31404940998093],[140.5286299753855,40.31473565548191],[140.52914418163638,40.31642251404059],[140.52796729926874,40.31688970792353],[140.52685476556223,40.31899773482803],[140.52552978601676,40.320347548221164],[140.52367992557075,40.32038079175168],[140.52316044939676,40.32176750774541],[140.52368996337185,40.32305125610156],[140.52336773226367,40.323934871940075],[140.52382843815104,40.32591750365862],[140.52365460691476,40.328704939378255],[140.52473140366004,40.3306204598583],[140.5234693410597,40.3315710690638],[140.52344036198141,40.33265600371021]]]},"properties":{"KEY_CODE":"052041230","PREF":"05","CITY":"204","CITY_NAME":"大館市","S_NAME":"山田","SETAI":"239"}}]}