{"type":"FeatureCollection","features":[{"type":"Feature","geometry":{"type":"Polygon","coordinates":[[[136.10157438247396,34.62265141907066],[136.0991518377224,34.62298512180614],[136.09866488268634,34.6228323916623],[136.09755492067742,34.62204048550135],[136.09802251241115,34.62043862336813],[136.098545791781,34.62036608379182],[136.09831425065568,34.61982760164103],[136.09925503117316,34.61919690166939],[136.10072152081565,34.61950519223971],[136.10122858577807,34.61988567513353],[136.10155493369157,34.62089104263086],[136.10224039066543,34.621763560507915],[136.10124665526754,34.622126684211366],[136.10157438247396,34.62265141907066]]]},"properties":{"KEY_CODE":"242080010","PREF":"24","CITY":"208","CITY_NAME":"名張市","S_NAME":"桜ケ丘","SETAI":"180"}},{"type":"Feature","geometry":{"type":"Polygon","coordinates":[[[136.09755370081456,34.625930604972794],[136.09583185291035,34.626235364746655],[136.09504489212918,34.62583239196386],[136.09541349071358,34.62484000007946],[136.09498986772428,34.624682133050605],[136.09493640282395,34.62403687330128],[136.09555689512206,34.62309542318319],[136.09533138437837,34.62237014395752],[136.09446366435708,34.62128079470447],[136.0944984657296,34.62110595639547],[136.0944108292215,34.62092684311952],[136.0941773580694,34.62063866905634],[136.09344437623702,34.61995109907257],[136.0932868159502,34.61937226450187],[136.09259517125804,34.61935897761983],[136.09166215959198,34.619708869853035],[136.09186998492484,34.61921597358558],[136.09267005654291,34.618755459966735],[136.09276564039322,34.618241796951175],[136.0944957241106,34.61815203107682],[136.0980247015834,34.618096325931106],[136.09901579038691,34.618264148574454],[136.1010493934881,34.61896653830186],[136.10072152081565,34.61950519223971],[136.09925503117316,34.61919690166939],[136.09831425065568,34.61982760164103],[136.098545791781,34.62036608379182],[136.09802251241115,34.62043862336813],[136.09755492067742,34.62204048550135],[136.09866488268634,34.6228323916623],[136.09861317421294,34.62287511438483],[136.09787975077435,34.62291035071386],[136.09715933624062,34.62213714849081],[136.09628499082618,34.62207260854315],[136.09669173288069,34.623230903636234],[136.0969860411317,34.624654111526525],[136.09739391578253,34.6245775844387],[136.09824368438473,34.625198127603],[136.09755370081456,34.625930604972794]]]},"properties":{"KEY_CODE":"242080020","PREF":"24","CITY":"208","CITY_NAME":"名張市","S_NAME":"平尾","SETAI":"476"}},{"type":"Feature","geometry":{"type":"Polygon","coordinates":[[[136.0937967069579,34.62149160998188],[136.09196280307415,34.6227971019775],[136.09132046741468,34.62307493671321],[136.09141190655166,34.62355690849358],[136.09047440623073,34.62333530800607],[136.08988150716183,34.62252280819797],[136.08921450818622,34.62287164580248],[136.08941544145762,34.622697393354656],[136.08925170354001,34.62246621073037],[136.08931021029855,34.62228600317331],[136.08945480776143,34.621934443161116],[136.0895567863456,34.62165771207121],[136.08968464760395,34.62144505503789],[136.08996324759877,34.621040009587766],[136.09004055070895,34.62089542674603],[136.09014552451265,34.62064263987309],[136.09065348526843,34.62021207086656],[136.09100871795005,34.619953889285014],[136.09116945112396,34.61982741605803],[136.09125201980618,34.61970987533839],[136.09166215959198,34.619708869853035],[136.09259517125804,34.61935897761983],[136.0932868159502,34.61937226450187],[136.09344437623702,34.61995109907257],[136.0941773580694,34.62063866905634],[136.0944108292215,34.62092684311952],[136.0944984657296,34.62110595639547],[136.09446366435708,34.62128079470447],[136.09391374812853,34.621402073260604],[136.0937967069579,34.62149160998188]]]},"properties":{"KEY_CODE":"242080030","PREF":"24","CITY":"208","CITY_NAME":"名張市","S_NAME":"丸之内","SETAI":"103"}},{"type":"Feature","geometry":{"type":"Polygon","coordinates":[[[136.0894298675297,34.62183684143146],[136.08848827221055,34.62169622707822],[136.08829926567688,34.62139589669458],[136.08841040528108,34.621320314549685],[136.08823354587184,34.621230145772124],[136.08814205169932,34.621118506099435],[136.08828874267243,34.620865549443074],[136.08869760633453,34.620605928660574],[136.0891204698484,34.62061562771653],[136.08925997217486,34.62072018961279],[136.08937698475066,34.62071700779879],[136.0895835517575,34.62072995871913],[136.0897544265442,34.620792239792735],[136.09004055070895,34.62089542674603],[136.08996324759877,34.621040009587766],[136.08968464760395,34.62144505503789],[136.0895567863456,34.62165771207121],[136.0894298675297,34.62183684143146]]]},"properties":{"KEY_CODE":"242080040","PREF":"24","CITY":"208","CITY_NAME":"名張市","S_NAME":"中町","SETAI":"27"}},{"type":"Feature","geometry":{"type":"Polygon","coordinates":[[[136.09065348526843,34.62021207086656],[136.09014552451265,34.62064263987309],[136.09004055070895,34.62089542674603],[136.0898457152035,34.62072976990264],[136.08992392342626,34.62046249457838],[136.0898472276335,34.62030125950227],[136.08977815036383,34.6201656573302],[136.08982598065904,34.62012829319336],[136.09013455444455,34.619714914945526],[136.09021399246433,34.619708237358786],[136.09036672774556,34.6198958982588],[136.0905161216273,34.619758729105385],[136.090763401364,34.61974615304897],[136.09103021169412,34.619646930845306],[136.09125201980618,34.61970987533839],[136.09116945112396,34.61982741605803],[136.09100871795005,34.619953889285014],[136.09065348526843,34.62021207086656]]]},"properties":{"KEY_CODE":"242080050","PREF":"24","CITY":"208","CITY_NAME":"名張市","S_NAME":"上本町","SETAI":"29"}},{"type":"Feature","geometry":{"type":"Polygon","coordinates":[[[136.09013455444455,34.619714914945526],[136.08985868901254,34.61989739262499],[136.0896636880503,34.61957889862143],[136.0893343827737,34.61927106649752],[136.08922035096185,34.619173670444916],[136.09049515571482,34.618936379880175],[136.09041370000284,34.6187458512142],[136.09267005654291,34.618755459966735],[136.09186998492484,34.61921597358558],[136.09166215959198,34.619708869853035],[136.09125201980618,34.61970987533839],[136.09103021169412,34.619646930845306],[136.090763401364,34.61974615304897],[136.0905161216273,34.619758729105385],[136.09036672774556,34.6198958982588],[136.09021399246433,34.619708237358786],[136.09013455444455,34.619714914945526]]]},"properties":{"KEY_CODE":"242080060","PREF":"24","CITY":"208","CITY_NAME":"名張市","S_NAME":"柳原町","SETAI":"63"}},{"type":"Feature","geometry":{"type":"Polygon","coordinates":[[[136.08922035096185,34.619173670444916],[136.08894243631738,34.619305295850396],[136.08882400496398,34.61924297659105],[136.08852911997207,34.6191282416843],[136.08842177877997,34.619042955009284],[136.08815765648535,34.61906117286309],[136.08818501418423,34.618712092328025],[136.08820273957585,34.6183006175452],[136.08822282122424,34.617969291497374],[136.0895671201188,34.618086515288844],[136.09123792553817,34.61821729108764],[136.09276564039322,34.61824179695115],[136.09267005654291,34.61875545996672],[136.09041370000284,34.61874585121419],[136.09049515571482,34.618936379880196],[136.08922035096185,34.619173670444916]]]},"properties":{"KEY_CODE":"242080070","PREF":"24","CITY":"208","CITY_NAME":"名張市","S_NAME":"鍛冶町","SETAI":"39"}},{"type":"Feature","geometry":{"type":"Polygon","coordinates":[[[136.0898457152035,34.62072976990264],[136.0897544265442,34.620792239792735],[136.0895835517575,34.62072995871913],[136.08937698475066,34.62071700779879],[136.08925997217486,34.62072018961279],[136.0891204698484,34.62061562771653],[136.08869760633453,34.620605928660574],[136.08852267186674,34.620471386626335],[136.08820065798108,34.62023848317713],[136.08805754615923,34.62013673938288],[136.08825194494804,34.61992305134189],[136.08723512027106,34.61998293040345],[136.08700951626307,34.61986532579931],[136.08690312564715,34.6196958000854],[136.0866862293389,34.61931660510934],[136.0872459325663,34.61895842037141],[136.0874601485184,34.61793433216386],[136.08822282122424,34.617969291497374],[136.08820273957585,34.6183006175452],[136.08818501418423,34.618712092328025],[136.08815765648535,34.61906117286309],[136.08842177877997,34.619042955009284],[136.08852911997207,34.6191282416843],[136.08882400496398,34.61924297659105],[136.08894243631738,34.619305295850396],[136.08922035096185,34.619173670444916],[136.0893343827737,34.61927106649752],[136.0896636880503,34.61957889862143],[136.08985868901254,34.61989739262499],[136.08982598065904,34.62012829319336],[136.08977815036383,34.6201656573302],[136.0898472276335,34.62030125950227],[136.08992392342626,34.62046249457838],[136.0898457152035,34.62072976990264]]]},"properties":{"KEY_CODE":"242080080","PREF":"24","CITY":"208","CITY_NAME":"名張市","S_NAME":"本町","SETAI":"49"}},{"type":"Feature","geometry":{"type":"Polygon","coordinates":[[[136.08626412419594,34.619935571499],[136.08579072744172,34.62005112584939],[136.08563221485443,34.619877407904845],[136.08536258840013,34.61951374200304],[136.0842870205805,34.61988517826947],[136.08381637788327,34.61908205381526],[136.08339009973886,34.619221229905605],[136.08322551655178,34.618400245103956],[136.0853008594519,34.61788455613509],[136.0874601485184,34.61793433216386],[136.0872459325663,34.61895842037141],[136.0866862293389,34.61931660510934],[136.08690312564715,34.6196958000854],[136.0868713819482,34.619715543144395],[136.0865497382384,34.61982733102385],[136.08626412419594,34.619935571499]]]},"properties":{"KEY_CODE":"242080090","PREF":"24","CITY":"208","CITY_NAME":"名張市","S_NAME":"新町","SETAI":"110"}},{"type":"Feature","geometry":{"type":"Polygon","coordinates":[[[136.08641332398713,34.623282547300796],[136.08360931974002,34.625241060462876],[136.0837673083172,34.62500373951944],[136.08279197873912,34.62421300974739],[136.08178752159927,34.624722470455495],[136.08070879605802,34.62553637965516],[136.07984861889264,34.624746397972714],[136.07952470255637,34.623908036172786],[136.07907452444766,34.622799997466714],[136.07917350772794,34.62162751950391],[136.0801863924813,34.620136672147325],[136.08176513182815,34.61918764359223],[136.08283010730347,34.618617294781615],[136.08322551655178,34.618400245103956],[136.08339009973886,34.619221229905605],[136.08381637788327,34.61908205381526],[136.0842870205805,34.61988517826947],[136.08503301687446,34.62094528867267],[136.08469729291315,34.62115920891858],[136.0855963306979,34.62207731156968],[136.0853380644636,34.622232439328535],[136.08564871748186,34.62271820958995],[136.08641332398713,34.623282547300796]]]},"properties":{"KEY_CODE":"242080100","PREF":"24","CITY":"208","CITY_NAME":"名張市","S_NAME":"南町","SETAI":"232"}},{"type":"Feature","geometry":{"type":"Polygon","coordinates":[[[136.08536258840013,34.61951374200304],[136.08563221485443,34.619877407904845],[136.08579072744172,34.62005112584939],[136.08662082219166,34.62125747824151],[136.08601169767448,34.62182445597903],[136.08570854560662,34.62200804409965],[136.0855963306979,34.62207731156968],[136.08469729291315,34.62115920891858],[136.08503301687446,34.62094528867267],[136.0842870205805,34.61988517826947],[136.08536258840013,34.61951374200304]]]},"properties":{"KEY_CODE":"242080110","PREF":"24","CITY":"208","CITY_NAME":"名張市","S_NAME":"豊後町","SETAI":"85"}},{"type":"Feature","geometry":{"type":"Polygon","coordinates":[[[136.08831089732095,34.622665358819695],[136.0878498128886,34.62304404748379],[136.08816622645034,34.62330864924867],[136.0872943346749,34.62394019364213],[136.08641332398713,34.623282547300796],[136.08564871748186,34.62271820958995],[136.0853380644636,34.622232439328535],[136.0855963306979,34.62207731156968],[136.08570854560662,34.62200804409965],[136.08601169767448,34.62182445597903],[136.08611803700242,34.62178127863876],[136.08706939626424,34.62272370462469],[136.08786161920924,34.62216504518857],[136.08816527562294,34.62245106732884],[136.08816368395514,34.62254389756312],[136.08831089732095,34.622665358819695]]]},"properties":{"KEY_CODE":"242080120","PREF":"24","CITY":"208","CITY_NAME":"名張市","S_NAME":"木屋町","SETAI":"52"}},{"type":"Feature","geometry":{"type":"Polygon","coordinates":[[[136.08841040528108,34.621320314549685],[136.08829926567688,34.62139589669458],[136.08848827221055,34.62169622707822],[136.08786161920924,34.62216504518857],[136.08706939626424,34.62272370462469],[136.08611803700242,34.62178127863876],[136.08662082219166,34.62125747824151],[136.08579072744172,34.62005112584939],[136.08626412419594,34.619935571499],[136.0865497382384,34.61982733102385],[136.0868713819482,34.619715543144395],[136.08700951626307,34.61986532579931],[136.08723512027106,34.61998293040345],[136.08825194494804,34.61992305134189],[136.08805754615923,34.62013673938288],[136.08820065798108,34.62023848317713],[136.08852267186674,34.620471386626335],[136.08869760633453,34.620605928660574],[136.08828874267243,34.620865549443074],[136.08814205169932,34.621118506099435],[136.08823354587184,34.621230145772124],[136.08841040528108,34.621320314549685]]]},"properties":{"KEY_CODE":"242080130","PREF":"24","CITY":"208","CITY_NAME":"名張市","S_NAME":"元町","SETAI":"65"}},{"type":"Feature","geometry":{"type":"Polygon","coordinates":[[[136.08921450818622,34.62287164580248],[136.08867809002865,34.62317023801097],[136.08845869405303,34.62306897148541],[136.08851556434993,34.6230163892413],[136.0887158194575,34.62284706816317],[136.08857423353865,34.62273025136336],[136.08858589948,34.62261966504215],[136.08848469182882,34.622593817866175],[136.08831089732095,34.622665358819695],[136.08816368395514,34.62254389756312],[136.08816527562294,34.62245106732884],[136.08786161920924,34.62216504518857],[136.08848827221055,34.62169622707822],[136.0894298675297,34.62183684143146],[136.08945480776143,34.621934443161116],[136.08931021029855,34.62228600317331],[136.08925170354001,34.62246621073037],[136.08941544145762,34.622697393354656],[136.08921450818622,34.62287164580248]]]},"properties":{"KEY_CODE":"242080140","PREF":"24","CITY":"208","CITY_NAME":"名張市","S_NAME":"榊町","SETAI":"22"}},{"type":"Feature","geometry":{"type":"Polygon","coordinates":[[[136.09446366435708,34.62128079470447],[136.09533138437837,34.62237014395752],[136.09555689512206,34.62309542318319],[136.09493640282395,34.62403687330128],[136.09498986772428,34.624682133050605],[136.09541349071358,34.62484000007946],[136.09504489212918,34.62583239196386],[136.09461125871698,34.62629095320736],[136.09391099869762,34.62572365821152],[136.0936021354534,34.625926876903115],[136.0916017162101,34.62395034391502],[136.09108104761228,34.62432683423111],[136.09141190655166,34.62355690849358],[136.09132046741468,34.62307493671321],[136.09196280307415,34.6227971019775],[136.0937967069579,34.62149160998188],[136.09391374812853,34.621402073260604],[136.09446366435708,34.62128079470447]]]},"properties":{"KEY_CODE":"242080150","PREF":"24","CITY":"208","CITY_NAME":"名張市","S_NAME":"栄町","SETAI":"416"}},{"type":"Feature","geometry":{"type":"Polygon","coordinates":[[[136.08954864793526,34.625648829461426],[136.0894769695847,34.625594225522185],[136.0890780861163,34.625405893628994],[136.08866852338272,34.62505289758244],[136.08874248189076,34.62475646631122],[136.0880848076206,34.624509856934935],[136.0872943346749,34.62394019364213],[136.08816622645034,34.62330864924867],[136.0878498128886,34.62304404748379],[136.08831089732095,34.622665358819695],[136.08848469182882,34.622593817866175],[136.08858589948,34.62261966504215],[136.08857423353865,34.62273025136336],[136.0887158194575,34.62284706816317],[136.08851556434993,34.6230163892413],[136.08845869405303,34.62306897148541],[136.08867809002865,34.62317023801097],[136.08921450818622,34.62287164580248],[136.08988150716183,34.62252280819797],[136.09047440623073,34.62333530800607],[136.09141190655166,34.62355690849358],[136.09108104761228,34.62432683423111],[136.08954864793526,34.625648829461426]]]},"properties":{"KEY_CODE":"242080160","PREF":"24","CITY":"208","CITY_NAME":"名張市","S_NAME":"松崎町","SETAI":"158"}},{"type":"Feature","geometry":{"type":"Polygon","coordinates":[[[136.08866852338272,34.62505289758244],[136.0890780861163,34.625405893628994],[136.0894769695847,34.625594225522185],[136.08991250462532,34.625953257909416],[136.08948706698018,34.62631009106893],[136.09024871125368,34.626997383095656],[136.08998739838276,34.627207318920526],[136.09124414542867,34.62867308736449],[136.09036218483442,34.62899701475479],[136.09023899050376,34.62966860781084],[136.08686685943277,34.6289106121498],[136.08422676566187,34.628236688254916],[136.08395137701453,34.62807671166191],[136.0834832071455,34.627804592029484],[136.08131992634162,34.62603535016757],[136.08070879605802,34.62553637965516],[136.08178752159927,34.624722470455495],[136.08279197873912,34.62421300974739],[136.0837673083172,34.62500373951944],[136.08360931974002,34.625241060462876],[136.08641332398713,34.623282547300796],[136.0872943346749,34.62394019364213],[136.0880848076206,34.624509856934935],[136.08874248189076,34.62475646631122],[136.08866852338272,34.62505289758244]]]},"properties":{"KEY_CODE":"242080170","PREF":"24","CITY":"208","CITY_NAME":"名張市","S_NAME":"朝日町","SETAI":"430"}},{"type":"Feature","geometry":{"type":"Polygon","coordinates":[[[136.0936021354534,34.625926876903115],[136.0921114798961,34.626997570660684],[136.09173503559848,34.62728239429695],[136.0912233751226,34.62690652081178],[136.08991250462532,34.625953257909416],[136.08954864793526,34.625648829461426],[136.09108104761228,34.62432683423111],[136.0916017162101,34.62395034391502],[136.0936021354534,34.625926876903115]]]},"properties":{"KEY_CODE":"242080180","PREF":"24","CITY":"208","CITY_NAME":"名張市","S_NAME":"上八町","SETAI":"134"}},{"type":"Feature","geometry":{"type":"Polygon","coordinates":[[[136.09934058940203,34.628172740090136],[136.09910786895975,34.628263501843826],[136.10051348618086,34.629756793323544],[136.10084576288872,34.62990626110723],[136.1000270940563,34.6310539770991],[136.10226719622898,34.63347301337948],[136.1014389830169,34.63288742796687],[136.1008784755266,34.6333693577045],[136.0999875580556,34.632654781396894],[136.09879550797177,34.63185676368668],[136.09814224141005,34.6315537219556],[136.096974607855,34.63105556171868],[136.09674952626165,34.630985164313515],[136.09529282590285,34.63053735558767],[136.0921827925625,34.62993257414003],[136.09023899050376,34.62966860781084],[136.09036218483442,34.62899701475479],[136.09124414542867,34.62867308736449],[136.08998739838276,34.627207318920526],[136.09024871125368,34.626997383095656],[136.08948706698018,34.62631009106893],[136.08991250462532,34.625953257909416],[136.0912233751226,34.62690652081178],[136.0917350355985,34.62728239429695],[136.0921114798961,34.626997570660684],[136.0936021354534,34.625926876903115],[136.09391099869762,34.62572365821152],[136.09461125871698,34.62629095320736],[136.09504489212918,34.62583239196386],[136.09583185291035,34.626235364746655],[136.09755370081456,34.625930604972794],[136.0977809761487,34.6264586679267],[136.09934058940203,34.628172740090136]]]},"properties":{"KEY_CODE":"242080190","PREF":"24","CITY":"208","CITY_NAME":"名張市","S_NAME":"東町","SETAI":"559"}},{"type":"Feature","geometry":{"type":"Polygon","coordinates":[[[136.08142123467917,34.62844308072683],[136.07100508994571,34.62930914102843],[136.07010456784988,34.62913118005857],[136.06936811823243,34.628450926781234],[136.06921837674395,34.62724068958744],[136.06852366328832,34.62630192439449],[136.068724359009,34.62470396936086],[136.069227347568,34.6243822336265],[136.06915064423842,34.623859100607156],[136.07151222379005,34.623474052064985],[136.0731885631552,34.6234691424369],[136.07558135540953,34.6238317243719],[136.07602965850072,34.62376961535749],[136.0771785952621,34.62346323855971],[136.07776478508205,34.62323707214963],[136.07907452444766,34.622799997466714],[136.07952470255637,34.623908036172786],[136.07984861889264,34.624746397972714],[136.08070879605802,34.62553637965516],[136.08131992634162,34.62603535016757],[136.0834832071455,34.627804592029484],[136.08395137701453,34.62807671166191],[136.08142123467917,34.62844308072683]]]},"properties":{"KEY_CODE":"242080200","PREF":"24","CITY":"208","CITY_NAME":"名張市","S_NAME":"大谷","SETAI":"0"}},{"type":"Feature","geometry":{"type":"Polygon","coordinates":[[[136.111663237354,34.62892440724542],[136.1126097881578,34.629988575878535],[136.11294780710028,34.63090231067245],[136.11189333360412,34.631121775310106],[136.11131507689123,34.63170815671642],[136.1102060439303,34.63103417277467],[136.10958979917683,34.63163818620239],[136.10914663397634,34.63167802028823],[136.1063653554593,34.62973190608149],[136.10600906378352,34.63007943563717],[136.10512220448655,34.629373767393425],[136.1049233705336,34.62848861565764],[136.1035361616901,34.62866501328006],[136.10305692201797,34.62828001128733],[136.10468869817876,34.628456415927204],[136.1051033341768,34.62821363972348],[136.1067492878511,34.62714785527748],[136.10780853720797,34.6268464725005],[136.10892432660657,34.626177370411206],[136.111663237354,34.62892440724542]]]},"properties":{"KEY_CODE":"242080210","PREF":"24","CITY":"208","CITY_NAME":"名張市","S_NAME":"鴻之台一番町","SETAI":"302"}},{"type":"Feature","geometry":{"type":"Polygon","coordinates":[[[136.1067963259296,34.62401073785286],[136.10892432660657,34.626177370411206],[136.10780853720797,34.6268464725005],[136.1067492878511,34.62714785527748],[136.10397371185528,34.624391788455235],[136.10438849981028,34.62403857091502],[136.10543757645559,34.62358987032035],[136.1056501996719,34.62427993009685],[136.10595639905657,34.624171059801014],[136.1067963259296,34.62401073785286]]]},"properties":{"KEY_CODE":"242080220","PREF":"24","CITY":"208","CITY_NAME":"名張市","S_NAME":"鴻之台二番町","SETAI":"257"}},{"type":"Feature","geometry":{"type":"Polygon","coordinates":[[[136.10397371185528,34.624391788455235],[136.1067492878511,34.62714785527748],[136.1051033341768,34.62821363972348],[136.10222399256298,34.62575512997916],[136.1023862096495,34.625732316270515],[136.10288556229347,34.62530733450309],[136.10294699580754,34.62514866977538],[136.10342376582173,34.62486273926442],[136.10397371185528,34.624391788455235]]]},"properties":{"KEY_CODE":"242080230","PREF":"24","CITY":"208","CITY_NAME":"名張市","S_NAME":"鴻之台三番町","SETAI":"269"}},{"type":"Feature","geometry":{"type":"Polygon","coordinates":[[[136.10222399256298,34.62575512997916],[136.1051033341768,34.62821363972348],[136.10468869817876,34.628456415927204],[136.10305692201797,34.62828001128733],[136.1021834748157,34.62820170855764],[136.1016095327091,34.62788607806692],[136.10126536913802,34.627510671033626],[136.10070311403214,34.626911184394004],[136.10222399256298,34.62575512997916]]]},"properties":{"KEY_CODE":"242080240","PREF":"24","CITY":"208","CITY_NAME":"名張市","S_NAME":"鴻之台四番町","SETAI":"224"}},{"type":"Feature","geometry":{"type":"Polygon","coordinates":[[[136.1021834748157,34.62820170855764],[136.10305692201797,34.62828001128732],[136.10263009626567,34.629219638567086],[136.1018877353095,34.62902290248073],[136.10154835986103,34.62901627780282],[136.10108488428284,34.62878451348026],[136.1009606238992,34.62843076593783],[136.1005632539696,34.62799065097656],[136.10096284298754,34.62769981722477],[136.10126536913802,34.627510671033626],[136.1016095327091,34.62788607806692],[136.1021834748157,34.62820170855764]]]},"properties":{"KEY_CODE":"242080250","PREF":"24","CITY":"208","CITY_NAME":"名張市","S_NAME":"鴻之台五番町","SETAI":"59"}},{"type":"Feature","geometry":{"type":"Polygon","coordinates":[[[136.10616124231962,34.64526746078629],[136.10596507659838,34.64551076028047],[136.1052463523833,34.645406167241234],[136.10661148013915,34.64474333797953],[136.10676589930466,34.644001283750576],[136.10632425994584,34.64390842242851],[136.10605761593027,34.64295615000211],[136.10565032434098,34.642784232904994],[136.10601104494003,34.64246261101244],[136.1059168776328,34.64155131668575],[136.10619413031017,34.64067899864733],[136.10550341574003,34.64052620208739],[136.1044235014282,34.63972464450928],[136.10323902188816,34.63984876850662],[136.10350795419362,34.63920818041766],[136.10289479216675,34.63892697519187],[136.1018571023611,34.6390971635106],[136.1002061175099,34.63886146161343],[136.09933522749887,34.641389403547585],[136.09859263915675,34.64114392030189],[136.09778854094802,34.64080255458234],[136.0982827968957,34.64007572341136],[136.09840347564827,34.63994011398845],[136.09945401122363,34.63786321711425],[136.1005554499511,34.6368938795295],[136.10127600149264,34.63678622873157],[136.10256455587648,34.63710449113481],[136.1036679358899,34.63772955245791],[136.10629806541542,34.63758994836595],[136.10808994706622,34.638326771234944],[136.1086930073641,34.63813311466502],[136.1105085410306,34.63811231894816],[136.1111152733941,34.63838108965372],[136.111653911483,34.63938113120089],[136.11041214701464,34.640259695534425],[136.10902213170252,34.64163251770611],[136.10753645698395,34.6441342780883],[136.1069159624781,34.64519072796521],[136.1067470694365,34.645172564576754],[136.1064318477746,34.645273841959636],[136.10616124231962,34.64526746078629]]]},"properties":{"KEY_CODE":"242080260","PREF":"24","CITY":"208","CITY_NAME":"名張市","S_NAME":"蔵持町里","SETAI":"84"}},{"type":"Feature","geometry":{"type":"Polygon","coordinates":[[[136.1132330187358,34.639053850884345],[136.1121250040603,34.63914644371141],[136.1111152733941,34.63838108965372],[136.1105085410306,34.63811231894816],[136.1086930073641,34.63813311466502],[136.10808994706622,34.638326771234944],[136.10629806541542,34.63758994836595],[136.1036679358899,34.63772955245791],[136.10256455587648,34.63710449113481],[136.10127600149264,34.63678622873157],[136.1005554499511,34.6368938795295],[136.1006092982508,34.63610781876033],[136.1019656769461,34.63570988659533],[136.1039406318293,34.63544889820403],[136.1050024756377,34.63573788683351],[136.10529704208247,34.63510431760708],[136.10527700319386,34.63386841046187],[136.10616702085326,34.63332983308325],[136.10805379631088,34.63275967268984],[136.10914663397634,34.63167802028823],[136.10958979917683,34.63163818620239],[136.1102060439303,34.63103417277467],[136.11131507689123,34.63170815671642],[136.11189333360412,34.631121775310106],[136.11294780710028,34.63090231067245],[136.1126097881578,34.629988575878535],[136.111663237354,34.62892440724542],[136.1148459378988,34.626751237221875],[136.11666391878344,34.625434220644806],[136.1169747761872,34.62571395758991],[136.1175225844789,34.62725321769235],[136.1173035481251,34.62867165507651],[136.11629772119986,34.62932694305002],[136.11468922786284,34.62956965084873],[136.115466861852,34.630607059615855],[136.11670898135347,34.63035329015235],[136.11749340612067,34.62989176292867],[136.11840100007743,34.62901301280978],[136.11890473979696,34.62793082157516],[136.11999392387193,34.62846008793776],[136.12040920946427,34.62936950581131],[136.1225503865353,34.629907829129166],[136.12295637941253,34.63087951358823],[136.12397750940076,34.63107680082244],[136.12463115876594,34.63145082221898],[136.125480722666,34.632900551701624],[136.12431493855885,34.632227447726],[136.12304272627705,34.63250344020863],[136.12100449898634,34.6335378925775],[136.12016151726144,34.63414867404916],[136.1187917526923,34.635642613851324],[136.11886844302606,34.6361137246729],[136.1195071017611,34.636659500383914],[136.12059233419242,34.63696409299384],[136.12225544369034,34.6365718113688],[136.1225434005267,34.63725287027529],[136.12222214722348,34.638039702906894],[136.12208950180454,34.638517148313724],[136.12034711545573,34.63913460250879],[136.1196260808312,34.6383181761197],[136.11923614125277,34.638629865852735],[136.11859184921286,34.6382852460022],[136.1170645370388,34.63829236810758],[136.1161871998492,34.63781202992143],[136.11633654505584,34.638436608680365],[136.11399064404117,34.63869830974144],[136.1132330187358,34.639053850884345]]]},"properties":{"KEY_CODE":"242080270","PREF":"24","CITY":"208","CITY_NAME":"名張市","S_NAME":"蔵持町原出","SETAI":"403"}},{"type":"Feature","geometry":{"type":"Polygon","coordinates":[[[136.10914663397634,34.63167802028823],[136.10805379631088,34.63275967268984],[136.10616702085326,34.63332983308325],[136.10527700319386,34.63386841046187],[136.10529704208247,34.63510431760708],[136.1050024756377,34.63573788683351],[136.1039406318293,34.63544889820403],[136.1019656769461,34.63570988659533],[136.1006092982508,34.63610781876033],[136.1008843625902,34.63392548083727],[136.10091873618262,34.63362231501377],[136.1014389830169,34.632887427966836],[136.10226719622898,34.63347301337948],[136.1000270940563,34.6310539770991],[136.10084576288872,34.62990626110723],[136.10051348618086,34.629756793323544],[136.09910786895975,34.628263501843826],[136.09934058940203,34.628172740090136],[136.1015611253832,34.62967099931172],[136.10154835986103,34.62901627780282],[136.1018877353095,34.62902290248073],[136.10263009626567,34.629219638567086],[136.10305692201797,34.62828001128733],[136.1035361616901,34.62866501328006],[136.1049233705336,34.62848861565764],[136.10512220448655,34.629373767393425],[136.10600906378352,34.63007943563717],[136.1063653554593,34.62973190608149],[136.10914663397634,34.63167802028823]]]},"properties":{"KEY_CODE":"242080280","PREF":"24","CITY":"208","CITY_NAME":"名張市","S_NAME":"蔵持町芝出","SETAI":"140"}},{"type":"Feature","geometry":{"type":"Polygon","coordinates":[[[136.10565032434098,34.642784232904994],[136.10511982710926,34.64262932310814],[136.10346841627725,34.64506836939422],[136.1032302852002,34.64497264607065],[136.10376226826682,34.64415363855744],[136.10270693755783,34.64406706574733],[136.10323902188816,34.63984876850662],[136.1044235014282,34.63972464450928],[136.10550341574003,34.64052620208739],[136.10619413031017,34.64067899864733],[136.1059168776328,34.64155131668575],[136.10601104494003,34.64246261101244],[136.10565032434098,34.642784232904994]]]},"properties":{"KEY_CODE":"242080290","PREF":"24","CITY":"208","CITY_NAME":"名張市","S_NAME":"緑が丘東","SETAI":"280"}},{"type":"Feature","geometry":{"type":"Polygon","coordinates":[[[136.1026345848829,34.64488412969535],[136.1017685402924,34.644921912135],[136.10157487559692,34.64475825113004],[136.10138889132816,34.64443033950556],[136.10098260331915,34.64393484323407],[136.10147162827062,34.639727143422206],[136.10086733659003,34.63963129591252],[136.1002061175099,34.63886146161343],[136.1018571023611,34.6390971635106],[136.10289479216675,34.63892697519187],[136.10350795419362,34.63920818041766],[136.10323902188816,34.63984876850662],[136.10270693755783,34.64406706574733],[136.10376226826682,34.64415363855744],[136.1032302852002,34.64497264607065],[136.10283312803747,34.644898187557175],[136.1026345848829,34.64488412969535]]]},"properties":{"KEY_CODE":"242080300","PREF":"24","CITY":"208","CITY_NAME":"名張市","S_NAME":"緑が丘中","SETAI":"302"}},{"type":"Feature","geometry":{"type":"Polygon","coordinates":[[[136.10138889132816,34.64443033950556],[136.10119658339195,34.644214699245566],[136.10089468768655,34.64416931254832],[136.10015242200342,34.64445095218104],[136.09832808113273,34.643345548783664],[136.0982668410491,34.643269814650175],[136.0982605257301,34.643100078811656],[136.09860297173216,34.64258494485427],[136.09933522749887,34.641389403547585],[136.1002061175099,34.63886146161343],[136.10086733659003,34.63963129591252],[136.10147162827062,34.639727143422206],[136.10098260331915,34.64393484323407],[136.10138889132816,34.64443033950556]]]},"properties":{"KEY_CODE":"242080310","PREF":"24","CITY":"208","CITY_NAME":"名張市","S_NAME":"緑が丘西","SETAI":"280"}},{"type":"Feature","geometry":{"type":"Polygon","coordinates":[[[136.09455938190027,34.63507445400543],[136.09430071489192,34.63531214826123],[136.0940293946693,34.634443503177884],[136.09334467795736,34.634155530863126],[136.09223734565447,34.63462177725837],[136.09121220502485,34.633812141738396],[136.09024218633647,34.63304823707892],[136.08933327387476,34.63277124982476],[136.08914603724747,34.63276222819993],[136.08872733430474,34.63257123334517],[136.08815467966576,34.63260812525675],[136.08721281930727,34.632394815825414],[136.08612236841375,34.63226809318046],[136.0852350906105,34.63222714941561],[136.08488875510167,34.63215061462514],[136.0841394957229,34.6318324861159],[136.08337928792218,34.63159634311466],[136.0831257693659,34.63139620078013],[136.0824281833151,34.63077967121544],[136.08202882386294,34.63032719148555],[136.08142123467925,34.628443080726846],[136.08395137701453,34.62807671166191],[136.08422676566187,34.628236688254916],[136.08686685943277,34.6289106121498],[136.09023899050376,34.62966860781084],[136.0921827925625,34.62993257414003],[136.09529282590285,34.63053735558767],[136.09674952626165,34.630985164313515],[136.09609076077376,34.632184289449356],[136.0959259623771,34.6326627919326],[136.09611081833123,34.633025374110396],[136.09645818330435,34.63371547945077],[136.096171811195,34.634116179011066],[136.09623757383744,34.635115699898876],[136.09481961842513,34.6352175143286],[136.09455938190027,34.63507445400543]]]},"properties":{"KEY_CODE":"242080320","PREF":"24","CITY":"208","CITY_NAME":"名張市","S_NAME":"大屋戸","SETAI":"103"}},{"type":"Feature","geometry":{"type":"Polygon","coordinates":[[[136.09919547034906,34.63836049637046],[136.0982296686829,34.63796689742563],[136.0978901265482,34.63860725463534],[136.09714409191642,34.638615064956745],[136.0972064433623,34.63783609422369],[136.09474783823217,34.6382075627276],[136.09485122321868,34.63781516849881],[136.0947735603724,34.63731445524129],[136.09396780578166,34.63646410897336],[136.09388535972272,34.636185120408584],[136.09399566499806,34.635883586742786],[136.09430071489192,34.63531214826123],[136.09455938190027,34.63507445400543],[136.09481961842513,34.6352175143286],[136.09623757383744,34.635115699898876],[136.096171811195,34.634116179011066],[136.09645818330435,34.63371547945077],[136.09611081833123,34.633025374110396],[136.0959259623771,34.6326627919326],[136.09609076077376,34.632184289449356],[136.09674952626165,34.630985164313515],[136.096974607855,34.63105556171868],[136.09814224141005,34.6315537219556],[136.09879550797177,34.63185676368668],[136.0999875580556,34.632654781396894],[136.1008784755266,34.6333693577045],[136.10091873618262,34.63362231501377],[136.1008843625902,34.63392548083727],[136.1006092982508,34.63610781876033],[136.1005554499511,34.6368938795295],[136.09945401122363,34.63786321711425],[136.09919547034906,34.63836049637046]]]},"properties":{"KEY_CODE":"242080330","PREF":"24","CITY":"208","CITY_NAME":"名張市","S_NAME":"松原町","SETAI":"19"}},{"type":"Feature","geometry":{"type":"Polygon","coordinates":[[[136.10278804266557,34.64541265746467],[136.1009543234397,34.645660016959944],[136.10046431365177,34.64580622063165],[136.09976530949146,34.64619361602834],[136.09946284254923,34.64656715525231],[136.09878033773515,34.64694101022985],[136.09879999336198,34.647257232846016],[136.09953405518243,34.64854947412236],[136.09931939008308,34.6486634709752],[136.0974076753144,34.649819572317824],[136.0964945244532,34.64922107332648],[136.09543605043788,34.64837518053427],[136.09481861232092,34.64789320646029],[136.09299334160914,34.64593279943934],[136.09210068803262,34.64556019143192],[136.09040335201277,34.64465105789539],[136.08721929014277,34.64399794629646],[136.08791809891028,34.64337382537631],[136.08812656656607,34.6426089129434],[136.08862362427743,34.64199000784135],[136.0887228321549,34.6419144314301],[136.0907683077444,34.64090446866466],[136.09123084600972,34.64083129667097],[136.09192974113054,34.64092619951388],[136.09263080209985,34.64064004904474],[136.0929920968169,34.64053410017551],[136.09311934051516,34.64055192396674],[136.0932212427698,34.64056051003641],[136.09336585193384,34.64055358864181],[136.093417194035,34.640536880056246],[136.09346531592615,34.64051180511869],[136.09356138610568,34.640445814106684],[136.09363832661666,34.640365861273224],[136.09376785299034,34.6401415280671],[136.09380705381875,34.640065521355474],[136.09395283716154,34.63974960043356],[136.0939560595911,34.639689467480345],[136.0939295637849,34.639406407126984],[136.09400889625235,34.63924726340679],[136.0940649078292,34.63915880811908],[136.0942137418216,34.638999202762875],[136.094256116891,34.638970820684605],[136.09445465480016,34.63884074256539],[136.09451043736127,34.63875712958156],[136.09466257831286,34.63848718104742],[136.09468432400575,34.63842676151061],[136.09469768348643,34.63839790207021],[136.09474783823217,34.6382075627276],[136.0972064433623,34.63783609422369],[136.09714409191642,34.638615064956745],[136.0978901265482,34.63860725463534],[136.0982296686829,34.63796689742563],[136.09919547034906,34.63836049637046],[136.09840347564827,34.63994011398845],[136.0982827968957,34.64007572341136],[136.09778854094802,34.64080255458234],[136.09859263915675,34.64114392030189],[136.09933522749887,34.64138940354759],[136.09860297173216,34.64258494485427],[136.0982605257301,34.643100078811656],[136.0982668410491,34.643269814650175],[136.09832808113273,34.643345548783664],[136.10015242200342,34.64445095218104],[136.10089468768652,34.64416931254832],[136.10119658339192,34.644214699245545],[136.10157487559692,34.64475825113004],[136.1017685402924,34.644921912135],[136.1026345848829,34.64488412969535],[136.10283312803747,34.644898187557175],[136.10343126438696,34.64520968667023],[136.10341844273017,34.64531323293038],[136.1034159834745,34.645471423400636],[136.10278804266557,34.64541265746467]]]},"properties":{"KEY_CODE":"242080340","PREF":"24","CITY":"208","CITY_NAME":"名張市","S_NAME":"夏秋","SETAI":"27"}},{"type":"Feature","geometry":{"type":"Polygon","coordinates":[[[136.08387731377871,34.638921754234666],[136.08239143763495,34.638919093170166],[136.08240197623857,34.63919081970136],[136.0777949642252,34.63934975035749],[136.07777076911543,34.63725478366495],[136.07734774471066,34.63630616707406],[136.07651496480224,34.63548219157807],[136.07579675018872,34.63521893016973],[136.07462710414936,34.635659145269685],[136.07339058520319,34.635670872103816],[136.07365542902212,34.634461791254026],[136.0731758431547,34.633407118795105],[136.0721649286959,34.63290213581013],[136.07213764643697,34.63211089783394],[136.07297454321065,34.63128619606472],[136.0723086688186,34.630033705968394],[136.07100508994571,34.62930914102843],[136.08142123467917,34.62844308072683],[136.08202882386294,34.63032719148551],[136.0824281833151,34.630779671215436],[136.08161595188278,34.63123985144158],[136.0816770146559,34.63150379453006],[136.08163176148764,34.63186824480185],[136.08171581703718,34.632326849636065],[136.08236305304948,34.632406434710724],[136.0824672483449,34.63248496942559],[136.08254202388144,34.63256901623562],[136.08263275221992,34.63277842415421],[136.08266005269058,34.63291124201001],[136.0827200731552,34.6329523349156],[136.08285818965032,34.632998869499296],[136.08300086604814,34.63308864723328],[136.0830315665,34.63323061949235],[136.08298295014865,34.633861871299835],[136.08249329774472,34.63430465767341],[136.08219711629923,34.634832256499635],[136.08230772680125,34.63574259946427],[136.0833771531096,34.636276045937876],[136.0837922954101,34.636866981287],[136.08387731377871,34.638921754234666]]]},"properties":{"KEY_CODE":"242080350","PREF":"24","CITY":"208","CITY_NAME":"名張市","S_NAME":"短野","SETAI":"27"}},{"type":"Feature","geometry":{"type":"Polygon","coordinates":[[[136.08434517563146,34.64606875056912],[136.0840718890101,34.64610993021637],[136.08393759837134,34.646283852446736],[136.08394058529282,34.64634667651863],[136.0819748411111,34.64557844714412],[136.08135187708817,34.64526557229875],[136.07999797520324,34.64495331291014],[136.07925362755782,34.64324056564681],[136.07863841085035,34.6418270740183],[136.0777949642252,34.63934975035749],[136.08240197623857,34.63919081970136],[136.08239143763495,34.638919093170166],[136.08387731377871,34.638921754234666],[136.08391381461198,34.6405452240357],[136.08366645697262,34.64111998952418],[136.08374467690365,34.642131080979084],[136.08379383479786,34.64250730372008],[136.08411615142268,34.64373995300776],[136.0842106100292,34.64372552050005],[136.08433489232698,34.64374078933937],[136.08447221227664,34.6438081710253],[136.08453716983732,34.643852498991606],[136.0846207381145,34.6439611909287],[136.08464304982778,34.644019494540764],[136.08558513182115,34.64464385841726],[136.08605968494652,34.6449882233698],[136.08577747365726,34.64518493263017],[136.08458486628564,34.64605407699341],[136.08434517563146,34.64606875056912]]]},"properties":{"KEY_CODE":"242080360","PREF":"24","CITY":"208","CITY_NAME":"名張市","S_NAME":"下三谷","SETAI":"20"}},{"type":"Feature","geometry":{"type":"Polygon","coordinates":[[[136.0929920968169,34.64053410017551],[136.09263080209985,34.64064004904474],[136.0921225354583,34.64076996031148],[136.09152146521438,34.63969612889281],[136.09022905877472,34.639552558180014],[136.0896477281661,34.63973836410195],[136.08965961933353,34.63663451763828],[136.09131669324498,34.63663964276496],[136.0917847245188,34.63647983690228],[136.09261894703158,34.63542301234692],[136.0928402795128,34.63623324060441],[136.0942776456808,34.63687928227764],[136.09485122321868,34.63781516849881],[136.09469768348643,34.63839790207021],[136.09468432400575,34.63842676151061],[136.09466257831286,34.63848718104742],[136.09451043736127,34.63875712958156],[136.09445465480016,34.63884074256539],[136.094256116891,34.638970820684605],[136.0942137418216,34.638999202762875],[136.0940649078292,34.63915880811908],[136.09400889625235,34.63924726340679],[136.0939295637849,34.639406407126984],[136.0939560595911,34.639689467480345],[136.09395283716154,34.63974960043356],[136.09380705381875,34.640065521355474],[136.09376785299034,34.6401415280671],[136.09363832661666,34.640365861273224],[136.09356138610568,34.640445814106684],[136.09346531592615,34.64051180511869],[136.093417194035,34.640536880056246],[136.09336585193384,34.64055358864181],[136.0932212427698,34.64056051003641],[136.09311934051516,34.64055192396674],[136.0929920968169,34.64053410017551]]]},"properties":{"KEY_CODE":"242080370","PREF":"24","CITY":"208","CITY_NAME":"名張市","S_NAME":"梅が丘北一番町","SETAI":"302"}},{"type":"Feature","geometry":{"type":"Polygon","coordinates":[[[136.08965961933353,34.63663451763828],[136.0896477281661,34.63973836410195],[136.0873444560043,34.6397338295066],[136.08734126146146,34.636648856060894],[136.08965961933353,34.63663451763828]]]},"properties":{"KEY_CODE":"242080380","PREF":"24","CITY":"208","CITY_NAME":"名張市","S_NAME":"梅が丘北二番町","SETAI":"244"}},{"type":"Feature","geometry":{"type":"Polygon","coordinates":[[[136.0873444560043,34.6397338295066],[136.08563412972126,34.63974757432997],[136.08499558918723,34.63974167929994],[136.08500544209087,34.63819297960457],[136.08501148269548,34.636634844647645],[136.08734126146146,34.636648856060894],[136.0873444560043,34.6397338295066]]]},"properties":{"KEY_CODE":"242080390","PREF":"24","CITY":"208","CITY_NAME":"名張市","S_NAME":"梅が丘北三番町","SETAI":"241"}},{"type":"Feature","geometry":{"type":"Polygon","coordinates":[[[136.08558513182115,34.64464385841726],[136.08464304982778,34.644019494540764],[136.0846207381145,34.6439611909287],[136.08453716983732,34.643852498991606],[136.08447221227664,34.6438081710253],[136.08433489232698,34.64374078933937],[136.0842106100292,34.64372552050005],[136.08411615142268,34.64373995300776],[136.08379383479786,34.64250730372008],[136.08374467690365,34.642131080979084],[136.08366645697262,34.64111998952416],[136.08391381461198,34.6405452240357],[136.08392179443587,34.64039758978066],[136.08387731377871,34.63892175423467],[136.0838713653515,34.63872454414956],[136.0837922954101,34.636866981287],[136.0833771531096,34.636276045937876],[136.08230772680125,34.63574259946427],[136.08355082828587,34.636103227266126],[136.084296947396,34.63664153238958],[136.08501148269548,34.636634844647645],[136.08500544209087,34.63819297960457],[136.08499558918717,34.639741679299924],[136.08563412972126,34.63974757432997],[136.0856278979366,34.64109849162564],[136.0856469900504,34.64227753437838],[136.08558513182115,34.64464385841726]]]},"properties":{"KEY_CODE":"242080400","PREF":"24","CITY":"208","CITY_NAME":"名張市","S_NAME":"梅が丘北四番町","SETAI":"257"}},{"type":"Feature","geometry":{"type":"Polygon","coordinates":[[[136.0907683077444,34.64090446866466],[136.0887228321549,34.6419144314301],[136.08862362427743,34.64199000784135],[136.08812656656605,34.6426089129434],[136.08791809891028,34.643373825376294],[136.08721929014277,34.64399794629646],[136.08605968494652,34.6449882233698],[136.08558513182115,34.64464385841726],[136.0856469900504,34.64227753437838],[136.0856278979366,34.64109849162564],[136.08563412972126,34.63974757432997],[136.0873444560043,34.6397338295066],[136.0896477281661,34.63973836410195],[136.09022905877472,34.639552558180014],[136.09152146521438,34.63969612889281],[136.0921225354583,34.64076996031148],[136.09123084600972,34.64083129667097],[136.0907683077444,34.64090446866466]]]},"properties":{"KEY_CODE":"242080410","PREF":"24","CITY":"208","CITY_NAME":"名張市","S_NAME":"梅が丘北五番町","SETAI":"222"}},{"type":"Feature","geometry":{"type":"Polygon","coordinates":[[[136.09430071489192,34.63531214826123],[136.09399566499806,34.635883586742786],[136.09388535972272,34.636185120408584],[136.09396780578166,34.63646410897336],[136.0942776456808,34.63687928227764],[136.0928402795128,34.63623324060441],[136.09261894703158,34.63542301234692],[136.0917847245188,34.63647983690228],[136.09131669324498,34.63663964276496],[136.08965961933353,34.63663451763828],[136.08965250945658,34.63352774635518],[136.08955345307638,34.633288910904184],[136.08956464170905,34.63284391030435],[136.09024218633647,34.63304823707889],[136.09121220502485,34.633812141738396],[136.09223734565447,34.63462177725837],[136.09334467795736,34.634155530863126],[136.0940293946693,34.634443503177884],[136.09430071489192,34.63531214826123]]]},"properties":{"KEY_CODE":"242080420","PREF":"24","CITY":"208","CITY_NAME":"名張市","S_NAME":"梅が丘南一番町","SETAI":"181"}},{"type":"Feature","geometry":{"type":"Polygon","coordinates":[[[136.08734126146146,34.636648856060894],[136.08735325379138,34.63353868455112],[136.08965250945658,34.63352774635518],[136.08965961933353,34.63663451763828],[136.08734126146146,34.636648856060894]]]},"properties":{"KEY_CODE":"242080430","PREF":"24","CITY":"208","CITY_NAME":"名張市","S_NAME":"梅が丘南二番町","SETAI":"233"}},{"type":"Feature","geometry":{"type":"Polygon","coordinates":[[[136.08735325379138,34.63353868455112],[136.08734126146146,34.636648856060894],[136.08501148269548,34.636634844647645],[136.08502358711675,34.63353720300915],[136.08735325379138,34.63353868455112]]]},"properties":{"KEY_CODE":"242080440","PREF":"24","CITY":"208","CITY_NAME":"名張市","S_NAME":"梅が丘南三番町","SETAI":"236"}},{"type":"Feature","geometry":{"type":"Polygon","coordinates":[[[136.08502358711675,34.63353720300915],[136.08501148269548,34.636634844647645],[136.084296947396,34.63664153238958],[136.08355082828587,34.636103227266126],[136.08230772680125,34.63574259946427],[136.0821971162992,34.634832256499635],[136.08249329774472,34.63430465767341],[136.08298295014865,34.633861871299835],[136.08425999606197,34.63386129214715],[136.08428247128197,34.63352827050973],[136.08502358711675,34.63353720300915]]]},"properties":{"KEY_CODE":"242080450","PREF":"24","CITY":"208","CITY_NAME":"名張市","S_NAME":"梅が丘南四番町","SETAI":"162"}},{"type":"Feature","geometry":{"type":"Polygon","coordinates":[[[136.08502358711675,34.63353720300915],[136.08428247128197,34.63352827050973],[136.08425999606197,34.63386129214715],[136.08298295014865,34.633861871299835],[136.0830315665,34.63323061949235],[136.08300086604814,34.63308864723328],[136.08285818965032,34.632998869499296],[136.0827200731552,34.6329523349156],[136.08266005269058,34.63291124201001],[136.08263275221992,34.63277842415421],[136.08254202388144,34.63256901623562],[136.0824672483449,34.63248496942559],[136.08236305304948,34.632406434710724],[136.08171581703718,34.632326849636065],[136.08163176148764,34.63186824480185],[136.0816770146559,34.63150379453006],[136.08161595188278,34.63123985144158],[136.0824281833151,34.63077967121544],[136.0831257693659,34.63139620078013],[136.08337928792218,34.63159634311466],[136.0841394957229,34.6318324861159],[136.08488875510167,34.63215061462514],[136.0852350906105,34.63222714941561],[136.08612236841375,34.63226809318046],[136.08721281930727,34.632394815825414],[136.08815467966576,34.63260812525675],[136.08872733430474,34.63257123334517],[136.08914603724747,34.63276222819993],[136.08956464170905,34.63284391030435],[136.08955345307638,34.633288910904184],[136.08965250945658,34.63352774635518],[136.08735325379138,34.63353868455112],[136.08502358711675,34.63353720300915]]]},"properties":{"KEY_CODE":"242080460","PREF":"24","CITY":"208","CITY_NAME":"名張市","S_NAME":"梅が丘南五番町","SETAI":"152"}},{"type":"Feature","geometry":{"type":"Polygon","coordinates":[[[136.0834368688286,34.664388698562746],[136.08200365670785,34.66519314882262],[136.0803453506609,34.66491661017475],[136.0785596723735,34.663907356254064],[136.07757782691047,34.66243341993312],[136.07819918965288,34.66127230559587],[136.0779115963886,34.66004371928047],[136.0778442369361,34.65872385209802],[136.0781254899989,34.65456419553306],[136.0763784533166,34.653827025029365],[136.07472617240347,34.65305610290233],[136.0740082478656,34.65255307920476],[136.07316169197392,34.65199983858987],[136.0723899173743,34.651821254827695],[136.07149638138952,34.65174359920343],[136.0689378527488,34.65180099364433],[136.06807126510907,34.65156651233766],[136.06713677014702,34.651041171387185],[136.0666349120527,34.649822098522094],[136.06651193395246,34.64839024891381],[136.06645985195584,34.64769467424292],[136.06640424088266,34.64700205968117],[136.06750860236414,34.64577393082937],[136.06721510506998,34.64460925884238],[136.0680654225466,34.64370751027019],[136.06936789670678,34.64289368166731],[136.06931386468554,34.64188256284129],[136.070111209983,34.64131060358507],[136.07019067576394,34.64093683519863],[136.07117437525798,34.64060663168703],[136.0709073776066,34.639375884724494],[136.07170443706318,34.63849626109701],[136.0713442043117,34.63707877877928],[136.07158335358076,34.636858884564894],[136.0731786838718,34.636616075962294],[136.07339058520319,34.635670872103816],[136.07462710414936,34.635659145269685],[136.07579675018874,34.63521893016971],[136.07651496480224,34.63548219157807],[136.07734774471066,34.63630616707406],[136.07777076911543,34.63725478366495],[136.0777949642252,34.63934975035749],[136.07863841085035,34.6418270740183],[136.07925362755782,34.64324056564681],[136.07999797520324,34.644953312910125],[136.08135187708817,34.64526557229875],[136.0819748411111,34.64557844714412],[136.08394058529282,34.64634667651863],[136.08402025910095,34.64687332463453],[136.0833300930631,34.64721088881805],[136.0826676676723,34.64807274007261],[136.08242482650957,34.648900778199284],[136.0824258006671,34.64988515640445],[136.08299566195612,34.650895492712465],[136.08343350575868,34.65108353256221],[136.08450110381133,34.65098968712827],[136.08761899613842,34.65170501520493],[136.08783962013092,34.65180994034858],[136.08856041182983,34.6521050850653],[136.08969199767714,34.65233568197065],[136.0897133146936,34.652214943927476],[136.08979627966323,34.652087538828084],[136.09073935231083,34.65189285480046],[136.09191677686758,34.651656990965414],[136.09339861407616,34.651281140847935],[136.09392658239196,34.651325521459135],[136.09607979946344,34.65210687852599],[136.09775253409356,34.652938869983146],[136.09803668416765,34.65283791635759],[136.09862951003186,34.65390799120388],[136.09886725979172,34.6564382818198],[136.09793492061542,34.6564121521214],[136.096953325,34.65751648934881],[136.09635712468744,34.65778588526153],[136.09584225225206,34.65804394425371],[136.09548992257098,34.65817861292073],[136.09432482052324,34.65890781743215],[136.0942302597666,34.65919920085288],[136.09362040123216,34.65939013461291],[136.09358041990765,34.66000630798937],[136.09358066132762,34.66021915546379],[136.09326865772158,34.660062478078174],[136.09326850576002,34.65992809432042],[136.09295615940854,34.65946898001902],[136.09286129218012,34.65950272079684],[136.09238711216025,34.659794401385135],[136.09226504161174,34.659749702934576],[136.09210206091365,34.65949218767355],[136.09208828913384,34.65930160756458],[136.09173578317169,34.65927962635558],[136.09133607820726,34.65949827600796],[136.0911467689022,34.65994665625926],[136.09059153638523,34.66051843333059],[136.08999478423456,34.660317171635356],[136.08853132359002,34.66102401586418],[136.08724363976393,34.66130516072208],[136.08702715296292,34.66171988595279],[136.08601118051126,34.66257200710978],[136.0852660707149,34.663155015939715],[136.08456172004207,34.66382771710057],[136.08435848942287,34.66399590595901],[136.0834368688286,34.664388698562746]]]},"properties":{"KEY_CODE":"242080470","PREF":"24","CITY":"208","CITY_NAME":"名張市","S_NAME":"薦生","SETAI":"53"}},{"type":"Feature","geometry":{"type":"Polygon","coordinates":[[[136.104299216185,34.65304539739026],[136.10433268826603,34.65440598240254],[136.1041519130164,34.65492339899161],[136.1036852274409,34.65530977935192],[136.10314132344425,34.65561015510164],[136.10269780352914,34.65639769431726],[136.10147341300166,34.65660117169642],[136.09971393820882,34.65692496341198],[136.09948086374754,34.65679176111769],[136.09886725979172,34.6564382818198],[136.09862951003186,34.65390799120388],[136.09803668416765,34.65283791635759],[136.09775253409353,34.652938869983146],[136.09607979946338,34.65210687852599],[136.09392658239196,34.651325521459135],[136.09339861407616,34.651281140847935],[136.09191677686758,34.651656990965414],[136.09073935231083,34.65189285480046],[136.08979627966323,34.652087538828084],[136.0897133146936,34.652214943927476],[136.08969199767714,34.65233568197065],[136.08856041182983,34.6521050850653],[136.08783962013092,34.65180994034858],[136.08761899613842,34.65170501520493],[136.08450110381133,34.65098968712827],[136.08343350575868,34.65108353256221],[136.08299566195612,34.650895492712465],[136.0824258006671,34.64988515640445],[136.08242482650957,34.648900778199284],[136.0826676676723,34.64807274007261],[136.0833300930631,34.64721088881805],[136.08402025910095,34.64687332463453],[136.08394058529282,34.64634667651863],[136.08393759837134,34.646283852446736],[136.0840718890101,34.64610993021637],[136.08434517563146,34.64606875056912],[136.08458486628564,34.64605407699341],[136.08577747365726,34.64518493263017],[136.08605968494652,34.6449882233698],[136.08721929014277,34.64399794629646],[136.09040335201277,34.64465105789539],[136.09210068803262,34.64556019143192],[136.09299334160914,34.64593279943934],[136.09481861232092,34.6478932064603],[136.09543605043788,34.64837518053427],[136.0964945244532,34.64922107332648],[136.0974076753144,34.64981957231783],[136.09931939008308,34.6486634709752],[136.09953405518243,34.64854947412236],[136.09879999336198,34.647257232846016],[136.09878033773515,34.64694101022985],[136.09946284254923,34.64656715525231],[136.09976530949146,34.64619361602834],[136.10046431365177,34.64580622063165],[136.1009543234397,34.645660016959944],[136.10278804266557,34.64541265746467],[136.1034159834745,34.645471423400636],[136.10435047376237,34.64548185507374],[136.1043103809304,34.64621665674552],[136.10488550490197,34.6462156893262],[136.10456964371954,34.64775267903037],[136.1051485056157,34.647990371157086],[136.10533396156399,34.64808162649681],[136.1054260115243,34.648089997148105],[136.10465014841049,34.64889336925502],[136.10409662280705,34.65018142105528],[136.1039972992296,34.650969210958735],[136.104299216185,34.65304539739026]]]},"properties":{"KEY_CODE":"242080480","PREF":"24","CITY":"208","CITY_NAME":"名張市","S_NAME":"八幡","SETAI":"42"}},{"type":"Feature","geometry":{"type":"Polygon","coordinates":[[[136.09898637861488,34.6739574302415],[136.09869485824623,34.6734814111399],[136.0989241309606,34.67205638921002],[136.09900011687643,34.67121847048103],[136.09913740394092,34.66963223323544],[136.0991799101507,34.66802649047316],[136.0991695192257,34.66675337225972],[136.09871121137814,34.66560951487934],[136.09813874306073,34.66399934831929],[136.09681769315972,34.66200439179302],[136.09686000364954,34.66149865481009],[136.09690539642696,34.6598496630498],[136.096953325,34.65751648934881],[136.09793492061542,34.6564121521214],[136.09886725979172,34.6564382818198],[136.09948086374754,34.65679176111769],[136.09971393820882,34.65692496341198],[136.10147341300166,34.65660117169642],[136.10269780352914,34.65639769431726],[136.10314132344425,34.65561015510164],[136.1036852274409,34.65530977935192],[136.1041519130164,34.65492339899161],[136.10433268826603,34.65440598240254],[136.104299216185,34.65304539739026],[136.1039972992296,34.650969210958735],[136.10409662280702,34.65018142105528],[136.10434027124387,34.6507504315438],[136.1048828658314,34.65071332984095],[136.10499256084606,34.65072196702291],[136.10540854808823,34.651525920784636],[136.10565452564404,34.6522984713967],[136.10705981422097,34.65226481126547],[136.10677474299777,34.65336914534025],[136.10717966653124,34.654778844556645],[136.10799101868,34.65484502009669],[136.10874575404978,34.654270299974385],[136.10987022708252,34.655314778136805],[136.11027508948402,34.654959010203484],[136.1104894686632,34.65676302793596],[136.11112431228506,34.65875471684168],[136.11072415685393,34.659467298226964],[136.1103674963102,34.66078640722925],[136.1105610606361,34.661946259981484],[136.110407306978,34.66504584749462],[136.11053603226597,34.66558172118899],[136.1107069144435,34.665715527113456],[136.11063016640568,34.665764899267906],[136.11041693244877,34.66586383982514],[136.11028292810335,34.6667816956099],[136.110448332731,34.66701693102004],[136.111840904633,34.67006494856319],[136.1114131357076,34.66973931467565],[136.11082635340549,34.6700116208431],[136.10964214256182,34.67056642856844],[136.1095904717218,34.670593826998775],[136.10888527168504,34.670439531096655],[136.10885462215614,34.670737064079816],[136.1079109122675,34.67061479934816],[136.1071722178316,34.67062574356192],[136.10618150280618,34.67016233537666],[136.10571516061202,34.669547310939244],[136.1055847162134,34.66948600887889],[136.10491982277148,34.668942855664774],[136.10443022952765,34.66956900240935],[136.10393427695797,34.67009260164787],[136.1036111541193,34.669831296519625],[136.1034062972789,34.66981611952896],[136.10299213686918,34.67021948670111],[136.10261801057374,34.670629016370995],[136.10265571740229,34.67083534957664],[136.10220419977244,34.67136749531753],[136.10126593579272,34.67142984744652],[136.10098715076947,34.671826895607],[136.10074299507352,34.67315614817601],[136.10063216003448,34.67388844986071],[136.1004758614374,34.67396253390235],[136.09898637861488,34.6739574302415]]]},"properties":{"KEY_CODE":"242080490","PREF":"24","CITY":"208","CITY_NAME":"名張市","S_NAME":"西田原","SETAI":"115"}},{"type":"Feature","geometry":{"type":"Polygon","coordinates":[[[136.09785481266854,34.67432770020809],[136.0968663244128,34.6746067072774],[136.09526205667993,34.67427894279438],[136.09414351344753,34.67474087600404],[136.09291197164916,34.6749282036461],[136.0919877404356,34.67574508020451],[136.09041554391086,34.67601039943144],[136.0885357957682,34.675394831933104],[136.0875559604157,34.675728977480716],[136.0864990389333,34.67554367139116],[136.08586226047325,34.675102527660954],[136.0853777126942,34.67417769257293],[136.08415400353786,34.673961208416166],[136.08489853317323,34.6718474699581],[136.08395584267777,34.67131355795569],[136.0831793677534,34.67115632881872],[136.0824148719903,34.67022110419718],[136.08224473916593,34.669548602263724],[136.08282718329082,34.668037173116545],[136.0834053049546,34.667740966151676],[136.083118127645,34.66699473154274],[136.082489656979,34.66648537738945],[136.08200365670785,34.66519314882264],[136.0834368688286,34.664388698562746],[136.08435848942287,34.66399590595901],[136.08456172004207,34.66382771710057],[136.0852660707149,34.663155015939715],[136.08601118051126,34.66257200710978],[136.08702715296292,34.66171988595279],[136.08724363976393,34.66130516072208],[136.08853132359002,34.66102401586418],[136.08999478423456,34.660317171635356],[136.09059153638523,34.66051843333059],[136.0911467689022,34.65994665625926],[136.09133607820726,34.65949827600796],[136.09173578317169,34.65927962635558],[136.09208828913384,34.65930160756458],[136.09210206091365,34.65949218767355],[136.09226504161174,34.659749702934576],[136.09238711216025,34.659794401385135],[136.09286129218012,34.65950272079684],[136.09295615940854,34.65946898001902],[136.09326850576002,34.65992809432042],[136.09326865772158,34.660062478078174],[136.09358066132762,34.66021915546379],[136.09358041990765,34.66000630798937],[136.09362040123216,34.65939013461291],[136.0942302597666,34.65919920085288],[136.09432482052324,34.65890781743219],[136.09548992257098,34.65817861292073],[136.09584225225206,34.65804394425371],[136.09635712468744,34.65778588526153],[136.096953325,34.65751648934881],[136.09690539642696,34.6598496630498],[136.09686000364954,34.66149865481009],[136.09681769315972,34.66200439179302],[136.09813874306073,34.66399934831929],[136.09871121137814,34.66560951487934],[136.09916951922574,34.66675337225972],[136.0991799101507,34.66802649047316],[136.09913740394092,34.66963223323544],[136.09900011687643,34.67121847048103],[136.0989241309606,34.67205638921002],[136.09869485824623,34.6734814111399],[136.09869877101033,34.67402598541519],[136.09785481266854,34.67432770020809]]]},"properties":{"KEY_CODE":"242080500","PREF":"24","CITY":"208","CITY_NAME":"名張市","S_NAME":"鵜山","SETAI":"15"}},{"type":"Feature","geometry":{"type":"Polygon","coordinates":[[[136.0778442369361,34.65872385209802],[136.07658892859652,34.6592889486953],[136.0755423939993,34.65928058122791],[136.07481491599296,34.65883504678841],[136.0733883166839,34.65882210330409],[136.07261656543832,34.65811260293151],[136.0706774333543,34.65775875571099],[136.07025856417874,34.65746768783703],[136.07024699502063,34.65680323460972],[136.0694866203082,34.65648503149295],[136.0690124708761,34.65593001016515],[136.06798762636794,34.65548460470015],[136.06773354224492,34.65460180489491],[136.06653737665502,34.65341454798231],[136.06504549379812,34.652790041843154],[136.06526472868285,34.65219490239722],[136.06687632825165,34.65148194743788],[136.06713677014702,34.651041171387185],[136.06807126510907,34.65156651233766],[136.0689378527488,34.65180099364433],[136.07149638138952,34.65174359920344],[136.0723899173743,34.651821254827695],[136.07316169197392,34.65199983858987],[136.0740082478656,34.65255307920476],[136.07472617240347,34.65305610290232],[136.0763784533166,34.653827025029365],[136.0781254899989,34.65456419553306],[136.0778442369361,34.65872385209802]]]},"properties":{"KEY_CODE":"242080510","PREF":"24","CITY":"208","CITY_NAME":"名張市","S_NAME":"家野","SETAI":"29"}},{"type":"Feature","geometry":{"type":"Polygon","coordinates":[[[136.06504549379812,34.652790041843154],[136.06434655040175,34.65216637021775],[136.06275942813272,34.65277010480242],[136.06209663191353,34.65274917235182],[136.05981818205026,34.653800317213225],[136.05943863295633,34.65421112170855],[136.05851705749706,34.65439919572643],[136.05699485627787,34.65531609495274],[136.05600652049148,34.65559250416225],[136.05418360395007,34.65636047101119],[136.05298132829503,34.6563390209541],[136.0524878035559,34.657520384503854],[136.0519934943098,34.657454248270255],[136.05016376818796,34.658150459718314],[136.0496296306685,34.65850396633647],[136.04704493287568,34.658940963712126],[136.0454023020954,34.65989087872607],[136.04406658346,34.66024466128625],[136.04404012555108,34.66074136133044],[136.04329246721684,34.661613727312954],[136.04313248630365,34.66225401140642],[136.0426648649411,34.66218783008521],[136.0423713709959,34.66300494508576],[136.04118262740198,34.663546132581],[136.0405413873026,34.663579452641756],[136.03905764395623,34.66182491418677],[136.03944465489838,34.66096368156525],[136.04028611590664,34.660599267218004],[136.04113346255573,34.65866166253998],[136.0427630532712,34.65829682218506],[136.04404494975898,34.657247763328925],[136.04650228615026,34.65607668052404],[136.04745657126315,34.654591735741555],[136.04856501468552,34.65410545953869],[136.04946789106566,34.65302536801313],[136.04952848425313,34.652537383329744],[136.0504475040587,34.6524489681684],[136.050934848674,34.65210096877874],[136.05308563392455,34.652365028833586],[136.05495603873302,34.652816811258184],[136.05607787494472,34.65248512752266],[136.05720690571007,34.652898614167135],[136.058182016749,34.6528539239844],[136.05955724970445,34.651981161207175],[136.05995755178094,34.65139594723595],[136.0610124053593,34.65083252192382],[136.0625481067742,34.65024672460277],[136.06388395683518,34.65036745941494],[136.06455287502263,34.651691680375826],[136.0650338407588,34.651790878149946],[136.06473861711297,34.650080062406325],[136.06531241900018,34.64934006262356],[136.06571199653803,34.64788271646942],[136.06645985195584,34.64769467424292],[136.06651193395246,34.64839024891381],[136.0666349120527,34.649822098522094],[136.06713677014702,34.651041171387185],[136.06687632825165,34.65148194743788],[136.06526472868285,34.65219490239722],[136.06504549379812,34.652790041843154]]]},"properties":{"KEY_CODE":"242080520","PREF":"24","CITY":"208","CITY_NAME":"名張市","S_NAME":"葛尾","SETAI":"12"}},{"type":"Feature","geometry":{"type":"Polygon","coordinates":[[[136.11027508948402,34.654959010203484],[136.10987022708252,34.655314778136805],[136.10874575404978,34.654270299974385],[136.10799101868,34.65484502009669],[136.10717966653124,34.654778844556645],[136.10677474299777,34.65336914534025],[136.10705981422097,34.65226481126547],[136.1073414783804,34.652195534937576],[136.11039859283656,34.65233516183576],[136.11088878032012,34.65258207187926],[136.11128172404904,34.65304838958586],[136.1104089104846,34.6532759628581],[136.11090376604113,34.653620356999085],[136.11085012136365,34.654205140897],[136.1101881062273,34.65435561845372],[136.11027508948402,34.654959010203484]]]},"properties":{"KEY_CODE":"242080530","PREF":"24","CITY":"208","CITY_NAME":"名張市","S_NAME":"さつき台一番町","SETAI":"199"}},{"type":"Feature","geometry":{"type":"Polygon","coordinates":[[[136.10820010716427,34.650033520943765],[136.10829201387713,34.6507178816377],[136.1087597321074,34.651155956129436],[136.10991414707715,34.65126547672073],[136.11019403896412,34.65199051819025],[136.11073833640572,34.652008763177484],[136.11088878032012,34.65258207187926],[136.11039859283656,34.65233516183576],[136.1073414783804,34.652195534937576],[136.10705981422097,34.65226481126547],[136.10565452564404,34.6522984713967],[136.10540854808823,34.651525920784636],[136.10499256084606,34.65072196702291],[136.1048828658314,34.65071332984095],[136.10434027124387,34.6507504315438],[136.10409662280705,34.65018142105528],[136.10465014841049,34.64889336925502],[136.1054260115243,34.648089997148105],[136.1057204295901,34.647830411428735],[136.10649910122564,34.647996501727334],[136.10688753492158,34.647985449996604],[136.10698896908295,34.64799423311412],[136.10697871207313,34.649927286191215],[136.10820010716427,34.650033520943765]]]},"properties":{"KEY_CODE":"242080540","PREF":"24","CITY":"208","CITY_NAME":"名張市","S_NAME":"さつき台二番町","SETAI":"263"}},{"type":"Feature","geometry":{"type":"Polygon","coordinates":[[[136.13465311451418,34.67013322138889],[136.13425536082858,34.67062611990702],[136.1331929313122,34.67065489581779],[136.1325946900263,34.66979360383775],[136.1318714948186,34.66987270905203],[136.13153296023768,34.67026411255721],[136.1301879558785,34.669717035241355],[136.1302756712337,34.66944465165437],[136.1291261436901,34.669369083774306],[136.12837086834668,34.6711635211666],[136.12752523094278,34.67078562703591],[136.12692350230034,34.6697166773312],[136.12565859303666,34.66861995553313],[136.12422738712087,34.66778149293541],[136.12456196029862,34.66732885441221],[136.12397089494965,34.66653739841486],[136.12277817971466,34.666277367997104],[136.12154445774306,34.66622845978953],[136.12095250752964,34.66567940130363],[136.12027256476244,34.66421579408967],[136.1216865211994,34.66332750523021],[136.12252852073428,34.66313776297003],[136.12466625822648,34.66144973798428],[136.12539254461893,34.66219275521408],[136.12660763192622,34.66157592439447],[136.12731042789855,34.662267890644664],[136.12675683181783,34.662773643234786],[136.12690529446945,34.66289565031053],[136.12707655736727,34.66303225192041],[136.12675010872647,34.663322910766084],[136.12757496957113,34.663515598346855],[136.12801672919565,34.6634165309026],[136.12789095438097,34.66389588084871],[136.12792260004667,34.66430533973269],[136.12827093197362,34.66396436422568],[136.1289504337944,34.66465092185438],[136.1286578530071,34.66491943540499],[136.12909511775848,34.665287896416594],[136.13013605713667,34.66480095056239],[136.13068336045984,34.66533649176332],[136.1313413231892,34.6648762882194],[136.13205856580294,34.66487959809464],[136.13156957261057,34.66420271403735],[136.13229912665403,34.66428461123087],[136.13242482704916,34.66355874549519],[136.1337475128917,34.66383550794865],[136.13476898143077,34.66490677774359],[136.13647976339072,34.66379614139008],[136.13565602043852,34.662819466320585],[136.13624368130505,34.66264343638081],[136.1368373437825,34.66316889791507],[136.137240955876,34.662896437445156],[136.13547033263407,34.66143737764351],[136.13539355198034,34.661344915389606],[136.13553138452878,34.6609234393255],[136.13574051302405,34.660852634338205],[136.13561016461202,34.6604338512054],[136.13498542636887,34.65987320120062],[136.1357694023995,34.659353108445],[136.1360142064575,34.65933494629165],[136.13621335310904,34.6592165396412],[136.13623825810546,34.65917411188123],[136.1370673551164,34.6594656169621],[136.1374165430917,34.65821534107703],[136.1389068523751,34.65853806389513],[136.14055862489272,34.65872704319379],[136.1421284121604,34.6582385420146],[136.14542482635153,34.657829112816096],[136.14801134875404,34.65762555426283],[136.1493640573723,34.65764137360653],[136.1489442172284,34.65893938252166],[136.14959251044,34.659841384824034],[136.14926143361868,34.66037988961667],[136.1493717299053,34.66105266031941],[136.14755173721156,34.661914566799986],[136.14678978799566,34.662017471076034],[136.14657823900103,34.66220324251093],[136.1465534835362,34.662516834463645],[136.1464606505001,34.66277430407918],[136.14609408036003,34.66293152380215],[136.14588575545187,34.66315109740084],[136.14551803007166,34.66355792746726],[136.14534704652718,34.66343008619504],[136.14491678237832,34.663326077451444],[136.14483759996068,34.66325827463934],[136.1447131224877,34.662597349691154],[136.14446005777535,34.66255848929951],[136.14406477833506,34.66256402741433],[136.14407700828113,34.66324227088952],[136.14429988010886,34.664106909669314],[136.14289850974393,34.66387585130108],[136.14247360933288,34.664131169931956],[136.14213562934358,34.66437187698128],[136.14243354505436,34.664747917079595],[136.14257922313334,34.66486522720396],[136.14246150288943,34.66537627647293],[136.14200684544292,34.665805313354745],[136.14196899093588,34.66587071802591],[136.14210179432405,34.665854927140295],[136.14240824473418,34.66567426485269],[136.14264213494124,34.66559299533242],[136.14296162393043,34.665642205605366],[136.14322392901556,34.66552963000433],[136.14298714669457,34.66576768506986],[136.14257491037696,34.666043696085346],[136.14254024182765,34.66610656166812],[136.1426037561503,34.6662684804806],[136.1424963289542,34.66632354265339],[136.14278469494266,34.66666282754649],[136.143059648821,34.66654488470878],[136.14331553587516,34.66638512718663],[136.1439024451663,34.66654262650822],[136.1444569476531,34.667150784033296],[136.14412503484436,34.667242596113546],[136.14363511535547,34.667399954460535],[136.14311850136318,34.66766834251124],[136.14288163696693,34.66786202596677],[136.14267948746516,34.668011154453666],[136.14233706883513,34.668436257871555],[136.14350727408856,34.66849109195615],[136.14474617377726,34.66888672335081],[136.14421269308983,34.66946221815345],[136.1422731423233,34.66989173294521],[136.1427988468054,34.67081997060704],[136.14213771995983,34.67106147747684],[136.14098844169655,34.66976165631534],[136.1402853016131,34.67028633697185],[136.13951018408608,34.670413861886],[136.13934721763292,34.670945524789396],[136.13876782254314,34.67107155322586],[136.1380218691262,34.67049697211977],[136.13742533256874,34.670811771045834],[136.13679519093503,34.670529201930215],[136.1368117686937,34.670004467605104],[136.13516851920807,34.66952243148884],[136.13452486692537,34.66962442395924],[136.13488195310237,34.67005000073364],[136.13465311451418,34.67013322138889]]]},"properties":{"KEY_CODE":"242080550","PREF":"24","CITY":"208","CITY_NAME":"名張市","S_NAME":"新田","SETAI":"428"}},{"type":"Feature","geometry":{"type":"Polygon","coordinates":[[[136.11828084690407,34.649271106289476],[136.11943534977158,34.650200380896585],[136.1191271241621,34.65100909022243],[136.11806220152894,34.65119436909092],[136.11808989889894,34.65170694003389],[136.11713127824441,34.65228736668454],[136.1159504923453,34.649674233215194],[136.11756761473444,34.649725653453814],[136.11828084690407,34.649271106289476]]]},"properties":{"KEY_CODE":"242080560","PREF":"24","CITY":"208","CITY_NAME":"名張市","S_NAME":"美旗中村","SETAI":"0"}},{"type":"Feature","geometry":{"type":"Polygon","coordinates":[[[136.12955919500715,34.65946113925033],[136.1284739327687,34.65975739533519],[136.12534949576124,34.66061822257905],[136.12476573903032,34.66003127837136],[136.12406187762247,34.65932373252345],[136.12729059842565,34.65723407519746],[136.12759133557836,34.6572840485691],[136.12421689977683,34.65390947207743],[136.1239993773736,34.65369290239277],[136.12530389769245,34.653991892914256],[136.12626515441772,34.65440490193957],[136.126104316913,34.6532704092341],[136.12490321387435,34.652061348108774],[136.12520722648765,34.65165027993351],[136.12636101976867,34.65154119026724],[136.12676522604156,34.6518792647905],[136.12803286933465,34.65226263930922],[136.12825877031858,34.65161710755373],[136.12814401982737,34.64979586572933],[136.12726330132946,34.65115034337637],[136.1267335898849,34.650447423280035],[136.1274706218459,34.649655003830894],[136.12754191576363,34.64913894707984],[136.1283103327317,34.64872174880236],[136.12888839842515,34.649076678156575],[136.12900499274625,34.6483663216301],[136.12867778132195,34.6481588940269],[136.12972588852318,34.64760249972899],[136.13040231879998,34.64678364240929],[136.13101017192415,34.64734799331016],[136.13168525278203,34.64755912436088],[136.13197519061063,34.64620088540154],[136.13334039146642,34.64705570874377],[136.13417781296636,34.647444277533346],[136.13331048661001,34.64774569236385],[136.1331544800599,34.64859681975379],[136.13336634357213,34.64906073444742],[136.1338920055993,34.64895648263597],[136.13435565719152,34.64869255685496],[136.13426544552595,34.64833218598578],[136.13428723018234,34.64824327752486],[136.13443537104354,34.64830284044073],[136.13487022263365,34.648522247636826],[136.13488352441144,34.648725781037754],[136.13490985371604,34.64896691062936],[136.1348648113265,34.649192061313805],[136.1349818937044,34.64940632573882],[136.13409692531417,34.649560139518975],[136.1337223178425,34.65051983234827],[136.13379392931589,34.65068583261667],[136.13392712366954,34.65084922862001],[136.13335076924048,34.65136429379517],[136.13251473758248,34.65170074144353],[136.13142403860851,34.650959006768154],[136.1307890416882,34.651308185236196],[136.12965708215788,34.650780028579256],[136.12938140648953,34.65107909241838],[136.13105953234916,34.6521787128755],[136.1309470620895,34.65283539798597],[136.13162309087477,34.653826070275095],[136.13347635874382,34.653311032171246],[136.13420972792701,34.65319091690644],[136.13466649146508,34.652903615687244],[136.13563775142535,34.65195973915021],[136.13672886514814,34.65247971708224],[136.13498240718064,34.65489719341526],[136.13596155692372,34.655402652889435],[136.13560823083094,34.655578421321586],[136.13628458685372,34.656529766285246],[136.13807673327747,34.656800464624624],[136.1374165430917,34.65821534107703],[136.1370673551164,34.6594656169621],[136.13623825810546,34.65917411188123],[136.1360795508575,34.65911836708382],[136.13563168398605,34.65915788357171],[136.13500122538144,34.65884431540944],[136.13457575172376,34.658940150404774],[136.13412104860447,34.65880950731371],[136.1335083296744,34.659108246593306],[136.13223159636047,34.65920499997646],[136.13072841922784,34.659811629901405],[136.13035234782566,34.65920997940857],[136.12955919500715,34.65946113925033]]]},"properties":{"KEY_CODE":"242080560","PREF":"24","CITY":"208","CITY_NAME":"名張市","S_NAME":"美旗中村","SETAI":"106"}},{"type":"Feature","geometry":{"type":"Polygon","coordinates":[[[136.12017994564704,34.67306397936547],[136.11950408948158,34.67304999887211],[136.11869483182076,34.67302135484097],[136.1182680129914,34.67303656352229],[136.11779659388978,34.672956168537496],[136.11744941074522,34.67269196221471],[136.11722678366283,34.672645833835716],[136.11664893898137,34.67258990693252],[136.11642331656319,34.67245052682626],[136.11628793509155,34.6722737316999],[136.11619461395884,34.67200251761511],[136.11611446633376,34.671921738000414],[136.115980767595,34.67170155473465],[136.11581146185176,34.671444499538566],[136.1155179804724,34.671422805281026],[136.11480252565357,34.671699016537765],[136.11415762582806,34.67157580772179],[136.11389402057435,34.671373633803455],[136.1137596595717,34.67121655579186],[136.1136916350289,34.671115478700386],[136.11308527965082,34.67095123642989],[136.11256038552565,34.67076803899672],[136.11187996750158,34.67006491244712],[136.111840904633,34.67006494856319],[136.110448332731,34.66701693102004],[136.11028292810335,34.6667816956099],[136.11041693244877,34.66586383982514],[136.11063016640568,34.665764899267906],[136.1107069144435,34.665715527113456],[136.11053603226597,34.66558172118899],[136.110407306978,34.66504584749462],[136.1105610606361,34.661946259981484],[136.1103674963102,34.66078640722925],[136.11072415685393,34.659467298226964],[136.11112431228506,34.65875471684168],[136.11163657702315,34.65854872666758],[136.1127436973736,34.657624334379456],[136.11298108635705,34.65681526612483],[136.11459943673896,34.656627396207746],[136.11319487468037,34.654463037225455],[136.11350249500737,34.65412594426621],[136.1118408402973,34.653402714923665],[136.11245140087735,34.65218454873299],[136.11340396596168,34.65109565831459],[136.11480003996996,34.650996601293464],[136.11550955667752,34.65200323646151],[136.11534292754115,34.654728257939915],[136.1147909281459,34.65516771191942],[136.11497868376884,34.65657717295479],[136.11436078034464,34.65704612963343],[136.1142759338473,34.65802930690016],[136.1149686085512,34.658532953704736],[136.11536987315645,34.65865245110482],[136.11572871720642,34.65894116613149],[136.11614658918398,34.65872933178785],[136.11741391091002,34.6587386828753],[136.1179429133576,34.65865351239256],[136.11843176986824,34.658503441812805],[136.1190728170229,34.65921404111953],[136.1196927093732,34.65885451192787],[136.12225886890874,34.66000676911223],[136.12259209017813,34.660267456127],[136.12345444176196,34.661035420511496],[136.12466625359895,34.66144663788563],[136.12466625822648,34.66144973798428],[136.12252852073428,34.66313776297003],[136.1216865211994,34.66332750523021],[136.12027256476244,34.66421579408967],[136.12095250752964,34.66567940130363],[136.12154445774306,34.66622845978953],[136.12153482078554,34.667253818163424],[136.1218106406648,34.66829086315504],[136.12058171149764,34.66913558595309],[136.12089102251838,34.66998792703322],[136.122880885818,34.67052811431845],[136.1225951196011,34.671152288592026],[136.12189943156034,34.67201268227648],[136.12170449503694,34.67219022571124],[136.1214243616965,34.67239490078803],[136.12100302647633,34.672857497658335],[136.1209922880754,34.67305795789521],[136.12017994564704,34.67306397936547]]]},"properties":{"KEY_CODE":"242080570","PREF":"24","CITY":"208","CITY_NAME":"名張市","S_NAME":"東田原","SETAI":"634"}},{"type":"Feature","geometry":{"type":"Polygon","coordinates":[[[136.11194234704354,34.65165086856655],[136.11133083372002,34.652508002052215],[136.11067834007125,34.65151833884005],[136.11194234704354,34.65165086856655]]]},"properties":{"KEY_CODE":"242080570","PREF":"24","CITY":"208","CITY_NAME":"名張市","S_NAME":"東田原","SETAI":"0"}},{"type":"Feature","geometry":{"type":"Polygon","coordinates":[[[136.13813340979024,34.63218690484071],[136.13965911276074,34.63105541524253],[136.14226143252273,34.63105871735501],[136.1423455241164,34.631929024619126],[136.1427513565325,34.632018277240086],[136.14379212490218,34.633127204605735],[136.14438910362682,34.63322199995758],[136.14421880740917,34.63495667888775],[136.14350852726835,34.63616685129385],[136.1436731590069,34.63674758451648],[136.14288619330367,34.63816476920226],[136.14300270179692,34.63873753062351],[136.142185108142,34.639144321477836],[136.14247521136562,34.63990775112179],[136.14359169859412,34.63977923571894],[136.1443050121728,34.64031931155275],[136.14530812710703,34.64143207584701],[136.14721690053412,34.642941542332956],[136.14787602453745,34.642020331258145],[136.14896077786537,34.641781793162124],[136.14973968728918,34.641024813295424],[136.15075326969156,34.641112448281504],[136.15113955605096,34.641475262694094],[136.1506744122682,34.64215762952421],[136.15145638065772,34.643105533964686],[136.15159090085655,34.644568770380936],[136.15152775644805,34.645392117967894],[136.1523460778813,34.64575622248526],[136.15155734628954,34.647297837434735],[136.1519594387798,34.648528493691934],[136.14029406267616,34.64898886270303],[136.13957795143173,34.6488847409139],[136.13788736822505,34.647994996613875],[136.13193250206805,34.64447013986958],[136.13120800000812,34.64410425558138],[136.13129543033284,34.64365100187225],[136.13201398189327,34.64351837499499],[136.13201299729948,34.64289181337145],[136.1326177633305,34.641948914515844],[136.1327288438377,34.640909921101276],[136.13161121106523,34.639876916366326],[136.13171336578043,34.63919770090397],[136.13249890805926,34.638041334301725],[136.13334475595505,34.63722874473538],[136.13560546177092,34.63463756737795],[136.13746586075771,34.63340572316897],[136.13813340979024,34.63218690484071]]]},"properties":{"KEY_CODE":"242080580","PREF":"24","CITY":"208","CITY_NAME":"名張市","S_NAME":"上小波田","SETAI":"50"}},{"type":"Feature","geometry":{"type":"Polygon","coordinates":[[[136.1493640573723,34.65764137360653],[136.14801134875404,34.65762555426283],[136.14542482635153,34.657829112816096],[136.1421284121604,34.6582385420146],[136.14055862489272,34.65872704319379],[136.1389068523751,34.65853806389513],[136.1374165430917,34.65821534107703],[136.13807673327747,34.656800464624624],[136.13628458685372,34.656529766285246],[136.13560823083094,34.655578421321586],[136.13596155692372,34.655402652889435],[136.13498240718064,34.65489719341526],[136.13672886514814,34.65247971708224],[136.13563775142535,34.65195973915021],[136.1360517280605,34.65103154991841],[136.13596639274485,34.64990501599379],[136.13524113981455,34.64930419379012],[136.1350970019613,34.64758961894363],[136.13437409038028,34.647808335431016],[136.13417781296636,34.647444277533346],[136.13334039146642,34.64705570874377],[136.13197519061063,34.64620088540154],[136.13193250206805,34.64447013986958],[136.13788736822505,34.647994996613875],[136.13957795143173,34.6488847409139],[136.14029406267616,34.64898886270303],[136.1519594387798,34.648528493691934],[136.15227504550205,34.64989293621819],[136.1530022979524,34.650773839073445],[136.15296487263342,34.65279120322399],[136.15320941028986,34.65423714669967],[136.15220380353318,34.65419924307419],[136.15101892973053,34.65382841120649],[136.15026523850767,34.65320474962827],[136.1498858155554,34.65409491164765],[136.15029661428804,34.65482746201337],[136.1500413229529,34.65617992759462],[136.15043311458118,34.65688629910676],[136.14996202119477,34.65692082738739],[136.1493640573723,34.65764137360653]]]},"properties":{"KEY_CODE":"242080590","PREF":"24","CITY":"208","CITY_NAME":"名張市","S_NAME":"下小波田","SETAI":"63"}},{"type":"Feature","geometry":{"type":"Polygon","coordinates":[[[136.12476573903032,34.66003127837136],[136.12534949576124,34.66061822257905],[136.12552470576466,34.66064269367567],[136.12466625822648,34.66144973798425],[136.12466625359895,34.66144663788563],[136.12345444176196,34.661035420511496],[136.12259209017813,34.660267456127],[136.12225886890874,34.66000676911223],[136.1196927093732,34.65885451192787],[136.1190728170229,34.65921404111953],[136.11843176986824,34.658503441812805],[136.1179429133576,34.65865351239256],[136.11741391091002,34.6587386828753],[136.11614658918398,34.65872933178785],[136.11572871720642,34.65894116613149],[136.11536987315645,34.65865245110482],[136.1149686085512,34.658532953704736],[136.1142759338473,34.65802930690016],[136.11436078034464,34.65704612963343],[136.11497868376884,34.65657717295479],[136.1147909281459,34.65516771191942],[136.11534292754115,34.654728257939915],[136.11550955667752,34.65200323646151],[136.11480003996996,34.650996601293464],[136.11340396596168,34.65109565831459],[136.11245140087735,34.65218454873299],[136.1118408402973,34.653402714923665],[136.11350249500737,34.65412594426621],[136.11319487468037,34.654463037225455],[136.11459943673896,34.656627396207746],[136.11298108635705,34.65681526612483],[136.1127436973736,34.657624334379456],[136.11163657702315,34.65854872666758],[136.11112431228506,34.65875471684168],[136.1104894686632,34.65676302793596],[136.11027508948402,34.654959010203484],[136.1101881062273,34.65435561845372],[136.11085012136365,34.654205140897],[136.11090376604113,34.653620356999085],[136.1104089104846,34.6532759628581],[136.11128172404904,34.65304838958586],[136.11088878032012,34.65258207187926],[136.11073833640572,34.652008763177484],[136.11019403896412,34.65199051819025],[136.10991414707715,34.65126547672073],[136.1087597321074,34.651155956129436],[136.10829201387713,34.6507178816377],[136.10820010716427,34.650033520943765],[136.10877069252734,34.64903246394698],[136.1092977622306,34.649427802724105],[136.11043285942685,34.649376910041106],[136.11055716615746,34.648720526210276],[136.11186025975624,34.64874863907255],[136.11209837441274,34.649336376882175],[136.1133581705921,34.64946466639237],[136.11418195802443,34.649762104462326],[136.11485748943403,34.6492015455047],[136.11475013889105,34.648554386707],[136.11340949809497,34.648222078936136],[136.1132911862029,34.64690950091274],[136.1156129008212,34.64665052984668],[136.11730136800463,34.648486039391805],[136.11828084690407,34.649271106289476],[136.11756761473444,34.649725653453814],[136.1159504923453,34.649674233215194],[136.11713127824441,34.65228736668454],[136.11808989889894,34.65170694003389],[136.11806220152894,34.65119436909092],[136.1191271241621,34.65100909022243],[136.11943534977158,34.650200380896585],[136.11989661931972,34.65050954513145],[136.12117155660502,34.651485737405594],[136.12334235025088,34.653166737169784],[136.12181056085316,34.6540998057001],[136.1223568739486,34.6547089202748],[136.12157689629692,34.65519581895552],[136.12241778871854,34.65613623403586],[136.121562996599,34.656658564789915],[136.12377491056802,34.65900257201831],[136.12289873705487,34.659551418120195],[136.12320937112722,34.65987805047351],[136.12406187762244,34.65932373252345],[136.12476573903032,34.66003127837136]],[[136.11194234704354,34.65165086856655],[136.11067834007125,34.65151833884005],[136.11133083372002,34.652508002052215],[136.11194234704354,34.65165086856655]]]},"properties":{"KEY_CODE":"242080600","PREF":"24","CITY":"208","CITY_NAME":"名張市","S_NAME":"西原町","SETAI":"165"}},{"type":"Feature","geometry":{"type":"Polygon","coordinates":[[[136.13094910874096,34.68164340445706],[136.13018381096435,34.68247010802992],[136.12944703282307,34.68248413916296],[136.12822821528115,34.68331652899103],[136.12711869094113,34.68309513601792],[136.1260969722697,34.683312289776815],[136.12400423136543,34.68522879106363],[136.12392686346837,34.685816553734306],[136.12444441054686,34.6860857754326],[136.12449934747454,34.68669340404574],[136.1228356568973,34.687009941347696],[136.12200311545766,34.6866959549672],[136.12107592872545,34.68679661701649],[136.11985107583752,34.68751131047934],[136.1193364769848,34.6860421864708],[136.11831157998458,34.685735545693106],[136.11758700496367,34.684851486070606],[136.11663701315786,34.68481648491213],[136.1159742143165,34.683681055381136],[136.11676205688087,34.68320840400616],[136.11631422004947,34.682624110131805],[136.11684387542886,34.681774753696885],[136.11593659819175,34.68117554660744],[136.11565857409906,34.679916772144395],[136.11510527680974,34.67937356554472],[136.11410654412902,34.677689638368804],[136.114672664377,34.67628623833313],[136.11420592777858,34.67546614634057],[136.11408858483082,34.67364812472645],[136.11467424882377,34.672921697525],[136.11358076028836,34.672256019195466],[136.1125270481474,34.67116713776172],[136.11238360781408,34.67067481091519],[136.11256038552565,34.67076803899672],[136.11308527965082,34.67095123642989],[136.1136916350289,34.671115478700386],[136.1137596595717,34.67121655579186],[136.11389402057435,34.671373633803455],[136.11415762582806,34.67157580772179],[136.11480252565357,34.671699016537765],[136.1155179804724,34.671422805281026],[136.11581146185176,34.671444499538566],[136.115980767595,34.67170155473465],[136.11611446633376,34.671921738000414],[136.11619461395884,34.67200251761511],[136.11628793509155,34.6722737316999],[136.11642331656319,34.67245052682626],[136.11664893898137,34.67258990693252],[136.11722678366283,34.672645833835716],[136.11744941074522,34.67269196221471],[136.11779659388978,34.672956168537496],[136.1182680129914,34.67303656352229],[136.11869483182076,34.67302135484097],[136.11950408948158,34.67304999887211],[136.12017994564704,34.67306397936547],[136.1209922880754,34.67305795789521],[136.1209899105542,34.67329137194474],[136.12093973377077,34.67376049924829],[136.12105563660995,34.67406028279867],[136.1212838524096,34.67406906955625],[136.12137194670015,34.674157584670866],[136.12164592653107,34.67444227736582],[136.12185506683267,34.674571661776305],[136.12227370661805,34.67464279904464],[136.1226242367282,34.674744572474154],[136.12269285319252,34.67482944422077],[136.1227906431753,34.675044867879556],[136.1228513974358,34.67515580728605],[136.1236537720315,34.675288814149035],[136.12383571193948,34.67539751676841],[136.1247054761435,34.67566201531617],[136.1249256089005,34.67576955070596],[136.12509216083524,34.67615252900593],[136.1253319702902,34.67708268671402],[136.1256761128925,34.67730545951651],[136.12614525184563,34.67743766709476],[136.12639582572027,34.67763334815978],[136.1265508353955,34.67821974325775],[136.12657492943234,34.67847214559948],[136.12661715002363,34.67851337459951],[136.1269018830262,34.67864816551355],[136.12702320791243,34.67873509283695],[136.12826843212932,34.67969376660672],[136.12834652853599,34.679749184146445],[136.12867184584687,34.67990111273057],[136.12896807347107,34.680157732592605],[136.12926964715444,34.68036856538],[136.1294737902845,34.68064049506888],[136.1297144306826,34.68068855445512],[136.12979675447406,34.68066522341074],[136.12994847480587,34.68067576649814],[136.13002007216457,34.6807258369717],[136.13015486729049,34.68099248681678],[136.13005426927901,34.68111162400033],[136.13053030327035,34.68131254682226],[136.13094910874096,34.68164340445706]]]},"properties":{"KEY_CODE":"242080610","PREF":"24","CITY":"208","CITY_NAME":"名張市","S_NAME":"南古山","SETAI":"30"}},{"type":"Feature","geometry":{"type":"Polygon","coordinates":[[[136.13624368130505,34.66264343638081],[136.13565602043852,34.662819466320585],[136.13647976339072,34.66379614139008],[136.13476898143077,34.66490677774359],[136.1337475128917,34.66383550794865],[136.13186507869347,34.66180207829233],[136.12955919500715,34.65946113925033],[136.13035234782566,34.65920997940857],[136.13072841922784,34.659811629901405],[136.13223159636044,34.65920499997646],[136.1335083296744,34.65910824659326],[136.13412104860447,34.65880950731371],[136.13457575172376,34.658940150404774],[136.13500122538144,34.65884431540944],[136.13563168398605,34.65915788357171],[136.1360795508575,34.65911836708382],[136.13621335310904,34.6592165396412],[136.1360142064575,34.65933494629165],[136.1357694023995,34.659353108445],[136.13498542636887,34.65987320120062],[136.13561016461202,34.6604338512054],[136.13574051302405,34.660852634338205],[136.13553138452878,34.6609234393255],[136.13539355198034,34.661344915389606],[136.13547033263407,34.66143737764351],[136.137240955876,34.66289643744512],[136.13683734378245,34.66316889791504],[136.13624368130505,34.66264343638081]]]},"properties":{"KEY_CODE":"242080620","PREF":"24","CITY":"208","CITY_NAME":"名張市","S_NAME":"美旗町中一番","SETAI":"332"}},{"type":"Feature","geometry":{"type":"Polygon","coordinates":[[[136.1337475128917,34.66383550794865],[136.13242482704916,34.66355874549519],[136.13229912665403,34.66428461123087],[136.13156957261057,34.66420271403735],[136.13205856580294,34.66487959809464],[136.1313413231892,34.6648762882194],[136.13068336045984,34.66533649176332],[136.13013605713667,34.66480095056239],[136.12909511775848,34.665287896416594],[136.1286578530071,34.66491943540499],[136.1289504337944,34.66465092185437],[136.12841256344566,34.664052960461746],[136.12995422712862,34.662977804753034],[136.13186507869347,34.66180207829233],[136.1337475128917,34.66383550794865]]]},"properties":{"KEY_CODE":"242080630","PREF":"24","CITY":"208","CITY_NAME":"名張市","S_NAME":"美旗町中二番","SETAI":"232"}},{"type":"Feature","geometry":{"type":"Polygon","coordinates":[[[136.12792260004667,34.66430533973269],[136.12789095438097,34.66389588084871],[136.12801672919565,34.6634165309026],[136.12757496957113,34.663515598346855],[136.12675010872644,34.663322910766084],[136.12707655736727,34.66303225192041],[136.12690529446945,34.66289565031053],[136.12675683181783,34.662773643234786],[136.12731042789855,34.662267890644664],[136.12660763192622,34.66157592439447],[136.12539254461893,34.66219275521408],[136.12466625822648,34.66144973798425],[136.12552470576466,34.66064269367567],[136.1284739327687,34.65975739533519],[136.12955919500715,34.65946113925033],[136.13186507869347,34.66180207829233],[136.12995422712862,34.662977804753034],[136.12841256344566,34.664052960461746],[136.12827093197362,34.66396436422568],[136.12792260004667,34.66430533973269]]]},"properties":{"KEY_CODE":"242080640","PREF":"24","CITY":"208","CITY_NAME":"名張市","S_NAME":"美旗町中三番","SETAI":"301"}},{"type":"Feature","geometry":{"type":"Polygon","coordinates":[[[136.13417781296636,34.647444277533346],[136.13437409038028,34.647808335431016],[136.1350970019613,34.64758961894363],[136.13524113981455,34.64930419379012],[136.13596639274485,34.64990501599379],[136.1360517280605,34.65103154991841],[136.13563775142535,34.65195973915021],[136.13466649146508,34.652903615687244],[136.13414296077687,34.651990410185455],[136.13394722637037,34.651251090524866],[136.13392712366957,34.650849228620025],[136.13379392931589,34.65068583261667],[136.1337223178425,34.65051983234827],[136.13409692531417,34.649560139518975],[136.1349818937044,34.64940632573882],[136.1348648113265,34.649192061313805],[136.13490985371604,34.64896691062936],[136.13488352441144,34.648725781037754],[136.13487022263365,34.648522247636826],[136.13443537104354,34.64830284044073],[136.13428723018234,34.64824327752486],[136.13426544552595,34.64833218598578],[136.13435565719152,34.64869255685496],[136.1338920055993,34.64895648263597],[136.13336634357213,34.64906073444743],[136.1331544800599,34.64859681975379],[136.13331048661001,34.64774569236385],[136.13417781296636,34.647444277533346]]]},"properties":{"KEY_CODE":"242080650","PREF":"24","CITY":"208","CITY_NAME":"名張市","S_NAME":"美旗町池の台東","SETAI":"183"}},{"type":"Feature","geometry":{"type":"Polygon","coordinates":[[[136.13414296077687,34.651990410185455],[136.13466649146508,34.652903615687244],[136.13420972792701,34.65319091690644],[136.13347635874382,34.653311032171246],[136.13162309087477,34.653826070275095],[136.1309470620895,34.65283539798597],[136.13105953234916,34.6521787128755],[136.12938140648953,34.65107909241838],[136.12965708215788,34.650780028579256],[136.1307890416882,34.651308185236196],[136.13142403860851,34.650959006768154],[136.13251473758248,34.65170074144353],[136.13335076924048,34.65136429379517],[136.13392712366954,34.65084922862001],[136.13394722637037,34.651251090524866],[136.13414296077687,34.651990410185455]]]},"properties":{"KEY_CODE":"242080660","PREF":"24","CITY":"208","CITY_NAME":"名張市","S_NAME":"美旗町池の台西","SETAI":"134"}},{"type":"Feature","geometry":{"type":"Polygon","coordinates":[[[136.12406187762244,34.65932373252345],[136.12320937112722,34.65987805047351],[136.12289873705487,34.659551418120195],[136.12377491056802,34.65900257201831],[136.121562996599,34.656658564789915],[136.12241778871854,34.65613623403586],[136.12157689629692,34.65519581895552],[136.1223568739486,34.6547089202748],[136.12181056085316,34.6540998057001],[136.12334235025088,34.653166737169784],[136.1239993773736,34.65369290239277],[136.12421689977683,34.65390947207743],[136.12759133557836,34.6572840485691],[136.12729059842565,34.65723407519746],[136.12406187762244,34.65932373252345]]]},"properties":{"KEY_CODE":"242080670","PREF":"24","CITY":"208","CITY_NAME":"名張市","S_NAME":"美旗町南西原","SETAI":"262"}},{"type":"Feature","geometry":{"type":"Polygon","coordinates":[[[136.12154445774306,34.66622845978953],[136.12277817971466,34.666277367997104],[136.12397089494965,34.66653739841486],[136.12456196029862,34.66732885441221],[136.12422738712087,34.66778149293541],[136.12384947709648,34.668385861131895],[136.12367713795743,34.66868959771288],[136.122880885818,34.67052811431845],[136.12089102251838,34.66998792703322],[136.12058171149764,34.66913558595309],[136.1218106406648,34.66829086315504],[136.12153482078554,34.667253818163424],[136.12154445774306,34.66622845978953]]]},"properties":{"KEY_CODE":"242080680","PREF":"24","CITY":"208","CITY_NAME":"名張市","S_NAME":"美旗町藤が丘","SETAI":"167"}},{"type":"Feature","geometry":{"type":"Polygon","coordinates":[[[136.13813340979024,34.63218690484071],[136.13746586075771,34.63340572316897],[136.13560546177092,34.63463756737795],[136.13334475595505,34.63722874473538],[136.13249890805926,34.638041334301725],[136.13171336578043,34.63919770090397],[136.13161121106523,34.639876916366326],[136.1309457463877,34.639565483672904],[136.13000831228473,34.63846719401585],[136.12977902042465,34.63832432290197],[136.1294078051027,34.63822977939497],[136.12888348535358,34.63821456298796],[136.12840734960972,34.63829662925079],[136.1277444569379,34.63818943155252],[136.1271369129295,34.63816851970264],[136.12701525101653,34.63806553576917],[136.12702140412114,34.637797043409144],[136.12686339736493,34.637545064863865],[136.12652652548707,34.6373569428703],[136.12632601999695,34.63723234866685],[136.12589914951013,34.63686500173731],[136.1254208598485,34.636279648454185],[136.1248753132854,34.63585776515227],[136.125381513817,34.635502263728384],[136.12547216026095,34.635454698401595],[136.12566399163185,34.635304338590736],[136.1257848436865,34.635134471411064],[136.12601964011967,34.63473093429199],[136.12613996288312,34.63445809650046],[136.12622038825774,34.63421685379875],[136.12623926189653,34.634059066789966],[136.12622486121933,34.63396850713433],[136.1259615895204,34.63349294442428],[136.125480722666,34.632900551701624],[136.12463115876594,34.63145082221898],[136.12397750940076,34.63107680082244],[136.12408023589384,34.6305635296205],[136.1237779078226,34.629716123551226],[136.1246998425005,34.62868010468818],[136.12480128592802,34.62827628418141],[136.12517106022,34.62703544649691],[136.12557840476913,34.62575569065471],[136.12506779584967,34.625264887815],[136.1246778765234,34.62436840731488],[136.1241466771811,34.62429041233745],[136.1235578802034,34.6236283924275],[136.12262358227488,34.62385202896142],[136.12306242474938,34.62340171403336],[136.12312306418323,34.62236308499927],[136.12188098028176,34.62184628057067],[136.1224511983114,34.62081133051131],[136.12366972082378,34.620317619051626],[136.1231858385624,34.61980762254232],[136.12318452909793,34.61891735829596],[136.12288376186132,34.618320399512726],[136.1219292615007,34.61810725695448],[136.12107891290316,34.618907663232775],[136.11979939863122,34.618721873548154],[136.11880041678955,34.61878625251388],[136.11847983823455,34.61804928006429],[136.122328635098,34.6171391106333],[136.1246979080819,34.61602327870721],[136.12408660108395,34.614411712302925],[136.12412851414106,34.61397780504966],[136.1237239171987,34.61370860798448],[136.12362074648254,34.613471214794856],[136.123903931125,34.61316031589444],[136.1242531776959,34.61197274537321],[136.12357907116674,34.61166269296121],[136.12311731785923,34.61109449702033],[136.12246019945152,34.610265618942826],[136.12082319178504,34.60849392767246],[136.12074522986816,34.60851147269227],[136.12113238124888,34.60806905215953],[136.12247132432373,34.60791176539539],[136.1232486512002,34.60820664347635],[136.12424179610622,34.60783106182937],[136.12460042660342,34.60798310489337],[136.12591668178607,34.60735122226191],[136.126471292144,34.60734430150816],[136.12691880748127,34.6078405165064],[136.1266386373847,34.608480900597556],[136.12728613477603,34.60877321433401],[136.12790382788242,34.609715082778735],[136.12747787129328,34.61074426990223],[136.12735020883056,34.613074448242934],[136.12768645655007,34.61366417468689],[136.12752582764736,34.61440952165721],[136.12767762758455,34.61544429426077],[136.12807511014165,34.61508579233029],[136.12931967013543,34.614991066508786],[136.13009124480183,34.61585246844257],[136.12984327419892,34.61634590487446],[136.12924301459063,34.61649431781577],[136.1291169781775,34.61718286078504],[136.13027099792708,34.617939608202505],[136.13139894286576,34.61764777666388],[136.1328476098149,34.61690199671804],[136.13412029715374,34.614996936417235],[136.13500120865396,34.61450137308798],[136.13442894864002,34.61381529974709],[136.13471283953322,34.6125970635132],[136.13438618133813,34.61235429693959],[136.1349053184002,34.61088773505186],[136.13468145420956,34.60936312520118],[136.13514699611878,34.608198917575336],[136.13613140544393,34.60938585916138],[136.13656820799378,34.61068864163083],[136.13709295855506,34.61160563274213],[136.1392483223913,34.61525380647957],[136.1385115020285,34.61834805385911],[136.13814401303992,34.619224516099344],[136.13623625807085,34.62027645585816],[136.13677573731917,34.62033158979139],[136.1377881014284,34.61988835401652],[136.13834146509828,34.62016709739921],[136.13909613082788,34.6241683381882],[136.13930714062252,34.62430092997227],[136.13928107632307,34.62775764205057],[136.1387818724389,34.63023898792246],[136.13813340979024,34.63218690484071]]]},"properties":{"KEY_CODE":"242080690","PREF":"24","CITY":"208","CITY_NAME":"名張市","S_NAME":"下比奈知","SETAI":"259"}},{"type":"Feature","geometry":{"type":"Polygon","coordinates":[[[136.14364796700198,34.62002916073417],[136.1435972010951,34.62058549771894],[136.14317308125598,34.62039780890629],[136.14229337976624,34.62019755698433],[136.1412281460815,34.62000554701398],[136.13834146509828,34.62016709739921],[136.1377881014284,34.61988835401652],[136.13677573731917,34.62033158979139],[136.13623625807085,34.62027645585816],[136.13814401303992,34.619224516099344],[136.1385115020285,34.61834805385911],[136.1392483223913,34.61525380647957],[136.13709295855506,34.61160563274213],[136.14109306766466,34.61032335526222],[136.14268531818956,34.60980323355482],[136.14453850280444,34.60915318531079],[136.1463387612302,34.60813622608944],[136.14855603566724,34.606686701710366],[136.1493391115855,34.60646978826497],[136.14998151936965,34.60629488204899],[136.1549423926713,34.60524522038554],[136.15880045561335,34.60538908651024],[136.16258254968494,34.60612825460793],[136.1635985567549,34.60618013525133],[136.16678864459044,34.60664360207358],[136.17113542363828,34.6067651742669],[136.17314191678346,34.60695377282342],[136.17521372498078,34.6072800213107],[136.17488625467962,34.60805552347902],[136.17641083899107,34.610984577454985],[136.1761817299238,34.611789942204524],[136.17480524780694,34.612584823465326],[136.1743440785168,34.612557165063826],[136.1710018837053,34.61163755441764],[136.17023209114916,34.61149749166467],[136.16952668407842,34.611733438831614],[136.16943839538234,34.61360110804223],[136.16810670353192,34.61552939520019],[136.16548088343006,34.61732451541456],[136.16304212093732,34.6185002487056],[136.15946443924253,34.61970521274816],[136.15572656374107,34.62047868068982],[136.15629295807207,34.61960471874244],[136.15515984154766,34.61811358826745],[136.15476572429154,34.61721862070015],[136.15430957133236,34.61713722428676],[136.1535053575696,34.617580427159076],[136.1515640364895,34.617689807029954],[136.15062190759033,34.617574215577235],[136.14830652151232,34.617674432708625],[136.14566107036737,34.6180157459898],[136.14538846699944,34.61879421551047],[136.14394454141458,34.61902950812418],[136.14364796700198,34.62002916073417]]]},"properties":{"KEY_CODE":"242080700","PREF":"24","CITY":"208","CITY_NAME":"名張市","S_NAME":"上比奈知","SETAI":"50"}},{"type":"Feature","geometry":{"type":"Polygon","coordinates":[[[136.15498424210458,34.63961648418649],[136.15487016050866,34.64029659387676],[136.1542552108701,34.64037358410596],[136.1523618088511,34.64139598199629],[136.15197547077832,34.64247986649565],[136.15274069110504,34.64353070239634],[136.15157304050095,34.64374474690514],[136.15159090085655,34.644568770380936],[136.15145638065772,34.643105533964686],[136.1506744122682,34.64215762952421],[136.15113955605096,34.641475262694094],[136.15075326969156,34.641112448281504],[136.14973968728918,34.641024813295424],[136.14896077786537,34.641781793162124],[136.14787602453745,34.642020331258145],[136.14721690053412,34.642941542332956],[136.14530812710703,34.64143207584701],[136.1443050121728,34.64031931155275],[136.14359169859412,34.63977923571894],[136.14247521136562,34.63990775112179],[136.142185108142,34.639144321477836],[136.14300270179692,34.63873753062351],[136.14288619330367,34.63816476920226],[136.1436731590069,34.63674758451648],[136.14350852726835,34.63616685129385],[136.14421880740917,34.63495667888775],[136.14438910362682,34.63322199995758],[136.14379212490218,34.633127204605735],[136.1427513565325,34.632018277240086],[136.1423455241164,34.631929024619126],[136.14226143252273,34.63105871735501],[136.13965911276074,34.63105541524253],[136.13813340979024,34.63218690484071],[136.1387818724389,34.63023898792246],[136.13928107632307,34.62775764205057],[136.13930714062252,34.62430092997227],[136.13909613082788,34.6241683381882],[136.13834146509828,34.62016709739921],[136.14122814608152,34.62000554701398],[136.14229337976624,34.62019755698433],[136.14317308125598,34.62039780890629],[136.14359720109516,34.62058549771894],[136.14364796700198,34.62002916073417],[136.14394454141458,34.61902950812418],[136.14538846699944,34.61879421551047],[136.14566107036737,34.6180157459898],[136.14830652151232,34.617674432708625],[136.15062190759033,34.617574215577235],[136.1515640364895,34.617689807029954],[136.1535053575696,34.617580427159076],[136.15430957133236,34.61713722428676],[136.15476572429154,34.61721862070015],[136.15515984154766,34.61811358826745],[136.15629295807207,34.61960471874244],[136.15572656374107,34.62047868068982],[136.15946443924253,34.61970521274816],[136.16304212093732,34.6185002487056],[136.16548088343006,34.61732451541456],[136.16810670353192,34.61552939520019],[136.16943839538234,34.61360110804223],[136.16952668407842,34.611733438831614],[136.17023209114916,34.61149749166467],[136.1710018837053,34.61163755441764],[136.1743440785168,34.612557165063826],[136.17480524780694,34.612584823465326],[136.1761817299238,34.611789942204524],[136.17641083899107,34.610984577454985],[136.17488625467962,34.60805552347902],[136.17521372498078,34.6072800213107],[136.17664040405498,34.60724641611119],[136.17810716002973,34.60759518310177],[136.17931160132315,34.607680618490605],[136.179776032514,34.60867162338163],[136.1815087072968,34.60971752289668],[136.18185859346818,34.609737711067154],[136.18186125018505,34.61094632656812],[136.1805136727928,34.611774628957704],[136.18035229066422,34.612250000157054],[136.17967154277667,34.612349179722415],[136.17937406320578,34.613454970085044],[136.1778884533514,34.614025227157896],[136.17717826378367,34.61496622761501],[136.1760052795753,34.61568067047665],[136.1755752893841,34.616192612693865],[136.17633944665474,34.61712121559593],[136.17586628192635,34.61789663081141],[136.17726798247003,34.61894828487682],[136.17744189379545,34.619448943700185],[136.1772150384642,34.62048237444537],[136.1772436212731,34.6221868375562],[136.17796985076774,34.62288830568768],[136.17792898000454,34.62423632939776],[136.1784674153106,34.62475211623485],[136.1787198389488,34.625929405868526],[136.1794095849934,34.626588793316145],[136.17914316394848,34.626545089145836],[136.17811072453182,34.626942984120724],[136.1782822388936,34.62744464833852],[136.17781442421935,34.62787680216549],[136.1759606006063,34.62932109783242],[136.17478938850093,34.63007006639027],[136.17502548952154,34.63035850897605],[136.17512702013994,34.63053599821805],[136.1736735435119,34.63162118797204],[136.17302615957297,34.63159096877657],[136.17295269839533,34.63158036616815],[136.17231727216102,34.63156829827348],[136.17161483006777,34.632027816421854],[136.1714790477292,34.63210126000518],[136.17004519697528,34.63340996968324],[136.16871935775308,34.63358016073267],[136.16772063778205,34.63394371698504],[136.1667629910731,34.63405280294978],[136.1659720564171,34.634178133362795],[136.16538729671547,34.633937487312565],[136.1653007134264,34.632914486949026],[136.1642234639293,34.63243925865364],[136.16353396700194,34.6317062749146],[136.1633572846668,34.631776525003815],[136.1619655037098,34.63163851442654],[136.16195889391278,34.63219776481569],[136.16116467229742,34.632970915985815],[136.1598026145887,34.63391413386254],[136.15865453280213,34.63499496381286],[136.15891343237632,34.635709662847816],[136.15818390476176,34.63616167329785],[136.15685231321677,34.63741219091664],[136.15655237110997,34.63736172613498],[136.15553153457859,34.638297270330845],[136.15577063472793,34.638703646790816],[136.15498424210458,34.63961648418649]]]},"properties":{"KEY_CODE":"242080710","PREF":"24","CITY":"208","CITY_NAME":"名張市","S_NAME":"滝之原","SETAI":"130"}},{"type":"Feature","geometry":{"type":"Polygon","coordinates":[[[136.12480128592802,34.62827628418141],[136.1246998425005,34.62868010468818],[136.1237779078226,34.629716123551226],[136.12408023589384,34.6305635296205],[136.12397750940076,34.63107680082244],[136.12295637941253,34.63087951358823],[136.1225503865353,34.629907829129166],[136.12040920946427,34.62936950581131],[136.11999392387193,34.62846008793776],[136.11890473979696,34.62793082157516],[136.11922025246884,34.62763764961691],[136.11961217119338,34.62795110540133],[136.11993124009734,34.62739084914252],[136.12385170593942,34.628728312375145],[136.12480128592802,34.62827628418141]]]},"properties":{"KEY_CODE":"242080720","PREF":"24","CITY":"208","CITY_NAME":"名張市","S_NAME":"富貴ケ丘一番町","SETAI":"118"}},{"type":"Feature","geometry":{"type":"Polygon","coordinates":[[[136.12517106022,34.62703544649691],[136.12480128592802,34.62827628418141],[136.12385170593942,34.628728312375145],[136.11993124009734,34.62739084914252],[136.11961217119338,34.62795110540133],[136.11922025246884,34.62763764961691],[136.12016972521798,34.62639131482501],[136.1208083291359,34.62560507130833],[136.12517106022,34.62703544649691]]]},"properties":{"KEY_CODE":"242080730","PREF":"24","CITY":"208","CITY_NAME":"名張市","S_NAME":"富貴ケ丘二番町","SETAI":"210"}},{"type":"Feature","geometry":{"type":"Polygon","coordinates":[[[136.1246778765234,34.62436840731488],[136.12506779584967,34.625264887815],[136.12557840476913,34.62575569065471],[136.12517106022,34.62703544649691],[136.1208083291359,34.62560507130833],[136.12016972521798,34.62639131482501],[136.1209105113545,34.62468737441204],[136.12199240570956,34.624694027064145],[136.1246778765234,34.62436840731488]]]},"properties":{"KEY_CODE":"242080740","PREF":"24","CITY":"208","CITY_NAME":"名張市","S_NAME":"富貴ケ丘三番町","SETAI":"158"}},{"type":"Feature","geometry":{"type":"Polygon","coordinates":[[[136.1246778765234,34.62436840731488],[136.12199240570956,34.624694027064145],[136.1209105113545,34.62468737441204],[136.12016972521798,34.62639131482501],[136.11922025246884,34.62763764961691],[136.11890473979696,34.62793082157516],[136.11840100007743,34.62901301280978],[136.11749340612067,34.62989176292867],[136.11670898135347,34.63035329015235],[136.115466861852,34.630607059615855],[136.11468922786284,34.62956965084873],[136.11629772119986,34.62932694305002],[136.1173035481251,34.62867165507651],[136.1175225844789,34.62725321769235],[136.1169747761872,34.62571395758991],[136.11666391878344,34.625434220644806],[136.1148459378988,34.626751237221875],[136.11400492252122,34.62618886062092],[136.11463329807492,34.62582609573951],[136.11594187537315,34.624375755825014],[136.11659883387688,34.623220305296734],[136.11781605449994,34.62209797167025],[136.1188720389671,34.62249755214883],[136.1194212872353,34.622252466064744],[136.12043724157166,34.62252163128621],[136.12188098028176,34.62184628057067],[136.12312306418323,34.62236308499927],[136.12306242474938,34.62340171403336],[136.12262358227488,34.62385202896142],[136.1235578802034,34.6236283924275],[136.1241466771811,34.62429041233745],[136.1246778765234,34.62436840731488]]]},"properties":{"KEY_CODE":"242080750","PREF":"24","CITY":"208","CITY_NAME":"名張市","S_NAME":"富貴ケ丘四番町","SETAI":"345"}},{"type":"Feature","geometry":{"type":"Polygon","coordinates":[[[136.12043724157166,34.62252163128621],[136.1194212872353,34.622252466064744],[136.1188720389671,34.62249755214883],[136.11781605449994,34.62209797167025],[136.11659883387688,34.623220305296734],[136.11637653715087,34.62170931814464],[136.11551033752744,34.62118120400629],[136.11673688359804,34.62038286355953],[136.11680655454904,34.619749042718894],[136.11801941808903,34.61928131505687],[136.11838757056574,34.619801168255094],[136.11915642815052,34.619311226629115],[136.12078861794058,34.621139817477435],[136.11988826469823,34.62169502249365],[136.12043724157166,34.62252163128621]]]},"properties":{"KEY_CODE":"242080760","PREF":"24","CITY":"208","CITY_NAME":"名張市","S_NAME":"富貴ケ丘五番町","SETAI":"252"}},{"type":"Feature","geometry":{"type":"Polygon","coordinates":[[[136.11880041678955,34.61878625251388],[136.11979939863122,34.618721873548154],[136.12107891290316,34.618907663232775],[136.1219292615007,34.61810725695448],[136.12288376186132,34.618320399512726],[136.12318452909793,34.61891735829596],[136.1231858385624,34.61980762254232],[136.12366972082378,34.620317619051626],[136.1224511983114,34.62081133051131],[136.12188098028176,34.62184628057067],[136.12043724157166,34.62252163128621],[136.11988826469823,34.62169502249365],[136.12078861794058,34.621139817477435],[136.11915642815052,34.619311226629115],[136.11838757056574,34.619801168255094],[136.11801941808903,34.61928131505687],[136.11880041678955,34.61878625251388]]]},"properties":{"KEY_CODE":"242080770","PREF":"24","CITY":"208","CITY_NAME":"名張市","S_NAME":"富貴ケ丘六番町","SETAI":"255"}},{"type":"Feature","geometry":{"type":"Polygon","coordinates":[[[136.1642970382441,34.635306225659164],[136.16476432668733,34.636840620157834],[136.1649181906386,34.63705199394515],[136.16522101027047,34.63743629122303],[136.16449267139288,34.637745921762765],[136.1628218527079,34.63857394371863],[136.16241484260453,34.638764239283795],[136.16070999594334,34.63711469634593],[136.1617184862665,34.63640662315714],[136.16273107793808,34.63582954564326],[136.1642970382441,34.635306225659164]]]},"properties":{"KEY_CODE":"242080780","PREF":"24","CITY":"208","CITY_NAME":"名張市","S_NAME":"すずらん台東一番町","SETAI":"161"}},{"type":"Feature","geometry":{"type":"Polygon","coordinates":[[[136.1608443178394,34.634831346553646],[136.16165241959885,34.63424482873527],[136.16273107793808,34.63582954564326],[136.1617184862665,34.63640662315714],[136.16070999594334,34.63711469634593],[136.15957873250258,34.63602151162883],[136.15891343237632,34.635709662847816],[136.15865453280213,34.63499496381286],[136.1598026145887,34.63391413386254],[136.1608443178394,34.634831346553646]]]},"properties":{"KEY_CODE":"242080790","PREF":"24","CITY":"208","CITY_NAME":"名張市","S_NAME":"すずらん台東二番町","SETAI":"148"}},{"type":"Feature","geometry":{"type":"Polygon","coordinates":[[[136.1670196607759,34.63470762244331],[136.1642970382441,34.635306225659164],[136.1627310779381,34.63582954564329],[136.16165241959885,34.634244828735305],[136.1608443178394,34.634831346553646],[136.1598026145887,34.63391413386254],[136.16116467229742,34.632970915985815],[136.16195889391278,34.63219776481569],[136.1619655037098,34.63163851442654],[136.1633572846668,34.631776525003815],[136.16353396700194,34.6317062749146],[136.1642234639293,34.63243925865364],[136.1653007134264,34.632914486949026],[136.16538729671547,34.633937487312565],[136.1659720564171,34.634178133362795],[136.1667629910731,34.63405280294978],[136.1670196607759,34.63470762244331]]]},"properties":{"KEY_CODE":"242080800","PREF":"24","CITY":"208","CITY_NAME":"名張市","S_NAME":"すずらん台東三番町","SETAI":"141"}},{"type":"Feature","geometry":{"type":"Polygon","coordinates":[[[136.16921182337447,34.63493433635978],[136.16876344415095,34.635204159049586],[136.1681108985155,34.634795705284915],[136.1670196607759,34.63470762244331],[136.1667629910731,34.63405280294978],[136.16772063778205,34.63394371698504],[136.16871935775308,34.63358016073267],[136.17004519697528,34.63340996968324],[136.1714790477292,34.63210126000518],[136.17216856136065,34.63304480032062],[136.17173437111606,34.63328446846407],[136.16921182337447,34.63493433635978]]]},"properties":{"KEY_CODE":"242080810","PREF":"24","CITY":"208","CITY_NAME":"名張市","S_NAME":"すずらん台東四番町","SETAI":"94"}},{"type":"Feature","geometry":{"type":"Polygon","coordinates":[[[136.1670196607759,34.63470762244331],[136.1681108985155,34.634795705284915],[136.16876344415095,34.635204159049586],[136.16783436893624,34.63618137754917],[136.16718421714114,34.63673109434909],[136.16585773543616,34.63716551993016],[136.16522101027047,34.63743629122303],[136.1649181906386,34.63705199394515],[136.16476432668733,34.636840620157834],[136.1642970382441,34.635306225659164],[136.1670196607759,34.63470762244331]]]},"properties":{"KEY_CODE":"242080820","PREF":"24","CITY":"208","CITY_NAME":"名張市","S_NAME":"すずらん台東五番町","SETAI":"164"}},{"type":"Feature","geometry":{"type":"Polygon","coordinates":[[[136.15726123873742,34.64241019790376],[136.15592320554026,34.64270773649405],[136.15562886455635,34.642540903264305],[136.15509050113127,34.6437748776259],[136.1543078560578,34.6445650038076],[136.1531906370301,34.64481081089051],[136.1523460778813,34.64575622248526],[136.15152775644805,34.645392117967894],[136.15159090085655,34.644568770380936],[136.15157304050095,34.64374474690514],[136.15274069110504,34.64353070239634],[136.15197547077832,34.64247986649565],[136.1523618088511,34.64139598199629],[136.1542552108701,34.64037358410596],[136.15487016050866,34.64029659387676],[136.15498424210458,34.63961648418649],[136.1555786541959,34.64036091065966],[136.15694877813553,34.64167625955072],[136.15744141383567,34.6421579538008],[136.15726123873742,34.64241019790376]]]},"properties":{"KEY_CODE":"242080830","PREF":"24","CITY":"208","CITY_NAME":"名張市","S_NAME":"すずらん台西一番町","SETAI":"181"}},{"type":"Feature","geometry":{"type":"Polygon","coordinates":[[[136.1593256065856,34.64127916841935],[136.15869835456297,34.64145635360278],[136.1577567517982,34.641750298530354],[136.15745977623584,34.64186563035994],[136.15744141383567,34.6421579538008],[136.15694877813553,34.64167625955072],[136.1555786541959,34.64036091065966],[136.15498424210458,34.63961648418649],[136.15577063472793,34.638703646790816],[136.1569077326989,34.63978671917907],[136.15796211787026,34.64082157502911],[136.15972799712387,34.63955610846586],[136.16008457982298,34.63988174605954],[136.1605251157379,34.6395868899389],[136.16081980234722,34.63991288954687],[136.16091598185537,34.639907549646956],[136.160807986977,34.640235915572205],[136.16080423919087,34.64076248366438],[136.1593256065856,34.64127916841935]]]},"properties":{"KEY_CODE":"242080840","PREF":"24","CITY":"208","CITY_NAME":"名張市","S_NAME":"すずらん台西二番町","SETAI":"142"}},{"type":"Feature","geometry":{"type":"Polygon","coordinates":[[[136.16070999594334,34.63711469634593],[136.1590678065389,34.63827775397672],[136.1569077326989,34.63978671917907],[136.15577063472793,34.638703646790816],[136.15553153457859,34.638297270330845],[136.15655237110997,34.63736172613498],[136.15685231321677,34.63741219091664],[136.15818390476176,34.63616167329785],[136.15891343237632,34.635709662847816],[136.15957873250258,34.63602151162883],[136.16070999594334,34.63711469634593]]]},"properties":{"KEY_CODE":"242080850","PREF":"24","CITY":"208","CITY_NAME":"名張市","S_NAME":"すずらん台西三番町","SETAI":"180"}},{"type":"Feature","geometry":{"type":"Polygon","coordinates":[[[136.16091598185537,34.639907549646956],[136.16081980234722,34.63991288954687],[136.1605251157379,34.6395868899389],[136.16008457982298,34.63988174605954],[136.15972799712387,34.63955610846586],[136.15796211787026,34.64082157502911],[136.1569077326989,34.63978671917907],[136.1590678065389,34.63827775397672],[136.16070999594334,34.63711469634593],[136.16241484260453,34.638764239283795],[136.16115841320456,34.63914189273758],[136.16091598185537,34.639907549646956]]]},"properties":{"KEY_CODE":"242080860","PREF":"24","CITY":"208","CITY_NAME":"名張市","S_NAME":"すずらん台西四番町","SETAI":"181"}},{"type":"Feature","geometry":{"type":"Polygon","coordinates":[[[136.12913430415858,34.60769489551325],[136.12741395791886,34.60703283940588],[136.12658679141367,34.60687425573476],[136.1254191789787,34.60716312550923],[136.12424179610622,34.60783106182937],[136.12407195439206,34.607487809500896],[136.12443998473321,34.60681085661956],[136.12523703960792,34.60690722516027],[136.12587295841422,34.6065528481237],[136.12662284812578,34.60553262376299],[136.12760719234637,34.605699772420984],[136.12829806049933,34.60457352862324],[136.1304435360702,34.60543429360918],[136.12913430415858,34.60769489551325]]]},"properties":{"KEY_CODE":"242080870","PREF":"24","CITY":"208","CITY_NAME":"名張市","S_NAME":"つつじが丘北一番町","SETAI":"228"}},{"type":"Feature","geometry":{"type":"Polygon","coordinates":[[[136.12424179610622,34.60783106182937],[136.1254191789787,34.60716312550923],[136.12658679141367,34.60687425573476],[136.12741395791886,34.60703283940588],[136.12913430415858,34.60769489551325],[136.1296100794604,34.60787666245571],[136.1284003966276,34.609929089875855],[136.1282499431224,34.611368885812325],[136.12774208054287,34.61136956742533],[136.1279141944899,34.6126501277093],[136.12735020883056,34.613074448242934],[136.12747787129328,34.61074426990223],[136.12790382788242,34.609715082778735],[136.12728613477603,34.60877321433401],[136.1266386373847,34.608480900597556],[136.12691880748127,34.6078405165064],[136.126471292144,34.60734430150816],[136.12591668178607,34.60735122226191],[136.12460042660342,34.60798310489337],[136.12424179610622,34.60783106182937]]]},"properties":{"KEY_CODE":"242080880","PREF":"24","CITY":"208","CITY_NAME":"名張市","S_NAME":"つつじが丘北二番町","SETAI":"152"}},{"type":"Feature","geometry":{"type":"Polygon","coordinates":[[[136.1316186165224,34.60335328359728],[136.13407323564212,34.60429069874371],[136.13156151691777,34.608660847502925],[136.1296100794604,34.60787666245571],[136.12913430415858,34.60769489551325],[136.1304435360702,34.60543429360918],[136.1316186165224,34.60335328359728]]]},"properties":{"KEY_CODE":"242080890","PREF":"24","CITY":"208","CITY_NAME":"名張市","S_NAME":"つつじが丘北三番町","SETAI":"205"}},{"type":"Feature","geometry":{"type":"Polygon","coordinates":[[[136.1296100794604,34.60787666245571],[136.13156151691777,34.608660847502925],[136.1301698220083,34.61108100884909],[136.12898859956474,34.61317666029074],[136.1279141944899,34.6126501277093],[136.12774208054287,34.61136956742533],[136.1282499431224,34.611368885812325],[136.1284003966276,34.609929089875855],[136.1296100794604,34.60787666245571]]]},"properties":{"KEY_CODE":"242080900","PREF":"24","CITY":"208","CITY_NAME":"名張市","S_NAME":"つつじが丘北四番町","SETAI":"241"}},{"type":"Feature","geometry":{"type":"Polygon","coordinates":[[[136.13407323564212,34.60429069874371],[136.13652106718067,34.60525653277867],[136.13424709689713,34.60923176163022],[136.13407489746794,34.60961242896132],[136.13156151691777,34.608660847502925],[136.13407323564212,34.60429069874371]]]},"properties":{"KEY_CODE":"242080910","PREF":"24","CITY":"208","CITY_NAME":"名張市","S_NAME":"つつじが丘北五番町","SETAI":"278"}},{"type":"Feature","geometry":{"type":"Polygon","coordinates":[[[136.1332708633226,34.61101492674956],[136.13234684084125,34.61065702398446],[136.13174874568696,34.61167458272829],[136.1301698220083,34.61108100884909],[136.13156151691777,34.608660847502925],[136.13407489746794,34.60961242896132],[136.1332708633226,34.61101492674956]]]},"properties":{"KEY_CODE":"242080920","PREF":"24","CITY":"208","CITY_NAME":"名張市","S_NAME":"つつじが丘北六番町","SETAI":"177"}},{"type":"Feature","geometry":{"type":"Polygon","coordinates":[[[136.1332708633226,34.61101492674956],[136.1315690110796,34.61399454280025],[136.131465590998,34.61414622651784],[136.12898859956474,34.61317666029074],[136.1301698220083,34.61108100884909],[136.13174874568696,34.61167458272829],[136.13234684084125,34.61065702398446],[136.1332708633226,34.61101492674956]]]},"properties":{"KEY_CODE":"242080930","PREF":"24","CITY":"208","CITY_NAME":"名張市","S_NAME":"つつじが丘北七番町","SETAI":"180"}},{"type":"Feature","geometry":{"type":"Polygon","coordinates":[[[136.131465590998,34.61414622651784],[136.13014114682227,34.616442214974306],[136.12984327419892,34.61634590487446],[136.13009124480183,34.61585246844257],[136.12931967013543,34.614991066508786],[136.12807511014165,34.61508579233029],[136.12767762758455,34.61544429426077],[136.12752582764736,34.61440952165721],[136.12768645655007,34.61366417468689],[136.12735020883056,34.613074448242934],[136.1279141944899,34.6126501277093],[136.12898859956474,34.61317666029074],[136.131465590998,34.61414622651784]]]},"properties":{"KEY_CODE":"242080940","PREF":"24","CITY":"208","CITY_NAME":"名張市","S_NAME":"つつじが丘北八番町","SETAI":"173"}},{"type":"Feature","geometry":{"type":"Polygon","coordinates":[[[136.13412029715374,34.614996936417235],[136.1328476098149,34.61690199671804],[136.13139894286576,34.61764777666388],[136.13027099792708,34.617939608202505],[136.1291169781775,34.61718286078504],[136.12924301459063,34.61649431781577],[136.12984327419892,34.61634590487446],[136.13014114682227,34.616442214974306],[136.131465590998,34.61414622651784],[136.1315690110796,34.61399454280025],[136.13412029715374,34.614996936417235]]]},"properties":{"KEY_CODE":"242080950","PREF":"24","CITY":"208","CITY_NAME":"名張市","S_NAME":"つつじが丘北九番町","SETAI":"204"}},{"type":"Feature","geometry":{"type":"Polygon","coordinates":[[[136.13468145420956,34.60936312520118],[136.1349053184002,34.61088773505186],[136.13438618133813,34.61235429693959],[136.13471283953322,34.6125970635132],[136.13442894864002,34.61381529974709],[136.13500120865396,34.61450137308798],[136.13412029715374,34.614996936417235],[136.1315690110796,34.61399454280025],[136.1332708633226,34.61101492674956],[136.13407489746794,34.60961242896132],[136.13424709689713,34.60923176163022],[136.13468145420956,34.60936312520118]]]},"properties":{"KEY_CODE":"242080960","PREF":"24","CITY":"208","CITY_NAME":"名張市","S_NAME":"つつじが丘北一〇番町","SETAI":"254"}},{"type":"Feature","geometry":{"type":"Polygon","coordinates":[[[136.13514699611878,34.608198917575336],[136.13468145420956,34.60936312520118],[136.13424709689713,34.60923176163022],[136.13652106718067,34.60525653277867],[136.13674095394296,34.604874680900366],[136.1384434174501,34.60553832016016],[136.13918761801787,34.60426193527655],[136.13919742554393,34.604496885704116],[136.13921004770842,34.604664077110904],[136.13922088148885,34.604815212039554],[136.13951716645093,34.605404245477985],[136.1395639725337,34.6055042059801],[136.13981603663942,34.60592115234593],[136.13998172850216,34.606393559241035],[136.13996056376297,34.60645359257305],[136.1398108884534,34.606682671539126],[136.13973597976099,34.60685940124164],[136.1394370992966,34.60742278315703],[136.1389200486869,34.60802867627945],[136.13864201627686,34.60808210215396],[136.13852947798532,34.60813435231849],[136.13823140080947,34.608312184764294],[136.13787229762215,34.60835711061463],[136.1375422473659,34.60844891058625],[136.13710776313584,34.60853491157957],[136.13691534520325,34.60861035221903],[136.13667459906804,34.60857963626741],[136.13593857964116,34.608206758927864],[136.13535014281481,34.608145582796524],[136.13514699611878,34.608198917575336]]]},"properties":{"KEY_CODE":"242080970","PREF":"24","CITY":"208","CITY_NAME":"名張市","S_NAME":"つつじが丘南一番町","SETAI":"201"}},{"type":"Feature","geometry":{"type":"Polygon","coordinates":[[[136.1394128676748,34.59973798028089],[136.13959087144977,34.59984257765651],[136.1396125974413,34.60004145170296],[136.13987000528275,34.600465714541144],[136.13991843430628,34.6006380752044],[136.14014870665918,34.60081909889194],[136.1402345663014,34.60099592353747],[136.14012274222802,34.60127468211174],[136.14019566976492,34.60175550462462],[136.14013505630544,34.602234371084826],[136.13973465942954,34.602654889484754],[136.1395582881088,34.60291963634693],[136.13933633150995,34.60339023616371],[136.13920541742658,34.60420824539156],[136.13918860308286,34.60425249677637],[136.13918761801787,34.60426193527655],[136.1384434174501,34.60553832016016],[136.13674095394296,34.604874680900366],[136.13789867629066,34.602830688596086],[136.13910445148733,34.60072395835234],[136.1394128676748,34.59973798028089]]]},"properties":{"KEY_CODE":"242080980","PREF":"24","CITY":"208","CITY_NAME":"名張市","S_NAME":"つつじが丘南二番町","SETAI":"212"}},{"type":"Feature","geometry":{"type":"Polygon","coordinates":[[[136.1356535847939,34.60150841690055],[136.13757737029246,34.60229267558478],[136.13789867629066,34.602830688596086],[136.13674095394296,34.604874680900366],[136.13652106718067,34.60525653277867],[136.13407323564212,34.60429069874371],[136.1356535847939,34.60150841690055]]]},"properties":{"KEY_CODE":"242080990","PREF":"24","CITY":"208","CITY_NAME":"名張市","S_NAME":"つつじが丘南三番町","SETAI":"218"}},{"type":"Feature","geometry":{"type":"Polygon","coordinates":[[[136.13663609814725,34.59978102738504],[136.13910445148733,34.60072395835234],[136.13789867629066,34.602830688596086],[136.13757737029246,34.60229267558478],[136.1356535847939,34.60150841690055],[136.13663609814725,34.59978102738504]]]},"properties":{"KEY_CODE":"242081000","PREF":"24","CITY":"208","CITY_NAME":"名張市","S_NAME":"つつじが丘南四番町","SETAI":"137"}},{"type":"Feature","geometry":{"type":"Polygon","coordinates":[[[136.1394128676748,34.59973798028089],[136.13910445148733,34.60072395835234],[136.13663609814725,34.59978102738504],[136.13420562916596,34.59880659248327],[136.13476375525136,34.59779175301516],[136.1365575952435,34.59759731247789],[136.1382590666466,34.59652748331708],[136.13857341991232,34.59584167931173],[136.13912364733412,34.59549607053202],[136.13963672961538,34.59532305903175],[136.13973877071433,34.59557945202424],[136.13977638907704,34.59569435300503],[136.13961643115863,34.59596880121096],[136.13948852169668,34.596234195097125],[136.13926455758343,34.596605912224355],[136.13894730407569,34.597161281201906],[136.13881918891522,34.597298488125354],[136.13864703873543,34.598287125565136],[136.13872217916222,34.59845058204083],[136.13879741091154,34.598667142794284],[136.13870143739342,34.598835303491086],[136.138515088875,34.59933079385136],[136.13881506382614,34.59962668427917],[136.13917908108718,34.599838686285],[136.13930738444233,34.599816423506965],[136.1394128676748,34.59973798028089]]]},"properties":{"KEY_CODE":"242081010","PREF":"24","CITY":"208","CITY_NAME":"名張市","S_NAME":"つつじが丘南五番町","SETAI":"203"}},{"type":"Feature","geometry":{"type":"Polygon","coordinates":[[[136.1356535847939,34.60150841690055],[136.133674785244,34.60076433820668],[136.13337240128425,34.6012661474776],[136.1329311376431,34.601095628477744],[136.1324959655243,34.60093848365743],[136.1326335387533,34.600013986055586],[136.13349148828445,34.598102789933144],[136.1335382794286,34.59727572818556],[136.13476375525136,34.59779175301516],[136.13420562916596,34.59880659248327],[136.13663609814725,34.59978102738504],[136.1356535847939,34.60150841690055]]]},"properties":{"KEY_CODE":"242081020","PREF":"24","CITY":"208","CITY_NAME":"名張市","S_NAME":"つつじが丘南六番町","SETAI":"213"}},{"type":"Feature","geometry":{"type":"Polygon","coordinates":[[[136.1329311376431,34.601095628477744],[136.13337240128425,34.6012661474776],[136.133674785244,34.60076433820668],[136.1356535847939,34.60150841690055],[136.13407323564212,34.60429069874371],[136.1316186165224,34.60335328359728],[136.1329311376431,34.601095628477744]]]},"properties":{"KEY_CODE":"242081030","PREF":"24","CITY":"208","CITY_NAME":"名張市","S_NAME":"つつじが丘南七番町","SETAI":"215"}},{"type":"Feature","geometry":{"type":"Polygon","coordinates":[[[136.1329311376431,34.601095628477744],[136.1316186165224,34.60335328359728],[136.1304435360702,34.60543429360918],[136.12829806049933,34.60457352862324],[136.1288564624971,34.60424795444068],[136.1289003104199,34.60321086255315],[136.13008845941434,34.60205323154533],[136.13013605777502,34.60171708080766],[136.13106648851837,34.60163648047297],[136.1323476023838,34.601796504381234],[136.1324959655243,34.60093848365743],[136.1329311376431,34.601095628477744]]]},"properties":{"KEY_CODE":"242081040","PREF":"24","CITY":"208","CITY_NAME":"名張市","S_NAME":"つつじが丘南八番町","SETAI":"197"}},{"type":"Feature","geometry":{"type":"Polygon","coordinates":[[[136.0731885631552,34.6234691424369],[136.07151222379005,34.623474052064985],[136.06915064423842,34.623859100607156],[136.06923383513916,34.62306485166151],[136.068779346013,34.62213538567859],[136.06781071332244,34.62182079445606],[136.0666709080999,34.62196945321802],[136.06503800364058,34.62053317622113],[136.06313532969216,34.62017802164695],[136.06237252940682,34.619756083220885],[136.06255471201925,34.61867812014804],[136.06228325891695,34.6176351716434],[136.06235893177734,34.61687870811625],[136.064045699325,34.61624201719261],[136.0663822983697,34.61527506477007],[136.0669110497052,34.61501038804394],[136.06780965076214,34.614422514456656],[136.06844849915097,34.61377913302611],[136.06975201299576,34.612784776865475],[136.07029846005636,34.61257965805408],[136.07079785587877,34.612747991291066],[136.07139659134555,34.612782304911896],[136.0723750462835,34.61239014755469],[136.07277805249552,34.611980004261106],[136.07338682450595,34.611193072651496],[136.07341011485545,34.6108885141107],[136.07339641200565,34.61057693469768],[136.07436729781043,34.60986909190677],[136.07483146338015,34.61004869493636],[136.07742972663948,34.60806813266582],[136.08053536286957,34.6094095716521],[136.08197140658882,34.610356221493944],[136.08346802079322,34.61157172151062],[136.08419272864498,34.61262095092169],[136.0846813285995,34.61382923137396],[136.08471709914718,34.614735805994364],[136.08322551655178,34.618400245103956],[136.08283010730347,34.618617294781615],[136.08176513182815,34.61918764359223],[136.0801863924813,34.620136672147325],[136.07917350772794,34.62162751950391],[136.07907452444766,34.622799997466714],[136.07776478508205,34.62323707214963],[136.0771785952621,34.62346323855971],[136.07602965850072,34.62376961535749],[136.07558135540953,34.6238317243719],[136.0731885631552,34.6234691424369]]]},"properties":{"KEY_CODE":"242081050","PREF":"24","CITY":"208","CITY_NAME":"名張市","S_NAME":"黒田","SETAI":"118"}},{"type":"Feature","geometry":{"type":"Polygon","coordinates":[[[136.06235893177734,34.61687870811625],[136.0613219934736,34.61685399713107],[136.06079145328124,34.61596231587826],[136.0602423655627,34.61577354154075],[136.06300980016428,34.614556842696466],[136.06405899371967,34.61340124847178],[136.0654464562523,34.61256254876087],[136.06626316281847,34.61183964066394],[136.066987399636,34.610856324372776],[136.06899024574503,34.60977919850508],[136.06972377794398,34.609135899158154],[136.07005755409895,34.60786570060976],[136.07054643838498,34.60672768203033],[136.0710361969859,34.606136488421306],[136.073140427274,34.60568690688011],[136.07548588284263,34.60705159249742],[136.07742972663948,34.60806813266582],[136.07483146338018,34.61004869493638],[136.07436729781043,34.60986909190677],[136.07339641200562,34.61057693469768],[136.07341011485545,34.6108885141107],[136.07338682450595,34.611193072651496],[136.07277805249552,34.611980004261106],[136.0723750462835,34.61239014755469],[136.07139659134555,34.612782304911896],[136.07079785587877,34.612747991291066],[136.07029846005636,34.61257965805408],[136.06975201299576,34.612784776865475],[136.06844849915097,34.61377913302611],[136.06780965076214,34.614422514456656],[136.0669110497052,34.61501038804394],[136.0663822983697,34.61527506477007],[136.064045699325,34.61624201719261],[136.06235893177734,34.61687870811625]]]},"properties":{"KEY_CODE":"242081060","PREF":"24","CITY":"208","CITY_NAME":"名張市","S_NAME":"結馬","SETAI":"41"}},{"type":"Feature","geometry":{"type":"Polygon","coordinates":[[[136.073140427274,34.60568690688011],[136.0710361969859,34.606136488421306],[136.07054643838498,34.60672768203033],[136.07005755409895,34.60786570060976],[136.06972377794398,34.609135899158154],[136.06899024574503,34.60977919850508],[136.066987399636,34.610856324372776],[136.06626316281847,34.61183964066394],[136.0654464562523,34.61256254876087],[136.06405899371967,34.61340124847178],[136.06300980016428,34.614556842696466],[136.0602423655627,34.61577354154075],[136.05896565076966,34.61443273825002],[136.05794086862713,34.61390909502744],[136.05867006213612,34.61330556641619],[136.05841920558257,34.612903528981235],[136.0590520426624,34.61194465297003],[136.05987428063568,34.61141165455877],[136.06138524874677,34.610788745284594],[136.06271310890776,34.60998180194276],[136.063237673465,34.609137919983404],[136.06407832606496,34.60868180822491],[136.06457084802258,34.608058243105866],[136.065121274668,34.60733857894795],[136.06670107452138,34.60648652143095],[136.0674114044,34.60629442757683],[136.06783926801583,34.60605022633784],[136.0681659647079,34.60586100874107],[136.06824768861367,34.60579966115894],[136.06836425715142,34.60568330271843],[136.06887702858353,34.605338164103195],[136.06960757817194,34.60491101702276],[136.06990733222176,34.6047079079576],[136.07021999965755,34.60441383839342],[136.07043281043642,34.60422590181961],[136.07046008230787,34.60420679739039],[136.07126767358108,34.604734495303205],[136.073140427274,34.60568690688011]]]},"properties":{"KEY_CODE":"242081070","PREF":"24","CITY":"208","CITY_NAME":"名張市","S_NAME":"井手","SETAI":"28"}},{"type":"Feature","geometry":{"type":"Polygon","coordinates":[[[136.06271310890776,34.60998180194276],[136.06138524874677,34.610788745284594],[136.05987428063568,34.61141165455877],[136.0590520426624,34.61194465297003],[136.05841920558257,34.612903528981235],[136.05775937477856,34.612559583529105],[136.05600748676142,34.61024210983774],[136.05412047782832,34.60963360179111],[136.05296626945497,34.60825408217846],[136.05202275718662,34.6078765556701],[136.05081735421228,34.607033296560004],[136.0506948945543,34.60559837130256],[136.05032572348068,34.60441639716556],[136.0498316385503,34.60380736306622],[136.04860430388018,34.60312846657449],[136.04745424268128,34.60222710556047],[136.04648424848935,34.60045739416284],[136.04745988189245,34.599174449362124],[136.04726045258792,34.59832145501863],[136.04748858262218,34.59780341383781],[136.0487444907218,34.59709917778618],[136.04872146937794,34.59553926416149],[136.0496160937026,34.59450018899102],[136.05074307457818,34.59393910619281],[136.05227909189153,34.59358209743028],[136.0528686118357,34.59369750060926],[136.0531380921556,34.59246103819916],[136.05274207902335,34.59168688168137],[136.05183195765744,34.5913856677756],[136.05115354508433,34.59044751110858],[136.0513113690999,34.58950606099261],[136.05178246690937,34.58881127856321],[136.05132530928995,34.588214482719266],[136.04989602824176,34.58824532499084],[136.04865414793719,34.58747512980603],[136.04816783835204,34.58736557684353],[136.04706658330656,34.58642079078502],[136.0463692006914,34.585244904997566],[136.04650101354352,34.58470649773615],[136.0479131085569,34.58388744524255],[136.048685960475,34.582738746066575],[136.0524153260715,34.584165867987195],[136.0555245769835,34.58540145252323],[136.0570419174383,34.58613861398595],[136.0572815990684,34.586832667278046],[136.0596475154697,34.58667327199232],[136.06038698795186,34.58678814362313],[136.06130086482332,34.58748538436913],[136.06161058845828,34.58871184908097],[136.06165549565972,34.59058950166281],[136.06182666666962,34.592030423235265],[136.06240938926774,34.59390499140886],[136.06255155828362,34.595325081761565],[136.0630047841434,34.595461069157075],[136.06411650527875,34.59484747576407],[136.0653738387367,34.59605612455998],[136.06759692774764,34.5944368694266],[136.06817403854143,34.59494745857506],[136.06792267545902,34.59689740343087],[136.06803204088897,34.597781674953815],[136.06846344483776,34.59907004213292],[136.06950882483454,34.600092260073964],[136.0698233954842,34.60152563270521],[136.0697662580442,34.60311500529856],[136.07046008230787,34.60420679739039],[136.07043281043642,34.60422590181961],[136.07021999965755,34.60441383839342],[136.06990733222176,34.6047079079576],[136.06960757817194,34.60491101702276],[136.06887702858353,34.605338164103195],[136.06836425715142,34.60568330271843],[136.06824768861367,34.60579966115894],[136.0681659647079,34.60586100874107],[136.06783926801583,34.60605022633784],[136.0674114044,34.60629442757683],[136.06670107452138,34.60648652143095],[136.065121274668,34.60733857894795],[136.06457084802258,34.608058243105866],[136.06407832606496,34.608681808224915],[136.06323767346498,34.609137919983404],[136.06271310890776,34.60998180194276]]]},"properties":{"KEY_CODE":"242081080","PREF":"24","CITY":"208","CITY_NAME":"名張市","S_NAME":"安部田","SETAI":"265"}},{"type":"Feature","geometry":{"type":"Polygon","coordinates":[[[136.06817403854143,34.59494745857506],[136.06759692774764,34.5944368694266],[136.0653738387367,34.59605612455998],[136.06411650527875,34.59484747576407],[136.0630047841434,34.595461069157075],[136.06255155828362,34.595325081761565],[136.06240938926774,34.59390499140886],[136.06182666666962,34.592030423235265],[136.06165549565972,34.59058950166281],[136.06161058845828,34.58871184908097],[136.06130086482332,34.58748538436913],[136.06038698795186,34.58678814362313],[136.0596475154697,34.58667327199232],[136.0572815990684,34.586832667278046],[136.0570419174383,34.58613861398595],[136.05759701093604,34.58518531265966],[136.05788917412568,34.584738796900915],[136.05785576425768,34.584317782154045],[136.05849036025296,34.58332161606699],[136.05938049541413,34.582949898954084],[136.0605089656589,34.58232943821536],[136.0608052340689,34.582112934618],[136.0613361036579,34.58326139179851],[136.06233866243522,34.584559769811264],[136.0632184597077,34.5852596861751],[136.06346930838941,34.58523096570782],[136.06432490553212,34.58487556371709],[136.0650969426973,34.584534566475696],[136.065515542812,34.584322636627356],[136.0670318798581,34.58358204145463],[136.06710511365642,34.58354411110544],[136.06905369667987,34.58248632690264],[136.07119548315902,34.58157940432782],[136.07186892782101,34.58129223109933],[136.07346526157266,34.58100506839944],[136.07450942997468,34.58104050287654],[136.07338323324848,34.58143516101319],[136.07289023373016,34.58209580176789],[136.0730961513654,34.58417730005001],[136.0730646724837,34.586360779121165],[136.07249458493297,34.58887266151552],[136.07257832618998,34.590104863029914],[136.07155707814243,34.59138700526841],[136.07037406128478,34.590794793107406],[136.06991457455328,34.59084350673495],[136.0687965068133,34.59267517595032],[136.06846711153898,34.593452625529395],[136.06817403854143,34.59494745857506]]]},"properties":{"KEY_CODE":"242081090","PREF":"24","CITY":"208","CITY_NAME":"名張市","S_NAME":"矢川","SETAI":"94"}},{"type":"Feature","geometry":{"type":"Polygon","coordinates":[[[136.0650969426973,34.584534566475696],[136.06432490553212,34.58487556371709],[136.06346930838941,34.58523096570782],[136.0632184597077,34.5852596861751],[136.06233866243522,34.584559769811264],[136.06133610365796,34.583261391798494],[136.06082542911219,34.58215659153185],[136.06325444464272,34.580036016986575],[136.06640573375464,34.577143822470575],[136.06848850176274,34.57483192054576],[136.071078562673,34.57353514660136],[136.07489765126027,34.57142607901981],[136.07509823834002,34.57258902951997],[136.07515256083155,34.574712300878446],[136.075363327114,34.57605540152033],[136.0753124072036,34.577658687505185],[136.07567984488045,34.57843839706471],[136.07615236133068,34.579521458330056],[136.07578609573335,34.58004173726601],[136.07450942997468,34.58104050287654],[136.07346526157266,34.58100506839944],[136.07186892782101,34.58129223109932],[136.07119548315902,34.58157940432782],[136.06905369667987,34.58248632690264],[136.06710511365642,34.58354411110544],[136.0670318798581,34.58358204145463],[136.065515542812,34.584322636627356],[136.0650969426973,34.584534566475696]]]},"properties":{"KEY_CODE":"242081100","PREF":"24","CITY":"208","CITY_NAME":"名張市","S_NAME":"上三谷","SETAI":"17"}},{"type":"Feature","geometry":{"type":"Polygon","coordinates":[[[136.06082542911219,34.58215659153185],[136.0608052340689,34.582112934617996],[136.0605089656589,34.58232943821536],[136.05938049541413,34.582949898954084],[136.05849036025296,34.58332161606699],[136.05785576425768,34.584317782154045],[136.05788917412568,34.584738796900915],[136.05759701093604,34.58518531265966],[136.0570419174383,34.58613861398595],[136.0555245769835,34.58540145252323],[136.0524153260715,34.584165867987195],[136.04868596047504,34.582738746066575],[136.04912794622814,34.58206020795399],[136.04941110348335,34.58069096200676],[136.0497676854108,34.57995934917881],[136.0504409536777,34.57963708200609],[136.05192252204512,34.580787298296684],[136.05214140051154,34.5804852084662],[136.05209188919494,34.57918341443848],[136.05246475469562,34.57859264053243],[136.0542010292464,34.57840400086975],[136.0547692419223,34.57873928162111],[136.05545041517325,34.5781485029117],[136.05616429986563,34.577933236713584],[136.05691095678006,34.578174613743336],[136.0581765463935,34.577905558423076],[136.05832221597313,34.57736867958787],[136.05777019596175,34.576979743212085],[136.05796452585122,34.576415798090714],[136.05965991610043,34.575858047443425],[136.06045462407215,34.575267050523955],[136.0610054475495,34.574058923602564],[136.0609238177883,34.573387771598675],[136.06007965470215,34.57290503043824],[136.06030613751602,34.571965255198],[136.0601908430745,34.56964339323334],[136.06070977323134,34.569213662395924],[136.06258340937586,34.5685616925151],[136.0635081964565,34.568426991165495],[136.0647242490246,34.56727216559933],[136.06579491930805,34.56697622753832],[136.0672721309291,34.567780743058506],[136.0688784620745,34.56772634694896],[136.06923490117572,34.56709523949807],[136.06996501069926,34.56702778591768],[136.07120691311428,34.56775857449867],[136.07227712657206,34.5669525252462],[136.0741913467702,34.566481638861],[136.07519633415413,34.56536698398845],[136.07509451083072,34.56810675748461],[136.07482111246821,34.57091311672452],[136.07489765126027,34.57142607901981],[136.071078562673,34.57353514660136],[136.06848850176274,34.57483192054576],[136.06640573375464,34.577143822470575],[136.06325444464272,34.580036016986575],[136.06082542911219,34.58215659153185]]]},"properties":{"KEY_CODE":"242081110","PREF":"24","CITY":"208","CITY_NAME":"名張市","S_NAME":"竜口","SETAI":"17"}},{"type":"Feature","geometry":{"type":"Polygon","coordinates":[[[136.07585404032497,34.59634078456865],[136.07636099358345,34.59676488860931],[136.07690294260237,34.59640197454052],[136.0768586028845,34.59757918474742],[136.07578222205933,34.59943147520131],[136.07484991648042,34.60025664584003],[136.0754096704755,34.6007222769899],[136.07501193009307,34.60169798540166],[136.07512904759884,34.602981023334856],[136.07488756341382,34.60359166442717],[136.073140427274,34.60568690688011],[136.07126767358108,34.604734495303205],[136.07046008230787,34.60420679739039],[136.0697662580442,34.60311500529856],[136.0698233954842,34.60152563270521],[136.06950882483454,34.600092260073964],[136.06846344483776,34.59907004213292],[136.06803204088897,34.597781674953815],[136.06792267545902,34.59689740343087],[136.06817403854143,34.59494745857506],[136.06846711153898,34.593452625529395],[136.0687965068133,34.59267517595032],[136.07181587037536,34.59417632379414],[136.0724074282531,34.59468195274898],[136.07246240791122,34.59531804885965],[136.07412878478237,34.59526874559441],[136.07470035317263,34.595536743153815],[136.07467963807608,34.59602089794554],[136.07585404032497,34.59634078456865]]]},"properties":{"KEY_CODE":"242081120","PREF":"24","CITY":"208","CITY_NAME":"名張市","S_NAME":"赤目町丈六","SETAI":"353"}},{"type":"Feature","geometry":{"type":"Polygon","coordinates":[[[136.08763913806774,34.602780943898885],[136.08685587648515,34.604321415249366],[136.08590259596718,34.605200085218755],[136.08053536286957,34.6094095716521],[136.07742972663948,34.60806813266582],[136.07548588284263,34.60705159249742],[136.073140427274,34.60568690688011],[136.07488756341382,34.60359166442717],[136.07512904759884,34.602981023334856],[136.07501193009307,34.60169798540166],[136.07615773958543,34.60291588096968],[136.07579842353655,34.60319754343976],[136.0767411581324,34.60425498314618],[136.07725394693892,34.60448666576859],[136.07829224439783,34.605474872729964],[136.07894336181448,34.60570322223786],[136.07945356336978,34.60535482565416],[136.07981191056754,34.60571788090192],[136.07923661094335,34.60606632097593],[136.0799124326206,34.606583841338335],[136.08051411074885,34.60616973893776],[136.08078692865567,34.60642522931435],[136.08166708609798,34.60584781923267],[136.07772807262617,34.60258247397488],[136.0754096704755,34.6007222769899],[136.07668729023658,34.60105787116788],[136.07812401015292,34.60186763367402],[136.07876560954827,34.602807198491476],[136.0793149599649,34.60298179886808],[136.08172014972675,34.604016283663874],[136.08408582772879,34.60415091713553],[136.08408494936188,34.60330996533179],[136.08452252982156,34.60161777200598],[136.0847988867768,34.601372059471004],[136.08474647792596,34.59988036672304],[136.08524246660463,34.59961759476073],[136.08611383318257,34.59852220160508],[136.0868697309083,34.59978125955687],[136.08724456264522,34.60033261080695],[136.08815678250397,34.601287288198044],[136.08949836151578,34.60187202554334],[136.08763913806774,34.602780943898885]]]},"properties":{"KEY_CODE":"242081130","PREF":"24","CITY":"208","CITY_NAME":"名張市","S_NAME":"赤目町相楽","SETAI":"94"}},{"type":"Feature","geometry":{"type":"Polygon","coordinates":[[[136.0754096704755,34.6007222769899],[136.07772807262617,34.60258247397488],[136.08166708609798,34.60584781923267],[136.08078692865567,34.60642522931435],[136.08051411074885,34.60616973893776],[136.0799124326206,34.606583841338335],[136.07923661094335,34.60606632097593],[136.07981191056754,34.60571788090192],[136.07945356336978,34.60535482565416],[136.07894336181448,34.60570322223786],[136.07829224439783,34.605474872729964],[136.07725394693892,34.60448666576859],[136.0767411581324,34.60425498314618],[136.07579842353655,34.60319754343976],[136.07615773958543,34.60291588096968],[136.07501193009307,34.60169798540166],[136.0754096704755,34.6007222769899]]]},"properties":{"KEY_CODE":"242081140","PREF":"24","CITY":"208","CITY_NAME":"名張市","S_NAME":"赤目町新川","SETAI":"277"}},{"type":"Feature","geometry":{"type":"Polygon","coordinates":[[[136.0768586028845,34.59757918474742],[136.07761176590378,34.59738432531028],[136.0786579613029,34.59799049748462],[136.07981383410896,34.59782325787492],[136.08057463907375,34.59810096700781],[136.08132791316254,34.59716261471107],[136.08120984360048,34.59562912783843],[136.0823057426595,34.59638990239578],[136.08181097403136,34.597894497976164],[136.0806465265906,34.599235141761774],[136.08107538973343,34.59944967498748],[136.0801644059326,34.600983550025596],[136.08002618093795,34.602308586017514],[136.0793149599649,34.60298179886808],[136.07876560954827,34.602807198491476],[136.07812401015292,34.60186763367402],[136.07668729023658,34.60105787116788],[136.0754096704755,34.6007222769899],[136.07484991648042,34.60025664584003],[136.07578222205933,34.59943147520131],[136.0768586028845,34.59757918474742]]]},"properties":{"KEY_CODE":"242081150","PREF":"24","CITY":"208","CITY_NAME":"名張市","S_NAME":"赤目町檀","SETAI":"146"}},{"type":"Feature","geometry":{"type":"Polygon","coordinates":[[[136.08482737034382,34.59448754638387],[136.0858090842445,34.59551260896957],[136.08619292511605,34.59615678303094],[136.08629397906327,34.59651929199953],[136.0861383660199,34.59675562925595],[136.08583508695833,34.597091659612424],[136.0851609385772,34.59696084940369],[136.08378666516978,34.596064501267286],[136.08442865717757,34.59515648927107],[136.0846809662352,34.59421649162317],[136.08482737034382,34.59448754638387]]]},"properties":{"KEY_CODE":"242081150","PREF":"24","CITY":"208","CITY_NAME":"名張市","S_NAME":"赤目町檀","SETAI":"0"}},{"type":"Feature","geometry":{"type":"Polygon","coordinates":[[[136.09380688974386,34.59867345454092],[136.09274687701173,34.599731305099134],[136.0919829696799,34.60032970655598],[136.09066350760554,34.60104923449475],[136.08990329819545,34.6012431981959],[136.08949836151578,34.60187202554334],[136.08815678250397,34.60128728819805],[136.08724456264522,34.60033261080695],[136.0868697309083,34.59978125955687],[136.08611383318257,34.59852220160508],[136.08496740488508,34.59777037808107],[136.08560649128853,34.59738974394335],[136.08583508695833,34.597091659612424],[136.0861383660199,34.59675562925595],[136.08629397906327,34.59651929199953],[136.08619292511605,34.59615678303094],[136.0858090842445,34.59551260896957],[136.08482737034382,34.59448754638387],[136.08468718951048,34.59395871184368],[136.0847974476224,34.5938190417968],[136.08523212140187,34.593405169505616],[136.08582531109894,34.592424641738404],[136.08616909637476,34.592048438741344],[136.0874118116139,34.591212520777795],[136.08852380471208,34.589613920461716],[136.08884003275767,34.58782009884675],[136.08894822915286,34.585795288195655],[136.08873615897159,34.584820698782956],[136.08830045293112,34.58422504429602],[136.08683513543053,34.58322446232557],[136.0859063084478,34.58242068179223],[136.08754135927404,34.58050240192278],[136.0890400018733,34.57963417180213],[136.0916035042492,34.578561156306684],[136.09270555487163,34.57795941068679],[136.09282245939337,34.57791086529221],[136.092832119946,34.579078578541925],[136.09311426236522,34.581113212307535],[136.09378447037776,34.58277088390378],[136.09502611070116,34.583643937030715],[136.09511818313382,34.5838096550148],[136.093998979183,34.584066194793394],[136.09290921910824,34.584505819670596],[136.0918994637993,34.58554303694411],[136.09206712716437,34.58605422774898],[136.09380173166798,34.58694072401155],[136.09497968659397,34.58688457882939],[136.09639119371442,34.58650340786073],[136.09673562674675,34.584537307473255],[136.09707703595967,34.58357679983093],[136.09818363247194,34.58324066832593],[136.09918627930065,34.58332972265458],[136.10012267588706,34.58389563254964],[136.10039956211085,34.584869586439694],[136.100387664547,34.58539119857661],[136.09987052440923,34.586103382066256],[136.09983769371655,34.586586977793715],[136.09977951830217,34.58684269065279],[136.0996759171785,34.58753032633848],[136.09890837407943,34.58844993792788],[136.09882548201944,34.588988946823406],[136.0989595968564,34.58934817867302],[136.09907299019764,34.58984209189357],[136.099115291037,34.590277324490124],[136.0987150283607,34.59092730675115],[136.09827304194377,34.591618592749114],[136.0978560365726,34.59225449912561],[136.0976609526604,34.59331535102615],[136.09734406260463,34.593833836377605],[136.0959789438067,34.59468136650925],[136.09558661884327,34.595020169007526],[136.09423103610715,34.59693866970825],[136.09398175283087,34.59814817952548],[136.0939152705533,34.59846601961459],[136.09380688974386,34.59867345454092],[136.09354418135484,34.59824599362374],[136.09303826006456,34.59779660209977],[136.092135497254,34.59705845834677],[136.0914441337515,34.597637223985906],[136.0908072665658,34.59827369801651],[136.09048521678358,34.59857144044604],[136.08992894440922,34.598537621775364],[136.08917497251184,34.59876947306169],[136.0892694080811,34.59979728024755],[136.08978139734555,34.60013835766713],[136.09026477640748,34.599886421117446],[136.0910339295726,34.599327047050465],[136.09187337496817,34.59905018514398],[136.09215290470155,34.598709506906054],[136.09283729991782,34.59885027469412],[136.09380688974386,34.59867345454092]]]},"properties":{"KEY_CODE":"242081160","PREF":"24","CITY":"208","CITY_NAME":"名張市","S_NAME":"赤目町星川","SETAI":"55"}},{"type":"Feature","geometry":{"type":"Polygon","coordinates":[[[136.08611383318257,34.59852220160508],[136.08524246660463,34.59961759476073],[136.08474647792596,34.59988036672304],[136.0847988867768,34.601372059471004],[136.08452252982156,34.60161777200598],[136.08408494936188,34.60330996533179],[136.08408582772879,34.60415091713553],[136.08172014972675,34.604016283663874],[136.0793149599649,34.60298179886808],[136.08002618093795,34.602308586017514],[136.0801644059326,34.600983550025596],[136.08107538973343,34.59944967498748],[136.0806465265906,34.599235141761774],[136.08181097403136,34.597894497976164],[136.0823057426595,34.59638990239578],[136.08120984360048,34.59562912783843],[136.08132791316254,34.59716261471107],[136.08057463907375,34.59810096700781],[136.07981383410896,34.59782325787492],[136.0786579613029,34.59799049748462],[136.07761176590378,34.59738432531028],[136.0768586028845,34.59757918474742],[136.07690294260237,34.59640197454052],[136.07636099358345,34.59676488860931],[136.07585404032497,34.59634078456865],[136.07618086732032,34.595124241511904],[136.0749716705601,34.59373933342224],[136.07672077306378,34.592591794282995],[136.077314370614,34.591949662967025],[136.0791313547773,34.59055216114272],[136.08017223543956,34.58913105058024],[136.08079587279659,34.58936686734469],[136.0807584169453,34.58760275168304],[136.08129059051564,34.587296312899326],[136.08269979707532,34.587376091688284],[136.083094588305,34.586461499694344],[136.0839364165719,34.584498614541495],[136.08471641653887,34.583375287936136],[136.0859063084478,34.58242068179223],[136.08683513543053,34.58322446232557],[136.08830045293112,34.58422504429602],[136.08873615897159,34.584820698782956],[136.08894822915286,34.585795288195655],[136.08884003275767,34.58782009884675],[136.08852380471208,34.589613920461716],[136.0874118116139,34.591212520777795],[136.08616909637476,34.592048438741344],[136.08582531109894,34.592424641738404],[136.08523212140187,34.593405169505616],[136.0847974476224,34.5938190417968],[136.08468718951048,34.59395871184368],[136.0846809662352,34.59421649162317],[136.08442865717757,34.59515648927107],[136.08378666516978,34.596064501267286],[136.0851609385772,34.59696084940369],[136.08583508695833,34.597091659612424],[136.08560649128853,34.59738974394335],[136.08496740488508,34.59777037808107],[136.08611383318257,34.59852220160508]]]},"properties":{"KEY_CODE":"242081170","PREF":"24","CITY":"208","CITY_NAME":"名張市","S_NAME":"赤目町柏原","SETAI":"210"}},{"type":"Feature","geometry":{"type":"Polygon","coordinates":[[[136.083094588305,34.586461499694344],[136.08269979707532,34.587376091688284],[136.08129059051564,34.587296312899326],[136.0807584169453,34.58760275168304],[136.08079587279659,34.58936686734469],[136.08017223543956,34.58913105058024],[136.0791313547773,34.59055216114272],[136.077314370614,34.591949662967025],[136.07672077306378,34.592591794282995],[136.0749716705601,34.59373933342224],[136.07618086732032,34.595124241511904],[136.07585404032497,34.59634078456865],[136.07467963807608,34.59602089794554],[136.07470035317263,34.595536743153815],[136.07412878478237,34.59526874559441],[136.07246240791122,34.59531804885965],[136.0724074282531,34.59468195274898],[136.07181587037536,34.59417632379414],[136.0687965068133,34.59267517595032],[136.06991457455328,34.59084350673495],[136.07037406128478,34.590794793107406],[136.07155707814243,34.59138700526841],[136.07257832618998,34.590104863029914],[136.07249458493297,34.58887266151552],[136.0730646724837,34.586360779121165],[136.0730961513654,34.58417730005001],[136.0754564603569,34.58436590152683],[136.07768334531744,34.584796397793184],[136.0802070231413,34.58542358267188],[136.083094588305,34.586461499694344]]]},"properties":{"KEY_CODE":"242081180","PREF":"24","CITY":"208","CITY_NAME":"名張市","S_NAME":"赤目町一ノ井","SETAI":"138"}},{"type":"Feature","geometry":{"type":"Polygon","coordinates":[[[136.09670250576988,34.557478391644416],[136.09675696212378,34.55809517672587],[136.0973844613781,34.558602892098065],[136.09649853326897,34.559208185544236],[136.09626339252486,34.55981295040976],[136.0969743289827,34.56018748588623],[136.09641929753977,34.560395284572984],[136.09429403187434,34.56066336049763],[136.09462308365963,34.561245559885386],[136.09393123180408,34.56192224069475],[136.0934296033377,34.56185347719446],[136.09254746225668,34.56053894655923],[136.09161360502924,34.561116504412475],[136.0907258001837,34.56354376941402],[136.09067829188243,34.56800689087466],[136.08905536108986,34.568705640608],[136.08732997298833,34.570014776049696],[136.08594373591123,34.57186525289766],[136.08567016060152,34.57291301171989],[136.08603795612385,34.57342181130281],[136.0883887762603,34.5752194304517],[136.08948278937376,34.576183645367244],[136.09270555487163,34.57795941068679],[136.0916035042492,34.578561156306684],[136.0890400018733,34.57963417180213],[136.08754135927404,34.58050240192278],[136.0859063084478,34.58242068179223],[136.08471641653887,34.583375287936136],[136.0839364165719,34.584498614541495],[136.083094588305,34.586461499694344],[136.0802070231413,34.58542358267188],[136.07768334531744,34.584796397793184],[136.0754564603569,34.58436590152683],[136.0730961513654,34.58417730005001],[136.07289023373016,34.58209580176789],[136.07338323324848,34.58143516101319],[136.07450942997468,34.58104050287654],[136.07578609573335,34.58004173726601],[136.07615236133068,34.579521458330056],[136.07567984488045,34.57843839706471],[136.0753124072036,34.577658687505185],[136.07536332711393,34.57605540152029],[136.07515256083155,34.574712300878446],[136.07509823834002,34.57258902951997],[136.07489765126027,34.57142607901981],[136.07482111246816,34.57091311672452],[136.07509451083072,34.56810675748461],[136.07519633415413,34.56536698398845],[136.075487812665,34.56473604237148],[136.07667154059808,34.56394341740627],[136.07880441468353,34.56317033870616],[136.07930755559974,34.563344547022],[136.08071891269003,34.563102080315225],[136.08097821333675,34.56280653518773],[136.08222709172742,34.56234934927215],[136.08261570083542,34.56155733296708],[136.08246918874406,34.561060739624644],[136.0831502363687,34.56067094274923],[136.08317333905552,34.55941596204431],[136.08344886524455,34.55913390861011],[136.08484452393884,34.55949541214867],[136.08594697249472,34.55870267769323],[136.0870016627744,34.55880925019573],[136.08940259913683,34.558579273715935],[136.08982485160982,34.558968302750635],[136.09048959442922,34.55855169064918],[136.09088583004572,34.55739025562747],[136.0921013237154,34.55620819602966],[136.09322090583856,34.55634157520796],[136.09370798020277,34.55666334859916],[136.0941635383993,34.55780383102939],[136.09533185007655,34.557950529206686],[136.0957531724357,34.557520707476606],[136.09670250576988,34.557478391644416]]]},"properties":{"KEY_CODE":"242081190","PREF":"24","CITY":"208","CITY_NAME":"名張市","S_NAME":"赤目町長坂","SETAI":"43"}},{"type":"Feature","geometry":{"type":"Polygon","coordinates":[[[136.09283729991782,34.59885027469412],[136.09215290470158,34.598709506906054],[136.09187337496817,34.59905018514398],[136.0910339295726,34.599327047050465],[136.09026477640748,34.599886421117446],[136.0897813973455,34.60013835766713],[136.0892694080811,34.59979728024755],[136.08917497251184,34.59876947306169],[136.08992894440922,34.598537621775364],[136.09048521678358,34.59857144044604],[136.0908072665658,34.59827369801651],[136.0914441337515,34.597637223985906],[136.09213549725402,34.59705845834677],[136.09303826006456,34.59779660209977],[136.09354418135484,34.59824599362374],[136.09380688974386,34.59867345454093],[136.09283729991782,34.59885027469412]]]},"properties":{"KEY_CODE":"242081200","PREF":"24","CITY":"208","CITY_NAME":"名張市","S_NAME":"赤目町すみれが丘","SETAI":"94"}},{"type":"Feature","geometry":{"type":"Polygon","coordinates":[[[136.11801941808903,34.61928131505687],[136.11680655454904,34.619749042718894],[136.11673688359804,34.62038286355953],[136.11551033752744,34.62118120400629],[136.11637653715087,34.62170931814464],[136.11659883387688,34.623220305296734],[136.11594187537315,34.624375755825014],[136.11463329807492,34.62582609573951],[136.11400492252122,34.62618886062092],[136.1148459378988,34.626751237221875],[136.111663237354,34.62892440724542],[136.10892432660657,34.626177370411206],[136.1067963259296,34.62401073785286],[136.1057499340713,34.62287189232047],[136.10563381521044,34.62273831129436],[136.10442927669817,34.620723690457986],[136.10406809806352,34.62110954500553],[136.10320081383455,34.62115549002656],[136.10319256006724,34.621857430042155],[136.10201752788012,34.6224518702067],[136.10157438247396,34.62265141907066],[136.10124665526754,34.622126684211366],[136.10224039066543,34.621763560507915],[136.10155493369157,34.62089104263086],[136.10122858577807,34.61988567513353],[136.10072152081565,34.61950519223971],[136.1010493934881,34.61896653830186],[136.09901579038691,34.618264148574454],[136.0980247015834,34.618096325931106],[136.0944957241106,34.61815203107682],[136.09440299529822,34.61814407228514],[136.09393902106308,34.61690298841995],[136.09493431249635,34.61647259432172],[136.09570399828857,34.61533043836999],[136.0970167888736,34.615408725197],[136.09808668346906,34.61431702160578],[136.09766977004023,34.61374375341184],[136.09648895355633,34.61333645772207],[136.09592498605826,34.61286654975395],[136.09519983910457,34.6129505008825],[136.09624266764672,34.6121963517966],[136.09704033831292,34.61034744873232],[136.0976126779185,34.60951181035279],[136.0990101095567,34.60947716322331],[136.09936586459517,34.60980579247323],[136.09869568408797,34.6104468438352],[136.09931397767232,34.61075427432418],[136.10039687841888,34.610693382061086],[136.1011853654993,34.6118142972053],[136.10238801899783,34.61153410290038],[136.1034951288238,34.61074616300453],[136.10514198018654,34.61079561266029],[136.1059548583561,34.611295685399746],[136.1074232265954,34.61146048529933],[136.10775984783908,34.610617959417716],[136.10821111586998,34.609915912940124],[136.1089082948232,34.60945832866827],[136.11485347361784,34.61068835710906],[136.11515269853072,34.610840206113785],[136.11416724166804,34.61207187860608],[136.1137195330156,34.61316048709954],[136.11403702127177,34.61332542318797],[136.1134497003564,34.614234557601705],[136.11164942644552,34.614875344752285],[136.110462466173,34.61580812222939],[136.11072951543792,34.61634189942049],[136.1119842216194,34.616000689619376],[136.1132013218191,34.61671768544773],[136.1142409406014,34.617253259227816],[136.11791077671347,34.61731128259253],[136.1186577212961,34.616469162603906],[136.1194799242448,34.61620451165975],[136.12021376994326,34.61613053265853],[136.12085848836793,34.61572532421729],[136.1231726790945,34.61498132496462],[136.12408660108395,34.614411712302925],[136.1246979080819,34.61602327870721],[136.122328635098,34.6171391106333],[136.11847983823455,34.61804928006429],[136.11880041678955,34.61878625251388],[136.11801941808903,34.61928131505687]]]},"properties":{"KEY_CODE":"242081210","PREF":"24","CITY":"208","CITY_NAME":"名張市","S_NAME":"夏見","SETAI":"629"}},{"type":"Feature","geometry":{"type":"Polygon","coordinates":[[[136.09519983910457,34.6129505008825],[136.09592498605826,34.61286654975395],[136.09648895355633,34.61333645772207],[136.09766977004023,34.61374375341184],[136.09808668346906,34.61431702160578],[136.0970167888736,34.615408725197],[136.09570399828857,34.61533043836999],[136.09493431249635,34.61647259432172],[136.09393902106308,34.61690298841995],[136.09440299529822,34.61814407228514],[136.09123792553817,34.61821729108764],[136.0895671201188,34.618086515288844],[136.08822282122424,34.617969291497374],[136.0874601485184,34.61793433216386],[136.0853008594519,34.61788455613509],[136.08642727614694,34.61562911237367],[136.08672492223687,34.613864021855434],[136.08750009435926,34.6133680605816],[136.08869862464812,34.61363837170719],[136.08949844130913,34.61263667648249],[136.0892960053947,34.6120737887602],[136.0898252620469,34.61164574289419],[136.0903677945666,34.61180706043271],[136.0916477400288,34.611587076447876],[136.0924890880271,34.611093850561005],[136.09478706574808,34.61324423733865],[136.09519983910457,34.6129505008825]]]},"properties":{"KEY_CODE":"242081220","PREF":"24","CITY":"208","CITY_NAME":"名張市","S_NAME":"瀬古口","SETAI":"458"}},{"type":"Feature","geometry":{"type":"Polygon","coordinates":[[[136.09519983910457,34.6129505008825],[136.09478706574808,34.61324423733865],[136.0924890880271,34.611093850561005],[136.0916477400288,34.611587076447876],[136.0903677945666,34.61180706043271],[136.0898252620469,34.61164574289419],[136.0892960053947,34.6120737887602],[136.08949844130913,34.61263667648249],[136.08869862464812,34.61363837170719],[136.08750009435926,34.6133680605816],[136.08672492223687,34.613864021855434],[136.08642727614694,34.61562911237367],[136.0853008594519,34.61788455613509],[136.08322551655178,34.618400245103956],[136.08471709914718,34.614735805994364],[136.0846813285995,34.61382923137396],[136.08419272864498,34.61262095092169],[136.08346802079322,34.61157172151062],[136.08197140658882,34.610356221493944],[136.08053536286957,34.6094095716521],[136.08590259596718,34.605200085218755],[136.08685587648515,34.604321415249366],[136.08763913806774,34.602780943898885],[136.08869916309825,34.60269144158993],[136.08905724966155,34.60308799240418],[136.09297354261864,34.604221445437915],[136.094442253095,34.60496789266403],[136.09280708119695,34.60526466717339],[136.0924430450746,34.606661043527254],[136.0912820422823,34.60671726623773],[136.09127715196664,34.607331154563795],[136.09191967905642,34.60784299994364],[136.0922989479899,34.60757507584659],[136.09418033117507,34.607749029447234],[136.09442666094284,34.608362727002074],[136.09576986487005,34.608945574776605],[136.09673009587715,34.609023286843374],[136.09679477617325,34.60942709474828],[136.0976126779185,34.60951181035279],[136.09704033831292,34.61034744873232],[136.09624266764672,34.6121963517966],[136.09519983910457,34.6129505008825]]]},"properties":{"KEY_CODE":"242081230","PREF":"24","CITY":"208","CITY_NAME":"名張市","S_NAME":"箕曲中村","SETAI":"204"}},{"type":"Feature","geometry":{"type":"Polygon","coordinates":[[[136.11485347361784,34.61068835710906],[136.1089082948232,34.60945832866827],[136.1093268336865,34.60936568938436],[136.1092982460354,34.60815723491741],[136.11003532457298,34.60768875658237],[136.11068024510737,34.60704286506192],[136.1116957372449,34.60707447145414],[136.1122782759627,34.60611605088081],[136.11372027178012,34.60539699820495],[136.11373645205592,34.60498157256079],[136.11238501597987,34.60454883066342],[136.11126492535803,34.60388765803569],[136.11109485925618,34.60313813116889],[136.11082507308961,34.602639439579136],[136.10967478423524,34.60232678362292],[136.10925818523657,34.60176158873687],[136.10867209568644,34.60176676056927],[136.10737729176472,34.60189722082979],[136.10707170902575,34.6029774917156],[136.1065023248668,34.60296418502505],[136.1051995684436,34.603438338261064],[136.10444782994668,34.60266592203349],[136.10450519737546,34.601694333567885],[136.10352216702748,34.60118735656054],[136.1032137698868,34.60062303453906],[136.10248815506628,34.60093495600636],[136.101627732691,34.60164830646655],[136.10152799275522,34.602243682415924],[136.1021178540244,34.60302554817146],[136.1018672133896,34.60346891801405],[136.10006997615739,34.60358112428849],[136.1000411637061,34.60283808922907],[136.09846937932818,34.60243551092508],[136.09775904548178,34.60355538901744],[136.09657058181855,34.6039624434769],[136.09636933933243,34.60371327209059],[136.09479902690478,34.60456615547445],[136.094442253095,34.60496789266403],[136.09297354261864,34.604221445437915],[136.08905724966155,34.60308799240418],[136.08869916309825,34.60269144158993],[136.08763913806774,34.602780943898885],[136.08949836151578,34.60187202554334],[136.08990329819545,34.6012431981959],[136.09066350760554,34.60104923449478],[136.09198296967986,34.60032970655597],[136.09274687701173,34.599731305099134],[136.09380688974386,34.59867345454093],[136.0939152705533,34.59846601961459],[136.09398175283087,34.59814817952548],[136.09423103610715,34.59693866970825],[136.09558661884327,34.595020169007526],[136.0959789438067,34.59468136650925],[136.09734406260463,34.59383383637764],[136.0976609526604,34.59331535102615],[136.0978560365726,34.59225449912561],[136.09827304194377,34.591618592749114],[136.0987150283607,34.59092730675115],[136.099115291037,34.590277324490124],[136.09907299019764,34.58984209189357],[136.0989595968564,34.58934817867302],[136.09882548201944,34.588988946823406],[136.09890837407943,34.58844993792788],[136.0996759171785,34.58753032633848],[136.09977951830217,34.58684269065279],[136.09983769371655,34.586586977793715],[136.09987052440923,34.586103382066256],[136.100387664547,34.58539119857661],[136.10039956211085,34.584869586439694],[136.10012267588706,34.58389563254967],[136.09918627930065,34.58332972265458],[136.09818363247194,34.58324066832593],[136.09707703595967,34.58357679983093],[136.09673562674675,34.584537307473255],[136.09639119371442,34.58650340786073],[136.09497968659397,34.58688457882939],[136.09380173166798,34.58694072401155],[136.09206712716437,34.58605422774898],[136.0918994637993,34.585543036944095],[136.09290921910824,34.584505819670596],[136.093998979183,34.584066194793394],[136.09511818313382,34.5838096550148],[136.09502611070116,34.583643937030715],[136.09378447037776,34.58277088390378],[136.09311426236522,34.581113212307535],[136.092832119946,34.579078578541925],[136.09282245939337,34.57791086529221],[136.09270555487163,34.57795941068679],[136.08948278937376,34.576183645367244],[136.0883887762603,34.5752194304517],[136.08603795612385,34.57342181130281],[136.08567016060152,34.57291301171989],[136.08594373591123,34.57186525289766],[136.08732997298833,34.570014776049696],[136.08905536108986,34.568705640608],[136.09067829188243,34.56800689087466],[136.0907258001837,34.56354376941402],[136.09161360502924,34.561116504412475],[136.09254746225668,34.56053894655923],[136.0934296033377,34.56185347719446],[136.09393123180408,34.56192224069475],[136.09462308365963,34.561245559885386],[136.09429403187434,34.56066336049763],[136.09641929753977,34.560395284572984],[136.0969743289827,34.56018748588623],[136.09626339252486,34.55981295040976],[136.09649853326897,34.559208185544236],[136.0973844613781,34.558602892098065],[136.09675696212378,34.55809517672587],[136.09670250576988,34.557478391644416],[136.09706665459083,34.55695592779738],[136.0982264572929,34.55677383241505],[136.0991666541731,34.556115378493715],[136.0999784364752,34.556597852457955],[136.10017270226712,34.55624877809232],[136.10130923520072,34.556959166176654],[136.10179557757544,34.55664998654226],[136.10247711437825,34.55675688014698],[136.10357984381088,34.55635320993832],[136.1046507307297,34.556446230842376],[136.10577169505467,34.55763974187541],[136.10633058366295,34.55698832987271],[136.10699551222262,34.55678644837917],[136.1073514515898,34.55600759226],[136.1079678634126,34.55593998798761],[136.10866666962923,34.55685199185198],[136.1102728751194,34.55687743124017],[136.11090496210943,34.556380176807],[136.11095271904924,34.55569555001025],[136.11145491376217,34.555131362654414],[136.11159959426143,34.554124637061044],[136.1112249899234,34.553024298917634],[136.1116378477491,34.55239976470453],[136.11233487867935,34.55198301342981],[136.1114905103544,34.55140669338274],[136.11142517417665,34.551071224873226],[136.1123003251631,34.550412733833596],[136.11255843049622,34.549325333134114],[136.1123634187032,34.54907041583639],[136.1133918483412,34.54781452759969],[136.11373008547798,34.546029083672444],[136.1145246805397,34.54582690049914],[136.1149794791088,34.54624256997643],[136.11618055759928,34.54671118754884],[136.11702404480695,34.54667008691269],[136.11749401269455,34.54633409946219],[136.1183862043715,34.546319845812064],[136.1195969637328,34.547868958977986],[136.12160950200396,34.54853800423316],[136.12215555867513,34.547975279376175],[136.12320866799513,34.547875601524595],[136.12402412945252,34.548343265125],[136.1237269254333,34.5489437763758],[136.1240655767251,34.54949433349426],[136.125676352076,34.55020795056867],[136.12575618365148,34.550429722625665],[136.12757091298639,34.551295235369835],[136.12873383570846,34.55150768561064],[136.12903278112728,34.55205827276656],[136.13085370175173,34.55365944651213],[136.1309324605091,34.55447943922669],[136.13188831270168,34.55530072806932],[136.13231695352607,34.55594496349501],[136.13176164471045,34.556386602996255],[136.13087405055145,34.55614262110978],[136.1294229829266,34.55531228203344],[136.12752922278105,34.5552593713256],[136.12706721702546,34.556045015658434],[136.1275060461542,34.557837414716026],[136.12697785014976,34.558166322121956],[136.12302492026132,34.55748461220045],[136.12271562922743,34.558123456645255],[136.1228894987562,34.5586348868763],[136.1241053297616,34.5604562275974],[136.1236332750699,34.561225964583514],[136.12228286665703,34.56172728607151],[136.12128561692893,34.562440193779686],[136.12127479382707,34.56277981745288],[136.12267479243533,34.56450603279581],[136.12431512911823,34.566957812911916],[136.12452456990084,34.56783810526227],[136.12423825467934,34.5681232237346],[136.12225338213096,34.568432918589615],[136.12096233479136,34.56844351529247],[136.11907437415243,34.56761939145729],[136.11747152694795,34.56756208175654],[136.1167491081156,34.56789365963925],[136.11567295367595,34.56910566433424],[136.11460083894082,34.56942615635272],[136.1133693684799,34.57007823329468],[136.11325854400133,34.57040907785744],[136.11455829878514,34.57146641522105],[136.1147813733266,34.57201738980941],[136.11442740224751,34.5745760307329],[136.1144962740368,34.57519349646523],[136.11522656147932,34.57756798206484],[136.1158098020125,34.578732055121314],[136.11542741645434,34.579644923362466],[136.11378060812422,34.5798693401152],[136.11353483649773,34.580258208284555],[136.11399658015824,34.581697090627],[136.11463500807946,34.58314016828955],[136.11469911211123,34.58527654935618],[136.11489405716608,34.5864462143248],[136.11535336417418,34.5871784031176],[136.11659695198296,34.58834116091254],[136.11818268538912,34.59113181082705],[136.1183055520168,34.59184812023705],[136.11807687285756,34.592878335132504],[136.11719825386615,34.59384212980044],[136.11413250944722,34.59433202440658],[136.11472038240572,34.598349889707336],[136.11751348353536,34.599206058791175],[136.1183514032422,34.599721509895694],[136.11906205928415,34.600542190727886],[136.1195035025493,34.60163288941264],[136.1197825839095,34.60328114394155],[136.12005606813452,34.60595603096217],[136.11960289243203,34.60660192168435],[136.11837831139732,34.60714700234343],[136.11668500270838,34.60921104580813],[136.11485347361784,34.61068835710906]],[[136.0979199453619,34.60048033241325],[136.0978554875669,34.60013399859511],[136.09667829931695,34.59969000107725],[136.09558617065807,34.60030981273795],[136.09600372489305,34.60074667618898],[136.09501877454505,34.6010977739745],[136.09512767288604,34.601537748711834],[136.09342335303214,34.60186487507294],[136.09381811482655,34.602402392386786],[136.09665466395896,34.60311183967397],[136.0971464856669,34.60251362379666],[136.09834988527814,34.60204555351964],[136.0979199453619,34.60048033241325]]]},"properties":{"KEY_CODE":"242081240","PREF":"24","CITY":"208","CITY_NAME":"名張市","S_NAME":"青蓮寺","SETAI":"121"}},{"type":"Feature","geometry":{"type":"Polygon","coordinates":[[[136.11760196376702,34.61202040784744],[136.116879028989,34.61226142464158],[136.1166666216815,34.61249039523527],[136.1151777140663,34.612632409409535],[136.11473132375878,34.612879206893034],[136.11403702127177,34.61332542318797],[136.1137195330156,34.61316048709954],[136.11416724166804,34.61207187860608],[136.11515269853072,34.610840206113785],[136.11485347361784,34.61068835710906],[136.11668500270838,34.60921104580813],[136.11837831139732,34.60714700234343],[136.11960289243203,34.60660192168435],[136.12005606813452,34.60595603096217],[136.1197825839095,34.60328114394155],[136.1195035025493,34.60163288941264],[136.11906205928415,34.600542190727886],[136.1183514032422,34.599721509895694],[136.11751348353536,34.599206058791175],[136.11472038240572,34.598349889707336],[136.11413250944722,34.59433202440658],[136.11719825386615,34.59384212980044],[136.11807687285756,34.592878335132504],[136.1183055520168,34.59184812023705],[136.11818268538912,34.59113181082705],[136.11659695198296,34.58834116091254],[136.11535336417418,34.5871784031176],[136.11489405716608,34.5864462143248],[136.11469911211123,34.58527654935618],[136.11463500807946,34.58314016828955],[136.11399658015824,34.581697090627],[136.11353483649773,34.580258208284555],[136.11378060812422,34.5798693401152],[136.11542741645434,34.579644923362466],[136.1158098020125,34.578732055121314],[136.11522656147932,34.57756798206484],[136.1144962740368,34.57519349646523],[136.11442740224751,34.5745760307329],[136.1147813733266,34.57201738980941],[136.11455829878514,34.57146641522105],[136.11325854400133,34.57040907785744],[136.1133693684799,34.57007823329468],[136.11460083894082,34.56942615635272],[136.11567295367595,34.56910566433424],[136.1167491081156,34.56789365963925],[136.11747152694795,34.56756208175654],[136.11907437415243,34.56761939145729],[136.12096233479136,34.56844351529247],[136.12225338213096,34.568432918589615],[136.12423825467934,34.5681232237346],[136.12452456990084,34.56783810526227],[136.12431512911823,34.566957812911916],[136.12267479243533,34.56450603279581],[136.12127479382707,34.56277981745288],[136.12128561692893,34.562440193779686],[136.12228286665703,34.56172728607151],[136.1236332750699,34.561225964583514],[136.1241053297616,34.5604562275974],[136.1228894987562,34.5586348868763],[136.12271562922743,34.558123456645255],[136.12302492026132,34.55748461220045],[136.12697785014976,34.558166322121956],[136.1275060461542,34.557837414716026],[136.12706721702546,34.556045015658434],[136.12752922278105,34.5552593713256],[136.1294229829266,34.55531228203344],[136.13087405055145,34.55614262110978],[136.13176164471045,34.556386602996255],[136.13231695352607,34.55594496349501],[136.13188831270168,34.55530072806932],[136.1309324605091,34.55447943922669],[136.13085370175173,34.55365944651213],[136.13215116802317,34.55409779087022],[136.134051103539,34.555304250568845],[136.13531032316294,34.556630409566125],[136.13606745083206,34.55777232102074],[136.1361378695957,34.55829017234637],[136.1369541813879,34.559152410708336],[136.1376404176938,34.55948052338402],[136.13788600986354,34.5607504943692],[136.13826598838284,34.56092035243961],[136.1382808205292,34.5613374161024],[136.13899416652131,34.561492798492],[136.14230698435662,34.56096842561314],[136.1431678299085,34.561522522681564],[136.14306557567267,34.56303211430768],[136.14214551036716,34.56464677722858],[136.14103499807382,34.56529013809638],[136.1404478856781,34.56537759920753],[136.14015513022758,34.56589842396512],[136.1390019600201,34.56613402063146],[136.13840614429148,34.56730583118447],[136.13696168277636,34.56765879911215],[136.13678501532,34.56842162222813],[136.1352081320188,34.568537230574684],[136.13454555986232,34.56891266744697],[136.13344560350262,34.56890052140438],[136.13297699149834,34.56919530302899],[136.13132631698105,34.56871553275585],[136.13030704721194,34.56858283475299],[136.1300001916428,34.56887742710429],[136.13050314169567,34.56984021999421],[136.12980788099023,34.57002832411559],[136.12959901396172,34.570925130077235],[136.13060362585554,34.5720078166513],[136.1308804835616,34.57317158757184],[136.1292719431469,34.57380889961449],[136.1294829861931,34.57429027373755],[136.13045481334345,34.575065362082036],[136.13013253062854,34.57585509543505],[136.13058630281176,34.57637635037613],[136.13047375127235,34.57680468920273],[136.12964947502167,34.57728718353253],[136.12866801135007,34.57743980445172],[136.12845878872028,34.57824081971441],[136.1277435226292,34.578502739715496],[136.1278285936842,34.578955804106364],[136.12710442680142,34.579401697021254],[136.12709364533762,34.58066580925911],[136.12749590127447,34.58139434652934],[136.12704714203045,34.58312249891915],[136.1270697818758,34.584150910170266],[136.1273951223294,34.58562187420497],[136.12826359216638,34.58754668898276],[136.12945649556002,34.588902490796926],[136.1333868170375,34.59134471622037],[136.1368353197013,34.59326841266564],[136.13890605249537,34.595310245106795],[136.13912364733412,34.59549607053202],[136.13857341991232,34.59584167931173],[136.1382590666466,34.59652748331708],[136.1365575952435,34.59759731247789],[136.13476375525136,34.59779175301516],[136.1335382794286,34.59727572818556],[136.13349148828445,34.598102789933144],[136.1326335387533,34.600013986055586],[136.1324959655243,34.60093848365743],[136.1323476023838,34.601796504381234],[136.13106648851837,34.60163648047297],[136.13013605777502,34.60171708080766],[136.13008845941434,34.60205323154533],[136.1289003104199,34.60321086255315],[136.1288564624971,34.60424795444068],[136.12829806049933,34.60457352862324],[136.12760719234637,34.605699772420984],[136.12662284812578,34.60553262376299],[136.12587295841422,34.6065528481237],[136.12523703960792,34.60690722516027],[136.12443998473321,34.60681085661956],[136.12407195439206,34.607487809500896],[136.12424179610622,34.60783106182937],[136.1232486512002,34.60820664347635],[136.12247132432373,34.60791176539539],[136.12113238124888,34.60806905215953],[136.12074522986816,34.60851147269227],[136.12061805100734,34.6088223453179],[136.12054407207543,34.60914781691314],[136.1202574411387,34.60952040631157],[136.11980049844917,34.60980512370906],[136.11969456213424,34.610104284885665],[136.11973137393474,34.611042263933655],[136.11902644767815,34.61147386400744],[136.11869375103905,34.611866922720935],[136.11760196376702,34.61202040784744]]]},"properties":{"KEY_CODE":"242081250","PREF":"24","CITY":"208","CITY_NAME":"名張市","S_NAME":"中知山","SETAI":"14"}},{"type":"Feature","geometry":{"type":"Polygon","coordinates":[[[136.10775984783908,34.610617959417716],[136.1074232265954,34.61146048529933],[136.1059548583561,34.611295685399746],[136.10514198018654,34.61079561266029],[136.1034951288238,34.61074616300453],[136.10238801899783,34.61153410290038],[136.10278141700815,34.61057152870991],[136.10233389468004,34.61019663784081],[136.1003483412207,34.609171382489166],[136.10020388633828,34.60809036679528],[136.10171251357613,34.60808419150553],[136.1021913429237,34.608241982565126],[136.1040644748788,34.60941394603344],[136.10473753029785,34.60960128574929],[136.10554369316725,34.60924181121954],[136.10775984783908,34.610617959417716]]]},"properties":{"KEY_CODE":"242081260","PREF":"24","CITY":"208","CITY_NAME":"名張市","S_NAME":"百合が丘東一番町","SETAI":"137"}},{"type":"Feature","geometry":{"type":"Polygon","coordinates":[[[136.1021913429237,34.608241982565126],[136.10171251357613,34.60808419150553],[136.10020388633828,34.60809036679528],[136.10036083299326,34.606343378432065],[136.10048899036968,34.60615395125673],[136.10097756530018,34.60595168952222],[136.10291119973166,34.6059341583293],[136.1037878612142,34.6065389931063],[136.1021913429237,34.608241982565126]]]},"properties":{"KEY_CODE":"242081270","PREF":"24","CITY":"208","CITY_NAME":"名張市","S_NAME":"百合が丘東二番町","SETAI":"112"}},{"type":"Feature","geometry":{"type":"Polygon","coordinates":[[[136.10535084904257,34.60487136576403],[136.1037878612142,34.6065389931063],[136.10291119973166,34.6059341583293],[136.10097756530018,34.60595168952222],[136.10048899036968,34.60615395125673],[136.10177558488658,34.60384975095642],[136.10376298642393,34.60389723788915],[136.10535084904257,34.60487136576403]]]},"properties":{"KEY_CODE":"242081280","PREF":"24","CITY":"208","CITY_NAME":"名張市","S_NAME":"百合が丘東三番町","SETAI":"225"}},{"type":"Feature","geometry":{"type":"Polygon","coordinates":[[[136.1037878612142,34.6065389931063],[136.1064627641634,34.60824143728287],[136.10554369316725,34.60924181121954],[136.10473753029785,34.60960128574929],[136.1040644748788,34.60941394603344],[136.1021913429237,34.608241982565126],[136.1037878612142,34.6065389931063]]]},"properties":{"KEY_CODE":"242081290","PREF":"24","CITY":"208","CITY_NAME":"名張市","S_NAME":"百合が丘東四番町","SETAI":"175"}},{"type":"Feature","geometry":{"type":"Polygon","coordinates":[[[136.10638552696764,34.60552760287194],[136.10737627802627,34.60615104886948],[136.1075944537179,34.60693167104924],[136.1064627641634,34.60824143728287],[136.1037878612142,34.6065389931063],[136.10535084904257,34.60487136576403],[136.10638552696764,34.60552760287194]]]},"properties":{"KEY_CODE":"242081300","PREF":"24","CITY":"208","CITY_NAME":"名張市","S_NAME":"百合が丘東五番町","SETAI":"199"}},{"type":"Feature","geometry":{"type":"Polygon","coordinates":[[[136.1089082948232,34.60945832866827],[136.10821111586998,34.609915912940124],[136.10775984783908,34.610617959417716],[136.10554369316725,34.60924181121954],[136.1064627641634,34.60824143728287],[136.1075944537179,34.60693167104924],[136.10866174259212,34.60677774774565],[136.11003532457298,34.60768875658237],[136.1092982460354,34.60815723491741],[136.1093268336865,34.60936568938436],[136.1089082948232,34.60945832866827]]]},"properties":{"KEY_CODE":"242081310","PREF":"24","CITY":"208","CITY_NAME":"名張市","S_NAME":"百合が丘東六番町","SETAI":"107"}},{"type":"Feature","geometry":{"type":"Polygon","coordinates":[[[136.11109485925618,34.60313813116889],[136.11126492535803,34.60388765803569],[136.11238501597987,34.60454883066342],[136.11373645205592,34.60498157256079],[136.11372027178012,34.60539699820495],[136.1122782759627,34.60611605088081],[136.1116957372449,34.60707447145414],[136.11068024510737,34.60704286506192],[136.11003532457298,34.60768875658237],[136.10866174259212,34.60677774774565],[136.10973816064254,34.605630001883924],[136.10933484146508,34.605358213215354],[136.10979381608476,34.604544304886865],[136.11109485925618,34.60313813116889]]]},"properties":{"KEY_CODE":"242081320","PREF":"24","CITY":"208","CITY_NAME":"名張市","S_NAME":"百合が丘東七番町","SETAI":"210"}},{"type":"Feature","geometry":{"type":"Polygon","coordinates":[[[136.10866174259212,34.60677774774565],[136.1075944537179,34.60693167104924],[136.10737627802627,34.60615104886948],[136.10638552696764,34.60552760287194],[136.108117032634,34.60367117174692],[136.10895615269783,34.60338714598979],[136.10867209568644,34.60176676056927],[136.10925818523657,34.60176158873687],[136.10967478423524,34.60232678362292],[136.11082507308961,34.602639439579136],[136.11109485925618,34.60313813116889],[136.10979381608476,34.604544304886865],[136.10933484146508,34.605358213215354],[136.10973816064254,34.605630001883924],[136.10866174259212,34.60677774774565]]]},"properties":{"KEY_CODE":"242081330","PREF":"24","CITY":"208","CITY_NAME":"名張市","S_NAME":"百合が丘東八番町","SETAI":"260"}},{"type":"Feature","geometry":{"type":"Polygon","coordinates":[[[136.10867209568644,34.60176676056927],[136.10895615269783,34.60338714598979],[136.108117032634,34.60367117174692],[136.10638552696764,34.60552760287194],[136.10535084904257,34.60487136576403],[136.10376298642393,34.60389723788915],[136.10177558488658,34.60384975095642],[136.10319577856916,34.60130539528417],[136.1032137698868,34.60062303453906],[136.10352216702748,34.60118735656054],[136.10450519737546,34.601694333567885],[136.10444782994668,34.60266592203349],[136.1051995684436,34.603438338261064],[136.1065023248668,34.60296418502505],[136.10707170902575,34.6029774917156],[136.10737729176472,34.60189722082979],[136.10867209568644,34.60176676056927]]]},"properties":{"KEY_CODE":"242081340","PREF":"24","CITY":"208","CITY_NAME":"名張市","S_NAME":"百合が丘東九番町","SETAI":"186"}},{"type":"Feature","geometry":{"type":"Polygon","coordinates":[[[136.10020388633828,34.60809036679528],[136.1003483412207,34.609171382489166],[136.10233389468004,34.61019663784081],[136.10278141700815,34.61057152870991],[136.10238801899783,34.61153410290038],[136.1011853654993,34.6118142972053],[136.10039687841888,34.610693382061086],[136.09931397767232,34.61075427432418],[136.09869568408797,34.6104468438352],[136.09936586459517,34.60980579247323],[136.0990101095567,34.60947716322331],[136.0976126779185,34.60951181035279],[136.09679477617325,34.60942709474828],[136.09673009587715,34.609023286843374],[136.0964415054433,34.608098035763845],[136.10020388633828,34.60809036679528]]]},"properties":{"KEY_CODE":"242081350","PREF":"24","CITY":"208","CITY_NAME":"名張市","S_NAME":"百合が丘西一番町","SETAI":"136"}},{"type":"Feature","geometry":{"type":"Polygon","coordinates":[[[136.10020388633828,34.60809036679528],[136.0964415054433,34.608098035763845],[136.09568784289516,34.60802945848797],[136.09502847467442,34.60744833965292],[136.09502765991948,34.60675148643359],[136.09677349230859,34.606743367496016],[136.09856586374616,34.60606085741928],[136.09890393743447,34.60635823049656],[136.10036083299326,34.606343378432065],[136.10020388633828,34.60809036679528]]]},"properties":{"KEY_CODE":"242081360","PREF":"24","CITY":"208","CITY_NAME":"名張市","S_NAME":"百合が丘西二番町","SETAI":"180"}},{"type":"Feature","geometry":{"type":"Polygon","coordinates":[[[136.09804692924544,34.60390816398335],[136.10177558488658,34.60384975095642],[136.10048899036968,34.60615395125673],[136.10036083299326,34.606343378432065],[136.09890393743447,34.60635823049656],[136.09856586374616,34.60606085741928],[136.09836581080248,34.6044940438626],[136.09804692924544,34.60390816398335]]]},"properties":{"KEY_CODE":"242081370","PREF":"24","CITY":"208","CITY_NAME":"名張市","S_NAME":"百合が丘西三番町","SETAI":"171"}},{"type":"Feature","geometry":{"type":"Polygon","coordinates":[[[136.09804692924544,34.60390816398335],[136.09836581080248,34.6044940438626],[136.09856586374616,34.60606085741928],[136.09677349230859,34.606743367496016],[136.09502765991948,34.60675148643359],[136.09499386316315,34.60575771545739],[136.09551952881912,34.60493480361577],[136.0968473922158,34.604384537548235],[136.09804692924544,34.60390816398335]]]},"properties":{"KEY_CODE":"242081380","PREF":"24","CITY":"208","CITY_NAME":"名張市","S_NAME":"百合が丘西四番町","SETAI":"218"}},{"type":"Feature","geometry":{"type":"Polygon","coordinates":[[[136.0964415054433,34.608098035763845],[136.09673009587715,34.609023286843374],[136.09576986487005,34.608945574776605],[136.09442666094284,34.608362727002074],[136.09418033117507,34.607749029447234],[136.0922989479899,34.60757507584659],[136.09191967905642,34.60784299994364],[136.09127715196664,34.607331154563795],[136.0912820422823,34.60671726623773],[136.0924430450746,34.606661043527254],[136.09280708119695,34.60526466717339],[136.094442253095,34.60496789266403],[136.09479902690478,34.60456615547445],[136.09636933933243,34.60371327209059],[136.09657058181855,34.6039624434769],[136.0968473922158,34.604384537548235],[136.09551952881912,34.60493480361577],[136.09499386316315,34.60575771545739],[136.09502765991948,34.60675148643359],[136.09502847467442,34.60744833965292],[136.09568784289516,34.60802945848797],[136.0964415054433,34.608098035763845]]]},"properties":{"KEY_CODE":"242081390","PREF":"24","CITY":"208","CITY_NAME":"名張市","S_NAME":"百合が丘西五番町","SETAI":"35"}},{"type":"Feature","geometry":{"type":"Polygon","coordinates":[[[136.10177558488658,34.60384975095642],[136.09804692924544,34.60390816398335],[136.0968473922158,34.604384537548235],[136.09657058181855,34.6039624434769],[136.09775904548178,34.60355538901744],[136.09846937932818,34.60243551092508],[136.1000411637061,34.60283808922907],[136.10006997615739,34.60358112428849],[136.1018672133896,34.60346891801405],[136.1021178540244,34.60302554817146],[136.10152799275522,34.602243682415924],[136.101627732691,34.60164830646655],[136.10248815506628,34.60093495600636],[136.1032137698868,34.60062303453906],[136.10319577856916,34.60130539528417],[136.10177558488658,34.60384975095642]]]},"properties":{"KEY_CODE":"242081400","PREF":"24","CITY":"208","CITY_NAME":"名張市","S_NAME":"百合が丘西六番町","SETAI":"26"}},{"type":"Feature","geometry":{"type":"Polygon","coordinates":[[[136.13940639140486,34.595095605921166],[136.1391448683006,34.59516893164593],[136.138916154858,34.595304425019684],[136.13890605249537,34.595310245106795],[136.1368353197013,34.59326841266564],[136.1333868170375,34.59134471622037],[136.12945649556002,34.588902490796926],[136.12826359216638,34.58754668898276],[136.1273951223294,34.58562187420497],[136.1270697818758,34.584150910170266],[136.12704714203045,34.58312249891915],[136.12749590127447,34.58139434652934],[136.12709364533762,34.58066580925911],[136.12710442680142,34.579401697021254],[136.1278285936842,34.578955804106364],[136.1277435226292,34.578502739715496],[136.12845878872028,34.57824081971441],[136.12866801135007,34.57743980445172],[136.12964947502167,34.57728718353253],[136.13047375127235,34.57680468920273],[136.13058630281176,34.57637635037613],[136.13013253062854,34.57585509543505],[136.13045481334345,34.575065362082036],[136.1294829861931,34.57429027373755],[136.1292719431469,34.57380889961449],[136.1308804835616,34.57317158757184],[136.13060362585554,34.5720078166513],[136.12959901396172,34.570925130077235],[136.12980788099023,34.57002832411559],[136.13050314169567,34.56984021999421],[136.1300001916428,34.56887742710429],[136.13030704721194,34.56858283475299],[136.13132631698105,34.56871553275585],[136.13297699149834,34.56919530302899],[136.13344560350262,34.56890052140438],[136.13454555986232,34.56891266744697],[136.1352081320188,34.568537230574684],[136.13678501532,34.56842162222813],[136.13806069516505,34.56850580134266],[136.14037667684667,34.56961224909418],[136.14404830525774,34.56979481492503],[136.1454525919687,34.570494333039],[136.14481494728503,34.57243703604414],[136.14499140622686,34.573432439954615],[136.14495305037482,34.57756243485357],[136.14463274067586,34.578950880490126],[136.14505331110416,34.579511009425545],[136.14505448727286,34.580178416302104],[136.14557421351543,34.58204647620894],[136.14571314933306,34.58301643048552],[136.14640122252624,34.58459382324525],[136.14682706197618,34.58634676456565],[136.1471374273201,34.58670600851545],[136.14955840917978,34.587685129235375],[136.14961961167558,34.58835274181665],[136.14951616071397,34.588892655064576],[136.1488118219815,34.58923906123592],[136.14737596184983,34.58934872217783],[136.14578310159683,34.589275157205996],[136.1465158603265,34.59021353976713],[136.1473553467466,34.5924150423916],[136.1474610221895,34.59310584372035],[136.14406972887357,34.59391427508027],[136.14357129745065,34.59360722691157],[136.14270867172263,34.593068467489914],[136.1424137520201,34.59433467620482],[136.14183623902397,34.59431728448533],[136.14170641861713,34.59429597241592],[136.14162446175052,34.594183378842395],[136.1415307749015,34.59421198239384],[136.14149111037054,34.59428235579547],[136.14136931981017,34.5944566529979],[136.14121967695192,34.59453826933178],[136.14086310824277,34.594584548592564],[136.14070797923063,34.594626839252236],[136.14056485429757,34.594715929948634],[136.1403707312963,34.59481230746491],[136.1401756698022,34.59485941301941],[136.14011141376167,34.59489915501559],[136.13996667251095,34.595048075201326],[136.139822826176,34.5950843035781],[136.13969702102204,34.595162110709204],[136.13962676668794,34.59518820692216],[136.13940639140486,34.595095605921166]]]},"properties":{"KEY_CODE":"242081410","PREF":"24","CITY":"208","CITY_NAME":"名張市","S_NAME":"神屋","SETAI":"60"}},{"type":"Feature","geometry":{"type":"Polygon","coordinates":[[[136.14998151936965,34.60629488204899],[136.14924119962396,34.604359069652894],[136.14804764024268,34.599885448037114],[136.14760020041538,34.59792094584956],[136.14796180429283,34.59569640300221],[136.14913281835402,34.59347087840768],[136.15009885496147,34.59342643524759],[136.15111691529304,34.59327416073321],[136.15464860780966,34.59246536589502],[136.15972807922236,34.59142806710433],[136.1614574676876,34.59126632256904],[136.1615019053562,34.59277518001604],[136.1612476050454,34.59422160968511],[136.16068478626332,34.59571085106247],[136.1599664743703,34.59660487023295],[136.15976827265675,34.600475478179405],[136.16002759373242,34.601580908847744],[136.16252745476697,34.60425708973788],[136.1635985567549,34.60618013525133],[136.16258254968494,34.60612825460793],[136.15880045561335,34.60538908651024],[136.1549423926713,34.60524522038554],[136.14998151936965,34.60629488204899]]]},"properties":{"KEY_CODE":"242081410","PREF":"24","CITY":"208","CITY_NAME":"名張市","S_NAME":"神屋","SETAI":"0"}},{"type":"Feature","geometry":{"type":"Polygon","coordinates":[[[136.1463387612302,34.60813622608944],[136.14453850280444,34.60915318531076],[136.14268531818956,34.60980323355482],[136.14109306766466,34.61032335526222],[136.13709295855506,34.61160563274213],[136.13656820799378,34.61068864163084],[136.13613140544393,34.60938585916138],[136.13514699611872,34.60819891757536],[136.13535014281481,34.608145582796524],[136.13593857964116,34.608206758927864],[136.13667459906804,34.60857963626741],[136.13691534520325,34.60861035221903],[136.13710776313584,34.60853491157957],[136.1375422473659,34.60844891058625],[136.13787229762215,34.60835711061463],[136.13823140080947,34.608312184764294],[136.13852947798532,34.60813435231849],[136.13864201627686,34.60808210215396],[136.1389200486869,34.60802867627945],[136.1394370992966,34.60742278315703],[136.13973597976099,34.60685940124164],[136.1398108884534,34.606682671539126],[136.13996056376297,34.60645359257305],[136.13998172850216,34.606393559241035],[136.13981603663942,34.60592115234593],[136.1395639725337,34.6055042059801],[136.13951716645093,34.605404245477985],[136.13922088148885,34.604815212039554],[136.13921004770842,34.604664077110904],[136.13919742554393,34.604496885704116],[136.13918860308286,34.60425249677637],[136.13920541742658,34.60420824539156],[136.13933633150995,34.60339023616371],[136.1395582881088,34.60291963634693],[136.13973465942954,34.602654889484754],[136.14013505630544,34.602234371084826],[136.14019566976492,34.60175550462462],[136.14012274222802,34.60127468211174],[136.1402345663014,34.60099592353747],[136.14014870665918,34.60081909889194],[136.13991843430628,34.6006380752044],[136.13987000528275,34.600465714541144],[136.1396125974413,34.60004145170296],[136.13959087144977,34.59984257765651],[136.1394128676748,34.59973798028089],[136.13930738444233,34.599816423506965],[136.13917908108718,34.599838686285],[136.13881506382614,34.59962668427917],[136.138515088875,34.59933079385136],[136.13870143739342,34.598835303491086],[136.13879741091154,34.598667142794284],[136.13872217916222,34.59845058204083],[136.13864703873543,34.598287125565136],[136.13881918891522,34.597298488125354],[136.13894730407569,34.597161281201906],[136.13926455758343,34.596605912224355],[136.13948852169668,34.596234195097125],[136.13961643115863,34.59596880121096],[136.13977638907704,34.59569435300503],[136.13973877071433,34.59557945202424],[136.13963672961538,34.59532305903175],[136.13912364733412,34.59549607053202],[136.138916154858,34.595304425019684],[136.1391448683006,34.59516893164593],[136.13940639140486,34.595095605921166],[136.13962676668794,34.59518820692216],[136.13969702102204,34.595162110709204],[136.139822826176,34.5950843035781],[136.13996667251095,34.595048075201326],[136.14011141376167,34.59489915501559],[136.1401756698022,34.59485941301941],[136.1403707312963,34.59481230746491],[136.14056485429757,34.594715929948634],[136.14070797923063,34.594626839252236],[136.14086310824277,34.594584548592564],[136.14121967695192,34.59453826933178],[136.14136931981017,34.5944566529979],[136.14149111037054,34.59428235579547],[136.1415307749015,34.59421198239384],[136.14162446175052,34.594183378842395],[136.14170641861713,34.59429597241592],[136.14183623902397,34.59431728448533],[136.1424137520201,34.5943346762048],[136.14270867172263,34.5930684674899],[136.14357129745065,34.59360722691157],[136.14406972887357,34.59391427508027],[136.1474610221895,34.59310584372035],[136.1473553467466,34.5924150423916],[136.1465158603265,34.590213539767156],[136.14578310159683,34.589275157205996],[136.14737596184983,34.58934872217783],[136.14881182198155,34.58923906123592],[136.14951616071397,34.588892655064576],[136.1496196116756,34.58835274181665],[136.15062596246582,34.5889669199053],[136.15193145245652,34.58896528497867],[136.1528976022295,34.589007169386456],[136.15339421962295,34.58928727864858],[136.15430757691632,34.589026928699376],[136.1582227344635,34.58833093584862],[136.16041560749522,34.58815535241177],[136.1611727954551,34.58815434877997],[136.16225848045676,34.58832588052648],[136.1623692940575,34.58932881367509],[136.16180953953122,34.58989667207115],[136.16142286006297,34.590091718492616],[136.1614574676876,34.591266322569055],[136.15972807922236,34.59142806710433],[136.1546486078097,34.59246536589502],[136.15111691529304,34.59327416073321],[136.15009885496147,34.59342643524759],[136.149132818354,34.59347087840765],[136.14796180429286,34.59569640300221],[136.14760020041547,34.59792094584956],[136.14804764024268,34.599885448037114],[136.14924119962396,34.604359069652894],[136.14998151936965,34.60629488204899],[136.1493391115855,34.60646978826497],[136.1485560356673,34.606686701710345],[136.1463387612302,34.60813622608944]]]},"properties":{"KEY_CODE":"242081420","PREF":"24","CITY":"208","CITY_NAME":"名張市","S_NAME":"奈垣","SETAI":"29"}},{"type":"Feature","geometry":{"type":"Polygon","coordinates":[[[136.1582227344635,34.58833093584862],[136.15430757691632,34.589026928699376],[136.15339421962295,34.58928727864857],[136.1528976022295,34.589007169386456],[136.15193145245652,34.58896528497867],[136.1506259624658,34.5889669199053],[136.14961961167558,34.58835274181665],[136.14955840917978,34.587685129235375],[136.1471374273201,34.58670600851545],[136.14682706197618,34.58634676456565],[136.14640122252624,34.58459382324525],[136.14571314933306,34.58301643048552],[136.14557421351543,34.58204647620894],[136.14505448727286,34.580178416302104],[136.14505331110416,34.579511009425545],[136.14463274067586,34.578950880490126],[136.14495305037482,34.57756243485357],[136.14499140622686,34.573432439954615],[136.14481494728503,34.57243703604414],[136.1454525919687,34.570494333039],[136.14404830525774,34.56979481492503],[136.14037667684667,34.56961224909418],[136.13806069516505,34.56850580134266],[136.13678501532,34.56842162222813],[136.13696168277636,34.56765879911215],[136.13840614429148,34.56730583118447],[136.1390019600201,34.56613402063146],[136.14015513022758,34.56589842396512],[136.1404478856781,34.56537759920753],[136.14103499807382,34.56529013809638],[136.14214551036716,34.56464677722858],[136.14306557567267,34.56303211430768],[136.1431678299085,34.561522522681564],[136.14230698435662,34.56096842561314],[136.13899416652131,34.561492798492],[136.1382808205292,34.5613374161024],[136.13826598838284,34.56092035243961],[136.1393847829634,34.55969076788537],[136.1395060556189,34.55913451771212],[136.1408000645629,34.55949528311785],[136.14165532662324,34.55937637038465],[136.1425088828168,34.55826327237324],[136.14277258088748,34.5576393731091],[136.14515421351214,34.55682767538314],[136.14657802138836,34.555730743452514],[136.147372106647,34.555594958015945],[136.14915447869834,34.555735854794],[136.15057909672876,34.5551276637461],[136.1513947880855,34.55568260369253],[136.15115118153332,34.55612098564511],[136.15137629195186,34.556710478484334],[136.15131750007404,34.55797434384751],[136.15074899690836,34.55896925163956],[136.15256276462136,34.55952291079921],[136.15362160856625,34.55935308087806],[136.1548851356345,34.55973894610012],[136.15553688572084,34.5597213338274],[136.1557382646897,34.55849109125172],[136.15516645569008,34.5576830256542],[136.15569386977043,34.55653645085424],[136.15563117347642,34.555677152514214],[136.15740262800895,34.55542198816705],[136.15830780406642,34.55480580340606],[136.15777659222144,34.55393036529016],[136.15757044337838,34.55261629020234],[136.15846550600378,34.55205914181274],[136.1592990090047,34.55126599015487],[136.1595613723031,34.550018766483326],[136.1608233875274,34.549680026866326],[136.16200234453018,34.54851581571608],[136.16295888192178,34.54819436232798],[136.16418247818498,34.54903518832832],[136.16412286722317,34.54979351085181],[136.16440936548807,34.55048403606731],[136.165163707771,34.55088741858614],[136.1651850454126,34.55137602959168],[136.1658986993324,34.55179636716302],[136.16589011534265,34.55259673963373],[136.16658348538184,34.5530507682074],[136.16662533526278,34.553606680525895],[136.16725775971275,34.55412825856119],[136.1672791472778,34.55463377093618],[136.1667101984069,34.55529165470096],[136.16801791048545,34.557362450680884],[136.16957945227165,34.55902002349456],[136.1701301603656,34.55938999562035],[136.17068226762058,34.56043397076706],[136.1706643835668,34.56163030724697],[136.17194818476744,34.561898115485505],[136.17249765209715,34.561661396352164],[136.1737616672125,34.56221573982027],[136.174333662585,34.563006859352804],[136.17466227624033,34.56446178644469],[136.17524622473908,34.564874384249],[136.1753865746947,34.56558624350328],[136.1759146491611,34.56583819225338],[136.17666619680574,34.566709891996624],[136.1767525522297,34.5681337451653],[136.17530979318167,34.56834500825447],[136.1732245587209,34.56924218621221],[136.17208926425715,34.56993740520275],[136.17030391392666,34.57169720040292],[136.16915254984366,34.57367203324467],[136.16867084948973,34.57505993244056],[136.16807649900846,34.576047509302725],[136.1653230995914,34.578455980124254],[136.16491444924674,34.57913479252797],[136.16402280618598,34.58061576887405],[136.16363146917482,34.581773769825666],[136.16259000973002,34.58177390231569],[136.16210700854649,34.58257620082121],[136.1624817752048,34.58359301285166],[136.16192347278977,34.58402536393108],[136.1624474805242,34.5851036745174],[136.16252325902238,34.58572013117809],[136.1620738059789,34.5864357533942],[136.16225848045676,34.58832588052647],[136.1611727954551,34.58815434877997],[136.16041560749522,34.58815535241177],[136.1582227344635,34.58833093584862]]]},"properties":{"KEY_CODE":"242081430","PREF":"24","CITY":"208","CITY_NAME":"名張市","S_NAME":"布生","SETAI":"46"}},{"type":"Feature","geometry":{"type":"Polygon","coordinates":[[[136.18729948971642,34.581623802734796],[136.18739219240618,34.58183340498178],[136.18439950018748,34.58189644887867],[136.18118605516443,34.5820814766943],[136.17778162785237,34.582120344883265],[136.1731427924914,34.58192424543487],[136.17314713884474,34.582286116390264],[136.17250148645311,34.58338154749422],[136.17244699806338,34.58350995105863],[136.17232848626995,34.58357040975758],[136.17166664553994,34.583558531435344],[136.17161437763755,34.582940216006484],[136.17162578354564,34.58188147301071],[136.17106516313132,34.581683506778226],[136.1692025152027,34.58148510720595],[136.1652513258168,34.5819072254341],[136.16363146917482,34.581773769825666],[136.164022806186,34.58061576887405],[136.16491444924674,34.57913479252797],[136.1653230995914,34.578455980124254],[136.16807649900846,34.576047509302725],[136.16867084948973,34.57505993244056],[136.16915254984366,34.57367203324467],[136.17030391392666,34.57169720040292],[136.17208926425715,34.56993740520276],[136.17322455872088,34.56924218621222],[136.17530979318167,34.56834500825447],[136.1767525522297,34.5681337451653],[136.1786689010247,34.56833773880661],[136.17961283876102,34.56826747085792],[136.18200001659432,34.56791938497639],[136.18377545340667,34.567181709981114],[136.18449728886836,34.56713470052779],[136.18494221071376,34.56743264681491],[136.1848056507289,34.56844339306336],[136.18513979382686,34.568856307622944],[136.18764017893943,34.56942672856127],[136.19002813110828,34.56940002587149],[136.190555126934,34.56914649056152],[136.19341130223225,34.56748824211473],[136.1948246568784,34.56776458841487],[136.19483425845007,34.56817067259393],[136.1938691472807,34.56950715983645],[136.19397914936698,34.570524003474766],[136.19376438229085,34.57070239925155],[136.19298168021953,34.57118667232423],[136.19268242480854,34.5713842174816],[136.19239974771722,34.57209039011221],[136.19282212071406,34.57196251643075],[136.19320706830516,34.57226700877721],[136.19379914927924,34.572412274672885],[136.19411490292612,34.572691379519576],[136.19466211121633,34.57335804656566],[136.19448971606778,34.57357764753133],[136.19449106916414,34.574149688594176],[136.19441464037772,34.574327861990184],[136.19351386697448,34.575273228357275],[136.19205446347962,34.57561235719818],[136.191055420013,34.575620419877104],[136.19051494987855,34.57620289239872],[136.1898786769047,34.57689679326323],[136.18924165499007,34.5772791051479],[136.1880433019774,34.57751621203484],[136.18780507406348,34.577529260104924],[136.18742908337546,34.577784097768955],[136.18751987039028,34.578842398298676],[136.1868756383321,34.57943459760291],[136.18719208677106,34.580018973338156],[136.18700486424407,34.58049284392391],[136.18698227815665,34.580708963464566],[136.18713671520493,34.581020173275505],[136.18708354384648,34.581293529922675],[136.18729948971642,34.581623802734796]]]},"properties":{"KEY_CODE":"242081440","PREF":"24","CITY":"208","CITY_NAME":"名張市","S_NAME":"上長瀬","SETAI":"24"}},{"type":"Feature","geometry":{"type":"Polygon","coordinates":[[[136.18739219240612,34.58183340498178],[136.18791295642228,34.58270031779325],[136.18766681097426,34.584286677692184],[136.1871607781281,34.58483414759893],[136.18688722376598,34.58622037920045],[136.1872674348919,34.587248806367256],[136.186528598601,34.58857293853324],[136.18633763255264,34.59115668281092],[136.18696508949472,34.591890330901165],[136.18613695150276,34.59169128732124],[136.18641079346517,34.59226672275779],[136.18565661406885,34.59353663572535],[136.18492965421584,34.59344603564504],[136.18463587910426,34.59297909287608],[136.1838187213331,34.59318064384909],[136.183678887861,34.59400744563631],[136.18198104189275,34.59446457323902],[136.1812438342503,34.59437270727646],[136.18094098913622,34.59582448143278],[136.18046859134984,34.59686856626549],[136.18066985958808,34.59750863515901],[136.18018370394287,34.59797420846395],[136.1802791076114,34.59876445552874],[136.18090523833243,34.59944516833142],[136.181654906861,34.59950617232068],[136.18196816074396,34.59992914259136],[136.18273473977638,34.60197334596284],[136.18272396284365,34.602748116279855],[136.1817370326883,34.60274959038428],[136.18059529478086,34.60336587605093],[136.1801220689205,34.60405864350472],[136.17998687691352,34.60509194419376],[136.17965739794192,34.60583098271687],[136.17998473569307,34.60697713905059],[136.17931160132315,34.607680618490605],[136.17810716002973,34.60759518310177],[136.17664040405498,34.60724641611119],[136.17521372498078,34.6072800213107],[136.17314191678346,34.60695377282342],[136.17113542363828,34.6067651742669],[136.16678864459044,34.60664360207358],[136.1635985567549,34.60618013525133],[136.16252745476697,34.60425708973788],[136.16002759373242,34.601580908847744],[136.15976827265675,34.600475478179405],[136.1599664743703,34.59660487023295],[136.16068478626332,34.59571085106247],[136.1612476050454,34.59422160968511],[136.1615019053562,34.59277518001604],[136.1614574676876,34.59126632256904],[136.16142286006297,34.59009171849259],[136.16180953953122,34.58989667207115],[136.1623692940575,34.58932881367509],[136.16225848045676,34.58832588052647],[136.1620738059789,34.5864357533942],[136.16252325902238,34.58572013117809],[136.1624474805242,34.5851036745174],[136.16192347278977,34.58402536393108],[136.1624817752048,34.58359301285166],[136.16210700854649,34.58257620082121],[136.16259000973002,34.58177390231569],[136.16363146917482,34.581773769825666],[136.16525132581685,34.5819072254341],[136.1692025152027,34.58148510720595],[136.17106516313132,34.58168350677823],[136.17162578354564,34.58188147301071],[136.17161437763755,34.582940216006484],[136.17166664553994,34.58355853143537],[136.17232848626995,34.58357040975758],[136.17244699806338,34.58350995105863],[136.17250148645311,34.58338154749422],[136.17314713884474,34.582286116390264],[136.1731427924914,34.58192424543487],[136.17778162785237,34.582120344883265],[136.18118605516443,34.5820814766943],[136.18439950018748,34.58189644887867],[136.18739219240612,34.58183340498178]]]},"properties":{"KEY_CODE":"242081450","PREF":"24","CITY":"208","CITY_NAME":"名張市","S_NAME":"長瀬","SETAI":"65"}},{"type":"Feature","geometry":{"type":"Polygon","coordinates":[[[136.1132330187358,34.639053850884345],[136.11503061231576,34.64222097960205],[136.1166586858304,34.6448050836822],[136.11765103534134,34.64568747436213],[136.1185699567244,34.646232847550856],[136.12045887836285,34.647056590450276],[136.11943534977158,34.650200380896585],[136.11911712978443,34.64990811927182],[136.11730136800463,34.648486039391805],[136.1156129008212,34.64665052984668],[136.1149593652827,34.64563482909997],[136.11285675876042,34.64164506761065],[136.111653911483,34.63938113120089],[136.1111152733941,34.63838108965372],[136.1121250040603,34.63914644371141],[136.1132330187358,34.639053850884345]]]},"properties":{"KEY_CODE":"242081460","PREF":"24","CITY":"208","CITY_NAME":"名張市","S_NAME":"桔梗が丘一番町","SETAI":"256"}},{"type":"Feature","geometry":{"type":"Polygon","coordinates":[[[136.12034711545573,34.63913460250879],[136.122167083739,34.641052734537155],[136.12330342720344,34.64210171399376],[136.12296365091885,34.64239970131135],[136.12213918454165,34.643324590931044],[136.12169821962917,34.64314909658972],[136.12017857193925,34.64246151244642],[136.1185553371529,34.641978543744614],[136.1168781527534,34.64171351982385],[136.11503061231576,34.64222097960205],[136.1132330187358,34.639053850884345],[136.11399064404117,34.63869830974144],[136.11633654505584,34.638436608680365],[136.1161871998492,34.63781202992143],[136.1170645370388,34.63829236810758],[136.11859184921286,34.6382852460022],[136.11923614125277,34.638629865852735],[136.1196260808312,34.6383181761197],[136.12034711545573,34.63913460250879]]]},"properties":{"KEY_CODE":"242081470","PREF":"24","CITY":"208","CITY_NAME":"名張市","S_NAME":"桔梗が丘二番町","SETAI":"493"}},{"type":"Feature","geometry":{"type":"Polygon","coordinates":[[[136.11503061231576,34.64222097960205],[136.1168781527534,34.64171351982385],[136.1185553371529,34.641978543744614],[136.12017857193925,34.64246151244642],[136.12169821962917,34.64314909658972],[136.12213918454165,34.64332459093103],[136.12135180308275,34.64484612900901],[136.1208462913526,34.645962801055234],[136.1205685881045,34.64672263645625],[136.12045887836285,34.647056590450276],[136.1185699567244,34.646232847550856],[136.11765103534134,34.64568747436213],[136.1166586858304,34.6448050836822],[136.11503061231576,34.64222097960205]]]},"properties":{"KEY_CODE":"242081480","PREF":"24","CITY":"208","CITY_NAME":"名張市","S_NAME":"桔梗が丘三番町","SETAI":"372"}},{"type":"Feature","geometry":{"type":"Polygon","coordinates":[[[136.1208462913526,34.645962801055234],[136.12233542405625,34.64692428149108],[136.12315757288218,34.646553123978926],[136.1229468590601,34.64811945278415],[136.12475810517634,34.648503153944],[136.12470000011675,34.64894636878795],[136.12452663335318,34.65061591445152],[136.1234664276323,34.65176136291155],[136.12448499144196,34.65255240121579],[136.12530389769245,34.653991892914256],[136.1239993773736,34.65369290239277],[136.12334235025088,34.653166737169784],[136.12117155660502,34.651485737405594],[136.11989661931972,34.65050954513145],[136.11943534977158,34.650200380896585],[136.12045887836285,34.647056590450276],[136.1205685881045,34.64672263645625],[136.1208462913526,34.645962801055234]]]},"properties":{"KEY_CODE":"242081490","PREF":"24","CITY":"208","CITY_NAME":"名張市","S_NAME":"桔梗が丘四番町","SETAI":"471"}},{"type":"Feature","geometry":{"type":"Polygon","coordinates":[[[136.13161121106523,34.639876916366326],[136.1327288438377,34.640909921101276],[136.1326177633305,34.641948914515844],[136.13201299729948,34.64289181337145],[136.13201398189327,34.64351837499499],[136.13129543033284,34.64365100187225],[136.13120800000812,34.64410425558138],[136.12979534666627,34.6437522029389],[136.12650942804174,34.64324433543185],[136.12524386212877,34.64299815020961],[136.12330342720344,34.64210171399376],[136.122167083739,34.641052734537155],[136.12034711545573,34.63913460250879],[136.12208950180454,34.638517148313724],[136.12222214722348,34.638039702906894],[136.1227100389636,34.63789376040415],[136.12454218378002,34.63560892234376],[136.12492397573797,34.63566346456464],[136.12487531328537,34.63585776515227],[136.1254208598485,34.636279648454185],[136.12589914951013,34.63686500173731],[136.12632601999695,34.63723234866685],[136.12652652548707,34.6373569428703],[136.12686339736493,34.637545064863865],[136.12702140412114,34.637797043409144],[136.12701525101653,34.63806553576917],[136.1271369129295,34.63816851970264],[136.1277444569379,34.63818943155252],[136.12840734960972,34.63829662925079],[136.12888348535358,34.63821456298796],[136.1294078051027,34.63822977939497],[136.12977902042465,34.63832432290197],[136.13000831228473,34.63846719401585],[136.1309457463877,34.639565483672904],[136.13161121106523,34.639876916366326]]]},"properties":{"KEY_CODE":"242081500","PREF":"24","CITY":"208","CITY_NAME":"名張市","S_NAME":"桔梗が丘五番町","SETAI":"965"}},{"type":"Feature","geometry":{"type":"Polygon","coordinates":[[[136.1259829096188,34.64479578242655],[136.12547371936495,34.64566149129637],[136.12696117691658,34.6456810775946],[136.12739345857406,34.64495827867735],[136.12835753843387,34.64498670678202],[136.12818988421452,34.64544398582274],[136.12853701954182,34.64653150746948],[136.12853568601352,34.64737922428025],[136.1274814561104,34.64727412152695],[136.12732515104676,34.64835174787011],[136.12522091260647,34.648527048701496],[136.12475810517634,34.648503153944],[136.1229468590601,34.64811945278415],[136.12315757288218,34.646553123978926],[136.12233542405625,34.64692428149108],[136.1208462913526,34.645962801055234],[136.12135180308275,34.64484612900901],[136.12213918454165,34.64332459093103],[136.12296365091885,34.64239970131135],[136.12330342720344,34.64210171399376],[136.12524386212877,34.64299815020961],[136.12650942804174,34.64324433543185],[136.12630507802828,34.644115644830826],[136.1259829096188,34.64479578242655]]]},"properties":{"KEY_CODE":"242081510","PREF":"24","CITY":"208","CITY_NAME":"名張市","S_NAME":"桔梗が丘六番町","SETAI":"240"}},{"type":"Feature","geometry":{"type":"Polygon","coordinates":[[[136.13120800000812,34.64410425558138],[136.1308729679873,34.64535787951808],[136.1297578854332,34.64684067600436],[136.12891795879068,34.64757912871107],[136.12732515104676,34.64835174787011],[136.1274814561104,34.64727412152695],[136.12853568601352,34.64737922428025],[136.12853701954182,34.64653150746948],[136.12818988421452,34.64544398582274],[136.12835753843387,34.64498670678202],[136.12739345857406,34.64495827867735],[136.12696117691658,34.6456810775946],[136.12547371936495,34.64566149129637],[136.1259829096188,34.64479578242655],[136.12630507802828,34.644115644830826],[136.12650942804174,34.64324433543185],[136.12979534666627,34.6437522029389],[136.13120800000812,34.64410425558138]]]},"properties":{"KEY_CODE":"242081520","PREF":"24","CITY":"208","CITY_NAME":"名張市","S_NAME":"桔梗が丘七番町","SETAI":"261"}},{"type":"Feature","geometry":{"type":"Polygon","coordinates":[[[136.13197519061063,34.64620088540154],[136.13168525278203,34.64755912436088],[136.13101017192415,34.64734799331016],[136.13040231879998,34.64678364240929],[136.12972588852318,34.64760249972899],[136.12867778132195,34.6481588940269],[136.12900499274625,34.6483663216301],[136.12888839842515,34.649076678156575],[136.1283103327317,34.64872174880236],[136.12754191576363,34.64913894707984],[136.1274706218459,34.649655003830894],[136.1267335898849,34.650447423280035],[136.12726330132946,34.65115034337637],[136.12814401982737,34.64979586572933],[136.12825877031858,34.65161710755373],[136.12803286933465,34.65226263930922],[136.12676522604156,34.6518792647905],[136.12636101976867,34.65154119026724],[136.12520722648765,34.65165027993351],[136.12490321387435,34.652061348108774],[136.126104316913,34.6532704092341],[136.12626515441772,34.65440490193957],[136.12530389769245,34.653991892914256],[136.12448499144196,34.65255240121579],[136.1234664276323,34.65176136291155],[136.12452663335318,34.65061591445152],[136.12470000011675,34.64894636878795],[136.12522091260647,34.648527048701496],[136.12732515104676,34.64835174787011],[136.12891795879068,34.64757912871107],[136.1297578854332,34.64684067600436],[136.1308729679873,34.64535787951808],[136.13120800000812,34.64410425558138],[136.13193250206805,34.64447013986958],[136.13197519061063,34.64620088540154]]]},"properties":{"KEY_CODE":"242081530","PREF":"24","CITY":"208","CITY_NAME":"名張市","S_NAME":"桔梗が丘八番町","SETAI":"465"}},{"type":"Feature","geometry":{"type":"Polygon","coordinates":[[[136.12225544369034,34.6365718113688],[136.12059233419242,34.63696409299384],[136.1195071017611,34.636659500383914],[136.11886844302606,34.6361137246729],[136.1187917526923,34.635642613851324],[136.12016151726144,34.63414867404916],[136.12100449898634,34.6335378925775],[136.12304695913392,34.634758940303676],[136.1219638342746,34.63606668905531],[136.12225544369034,34.6365718113688]]]},"properties":{"KEY_CODE":"242081540","PREF":"24","CITY":"208","CITY_NAME":"名張市","S_NAME":"桔梗が丘南一番町","SETAI":"204"}},{"type":"Feature","geometry":{"type":"Polygon","coordinates":[[[136.12586569909914,34.63359559337783],[136.12458961927376,34.632862459194634],[136.12304695913392,34.634758940303676],[136.12100449898634,34.6335378925775],[136.12304272627705,34.63250344020863],[136.12431493855885,34.632227447726],[136.125480722666,34.632900551701624],[136.1259615895204,34.63349294442428],[136.12586569909914,34.63359559337783]]]},"properties":{"KEY_CODE":"242081550","PREF":"24","CITY":"208","CITY_NAME":"名張市","S_NAME":"桔梗が丘南二番町","SETAI":"122"}},{"type":"Feature","geometry":{"type":"Polygon","coordinates":[[[136.12586569909914,34.63359559337783],[136.12554469395909,34.63422939240973],[136.12498568789064,34.63505501066935],[136.12454218378002,34.63560892234376],[136.1227100389636,34.63789376040415],[136.12222214722348,34.638039702906894],[136.1225434005267,34.63725287027529],[136.12225544369034,34.6365718113688],[136.1219638342746,34.63606668905531],[136.12304695913392,34.634758940303676],[136.12458961927376,34.632862459194634],[136.12586569909914,34.63359559337783]]]},"properties":{"KEY_CODE":"242081560","PREF":"24","CITY":"208","CITY_NAME":"名張市","S_NAME":"桔梗が丘南三番町","SETAI":"206"}},{"type":"Feature","geometry":{"type":"Polygon","coordinates":[[[136.125381513817,34.635502263728384],[136.12492397573797,34.63566346456464],[136.12454218378002,34.63560892234376],[136.12498568789064,34.63505501066935],[136.12554469395909,34.63422939240973],[136.12586569909914,34.63359559337783],[136.1259615895204,34.63349294442428],[136.12622486121933,34.63396850713433],[136.12623926189653,34.634059066789966],[136.12622038825774,34.63421685379875],[136.12613996288312,34.63445809650046],[136.12601964011967,34.63473093429199],[136.1257848436865,34.635134471411064],[136.12566399163185,34.635304338590736],[136.12547216026095,34.635454698401595],[136.125381513817,34.635502263728384]]]},"properties":{"KEY_CODE":"242081570","PREF":"24","CITY":"208","CITY_NAME":"名張市","S_NAME":"桔梗が丘南四番町","SETAI":"15"}},{"type":"Feature","geometry":{"type":"Polygon","coordinates":[[[136.10565032434098,34.642784232904994],[136.10605761593027,34.64295615000211],[136.10632425994584,34.64390842242851],[136.10676589930466,34.644001283750576],[136.10661148013915,34.64474333797953],[136.1052463523833,34.645406167241234],[136.10488550490197,34.6462156893262],[136.1043103809304,34.64621665674552],[136.10435047376237,34.64548185507374],[136.10341844273017,34.64531323293038],[136.10343126438696,34.64520968667023],[136.10346841627725,34.64506836939422],[136.10511982710926,34.64262932310814],[136.10565032434098,34.642784232904994]]]},"properties":{"KEY_CODE":"242081580","PREF":"24","CITY":"208","CITY_NAME":"名張市","S_NAME":"桔梗が丘西一番町","SETAI":"173"}},{"type":"Feature","geometry":{"type":"Polygon","coordinates":[[[136.11285675876042,34.64164506761065],[136.1110666843521,34.64238863617361],[136.1100514308546,34.64324740558952],[136.10844310820988,34.64437602918516],[136.10753645698395,34.6441342780883],[136.10902213170252,34.64163251770611],[136.11041214701464,34.640259695534425],[136.111653911483,34.63938113120089],[136.11285675876042,34.64164506761065]]]},"properties":{"KEY_CODE":"242081590","PREF":"24","CITY":"208","CITY_NAME":"名張市","S_NAME":"桔梗が丘西二番町","SETAI":"117"}},{"type":"Feature","geometry":{"type":"Polygon","coordinates":[[[136.11285675876042,34.64164506761065],[136.1149593652827,34.64563482909997],[136.11408184217632,34.64592259026149],[136.1104153530758,34.64592414032021],[136.11044268096887,34.64374457286066],[136.1100514308546,34.64324740558952],[136.1110666843521,34.64238863617361],[136.11285675876042,34.64164506761065]]]},"properties":{"KEY_CODE":"242081600","PREF":"24","CITY":"208","CITY_NAME":"名張市","S_NAME":"桔梗が丘西三番町","SETAI":"323"}},{"type":"Feature","geometry":{"type":"Polygon","coordinates":[[[136.1156129008212,34.64665052984668],[136.1132911862029,34.64690950091274],[136.11340949809497,34.648222078936136],[136.11475013889105,34.648554386707],[136.11485748943403,34.6492015455047],[136.11418195802443,34.649762104462326],[136.1133581705921,34.64946466639237],[136.11209837441274,34.649336376882175],[136.11186025975624,34.64874863907255],[136.11055716615746,34.648720526210276],[136.11041757907475,34.64853232129242],[136.1104153530758,34.64592414032021],[136.11408184217632,34.64592259026149],[136.1149593652827,34.64563482909997],[136.1156129008212,34.64665052984668]]]},"properties":{"KEY_CODE":"242081610","PREF":"24","CITY":"208","CITY_NAME":"名張市","S_NAME":"桔梗が丘西四番町","SETAI":"256"}},{"type":"Feature","geometry":{"type":"Polygon","coordinates":[[[136.1104153530758,34.64592414032021],[136.11041757907475,34.64853232129242],[136.11055716615746,34.648720526210276],[136.11043285942685,34.649376910041106],[136.1092977622306,34.649427802724105],[136.10877069252734,34.64903246394698],[136.10850775867317,34.64764324804981],[136.1089226780366,34.64747764264439],[136.10865764556587,34.646733572574455],[136.1071909638887,34.645630957536405],[136.1069159624781,34.64519072796521],[136.10753645698395,34.6441342780883],[136.10844310820988,34.64437602918516],[136.1100514308546,34.64324740558952],[136.11044268096887,34.64374457286066],[136.1104153530758,34.64592414032021]]]},"properties":{"KEY_CODE":"242081620","PREF":"24","CITY":"208","CITY_NAME":"名張市","S_NAME":"桔梗が丘西五番町","SETAI":"179"}},{"type":"Feature","geometry":{"type":"Polygon","coordinates":[[[136.1057204295901,34.647830411428735],[136.1054260115243,34.648089997148105],[136.10533396156399,34.64808162649681],[136.1051485056157,34.647990371157086],[136.10456964371954,34.64775267903037],[136.10488550490197,34.6462156893262],[136.1052463523833,34.645406167241234],[136.10596507659838,34.64551076028047],[136.10616124231962,34.64526746078629],[136.1064318477746,34.645273841959636],[136.1067470694365,34.645172564576754],[136.1069159624781,34.64519072796521],[136.1071909638887,34.645630957536405],[136.10865764556587,34.646733572574455],[136.1089226780366,34.64747764264439],[136.10850775867317,34.64764324804981],[136.10698896908295,34.64799423311412],[136.10688753492158,34.647985449996604],[136.10649910122564,34.647996501727334],[136.1057204295901,34.647830411428735]]]},"properties":{"KEY_CODE":"242081630","PREF":"24","CITY":"208","CITY_NAME":"名張市","S_NAME":"桔梗が丘西六番町","SETAI":"183"}},{"type":"Feature","geometry":{"type":"Polygon","coordinates":[[[136.10820010716427,34.650033520943765],[136.10697871207313,34.649927286191215],[136.10698896908295,34.64799423311412],[136.10850775867317,34.64764324804981],[136.10877069252734,34.64903246394698],[136.10820010716427,34.650033520943765]]]},"properties":{"KEY_CODE":"242081640","PREF":"24","CITY":"208","CITY_NAME":"名張市","S_NAME":"桔梗が丘西七番町","SETAI":"99"}},{"type":"Feature","geometry":{"type":"Polygon","coordinates":[[[136.11543672176714,34.61533494408764],[136.11424707676028,34.61656132304528],[136.1132013218191,34.61671768544773],[136.1119842216194,34.616000689619376],[136.11072951543792,34.61634189942049],[136.110462466173,34.61580812222939],[136.11164942644552,34.614875344752285],[136.1134497003564,34.614234557601705],[136.11403702127177,34.61332542318797],[136.11451618446716,34.61370882648782],[136.1150493730834,34.614687475264766],[136.11543672176714,34.61533494408764]]]},"properties":{"KEY_CODE":"242081650","PREF":"24","CITY":"208","CITY_NAME":"名張市","S_NAME":"春日丘一番町","SETAI":"111"}},{"type":"Feature","geometry":{"type":"Polygon","coordinates":[[[136.1186577212961,34.616469162603906],[136.11791077671347,34.61731128259253],[136.1142409406014,34.617253259227816],[136.1132013218191,34.61671768544773],[136.11424707676028,34.61656132304528],[136.11543672176714,34.61533494408764],[136.11591880037614,34.615240664888546],[136.11694971144217,34.615103312210465],[136.11744272437764,34.614770110248266],[136.11767630757305,34.61446519184359],[136.1185631167509,34.61476323847827],[136.1183794450186,34.61526180071131],[136.1186577212961,34.616469162603906]]]},"properties":{"KEY_CODE":"242081660","PREF":"24","CITY":"208","CITY_NAME":"名張市","S_NAME":"春日丘二番町","SETAI":"116"}},{"type":"Feature","geometry":{"type":"Polygon","coordinates":[[[136.11591880037614,34.615240664888546],[136.11543672176717,34.61533494408764],[136.1150493730834,34.614687475264766],[136.11451618446716,34.61370882648782],[136.11403702127177,34.61332542318797],[136.11473132375878,34.612879206893034],[136.1151777140663,34.612632409409535],[136.1166666216815,34.61249039523527],[136.116879028989,34.61226142464158],[136.1172546986008,34.61215555241237],[136.1174009210912,34.61316344193524],[136.11804949435128,34.61360385947345],[136.11767630757305,34.614465191843614],[136.11744272437764,34.614770110248266],[136.11694971144217,34.615103312210465],[136.11591880037614,34.615240664888546]]]},"properties":{"KEY_CODE":"242081670","PREF":"24","CITY":"208","CITY_NAME":"名張市","S_NAME":"春日丘三番町","SETAI":"85"}},{"type":"Feature","geometry":{"type":"Polygon","coordinates":[[[136.12087213697808,34.61289068303914],[136.12111179765296,34.614365017804374],[136.1185631167509,34.61476323847824],[136.11767630757305,34.614465191843614],[136.11804949435128,34.61360385947345],[136.11859280571005,34.613200874668266],[136.12087213697808,34.61289068303914]]]},"properties":{"KEY_CODE":"242081680","PREF":"24","CITY":"208","CITY_NAME":"名張市","S_NAME":"春日丘四番町","SETAI":"0"}},{"type":"Feature","geometry":{"type":"Polygon","coordinates":[[[136.12087213697808,34.61289068303914],[136.11859280571005,34.613200874668266],[136.11804949435128,34.61360385947345],[136.1174009210912,34.61316344193524],[136.1172546986008,34.61215555241237],[136.11760196376702,34.61202040784744],[136.11869375103905,34.611866922720935],[136.11902644767815,34.61147386400744],[136.11973137393474,34.611042263933655],[136.11969456213424,34.610104284885665],[136.11980049844917,34.60980512370906],[136.1202574411387,34.60952040631157],[136.12054407207543,34.60914781691314],[136.12061805100734,34.6088223453179],[136.12082319178504,34.60849392767246],[136.12203335027942,34.611728787916846],[136.1219847051711,34.6124147086741],[136.12137195223187,34.61284045755623],[136.12087213697808,34.61289068303914]]]},"properties":{"KEY_CODE":"242081690","PREF":"24","CITY":"208","CITY_NAME":"名張市","S_NAME":"春日丘五番町","SETAI":"0"}},{"type":"Feature","geometry":{"type":"Polygon","coordinates":[[[136.123903931125,34.61316031589444],[136.12152181717866,34.613496877492615],[136.12137195223187,34.61284045755623],[136.1219847051711,34.6124147086741],[136.12203335027942,34.611728787916846],[136.12082319178504,34.60849392767246],[136.12246019945152,34.610265618942826],[136.12311731785923,34.61109449702033],[136.12357907116674,34.61166269296121],[136.1242531776959,34.61197274537321],[136.123903931125,34.61316031589444]]]},"properties":{"KEY_CODE":"242081700","PREF":"24","CITY":"208","CITY_NAME":"名張市","S_NAME":"春日丘六番町","SETAI":"0"}},{"type":"Feature","geometry":{"type":"Polygon","coordinates":[[[136.12408660108395,34.614411712302925],[136.1231726790945,34.61498132496462],[136.12085848836793,34.61572532421729],[136.12021376994326,34.61613053265853],[136.1194799242448,34.61620451165975],[136.1186577212961,34.6164691626039],[136.1183794450186,34.61526180071131],[136.1185631167509,34.61476323847824],[136.12111179765296,34.614365017804374],[136.12087213697808,34.61289068303914],[136.12137195223187,34.61284045755623],[136.12152181717866,34.613496877492615],[136.123903931125,34.61316031589444],[136.12362074648254,34.613471214794856],[136.1237239171987,34.61370860798448],[136.12412851414106,34.61397780504966],[136.12408660108395,34.614411712302925]]]},"properties":{"KEY_CODE":"242081710","PREF":"24","CITY":"208","CITY_NAME":"名張市","S_NAME":"春日丘七番町","SETAI":"0"}},{"type":"Feature","geometry":{"type":"Polygon","coordinates":[[[136.0979199453619,34.60048033241325],[136.09834988527814,34.60204555351964],[136.0971464856669,34.60251362379666],[136.09665466395896,34.60311183967397],[136.09381811482655,34.602402392386786],[136.09342335303214,34.60186487507294],[136.09512767288604,34.601537748711834],[136.09501877454505,34.6010977739745],[136.09600372489305,34.60074667618898],[136.09558617065807,34.60030981273795],[136.09667829931695,34.59969000107725],[136.0978554875669,34.60013399859511],[136.0979199453619,34.60048033241325]]]},"properties":{"KEY_CODE":"242081720","PREF":"24","CITY":"208","CITY_NAME":"名張市","S_NAME":"南百合が丘","SETAI":"152"}},{"type":"Feature","geometry":{"type":"Polygon","coordinates":[[[136.10342376582173,34.62486273926442],[136.10294699580754,34.62514866977538],[136.10288556229347,34.62530733450309],[136.1023862096495,34.625732316270515],[136.10171692913454,34.62542618795543],[136.10097412651785,34.62492279678003],[136.10340156438917,34.62386937569254],[136.1057499340713,34.62287189232047],[136.1067963259296,34.62401073785286],[136.10595639905657,34.624171059801014],[136.1056501996719,34.62427993009685],[136.10543757645559,34.62358987032036],[136.10438849981028,34.62403857091502],[136.10397371185528,34.624391788455235],[136.10342376582173,34.62486273926442]]]},"properties":{"KEY_CODE":"242081730","PREF":"24","CITY":"208","CITY_NAME":"名張市","S_NAME":"希央台一番町","SETAI":"52"}},{"type":"Feature","geometry":{"type":"Polygon","coordinates":[[[136.10097412651785,34.62492279678003],[136.10171692913454,34.62542618795543],[136.10222399256298,34.62575512997916],[136.10070311403214,34.626911184394004],[136.10126536913802,34.627510671033626],[136.10096284298754,34.62769981722477],[136.1005632539696,34.62799065097656],[136.1009606238992,34.62843076593783],[136.10108488428284,34.62878451348026],[136.10154835986103,34.62901627780282],[136.1015611253832,34.62967099931172],[136.09934058940203,34.628172740090136],[136.0977809761487,34.6264586679267],[136.09936994822644,34.62561278067839],[136.10097412651785,34.62492279678003]]]},"properties":{"KEY_CODE":"242081740","PREF":"24","CITY":"208","CITY_NAME":"名張市","S_NAME":"希央台二番町","SETAI":"261"}},{"type":"Feature","geometry":{"type":"Polygon","coordinates":[[[136.1057499340713,34.62287189232047],[136.10340156438917,34.62386937569254],[136.10201752788012,34.6224518702067],[136.10319256006724,34.621857430042155],[136.10320081383455,34.62115549002656],[136.10406809806352,34.62110954500553],[136.10442927669817,34.620723690457986],[136.10563381521044,34.62273831129436],[136.1057499340713,34.62287189232047]]]},"properties":{"KEY_CODE":"242081750","PREF":"24","CITY":"208","CITY_NAME":"名張市","S_NAME":"希央台三番町","SETAI":"69"}},{"type":"Feature","geometry":{"type":"Polygon","coordinates":[[[136.10340156438917,34.62386937569254],[136.10097412651785,34.62492279678003],[136.09843218993842,34.62340082502882],[136.09861317421294,34.62287511438483],[136.09866488268634,34.6228323916623],[136.0991518377224,34.62298512180614],[136.10157438247396,34.62265141907066],[136.10201752788012,34.6224518702067],[136.10340156438917,34.62386937569254]]]},"properties":{"KEY_CODE":"242081760","PREF":"24","CITY":"208","CITY_NAME":"名張市","S_NAME":"希央台四番町","SETAI":"129"}},{"type":"Feature","geometry":{"type":"Polygon","coordinates":[[[136.10097412651785,34.62492279678003],[136.09936994822644,34.62561278067839],[136.0977809761487,34.6264586679267],[136.09755370081456,34.625930604972794],[136.09824368438473,34.625198127603],[136.09739391578253,34.6245775844387],[136.0969860411317,34.624654111526525],[136.09669173288069,34.623230903636234],[136.09628499082618,34.62207260854315],[136.09715933624062,34.62213714849081],[136.09787975077435,34.62291035071386],[136.09861317421294,34.62287511438483],[136.09843218993842,34.62340082502882],[136.10097412651785,34.62492279678003]]]},"properties":{"KEY_CODE":"242081770","PREF":"24","CITY":"208","CITY_NAME":"名張市","S_NAME":"希央台五番町","SETAI":"147"}}]}