{"type":"FeatureCollection","features":[{"type":"Feature","geometry":{"type":"Polygon","coordinates":[[[135.42923207487112,34.721531567871516],[135.42784102725668,34.72250258465756],[135.42631964114562,34.723106428534955],[135.42580103303195,34.723312926729314],[135.42544346421525,34.72266385033313],[135.42526195459283,34.72235236406364],[135.4233863896053,34.72303935467383],[135.4231488802115,34.72208720712024],[135.42304306901576,34.721674188707],[135.4229177530312,34.721276276207234],[135.42297156567457,34.72119776159211],[135.42466416176228,34.720862719950844],[135.42479381765676,34.72121396977335],[135.4266680079307,34.720705151204214],[135.42710662410948,34.72008005179286],[135.42811968918025,34.72069815835311],[135.42923207487112,34.721531567871516]]]},"properties":{"KEY_CODE":"282020012","PREF":"28","CITY":"202","CITY_NAME":"尼崎市","S_NAME":"北大物町","SETAI":"608"}},{"type":"Feature","geometry":{"type":"Polygon","coordinates":[[[135.42698967199848,34.7132101730621],[135.4283798437901,34.71396194761247],[135.42751954852352,34.71497677572455],[135.42641183044827,34.71594733967316],[135.4243639797194,34.713974469740904],[135.42550201892178,34.71351945489925],[135.42698967199848,34.7132101730621]]]},"properties":{"KEY_CODE":"28202002201","PREF":"28","CITY":"202","CITY_NAME":"尼崎市","S_NAME":"大物町一丁目","SETAI":"244"}},{"type":"Feature","geometry":{"type":"Polygon","coordinates":[[[135.42695919419097,34.71649682034254],[135.42460202899787,34.71686953931427],[135.4244697767625,34.716754944156826],[135.42285006212825,34.71522851694387],[135.4229030702868,34.714685898529886],[135.4243639797194,34.713974469740904],[135.42641183044827,34.71594733967316],[135.42685869928073,34.716391736351724],[135.42695919419097,34.71649682034254]]]},"properties":{"KEY_CODE":"28202002202","PREF":"28","CITY":"202","CITY_NAME":"尼崎市","S_NAME":"大物町二丁目","SETAI":"271"}},{"type":"Feature","geometry":{"type":"Polygon","coordinates":[[[135.42896855688176,34.71654053350604],[135.42685869928073,34.716391736351724],[135.42641183044827,34.71594733967316],[135.42751954852352,34.71497677572455],[135.42896855688176,34.71654053350604]]]},"properties":{"KEY_CODE":"282020023","PREF":"28","CITY":"202","CITY_NAME":"尼崎市","S_NAME":"大物町","SETAI":"159"}},{"type":"Feature","geometry":{"type":"Polygon","coordinates":[[[135.4175664621213,34.71615938024721],[135.42252058232341,34.71492172853189],[135.42285006212825,34.71522851694387],[135.4244697767625,34.716754944156826],[135.4232297554246,34.717060010842374],[135.4184101756368,34.718211429579796],[135.41835967993288,34.71808736490371],[135.4179678336836,34.717139106622135],[135.4175664621213,34.71615938024721]]]},"properties":{"KEY_CODE":"282020030","PREF":"28","CITY":"202","CITY_NAME":"尼崎市","S_NAME":"北城内","SETAI":"181"}},{"type":"Feature","geometry":{"type":"Polygon","coordinates":[[[135.42285006212825,34.71522851694387],[135.42252058232341,34.71492172853189],[135.4175664621213,34.71615938024721],[135.41787467865484,34.71510037345304],[135.41736852814049,34.71371113016832],[135.41723738732358,34.71328212850531],[135.41774214316254,34.71316734835943],[135.41848766105622,34.7129940811906],[135.41924960737958,34.71282517007428],[135.4203569438678,34.71259049379059],[135.4212840118764,34.7121885339228],[135.42163782597035,34.71210832762588],[135.4229030702868,34.714685898529886],[135.42285006212825,34.71522851694387]]]},"properties":{"KEY_CODE":"282020040","PREF":"28","CITY":"202","CITY_NAME":"尼崎市","S_NAME":"南城内","SETAI":"330"}},{"type":"Feature","geometry":{"type":"Polygon","coordinates":[[[135.43186331608538,34.71270952703214],[135.4318524807349,34.713643755949306],[135.43103750846495,34.71465101410136],[135.43010126547705,34.71411773281984],[135.4283798437901,34.71396194761247],[135.42698967199848,34.7132101730621],[135.4266495846564,34.711146634607964],[135.42734353418868,34.71086193845826],[135.42762133593746,34.71075478899575],[135.42777977969055,34.71066984038728],[135.42799929496857,34.71055955217435],[135.42935331380596,34.71183138970902],[135.42976782362993,34.71148524686569],[135.43186331608538,34.71270952703214]]]},"properties":{"KEY_CODE":"28202005001","PREF":"28","CITY":"202","CITY_NAME":"尼崎市","S_NAME":"東本町一丁目","SETAI":"71"}},{"type":"Feature","geometry":{"type":"Polygon","coordinates":[[[135.4266495846564,34.711146634607964],[135.42698967199848,34.7132101730621],[135.42550201892178,34.71351945489925],[135.42487513726246,34.71170074817367],[135.4247183137682,34.711409601484284],[135.42462105946655,34.71123215315506],[135.42495055963983,34.71122300320104],[135.4251755878155,34.71121394316698],[135.42558742296444,34.71120785705229],[135.42582732742517,34.71120162089407],[135.42654796302128,34.711162195381895],[135.4266495846564,34.711146634607964]]]},"properties":{"KEY_CODE":"28202005002","PREF":"28","CITY":"202","CITY_NAME":"尼崎市","S_NAME":"東本町二丁目","SETAI":"151"}},{"type":"Feature","geometry":{"type":"Polygon","coordinates":[[[135.42462105946655,34.71123215315506],[135.4247183137682,34.711409601484284],[135.42487513726246,34.71170074817367],[135.42550201892178,34.71351945489925],[135.4243639797194,34.713974469740904],[135.4233651352596,34.71159243264645],[135.42336748767806,34.711134919680326],[135.4238419480188,34.7112151850467],[135.4242710331117,34.711243317151705],[135.42462105946655,34.71123215315506]]]},"properties":{"KEY_CODE":"28202005003","PREF":"28","CITY":"202","CITY_NAME":"尼崎市","S_NAME":"東本町三丁目","SETAI":"117"}},{"type":"Feature","geometry":{"type":"Polygon","coordinates":[[[135.42336748767806,34.711134919680326],[135.4233651352596,34.71159243264645],[135.4243639797194,34.713974469740904],[135.4229030702868,34.714685898529886],[135.42163782597035,34.71210832762588],[135.4212840118764,34.7121885339228],[135.42090307819763,34.71109088248169],[135.4211012787112,34.71109742391887],[135.42129665563257,34.71110976524101],[135.421590510764,34.71112714219399],[135.42181085510208,34.71114461270831],[135.42206183102687,34.71115645617654],[135.42336748767806,34.711134919680326]]]},"properties":{"KEY_CODE":"28202005004","PREF":"28","CITY":"202","CITY_NAME":"尼崎市","S_NAME":"東本町四丁目","SETAI":"287"}},{"type":"Feature","geometry":{"type":"Polygon","coordinates":[[[135.42495055963983,34.71122300320104],[135.4246210594666,34.71123215315503],[135.4242710331117,34.711243317151705],[135.4238419480188,34.7112151850467],[135.42336748767806,34.711134919680326],[135.42359436484554,34.70955237357359],[135.42604039308654,34.71036135221126],[135.42701746034413,34.71035427449136],[135.42730708080276,34.7102182862859],[135.42761291753988,34.710083841488114],[135.42799929496863,34.71055955217434],[135.42777977969055,34.71066984038728],[135.42762133593746,34.71075478899575],[135.42734353418868,34.71086193845826],[135.4266495846564,34.711146634607964],[135.42654796302128,34.711162195381895],[135.42582732742517,34.71120162089407],[135.42558742296444,34.71120785705229],[135.4251755878155,34.71121394316698],[135.42495055963983,34.71122300320104]]]},"properties":{"KEY_CODE":"282020060","PREF":"28","CITY":"202","CITY_NAME":"尼崎市","S_NAME":"東松島町","SETAI":"0"}},{"type":"Feature","geometry":{"type":"Polygon","coordinates":[[[135.42336748767806,34.711134919680326],[135.42206183102687,34.71115645617654],[135.42181085510208,34.71114461270831],[135.421590510764,34.71112714219399],[135.42129665563257,34.71110976524101],[135.4211012787112,34.71109742391887],[135.4209965647978,34.71101370485367],[135.42063600984474,34.71085930731266],[135.42015652602356,34.710805270109375],[135.4194615777223,34.71024002115809],[135.4194113391174,34.70986114883992],[135.41931539838643,34.70987439884276],[135.41930405596807,34.709496306111575],[135.41971775966232,34.7094052901392],[135.42062394108706,34.7093191779357],[135.42102370512086,34.70925152241583],[135.4220602730585,34.709366360757244],[135.42225680017006,34.709401790371984],[135.4227897817458,34.7095363302325],[135.42308493379022,34.709600736805726],[135.42318332700964,34.70936547644642],[135.42349851228045,34.709455337613576],[135.42359436484554,34.70955237357359],[135.42336748767806,34.711134919680326]]]},"properties":{"KEY_CODE":"282020070","PREF":"28","CITY":"202","CITY_NAME":"尼崎市","S_NAME":"西松島町","SETAI":"0"}},{"type":"Feature","geometry":{"type":"Polygon","coordinates":[[[135.42442703287583,34.70672799240185],[135.42484430499988,34.706903703514456],[135.42549543275024,34.70734000760886],[135.42566389272395,34.707497943516444],[135.42626334178792,34.70827064124089],[135.42743231522684,34.70983319601996],[135.42761291753988,34.710083841488114],[135.42730708080276,34.7102182862859],[135.42701746034413,34.71035427449136],[135.42604039308654,34.71036135221126],[135.42359436484554,34.70955237357359],[135.42372427304758,34.70789829531536],[135.42412334150632,34.70664267815175],[135.42442703287583,34.70672799240185]]]},"properties":{"KEY_CODE":"282020130","PREF":"28","CITY":"202","CITY_NAME":"尼崎市","S_NAME":"東初島町","SETAI":"4"}},{"type":"Feature","geometry":{"type":"Polygon","coordinates":[[[135.42372427304758,34.70789829531536],[135.42359436484554,34.70955237357359],[135.42349851228045,34.709455337613576],[135.42318332700964,34.70936547644642],[135.4218018406088,34.70898019476993],[135.42156794669896,34.70896340805587],[135.42052325328797,34.70904118528019],[135.42031497667918,34.709059381712486],[135.41955740898783,34.709057964502925],[135.41901993382908,34.70894471741185],[135.4186096453988,34.70870314364468],[135.41662925202533,34.70684654675712],[135.41620080023912,34.7064663831925],[135.416031862475,34.706485912687725],[135.4158536467068,34.70646763385008],[135.4153298057051,34.70622071692991],[135.41481839737827,34.70584128247719],[135.41424255330764,34.704926886292355],[135.41456865684376,34.70473614807777],[135.41490960925256,34.70463377011267],[135.41928743120366,34.70682332511019],[135.42372427304758,34.70789829531536]]]},"properties":{"KEY_CODE":"282020140","PREF":"28","CITY":"202","CITY_NAME":"尼崎市","S_NAME":"北初島町","SETAI":"4"}},{"type":"Feature","geometry":{"type":"Polygon","coordinates":[[[135.42412334150632,34.70664267815175],[135.42372427304758,34.70789829531536],[135.41928743120366,34.70682332511019],[135.41490960925256,34.70463377011267],[135.41456865684376,34.70473614807777],[135.41424255330764,34.704926886292355],[135.4141965172371,34.704810244293036],[135.41393900903472,34.704320660092556],[135.41366431420263,34.703427676685884],[135.41511816133016,34.70401610299089],[135.41592920773473,34.704322309346914],[135.41791039187706,34.70493334250216],[135.42140084676532,34.70588921607203],[135.42167559639154,34.705966065065965],[135.42412334150632,34.70664267815175]]]},"properties":{"KEY_CODE":"282020150","PREF":"28","CITY":"202","CITY_NAME":"尼崎市","S_NAME":"南初島町","SETAI":"206"}},{"type":"Feature","geometry":{"type":"Polygon","coordinates":[[[135.4162139566798,34.734730674882215],[135.41474080448327,34.735001955281795],[135.41450196512145,34.732452422540696],[135.41444585045434,34.731968393795135],[135.41436535116674,34.73111780563225],[135.4147635004134,34.72969730771875],[135.41531224820906,34.72883774718134],[135.4155379825238,34.72819768600889],[135.41569458647055,34.72747047964389],[135.41636514838083,34.727608748148405],[135.41701279092317,34.72776848515813],[135.4178032123234,34.72788764937474],[135.4205945403745,34.7278041535373],[135.42070574992195,34.72779597664707],[135.42087551848027,34.72945312349479],[135.4213038823343,34.7336563606869],[135.4212078144428,34.73379891460626],[135.4196644691793,34.73408848785917],[135.41781097236068,34.73443334313783],[135.4162139566798,34.734730674882215]]]},"properties":{"KEY_CODE":"282020160","PREF":"28","CITY":"202","CITY_NAME":"尼崎市","S_NAME":"扶桑町","SETAI":"0"}},{"type":"Feature","geometry":{"type":"Polygon","coordinates":[[[135.4021958925182,34.72455071680701],[135.40302587970618,34.72611787341676],[135.40308219932763,34.72703390490493],[135.40212298542843,34.72758996247146],[135.40196651598555,34.727276108162826],[135.4019257661596,34.7269329273435],[135.40162945701024,34.72472527509334],[135.40182543919803,34.724663129454925],[135.4021958925182,34.72455071680701]]]},"properties":{"KEY_CODE":"282020170","PREF":"28","CITY":"202","CITY_NAME":"尼崎市","S_NAME":"蓬川荘園","SETAI":"68"}},{"type":"Feature","geometry":{"type":"Polygon","coordinates":[[[135.42811968918025,34.72069815835311],[135.42710662410948,34.72008005179286],[135.4266680079307,34.720705151204214],[135.42479381765676,34.72121396977335],[135.42466416176228,34.720862719950844],[135.42406494486815,34.71914645076126],[135.42434813704185,34.7190444701516],[135.4252793755119,34.71871610245553],[135.42570447182112,34.718586930079184],[135.42619453037858,34.71834561671886],[135.42711918953813,34.71798489946633],[135.42844917820483,34.71958640631258],[135.42811968918025,34.72069815835311]]]},"properties":{"KEY_CODE":"28202018001","PREF":"28","CITY":"202","CITY_NAME":"尼崎市","S_NAME":"昭和通一丁目","SETAI":"723"}},{"type":"Feature","geometry":{"type":"Polygon","coordinates":[[[135.4227234954035,34.72131196011824],[135.41968463517645,34.7219373188045],[135.41932751172683,34.72233531504234],[135.41923483399535,34.72209063567415],[135.41873556096877,34.720605994057394],[135.41868073001874,34.720221813717586],[135.41859460739425,34.71978002203404],[135.42253689794933,34.718752504452816],[135.42314132376765,34.71948417819272],[135.42406494486815,34.71914645076124],[135.42466416176228,34.720862719950844],[135.42297156567457,34.72119776159211],[135.4227234954035,34.72131196011824]]]},"properties":{"KEY_CODE":"28202018002","PREF":"28","CITY":"202","CITY_NAME":"尼崎市","S_NAME":"昭和通二丁目","SETAI":"503"}},{"type":"Feature","geometry":{"type":"Polygon","coordinates":[[[135.4166501686466,34.72109191775721],[135.41646433333852,34.720753553401835],[135.41795240085148,34.72039655383481],[135.4178921039299,34.72020948954134],[135.41824482700355,34.72021626197424],[135.41856462199536,34.72024967077016],[135.41868073001874,34.720221813717586],[135.41873556096877,34.720605994057394],[135.41716357868287,34.72097635606868],[135.4166501686466,34.72109191775721]]]},"properties":{"KEY_CODE":"28202018003","PREF":"28","CITY":"202","CITY_NAME":"尼崎市","S_NAME":"昭和通三丁目","SETAI":"0"}},{"type":"Feature","geometry":{"type":"Polygon","coordinates":[[[135.41659403723784,34.72110453112408],[135.41317941872344,34.72188814810497],[135.41307224741803,34.721556826423914],[135.41297915630815,34.72131116020414],[135.41436418324537,34.72125407734787],[135.41646433333852,34.72075355340185],[135.41659403723784,34.72110453112408]]]},"properties":{"KEY_CODE":"28202018004","PREF":"28","CITY":"202","CITY_NAME":"尼崎市","S_NAME":"昭和通四丁目","SETAI":"291"}},{"type":"Feature","geometry":{"type":"Polygon","coordinates":[[[135.41317941872344,34.72188814810497],[135.41113772081542,34.72238147849],[135.4110367108288,34.722083661863444],[135.41101786365482,34.72203139349235],[135.41307224741803,34.721556826423914],[135.41317941872344,34.72188814810497]]]},"properties":{"KEY_CODE":"28202018005","PREF":"28","CITY":"202","CITY_NAME":"尼崎市","S_NAME":"昭和通五丁目","SETAI":"169"}},{"type":"Feature","geometry":{"type":"Polygon","coordinates":[[[135.41113772081542,34.72238147849],[135.40953701216878,34.7227521389213],[135.40943425682175,34.72242500168952],[135.4110367108288,34.722083661863444],[135.41113772081542,34.72238147849]]]},"properties":{"KEY_CODE":"28202018006","PREF":"28","CITY":"202","CITY_NAME":"尼崎市","S_NAME":"昭和通六丁目","SETAI":"182"}},{"type":"Feature","geometry":{"type":"Polygon","coordinates":[[[135.40953701216878,34.7227521389213],[135.40946152470443,34.722765342236976],[135.40743741723995,34.72325028814434],[135.4073192782814,34.72290018484809],[135.40942864768957,34.72240851372522],[135.40943425682175,34.72242500168952],[135.40953701216878,34.7227521389213]]]},"properties":{"KEY_CODE":"28202018007","PREF":"28","CITY":"202","CITY_NAME":"尼崎市","S_NAME":"昭和通七丁目","SETAI":"4"}},{"type":"Feature","geometry":{"type":"Polygon","coordinates":[[[135.40743741723995,34.72325028814434],[135.40609103357957,34.72356865661231],[135.40471832032392,34.723903157795995],[135.40458683962297,34.723549508160716],[135.4073192782814,34.72290018484809],[135.40743741723995,34.72325028814434]]]},"properties":{"KEY_CODE":"28202018008","PREF":"28","CITY":"202","CITY_NAME":"尼崎市","S_NAME":"昭和通八丁目","SETAI":"70"}},{"type":"Feature","geometry":{"type":"Polygon","coordinates":[[[135.40471832032392,34.723903157795995],[135.4021958925182,34.72455071680701],[135.40182543919803,34.724663129454925],[135.40165541527756,34.724024025766134],[135.40458683962297,34.723549508160716],[135.40471832032392,34.723903157795995]]]},"properties":{"KEY_CODE":"28202018009","PREF":"28","CITY":"202","CITY_NAME":"尼崎市","S_NAME":"昭和通九丁目","SETAI":"55"}},{"type":"Feature","geometry":{"type":"Polygon","coordinates":[[[135.4178921039299,34.72020948954134],[135.41795240085148,34.72039655383481],[135.41646433333852,34.72075355340185],[135.41633641008292,34.720407911517505],[135.4162846346941,34.72025751937205],[135.41859460739425,34.71978002203404],[135.41868073001874,34.720221813717586],[135.41856462199536,34.72024967077016],[135.41824482700355,34.72021626197424],[135.4178921039299,34.72020948954134]]]},"properties":{"KEY_CODE":"28202019003","PREF":"28","CITY":"202","CITY_NAME":"尼崎市","S_NAME":"昭和南通三丁目","SETAI":"124"}},{"type":"Feature","geometry":{"type":"Polygon","coordinates":[[[135.41646433333852,34.72075355340185],[135.41436418324537,34.72125407734787],[135.41297915630815,34.72131116020414],[135.41289605443035,34.72106005235504],[135.41452697186756,34.72070048883433],[135.41633641008292,34.720407911517505],[135.41646433333852,34.72075355340185]]]},"properties":{"KEY_CODE":"28202019004","PREF":"28","CITY":"202","CITY_NAME":"尼崎市","S_NAME":"昭和南通四丁目","SETAI":"153"}},{"type":"Feature","geometry":{"type":"Polygon","coordinates":[[[135.41307224741803,34.721556826423914],[135.41101786365482,34.72203139349235],[135.41084735532772,34.721537805058766],[135.41289250913522,34.72104951983352],[135.41289605443035,34.72106005235504],[135.41297915630815,34.72131116020414],[135.41307224741803,34.721556826423914]]]},"properties":{"KEY_CODE":"28202019005","PREF":"28","CITY":"202","CITY_NAME":"尼崎市","S_NAME":"昭和南通五丁目","SETAI":"122"}},{"type":"Feature","geometry":{"type":"Polygon","coordinates":[[[135.4110367108288,34.722083661863444],[135.40943425682175,34.72242500168952],[135.40942864768957,34.72240851372522],[135.4092575110366,34.72189047771947],[135.41084735532772,34.721537805058766],[135.41101786365482,34.72203139349235],[135.4110367108288,34.722083661863444]]]},"properties":{"KEY_CODE":"28202019006","PREF":"28","CITY":"202","CITY_NAME":"尼崎市","S_NAME":"昭和南通六丁目","SETAI":"124"}},{"type":"Feature","geometry":{"type":"Polygon","coordinates":[[[135.40942864768957,34.72240851372522],[135.4073192782814,34.72290018484809],[135.40716452930704,34.72242307418249],[135.40924675521435,34.721856768116226],[135.4092575110366,34.72189047771947],[135.40942864768957,34.72240851372522]]]},"properties":{"KEY_CODE":"28202019007","PREF":"28","CITY":"202","CITY_NAME":"尼崎市","S_NAME":"昭和南通七丁目","SETAI":"75"}},{"type":"Feature","geometry":{"type":"Polygon","coordinates":[[[135.40458683962297,34.723549508160716],[135.40442142409685,34.723057697957266],[135.4057864689399,34.72272495731326],[135.40716002486505,34.72241128229735],[135.40716452930704,34.72242307418249],[135.4073192782814,34.72290018484809],[135.40458683962297,34.723549508160716]]]},"properties":{"KEY_CODE":"28202019008","PREF":"28","CITY":"202","CITY_NAME":"尼崎市","S_NAME":"昭和南通八丁目","SETAI":"203"}},{"type":"Feature","geometry":{"type":"Polygon","coordinates":[[[135.40458683962297,34.723549508160716],[135.40165541527756,34.724024025766134],[135.4017162833209,34.72360347072265],[135.40442142409685,34.723057697957266],[135.40458683962297,34.723549508160716]]]},"properties":{"KEY_CODE":"28202019009","PREF":"28","CITY":"202","CITY_NAME":"尼崎市","S_NAME":"昭和南通九丁目","SETAI":"136"}},{"type":"Feature","geometry":{"type":"Polygon","coordinates":[[[135.41859460739425,34.71978002203404],[135.4162846346941,34.72025751937205],[135.41617392993402,34.71995693782939],[135.4166022540958,34.719870728088246],[135.41740643685517,34.71969130556748],[135.41711513095905,34.71891131529718],[135.41820996873543,34.718640140468075],[135.41849288986347,34.7194237239662],[135.41859460739425,34.71978002203404]]]},"properties":{"KEY_CODE":"28202020001","PREF":"28","CITY":"202","CITY_NAME":"尼崎市","S_NAME":"神田北通一丁目","SETAI":"52"}},{"type":"Feature","geometry":{"type":"Polygon","coordinates":[[[135.41452697186756,34.72070048883433],[135.41449151881395,34.72028331605759],[135.41449302069265,34.72012357621118],[135.41608021825652,34.71967761313168],[135.41617392993402,34.71995693782939],[135.4162846346941,34.72025751937205],[135.41633641008292,34.720407911517505],[135.41452697186756,34.72070048883433]]]},"properties":{"KEY_CODE":"28202020002","PREF":"28","CITY":"202","CITY_NAME":"尼崎市","S_NAME":"神田北通二丁目","SETAI":"33"}},{"type":"Feature","geometry":{"type":"Polygon","coordinates":[[[135.41452697186756,34.72070048883433],[135.41289605443035,34.72106005235504],[135.41289250913522,34.72104951983352],[135.41272774837108,34.720559403903685],[135.41449151881395,34.72028331605759],[135.41452697186756,34.72070048883433]]]},"properties":{"KEY_CODE":"28202020003","PREF":"28","CITY":"202","CITY_NAME":"尼崎市","S_NAME":"神田北通三丁目","SETAI":"24"}},{"type":"Feature","geometry":{"type":"Polygon","coordinates":[[[135.41289250913522,34.72104951983352],[135.41084735532772,34.721537805058766],[135.41066786331956,34.721035422637144],[135.41272774837108,34.720559403903685],[135.41289250913522,34.72104951983352]]]},"properties":{"KEY_CODE":"28202020004","PREF":"28","CITY":"202","CITY_NAME":"尼崎市","S_NAME":"神田北通四丁目","SETAI":"173"}},{"type":"Feature","geometry":{"type":"Polygon","coordinates":[[[135.41084735532772,34.721537805058766],[135.4092575110366,34.72189047771947],[135.40924675521435,34.721856768116226],[135.409091559812,34.721425158836404],[135.41066786331956,34.721035422637144],[135.41084735532772,34.721537805058766]]]},"properties":{"KEY_CODE":"28202020005","PREF":"28","CITY":"202","CITY_NAME":"尼崎市","S_NAME":"神田北通五丁目","SETAI":"28"}},{"type":"Feature","geometry":{"type":"Polygon","coordinates":[[[135.40924675521435,34.721856768116226],[135.40716452930704,34.72242307418249],[135.40716002486505,34.72241128229735],[135.40699130570587,34.721919847403946],[135.409091559812,34.721425158836404],[135.40924675521435,34.721856768116226]]]},"properties":{"KEY_CODE":"28202020006","PREF":"28","CITY":"202","CITY_NAME":"尼崎市","S_NAME":"神田北通六丁目","SETAI":"213"}},{"type":"Feature","geometry":{"type":"Polygon","coordinates":[[[135.40699130570587,34.721919847403946],[135.40716002486505,34.72241128229735],[135.4057864689399,34.72272495731326],[135.40560989993966,34.72224169894985],[135.40698914669557,34.72191360785845],[135.40699130570587,34.721919847403946]]]},"properties":{"KEY_CODE":"28202020007","PREF":"28","CITY":"202","CITY_NAME":"尼崎市","S_NAME":"神田北通七丁目","SETAI":"43"}},{"type":"Feature","geometry":{"type":"Polygon","coordinates":[[[135.4057864689399,34.72272495731326],[135.40442142409685,34.723057697957266],[135.4042510081765,34.72256846746632],[135.40560989993966,34.72224169894985],[135.4057864689399,34.72272495731326]]]},"properties":{"KEY_CODE":"28202020008","PREF":"28","CITY":"202","CITY_NAME":"尼崎市","S_NAME":"神田北通八丁目","SETAI":"57"}},{"type":"Feature","geometry":{"type":"Polygon","coordinates":[[[135.40442142409685,34.723057697957266],[135.4017162833209,34.72360347072265],[135.4018404133965,34.72318728901153],[135.40189332020765,34.72302977429097],[135.4042510081765,34.72256846746632],[135.40442142409685,34.723057697957266]]]},"properties":{"KEY_CODE":"28202020009","PREF":"28","CITY":"202","CITY_NAME":"尼崎市","S_NAME":"神田北通九丁目","SETAI":"138"}},{"type":"Feature","geometry":{"type":"Polygon","coordinates":[[[135.4166022540958,34.719870728088246],[135.41608021825652,34.71967761313168],[135.41602961851504,34.71953213841282],[135.41587884984668,34.719063308981326],[135.41573282819468,34.718598379793995],[135.41664428885713,34.718405614345656],[135.4173852106998,34.71823548890102],[135.4184101756368,34.718211429579796],[135.41807005352948,34.71829108442106],[135.41820996873543,34.71864014046809],[135.41711513095905,34.71891131529718],[135.41740643685517,34.71969130556747],[135.4166022540958,34.719870728088246]]]},"properties":{"KEY_CODE":"28202021001","PREF":"28","CITY":"202","CITY_NAME":"尼崎市","S_NAME":"神田中通一丁目","SETAI":"0"}},{"type":"Feature","geometry":{"type":"Polygon","coordinates":[[[135.41608021825652,34.71967761313168],[135.41449302069265,34.72012357621118],[135.41446327111294,34.71926012447232],[135.41444632045085,34.718908139427995],[135.41573282819468,34.71859837979397],[135.41587884984668,34.719063308981326],[135.41602961851504,34.71953213841282],[135.41608021825652,34.71967761313168]]]},"properties":{"KEY_CODE":"28202021002","PREF":"28","CITY":"202","CITY_NAME":"尼崎市","S_NAME":"神田中通二丁目","SETAI":"10"}},{"type":"Feature","geometry":{"type":"Polygon","coordinates":[[[135.41449151881395,34.72028331605759],[135.41272774837108,34.720559403903685],[135.4125674589949,34.72008488380899],[135.41257278784525,34.71958917159391],[135.41264602614945,34.71929188223994],[135.41446327111294,34.71926012447232],[135.41449302069265,34.72012357621118],[135.41449151881395,34.72028331605759]]]},"properties":{"KEY_CODE":"28202021003","PREF":"28","CITY":"202","CITY_NAME":"尼崎市","S_NAME":"神田中通三丁目","SETAI":"111"}},{"type":"Feature","geometry":{"type":"Polygon","coordinates":[[[135.41272774837108,34.720559403903685],[135.41066786331956,34.721035422637144],[135.41050341559225,34.72056163965199],[135.4125674589949,34.72008488380899],[135.41272774837108,34.720559403903685]]]},"properties":{"KEY_CODE":"28202021004","PREF":"28","CITY":"202","CITY_NAME":"尼崎市","S_NAME":"神田中通四丁目","SETAI":"63"}},{"type":"Feature","geometry":{"type":"Polygon","coordinates":[[[135.409091559812,34.721425158836404],[135.40896165035048,34.72094963733789],[135.41050341559225,34.72056163965199],[135.41066786331956,34.721035422637144],[135.409091559812,34.721425158836404]]]},"properties":{"KEY_CODE":"28202021005","PREF":"28","CITY":"202","CITY_NAME":"尼崎市","S_NAME":"神田中通五丁目","SETAI":"21"}},{"type":"Feature","geometry":{"type":"Polygon","coordinates":[[[135.409091559812,34.721425158836404],[135.40699130570587,34.721919847403946],[135.40698914669557,34.72191360785845],[135.40682970432337,34.721436115150446],[135.4089594016165,34.72093446876373],[135.40896165035048,34.72094963733789],[135.409091559812,34.721425158836404]]]},"properties":{"KEY_CODE":"28202021006","PREF":"28","CITY":"202","CITY_NAME":"尼崎市","S_NAME":"神田中通六丁目","SETAI":"24"}},{"type":"Feature","geometry":{"type":"Polygon","coordinates":[[[135.40698914669557,34.72191360785845],[135.40560989993966,34.72224169894985],[135.40542894527775,34.72175566086273],[135.40542546703276,34.72174400073786],[135.40682304896612,34.72141617222148],[135.40682970432337,34.721436115150446],[135.40698914669557,34.72191360785845]]]},"properties":{"KEY_CODE":"28202021007","PREF":"28","CITY":"202","CITY_NAME":"尼崎市","S_NAME":"神田中通七丁目","SETAI":"95"}},{"type":"Feature","geometry":{"type":"Polygon","coordinates":[[[135.40542894527775,34.72175566086273],[135.40560989993966,34.72224169894985],[135.4042510081765,34.72256846746632],[135.40408195984028,34.72206584377265],[135.40542894527775,34.72175566086273]]]},"properties":{"KEY_CODE":"28202021008","PREF":"28","CITY":"202","CITY_NAME":"尼崎市","S_NAME":"神田中通八丁目","SETAI":"53"}},{"type":"Feature","geometry":{"type":"Polygon","coordinates":[[[135.40189332020765,34.72302977429097],[135.40198055999372,34.72257729513035],[135.40407924093623,34.72206009274069],[135.40408195984028,34.72206584377265],[135.4042510081765,34.72256846746632],[135.40189332020765,34.72302977429097]]]},"properties":{"KEY_CODE":"28202021009","PREF":"28","CITY":"202","CITY_NAME":"尼崎市","S_NAME":"神田中通九丁目","SETAI":"92"}},{"type":"Feature","geometry":{"type":"Polygon","coordinates":[[[135.41050341559225,34.72056163965199],[135.41035592664136,34.720132639524394],[135.41257278784525,34.71958917159391],[135.4125674589949,34.72008488380899],[135.41050341559225,34.72056163965199]]]},"properties":{"KEY_CODE":"28202022001","PREF":"28","CITY":"202","CITY_NAME":"尼崎市","S_NAME":"神田南通一丁目","SETAI":"236"}},{"type":"Feature","geometry":{"type":"Polygon","coordinates":[[[135.41050341559225,34.72056163965199],[135.40896165035048,34.72094963733789],[135.4089594016165,34.72093446876373],[135.40887976051872,34.72045542726405],[135.41035592664136,34.720132639524394],[135.41050341559225,34.72056163965199]]]},"properties":{"KEY_CODE":"28202022002","PREF":"28","CITY":"202","CITY_NAME":"尼崎市","S_NAME":"神田南通二丁目","SETAI":"147"}},{"type":"Feature","geometry":{"type":"Polygon","coordinates":[[[135.4089594016165,34.72093446876373],[135.40682970432337,34.721436115150446],[135.40682304896612,34.72141617222148],[135.40662681159617,34.72090956562443],[135.407366496418,34.720528372022066],[135.40822319368806,34.720305162994556],[135.40839908845743,34.72028698925105],[135.40887976051872,34.72045542726405],[135.4089594016165,34.72093446876373]]]},"properties":{"KEY_CODE":"28202022003","PREF":"28","CITY":"202","CITY_NAME":"尼崎市","S_NAME":"神田南通三丁目","SETAI":"107"}},{"type":"Feature","geometry":{"type":"Polygon","coordinates":[[[135.40542546703276,34.72174400073786],[135.40523590416865,34.72122522070074],[135.40662681159617,34.72090956562443],[135.40682304896612,34.72141617222148],[135.40542546703276,34.72174400073786]]]},"properties":{"KEY_CODE":"28202022004","PREF":"28","CITY":"202","CITY_NAME":"尼崎市","S_NAME":"神田南通四丁目","SETAI":"27"}},{"type":"Feature","geometry":{"type":"Polygon","coordinates":[[[135.40542894527775,34.72175566086273],[135.40408195984028,34.72206584377265],[135.40407924093623,34.72206009274069],[135.40378584329343,34.721213755784774],[135.40523590416865,34.72122522070074],[135.40542546703276,34.72174400073786],[135.40542894527775,34.72175566086273]]]},"properties":{"KEY_CODE":"28202022005","PREF":"28","CITY":"202","CITY_NAME":"尼崎市","S_NAME":"神田南通五丁目","SETAI":"91"}},{"type":"Feature","geometry":{"type":"Polygon","coordinates":[[[135.40378584329343,34.721213755784774],[135.40407924093623,34.72206009274069],[135.40198055999372,34.72257729513035],[135.40184393175022,34.72143083068359],[135.40378584329343,34.721213755784774]]]},"properties":{"KEY_CODE":"28202022006","PREF":"28","CITY":"202","CITY_NAME":"尼崎市","S_NAME":"神田南通六丁目","SETAI":"116"}},{"type":"Feature","geometry":{"type":"Polygon","coordinates":[[[135.4179678336836,34.717139106622135],[135.41835967993288,34.71808736490371],[135.4173852106998,34.71823548890102],[135.41664428885713,34.718405614345656],[135.41573282819468,34.71859837979397],[135.41444632045085,34.718908139427995],[135.41420246179214,34.718206314299536],[135.41548058329587,34.71786268731405],[135.4162311297336,34.7176395224588],[135.4179678336836,34.717139106622135]]]},"properties":{"KEY_CODE":"282020230","PREF":"28","CITY":"202","CITY_NAME":"尼崎市","S_NAME":"御園町","SETAI":"533"}},{"type":"Feature","geometry":{"type":"Polygon","coordinates":[[[135.41420246179214,34.718206314299536],[135.41444632045085,34.718908139427995],[135.41446327111294,34.71926012447232],[135.41264602614945,34.71929188223994],[135.40996662632594,34.71876692433873],[135.4113540075579,34.71846284984974],[135.41148449532724,34.71881030925953],[135.41420246179214,34.718206314299536]]]},"properties":{"KEY_CODE":"282020240","PREF":"28","CITY":"202","CITY_NAME":"尼崎市","S_NAME":"西御園町","SETAI":"144"}},{"type":"Feature","geometry":{"type":"Polygon","coordinates":[[[135.41035592664136,34.720132639524394],[135.40887976051872,34.72045542726405],[135.40839908845743,34.72028698925105],[135.40839657644594,34.71974359759048],[135.40938828262836,34.718658560002254],[135.40996662632594,34.71876692433873],[135.41264602614945,34.71929188223994],[135.41257278784525,34.71958917159391],[135.41035592664136,34.720132639524394]]]},"properties":{"KEY_CODE":"282020260","PREF":"28","CITY":"202","CITY_NAME":"尼崎市","S_NAME":"建家町","SETAI":"506"}},{"type":"Feature","geometry":{"type":"Polygon","coordinates":[[[135.4175664621213,34.71615938024721],[135.4179678336836,34.717139106622135],[135.4162311297336,34.7176395224588],[135.4158675494148,34.71654141724296],[135.4165584261319,34.716380898407515],[135.41622152372412,34.715300867705],[135.4174278706969,34.71502955795707],[135.41715003397476,34.71558051491427],[135.4175664621213,34.71615938024721]]]},"properties":{"KEY_CODE":"28202027001","PREF":"28","CITY":"202","CITY_NAME":"尼崎市","S_NAME":"開明町一丁目","SETAI":"198"}},{"type":"Feature","geometry":{"type":"Polygon","coordinates":[[[135.41622152372412,34.715300867705],[135.4165584261319,34.716380898407515],[135.4158675494148,34.71654141724296],[135.4162311297336,34.7176395224588],[135.41548058329587,34.71786268731405],[135.4147251172744,34.71562573152538],[135.41622152372412,34.715300867705]]]},"properties":{"KEY_CODE":"28202027002","PREF":"28","CITY":"202","CITY_NAME":"尼崎市","S_NAME":"開明町二丁目","SETAI":"325"}},{"type":"Feature","geometry":{"type":"Polygon","coordinates":[[[135.4147251172744,34.71562573152538],[135.41548058329587,34.71786268731405],[135.41420246179214,34.718206314299536],[135.4139308939191,34.71739345975647],[135.4136399322967,34.71651232138328],[135.41343845393737,34.715913505065416],[135.4147251172744,34.71562573152538]]]},"properties":{"KEY_CODE":"28202027003","PREF":"28","CITY":"202","CITY_NAME":"尼崎市","S_NAME":"開明町三丁目","SETAI":"60"}},{"type":"Feature","geometry":{"type":"Polygon","coordinates":[[[135.41420246179214,34.718206314299536],[135.41148449532724,34.71881030925953],[135.4113540075579,34.71846284984974],[135.40996662632594,34.71876692433873],[135.40938828262836,34.718658560002254],[135.40943107979314,34.71859127557218],[135.40953173599394,34.71844093866153],[135.41033559392068,34.718227211097116],[135.41166169458197,34.7179010726465],[135.4139308939191,34.71739345975647],[135.41420246179214,34.718206314299536]]]},"properties":{"KEY_CODE":"282020280","PREF":"28","CITY":"202","CITY_NAME":"尼崎市","S_NAME":"寺町","SETAI":"42"}},{"type":"Feature","geometry":{"type":"Polygon","coordinates":[[[135.4136399322967,34.71651232138328],[135.4139308939191,34.71739345975647],[135.41166169458197,34.7179010726465],[135.4113906846947,34.71647238833872],[135.4116990001775,34.71638669538836],[135.41290901600593,34.71611933923735],[135.41327770257215,34.716596947255184],[135.4136399322967,34.71651232138328]]]},"properties":{"KEY_CODE":"282020290","PREF":"28","CITY":"202","CITY_NAME":"尼崎市","S_NAME":"東桜木町","SETAI":"296"}},{"type":"Feature","geometry":{"type":"Polygon","coordinates":[[[135.4113906846947,34.71647238833872],[135.41166169458197,34.7179010726465],[135.41033559392068,34.718227211097116],[135.40989574416588,34.71684098914599],[135.4113906846947,34.71647238833872]]]},"properties":{"KEY_CODE":"282020300","PREF":"28","CITY":"202","CITY_NAME":"尼崎市","S_NAME":"西桜木町","SETAI":"259"}},{"type":"Feature","geometry":{"type":"Polygon","coordinates":[[[135.40988241775426,34.71644460025639],[135.40989574416588,34.71684098914599],[135.41033559392068,34.718227211097116],[135.40953173599394,34.71844093866153],[135.4085520316787,34.717383038257765],[135.40988241775426,34.71644460025639]]]},"properties":{"KEY_CODE":"282020310","PREF":"28","CITY":"202","CITY_NAME":"尼崎市","S_NAME":"汐町","SETAI":"234"}},{"type":"Feature","geometry":{"type":"Polygon","coordinates":[[[135.40938828262836,34.718658560002254],[135.40839657644594,34.71974359759048],[135.40839908845743,34.72028698925105],[135.40822319368806,34.720305162994556],[135.40788210383712,34.71845269257673],[135.40849697560847,34.7184202198536],[135.40943107979314,34.71859127557218],[135.40938828262836,34.718658560002254]]]},"properties":{"KEY_CODE":"282020320","PREF":"28","CITY":"202","CITY_NAME":"尼崎市","S_NAME":"玄番北之町","SETAI":"265"}},{"type":"Feature","geometry":{"type":"Polygon","coordinates":[[[135.4085520316787,34.717383038257765],[135.40953173599394,34.71844093866153],[135.40943107979314,34.71859127557218],[135.40849697560847,34.7184202198536],[135.40782971905597,34.717014597181276],[135.408222389178,34.716928590480826],[135.4085520316787,34.717383038257765]]]},"properties":{"KEY_CODE":"282020330","PREF":"28","CITY":"202","CITY_NAME":"尼崎市","S_NAME":"玄番南之町","SETAI":"36"}},{"type":"Feature","geometry":{"type":"Polygon","coordinates":[[[135.4136399322967,34.71651232138328],[135.41327770257215,34.716596947255184],[135.41290901600593,34.71611933923735],[135.41284204300982,34.715901185223856],[135.41343845393737,34.715913505065416],[135.4136399322967,34.71651232138328]]]},"properties":{"KEY_CODE":"28202034003","PREF":"28","CITY":"202","CITY_NAME":"尼崎市","S_NAME":"西本町北通三丁目","SETAI":"6"}},{"type":"Feature","geometry":{"type":"Polygon","coordinates":[[[135.41290901600593,34.71611933923735],[135.4116990001775,34.71638669538836],[135.41159112884705,34.71603988127942],[135.4127752607978,34.71578317867799],[135.41284204300982,34.715901185223856],[135.41290901600593,34.71611933923735]]]},"properties":{"KEY_CODE":"28202034004","PREF":"28","CITY":"202","CITY_NAME":"尼崎市","S_NAME":"西本町北通四丁目","SETAI":"80"}},{"type":"Feature","geometry":{"type":"Polygon","coordinates":[[[135.4113906846947,34.71647238833872],[135.40989574416588,34.71684098914599],[135.40988241775426,34.71644460025639],[135.41038971427247,34.716312923592895],[135.41159112884705,34.71603988127942],[135.4116990001775,34.71638669538836],[135.4113906846947,34.71647238833872]]]},"properties":{"KEY_CODE":"28202034005","PREF":"28","CITY":"202","CITY_NAME":"尼崎市","S_NAME":"西本町北通五丁目","SETAI":"67"}},{"type":"Feature","geometry":{"type":"Polygon","coordinates":[[[135.41736852814049,34.71371113016832],[135.41787467865484,34.71510037345304],[135.4175664621213,34.71615938024721],[135.41715003397476,34.71558051491427],[135.4174278706969,34.71502955795707],[135.41622152372412,34.715300867705],[135.41566905137216,34.71377131352727],[135.41587801697582,34.71381185397655],[135.41736852814049,34.71371113016832]]]},"properties":{"KEY_CODE":"28202035001","PREF":"28","CITY":"202","CITY_NAME":"尼崎市","S_NAME":"西本町一丁目","SETAI":"71"}},{"type":"Feature","geometry":{"type":"Polygon","coordinates":[[[135.41566905137216,34.71377131352727],[135.41622152372412,34.715300867705],[135.4147251172744,34.71562573152538],[135.41408087632422,34.71362892341931],[135.41425443019236,34.713595832337326],[135.41486166482895,34.71364171422774],[135.41496637797638,34.71366008109603],[135.41519693307453,34.71377325327962],[135.41545273908136,34.713716893391286],[135.41566905137216,34.71377131352727]]]},"properties":{"KEY_CODE":"28202035002","PREF":"28","CITY":"202","CITY_NAME":"尼崎市","S_NAME":"西本町二丁目","SETAI":"222"}},{"type":"Feature","geometry":{"type":"Polygon","coordinates":[[[135.4147251172744,34.71562573152538],[135.41343845393737,34.715913505065416],[135.41284204300982,34.715901185223856],[135.4127752607978,34.71578317867799],[135.41242830356416,34.71472589902944],[135.41342273328755,34.714488478467985],[135.413173492869,34.71380402227707],[135.41407012486212,34.71359563630049],[135.41408087632422,34.71362892341931],[135.4147251172744,34.71562573152538]]]},"properties":{"KEY_CODE":"28202035003","PREF":"28","CITY":"202","CITY_NAME":"尼崎市","S_NAME":"西本町三丁目","SETAI":"174"}},{"type":"Feature","geometry":{"type":"Polygon","coordinates":[[[135.41242830356416,34.71472589902944],[135.4127752607978,34.71578317867799],[135.41159112884705,34.71603988127942],[135.41129742369526,34.714964518992566],[135.41236897876428,34.714571061335114],[135.41242830356416,34.71472589902944]]]},"properties":{"KEY_CODE":"28202035004","PREF":"28","CITY":"202","CITY_NAME":"尼崎市","S_NAME":"西本町四丁目","SETAI":"41"}},{"type":"Feature","geometry":{"type":"Polygon","coordinates":[[[135.41098405318007,34.71436471421759],[135.41129742369526,34.714964518992566],[135.41159112884705,34.71603988127942],[135.41038971427247,34.716312923592895],[135.40994579877218,34.715077324828414],[135.41098405318007,34.71436471421759]]]},"properties":{"KEY_CODE":"28202035005","PREF":"28","CITY":"202","CITY_NAME":"尼崎市","S_NAME":"西本町五丁目","SETAI":"80"}},{"type":"Feature","geometry":{"type":"Polygon","coordinates":[[[135.40988241775426,34.71644460025639],[135.4085520316787,34.717383038257765],[135.408222389178,34.716928590480826],[135.40810137404526,34.71632299416244],[135.4079671963259,34.71586681978669],[135.40994579877218,34.715077324828414],[135.41038971427247,34.716312923592895],[135.40988241775426,34.71644460025639]]]},"properties":{"KEY_CODE":"28202035006","PREF":"28","CITY":"202","CITY_NAME":"尼崎市","S_NAME":"西本町六丁目","SETAI":"35"}},{"type":"Feature","geometry":{"type":"Polygon","coordinates":[[[135.40849697560847,34.7184202198536],[135.40731547361952,34.71821866073763],[135.40681387832083,34.71656929436564],[135.40810137404526,34.71632299416244],[135.408222389178,34.716928590480826],[135.40782971905597,34.717014597181276],[135.40849697560847,34.7184202198536]]]},"properties":{"KEY_CODE":"28202035007","PREF":"28","CITY":"202","CITY_NAME":"尼崎市","S_NAME":"西本町七丁目","SETAI":"110"}},{"type":"Feature","geometry":{"type":"Polygon","coordinates":[[[135.40822319368806,34.720305162994556],[135.407366496418,34.720528372022066],[135.40719591079878,34.719822372030976],[135.4068094893009,34.718598221773284],[135.40731547361952,34.71821866073763],[135.40849697560847,34.7184202198536],[135.40788210383712,34.71845269257673],[135.40822319368806,34.720305162994556]]]},"properties":{"KEY_CODE":"28202035008","PREF":"28","CITY":"202","CITY_NAME":"尼崎市","S_NAME":"西本町八丁目","SETAI":"367"}},{"type":"Feature","geometry":{"type":"Polygon","coordinates":[[[135.41736852814049,34.71371113016832],[135.41587801697582,34.71381185397655],[135.41545273908136,34.713716893391286],[135.41536911168637,34.71326819622485],[135.41543066647446,34.71288055629561],[135.41563164485245,34.71287764437047],[135.41596253662638,34.71294175123669],[135.41615571468557,34.71300116471186],[135.41687116680313,34.713242566394],[135.41736852814049,34.71371113016832]]]},"properties":{"KEY_CODE":"28202036001","PREF":"28","CITY":"202","CITY_NAME":"尼崎市","S_NAME":"中在家町一丁目","SETAI":"0"}},{"type":"Feature","geometry":{"type":"Polygon","coordinates":[[[135.41545273908136,34.713716893391286],[135.41519693307453,34.71377325327962],[135.41496637797638,34.71366008109603],[135.41486166482895,34.71364171422774],[135.41425443019236,34.713595832337326],[135.41407012486212,34.71359563630049],[135.41401188830028,34.71341318300627],[135.413974949225,34.71330096742028],[135.41420294631104,34.71324415313719],[135.41446518760296,34.71314519974605],[135.41476650712556,34.7130275884839],[135.41521550532246,34.71291429950222],[135.41543066647446,34.71288055629561],[135.41536911168637,34.71326819622485],[135.41545273908136,34.713716893391286]]]},"properties":{"KEY_CODE":"28202036002","PREF":"28","CITY":"202","CITY_NAME":"尼崎市","S_NAME":"中在家町二丁目","SETAI":"0"}},{"type":"Feature","geometry":{"type":"Polygon","coordinates":[[[135.41407012486212,34.71359563630049],[135.413173492869,34.71380402227707],[135.41342273328755,34.714488478467985],[135.41242830356416,34.71472589902944],[135.41236897876428,34.714571061335114],[135.41210776593735,34.713896427802055],[135.4124915924213,34.71376823066471],[135.41311105887175,34.713613295735215],[135.41401188830028,34.71341318300627],[135.41407012486212,34.71359563630049]]]},"properties":{"KEY_CODE":"28202036003","PREF":"28","CITY":"202","CITY_NAME":"尼崎市","S_NAME":"中在家町三丁目","SETAI":"63"}},{"type":"Feature","geometry":{"type":"Polygon","coordinates":[[[135.41210776593735,34.713896427802055],[135.41236897876428,34.714571061335114],[135.41129742369526,34.714964518992566],[135.41098405318007,34.71436471421759],[135.4111890436393,34.714111756512004],[135.4112827548467,34.714261501681996],[135.41210776593735,34.713896427802055]]]},"properties":{"KEY_CODE":"28202036004","PREF":"28","CITY":"202","CITY_NAME":"尼崎市","S_NAME":"中在家町四丁目","SETAI":"40"}},{"type":"Feature","geometry":{"type":"Polygon","coordinates":[[[135.40719591079878,34.719822372030976],[135.407366496418,34.720528372022066],[135.40662681159617,34.72090956562443],[135.40628092717932,34.71999665057917],[135.40719591079878,34.719822372030976]]]},"properties":{"KEY_CODE":"28202037001","PREF":"28","CITY":"202","CITY_NAME":"尼崎市","S_NAME":"北竹谷町一丁目","SETAI":"92"}},{"type":"Feature","geometry":{"type":"Polygon","coordinates":[[[135.40662681159617,34.72090956562443],[135.40523590416865,34.72122522070074],[135.40378584329343,34.721213755784774],[135.40371829179801,34.72045219780302],[135.4054218144545,34.72035677586487],[135.40628092717932,34.71999665057917],[135.40662681159617,34.72090956562443]]]},"properties":{"KEY_CODE":"28202037002","PREF":"28","CITY":"202","CITY_NAME":"尼崎市","S_NAME":"北竹谷町二丁目","SETAI":"82"}},{"type":"Feature","geometry":{"type":"Polygon","coordinates":[[[135.40378584329343,34.721213755784774],[135.40184393175022,34.72143083068359],[135.40175777872074,34.72074662224218],[135.40371541862896,34.72040321081629],[135.40371829179801,34.72045219780302],[135.40378584329343,34.721213755784774]]]},"properties":{"KEY_CODE":"28202037003","PREF":"28","CITY":"202","CITY_NAME":"尼崎市","S_NAME":"北竹谷町三丁目","SETAI":"105"}},{"type":"Feature","geometry":{"type":"Polygon","coordinates":[[[135.4068094893009,34.718598221773284],[135.40719591079878,34.719822372030976],[135.40628092717932,34.71999665057917],[135.4058414967453,34.71890015705105],[135.4068094893009,34.718598221773284]]]},"properties":{"KEY_CODE":"28202038001","PREF":"28","CITY":"202","CITY_NAME":"尼崎市","S_NAME":"宮内町一丁目","SETAI":"153"}},{"type":"Feature","geometry":{"type":"Polygon","coordinates":[[[135.40628092717932,34.71999665057917],[135.4054218144545,34.72035677586487],[135.40371829179801,34.72045219780302],[135.40371541862896,34.72040321081629],[135.4036196777837,34.71949102843537],[135.40577653209388,34.7187439563532],[135.4058414967453,34.71890015705105],[135.40628092717932,34.71999665057917]]]},"properties":{"KEY_CODE":"28202038002","PREF":"28","CITY":"202","CITY_NAME":"尼崎市","S_NAME":"宮内町二丁目","SETAI":"334"}},{"type":"Feature","geometry":{"type":"Polygon","coordinates":[[[135.40371541862896,34.72040321081629],[135.40175777872074,34.72074662224218],[135.40159840569424,34.7197876846955],[135.40360448488045,34.71941073322216],[135.4036196777837,34.71949102843537],[135.40371541862896,34.72040321081629]]]},"properties":{"KEY_CODE":"28202038003","PREF":"28","CITY":"202","CITY_NAME":"尼崎市","S_NAME":"宮内町三丁目","SETAI":"82"}},{"type":"Feature","geometry":{"type":"Polygon","coordinates":[[[135.40555491865217,34.71812754898128],[135.40731547361952,34.71821866073763],[135.4068094893009,34.718598221773284],[135.4058414967453,34.71890015705105],[135.40577653209388,34.7187439563532],[135.40555491865217,34.71812754898128]]]},"properties":{"KEY_CODE":"28202039001","PREF":"28","CITY":"202","CITY_NAME":"尼崎市","S_NAME":"竹谷町一丁目","SETAI":"67"}},{"type":"Feature","geometry":{"type":"Polygon","coordinates":[[[135.40555491865217,34.71812754898128],[135.40577653209388,34.7187439563532],[135.4036196777837,34.71949102843537],[135.40360448488045,34.71941073322216],[135.40338812511547,34.718360573201295],[135.40555491865217,34.71812754898128]]]},"properties":{"KEY_CODE":"28202039002","PREF":"28","CITY":"202","CITY_NAME":"尼崎市","S_NAME":"竹谷町二丁目","SETAI":"99"}},{"type":"Feature","geometry":{"type":"Polygon","coordinates":[[[135.40338812511547,34.718360573201295],[135.40360448488045,34.71941073322216],[135.40159840569424,34.7197876846955],[135.40153149784052,34.719314285663614],[135.40146185883452,34.71902599750136],[135.40131394038949,34.718639513755164],[135.40338812511547,34.718360573201295]]]},"properties":{"KEY_CODE":"28202039003","PREF":"28","CITY":"202","CITY_NAME":"尼崎市","S_NAME":"竹谷町三丁目","SETAI":"122"}},{"type":"Feature","geometry":{"type":"Polygon","coordinates":[[[135.40731547361952,34.71821866073763],[135.40555491865217,34.71812754898128],[135.40511772964086,34.716892846560995],[135.40681387832083,34.71656929436564],[135.40731547361952,34.71821866073763]]]},"properties":{"KEY_CODE":"28202040001","PREF":"28","CITY":"202","CITY_NAME":"尼崎市","S_NAME":"南竹谷町一丁目","SETAI":"144"}},{"type":"Feature","geometry":{"type":"Polygon","coordinates":[[[135.40511772964086,34.716892846560995],[135.40555491865217,34.71812754898128],[135.40338812511547,34.718360573201295],[135.4030392878688,34.71712944785164],[135.40511772964086,34.716892846560995]]]},"properties":{"KEY_CODE":"28202040002","PREF":"28","CITY":"202","CITY_NAME":"尼崎市","S_NAME":"南竹谷町二丁目","SETAI":"292"}},{"type":"Feature","geometry":{"type":"Polygon","coordinates":[[[135.4030392878688,34.71712944785164],[135.40338812511547,34.718360573201295],[135.40131394038949,34.718639513755164],[135.40059954061994,34.71778372737458],[135.40058210785935,34.717038036385546],[135.4030392878688,34.71712944785164]]]},"properties":{"KEY_CODE":"28202040003","PREF":"28","CITY":"202","CITY_NAME":"尼崎市","S_NAME":"南竹谷町三丁目","SETAI":"172"}},{"type":"Feature","geometry":{"type":"Polygon","coordinates":[[[135.41534199402471,34.71274499688229],[135.41533620332436,34.71274561172233],[135.4149268411291,34.712831222931676],[135.41431363426142,34.71302062120264],[135.4141006159971,34.71309462840918],[135.41398871737476,34.71313336994076],[135.4139411647914,34.71314294669284],[135.41275303896177,34.70868724943619],[135.41252153797976,34.70839462992627],[135.4129297011778,34.708185790634154],[135.41560932708524,34.70692560853913],[135.4169588626405,34.70784692532764],[135.4174084785377,34.7081684428907],[135.4176029214416,34.708429970599525],[135.41762678353703,34.708507227733044],[135.41768095676537,34.70895269139972],[135.41769772436163,34.70930946666137],[135.41767561155734,34.70958165314644],[135.4175431603357,34.70982270691239],[135.41738864053008,34.7099736681133],[135.41647391743916,34.71026238253357],[135.41615217152224,34.71039482765296],[135.41594205336884,34.710566142356846],[135.41584850853923,34.710769944795324],[135.4159686423477,34.71131680263413],[135.4160765473902,34.711626005068744],[135.41614360811337,34.71186993198871],[135.4161982020279,34.71253808136496],[135.41534199402471,34.71274499688229]]]},"properties":{"KEY_CODE":"282020410","PREF":"28","CITY":"202","CITY_NAME":"尼崎市","S_NAME":"東向島東之町","SETAI":"0"}},{"type":"Feature","geometry":{"type":"Polygon","coordinates":[[[135.4139411647914,34.71314294669284],[135.4116925099539,34.71361445075014],[135.41142789823462,34.713485093386176],[135.41073211658212,34.712615975416945],[135.41069016964553,34.71249197197137],[135.4106521788254,34.71234440964558],[135.4100109989222,34.71158706571551],[135.4097544972491,34.71130663399681],[135.40908442569042,34.71072757203518],[135.4086972051279,34.71032982834264],[135.40871647796754,34.710303458730614],[135.40899809556154,34.710218998683416],[135.41016222661142,34.709747141844325],[135.41016423229306,34.70973092573325],[135.41012369374943,34.709636628909735],[135.41010832478176,34.70962859450492],[135.41032909403205,34.70897848285978],[135.41234288444736,34.70820583550759],[135.41252153797976,34.70839462992627],[135.41275303896177,34.70868724943619],[135.4139411647914,34.71314294669284]]]},"properties":{"KEY_CODE":"282020420","PREF":"28","CITY":"202","CITY_NAME":"尼崎市","S_NAME":"東向島西之町","SETAI":"0"}},{"type":"Feature","geometry":{"type":"Polygon","coordinates":[[[135.408318681906,34.71086052869908],[135.40975191127183,34.7121991156617],[135.41098814457834,34.713753227680265],[135.41101602876572,34.7137988991539],[135.41112382201894,34.713949505373186],[135.4111890436393,34.714111756512004],[135.41098405318007,34.71436471421759],[135.40994579877218,34.715077324828414],[135.4079671963259,34.71586681978669],[135.40810137404526,34.71632299416244],[135.40681387832083,34.71656929436564],[135.40511772964086,34.716892846560995],[135.4030392878688,34.71712944785164],[135.40058210785935,34.717038036385546],[135.4005969136381,34.71590709747162],[135.40063484232493,34.71392813111584],[135.4007003129557,34.71366696970161],[135.4008665709966,34.71301291879264],[135.4009958608998,34.71261456695007],[135.4062385530363,34.71169989172535],[135.40827753748263,34.71081793017965],[135.408318681906,34.71086052869908]]]},"properties":{"KEY_CODE":"282020430","PREF":"28","CITY":"202","CITY_NAME":"尼崎市","S_NAME":"西向島町","SETAI":"42"}},{"type":"Feature","geometry":{"type":"Polygon","coordinates":[[[135.40870381394166,34.71008270835053],[135.40855654454836,34.71009034530349],[135.4084446496388,34.71005076480989],[135.40801489291533,34.709318014085056],[135.4077163939882,34.70876989567579],[135.407488946172,34.70840046005753],[135.4064139632415,34.70672949841904],[135.40641127073448,34.706692618243665],[135.40649589008368,34.70656918849682],[135.40872384098566,34.70555795864131],[135.4094768621825,34.705210594001855],[135.40944051435216,34.70501808323948],[135.40938709519799,34.705022074784495],[135.4093922147086,34.70499597189687],[135.40940954192303,34.704983987332206],[135.40950708072458,34.704936504023145],[135.40953148439306,34.70496403756653],[135.40968215759017,34.7051339903039],[135.41007553620267,34.70491684008914],[135.41032187734933,34.70480296709164],[135.4112659114507,34.70437093411055],[135.41146759426562,34.70426632654154],[135.41179054378227,34.704175155785954],[135.41244645412152,34.70425133208312],[135.4128603237546,34.70418104592429],[135.41288353019198,34.70420154626336],[135.41295286006755,34.7043261529598],[135.41336745154982,34.70506535226785],[135.41411432974382,34.70625952574032],[135.4144601728405,34.706413231641704],[135.41560932708524,34.70692560853913],[135.4129297011778,34.708185790634154],[135.41252153797976,34.70839462992627],[135.41234288444736,34.70820583550759],[135.41032909403205,34.70897848285978],[135.41010832478176,34.70962859450492],[135.40966287911505,34.709712816678746],[135.40952405744002,34.70986546100248],[135.40899482578143,34.70996661390724],[135.40870381394166,34.71008270835053]]]},"properties":{"KEY_CODE":"282020440","PREF":"28","CITY":"202","CITY_NAME":"尼崎市","S_NAME":"東高洲町","SETAI":"0"}},{"type":"Feature","geometry":{"type":"Polygon","coordinates":[[[135.40827753748263,34.71081793017965],[135.4062385530363,34.71169989172535],[135.4009958608998,34.71261456695007],[135.40104614767984,34.71245960535206],[135.40122005529338,34.71172421173941],[135.4012405792338,34.71111200622548],[135.40116271807878,34.71048882978744],[135.40138075990782,34.71004251579303],[135.4011836112746,34.70931488041645],[135.4011323609224,34.70914939921206],[135.4008114052469,34.708045206273205],[135.40060684422477,34.70758272807513],[135.4005724825513,34.70754344803076],[135.40023773439177,34.70728254757262],[135.40020752228563,34.7072608377959],[135.40163185028192,34.70688215202909],[135.40345554525604,34.7062399287159],[135.40470472922004,34.70566639210449],[135.40695105283174,34.7091831416096],[135.40684376933697,34.70932832227844],[135.40600314452726,34.70974405745914],[135.40555367253842,34.71019072067849],[135.40712024194627,34.709518863383146],[135.40726050951622,34.70964918812722],[135.40827753748263,34.71081793017965]]]},"properties":{"KEY_CODE":"282020450","PREF":"28","CITY":"202","CITY_NAME":"尼崎市","S_NAME":"西高洲町","SETAI":"0"}},{"type":"Feature","geometry":{"type":"Polygon","coordinates":[[[135.40940954192303,34.704983987332206],[135.4092282197076,34.70489008406175],[135.40623490548336,34.706223566153554],[135.40522727299538,34.70494329542384],[135.4052554005538,34.704922343152525],[135.405245309357,34.70490707778796],[135.40519637365853,34.704835388626314],[135.40504052628174,34.704600539470604],[135.40494084031192,34.7045743696558],[135.4048909401193,34.7044278937854],[135.40477233564235,34.704204408988666],[135.40418351165923,34.703318933323445],[135.40367284142442,34.70256799764132],[135.40335477053122,34.7021118754975],[135.40335653622492,34.70207678688684],[135.4031046079241,34.70167065129961],[135.40308791062435,34.701645443400906],[135.40302151155456,34.701574892413205],[135.40256143837385,34.70077209541564],[135.40259156147948,34.700733940977756],[135.40679744307886,34.6988642518611],[135.4069541097907,34.69891217574067],[135.40744465321643,34.699220564899605],[135.4077110155411,34.69956796785519],[135.40863358366732,34.700563448424795],[135.4096073509301,34.70138901982081],[135.4103110487355,34.701929893202255],[135.41085611890574,34.70229792402514],[135.41133978965624,34.7026060683085],[135.41177511091098,34.70291449637611],[135.41247295324757,34.70335061002621],[135.41237544106528,34.70348500347107],[135.4121594923342,34.703587765904146],[135.41055418968452,34.70428524305139],[135.40936867947283,34.70477883816032],[135.40950050300248,34.704929097178734],[135.40950708072458,34.704936504023145],[135.40940954192303,34.704983987332206]]]},"properties":{"KEY_CODE":"282020460","PREF":"28","CITY":"202","CITY_NAME":"尼崎市","S_NAME":"大高洲町","SETAI":"0"}},{"type":"Feature","geometry":{"type":"Polygon","coordinates":[[[135.40461455801113,34.70551209924457],[135.40345554525604,34.7062399287159],[135.40163185028192,34.70688215202909],[135.40020752228563,34.7072608377959],[135.4001324547808,34.707192896057215],[135.40004023737774,34.70707115499849],[135.39996938860372,34.70656778507198],[135.39988977021758,34.70564093121831],[135.39981834460121,34.70534490765943],[135.39981750993383,34.704941075181125],[135.39981130041872,34.70488253249297],[135.3995764601596,34.70342233575706],[135.3996205825435,34.703378707217745],[135.40029229613376,34.70306633748633],[135.40045466571914,34.70304688969071],[135.40048731155187,34.70295279474721],[135.40094953455213,34.70282254905787],[135.40099160143356,34.70287091716356],[135.40193142210111,34.70244717510563],[135.4022039983035,34.702337457773325],[135.40223682164947,34.70234350968568],[135.40227286282908,34.70234770175525],[135.40233151582137,34.70241296783718],[135.40306853787663,34.703445050623834],[135.4031791172293,34.703555782033895],[135.40322164531028,34.70355371927777],[135.40321425831002,34.70357632113364],[135.403200245328,34.703587149013636],[135.40323836767607,34.70366710319437],[135.40324832323518,34.703678707146274],[135.4032943051176,34.70368647466108],[135.40333832077394,34.703713978289215],[135.40374511094203,34.70427835017037],[135.40404983858525,34.70471740686704],[135.4040578599632,34.70474438109205],[135.40407511565286,34.70481282772701],[135.40412353826372,34.704844799740826],[135.404138710545,34.70483748355538],[135.40410360884627,34.704906247275986],[135.40436209977472,34.70514555084239],[135.40461455801113,34.70551209924457]]]},"properties":{"KEY_CODE":"282020470","PREF":"28","CITY":"202","CITY_NAME":"尼崎市","S_NAME":"東浜町","SETAI":"0"}},{"type":"Feature","geometry":{"type":"Polygon","coordinates":[[[135.40679744307886,34.6988642518611],[135.40259156147948,34.700733940977756],[135.40257959246026,34.700652067987455],[135.4026424382369,34.70061897973894],[135.40263355709993,34.70060469067934],[135.40256885797007,34.700500600704984],[135.40265114455207,34.70036113737361],[135.4042241451358,34.69969829838482],[135.40392125953676,34.69922852058532],[135.40305845843605,34.69882280435033],[135.40253496071108,34.69885442954688],[135.4016683260068,34.6989386338465],[135.40115182635427,34.69911668262945],[135.4000866601009,34.697765591845446],[135.39996937321655,34.69739066982921],[135.39881706151576,34.69587636758175],[135.398203605929,34.69510192910631],[135.39743010241503,34.69453256516424],[135.39583582853803,34.69251007366741],[135.39547118206036,34.69152542239428],[135.3940166911992,34.68969776378342],[135.39288663888274,34.688248153778254],[135.3884021551971,34.68573475346556],[135.38935344172813,34.68459959376596],[135.39217948141547,34.68623399879699],[135.3929589556094,34.68604992115494],[135.39404323256542,34.68750273682248],[135.39469253176682,34.68713933864807],[135.39686242360384,34.6877953430981],[135.39862779132827,34.688318892946846],[135.39988282822122,34.68995989885111],[135.40341970614406,34.69440451234615],[135.40445441235212,34.695813021564554],[135.40575760209268,34.69720973329342],[135.40640235405886,34.69803709525885],[135.40665005710875,34.698439035315076],[135.40657119876875,34.69869749425257],[135.40679744307886,34.6988642518611]]]},"properties":{"KEY_CODE":"282020480","PREF":"28","CITY":"202","CITY_NAME":"尼崎市","S_NAME":"東海岸町","SETAI":"0"}},{"type":"Feature","geometry":{"type":"Polygon","coordinates":[[[135.4194615777223,34.71024002115809],[135.42015652602356,34.710805270109375],[135.42063600984474,34.71085930731266],[135.4209965647978,34.71101370485367],[135.42090307819763,34.71109088248169],[135.4212840118764,34.7121885339228],[135.4203569438678,34.71259049379059],[135.41915630830403,34.70990384560828],[135.41931539838643,34.70987439884276],[135.4194113391174,34.70986114883992],[135.4194615777223,34.71024002115809]]]},"properties":{"KEY_CODE":"28202049001","PREF":"28","CITY":"202","CITY_NAME":"尼崎市","S_NAME":"築地一丁目","SETAI":"47"}},{"type":"Feature","geometry":{"type":"Polygon","coordinates":[[[135.41915630830403,34.70990384560828],[135.4203569438678,34.71259049379059],[135.41924960737958,34.71282517007428],[135.41826760684663,34.709948246097014],[135.4175416136054,34.71013527597487],[135.41746188735576,34.70991414004662],[135.4175431603357,34.70982270691239],[135.41767561155734,34.70958165314644],[135.41769772436163,34.70930946666137],[135.41781457380415,34.70887304689267],[135.41807051227894,34.70872371782263],[135.41885721439692,34.70916618019989],[135.41896397236548,34.709262982792325],[135.41899705151903,34.7093991753015],[135.4189463569921,34.70944202390697],[135.41894004397022,34.70950687304393],[135.41915630830403,34.70990384560828]]]},"properties":{"KEY_CODE":"28202049002","PREF":"28","CITY":"202","CITY_NAME":"尼崎市","S_NAME":"築地二丁目","SETAI":"180"}},{"type":"Feature","geometry":{"type":"Polygon","coordinates":[[[135.4175416136054,34.71013527597487],[135.41826760684663,34.709948246097014],[135.41924960737958,34.71282517007428],[135.41848766105622,34.7129940811906],[135.4175416136054,34.71013527597487]]]},"properties":{"KEY_CODE":"28202049003","PREF":"28","CITY":"202","CITY_NAME":"尼崎市","S_NAME":"築地三丁目","SETAI":"180"}},{"type":"Feature","geometry":{"type":"Polygon","coordinates":[[[135.4175416136054,34.71013527597487],[135.41848766105622,34.7129940811906],[135.41774214316254,34.71316734835943],[135.41676777230668,34.710175117174764],[135.41738864053008,34.7099736681133],[135.41746188735576,34.70991414004662],[135.4175416136054,34.71013527597487]]]},"properties":{"KEY_CODE":"28202049004","PREF":"28","CITY":"202","CITY_NAME":"尼崎市","S_NAME":"築地四丁目","SETAI":"193"}},{"type":"Feature","geometry":{"type":"Polygon","coordinates":[[[135.41774214316254,34.71316734835943],[135.41723738732358,34.71328212850531],[135.41687116680313,34.713242566394],[135.41615571468557,34.71300116471186],[135.41588111168437,34.71276049115481],[135.41534199402471,34.71274499688229],[135.4161982020279,34.71253808136496],[135.41614360811337,34.71186993198871],[135.4160765473902,34.711626005068744],[135.4159686423477,34.71131680263413],[135.41584850853923,34.710769944795324],[135.41594205336884,34.710566142356846],[135.41615217152224,34.71039482765296],[135.41647391743916,34.71026238253357],[135.41676777230668,34.710175117174764],[135.41774214316254,34.71316734835943]]]},"properties":{"KEY_CODE":"28202049005","PREF":"28","CITY":"202","CITY_NAME":"尼崎市","S_NAME":"築地五丁目","SETAI":"267"}},{"type":"Feature","geometry":{"type":"Polygon","coordinates":[[[135.40598886374815,34.72900110699334],[135.4057948302579,34.732712418642784],[135.40320563226103,34.73308408898433],[135.40274132105358,34.73114272758371],[135.4029956143796,34.730049035229854],[135.40241885780844,34.729662815861296],[135.40598886374815,34.72900110699334]]]},"properties":{"KEY_CODE":"28202050001","PREF":"28","CITY":"202","CITY_NAME":"尼崎市","S_NAME":"西難波町一丁目","SETAI":"904"}},{"type":"Feature","geometry":{"type":"Polygon","coordinates":[[[135.40302587970618,34.72611787341676],[135.40614868501922,34.72619702046015],[135.40598976880838,34.7289854634096],[135.40598886374815,34.72900110699334],[135.40241885780844,34.729662815861296],[135.40212298542843,34.72758996247146],[135.40308219932763,34.72703390490493],[135.40302587970618,34.72611787341676]]]},"properties":{"KEY_CODE":"28202050002","PREF":"28","CITY":"202","CITY_NAME":"尼崎市","S_NAME":"西難波町二丁目","SETAI":"799"}},{"type":"Feature","geometry":{"type":"Polygon","coordinates":[[[135.40609103357957,34.72356865661231],[135.40625142485425,34.72403374672971],[135.40614868501922,34.72619702046015],[135.40302587970618,34.72611787341676],[135.4021958925182,34.72455071680701],[135.40471832032392,34.723903157795995],[135.40609103357957,34.72356865661231]]]},"properties":{"KEY_CODE":"28202050003","PREF":"28","CITY":"202","CITY_NAME":"尼崎市","S_NAME":"西難波町三丁目","SETAI":"542"}},{"type":"Feature","geometry":{"type":"Polygon","coordinates":[[[135.40946152470443,34.722765342236976],[135.40942009852319,34.72355758363118],[135.4092562465463,34.7257642231853],[135.40921927100612,34.72628795877862],[135.40614868501922,34.72619702046015],[135.40625142485425,34.72403374672971],[135.40609103357957,34.72356865661231],[135.40743741723995,34.72325028814434],[135.40946152470443,34.722765342236976]]]},"properties":{"KEY_CODE":"28202050004","PREF":"28","CITY":"202","CITY_NAME":"尼崎市","S_NAME":"西難波町四丁目","SETAI":"902"}},{"type":"Feature","geometry":{"type":"Polygon","coordinates":[[[135.40614868501922,34.72619702046015],[135.40921927100612,34.72628795877862],[135.4088685027058,34.729113878053944],[135.40598976880838,34.7289854634096],[135.40614868501922,34.72619702046015]]]},"properties":{"KEY_CODE":"28202050005","PREF":"28","CITY":"202","CITY_NAME":"尼崎市","S_NAME":"西難波町五丁目","SETAI":"616"}},{"type":"Feature","geometry":{"type":"Polygon","coordinates":[[[135.40598976880838,34.7289854634096],[135.4088685027058,34.729113878053944],[135.4087590012313,34.72991361366995],[135.40865626489963,34.73066286351938],[135.40848618554605,34.732603042639944],[135.40847288397936,34.73260372351405],[135.40580736718002,34.732712027049296],[135.4057948302579,34.732712418642784],[135.40598886374815,34.72900110699334],[135.40598976880838,34.7289854634096]]]},"properties":{"KEY_CODE":"28202050006","PREF":"28","CITY":"202","CITY_NAME":"尼崎市","S_NAME":"西難波町六丁目","SETAI":"506"}},{"type":"Feature","geometry":{"type":"Polygon","coordinates":[[[135.41444585045434,34.731968393795135],[135.41450196512145,34.732452422540696],[135.41474080448327,34.735001955281795],[135.4119657443308,34.735509986547754],[135.41197908856856,34.732337480546505],[135.41444585045434,34.731968393795135]]]},"properties":{"KEY_CODE":"28202051001","PREF":"28","CITY":"202","CITY_NAME":"尼崎市","S_NAME":"東難波町一丁目","SETAI":"1092"}},{"type":"Feature","geometry":{"type":"Polygon","coordinates":[[[135.4088685027058,34.729113878053944],[135.4135007101018,34.72920765477297],[135.4147635004134,34.72969730771875],[135.41436535116674,34.73111780563225],[135.41444585045434,34.731968393795135],[135.41197908856856,34.732337480546505],[135.40848618554605,34.732603042639944],[135.40865626489963,34.73066286351938],[135.4087590012313,34.72991361366995],[135.4088685027058,34.729113878053944]]]},"properties":{"KEY_CODE":"28202051002","PREF":"28","CITY":"202","CITY_NAME":"尼崎市","S_NAME":"東難波町二丁目","SETAI":"1226"}},{"type":"Feature","geometry":{"type":"Polygon","coordinates":[[[135.4147635004134,34.72969730771875],[135.4135007101018,34.72920765477297],[135.4088685027058,34.729113878053944],[135.40921927100612,34.72628795877862],[135.4092562465463,34.7257642231853],[135.41120581973686,34.72605882345526],[135.4140612850465,34.726221543311866],[135.4159169930485,34.72690340118905],[135.41569458647058,34.7274704796439],[135.4155379825238,34.72819768600889],[135.41531224820906,34.72883774718134],[135.4147635004134,34.72969730771875]]]},"properties":{"KEY_CODE":"28202051003","PREF":"28","CITY":"202","CITY_NAME":"尼崎市","S_NAME":"東難波町三丁目","SETAI":"1474"}},{"type":"Feature","geometry":{"type":"Polygon","coordinates":[[[135.41804835966474,34.72504658240212],[135.4159169930485,34.72690340118905],[135.4140612850465,34.726221543311866],[135.41120581973686,34.72605882345526],[135.4092562465463,34.7257642231853],[135.40942009852319,34.72355758363118],[135.41136537148498,34.7238995461942],[135.41523085502828,34.72402357116115],[135.41804835966474,34.72504658240212]]]},"properties":{"KEY_CODE":"28202051004","PREF":"28","CITY":"202","CITY_NAME":"尼崎市","S_NAME":"東難波町四丁目","SETAI":"1542"}},{"type":"Feature","geometry":{"type":"Polygon","coordinates":[[[135.41923483399535,34.72209063567415],[135.4181234218027,34.72346019441533],[135.41804835966474,34.72504658240212],[135.41523085502828,34.72402357116115],[135.41136537148498,34.7238995461942],[135.40942009852319,34.72355758363118],[135.40946152470443,34.722765342236976],[135.40953701216878,34.7227521389213],[135.41113772081542,34.72238147849],[135.41317941872344,34.72188814810497],[135.41659403723784,34.72110453112408],[135.4166501686466,34.72109191775721],[135.41716357868287,34.72097635606868],[135.41873556096877,34.720605994057394],[135.41923483399535,34.72209063567415]]]},"properties":{"KEY_CODE":"28202051005","PREF":"28","CITY":"202","CITY_NAME":"尼崎市","S_NAME":"東難波町五丁目","SETAI":"1837"}},{"type":"Feature","geometry":{"type":"Polygon","coordinates":[[[135.42406494486815,34.71914645076124],[135.42314132376765,34.71948417819272],[135.42253689794933,34.718752504452816],[135.41859460739425,34.71978002203404],[135.41849288986347,34.7194237239662],[135.41820996873543,34.71864014046809],[135.41807005352948,34.71829108442106],[135.4184101756368,34.718211429579796],[135.4232297554246,34.717060010842374],[135.42406494486815,34.71914645076124]]]},"properties":{"KEY_CODE":"282020520","PREF":"28","CITY":"202","CITY_NAME":"尼崎市","S_NAME":"西大物町","SETAI":"978"}},{"type":"Feature","geometry":{"type":"Polygon","coordinates":[[[135.42695919419097,34.71649682034254],[135.42711918953813,34.71798489946633],[135.42619453037858,34.71834561671886],[135.42460202899787,34.71686953931427],[135.42695919419097,34.71649682034254]]]},"properties":{"KEY_CODE":"28202053101","PREF":"28","CITY":"202","CITY_NAME":"尼崎市","S_NAME":"東大物町一丁目","SETAI":"153"}},{"type":"Feature","geometry":{"type":"Polygon","coordinates":[[[135.4252793755119,34.71871610245553],[135.42434813704185,34.7190444701516],[135.42406494486815,34.71914645076124],[135.4232297554246,34.717060010842374],[135.4244697767625,34.716754944156826],[135.42460202899787,34.71686953931427],[135.42619453037858,34.71834561671886],[135.42570447182112,34.718586930079184],[135.4252793755119,34.71871610245553]]]},"properties":{"KEY_CODE":"28202053102","PREF":"28","CITY":"202","CITY_NAME":"尼崎市","S_NAME":"東大物町二丁目","SETAI":"270"}},{"type":"Feature","geometry":{"type":"Polygon","coordinates":[[[135.42685869928073,34.716391736351724],[135.42896855688176,34.71654053350604],[135.4289514052819,34.71662383641319],[135.42893401714073,34.716708555473375],[135.42919321101988,34.71845162339552],[135.42889598157504,34.71959618852138],[135.42844917820483,34.71958640631258],[135.42711918953813,34.71798489946633],[135.42695919419097,34.71649682034254],[135.42685869928073,34.716391736351724]]]},"properties":{"KEY_CODE":"282020532","PREF":"28","CITY":"202","CITY_NAME":"尼崎市","S_NAME":"東大物町","SETAI":"3"}},{"type":"Feature","geometry":{"type":"Polygon","coordinates":[[[135.44103455064845,34.732583055878195],[135.44074988270796,34.73251282795566],[135.43560119919775,34.732876505915314],[135.4353168949146,34.73288457557125],[135.43522267944894,34.73118479617683],[135.43805708750972,34.73070315361472],[135.44091647903306,34.730217133436945],[135.44103455064845,34.732583055878195]]]},"properties":{"KEY_CODE":"28202054201","PREF":"28","CITY":"202","CITY_NAME":"尼崎市","S_NAME":"浜一丁目","SETAI":"238"}},{"type":"Feature","geometry":{"type":"Polygon","coordinates":[[[135.44117036050213,34.7346541555218],[135.43919374135544,34.734575659079944],[135.43567040293405,34.73479933651626],[135.43519692860872,34.73441655146569],[135.43560119919775,34.732876505915314],[135.44074988270796,34.73251282795566],[135.44103455064845,34.732583055878195],[135.44117036050213,34.7346541555218]]]},"properties":{"KEY_CODE":"28202054202","PREF":"28","CITY":"202","CITY_NAME":"尼崎市","S_NAME":"浜二丁目","SETAI":"834"}},{"type":"Feature","geometry":{"type":"Polygon","coordinates":[[[135.43628422446093,34.73632974930904],[135.43530057171307,34.73646937378284],[135.43512989673224,34.73606667891296],[135.43510754197763,34.73559066518858],[135.43517112509738,34.734821185233365],[135.43567040293405,34.73479933651626],[135.43919374135544,34.734575659079944],[135.44117036050213,34.7346541555218],[135.44119927498332,34.735286453287365],[135.44091272047316,34.73600233071292],[135.43926941183614,34.73591403825812],[135.43919780673173,34.73520747788285],[135.43851309652493,34.73499453706503],[135.4377930228834,34.73547039175766],[135.4375332222808,34.73555782419801],[135.43723286455645,34.73572576819457],[135.43703076499045,34.73597606271315],[135.43628422446093,34.73632974930904]]]},"properties":{"KEY_CODE":"28202054203","PREF":"28","CITY":"202","CITY_NAME":"尼崎市","S_NAME":"浜三丁目","SETAI":"673"}},{"type":"Feature","geometry":{"type":"Polygon","coordinates":[[[135.42797560419186,34.72705511705676],[135.42764071659462,34.731128584072884],[135.42781915292346,34.732396747800834],[135.42541302231857,34.731850884713175],[135.4243489024555,34.727527155565525],[135.4270706438334,34.72719622091025],[135.42797560419186,34.72705511705676]]]},"properties":{"KEY_CODE":"28202057001","PREF":"28","CITY":"202","CITY_NAME":"尼崎市","S_NAME":"金楽寺町一丁目","SETAI":"706"}},{"type":"Feature","geometry":{"type":"Polygon","coordinates":[[[135.4280341498451,34.723648790623244],[135.4280354454278,34.72704584631622],[135.42797560419186,34.72705511705676],[135.4270706438334,34.72719622091025],[135.4243489024555,34.727527155565525],[135.42411572607054,34.72521222742767],[135.4233863896053,34.72303935467383],[135.42526195459283,34.72235236406364],[135.42544346421525,34.72266385033313],[135.42580103303195,34.723312926729314],[135.42631964114562,34.723106428534955],[135.42784102725668,34.72250258465756],[135.4280341498451,34.723648790623244]]]},"properties":{"KEY_CODE":"28202057002","PREF":"28","CITY":"202","CITY_NAME":"尼崎市","S_NAME":"金楽寺町二丁目","SETAI":"1117"}},{"type":"Feature","geometry":{"type":"Polygon","coordinates":[[[135.4243489024555,34.727527155565525],[135.42541302231857,34.731850884713175],[135.42331684897493,34.73241857889591],[135.4226139705321,34.733352515347036],[135.4213038823343,34.7336563606869],[135.42087551848027,34.72945312349479],[135.42070574992195,34.72779597664707],[135.4243489024555,34.727527155565525]]]},"properties":{"KEY_CODE":"28202058001","PREF":"28","CITY":"202","CITY_NAME":"尼崎市","S_NAME":"西長洲町一丁目","SETAI":"244"}},{"type":"Feature","geometry":{"type":"Polygon","coordinates":[[[135.4233863896053,34.72303935467383],[135.42411572607054,34.72521222742767],[135.4243489024555,34.727527155565525],[135.42070574992195,34.72779597664707],[135.4205945403745,34.7278041535373],[135.41967018952565,34.72325836277344],[135.41932751172683,34.72233531504234],[135.41968463517645,34.7219373188045],[135.4227234954035,34.72131196011824],[135.4229177530312,34.721276276207234],[135.42304306901576,34.721674188707],[135.4231488802115,34.72208720712024],[135.4233863896053,34.72303935467383]]]},"properties":{"KEY_CODE":"28202058002","PREF":"28","CITY":"202","CITY_NAME":"尼崎市","S_NAME":"西長洲町二丁目","SETAI":"706"}},{"type":"Feature","geometry":{"type":"Polygon","coordinates":[[[135.41932751172683,34.72233531504234],[135.41967018952565,34.72325836277344],[135.4205945403745,34.7278041535373],[135.4178032123234,34.72788764937474],[135.41701279092317,34.72776848515813],[135.41636514838083,34.727608748148405],[135.41569458647058,34.7274704796439],[135.4159169930485,34.72690340118905],[135.41804835966474,34.72504658240212],[135.4181234218027,34.72346019441533],[135.41923483399535,34.72209063567415],[135.41932751172683,34.72233531504234]]]},"properties":{"KEY_CODE":"28202058003","PREF":"28","CITY":"202","CITY_NAME":"尼崎市","S_NAME":"西長洲町三丁目","SETAI":"83"}},{"type":"Feature","geometry":{"type":"Polygon","coordinates":[[[135.4226139705321,34.733352515347036],[135.4218814140533,34.734425450455475],[135.42179718274187,34.735576389291616],[135.421873279605,34.73589586160347],[135.42201911394218,34.73623118883605],[135.42238454930344,34.73671061232691],[135.42258515585652,34.7369157250623],[135.42271776267702,34.737055246888836],[135.42424702951288,34.73866005236208],[135.42165086947008,34.73871766973404],[135.4216028615703,34.73818484068396],[135.42158928625113,34.73803397094898],[135.4212078144428,34.73379891460626],[135.4213038823343,34.7336563606869],[135.4226139705321,34.733352515347036]]]},"properties":{"KEY_CODE":"28202060001","PREF":"28","CITY":"202","CITY_NAME":"尼崎市","S_NAME":"久々知西町一丁目","SETAI":"174"}},{"type":"Feature","geometry":{"type":"Polygon","coordinates":[[[135.42424702951288,34.73866005236208],[135.42599589221638,34.74057146937542],[135.4266282977565,34.74197640218591],[135.4264698939333,34.74308786437556],[135.42640347820318,34.74332494814095],[135.42630302899207,34.743316272572905],[135.422043460489,34.742952048630585],[135.4218324444864,34.74068188713537],[135.42174531585962,34.739761085701964],[135.42166383134435,34.73886065733125],[135.42165086947008,34.73871766973404],[135.42424702951288,34.73866005236208]]]},"properties":{"KEY_CODE":"28202060002","PREF":"28","CITY":"202","CITY_NAME":"尼崎市","S_NAME":"久々知西町二丁目","SETAI":"752"}},{"type":"Feature","geometry":{"type":"Polygon","coordinates":[[[135.43354430457805,34.745197852604456],[135.43340633570367,34.7477091922591],[135.43338596634297,34.74805868545856],[135.4307512924516,34.7479702091794],[135.42981405872686,34.74713299246299],[135.4302605639435,34.745854417518494],[135.42972220829282,34.745060508267024],[135.4299617042617,34.74327025840969],[135.4305856372917,34.74328350752335],[135.431018149854,34.74362215460785],[135.431174691956,34.74451823997929],[135.4316541352975,34.7448242068961],[135.43294864847925,34.744840405857325],[135.43354430457805,34.745197852604456]]]},"properties":{"KEY_CODE":"28202061001","PREF":"28","CITY":"202","CITY_NAME":"尼崎市","S_NAME":"久々知一丁目","SETAI":"469"}},{"type":"Feature","geometry":{"type":"Polygon","coordinates":[[[135.4299617042617,34.74327025840969],[135.42972220829282,34.745060508267024],[135.4302605639435,34.745854417518494],[135.42981405872686,34.74713299246299],[135.42912061163355,34.746502877613665],[135.42802914264473,34.7455543572243],[135.42735889353887,34.74558883583706],[135.4268790677894,34.745609487144705],[135.4268909598196,34.74445131236678],[135.42619849109755,34.744547113526885],[135.42640347820318,34.74332494814095],[135.4264698939333,34.74308786437556],[135.4299617042617,34.74327025840969]]]},"properties":{"KEY_CODE":"28202061002","PREF":"28","CITY":"202","CITY_NAME":"尼崎市","S_NAME":"久々知二丁目","SETAI":"501"}},{"type":"Feature","geometry":{"type":"Polygon","coordinates":[[[135.4327532175655,34.740537503899766],[135.43221189154178,34.74160130652379],[135.43081379375644,34.74242592640574],[135.4305856372917,34.74328350752335],[135.4299617042617,34.74327025840969],[135.4264698939333,34.74308786437556],[135.4266282977565,34.74197640218591],[135.42599589221638,34.74057146937542],[135.42893776585314,34.7406337521881],[135.42887313096304,34.739452037077314],[135.43123432332382,34.73961146513043],[135.43131489387537,34.74009793985427],[135.43131402071995,34.740567824320124],[135.4327532175655,34.740537503899766]]]},"properties":{"KEY_CODE":"28202061003","PREF":"28","CITY":"202","CITY_NAME":"尼崎市","S_NAME":"久々知三丁目","SETAI":"563"}},{"type":"Feature","geometry":{"type":"Polygon","coordinates":[[[135.44126856131132,34.73770958231145],[135.43794503911434,34.73781051327037],[135.4374328160107,34.73829743598923],[135.43622116328595,34.73731134567194],[135.4367940996147,34.7364176639819],[135.43703076499045,34.73597606271315],[135.43723286455645,34.73572576819457],[135.4375332222808,34.73555782419801],[135.4377930228834,34.73547039175766],[135.43851309652493,34.73499453706503],[135.43919780673173,34.73520747788285],[135.43926941183614,34.73591403825812],[135.44091272047316,34.73600233071292],[135.44119927498332,34.735286453287365],[135.44125073108282,34.73676379032741],[135.44126856131132,34.73770958231145]]]},"properties":{"KEY_CODE":"28202062001","PREF":"28","CITY":"202","CITY_NAME":"尼崎市","S_NAME":"次屋一丁目","SETAI":"807"}},{"type":"Feature","geometry":{"type":"Polygon","coordinates":[[[135.44126916433652,34.737774085958236],[135.44130858070494,34.7404648232989],[135.44002263896996,34.74045314588915],[135.43797115409194,34.74042108370861],[135.43658546143797,34.73990053809961],[135.43580178040685,34.73985693617425],[135.43454861843895,34.738980321514326],[135.4356289662493,34.73806603830133],[135.43596299067963,34.738247948487555],[135.43622116328595,34.73731134567194],[135.4374328160107,34.73829743598923],[135.43794503911434,34.73781051327037],[135.44126856131132,34.73770958231145],[135.44126916433652,34.737774085958236]]]},"properties":{"KEY_CODE":"28202062002","PREF":"28","CITY":"202","CITY_NAME":"尼崎市","S_NAME":"次屋二丁目","SETAI":"456"}},{"type":"Feature","geometry":{"type":"Polygon","coordinates":[[[135.44126916433652,34.737774085958236],[135.44477796912673,34.737851097283816],[135.44489681125935,34.74319417868953],[135.4450947933031,34.74463623256972],[135.4450962925002,34.74469706645949],[135.44145928731206,34.744391073481516],[135.44139831202224,34.74320467972412],[135.44130858070494,34.7404648232989],[135.44126916433652,34.737774085958236]]]},"properties":{"KEY_CODE":"28202062003","PREF":"28","CITY":"202","CITY_NAME":"尼崎市","S_NAME":"次屋三丁目","SETAI":"353"}},{"type":"Feature","geometry":{"type":"Polygon","coordinates":[[[135.44586775737682,34.736643196867746],[135.44600967360518,34.737848851982356],[135.44477796912673,34.737851097283816],[135.44126916433652,34.737774085958236],[135.44126856131132,34.73770958231145],[135.44125073108282,34.73676379032741],[135.44233939893667,34.73691824292521],[135.44319008378005,34.73643708400492],[135.44328827431738,34.73636674869318],[135.44427852573816,34.735408516041524],[135.44560270135494,34.735580930244176],[135.4454248139602,34.73664231741657],[135.44586775737682,34.736643196867746]]]},"properties":{"KEY_CODE":"28202062004","PREF":"28","CITY":"202","CITY_NAME":"尼崎市","S_NAME":"次屋四丁目","SETAI":"101"}},{"type":"Feature","geometry":{"type":"Polygon","coordinates":[[[135.43658546143797,34.73990053809961],[135.43552144592152,34.741689546546944],[135.43441142867422,34.741563253649126],[135.4344536062406,34.74121835242853],[135.4341960505751,34.741109692711206],[135.43359079657716,34.74088234078321],[135.4327532175655,34.740537503899766],[135.43131402071995,34.740567824320124],[135.43131489387537,34.74009793985427],[135.43231233233976,34.73901044391455],[135.4337389423442,34.739088538783626],[135.43399449139088,34.73902692983885],[135.43454861843895,34.738980321514326],[135.43580178040685,34.73985693617425],[135.43658546143797,34.73990053809961]]]},"properties":{"KEY_CODE":"28202063101","PREF":"28","CITY":"202","CITY_NAME":"尼崎市","S_NAME":"下坂部一丁目","SETAI":"634"}},{"type":"Feature","geometry":{"type":"Polygon","coordinates":[[[135.4327532175655,34.740537503899766],[135.43359079657716,34.74088234078321],[135.4341960505751,34.741109692711206],[135.4344536062406,34.74121835242853],[135.43441142867422,34.741563253649126],[135.43552144592152,34.741689546546944],[135.43526394926087,34.742151614790814],[135.4349902136727,34.74265045050828],[135.434455170101,34.743388983122586],[135.43404171086715,34.74388386876885],[135.431018149854,34.74362215460785],[135.4305856372917,34.74328350752335],[135.43081379375644,34.74242592640574],[135.43221189154178,34.74160130652379],[135.4327532175655,34.740537503899766]]]},"properties":{"KEY_CODE":"28202063102","PREF":"28","CITY":"202","CITY_NAME":"尼崎市","S_NAME":"下坂部二丁目","SETAI":"479"}},{"type":"Feature","geometry":{"type":"Polygon","coordinates":[[[135.44139831202224,34.74320467972412],[135.43888285617754,34.74322868822075],[135.43894064613878,34.74418538376501],[135.43543523294605,34.743878438973674],[135.43541491773266,34.74411553390592],[135.43404171086715,34.74388386876885],[135.434455170101,34.743388983122586],[135.4349902136727,34.74265045050828],[135.43526394926087,34.742151614790814],[135.43552144592152,34.741689546546944],[135.43658546143797,34.73990053809961],[135.43797115409194,34.74042108370861],[135.44002263896996,34.74045314588915],[135.44130858070494,34.7404648232989],[135.44139831202224,34.74320467972412]]]},"properties":{"KEY_CODE":"28202063103","PREF":"28","CITY":"202","CITY_NAME":"尼崎市","S_NAME":"下坂部三丁目","SETAI":"424"}},{"type":"Feature","geometry":{"type":"Polygon","coordinates":[[[135.43541491773266,34.74411553390592],[135.43535694422783,34.74534018932664],[135.43421792144403,34.74523753733543],[135.43354430457805,34.745197852604456],[135.43294864847925,34.744840405857325],[135.4316541352975,34.7448242068961],[135.431174691956,34.74451823997929],[135.431018149854,34.74362215460785],[135.43404171086715,34.74388386876885],[135.43541491773266,34.74411553390592]]]},"properties":{"KEY_CODE":"28202063104","PREF":"28","CITY":"202","CITY_NAME":"尼崎市","S_NAME":"下坂部四丁目","SETAI":"187"}},{"type":"Feature","geometry":{"type":"Polygon","coordinates":[[[135.43421792144403,34.74523753733543],[135.43412291030592,34.746881415229154],[135.4340752680007,34.74772230034714],[135.43340633570367,34.7477091922591],[135.43354430457805,34.745197852604456],[135.43421792144403,34.74523753733543]]]},"properties":{"KEY_CODE":"282020632","PREF":"28","CITY":"202","CITY_NAME":"尼崎市","S_NAME":"下坂部","SETAI":"129"}},{"type":"Feature","geometry":{"type":"Polygon","coordinates":[[[135.42174531585962,34.739761085701964],[135.4218324444864,34.74068188713537],[135.422043460489,34.742952048630585],[135.42205187035967,34.743124936961735],[135.42070203652892,34.74323926635832],[135.41927019725978,34.743339383400794],[135.4192110012618,34.73919230284889],[135.42036642669848,34.73903859921821],[135.4210004393025,34.73895166306037],[135.42166383134435,34.738860657331266],[135.42174531585962,34.739761085701964]]]},"properties":{"KEY_CODE":"282020641","PREF":"28","CITY":"202","CITY_NAME":"尼崎市","S_NAME":"名神町","SETAI":"407"}},{"type":"Feature","geometry":{"type":"Polygon","coordinates":[[[135.4151906093872,34.739838281437585],[135.4152762993559,34.743722025156444],[135.4134056440137,34.7439127393441],[135.41188259339287,34.74406668085275],[135.41190511295554,34.74038409216474],[135.41448042778066,34.739960373374444],[135.4151906093872,34.739838281437585]]]},"properties":{"KEY_CODE":"28202064201","PREF":"28","CITY":"202","CITY_NAME":"尼崎市","S_NAME":"名神町一丁目","SETAI":"397"}},{"type":"Feature","geometry":{"type":"Polygon","coordinates":[[[135.4192110012618,34.73919230284889],[135.41927019725978,34.743339383400794],[135.41837860592125,34.74343494840111],[135.41610610581637,34.743644358338614],[135.4152762993559,34.743722025156444],[135.4151906093872,34.739838281437585],[135.4192110012618,34.73919230284889]]]},"properties":{"KEY_CODE":"28202064202","PREF":"28","CITY":"202","CITY_NAME":"尼崎市","S_NAME":"名神町二丁目","SETAI":"629"}},{"type":"Feature","geometry":{"type":"Polygon","coordinates":[[[135.43510754197763,34.73559066518858],[135.43360940473096,34.73533139567705],[135.42874850207048,34.73645628848325],[135.42857321184317,34.7331184412906],[135.42838908975068,34.73242978934021],[135.4292259278325,34.73228703700162],[135.4307033985891,34.73204666701116],[135.4320500545881,34.731823657804334],[135.43258429162523,34.731724884659776],[135.43510173472112,34.73121166739224],[135.43522267944894,34.73118479617683],[135.4353168949146,34.73288457557125],[135.43560119919775,34.732876505915314],[135.43519692860872,34.73441655146569],[135.43517112509738,34.734821185233365],[135.43510754197763,34.73559066518858]]]},"properties":{"KEY_CODE":"28202065001","PREF":"28","CITY":"202","CITY_NAME":"尼崎市","S_NAME":"潮江一丁目","SETAI":"2990"}},{"type":"Feature","geometry":{"type":"Polygon","coordinates":[[[135.43622116328595,34.73731134567194],[135.43596299067963,34.738247948487555],[135.4351175313999,34.73778404122392],[135.43491002565142,34.73775634130876],[135.43459264236634,34.738192189783426],[135.43361875964854,34.73771830575832],[135.4311886737436,34.737893362761184],[135.43077225281885,34.7376468285645],[135.42874636398292,34.73758184292024],[135.42874850207048,34.73645628848325],[135.43360940473096,34.73533139567705],[135.43510754197763,34.73559066518858],[135.43512989673224,34.73606667891296],[135.43530057171307,34.73646937378284],[135.43628422446093,34.73632974930904],[135.4367940996147,34.7364176639819],[135.43622116328595,34.73731134567194]]]},"properties":{"KEY_CODE":"28202065002","PREF":"28","CITY":"202","CITY_NAME":"尼崎市","S_NAME":"潮江二丁目","SETAI":"888"}},{"type":"Feature","geometry":{"type":"Polygon","coordinates":[[[135.4337389423442,34.739088538783626],[135.43231233233976,34.73901044391455],[135.43131489387537,34.74009793985427],[135.43123432332382,34.73961146513043],[135.42887313096304,34.739452037077314],[135.42874636398292,34.73758184292024],[135.43077225281885,34.7376468285645],[135.4311886737436,34.737893362761184],[135.43361875964854,34.73771830575832],[135.43459264236634,34.738192189783426],[135.43491002565142,34.73775634130876],[135.4351175313999,34.73778404122392],[135.4356289662493,34.73806603830133],[135.43454861843895,34.738980321514326],[135.43399449139088,34.73902692983885],[135.4337389423442,34.739088538783626]]]},"properties":{"KEY_CODE":"28202065003","PREF":"28","CITY":"202","CITY_NAME":"尼崎市","S_NAME":"潮江三丁目","SETAI":"570"}},{"type":"Feature","geometry":{"type":"Polygon","coordinates":[[[135.42874636398292,34.73758184292024],[135.42887313096304,34.739452037077314],[135.42893776585314,34.7406337521881],[135.42599589221638,34.74057146937542],[135.42424702951288,34.73866005236208],[135.42271776267702,34.737055246888836],[135.4248964942088,34.73705360730085],[135.4252488571229,34.7369715693329],[135.42586396179777,34.73661003919838],[135.42724790687603,34.736430775319434],[135.42832581170953,34.73647065792932],[135.42874850207048,34.73645628848325],[135.42874636398292,34.73758184292024]]]},"properties":{"KEY_CODE":"28202065004","PREF":"28","CITY":"202","CITY_NAME":"尼崎市","S_NAME":"潮江四丁目","SETAI":"15"}},{"type":"Feature","geometry":{"type":"Polygon","coordinates":[[[135.4248964942088,34.73705360730085],[135.42258515585652,34.7369157250623],[135.42238454930344,34.73671061232691],[135.42201911394218,34.73623118883605],[135.421873279605,34.73589586160347],[135.42179718274187,34.735576389291616],[135.4218814140533,34.734425450455475],[135.4226139705321,34.733352515347036],[135.42331684897493,34.73241857889591],[135.42541302231857,34.731850884713175],[135.42781915292346,34.732396747800834],[135.42838908975068,34.73242978934021],[135.42857321184317,34.7331184412906],[135.42874850207048,34.73645628848325],[135.42832581170953,34.73647065792932],[135.42724790687603,34.736430775319434],[135.42586396179777,34.73661003919838],[135.4252488571229,34.7369715693329],[135.4248964942088,34.73705360730085]]]},"properties":{"KEY_CODE":"28202065005","PREF":"28","CITY":"202","CITY_NAME":"尼崎市","S_NAME":"潮江五丁目","SETAI":"1655"}},{"type":"Feature","geometry":{"type":"Polygon","coordinates":[[[135.4485244658131,34.74278913020097],[135.44745431716697,34.74254075948873],[135.44623746179678,34.744723679037136],[135.4450947933031,34.74463623256972],[135.44489681125935,34.74319417868953],[135.44477796912673,34.737851097283816],[135.44600967360518,34.737848851982356],[135.44586775737682,34.736643196867746],[135.44575125340958,34.735811974923166],[135.44608826375887,34.73433291792242],[135.44747502094793,34.733379340638606],[135.44881094392792,34.73425543883377],[135.45009986396667,34.73452150671402],[135.45190720236042,34.73441348306924],[135.45088227632587,34.73634199514524],[135.4496500421498,34.73859172092971],[135.44973579851018,34.740101562592656],[135.44962755999754,34.74285464613176],[135.4485244658131,34.74278913020097]]]},"properties":{"KEY_CODE":"282020660","PREF":"28","CITY":"202","CITY_NAME":"尼崎市","S_NAME":"神崎町","SETAI":"877"}},{"type":"Feature","geometry":{"type":"Polygon","coordinates":[[[135.4539581163691,34.74478109898653],[135.45366646022006,34.74510675885149],[135.45248167737464,34.74490850307498],[135.45234096851314,34.74490726203978],[135.45224565966276,34.74414810627408],[135.45220466586238,34.74308252191193],[135.44962304420827,34.74311498056419],[135.44962755999754,34.74285464613176],[135.44973579851018,34.740101562592656],[135.4496500421498,34.73859172092971],[135.45088227632587,34.73634199514524],[135.45136468417985,34.73711238182732],[135.45290847381304,34.73807920565905],[135.45409676967907,34.73930253917924],[135.45501893076639,34.74060226298868],[135.45537576285147,34.74113505037321],[135.45488195649284,34.74136215086238],[135.45463333356375,34.743310867031084],[135.45434834924734,34.744129445506964],[135.4539581163691,34.74478109898653]]]},"properties":{"KEY_CODE":"282020670","PREF":"28","CITY":"202","CITY_NAME":"尼崎市","S_NAME":"高田町","SETAI":"491"}},{"type":"Feature","geometry":{"type":"Polygon","coordinates":[[[135.45366646022006,34.74510675885145],[135.45232906346965,34.74637039632084],[135.44961236764442,34.74546560327558],[135.4474010692763,34.74504248092327],[135.44623746179678,34.744723679037136],[135.44745431716697,34.74254075948873],[135.4485244658131,34.74278913020097],[135.44962755999754,34.74285464613176],[135.44962304420827,34.74311498056419],[135.45220466586238,34.74308252191193],[135.45224565966276,34.74414810627408],[135.45234096851314,34.74490726203978],[135.45248167737464,34.74490850307498],[135.45366646022006,34.74510675885145]]]},"properties":{"KEY_CODE":"282020680","PREF":"28","CITY":"202","CITY_NAME":"尼崎市","S_NAME":"額田町","SETAI":"775"}},{"type":"Feature","geometry":{"type":"Polygon","coordinates":[[[135.44623746179678,34.744723679037136],[135.4474010692763,34.74504248092327],[135.44754994242328,34.746908524996805],[135.44869960681402,34.74750759075343],[135.44933660977665,34.74847615701512],[135.44914378256112,34.74861596083366],[135.4467944435493,34.75018896864157],[135.4458892562432,34.7505989530024],[135.44530063062408,34.74966682577781],[135.44522829173275,34.74873237593717],[135.4451278205154,34.746355442517206],[135.4450962925002,34.74469706645949],[135.4450947933031,34.74463623256972],[135.44623746179678,34.744723679037136]]]},"properties":{"KEY_CODE":"282020690","PREF":"28","CITY":"202","CITY_NAME":"尼崎市","S_NAME":"善法寺町","SETAI":"826"}},{"type":"Feature","geometry":{"type":"Polygon","coordinates":[[[135.4474010692763,34.74504248092327],[135.44961236764442,34.74546560327558],[135.45232906346965,34.74637039632084],[135.44933660977665,34.74847615701512],[135.44869960681402,34.74750759075343],[135.44754994242328,34.746908524996805],[135.4474010692763,34.74504248092327]]]},"properties":{"KEY_CODE":"282020700","PREF":"28","CITY":"202","CITY_NAME":"尼崎市","S_NAME":"弥生ケ丘町","SETAI":"0"}},{"type":"Feature","geometry":{"type":"Polygon","coordinates":[[[135.436866875936,34.72638053670906],[135.4399208664343,34.72642040294832],[135.44024770157696,34.72816369940661],[135.4409409700478,34.73021155755573],[135.44091647903306,34.730217133436945],[135.43805708750972,34.73070315361472],[135.43788891355211,34.73006535896167],[135.43745815908213,34.72820694024101],[135.43737494118267,34.72793388159524],[135.43706546819666,34.72716440218715],[135.436866875936,34.72638053670906]]]},"properties":{"KEY_CODE":"28202071001","PREF":"28","CITY":"202","CITY_NAME":"尼崎市","S_NAME":"常光寺一丁目","SETAI":"742"}},{"type":"Feature","geometry":{"type":"Polygon","coordinates":[[[135.4399208664343,34.72642040294832],[135.436866875936,34.72638053670906],[135.43698731252667,34.7254627847639],[135.43640115604464,34.7233584305225],[135.4371899568691,34.72329310563273],[135.43905341532667,34.72335689222328],[135.43982619371187,34.7236188923685],[135.43986419531834,34.72449238655493],[135.4399208664343,34.72642040294832]]]},"properties":{"KEY_CODE":"28202071002","PREF":"28","CITY":"202","CITY_NAME":"尼崎市","S_NAME":"常光寺二丁目","SETAI":"746"}},{"type":"Feature","geometry":{"type":"Polygon","coordinates":[[[135.43986419531834,34.72449238655493],[135.44032904976584,34.72471478760672],[135.44276398629086,34.724934308029006],[135.4425167468265,34.72597744948811],[135.4413363141543,34.726496255442036],[135.44153986314174,34.72736683215629],[135.44024770157696,34.72816369940661],[135.4399208664343,34.72642040294832],[135.43986419531834,34.72449238655493]]]},"properties":{"KEY_CODE":"28202071003","PREF":"28","CITY":"202","CITY_NAME":"尼崎市","S_NAME":"常光寺三丁目","SETAI":"403"}},{"type":"Feature","geometry":{"type":"Polygon","coordinates":[[[135.4429558966438,34.72297557568154],[135.44517562973456,34.72312193851563],[135.44632870480115,34.72358972505358],[135.4477576413663,34.72396187130934],[135.44713173460988,34.725404419591634],[135.44587851462416,34.727362019332666],[135.4455288024254,34.72934262066721],[135.4409409700478,34.73021155755573],[135.44024770157696,34.72816369940661],[135.44153986314174,34.72736683215629],[135.4413363141543,34.726496255442036],[135.4425167468265,34.72597744948811],[135.44276398629086,34.724934308029006],[135.4429558966438,34.72297557568154]]]},"properties":{"KEY_CODE":"28202071004","PREF":"28","CITY":"202","CITY_NAME":"尼崎市","S_NAME":"常光寺四丁目","SETAI":"1"}},{"type":"Feature","geometry":{"type":"Polygon","coordinates":[[[135.4429558966438,34.72297557568154],[135.44276398629086,34.724934308029006],[135.44032904976584,34.72471478760672],[135.43986419531834,34.72449238655493],[135.43982619371187,34.7236188923685],[135.43978450660265,34.72267359749238],[135.4410955518316,34.722626737321825],[135.44239148227015,34.72227238246795],[135.4429558966438,34.72297557568154]]]},"properties":{"KEY_CODE":"28202072001","PREF":"28","CITY":"202","CITY_NAME":"尼崎市","S_NAME":"今福一丁目","SETAI":"779"}},{"type":"Feature","geometry":{"type":"Polygon","coordinates":[[[135.44613521791143,34.72183804534045],[135.44656648003948,34.722506521050285],[135.44632870480115,34.72358972505358],[135.44517562973456,34.72312193851563],[135.4429558966438,34.72297557568154],[135.44239148227015,34.72227238246795],[135.4415957553613,34.72082154341113],[135.44216456485768,34.720686638390504],[135.4424760064851,34.72146157838309],[135.44387478988577,34.72132501236717],[135.4444629686251,34.72166205121012],[135.4452251869276,34.72084322480125],[135.44547389057547,34.72114138724505],[135.44613521791143,34.72183804534045]]]},"properties":{"KEY_CODE":"28202072002","PREF":"28","CITY":"202","CITY_NAME":"尼崎市","S_NAME":"今福二丁目","SETAI":"417"}},{"type":"Feature","geometry":{"type":"Polygon","coordinates":[[[135.44130636393973,34.716363706102214],[135.44441347322964,34.71734190424953],[135.4452355740754,34.71781244372746],[135.44388713135388,34.71913072496292],[135.44381036813078,34.71916241264283],[135.44350067864454,34.71929031376562],[135.4421154715374,34.71960394108803],[135.44206123525746,34.71928554851457],[135.4407113955496,34.718351460104714],[135.43969597796504,34.71764531222931],[135.44130636393973,34.716363706102214]]]},"properties":{"KEY_CODE":"282020730","PREF":"28","CITY":"202","CITY_NAME":"尼崎市","S_NAME":"梶ケ島","SETAI":"309"}},{"type":"Feature","geometry":{"type":"Polygon","coordinates":[[[135.4415957553613,34.72082154341113],[135.44239148227015,34.72227238246795],[135.4410955518316,34.722626737321825],[135.43978450660265,34.72267359749238],[135.43960358547145,34.721392934243504],[135.4415957553613,34.72082154341113]]]},"properties":{"KEY_CODE":"28202074001","PREF":"28","CITY":"202","CITY_NAME":"尼崎市","S_NAME":"杭瀬北新町一丁目","SETAI":"308"}},{"type":"Feature","geometry":{"type":"Polygon","coordinates":[[[135.43982619371187,34.7236188923685],[135.43905341532667,34.72335689222328],[135.4371899568691,34.72329310563273],[135.4369951708325,34.72249342862327],[135.43802147928474,34.7217268991021],[135.43960358547145,34.721392934243504],[135.43978450660265,34.72267359749238],[135.43982619371187,34.7236188923685]]]},"properties":{"KEY_CODE":"28202074002","PREF":"28","CITY":"202","CITY_NAME":"尼崎市","S_NAME":"杭瀬北新町二丁目","SETAI":"203"}},{"type":"Feature","geometry":{"type":"Polygon","coordinates":[[[135.4371899568691,34.72329310563273],[135.43640115604464,34.7233584305225],[135.43571146410952,34.72265281887163],[135.4344467967752,34.721386184279474],[135.43424418277795,34.7196139926071],[135.434239373082,34.7195730488167],[135.4344876571422,34.71957319740509],[135.43538494310093,34.71957408975491],[135.43557107961274,34.719576206940616],[135.43653803829864,34.71957674043425],[135.4369951708325,34.72249342862327],[135.4371899568691,34.72329310563273]]]},"properties":{"KEY_CODE":"28202074003","PREF":"28","CITY":"202","CITY_NAME":"尼崎市","S_NAME":"杭瀬北新町三丁目","SETAI":"505"}},{"type":"Feature","geometry":{"type":"Polygon","coordinates":[[[135.43424418277795,34.7196139926071],[135.4344467967752,34.721386184279474],[135.43317185544376,34.72059612651883],[135.43194435423487,34.7203859353126],[135.42995593053686,34.720495843604425],[135.42932166228124,34.719601653108654],[135.43424418277795,34.7196139926071]]]},"properties":{"KEY_CODE":"28202074004","PREF":"28","CITY":"202","CITY_NAME":"尼崎市","S_NAME":"杭瀬北新町四丁目","SETAI":"298"}},{"type":"Feature","geometry":{"type":"Polygon","coordinates":[[[135.44216456485768,34.720686638390504],[135.4415957553613,34.72082154341113],[135.43960358547145,34.721392934243504],[135.43925123576398,34.720458350809324],[135.43911176928856,34.72003481113168],[135.43891258269323,34.71960350334826],[135.43824175542537,34.71846940371198],[135.43969597796504,34.71764531222931],[135.4407113955496,34.718351460104714],[135.44206123525746,34.71928554851457],[135.4421154715374,34.71960394108803],[135.4420958055906,34.719651446212005],[135.44253932888387,34.72028348733956],[135.44216456485768,34.720686638390504]]]},"properties":{"KEY_CODE":"28202075001","PREF":"28","CITY":"202","CITY_NAME":"尼崎市","S_NAME":"杭瀬本町一丁目","SETAI":"627"}},{"type":"Feature","geometry":{"type":"Polygon","coordinates":[[[135.43653803829864,34.71957674043425],[135.43891258269323,34.71960350334826],[135.43911176928856,34.72003481113168],[135.43925123576398,34.720458350809324],[135.43960358547145,34.721392934243504],[135.43802147928474,34.7217268991021],[135.4369951708325,34.72249342862327],[135.43653803829864,34.71957674043425]]]},"properties":{"KEY_CODE":"28202075002","PREF":"28","CITY":"202","CITY_NAME":"尼崎市","S_NAME":"杭瀬本町二丁目","SETAI":"601"}},{"type":"Feature","geometry":{"type":"Polygon","coordinates":[[[135.43824175542537,34.71846940371198],[135.43891258269323,34.71960350334826],[135.43653803829864,34.71957674043425],[135.43557107961274,34.719576206940616],[135.43538494310093,34.71957408975491],[135.4344876571422,34.71957319740509],[135.434239373082,34.7195730488167],[135.43408166783996,34.718256751078975],[135.43551409171926,34.718690918500556],[135.43566611429455,34.71872262576316],[135.4357202846379,34.718733401558644],[135.43668402142515,34.71878111029872],[135.4367668558362,34.71878232073951],[135.437749331009,34.71863370395358],[135.43824175542537,34.71846940371198]]]},"properties":{"KEY_CODE":"28202075003","PREF":"28","CITY":"202","CITY_NAME":"尼崎市","S_NAME":"杭瀬本町三丁目","SETAI":"200"}},{"type":"Feature","geometry":{"type":"Polygon","coordinates":[[[135.4452251869276,34.72084322480125],[135.4444629686251,34.72166205121012],[135.44387478988577,34.72132501236717],[135.4424760064851,34.72146157838309],[135.44216456485768,34.720686638390504],[135.44253932888387,34.72028348733956],[135.4420958055906,34.719651446212005],[135.4421154715374,34.71960394108803],[135.44350067864454,34.71929031376562],[135.44443446644624,34.719867149031096],[135.44487710340252,34.72031441142022],[135.4452251869276,34.72084322480125]]]},"properties":{"KEY_CODE":"28202076001","PREF":"28","CITY":"202","CITY_NAME":"尼崎市","S_NAME":"杭瀬寺島一丁目","SETAI":"452"}},{"type":"Feature","geometry":{"type":"Polygon","coordinates":[[[135.44388713135388,34.71913072496292],[135.44523557407538,34.71781244372746],[135.4470653795965,34.71917773951419],[135.4475197570169,34.7197958580736],[135.44826392417735,34.721749822195115],[135.44819290573997,34.72283135982987],[135.4477576413663,34.723961871309335],[135.44632870480115,34.72358972505358],[135.44656648003948,34.722506521050285],[135.44613521791143,34.72183804534045],[135.44547389057547,34.72114138724505],[135.44487710340252,34.72031441142022],[135.44443446644624,34.719867149031096],[135.44381036813078,34.71916241264283],[135.44388713135388,34.71913072496292]]]},"properties":{"KEY_CODE":"28202076002","PREF":"28","CITY":"202","CITY_NAME":"尼崎市","S_NAME":"杭瀬寺島二丁目","SETAI":"0"}},{"type":"Feature","geometry":{"type":"Polygon","coordinates":[[[135.43969597796504,34.71764531222931],[135.43824175542537,34.71846940371198],[135.4365128864128,34.71678627782571],[135.43536843344287,34.71635253958901],[135.43630876567366,34.71478845770591],[135.44130636393973,34.716363706102214],[135.43969597796504,34.71764531222931]]]},"properties":{"KEY_CODE":"28202077001","PREF":"28","CITY":"202","CITY_NAME":"尼崎市","S_NAME":"杭瀬南新町一丁目","SETAI":"268"}},{"type":"Feature","geometry":{"type":"Polygon","coordinates":[[[135.43536843344287,34.71635253958901],[135.4365128864128,34.71678627782571],[135.43824175542537,34.71846940371198],[135.437749331009,34.71863370395358],[135.4367668558362,34.71878232073951],[135.43668402142515,34.71878111029872],[135.4357202846379,34.718733401558644],[135.43566611429455,34.71872262576316],[135.43551409171926,34.718690918500556],[135.43408166783996,34.718256751078975],[135.43403128548258,34.71783203077184],[135.43400442542796,34.7173052068691],[135.43536843344287,34.71635253958901]]]},"properties":{"KEY_CODE":"28202077002","PREF":"28","CITY":"202","CITY_NAME":"尼崎市","S_NAME":"杭瀬南新町二丁目","SETAI":"435"}},{"type":"Feature","geometry":{"type":"Polygon","coordinates":[[[135.43630876567366,34.71478845770591],[135.43536843344287,34.71635253958901],[135.43400442542796,34.7173052068691],[135.43403128548258,34.71783203077184],[135.43408166783996,34.718256751078975],[135.4306438216944,34.717065399351256],[135.42998705560927,34.71683824513827],[135.4297463108705,34.71675252049781],[135.42896855688176,34.71654053350604],[135.42751954852352,34.71497677572455],[135.4283798437901,34.71396194761247],[135.43010126547705,34.71411773281984],[135.43103750846495,34.71465101410136],[135.4318524807349,34.713643755949306],[135.43186331608538,34.71270952703214],[135.43630876567366,34.71478845770591]]]},"properties":{"KEY_CODE":"28202077003","PREF":"28","CITY":"202","CITY_NAME":"尼崎市","S_NAME":"杭瀬南新町三丁目","SETAI":"5"}},{"type":"Feature","geometry":{"type":"Polygon","coordinates":[[[135.43424418277795,34.7196139926071],[135.42932166228124,34.719601653108654],[135.42889598157504,34.71959618852138],[135.42919321101988,34.71845162339552],[135.42893401714073,34.716708555473375],[135.4289514052819,34.71662383641319],[135.4297463108705,34.71675252049781],[135.42998705560927,34.71683824513827],[135.4306438216944,34.717065399351256],[135.43408166783996,34.718256751078975],[135.434239373082,34.7195730488167],[135.43424418277795,34.7196139926071]]]},"properties":{"KEY_CODE":"28202077004","PREF":"28","CITY":"202","CITY_NAME":"尼崎市","S_NAME":"杭瀬南新町四丁目","SETAI":"1193"}},{"type":"Feature","geometry":{"type":"Polygon","coordinates":[[[135.436866875936,34.72638053670906],[135.43706546819666,34.72716440218715],[135.43737494118267,34.72793388159524],[135.43745815908213,34.72820694024101],[135.43788891355211,34.73006535896167],[135.43805708750972,34.73070315361472],[135.43522267944894,34.73118479617683],[135.43510173472112,34.73121166739224],[135.43508577329774,34.73004063745504],[135.43508373945895,34.72835706573357],[135.43523675031048,34.72640855250092],[135.436866875936,34.72638053670906]]]},"properties":{"KEY_CODE":"28202078001","PREF":"28","CITY":"202","CITY_NAME":"尼崎市","S_NAME":"長洲東通一丁目","SETAI":"310"}},{"type":"Feature","geometry":{"type":"Polygon","coordinates":[[[135.43571146410952,34.72265281887163],[135.43640115604464,34.7233584305225],[135.43698731252667,34.7254627847639],[135.436866875936,34.72638053670906],[135.43523675031048,34.72640855250092],[135.43468969942032,34.72313406484201],[135.43571146410952,34.72265281887163]]]},"properties":{"KEY_CODE":"28202078002","PREF":"28","CITY":"202","CITY_NAME":"尼崎市","S_NAME":"長洲東通二丁目","SETAI":"625"}},{"type":"Feature","geometry":{"type":"Polygon","coordinates":[[[135.4344467967752,34.721386184279474],[135.43571146410952,34.72265281887163],[135.43468969942032,34.72313406484201],[135.43323522452144,34.72321790890174],[135.43305582261925,34.72323997252396],[135.43255754387897,34.7228096658393],[135.43194435423487,34.7203859353126],[135.43317185544376,34.72059612651883],[135.4344467967752,34.721386184279474]]]},"properties":{"KEY_CODE":"28202078003","PREF":"28","CITY":"202","CITY_NAME":"尼崎市","S_NAME":"長洲東通三丁目","SETAI":"562"}},{"type":"Feature","geometry":{"type":"Polygon","coordinates":[[[135.43508577329774,34.73004063745504],[135.43510173472112,34.73121166739224],[135.43258429162523,34.731724884659776],[135.43271271351128,34.73115426457343],[135.4319570972565,34.73081924563299],[135.43336265529067,34.72889407177752],[135.43273968768688,34.726104087293244],[135.43523675031048,34.72640855250092],[135.43508373945895,34.72835706573357],[135.43508577329774,34.73004063745504]]]},"properties":{"KEY_CODE":"28202079001","PREF":"28","CITY":"202","CITY_NAME":"尼崎市","S_NAME":"長洲中通一丁目","SETAI":"426"}},{"type":"Feature","geometry":{"type":"Polygon","coordinates":[[[135.43468969942032,34.72313406484201],[135.43523675031048,34.72640855250092],[135.43273968768688,34.726104087293244],[135.4311975070219,34.726408167953544],[135.4302726736309,34.723811457567365],[135.43052824275344,34.72369055566576],[135.43269911763173,34.723285310829475],[135.43305582261925,34.72323997252396],[135.43323522452144,34.72321790890174],[135.43468969942032,34.72313406484201]]]},"properties":{"KEY_CODE":"28202079002","PREF":"28","CITY":"202","CITY_NAME":"尼崎市","S_NAME":"長洲中通二丁目","SETAI":"604"}},{"type":"Feature","geometry":{"type":"Polygon","coordinates":[[[135.43194435423487,34.7203859353126],[135.43255754387897,34.7228096658393],[135.43269911763173,34.723285310829475],[135.43052824275344,34.72369055566576],[135.43025033676722,34.72369601908373],[135.42923207487112,34.721531567871516],[135.42811968918025,34.72069815835311],[135.42844917820483,34.71958640631258],[135.42889598157504,34.71959618852138],[135.42932166228124,34.719601653108654],[135.42995593053686,34.720495843604425],[135.43194435423487,34.7203859353126]]]},"properties":{"KEY_CODE":"28202079003","PREF":"28","CITY":"202","CITY_NAME":"尼崎市","S_NAME":"長洲中通三丁目","SETAI":"493"}},{"type":"Feature","geometry":{"type":"Polygon","coordinates":[[[135.43273968768688,34.726104087293244],[135.43336265529067,34.72889407177752],[135.4319570972565,34.73081924563299],[135.43271271351128,34.73115426457343],[135.43258429162523,34.731724884659776],[135.4320500545881,34.731823657804334],[135.4307033985891,34.73204666701114],[135.4305381510016,34.731096428817494],[135.430761305032,34.7310446955917],[135.42989396814386,34.728157893066765],[135.42955927510738,34.72814696595552],[135.42999100067607,34.72666342686319],[135.4311975070219,34.726408167953544],[135.43273968768688,34.726104087293244]]]},"properties":{"KEY_CODE":"28202080001","PREF":"28","CITY":"202","CITY_NAME":"尼崎市","S_NAME":"長洲本通一丁目","SETAI":"1145"}},{"type":"Feature","geometry":{"type":"Polygon","coordinates":[[[135.4302726736309,34.723811457567365],[135.4311975070219,34.726408167953544],[135.42999100067607,34.72666342686319],[135.42870190268508,34.72439647992512],[135.4302726736309,34.723811457567365]]]},"properties":{"KEY_CODE":"28202080002","PREF":"28","CITY":"202","CITY_NAME":"尼崎市","S_NAME":"長洲本通二丁目","SETAI":"274"}},{"type":"Feature","geometry":{"type":"Polygon","coordinates":[[[135.43025033676722,34.72369601908373],[135.4302726736309,34.723811457567365],[135.42870190268508,34.72439647992512],[135.4280341498451,34.723648790623244],[135.42784102725668,34.72250258465756],[135.42923207487112,34.721531567871516],[135.43025033676722,34.72369601908373]]]},"properties":{"KEY_CODE":"28202080003","PREF":"28","CITY":"202","CITY_NAME":"尼崎市","S_NAME":"長洲本通三丁目","SETAI":"281"}},{"type":"Feature","geometry":{"type":"Polygon","coordinates":[[[135.42999100067607,34.72666342686319],[135.42955927510738,34.72814696595552],[135.42989396814386,34.728157893066765],[135.430761305032,34.7310446955917],[135.4305381510016,34.731096428817494],[135.4307033985891,34.73204666701114],[135.4292259278325,34.73228703700162],[135.42838908975068,34.73242978934021],[135.42781915292346,34.732396747800834],[135.42764071659462,34.731128584072884],[135.42797560419186,34.72705511705676],[135.4280354454278,34.72704584631622],[135.42999100067607,34.72666342686319]]]},"properties":{"KEY_CODE":"28202081001","PREF":"28","CITY":"202","CITY_NAME":"尼崎市","S_NAME":"長洲西通一丁目","SETAI":"528"}},{"type":"Feature","geometry":{"type":"Polygon","coordinates":[[[135.4280341498451,34.723648790623244],[135.42870190268508,34.72439647992512],[135.42999100067607,34.72666342686319],[135.4280354454278,34.72704584631622],[135.4280341498451,34.723648790623244]]]},"properties":{"KEY_CODE":"28202081002","PREF":"28","CITY":"202","CITY_NAME":"尼崎市","S_NAME":"長洲西通二丁目","SETAI":"237"}},{"type":"Feature","geometry":{"type":"Polygon","coordinates":[[[135.4455288024254,34.72934262066721],[135.445906103156,34.731143610718185],[135.447137119525,34.73301720981737],[135.44552123154392,34.734002738092016],[135.44521940155857,34.73345448929017],[135.44103455064845,34.732583055878195],[135.44091647903306,34.730217133436945],[135.4409409700478,34.73021155755573],[135.4455288024254,34.72934262066721]]]},"properties":{"KEY_CODE":"28202082001","PREF":"28","CITY":"202","CITY_NAME":"尼崎市","S_NAME":"西川一丁目","SETAI":"467"}},{"type":"Feature","geometry":{"type":"Polygon","coordinates":[[[135.44560270135494,34.735580930244176],[135.44427852573816,34.735408516041524],[135.44328827431738,34.73636674869318],[135.44319008378005,34.73643708400492],[135.44233939893667,34.73691824292521],[135.44125073108282,34.73676379032741],[135.44119927498332,34.735286453287365],[135.44117036050213,34.7346541555218],[135.44103455064845,34.732583055878195],[135.44521940155857,34.73345448929017],[135.44552123154392,34.734002738092016],[135.447137119525,34.73301720981737],[135.44747502094793,34.733379340638606],[135.44608826375887,34.73433291792242],[135.44575125340958,34.735811974923166],[135.44586775737682,34.736643196867746],[135.4454248139602,34.73664231741657],[135.44560270135494,34.735580930244176]]]},"properties":{"KEY_CODE":"28202082002","PREF":"28","CITY":"202","CITY_NAME":"尼崎市","S_NAME":"西川二丁目","SETAI":"1106"}},{"type":"Feature","geometry":{"type":"Polygon","coordinates":[[[135.38699578258272,34.731298386640525],[135.38681737636082,34.73303474272278],[135.3820746469049,34.73274012413423],[135.382043398333,34.73264348516595],[135.38007804631724,34.733080549903775],[135.37964668895358,34.73189248200062],[135.38586611789503,34.730422793739216],[135.38679779254053,34.73019896329228],[135.38710010322188,34.730144518058225],[135.38699578258272,34.731298386640525]]]},"properties":{"KEY_CODE":"28202083001","PREF":"28","CITY":"202","CITY_NAME":"尼崎市","S_NAME":"稲葉荘一丁目","SETAI":"806"}},{"type":"Feature","geometry":{"type":"Polygon","coordinates":[[[135.38355423394083,34.73520345909017],[135.3827600562894,34.73522819043663],[135.3806731583471,34.73528586863966],[135.38007804631724,34.733080549903775],[135.382043398333,34.73264348516595],[135.3820746469049,34.73274012413423],[135.38681737636082,34.73303474272278],[135.38673763401908,34.73395788259597],[135.38667904578813,34.73515001108195],[135.38355423394083,34.73520345909017]]]},"properties":{"KEY_CODE":"28202083002","PREF":"28","CITY":"202","CITY_NAME":"尼崎市","S_NAME":"稲葉荘二丁目","SETAI":"827"}},{"type":"Feature","geometry":{"type":"Polygon","coordinates":[[[135.38666472863528,34.73563551658691],[135.38662165270256,34.73686694814867],[135.38241586502423,34.736628992514305],[135.3806255264414,34.7366500307685],[135.38069662147512,34.735624281314486],[135.3806731583471,34.73528586863966],[135.3827600562894,34.73522819043663],[135.38355423394083,34.73520345909017],[135.38667904578813,34.73515001108195],[135.38666472863528,34.73563551658691]]]},"properties":{"KEY_CODE":"28202083003","PREF":"28","CITY":"202","CITY_NAME":"尼崎市","S_NAME":"稲葉荘三丁目","SETAI":"137"}},{"type":"Feature","geometry":{"type":"Polygon","coordinates":[[[135.3865268528347,34.73903802697096],[135.38013304719829,34.73906032107939],[135.3801611332894,34.7389535945843],[135.3806255264414,34.7366500307685],[135.38241586502423,34.736628992514305],[135.38662165270256,34.73686694814867],[135.38656495980123,34.73786552148817],[135.3865268528347,34.73903802697096]]]},"properties":{"KEY_CODE":"28202083004","PREF":"28","CITY":"202","CITY_NAME":"尼崎市","S_NAME":"稲葉荘四丁目","SETAI":"753"}},{"type":"Feature","geometry":{"type":"Polygon","coordinates":[[[135.38952801914115,34.73902599233751],[135.38889287801817,34.739027129623025],[135.38860112244535,34.73902838980415],[135.38764961900165,34.73903479617258],[135.3865268528347,34.73903802697096],[135.38656495980123,34.73786552148817],[135.38965134008674,34.73796993810117],[135.38954910206778,34.738208724670535],[135.38952801914115,34.73902599233751]]]},"properties":{"KEY_CODE":"28202084001","PREF":"28","CITY":"202","CITY_NAME":"尼崎市","S_NAME":"稲葉元町一丁目","SETAI":"280"}},{"type":"Feature","geometry":{"type":"Polygon","coordinates":[[[135.39005181025814,34.73715318461696],[135.38965134008674,34.73796993810117],[135.38656495980123,34.73786552148817],[135.38662165270256,34.73686694814867],[135.38666472863528,34.73563551658691],[135.38745123909942,34.73598817508637],[135.38946690882528,34.73599185325369],[135.39009256735062,34.73598473968959],[135.39077470680195,34.73601164184182],[135.39025950121595,34.73700236105128],[135.39005181025814,34.73715318461696]]]},"properties":{"KEY_CODE":"28202084002","PREF":"28","CITY":"202","CITY_NAME":"尼崎市","S_NAME":"稲葉元町二丁目","SETAI":"395"}},{"type":"Feature","geometry":{"type":"Polygon","coordinates":[[[135.39077470680195,34.73601164184182],[135.39009256735062,34.73598473968959],[135.38946690882528,34.73599185325369],[135.38745123909942,34.73598817508637],[135.38666472863528,34.73563551658691],[135.38667904578813,34.73515001108195],[135.38673763401908,34.73395788259597],[135.39010915871762,34.734056740505835],[135.39076751391542,34.734106104887964],[135.39077470680195,34.73601164184182]]]},"properties":{"KEY_CODE":"28202084003","PREF":"28","CITY":"202","CITY_NAME":"尼崎市","S_NAME":"稲葉元町三丁目","SETAI":"416"}},{"type":"Feature","geometry":{"type":"Polygon","coordinates":[[[135.39100410045057,34.70901111484702],[135.3910999522497,34.71055072195887],[135.39150095759712,34.715049395297484],[135.39050595688065,34.71485347204448],[135.38899429563958,34.71481976475966],[135.3880130787067,34.714922887560704],[135.3879428166216,34.71443372584112],[135.38753147093928,34.71173179175918],[135.3871012157598,34.70896239657944],[135.38749388997925,34.70890464088909],[135.38917811633294,34.70897054588981],[135.3902625470943,34.70900907291958],[135.39100410045057,34.70901111484702]]]},"properties":{"KEY_CODE":"28202085001","PREF":"28","CITY":"202","CITY_NAME":"尼崎市","S_NAME":"元浜町一丁目","SETAI":"664"}},{"type":"Feature","geometry":{"type":"Polygon","coordinates":[[[135.3879428166216,34.71443372584112],[135.38621909059162,34.714382655330915],[135.38469570321317,34.71431110426451],[135.38474951806873,34.71246412117133],[135.3861792101619,34.712379841868476],[135.38625235837003,34.711778729783155],[135.38753147093928,34.71173179175918],[135.3879428166216,34.71443372584112]]]},"properties":{"KEY_CODE":"28202085002","PREF":"28","CITY":"202","CITY_NAME":"尼崎市","S_NAME":"元浜町二丁目","SETAI":"517"}},{"type":"Feature","geometry":{"type":"Polygon","coordinates":[[[135.38469570321317,34.71431110426451],[135.38402990572607,34.714281622208304],[135.3814069969907,34.71486214529638],[135.3807724302327,34.71283721126361],[135.38213954347805,34.712543475353634],[135.38286407407608,34.712693321423195],[135.3847493665748,34.71245214890473],[135.38474951806873,34.71246412117133],[135.38469570321317,34.71431110426451]]]},"properties":{"KEY_CODE":"28202085003","PREF":"28","CITY":"202","CITY_NAME":"尼崎市","S_NAME":"元浜町三丁目","SETAI":"418"}},{"type":"Feature","geometry":{"type":"Polygon","coordinates":[[[135.3807724302327,34.71283721126361],[135.3803022118038,34.71130531053039],[135.37970426276885,34.70957052314287],[135.38380328193762,34.70903894683674],[135.3842696724211,34.70921932133608],[135.3847493665748,34.71245214890473],[135.38286407407608,34.712693321423195],[135.38213954347805,34.712543475353634],[135.3807724302327,34.71283721126361]]]},"properties":{"KEY_CODE":"28202085004","PREF":"28","CITY":"202","CITY_NAME":"尼崎市","S_NAME":"元浜町四丁目","SETAI":"376"}},{"type":"Feature","geometry":{"type":"Polygon","coordinates":[[[135.38753147093928,34.71173179175918],[135.38625235837003,34.711778729783155],[135.3861792101619,34.712379841868476],[135.38474951806873,34.71246412117133],[135.3847493665748,34.71245214890473],[135.3842696724211,34.70921932133608],[135.38433236652943,34.7092134286665],[135.38476809821896,34.70916770374898],[135.3871012157598,34.70896239657944],[135.38753147093928,34.71173179175918]]]},"properties":{"KEY_CODE":"28202085005","PREF":"28","CITY":"202","CITY_NAME":"尼崎市","S_NAME":"元浜町五丁目","SETAI":"199"}},{"type":"Feature","geometry":{"type":"Polygon","coordinates":[[[135.39082646259249,34.70846203248878],[135.39075646796485,34.708537433805475],[135.39071096021135,34.70856670331763],[135.3906240767318,34.70860168308764],[135.39054892779862,34.70861402335246],[135.39019513085256,34.70860355802993],[135.3895856259654,34.708577269866836],[135.3874483514135,34.70849470918541],[135.3866617145685,34.70857585899834],[135.38637018882912,34.7067226824791],[135.3863855818375,34.70505758679358],[135.38700742234136,34.70435723137688],[135.38805808148487,34.702379115928096],[135.38823524620253,34.70214785092577],[135.3882572812867,34.702023001443905],[135.38904010674986,34.7009561587157],[135.38975266563756,34.70084958024439],[135.3895001922921,34.70113291041765],[135.39173980099503,34.70235550626149],[135.39140655090577,34.70455887810697],[135.39139689167456,34.704744614667106],[135.3913584967654,34.7049838439221],[135.39136830000018,34.704983759162786],[135.39133815236497,34.70518784315451],[135.3911265338555,34.70657079766205],[135.39107713399,34.70689027037868],[135.39148983199232,34.70689937964335],[135.39148340401684,34.70694352416426],[135.39093877936384,34.70785254962365],[135.39085624552584,34.70840317758115],[135.3908360835637,34.70844744026708],[135.39082646259249,34.70846203248878]]]},"properties":{"KEY_CODE":"28202086001","PREF":"28","CITY":"202","CITY_NAME":"尼崎市","S_NAME":"大浜町一丁目","SETAI":"0"}},{"type":"Feature","geometry":{"type":"Polygon","coordinates":[[[135.38105382833385,34.70012948097362],[135.38209256993102,34.69986802441078],[135.38404386582178,34.70093913961036],[135.38713460734576,34.702013656361615],[135.38805808148487,34.702379115928096],[135.38700742234136,34.70435723137688],[135.3863855818375,34.70505758679358],[135.38637018882912,34.7067226824791],[135.3866617145685,34.70857585899834],[135.38568891318533,34.708691144665764],[135.38445702813456,34.70882062481563],[135.3843316084611,34.70882987332811],[135.38426505059502,34.70882678416646],[135.38414866187574,34.70877468121651],[135.3836676341466,34.70751037194944],[135.3836295470783,34.70743224025121],[135.38358328937545,34.70731459760222],[135.38278485618153,34.70502980047513],[135.382375550097,34.703992073695],[135.38238961536277,34.70398476965234],[135.3811847314335,34.70053600773334],[135.38105382833385,34.70012948097362]]]},"properties":{"KEY_CODE":"28202086002","PREF":"28","CITY":"202","CITY_NAME":"尼崎市","S_NAME":"大浜町二丁目","SETAI":"0"}},{"type":"Feature","geometry":{"type":"Polygon","coordinates":[[[135.40059954061994,34.71778372737458],[135.40131394038949,34.718639513755164],[135.39852829233158,34.718650116416036],[135.3982783674245,34.71860367972797],[135.39769072347147,34.71848334044393],[135.39666667021487,34.71820716845691],[135.39656794697427,34.71818422093913],[135.3965257127655,34.71780356375634],[135.39803081916978,34.71795439856377],[135.40059954061994,34.71778372737458]]]},"properties":{"KEY_CODE":"28202087001","PREF":"28","CITY":"202","CITY_NAME":"尼崎市","S_NAME":"道意町一丁目","SETAI":"205"}},{"type":"Feature","geometry":{"type":"Polygon","coordinates":[[[135.3981101881293,34.716488489862606],[135.39983009604381,34.71687080514874],[135.40033091362645,34.71721602837108],[135.40043131788622,34.71752264207035],[135.40053422726575,34.71769232000633],[135.40059954061994,34.71778372737458],[135.39803081916978,34.71795439856377],[135.3981101881293,34.716488489862606]]]},"properties":{"KEY_CODE":"28202087002","PREF":"28","CITY":"202","CITY_NAME":"尼崎市","S_NAME":"道意町二丁目","SETAI":"135"}},{"type":"Feature","geometry":{"type":"Polygon","coordinates":[[[135.39632501110023,34.71610386894211],[135.3981101881293,34.716488489862606],[135.39803081916978,34.71795439856377],[135.3965257127655,34.71780356375634],[135.39632501110023,34.71610386894211]]]},"properties":{"KEY_CODE":"28202087003","PREF":"28","CITY":"202","CITY_NAME":"尼崎市","S_NAME":"道意町三丁目","SETAI":"205"}},{"type":"Feature","geometry":{"type":"Polygon","coordinates":[[[135.3944424088437,34.715683694778306],[135.39632501110023,34.71610386894211],[135.3965257127655,34.71780356375634],[135.39656794697427,34.71818422093913],[135.39439149187407,34.71750774147591],[135.3944424088437,34.715683694778306]]]},"properties":{"KEY_CODE":"28202087004","PREF":"28","CITY":"202","CITY_NAME":"尼崎市","S_NAME":"道意町四丁目","SETAI":"270"}},{"type":"Feature","geometry":{"type":"Polygon","coordinates":[[[135.3944424088437,34.715683694778306],[135.39439149187407,34.71750774147591],[135.39127080790485,34.71688734408692],[135.39150095759712,34.715049395297484],[135.3944424088437,34.715683694778306]]]},"properties":{"KEY_CODE":"28202087005","PREF":"28","CITY":"202","CITY_NAME":"尼崎市","S_NAME":"道意町五丁目","SETAI":"252"}},{"type":"Feature","geometry":{"type":"Polygon","coordinates":[[[135.39100410045057,34.70901111484702],[135.39549856639468,34.709110775328035],[135.39550078275636,34.70912413820496],[135.39632501110023,34.71610386894211],[135.3944424088437,34.715683694778306],[135.39150095759712,34.715049395297484],[135.3910999522497,34.71055072195887],[135.39100410045057,34.70901111484702]]]},"properties":{"KEY_CODE":"28202087006","PREF":"28","CITY":"202","CITY_NAME":"尼崎市","S_NAME":"道意町六丁目","SETAI":"929"}},{"type":"Feature","geometry":{"type":"Polygon","coordinates":[[[135.39733098111554,34.709173587508964],[135.4000663740192,34.70925858966842],[135.40035629710295,34.70964721691045],[135.40076339235517,34.711335497369824],[135.40076539496278,34.7114912689106],[135.40070757848127,34.71212239664624],[135.40055007877834,34.712648048808624],[135.40026445798728,34.713623879802356],[135.4001818939188,34.71390857279263],[135.39990917223412,34.71470737233218],[135.39987292370168,34.71520520152818],[135.39983918698874,34.71597190804996],[135.39982541161723,34.71632051181689],[135.39983009604381,34.71687080514874],[135.3981101881293,34.716488489862606],[135.39632501110023,34.71610386894211],[135.39550078275636,34.70912413820496],[135.39733098111554,34.709173587508964]]]},"properties":{"KEY_CODE":"28202087007","PREF":"28","CITY":"202","CITY_NAME":"尼崎市","S_NAME":"道意町七丁目","SETAI":"1"}},{"type":"Feature","geometry":{"type":"Polygon","coordinates":[[[135.39087546529518,34.72621386531752],[135.3912813363212,34.72622837849637],[135.39315946678641,34.72629420780473],[135.39314200761717,34.72663747796218],[135.3931110322309,34.727285249417356],[135.3935705220761,34.728045246285035],[135.3916848652628,34.728871660714795],[135.39025521098745,34.729383236724416],[135.39044898218742,34.72703352771179],[135.39049690223533,34.72625432917493],[135.39087546529518,34.72621386531752]]]},"properties":{"KEY_CODE":"28202088001","PREF":"28","CITY":"202","CITY_NAME":"尼崎市","S_NAME":"大庄中通一丁目","SETAI":"538"}},{"type":"Feature","geometry":{"type":"Polygon","coordinates":[[[135.39064172433643,34.72446943898772],[135.39323874854875,34.72455806692457],[135.39315946678641,34.72629420780473],[135.3912813363212,34.72622837849637],[135.39087546529518,34.72621386531752],[135.39049952466578,34.726205571455544],[135.39063634050285,34.72451568576966],[135.39064172433643,34.72446943898772]]]},"properties":{"KEY_CODE":"28202088002","PREF":"28","CITY":"202","CITY_NAME":"尼崎市","S_NAME":"大庄中通二丁目","SETAI":"429"}},{"type":"Feature","geometry":{"type":"Polygon","coordinates":[[[135.39081594018188,34.722481604818],[135.39334758423982,34.72256475291865],[135.39323874854875,34.72455806692457],[135.39064172433643,34.72446943898772],[135.39081594018188,34.722481604818]]]},"properties":{"KEY_CODE":"28202088003","PREF":"28","CITY":"202","CITY_NAME":"尼崎市","S_NAME":"大庄中通三丁目","SETAI":"374"}},{"type":"Feature","geometry":{"type":"Polygon","coordinates":[[[135.39341289296374,34.721064239225875],[135.39334758423982,34.72256475291865],[135.39081594018188,34.722481604818],[135.3909313262548,34.72112587103422],[135.3923365994903,34.72109483414298],[135.39341289296374,34.721064239225875]]]},"properties":{"KEY_CODE":"28202088004","PREF":"28","CITY":"202","CITY_NAME":"尼崎市","S_NAME":"大庄中通四丁目","SETAI":"83"}},{"type":"Feature","geometry":{"type":"Polygon","coordinates":[[[135.39112453515173,34.71875555592028],[135.39207161549948,34.719029080437814],[135.3923365994903,34.72109483414298],[135.3909313262548,34.72112587103422],[135.39112453515173,34.71875555592028]]]},"properties":{"KEY_CODE":"28202088005","PREF":"28","CITY":"202","CITY_NAME":"尼崎市","S_NAME":"大庄中通五丁目","SETAI":"180"}},{"type":"Feature","geometry":{"type":"Polygon","coordinates":[[[135.39150095759712,34.715049395297484],[135.39127080790485,34.71688734408692],[135.39059449946112,34.716817691679815],[135.38992773269416,34.71675358747105],[135.38828951431128,34.7166625015312],[135.3880130787067,34.714922887560704],[135.38899429563958,34.71481976475966],[135.39050595688065,34.71485347204448],[135.39150095759712,34.715049395297484]]]},"properties":{"KEY_CODE":"28202089001","PREF":"28","CITY":"202","CITY_NAME":"尼崎市","S_NAME":"武庫川町一丁目","SETAI":"173"}},{"type":"Feature","geometry":{"type":"Polygon","coordinates":[[[135.3879428166216,34.71443372584112],[135.3880130787067,34.714922887560704],[135.38828951431128,34.7166625015312],[135.38791818175585,34.71669204999997],[135.38620290398097,34.71715673178534],[135.38621909059162,34.714382655330915],[135.3879428166216,34.71443372584112]]]},"properties":{"KEY_CODE":"28202089002","PREF":"28","CITY":"202","CITY_NAME":"尼崎市","S_NAME":"武庫川町二丁目","SETAI":"322"}},{"type":"Feature","geometry":{"type":"Polygon","coordinates":[[[135.38469570321317,34.71431110426451],[135.38621909059162,34.714382655330915],[135.38620290398097,34.71715673178534],[135.3849779103672,34.71765210648246],[135.3845973880173,34.71584970857111],[135.38469570321317,34.71431110426451]]]},"properties":{"KEY_CODE":"28202089003","PREF":"28","CITY":"202","CITY_NAME":"尼崎市","S_NAME":"武庫川町三丁目","SETAI":"347"}},{"type":"Feature","geometry":{"type":"Polygon","coordinates":[[[135.38469570321317,34.71431110426451],[135.3845973880173,34.71584970857111],[135.3849779103672,34.71765210648246],[135.3828609050404,34.718438006989985],[135.38275626344313,34.71820958769435],[135.38143812206727,34.71495551592592],[135.3814069969907,34.71486214529638],[135.38402990572607,34.714281622208304],[135.38469570321317,34.71431110426451]]]},"properties":{"KEY_CODE":"28202089004","PREF":"28","CITY":"202","CITY_NAME":"尼崎市","S_NAME":"武庫川町四丁目","SETAI":"398"}},{"type":"Feature","geometry":{"type":"Polygon","coordinates":[[[135.39735677996615,34.724683114297136],[135.4013015811919,34.724832100895085],[135.39756275582562,34.72636055062127],[135.39735677996615,34.724683114297136]]]},"properties":{"KEY_CODE":"28202090001","PREF":"28","CITY":"202","CITY_NAME":"尼崎市","S_NAME":"崇徳院一丁目","SETAI":"173"}},{"type":"Feature","geometry":{"type":"Polygon","coordinates":[[[135.3971126162576,34.722700360070654],[135.4003048280381,34.72281510635786],[135.40030119201862,34.72313656229901],[135.4018404133965,34.72318728901153],[135.4017162833209,34.72360347072265],[135.40165541527756,34.724024025766134],[135.40182543919803,34.724663129454925],[135.40162945701024,34.72472527509334],[135.4013015811919,34.724832100895085],[135.39735677996615,34.724683114297136],[135.39735081272212,34.724682978834984],[135.3971126162576,34.722700360070654]]]},"properties":{"KEY_CODE":"28202090002","PREF":"28","CITY":"202","CITY_NAME":"尼崎市","S_NAME":"崇徳院二丁目","SETAI":"602"}},{"type":"Feature","geometry":{"type":"Polygon","coordinates":[[[135.40184393175022,34.72143083068359],[135.40198055999372,34.72257729513035],[135.40189332020765,34.72302977429097],[135.4018404133965,34.72318728901153],[135.40030119201862,34.72313656229901],[135.4003048280381,34.72281510635786],[135.3971126162576,34.722700360070654],[135.3969193392223,34.721114217011774],[135.39880848645095,34.72104516744122],[135.3990507428443,34.721133472884596],[135.39972297232745,34.72147464443231],[135.40184393175022,34.72143083068359]]]},"properties":{"KEY_CODE":"28202090003","PREF":"28","CITY":"202","CITY_NAME":"尼崎市","S_NAME":"崇徳院三丁目","SETAI":"573"}},{"type":"Feature","geometry":{"type":"Polygon","coordinates":[[[135.39585527476112,34.731716120601185],[135.3986276866334,34.73156190762416],[135.3994931968202,34.73194801162008],[135.39804656088745,34.732611688600024],[135.39644700152644,34.732939896404154],[135.39602237784754,34.73303599669076],[135.39596066097747,34.733012871433495],[135.39585527476112,34.731716120601185]]]},"properties":{"KEY_CODE":"28202091001","PREF":"28","CITY":"202","CITY_NAME":"尼崎市","S_NAME":"浜田町一丁目","SETAI":"176"}},{"type":"Feature","geometry":{"type":"Polygon","coordinates":[[[135.3994931968202,34.73194801162008],[135.3986276866334,34.73156190762416],[135.39585527476112,34.731716120601185],[135.39573148701962,34.730147403709466],[135.40072380219888,34.729895162112626],[135.40012556713253,34.731303850940044],[135.3994931968202,34.73194801162008]]]},"properties":{"KEY_CODE":"28202091002","PREF":"28","CITY":"202","CITY_NAME":"尼崎市","S_NAME":"浜田町二丁目","SETAI":"396"}},{"type":"Feature","geometry":{"type":"Polygon","coordinates":[[[135.40072380219888,34.729895162112626],[135.39573148701962,34.730147403709466],[135.39575700844821,34.728086797200966],[135.3997450471756,34.72822746277625],[135.40077998265085,34.72811247330949],[135.40072380219888,34.729895162112626]]]},"properties":{"KEY_CODE":"28202091003","PREF":"28","CITY":"202","CITY_NAME":"尼崎市","S_NAME":"浜田町三丁目","SETAI":"484"}},{"type":"Feature","geometry":{"type":"Polygon","coordinates":[[[135.40077998265085,34.72811247330949],[135.3997450471756,34.72822746277625],[135.39575700844821,34.728086797200966],[135.39576633203205,34.72714807610141],[135.39756275582562,34.72636055062127],[135.39759383709648,34.72678269314464],[135.4005188481976,34.726881602485946],[135.4008791884399,34.72651884797609],[135.4019257661596,34.7269329273435],[135.40196651598555,34.727276108162826],[135.40077998265085,34.72811247330949]]]},"properties":{"KEY_CODE":"28202091004","PREF":"28","CITY":"202","CITY_NAME":"尼崎市","S_NAME":"浜田町四丁目","SETAI":"414"}},{"type":"Feature","geometry":{"type":"Polygon","coordinates":[[[135.40162945701024,34.72472527509334],[135.4019257661596,34.7269329273435],[135.4008791884399,34.72651884797609],[135.4005188481976,34.726881602485946],[135.39759383709648,34.72678269314464],[135.39756275582562,34.72636055062127],[135.4013015811919,34.724832100895085],[135.40162945701024,34.72472527509334]]]},"properties":{"KEY_CODE":"28202091005","PREF":"28","CITY":"202","CITY_NAME":"尼崎市","S_NAME":"浜田町五丁目","SETAI":"364"}},{"type":"Feature","geometry":{"type":"Polygon","coordinates":[[[135.39921204619404,34.70530709911588],[135.3993177065504,34.70614442258496],[135.39940056299815,34.70656021691103],[135.39951121136858,34.70744003568561],[135.40010664152942,34.70858240243994],[135.40005185486888,34.70873881037097],[135.40001735330148,34.70877517153493],[135.3999110156289,34.70882202112809],[135.39954023830688,34.708850615420594],[135.39881454177026,34.70886765856801],[135.39753123314617,34.70881490566744],[135.39618140830052,34.70876988279764],[135.39556869548102,34.70874632843753],[135.39552898748576,34.70870878226598],[135.39542370985416,34.70909917061876],[135.3945748872529,34.70871171130406],[135.39443077136457,34.70870577771129],[135.39417525281107,34.70869799238869],[135.39222235236795,34.70861574812477],[135.39142510304333,34.70849911374431],[135.39136712597605,34.70840678846261],[135.39135587436417,34.70829335383189],[135.3914757075016,34.70699556722073],[135.39148340401684,34.70694352416426],[135.39148983199232,34.70689937964335],[135.39159363270056,34.70664606219952],[135.39183123201582,34.70490679011646],[135.3918391545961,34.70483910917356],[135.3918449725831,34.70478722266473],[135.3921472908068,34.70480799045697],[135.39395998094955,34.704963295187945],[135.39921204619404,34.70530709911588]]]},"properties":{"KEY_CODE":"282020920","PREF":"28","CITY":"202","CITY_NAME":"尼崎市","S_NAME":"中浜町","SETAI":"0"}},{"type":"Feature","geometry":{"type":"Polygon","coordinates":[[[135.40175777872074,34.72074662224218],[135.40184393175022,34.72143083068359],[135.39972297232745,34.72147464443231],[135.3990507428443,34.721133472884596],[135.39880848645095,34.72104516744122],[135.3969193392223,34.721114217011774],[135.39656794697427,34.71818422093913],[135.39666667021487,34.71820716845691],[135.39769072347147,34.71848334044393],[135.3982783674245,34.71860367972797],[135.39852829233158,34.718650116416036],[135.40131394038949,34.718639513755164],[135.40146185883452,34.71902599750136],[135.40153149784052,34.719314285663614],[135.40159840569424,34.7197876846955],[135.40175777872074,34.72074662224218]]]},"properties":{"KEY_CODE":"282020930","PREF":"28","CITY":"202","CITY_NAME":"尼崎市","S_NAME":"蓬川町","SETAI":"1104"}},{"type":"Feature","geometry":{"type":"Polygon","coordinates":[[[135.39334758423982,34.72256475291865],[135.3971126162576,34.722700360070654],[135.39735081272212,34.724682978834984],[135.39323874854875,34.72455806692457],[135.39334758423982,34.72256475291865]]]},"properties":{"KEY_CODE":"282020940","PREF":"28","CITY":"202","CITY_NAME":"尼崎市","S_NAME":"菜切山町","SETAI":"127"}},{"type":"Feature","geometry":{"type":"Polygon","coordinates":[[[135.3918449725831,34.70478722266473],[135.39187211882256,34.7046017585597],[135.3922647108314,34.70234547229639],[135.39326885393143,34.702087041895346],[135.393473445832,34.70203484269586],[135.394837892396,34.701784969890404],[135.3962788213678,34.7013686284887],[135.39656817290418,34.70112370145512],[135.39725372802317,34.70129973115523],[135.3981823912565,34.70273232358235],[135.3990655995486,34.704188554531534],[135.39921204619404,34.70530709911588],[135.39395998094955,34.704963295187945],[135.3921472908068,34.70480799045697],[135.3918449725831,34.70478722266473]]]},"properties":{"KEY_CODE":"282020950","PREF":"28","CITY":"202","CITY_NAME":"尼崎市","S_NAME":"鶴町","SETAI":"0"}},{"type":"Feature","geometry":{"type":"Polygon","coordinates":[[[135.38936257183863,34.70065095563707],[135.38904010674986,34.7009561587157],[135.3882572812867,34.702023001443905],[135.38823524620253,34.70214785092577],[135.38713460734576,34.702013656361615],[135.38404386582178,34.70093913961036],[135.38209256993096,34.69986802441076],[135.38105382833385,34.70012948097362],[135.38025402466562,34.697791707663576],[135.37985357408525,34.69667275380354],[135.379719729021,34.696356537487056],[135.37971929826145,34.69632231262773],[135.37970163668177,34.69630795476817],[135.37972228952063,34.69630242522073],[135.37950862446553,34.69571460728774],[135.3797754874254,34.69554287426926],[135.37986489367765,34.69540435029568],[135.37989706120695,34.69522321102382],[135.38008787100168,34.69475435805689],[135.37911686408557,34.692494933899425],[135.3788729898856,34.6917488126706],[135.38037284450255,34.69134682889729],[135.3811459494267,34.69131415937584],[135.38165844733342,34.69110962234241],[135.3830343836937,34.693500229752196],[135.38340500218445,34.693726928197385],[135.38356446730748,34.69391036190965],[135.3838076665404,34.694322951222574],[135.38469701570634,34.69543583820409],[135.38503963295,34.69586786650007],[135.38511621877146,34.696219354061284],[135.3865715404063,34.69565059851798],[135.3875356909793,34.69764163897993],[135.38786219787576,34.69784363538355],[135.38930314516514,34.700262560979326],[135.38936257183863,34.70065095563707]]]},"properties":{"KEY_CODE":"282020960","PREF":"28","CITY":"202","CITY_NAME":"尼崎市","S_NAME":"扇町","SETAI":"0"}},{"type":"Feature","geometry":{"type":"Polygon","coordinates":[[[135.3783594220415,34.69601711655805],[135.37868312590453,34.69631030610879],[135.37956214013576,34.697541533428144],[135.37971362812766,34.69795859571826],[135.38034432398996,34.69976156815972],[135.38037124783665,34.699820922236654],[135.38056168095596,34.70037723903647],[135.38061388203192,34.70054089418145],[135.38203250603715,34.7045756449039],[135.38240197917602,34.70548468665726],[135.38357081343688,34.70877035345992],[135.38370952862758,34.70894932141771],[135.38380328193762,34.70903894683674],[135.37970426276885,34.70957052314287],[135.37915876590472,34.708071082549715],[135.37629797834492,34.70221231372254],[135.37589565097937,34.70139649015442],[135.37841061076278,34.700774683533005],[135.3783948129164,34.698866715156434],[135.37738638592367,34.696299664592516],[135.3783594220415,34.69601711655805]]]},"properties":{"KEY_CODE":"282020970","PREF":"28","CITY":"202","CITY_NAME":"尼崎市","S_NAME":"丸島町","SETAI":"64"}},{"type":"Feature","geometry":{"type":"Polygon","coordinates":[[[135.3971126162576,34.722700360070654],[135.39334758423982,34.72256475291865],[135.39341289296374,34.721064239225875],[135.3969193392223,34.721114217011774],[135.3971126162576,34.722700360070654]]]},"properties":{"KEY_CODE":"282020980","PREF":"28","CITY":"202","CITY_NAME":"尼崎市","S_NAME":"琴浦町","SETAI":"244"}},{"type":"Feature","geometry":{"type":"Polygon","coordinates":[[[135.3783594220415,34.69601711655805],[135.37738638592367,34.696299664592516],[135.37839481291638,34.69886671515642],[135.37841061076278,34.70077468353298],[135.37589565097943,34.701396490154394],[135.37531104439765,34.69995678613063],[135.37498047616597,34.69914259676712],[135.37418184305147,34.69717561637025],[135.37405426872763,34.696861589296695],[135.3756299700941,34.69769154164623],[135.3744749707184,34.694938900257426],[135.3744504390904,34.69489319001467],[135.37279187993315,34.69083363517302],[135.3724013066575,34.68988143408496],[135.37097210513403,34.68739133128536],[135.37076714282253,34.687057720523086],[135.3701468876188,34.68598044912508],[135.3685486037185,34.68321764555368],[135.36879255621906,34.68300823617027],[135.3692298518336,34.68263308865466],[135.3692579361811,34.682608481720095],[135.3700731755111,34.681912776378745],[135.37009584069057,34.68189103307455],[135.37129739251608,34.680850466007875],[135.3727335668051,34.68216332915421],[135.3732058332064,34.68257481590477],[135.37360087041037,34.68292568981911],[135.37398047826508,34.6832631731888],[135.37419903280093,34.68345695134974],[135.3767702916581,34.685731020347674],[135.3754064987671,34.68706326075702],[135.37535010447908,34.68727107224497],[135.3760227720431,34.68895187878392],[135.37711805476505,34.691523487375555],[135.37713159193717,34.69155576709936],[135.37747321638014,34.69242810237557],[135.37846575395383,34.69471480979801],[135.37848881231957,34.69507703447467],[135.37841689042222,34.69516864309629],[135.37816593562735,34.69560886030357],[135.3783594220415,34.69601711655805]]]},"properties":{"KEY_CODE":"282020990","PREF":"28","CITY":"202","CITY_NAME":"尼崎市","S_NAME":"平左衛門町","SETAI":"0"}},{"type":"Feature","geometry":{"type":"Polygon","coordinates":[[[135.3969193392223,34.721114217011774],[135.39341289296374,34.721064239225875],[135.3923365994903,34.72109483414298],[135.39207161549948,34.719029080437814],[135.39112453515173,34.71875555592028],[135.39120491449768,34.71770729157938],[135.39127080790485,34.71688734408692],[135.39439149187407,34.71750774147591],[135.39656794697427,34.71818422093913],[135.3969193392223,34.721114217011774]]]},"properties":{"KEY_CODE":"282021000","PREF":"28","CITY":"202","CITY_NAME":"尼崎市","S_NAME":"水明町","SETAI":"111"}},{"type":"Feature","geometry":{"type":"Polygon","coordinates":[[[135.39323874854875,34.72455806692457],[135.39735081272212,34.724682978834984],[135.39735677996615,34.724683114297136],[135.39756275582562,34.72636055062127],[135.39576633203205,34.72714807610141],[135.3935705220761,34.728045246285035],[135.3931110322309,34.727285249417356],[135.39314200761717,34.72663747796218],[135.39315946678641,34.72629420780473],[135.39323874854875,34.72455806692457]]]},"properties":{"KEY_CODE":"282021010","PREF":"28","CITY":"202","CITY_NAME":"尼崎市","S_NAME":"大庄川田町","SETAI":"409"}},{"type":"Feature","geometry":{"type":"Polygon","coordinates":[[[135.39600299976956,34.73525613296058],[135.39600371675547,34.73581249105132],[135.39488687486542,34.736562965284406],[135.39266371509322,34.736385117748064],[135.39312827524316,34.735726677302374],[135.3932524689418,34.735049647188475],[135.39600299976956,34.73525613296058]]]},"properties":{"KEY_CODE":"28202102102","PREF":"28","CITY":"202","CITY_NAME":"尼崎市","S_NAME":"西立花町二丁目","SETAI":"222"}},{"type":"Feature","geometry":{"type":"Polygon","coordinates":[[[135.39527610035233,34.734176639219584],[135.39579377265764,34.73417156538266],[135.39631683985746,34.73516156104276],[135.39600299976956,34.73525613296058],[135.3932524689418,34.735049647188475],[135.39350318831458,34.73365908435623],[135.39367314956363,34.73357408088173],[135.3942860488809,34.733440070090566],[135.3948247520208,34.733329682211135],[135.39493800159775,34.73418127408215],[135.39527610035233,34.734176639219584]]]},"properties":{"KEY_CODE":"28202102103","PREF":"28","CITY":"202","CITY_NAME":"尼崎市","S_NAME":"西立花町三丁目","SETAI":"314"}},{"type":"Feature","geometry":{"type":"Polygon","coordinates":[[[135.39350318831458,34.73365908435623],[135.3932524689418,34.735049647188475],[135.39312827524316,34.735726677302374],[135.39266371509322,34.736385117748064],[135.39253735116242,34.73717301553277],[135.39031549658603,34.73701131248665],[135.39025950121595,34.73700236105128],[135.39077470680195,34.73601164184182],[135.39076751391542,34.734106104887964],[135.39186738538805,34.73419924213763],[135.39190348939914,34.7337990472846],[135.39350318831458,34.73365908435623]]]},"properties":{"KEY_CODE":"28202102104","PREF":"28","CITY":"202","CITY_NAME":"尼崎市","S_NAME":"西立花町四丁目","SETAI":"494"}},{"type":"Feature","geometry":{"type":"Polygon","coordinates":[[[135.39005181025814,34.73715318461696],[135.39031549658603,34.73701131248665],[135.39253735116242,34.73717301553277],[135.39253749543727,34.73767923734662],[135.39277368419647,34.738465251440324],[135.3927792103085,34.73897874946577],[135.39045346722,34.739023740688346],[135.38952801914115,34.73902599233751],[135.38954910206778,34.738208724670535],[135.38965134008674,34.73796993810117],[135.39005181025814,34.73715318461696]]]},"properties":{"KEY_CODE":"28202102105","PREF":"28","CITY":"202","CITY_NAME":"尼崎市","S_NAME":"西立花町五丁目","SETAI":"139"}},{"type":"Feature","geometry":{"type":"Polygon","coordinates":[[[135.3927792103085,34.73897874946577],[135.39277368419647,34.738465251440324],[135.39253749543727,34.73767923734662],[135.39253735116242,34.73717301553277],[135.39518056383736,34.737287483314525],[135.39784405388392,34.737207053519064],[135.39840501885152,34.73739032396395],[135.39846727502166,34.737880928321886],[135.39848003523397,34.738064486980335],[135.39669582332303,34.738384040337316],[135.39427628098926,34.738825152924974],[135.3927792103085,34.73897874946577]]]},"properties":{"KEY_CODE":"28202102201","PREF":"28","CITY":"202","CITY_NAME":"尼崎市","S_NAME":"西立花町一丁目","SETAI":"648"}},{"type":"Feature","geometry":{"type":"Polygon","coordinates":[[[135.39840501885152,34.73739032396395],[135.39784405388392,34.737207053519064],[135.39518056383736,34.737287483314525],[135.39253735116242,34.73717301553277],[135.39266371509322,34.736385117748064],[135.39488687486542,34.736562965284406],[135.39600371675547,34.73581249105132],[135.39600299976956,34.73525613296058],[135.39631683985746,34.73516156104276],[135.3982522538193,34.73532255059281],[135.39840501885152,34.73739032396395]]]},"properties":{"KEY_CODE":"28202102202","PREF":"28","CITY":"202","CITY_NAME":"尼崎市","S_NAME":"西立花町二丁目","SETAI":"920"}},{"type":"Feature","geometry":{"type":"Polygon","coordinates":[[[135.3982522538193,34.73532255059281],[135.39631683985746,34.73516156104276],[135.39579377265764,34.73417156538266],[135.39527610035233,34.734176639219584],[135.39493800159775,34.73418127408215],[135.3948247520208,34.733329682211135],[135.39524400591088,34.73324039344256],[135.39596066097747,34.733012871433495],[135.39602237784754,34.73303599669076],[135.39644700152644,34.732939896404154],[135.39804656088745,34.732611688600024],[135.39815233584167,34.733976038563284],[135.3982522538193,34.73532255059281]]]},"properties":{"KEY_CODE":"28202102203","PREF":"28","CITY":"202","CITY_NAME":"尼崎市","S_NAME":"西立花町三丁目","SETAI":"653"}},{"type":"Feature","geometry":{"type":"Polygon","coordinates":[[[135.38791818175585,34.71669204999997],[135.38851717950726,34.7203914627705],[135.38852943064865,34.72119521738809],[135.38414860423762,34.72134662537981],[135.3828609050404,34.718438006989985],[135.3849779103672,34.71765210648246],[135.38620290398097,34.71715673178534],[135.38791818175585,34.71669204999997]]]},"properties":{"KEY_CODE":"28202103001","PREF":"28","CITY":"202","CITY_NAME":"尼崎市","S_NAME":"大庄西町一丁目","SETAI":"976"}},{"type":"Feature","geometry":{"type":"Polygon","coordinates":[[[135.3880318670296,34.725090070366335],[135.38760967467877,34.72491173040931],[135.38507601563037,34.72479581662122],[135.3849759311737,34.725083320201605],[135.38329591117397,34.724668742799025],[135.38403986250495,34.72324968685592],[135.38414860423762,34.72134662537981],[135.38852943064865,34.72119521738809],[135.38812457354513,34.72450443938596],[135.3880318670296,34.725090070366335]]]},"properties":{"KEY_CODE":"28202103002","PREF":"28","CITY":"202","CITY_NAME":"尼崎市","S_NAME":"大庄西町二丁目","SETAI":"784"}},{"type":"Feature","geometry":{"type":"Polygon","coordinates":[[[135.39063634050285,34.72451568576966],[135.38812457354513,34.72450443938596],[135.38852943064865,34.72119521738809],[135.3909313262548,34.72112587103422],[135.39081594018188,34.722481604818],[135.39064172433643,34.72446943898772],[135.39063634050285,34.72451568576966]]]},"properties":{"KEY_CODE":"28202103003","PREF":"28","CITY":"202","CITY_NAME":"尼崎市","S_NAME":"大庄西町三丁目","SETAI":"551"}},{"type":"Feature","geometry":{"type":"Polygon","coordinates":[[[135.38828951431128,34.7166625015312],[135.38992773269416,34.71675358747105],[135.39059449946112,34.716817691679815],[135.39127080790485,34.71688734408692],[135.39120491449768,34.71770729157938],[135.39112453515173,34.71875555592028],[135.3909313262548,34.72112587103422],[135.38852943064865,34.72119521738809],[135.38851717950726,34.7203914627705],[135.38791818175585,34.71669204999997],[135.38828951431128,34.7166625015312]]]},"properties":{"KEY_CODE":"28202103004","PREF":"28","CITY":"202","CITY_NAME":"尼崎市","S_NAME":"大庄西町四丁目","SETAI":"822"}},{"type":"Feature","geometry":{"type":"Polygon","coordinates":[[[135.39585527476112,34.731716120601185],[135.39596066097747,34.733012871433495],[135.39524400591088,34.73324039344256],[135.3948247520208,34.733329682211135],[135.3942860488809,34.733440070090566],[135.39367314956363,34.73357408088173],[135.39350318831458,34.73365908435623],[135.39190348939914,34.7337990472846],[135.3919202052801,34.73327648001078],[135.3919370255166,34.73258798620269],[135.39191822567628,34.731052150779014],[135.39444209681795,34.731087969003084],[135.39447932122604,34.73009520111595],[135.39573148701962,34.730147403709466],[135.39585527476112,34.731716120601185]]]},"properties":{"KEY_CODE":"28202104001","PREF":"28","CITY":"202","CITY_NAME":"尼崎市","S_NAME":"大庄北一丁目","SETAI":"465"}},{"type":"Feature","geometry":{"type":"Polygon","coordinates":[[[135.39191822567628,34.731052150779014],[135.3919370255166,34.73258798620269],[135.3919202052801,34.73327648001078],[135.39190348939914,34.7337990472846],[135.39186738538805,34.73419924213763],[135.39076751391542,34.734106104887964],[135.39010915871762,34.734056740505835],[135.39010734260899,34.73109067158626],[135.39191822567628,34.731052150779014]]]},"properties":{"KEY_CODE":"28202104002","PREF":"28","CITY":"202","CITY_NAME":"尼崎市","S_NAME":"大庄北二丁目","SETAI":"255"}},{"type":"Feature","geometry":{"type":"Polygon","coordinates":[[[135.39010915871762,34.734056740505835],[135.38673763401908,34.73395788259597],[135.38681737636082,34.73303474272278],[135.38699578258272,34.731298386640525],[135.38702060371764,34.7310327234973],[135.3879067976836,34.731163805391766],[135.38805517762202,34.73115970530674],[135.38816345965657,34.731135105512315],[135.3884081296107,34.73112284784536],[135.3885080030704,34.731094376601874],[135.38866190857135,34.731068677424155],[135.39010734260899,34.73109067158626],[135.39010915871762,34.734056740505835]]]},"properties":{"KEY_CODE":"28202104003","PREF":"28","CITY":"202","CITY_NAME":"尼崎市","S_NAME":"大庄北三丁目","SETAI":"558"}},{"type":"Feature","geometry":{"type":"Polygon","coordinates":[[[135.38816345965657,34.731135105512315],[135.38805517762202,34.73115970530674],[135.3879067976836,34.731163805391766],[135.38702060371764,34.7310327234973],[135.38710010322188,34.730144518058225],[135.38720365044315,34.73013010159805],[135.39025521098745,34.729383236724416],[135.3916848652628,34.728871660714795],[135.39191822567628,34.731052150779014],[135.39010734260899,34.73109067158626],[135.38866190857135,34.731068677424155],[135.3885080030704,34.731094376601874],[135.3884081296107,34.73112284784536],[135.38816345965657,34.731135105512315]]]},"properties":{"KEY_CODE":"28202104004","PREF":"28","CITY":"202","CITY_NAME":"尼崎市","S_NAME":"大庄北四丁目","SETAI":"550"}},{"type":"Feature","geometry":{"type":"Polygon","coordinates":[[[135.39573148701962,34.730147403709466],[135.39447932122604,34.73009520111595],[135.39444209681795,34.731087969003084],[135.39191822567628,34.731052150779014],[135.3916848652628,34.728871660714795],[135.3935705220761,34.728045246285035],[135.39576633203205,34.72714807610141],[135.39575700844821,34.728086797200966],[135.39573148701962,34.730147403709466]]]},"properties":{"KEY_CODE":"28202104005","PREF":"28","CITY":"202","CITY_NAME":"尼崎市","S_NAME":"大庄北五丁目","SETAI":"520"}},{"type":"Feature","geometry":{"type":"Polygon","coordinates":[[[135.38351208345568,34.72801729217554],[135.3875695225169,34.728200906458746],[135.3873992062004,34.72908426324114],[135.3872898513102,34.72965622880649],[135.38720365044315,34.73013010159805],[135.38710010322188,34.730144518058225],[135.38679779254053,34.73019896329228],[135.38586611789503,34.730422793739216],[135.37964668895358,34.73189248200062],[135.37964029469805,34.73185887260112],[135.3795321278523,34.7311751059447],[135.3795301864966,34.73109553964294],[135.37955580783947,34.73047499515884],[135.37981123022212,34.729284692514966],[135.38047876015716,34.728028167688386],[135.38119547813568,34.72718306799079],[135.38244422564816,34.727933519566804],[135.38320233227967,34.72796882930974],[135.38351208345568,34.72801729217554]]]},"properties":{"KEY_CODE":"28202105001","PREF":"28","CITY":"202","CITY_NAME":"尼崎市","S_NAME":"大島一丁目","SETAI":"808"}},{"type":"Feature","geometry":{"type":"Polygon","coordinates":[[[135.3875695225169,34.728200906458746],[135.38351208345568,34.72801729217554],[135.38320233227967,34.72796882930974],[135.38244422564816,34.727933519566804],[135.38119547813568,34.72718306799079],[135.38128676982973,34.72710988368656],[135.381875595611,34.72660210471146],[135.38329591117397,34.724668742799025],[135.3849759311737,34.725083320201605],[135.38507601563037,34.72479581662122],[135.38760967467877,34.72491173040931],[135.3880318670296,34.725090070366335],[135.3875695225169,34.728200906458746]]]},"properties":{"KEY_CODE":"28202105002","PREF":"28","CITY":"202","CITY_NAME":"尼崎市","S_NAME":"大島二丁目","SETAI":"668"}},{"type":"Feature","geometry":{"type":"Polygon","coordinates":[[[135.38812457354513,34.72450443938596],[135.39063634050285,34.72451568576966],[135.39049952466578,34.726205571455544],[135.39049690223533,34.72625432917493],[135.39044898218742,34.72703352771179],[135.39025521098745,34.729383236724416],[135.38720365044315,34.73013010159805],[135.3872898513102,34.72965622880649],[135.3873992062004,34.72908426324114],[135.3875695225169,34.728200906458746],[135.3880318670296,34.725090070366335],[135.38812457354513,34.72450443938596]]]},"properties":{"KEY_CODE":"28202105003","PREF":"28","CITY":"202","CITY_NAME":"尼崎市","S_NAME":"大島三丁目","SETAI":"601"}},{"type":"Feature","geometry":{"type":"Polygon","coordinates":[[[135.39308509194112,34.696071914789734],[135.3937921614762,34.69699545185615],[135.39334502362468,34.69730413840177],[135.39366358062085,34.69811807113812],[135.39330711362064,34.698670078232716],[135.39329980339346,34.69869183298389],[135.39274240514345,34.699489120857805],[135.39264269495897,34.699634221487216],[135.39262662260327,34.69965774231069],[135.39253343949179,34.699792926934755],[135.39233408119958,34.700081296175206],[135.39208874686346,34.700442181183625],[135.39215937692566,34.701193467180005],[135.39230643996387,34.701250791692054],[135.39266544212055,34.7012440226697],[135.3935647641193,34.700470819551626],[135.3947179243991,34.698803080056585],[135.39623775404968,34.700611738376296],[135.39364774332526,34.701346513570854],[135.39268819135725,34.70158343261275],[135.3922850264584,34.70158452697726],[135.3919304942945,34.70150744565693],[135.3904248356741,34.70073897989137],[135.3900651696173,34.700646583133846],[135.3899647686796,34.70069083387053],[135.38975266563756,34.70084958024439],[135.38936257183863,34.70065095563707],[135.38930314516514,34.700262560979326],[135.38786219787576,34.69784363538355],[135.3875356909793,34.69764163897993],[135.38882643050843,34.69714512485767],[135.39119054047794,34.69723952304957],[135.39308509194112,34.696071914789734]]]},"properties":{"KEY_CODE":"28202106001","PREF":"28","CITY":"202","CITY_NAME":"尼崎市","S_NAME":"末広町一丁目","SETAI":"0"}},{"type":"Feature","geometry":{"type":"Polygon","coordinates":[[[135.39308509194112,34.696071914789734],[135.39119054047794,34.69723952304957],[135.38882643050843,34.69714512485767],[135.3875356909793,34.69764163897993],[135.3865715404063,34.69565059851798],[135.38623366799666,34.6950819013495],[135.38617065281738,34.69482622488545],[135.38606795304466,34.69447342368125],[135.3851870486904,34.692782573799725],[135.38578605217504,34.69257516122571],[135.38829834264197,34.691792792225414],[135.38870786618386,34.6916855948744],[135.38884728828566,34.69170692992683],[135.38919917513056,34.69185475138328],[135.38975979676232,34.69201626535126],[135.391782624713,34.69466714477697],[135.39202738106337,34.694690383136496],[135.39308509194112,34.696071914789734]]]},"properties":{"KEY_CODE":"28202106002","PREF":"28","CITY":"202","CITY_NAME":"尼崎市","S_NAME":"末広町二丁目","SETAI":"0"}},{"type":"Feature","geometry":{"type":"Polygon","coordinates":[[[135.4118317448051,34.7527451767214],[135.41321762837381,34.75280298682921],[135.41500920956068,34.752877944440804],[135.41583411242024,34.752908774128336],[135.4157104722604,34.755122338930214],[135.4157412276459,34.756559433904734],[135.41179359708863,34.75652212525613],[135.41180049836834,34.755811757101156],[135.41181669234035,34.75484496000865],[135.41182858694822,34.752745063328845],[135.4118317448051,34.7527451767214]]]},"properties":{"KEY_CODE":"28202108001","PREF":"28","CITY":"202","CITY_NAME":"尼崎市","S_NAME":"塚口町一丁目","SETAI":"1451"}},{"type":"Feature","geometry":{"type":"Polygon","coordinates":[[[135.41179359708863,34.75652212525613],[135.4157412276459,34.756559433904734],[135.4157327007097,34.756717120365074],[135.4156827147375,34.75675770755128],[135.41492342658145,34.75751561717695],[135.4146427724198,34.757934606455315],[135.41459748996184,34.75800233485388],[135.41451840475008,34.758187128793345],[135.41438146912816,34.75835905658358],[135.4142631461225,34.75855124190768],[135.41413730589102,34.75880870737342],[135.4140752598454,34.75888672699282],[135.41392980031824,34.75905943391464],[135.413832498995,34.75914283750663],[135.41248952557504,34.75979014362327],[135.4118122237889,34.75975531076306],[135.41179359708863,34.75652212525613]]]},"properties":{"KEY_CODE":"28202108002","PREF":"28","CITY":"202","CITY_NAME":"尼崎市","S_NAME":"塚口町二丁目","SETAI":"707"}},{"type":"Feature","geometry":{"type":"Polygon","coordinates":[[[135.41179359708863,34.75652212525613],[135.41116957543207,34.756507940997345],[135.40987581350385,34.75650757437755],[135.40923468928727,34.75654325011231],[135.40924982922073,34.75579604636944],[135.40813833357092,34.755782213495095],[135.40790665915898,34.75256526858588],[135.41182858694822,34.752745063328845],[135.41181669234035,34.75484496000865],[135.41180049836834,34.755811757101156],[135.41179359708863,34.75652212525613]]]},"properties":{"KEY_CODE":"28202108003","PREF":"28","CITY":"202","CITY_NAME":"尼崎市","S_NAME":"塚口町三丁目","SETAI":"875"}},{"type":"Feature","geometry":{"type":"Polygon","coordinates":[[[135.40951750593086,34.76036863298394],[135.4074849660208,34.760606194263005],[135.40789876445052,34.7604692930387],[135.4079429279521,34.760071000756],[135.4083181057801,34.756545019456304],[135.40923468928727,34.75654325011231],[135.40987581350385,34.75650757437755],[135.41116957543207,34.756507940997345],[135.41179359708863,34.75652212525613],[135.4118122237889,34.75975531076306],[135.41173616681954,34.760291778729034],[135.41078582863062,34.76027894038369],[135.4106451028778,34.76067879397174],[135.40951750593086,34.76036863298394]]]},"properties":{"KEY_CODE":"28202108004","PREF":"28","CITY":"202","CITY_NAME":"尼崎市","S_NAME":"塚口町四丁目","SETAI":"954"}},{"type":"Feature","geometry":{"type":"Polygon","coordinates":[[[135.40923468928727,34.75654325011231],[135.4083181057801,34.756545019456304],[135.40569254567978,34.75631523661982],[135.40539251868188,34.755224882729216],[135.40490751890079,34.75242961473489],[135.40560518957614,34.752466705629594],[135.4061026153701,34.75248485523769],[135.40790665915898,34.75256526858588],[135.40813833357092,34.755782213495095],[135.40924982922073,34.75579604636944],[135.40923468928727,34.75654325011231]]]},"properties":{"KEY_CODE":"28202108005","PREF":"28","CITY":"202","CITY_NAME":"尼崎市","S_NAME":"塚口町五丁目","SETAI":"537"}},{"type":"Feature","geometry":{"type":"Polygon","coordinates":[[[135.40662241874446,34.761114112649125],[135.40666224943192,34.761870551308206],[135.40584458319947,34.76221383939928],[135.40502697419743,34.76070746802811],[135.4045006475017,34.75982277782786],[135.4041827382385,34.75903906961283],[135.40420137008064,34.75777209587057],[135.40460957459808,34.756911847836335],[135.40569254567978,34.75631523661982],[135.4083181057801,34.756545019456304],[135.4079429279521,34.760071000756],[135.40789876445052,34.7604692930387],[135.4074849660208,34.760606194263005],[135.4073969857336,34.76071810244918],[135.4069120267421,34.76064477760791],[135.40666144391628,34.760595157344916],[135.406590167021,34.7609363626282],[135.40662241874446,34.761114112649125]]]},"properties":{"KEY_CODE":"28202108006","PREF":"28","CITY":"202","CITY_NAME":"尼崎市","S_NAME":"塚口町六丁目","SETAI":"996"}},{"type":"Feature","geometry":{"type":"Polygon","coordinates":[[[135.39886896608195,34.749190290883924],[135.40423382269492,34.74921557040061],[135.4042332578134,34.74925106965347],[135.40419384416742,34.75241505538579],[135.39886660363365,34.75219127495412],[135.39886896608195,34.749190290883924]]]},"properties":{"KEY_CODE":"28202110001","PREF":"28","CITY":"202","CITY_NAME":"尼崎市","S_NAME":"上ノ島町一丁目","SETAI":"1216"}},{"type":"Feature","geometry":{"type":"Polygon","coordinates":[[[135.40423382269492,34.74921557040061],[135.39886896608195,34.749190290883924],[135.39887365532573,34.74718862117972],[135.40089991579225,34.747068597701315],[135.40427592708204,34.74714695390288],[135.40423382269492,34.74921557040061]]]},"properties":{"KEY_CODE":"28202110002","PREF":"28","CITY":"202","CITY_NAME":"尼崎市","S_NAME":"上ノ島町二丁目","SETAI":"978"}},{"type":"Feature","geometry":{"type":"Polygon","coordinates":[[[135.40427592708204,34.74714695390288],[135.40089991579225,34.747068597701315],[135.39887365532573,34.74718862117972],[135.39889187537202,34.746541356131935],[135.3989099386935,34.745235268158325],[135.39892272358998,34.744469630181726],[135.39892256325052,34.74446357498067],[135.39953097675027,34.74445824435953],[135.4003998096594,34.744441612332814],[135.40165188705924,34.74441217283683],[135.40281158098335,34.74439015212215],[135.40449248063203,34.74434226399422],[135.40427592708204,34.74714695390288]]]},"properties":{"KEY_CODE":"28202110003","PREF":"28","CITY":"202","CITY_NAME":"尼崎市","S_NAME":"上ノ島町三丁目","SETAI":"910"}},{"type":"Feature","geometry":{"type":"Polygon","coordinates":[[[135.411179711238,34.74412277122753],[135.4101655447267,34.74637507357216],[135.4092452079371,34.747429874356705],[135.4075256606684,34.74810932108628],[135.40740835604134,34.74429500570535],[135.40742422552876,34.74429514675028],[135.4090585046201,34.74427746768636],[135.411179711238,34.74412277122753]]]},"properties":{"KEY_CODE":"28202111001","PREF":"28","CITY":"202","CITY_NAME":"尼崎市","S_NAME":"栗山町一丁目","SETAI":"759"}},{"type":"Feature","geometry":{"type":"Polygon","coordinates":[[[135.40687615056882,34.744293084828215],[135.40740835604134,34.74429500570535],[135.4075256606684,34.74810932108628],[135.4061893485622,34.74841197076714],[135.40569554578892,34.74928072265917],[135.4042332578134,34.74925106965347],[135.40423382269492,34.74921557040061],[135.40427592708204,34.74714695390288],[135.40449248063203,34.74434226399422],[135.4044971803247,34.74430968553551],[135.40687615056882,34.744293084828215]]]},"properties":{"KEY_CODE":"28202111002","PREF":"28","CITY":"202","CITY_NAME":"尼崎市","S_NAME":"栗山町二丁目","SETAI":"613"}},{"type":"Feature","geometry":{"type":"Polygon","coordinates":[[[135.40847288397936,34.73260372351405],[135.40947129521777,34.736029136448465],[135.40809225756837,34.73628541489967],[135.4072243217921,34.736444067384916],[135.40695656054538,34.73649234622821],[135.4056247817453,34.73674296823766],[135.4059413926063,34.735079260932196],[135.40580736718002,34.732712027049296],[135.40847288397936,34.73260372351405]]]},"properties":{"KEY_CODE":"28202112001","PREF":"28","CITY":"202","CITY_NAME":"尼崎市","S_NAME":"東七松町一丁目","SETAI":"556"}},{"type":"Feature","geometry":{"type":"Polygon","coordinates":[[[135.41197908856856,34.732337480546505],[135.4119657443308,34.735509986547754],[135.4119022676657,34.73557519983848],[135.41050610919118,34.73583250800075],[135.40947129521777,34.736029136448465],[135.40847288397936,34.73260372351405],[135.40848618554605,34.732603042639944],[135.41197908856856,34.732337480546505]]]},"properties":{"KEY_CODE":"28202112002","PREF":"28","CITY":"202","CITY_NAME":"尼崎市","S_NAME":"東七松町二丁目","SETAI":"29"}},{"type":"Feature","geometry":{"type":"Polygon","coordinates":[[[135.3990470137495,34.737785286206446],[135.39846727502166,34.737880928321886],[135.39840501885152,34.73739032396395],[135.3982522538193,34.73532255059281],[135.39815233584167,34.733976038563284],[135.40084592696866,34.73348566592343],[135.40096787525724,34.734843814271294],[135.40054216918443,34.73601112082564],[135.40018027112274,34.73704673459787],[135.40009617979007,34.7375666490744],[135.39915896807602,34.737680779579534],[135.3990470137495,34.737785286206446]]]},"properties":{"KEY_CODE":"28202113001","PREF":"28","CITY":"202","CITY_NAME":"尼崎市","S_NAME":"七松町一丁目","SETAI":"1327"}},{"type":"Feature","geometry":{"type":"Polygon","coordinates":[[[135.40345633220758,34.7371437576048],[135.40102683810568,34.73757341989965],[135.40009617979007,34.7375666490744],[135.40018027112274,34.73704673459787],[135.40054216918443,34.73601112082564],[135.40096787525724,34.734843814271294],[135.40084592696866,34.73348566592343],[135.40320563226103,34.73308408898433],[135.40345633220758,34.7371437576048]]]},"properties":{"KEY_CODE":"28202113002","PREF":"28","CITY":"202","CITY_NAME":"尼崎市","S_NAME":"七松町二丁目","SETAI":"793"}},{"type":"Feature","geometry":{"type":"Polygon","coordinates":[[[135.40580736718002,34.732712027049296],[135.4059413926063,34.735079260932196],[135.4056247817453,34.73674296823766],[135.40383499707127,34.73707535430076],[135.40345633220758,34.7371437576048],[135.40320563226103,34.73308408898433],[135.4057948302579,34.732712418642784],[135.40580736718002,34.732712027049296]]]},"properties":{"KEY_CODE":"28202113003","PREF":"28","CITY":"202","CITY_NAME":"尼崎市","S_NAME":"七松町三丁目","SETAI":"881"}},{"type":"Feature","geometry":{"type":"Polygon","coordinates":[[[135.40274132105358,34.73114272758371],[135.40320563226103,34.73308408898433],[135.40084592696866,34.73348566592343],[135.39815233584167,34.733976038563284],[135.39804656088745,34.732611688600024],[135.3994931968202,34.73194801162008],[135.40012556713253,34.731303850940044],[135.40052492763536,34.73159332231214],[135.40274132105358,34.73114272758371]]]},"properties":{"KEY_CODE":"28202114001","PREF":"28","CITY":"202","CITY_NAME":"尼崎市","S_NAME":"南七松町一丁目","SETAI":"611"}},{"type":"Feature","geometry":{"type":"Polygon","coordinates":[[[135.40241885780844,34.729662815861296],[135.4029956143796,34.730049035229854],[135.40274132105358,34.73114272758371],[135.40052492763536,34.73159332231214],[135.40012556713253,34.731303850940044],[135.40072380219888,34.729895162112626],[135.40077998265085,34.72811247330949],[135.40196651598555,34.727276108162826],[135.40212298542843,34.72758996247146],[135.40241885780844,34.729662815861296]]]},"properties":{"KEY_CODE":"28202114002","PREF":"28","CITY":"202","CITY_NAME":"尼崎市","S_NAME":"南七松町二丁目","SETAI":"242"}},{"type":"Feature","geometry":{"type":"Polygon","coordinates":[[[135.41837860592125,34.74343494840111],[135.4183794880112,34.74565994484891],[135.4161638541993,34.74564771563852],[135.41610610581637,34.743644358338614],[135.41837860592125,34.74343494840111]]]},"properties":{"KEY_CODE":"28202115105","PREF":"28","CITY":"202","CITY_NAME":"尼崎市","S_NAME":"南塚口町五丁目","SETAI":"349"}},{"type":"Feature","geometry":{"type":"Polygon","coordinates":[[[135.41610610581637,34.743644358338614],[135.4161638541993,34.74564771563852],[135.41353453764052,34.74563785279091],[135.4134056440137,34.7439127393441],[135.4152762993559,34.743722025156444],[135.41610610581637,34.743644358338614]]]},"properties":{"KEY_CODE":"28202115106","PREF":"28","CITY":"202","CITY_NAME":"尼崎市","S_NAME":"南塚口町六丁目","SETAI":"93"}},{"type":"Feature","geometry":{"type":"Polygon","coordinates":[[[135.4118492990911,34.74888446722039],[135.41107053133365,34.74913194235233],[135.40569554578892,34.74928072265917],[135.4061893485622,34.74841197076714],[135.4075256606684,34.74810932108628],[135.4092452079371,34.747429874356705],[135.4101655447267,34.74637507357216],[135.411179711238,34.74412277122753],[135.41188259339287,34.74406668085275],[135.4134056440137,34.7439127393441],[135.41353453764052,34.74563785279091],[135.4137046620398,34.74699652934162],[135.4130805610608,34.74814732072889],[135.4118469585632,34.74811234942062],[135.4118492990911,34.74888446722039]]]},"properties":{"KEY_CODE":"28202115107","PREF":"28","CITY":"202","CITY_NAME":"尼崎市","S_NAME":"南塚口町七丁目","SETAI":"1079"}},{"type":"Feature","geometry":{"type":"Polygon","coordinates":[[[135.4118492990911,34.74888446722039],[135.4118317448051,34.7527451767214],[135.41182858694822,34.752745063328845],[135.40790665915898,34.75256526858588],[135.4061026153701,34.75248485523769],[135.40560518957614,34.752466705629594],[135.40490751890079,34.75242961473489],[135.40419384416742,34.75241505538579],[135.4042332578134,34.74925106965347],[135.40569554578892,34.74928072265917],[135.41107053133365,34.74913194235233],[135.4118492990911,34.74888446722039]]]},"properties":{"KEY_CODE":"28202115108","PREF":"28","CITY":"202","CITY_NAME":"尼崎市","S_NAME":"南塚口町八丁目","SETAI":"2396"}},{"type":"Feature","geometry":{"type":"Polygon","coordinates":[[[135.4118492990911,34.74888446722039],[135.4118469585632,34.74811234942062],[135.4130805610608,34.74814732072889],[135.41491288142285,34.74815061841809],[135.41500920956068,34.752877944440804],[135.41321762837381,34.75280298682921],[135.4118317448051,34.7527451767214],[135.4118492990911,34.74888446722039]]]},"properties":{"KEY_CODE":"28202115201","PREF":"28","CITY":"202","CITY_NAME":"尼崎市","S_NAME":"南塚口町一丁目","SETAI":"1182"}},{"type":"Feature","geometry":{"type":"Polygon","coordinates":[[[135.41619087599534,34.74814826131182],[135.4184004164994,34.74813321741381],[135.41864322853993,34.75304740178407],[135.41748149799847,34.75298072081129],[135.41583411242024,34.752908774128336],[135.41500920956068,34.752877944440804],[135.41491288142285,34.74815061841809],[135.41619087599534,34.74814826131182]]]},"properties":{"KEY_CODE":"28202115202","PREF":"28","CITY":"202","CITY_NAME":"尼崎市","S_NAME":"南塚口町二丁目","SETAI":"1996"}},{"type":"Feature","geometry":{"type":"Polygon","coordinates":[[[135.42222045669047,34.748090345866096],[135.4222275050462,34.74858945283585],[135.4222414131462,34.74960626046299],[135.4218726611934,34.752442603062],[135.4217707531436,34.752929163472785],[135.42165462911137,34.75322936663384],[135.41864322853993,34.75304740178407],[135.4184004164994,34.74813321741381],[135.42222045669047,34.748090345866096]]]},"properties":{"KEY_CODE":"28202115203","PREF":"28","CITY":"202","CITY_NAME":"尼崎市","S_NAME":"南塚口町三丁目","SETAI":"2281"}},{"type":"Feature","geometry":{"type":"Polygon","coordinates":[[[135.42222045669047,34.748090345866096],[135.4184004164994,34.74813321741381],[135.4183794880112,34.74565994484891],[135.41837860592125,34.74343494840111],[135.41927019725978,34.743339383400794],[135.42070203652892,34.74323926635832],[135.42205187035967,34.743124936961735],[135.42209783945754,34.74456372839252],[135.42221207135526,34.747821257246294],[135.42222045669047,34.748090345866096]]]},"properties":{"KEY_CODE":"28202115204","PREF":"28","CITY":"202","CITY_NAME":"尼崎市","S_NAME":"南塚口町四丁目","SETAI":"275"}},{"type":"Feature","geometry":{"type":"Polygon","coordinates":[[[135.4161638541993,34.74564771563852],[135.4183794880112,34.74565994484891],[135.4184004164994,34.74813321741381],[135.41619087599534,34.74814826131182],[135.41617610111612,34.74768203960704],[135.41617576250823,34.74688314323103],[135.4161638541993,34.74564771563852]]]},"properties":{"KEY_CODE":"28202115205","PREF":"28","CITY":"202","CITY_NAME":"尼崎市","S_NAME":"南塚口町五丁目","SETAI":"613"}},{"type":"Feature","geometry":{"type":"Polygon","coordinates":[[[135.41353453764052,34.74563785279091],[135.4161638541993,34.74564771563852],[135.41617576250823,34.74688314323103],[135.41617610111612,34.74768203960704],[135.41619087599534,34.74814826131182],[135.41491288142285,34.74815061841809],[135.4130805610608,34.74814732072889],[135.4137046620398,34.74699652934162],[135.41353453764052,34.74563785279091]]]},"properties":{"KEY_CODE":"28202115206","PREF":"28","CITY":"202","CITY_NAME":"尼崎市","S_NAME":"南塚口町六丁目","SETAI":"779"}},{"type":"Feature","geometry":{"type":"Polygon","coordinates":[[[135.4056247817453,34.73674296823766],[135.40514665134359,34.73933179343741],[135.39865431140797,34.740331655188434],[135.39848003523397,34.738064486980335],[135.3990470137495,34.737785286206446],[135.39915896807602,34.737680779579534],[135.40009617979007,34.7375666490744],[135.40102683810568,34.73757341989965],[135.40345633220758,34.7371437576048],[135.40383499707127,34.73707535430076],[135.4056247817453,34.73674296823766]]]},"properties":{"KEY_CODE":"28202116001","PREF":"28","CITY":"202","CITY_NAME":"尼崎市","S_NAME":"立花町一丁目","SETAI":"2010"}},{"type":"Feature","geometry":{"type":"Polygon","coordinates":[[[135.40514665134359,34.73933179343741],[135.40487420273593,34.7415051252279],[135.39880135995665,34.74223834104689],[135.39865431140797,34.740331655188434],[135.40514665134359,34.73933179343741]]]},"properties":{"KEY_CODE":"28202116002","PREF":"28","CITY":"202","CITY_NAME":"尼崎市","S_NAME":"立花町二丁目","SETAI":"1212"}},{"type":"Feature","geometry":{"type":"Polygon","coordinates":[[[135.40165188705924,34.74441217283683],[135.4003998096594,34.744441612332814],[135.39953097675027,34.74445824435953],[135.39892256325052,34.74446357498067],[135.39883395374775,34.74273709193557],[135.39880135995665,34.74223834104689],[135.40487420273593,34.7415051252279],[135.40472405815524,34.74263057757378],[135.4046359197653,34.74334476290437],[135.4044971803247,34.74430968553551],[135.40449248063203,34.74434226399422],[135.40281158098335,34.74439015212215],[135.40165188705924,34.74441217283683]]]},"properties":{"KEY_CODE":"28202116003","PREF":"28","CITY":"202","CITY_NAME":"尼崎市","S_NAME":"立花町三丁目","SETAI":"1170"}},{"type":"Feature","geometry":{"type":"Polygon","coordinates":[[[135.39865431140797,34.740331655188434],[135.39880135995665,34.74223834104689],[135.39883395374775,34.74273709193557],[135.39660514598015,34.742936169376215],[135.39669582332303,34.738384040337316],[135.39848003523397,34.738064486980335],[135.39865431140797,34.740331655188434]]]},"properties":{"KEY_CODE":"28202116004","PREF":"28","CITY":"202","CITY_NAME":"尼崎市","S_NAME":"立花町四丁目","SETAI":"1109"}},{"type":"Feature","geometry":{"type":"Polygon","coordinates":[[[135.40742422552876,34.74429514675028],[135.40740835604134,34.74429500570535],[135.40687615056882,34.744293084828215],[135.4044971803247,34.74430968553551],[135.4046359197653,34.74334476290437],[135.40472405815524,34.74263057757378],[135.40487420273593,34.7415051252279],[135.40724505067107,34.74112533735513],[135.40730645178328,34.74334826298782],[135.407403945159,34.74374924890861],[135.40742422552876,34.74429514675028]]]},"properties":{"KEY_CODE":"28202117001","PREF":"28","CITY":"202","CITY_NAME":"尼崎市","S_NAME":"大西町一丁目","SETAI":"462"}},{"type":"Feature","geometry":{"type":"Polygon","coordinates":[[[135.40898525824596,34.740852774463846],[135.4090585046201,34.74427746768636],[135.40742422552876,34.74429514675028],[135.407403945159,34.74374924890861],[135.40730645178328,34.74334826298782],[135.40724505067107,34.74112533735513],[135.40898525824596,34.740852774463846]]]},"properties":{"KEY_CODE":"28202117002","PREF":"28","CITY":"202","CITY_NAME":"尼崎市","S_NAME":"大西町二丁目","SETAI":"310"}},{"type":"Feature","geometry":{"type":"Polygon","coordinates":[[[135.41190511295554,34.74038409216474],[135.41188259339287,34.74406668085275],[135.411179711238,34.74412277122753],[135.4090585046201,34.74427746768636],[135.40898525824596,34.740852774463846],[135.41056232370192,34.74059205289069],[135.41190511295554,34.74038409216474]]]},"properties":{"KEY_CODE":"28202117003","PREF":"28","CITY":"202","CITY_NAME":"尼崎市","S_NAME":"大西町三丁目","SETAI":"478"}},{"type":"Feature","geometry":{"type":"Polygon","coordinates":[[[135.40695656054538,34.73649234622821],[135.4072085329927,34.73917713273032],[135.40724505067107,34.74112533735513],[135.40487420273593,34.7415051252279],[135.40514665134359,34.73933179343741],[135.4056247817453,34.73674296823766],[135.40695656054538,34.73649234622821]]]},"properties":{"KEY_CODE":"28202118001","PREF":"28","CITY":"202","CITY_NAME":"尼崎市","S_NAME":"三反田町一丁目","SETAI":"659"}},{"type":"Feature","geometry":{"type":"Polygon","coordinates":[[[135.41050610919118,34.73583250800075],[135.41056232370192,34.74059205289069],[135.40898525824596,34.740852774463846],[135.40724505067107,34.74112533735513],[135.4072085329927,34.73917713273032],[135.40695656054538,34.73649234622821],[135.4072243217921,34.736444067384916],[135.40809225756837,34.73628541489967],[135.40947129521777,34.736029136448465],[135.41050610919118,34.73583250800075]]]},"properties":{"KEY_CODE":"28202118002","PREF":"28","CITY":"202","CITY_NAME":"尼崎市","S_NAME":"三反田町二丁目","SETAI":"1422"}},{"type":"Feature","geometry":{"type":"Polygon","coordinates":[[[135.4119022676657,34.73557519983848],[135.41190511295554,34.74038409216474],[135.41056232370192,34.74059205289069],[135.41050610919118,34.73583250800075],[135.4119022676657,34.73557519983848]]]},"properties":{"KEY_CODE":"28202118003","PREF":"28","CITY":"202","CITY_NAME":"尼崎市","S_NAME":"三反田町三丁目","SETAI":"289"}},{"type":"Feature","geometry":{"type":"Polygon","coordinates":[[[135.41479368675814,34.7349948658614],[135.41583526053225,34.73724512950402],[135.41538427950695,34.73903934710737],[135.41448042778066,34.739960373374444],[135.41190511295554,34.74038409216474],[135.4119022676657,34.73557519983848],[135.4119657443308,34.735509986547754],[135.41474080448327,34.735001955281795],[135.41479368675814,34.7349948658614]]]},"properties":{"KEY_CODE":"28202119001","PREF":"28","CITY":"202","CITY_NAME":"尼崎市","S_NAME":"尾浜町一丁目","SETAI":"959"}},{"type":"Feature","geometry":{"type":"Polygon","coordinates":[[[135.41866649461755,34.734274301232624],[135.41912568011546,34.737813014978556],[135.41919137218025,34.73857738591852],[135.4192110012618,34.73919230284889],[135.4151906093872,34.739838281437585],[135.41448042778066,34.739960373374444],[135.41538427950695,34.73903934710737],[135.41583526053225,34.73724512950402],[135.41479368675814,34.7349948658614],[135.4162139566798,34.734730674882215],[135.41781097236068,34.73443334313783],[135.41866649461755,34.734274301232624]]]},"properties":{"KEY_CODE":"28202119002","PREF":"28","CITY":"202","CITY_NAME":"尼崎市","S_NAME":"尾浜町二丁目","SETAI":"1602"}},{"type":"Feature","geometry":{"type":"Polygon","coordinates":[[[135.4212078144428,34.73379891460626],[135.42158928625113,34.73803397094898],[135.4216028615703,34.73818484068396],[135.42165086947008,34.73871766973404],[135.42166383134435,34.738860657331266],[135.4210004393025,34.73895166306037],[135.42036642669848,34.73903859921821],[135.4192110012618,34.73919230284889],[135.41919137218025,34.73857738591852],[135.41912568011546,34.737813014978556],[135.41866649461755,34.734274301232624],[135.4196644691793,34.73408848785917],[135.4212078144428,34.73379891460626]]]},"properties":{"KEY_CODE":"28202119003","PREF":"28","CITY":"202","CITY_NAME":"尼崎市","S_NAME":"尾浜町三丁目","SETAI":"949"}},{"type":"Feature","geometry":{"type":"Polygon","coordinates":[[[135.39669582332303,34.738384040337316],[135.39660514598015,34.742936169376215],[135.39186613441012,34.74335155169461],[135.39183778906218,34.74256035080197],[135.39236081642306,34.742168320366474],[135.39242729107,34.74081147808066],[135.39207054715138,34.73997848099596],[135.3926060539276,34.73898772017636],[135.3927792103085,34.73897874946577],[135.39427628098926,34.738825152924974],[135.39669582332303,34.738384040337316]]]},"properties":{"KEY_CODE":"28202120101","PREF":"28","CITY":"202","CITY_NAME":"尼崎市","S_NAME":"水堂町一丁目","SETAI":"1391"}},{"type":"Feature","geometry":{"type":"Polygon","coordinates":[[[135.3902545628431,34.743484568509466],[135.3885456081396,34.74360192783747],[135.3884635052121,34.74315669981468],[135.38822911982513,34.74243672090638],[135.38827953329326,34.740757463380184],[135.3884242171665,34.74034055405796],[135.38889287801817,34.739027129623004],[135.38952801914115,34.73902599233751],[135.39045346722,34.739023740688346],[135.3926060539276,34.73898772017636],[135.39207054715138,34.73997848099596],[135.39242729107,34.74081147808066],[135.39236081642306,34.742168320366474],[135.39183778906218,34.74256035080197],[135.39186613441012,34.74335155169461],[135.3902545628431,34.743484568509466]]]},"properties":{"KEY_CODE":"28202120102","PREF":"28","CITY":"202","CITY_NAME":"尼崎市","S_NAME":"水堂町二丁目","SETAI":"1327"}},{"type":"Feature","geometry":{"type":"Polygon","coordinates":[[[135.39883395374775,34.74273709193557],[135.39892256325052,34.74446357498067],[135.39892272358998,34.744469630181726],[135.39650879721697,34.74454046440009],[135.3915287868937,34.7447237068922],[135.39032941285382,34.744753279067105],[135.3902545628431,34.743484568509466],[135.39186613441012,34.74335155169461],[135.39660514598015,34.742936169376215],[135.39883395374775,34.74273709193557]]]},"properties":{"KEY_CODE":"28202120103","PREF":"28","CITY":"202","CITY_NAME":"尼崎市","S_NAME":"水堂町三丁目","SETAI":"672"}},{"type":"Feature","geometry":{"type":"Polygon","coordinates":[[[135.38822377035436,34.74362725231047],[135.38789096319488,34.74317884312703],[135.3885456081396,34.74360192783747],[135.38822377035436,34.74362725231047]]]},"properties":{"KEY_CODE":"28202120104","PREF":"28","CITY":"202","CITY_NAME":"尼崎市","S_NAME":"水堂町四丁目","SETAI":"33"}},{"type":"Feature","geometry":{"type":"Polygon","coordinates":[[[135.3902545628431,34.743484568509466],[135.39032941285382,34.744753279067105],[135.38623799612188,34.74482449935996],[135.38630632959863,34.74377441539339],[135.38651486341476,34.73942449023248],[135.3865268528347,34.73903802697096],[135.38764961900165,34.73903479617258],[135.38860112244535,34.73902838980415],[135.38889287801817,34.739027129623004],[135.3884242171665,34.74034055405796],[135.38827953329326,34.740757463380184],[135.38822911982513,34.74243672090638],[135.3884635052121,34.74315669981468],[135.38789096319488,34.74317884312703],[135.38822377035436,34.74362725231047],[135.3885456081396,34.74360192783747],[135.3902545628431,34.743484568509466]]]},"properties":{"KEY_CODE":"282021202","PREF":"28","CITY":"202","CITY_NAME":"尼崎市","S_NAME":"水堂町","SETAI":"959"}},{"type":"Feature","geometry":{"type":"Polygon","coordinates":[[[135.39892272358998,34.744469630181726],[135.3989099386935,34.745235268158325],[135.39889187537202,34.746541356131935],[135.39887365532573,34.74718862117972],[135.39886896608195,34.749190290883924],[135.39886660363365,34.75219127495412],[135.39624497792028,34.752007658529145],[135.39542704776207,34.751884578090795],[135.39504671643513,34.751834936815975],[135.39587785477542,34.75096680277834],[135.39630918405314,34.750128213172026],[135.39635393716185,34.749171867865236],[135.39650879721697,34.74454046440009],[135.39892272358998,34.744469630181726]]]},"properties":{"KEY_CODE":"28202121102","PREF":"28","CITY":"202","CITY_NAME":"尼崎市","S_NAME":"南武庫之荘二丁目","SETAI":"2206"}},{"type":"Feature","geometry":{"type":"Polygon","coordinates":[[[135.39650879721697,34.74454046440009],[135.39635393716185,34.749171867865236],[135.39213213655182,34.74911034906558],[135.39101497764216,34.74888737505549],[135.39094948934743,34.747470837090695],[135.39151581449832,34.74746112658247],[135.3915287868937,34.7447237068922],[135.39650879721697,34.74454046440009]]]},"properties":{"KEY_CODE":"28202121103","PREF":"28","CITY":"202","CITY_NAME":"尼崎市","S_NAME":"南武庫之荘三丁目","SETAI":"1967"}},{"type":"Feature","geometry":{"type":"Polygon","coordinates":[[[135.39587785477542,34.75096680277834],[135.39504671643513,34.751834936815975],[135.39263783385493,34.75144971360393],[135.38914595373075,34.750931017081925],[135.3882544384626,34.75079353015659],[135.38990840814114,34.74922784386413],[135.39101497764216,34.74888737505549],[135.39213213655182,34.74911034906558],[135.39635393716185,34.749171867865236],[135.39630918405314,34.750128213172026],[135.39587785477542,34.75096680277834]]]},"properties":{"KEY_CODE":"28202121201","PREF":"28","CITY":"202","CITY_NAME":"尼崎市","S_NAME":"南武庫之荘一丁目","SETAI":"1706"}},{"type":"Feature","geometry":{"type":"Polygon","coordinates":[[[135.3915287868937,34.7447237068922],[135.39151581449832,34.74746112658247],[135.39094948934743,34.747470837090695],[135.38610888003578,34.74747208484717],[135.38623799612188,34.74482449935996],[135.39032941285382,34.744753279067105],[135.3915287868937,34.7447237068922]]]},"properties":{"KEY_CODE":"28202121204","PREF":"28","CITY":"202","CITY_NAME":"尼崎市","S_NAME":"南武庫之荘四丁目","SETAI":"1002"}},{"type":"Feature","geometry":{"type":"Polygon","coordinates":[[[135.39094948934743,34.747470837090695],[135.39101497764216,34.74888737505549],[135.38990840814114,34.74922784386413],[135.3882544384626,34.75079353015659],[135.3859494413234,34.750434172196776],[135.38601118473446,34.74945612562433],[135.38610888003578,34.74747208484717],[135.39094948934743,34.747470837090695]]]},"properties":{"KEY_CODE":"28202121205","PREF":"28","CITY":"202","CITY_NAME":"尼崎市","S_NAME":"南武庫之荘五丁目","SETAI":"1190"}},{"type":"Feature","geometry":{"type":"Polygon","coordinates":[[[135.3797131489582,34.748521503792354],[135.38353843403178,34.74916113166383],[135.38601118473446,34.74945612562433],[135.3859494413234,34.750434172196776],[135.38210218985083,34.74984383076358],[135.37566858755332,34.74885593824392],[135.37574043535386,34.74862545125808],[135.37598289632803,34.74782896508138],[135.3797131489582,34.748521503792354]]]},"properties":{"KEY_CODE":"28202121206","PREF":"28","CITY":"202","CITY_NAME":"尼崎市","S_NAME":"南武庫之荘六丁目","SETAI":"630"}},{"type":"Feature","geometry":{"type":"Polygon","coordinates":[[[135.38623799612188,34.74482449935996],[135.38610888003578,34.74747208484717],[135.38601118473446,34.74945612562433],[135.38353843403178,34.74916113166383],[135.38438033981143,34.745948914025085],[135.38448582290997,34.74473878628804],[135.38272792294282,34.7440992652154],[135.3837383369597,34.744010267269736],[135.38630632959863,34.74377441539339],[135.38623799612188,34.74482449935996]]]},"properties":{"KEY_CODE":"28202121207","PREF":"28","CITY":"202","CITY_NAME":"尼崎市","S_NAME":"南武庫之荘七丁目","SETAI":"1025"}},{"type":"Feature","geometry":{"type":"Polygon","coordinates":[[[135.38272792294282,34.7440992652154],[135.38448582290997,34.74473878628804],[135.38438033981143,34.745948914025085],[135.38353843403178,34.74916113166383],[135.3797131489582,34.748521503792354],[135.38185694439323,34.74468356239894],[135.38257018116104,34.74411372392435],[135.38272792294282,34.7440992652154]]]},"properties":{"KEY_CODE":"28202121208","PREF":"28","CITY":"202","CITY_NAME":"尼崎市","S_NAME":"南武庫之荘八丁目","SETAI":"908"}},{"type":"Feature","geometry":{"type":"Polygon","coordinates":[[[135.38219222431698,34.74414134835999],[135.38185694439323,34.74468356239894],[135.3797131489582,34.748521503792354],[135.37598289632803,34.74782896508138],[135.37706119035616,34.74459278688691],[135.38219222431698,34.74414134835999]]]},"properties":{"KEY_CODE":"28202121209","PREF":"28","CITY":"202","CITY_NAME":"尼崎市","S_NAME":"南武庫之荘九丁目","SETAI":"722"}},{"type":"Feature","geometry":{"type":"Polygon","coordinates":[[[135.38538933691822,34.740455819703584],[135.38523252134138,34.74127679712403],[135.38446930783869,34.74279445567386],[135.38422152821036,34.743116471168435],[135.38414634755827,34.74329727026879],[135.3841445660761,34.743399122286974],[135.3841090137552,34.74348858896888],[135.38400739458365,34.74367708190336],[135.38397022204956,34.743719658517556],[135.3837383369597,34.744010267269736],[135.38272792294282,34.7440992652154],[135.38257018116104,34.74411372392435],[135.38219222431698,34.74414134835999],[135.37706119035616,34.74459278688691],[135.37799249920423,34.742990198580806],[135.37868336966022,34.74192406691927],[135.38116369349865,34.742511799975965],[135.38538933691822,34.740455819703584]]]},"properties":{"KEY_CODE":"28202121210","PREF":"28","CITY":"202","CITY_NAME":"尼崎市","S_NAME":"南武庫之荘十丁目","SETAI":"901"}},{"type":"Feature","geometry":{"type":"Polygon","coordinates":[[[135.38651486341476,34.73942449023248],[135.38630632959863,34.74377441539339],[135.3837383369597,34.744010267269736],[135.38397022204956,34.743719658517556],[135.38400739458365,34.74367708190336],[135.3841090137552,34.74348858896888],[135.3841445660761,34.743399122286974],[135.38414634755827,34.74329727026879],[135.38422152821036,34.743116471168435],[135.38446930783869,34.74279445567386],[135.38523252134138,34.74127679712403],[135.38538933691822,34.740455819703584],[135.3855641167986,34.73955820503241],[135.38651486341476,34.73942449023248]]]},"properties":{"KEY_CODE":"28202121211","PREF":"28","CITY":"202","CITY_NAME":"尼崎市","S_NAME":"南武庫之荘十一丁目","SETAI":"292"}},{"type":"Feature","geometry":{"type":"Polygon","coordinates":[[[135.38538933691822,34.740455819703584],[135.38116369349865,34.742511799975965],[135.37868336966022,34.74192406691927],[135.38013304719829,34.73906032107939],[135.3865268528347,34.73903802697096],[135.38651486341476,34.73942449023248],[135.3855641167986,34.73955820503241],[135.38538933691822,34.740455819703584]]]},"properties":{"KEY_CODE":"28202121212","PREF":"28","CITY":"202","CITY_NAME":"尼崎市","S_NAME":"南武庫之荘十二丁目","SETAI":"322"}},{"type":"Feature","geometry":{"type":"Polygon","coordinates":[[[135.39662811873526,34.756999935032155],[135.3987892524906,34.757556534879726],[135.39882237250066,34.75755751284493],[135.39877232724461,34.76103513256326],[135.3987692591637,34.76113502258467],[135.39699180678218,34.76158482970052],[135.39710080659884,34.75756864324495],[135.39662811873526,34.756999935032155]]]},"properties":{"KEY_CODE":"282021221","PREF":"28","CITY":"202","CITY_NAME":"尼崎市","S_NAME":"武庫之荘本町","SETAI":"503"}},{"type":"Feature","geometry":{"type":"Polygon","coordinates":[[[135.3938449716493,34.75625912481554],[135.39556893489348,34.75671551286235],[135.39540406797488,34.757087953680255],[135.39541050652957,34.75950306905295],[135.3912981195303,34.7592284694141],[135.391442214208,34.75778137861891],[135.39381961463417,34.75695205090214],[135.3938449716493,34.75625912481554]]]},"properties":{"KEY_CODE":"28202122201","PREF":"28","CITY":"202","CITY_NAME":"尼崎市","S_NAME":"武庫之荘本町一丁目","SETAI":"561"}},{"type":"Feature","geometry":{"type":"Polygon","coordinates":[[[135.39541023088603,34.76109412314872],[135.39086048654156,34.76115179486978],[135.39031761499606,34.7615892085727],[135.3903082415758,34.76114856623835],[135.39032514618074,34.75920763119069],[135.3912981195303,34.7592284694141],[135.39541050652957,34.75950306905295],[135.39541023088603,34.76109412314872]]]},"properties":{"KEY_CODE":"28202122202","PREF":"28","CITY":"202","CITY_NAME":"尼崎市","S_NAME":"武庫之荘本町二丁目","SETAI":"707"}},{"type":"Feature","geometry":{"type":"Polygon","coordinates":[[[135.3962259439433,34.7568859791509],[135.39662811873526,34.756999935032155],[135.39710080659884,34.75756864324495],[135.39699180678218,34.76158482970052],[135.39541818763803,34.76157534054213],[135.39541023088603,34.76109412314872],[135.39541050652957,34.75950306905295],[135.39540406797488,34.757087953680255],[135.39556893489348,34.75671551286235],[135.3962259439433,34.7568859791509]]]},"properties":{"KEY_CODE":"28202122203","PREF":"28","CITY":"202","CITY_NAME":"尼崎市","S_NAME":"武庫之荘本町三丁目","SETAI":"491"}},{"type":"Feature","geometry":{"type":"Polygon","coordinates":[[[135.39542704776207,34.751884578090795],[135.39624497792028,34.752007658529145],[135.39639591487762,34.753922399384805],[135.3962259439433,34.7568859791509],[135.39556893489348,34.75671551286235],[135.3938449716493,34.75625912481554],[135.39397637358468,34.75395675348053],[135.3949327333444,34.75223637032332],[135.39542704776207,34.751884578090795]]]},"properties":{"KEY_CODE":"28202123101","PREF":"28","CITY":"202","CITY_NAME":"尼崎市","S_NAME":"武庫之荘東一丁目","SETAI":"729"}},{"type":"Feature","geometry":{"type":"Polygon","coordinates":[[[135.39624497792028,34.752007658529145],[135.39886660363365,34.75219127495412],[135.3988234074413,34.75516698429935],[135.3987892524906,34.757556534879726],[135.39662811873526,34.756999935032155],[135.3962259439433,34.7568859791509],[135.39639591487762,34.753922399384805],[135.39624497792028,34.752007658529145]]]},"properties":{"KEY_CODE":"28202123102","PREF":"28","CITY":"202","CITY_NAME":"尼崎市","S_NAME":"武庫之荘東二丁目","SETAI":"1064"}},{"type":"Feature","geometry":{"type":"Polygon","coordinates":[[[135.40539251868188,34.755224882729216],[135.4025283279356,34.75519897215152],[135.4010663649364,34.755202240669014],[135.3988234074413,34.75516698429935],[135.39886660363365,34.75219127495412],[135.40419384416742,34.75241505538579],[135.40490751890079,34.75242961473489],[135.40539251868188,34.755224882729216]]]},"properties":{"KEY_CODE":"28202124001","PREF":"28","CITY":"202","CITY_NAME":"尼崎市","S_NAME":"富松町一丁目","SETAI":"1398"}},{"type":"Feature","geometry":{"type":"Polygon","coordinates":[[[135.4025283279356,34.75519897215152],[135.40539251868188,34.755224882729216],[135.40569254567978,34.75631523661982],[135.40460957459808,34.756911847836335],[135.40420137008064,34.75777209587057],[135.40060105714073,34.75762867586357],[135.39985052456942,34.757591316386886],[135.39982269424414,34.75759043425391],[135.39882237250066,34.75755751284493],[135.3987892524906,34.757556534879726],[135.3988234074413,34.75516698429935],[135.4010663649364,34.755202240669014],[135.4025283279356,34.75519897215152]]]},"properties":{"KEY_CODE":"28202124002","PREF":"28","CITY":"202","CITY_NAME":"尼崎市","S_NAME":"富松町二丁目","SETAI":"955"}},{"type":"Feature","geometry":{"type":"Polygon","coordinates":[[[135.39882237250066,34.75755751284493],[135.39982269424414,34.75759043425391],[135.39985052456942,34.757591316386886],[135.40060105714073,34.75762867586357],[135.40420137008064,34.75777209587057],[135.4041827382385,34.75903906961283],[135.4045006475017,34.75982277782786],[135.403264157288,34.76085947958252],[135.40173600211133,34.761541536946716],[135.40080768890155,34.761921821399675],[135.40062087244115,34.761290618102166],[135.39877232724461,34.76103513256326],[135.39882237250066,34.75755751284493]]]},"properties":{"KEY_CODE":"28202124003","PREF":"28","CITY":"202","CITY_NAME":"尼崎市","S_NAME":"富松町三丁目","SETAI":"1207"}},{"type":"Feature","geometry":{"type":"Polygon","coordinates":[[[135.4054184442755,34.76439755042415],[135.40434329376166,34.76448435491113],[135.40354210081716,34.76527313515879],[135.40227199180822,34.76582587337675],[135.4022437259914,34.76583852562342],[135.40237891911826,34.76383654759279],[135.40265850730563,34.763223921467805],[135.40212169163198,34.76230029199262],[135.40069612212193,34.762263519721756],[135.40083946957603,34.761951120514695],[135.40080768890155,34.761921821399675],[135.40173600211133,34.761541536946716],[135.403264157288,34.76085947958252],[135.4045006475017,34.75982277782786],[135.40502697419743,34.76070746802811],[135.40584458319947,34.76221383939928],[135.40577191678173,34.76306691149257],[135.40574135412697,34.763303247579195],[135.4054184442755,34.76439755042415]]]},"properties":{"KEY_CODE":"28202124004","PREF":"28","CITY":"202","CITY_NAME":"尼崎市","S_NAME":"富松町四丁目","SETAI":"722"}},{"type":"Feature","geometry":{"type":"Polygon","coordinates":[[[135.4212618111944,34.7549596879569],[135.42061894663516,34.75475684166468],[135.4157104722604,34.755122338930214],[135.41583411242024,34.752908774128336],[135.41748149799847,34.75298072081129],[135.41864322853993,34.75304740178407],[135.42165462911137,34.75322936663384],[135.42155381975252,34.753565488963],[135.42155132292717,34.7537072057159],[135.42149889472776,34.75417374292667],[135.4212618111944,34.7549596879569]]]},"properties":{"KEY_CODE":"28202125101","PREF":"28","CITY":"202","CITY_NAME":"尼崎市","S_NAME":"塚口本町一丁目","SETAI":"954"}},{"type":"Feature","geometry":{"type":"Polygon","coordinates":[[[135.42058003539086,34.75809150394446],[135.41685336551086,34.75810745981147],[135.41629319815826,34.757768921419114],[135.41629927837766,34.757030816605706],[135.4157327007097,34.756717120365074],[135.4157412276459,34.756559433904734],[135.4157104722604,34.755122338930214],[135.42061894663516,34.75475684166468],[135.4212618111944,34.7549596879569],[135.42089887372373,34.756268180975226],[135.42058003539086,34.75809150394446]]]},"properties":{"KEY_CODE":"28202125102","PREF":"28","CITY":"202","CITY_NAME":"尼崎市","S_NAME":"塚口本町二丁目","SETAI":"1086"}},{"type":"Feature","geometry":{"type":"Polygon","coordinates":[[[135.4204627003609,34.760453320467235],[135.41682718814602,34.76043156493356],[135.41607665786898,34.76055043768577],[135.4156813742719,34.76015866999772],[135.4152326590928,34.75994857272823],[135.41570319565704,34.75951493439293],[135.4158182572424,34.75930812842575],[135.4158741411559,34.759202697838425],[135.41598268712355,34.75909186836384],[135.41685336551086,34.75810745981147],[135.42058003539086,34.75809150394446],[135.42047983595987,34.760190906227],[135.4204627003609,34.760453320467235]]]},"properties":{"KEY_CODE":"28202125103","PREF":"28","CITY":"202","CITY_NAME":"尼崎市","S_NAME":"塚口本町三丁目","SETAI":"792"}},{"type":"Feature","geometry":{"type":"Polygon","coordinates":[[[135.42045387734746,34.763181962278],[135.42044408658953,34.76362488957642],[135.4188543139092,34.763678821392915],[135.4193799876978,34.76323776478952],[135.41869332308954,34.76223229951331],[135.41705862172748,34.76256085025436],[135.41636796798562,34.76215346728798],[135.41636580530084,34.76204686168928],[135.41611232937728,34.76167262442819],[135.41607665786898,34.76055043768577],[135.41682718814602,34.76043156493356],[135.4204627003609,34.760453320467235],[135.42045387734746,34.763181962278]]]},"properties":{"KEY_CODE":"28202125104","PREF":"28","CITY":"202","CITY_NAME":"尼崎市","S_NAME":"塚口本町四丁目","SETAI":"142"}},{"type":"Feature","geometry":{"type":"Polygon","coordinates":[[[135.42331469937707,34.76012370792612],[135.42323049747574,34.76055545801677],[135.4231027761473,34.76124788539501],[135.42282307087712,34.762883561318475],[135.4226213017381,34.76318608448713],[135.42045387734746,34.763181962278],[135.4204627003609,34.760453320467235],[135.42047983595987,34.760190906227],[135.42331469937707,34.76012370792612]]]},"properties":{"KEY_CODE":"28202125105","PREF":"28","CITY":"202","CITY_NAME":"尼崎市","S_NAME":"塚口本町五丁目","SETAI":"482"}},{"type":"Feature","geometry":{"type":"Polygon","coordinates":[[[135.42331469937707,34.76012370792612],[135.42047983595987,34.760190906227],[135.42058003539086,34.75809150394446],[135.42089887372373,34.756268180975226],[135.424018920385,34.7563453338636],[135.42369255125274,34.758078583678866],[135.4233827990952,34.75976576559379],[135.42331469937707,34.76012370792612]]]},"properties":{"KEY_CODE":"28202125106","PREF":"28","CITY":"202","CITY_NAME":"尼崎市","S_NAME":"塚口本町六丁目","SETAI":"623"}},{"type":"Feature","geometry":{"type":"Polygon","coordinates":[[[135.424018920385,34.7563453338636],[135.42089887372373,34.756268180975226],[135.4212618111944,34.7549596879569],[135.42149889472776,34.75417374292667],[135.42155132292717,34.7537072057159],[135.42155381975252,34.753565488963],[135.42165462911137,34.75322936663384],[135.4245875881382,34.753323254564464],[135.424018920385,34.7563453338636]]]},"properties":{"KEY_CODE":"28202125107","PREF":"28","CITY":"202","CITY_NAME":"尼崎市","S_NAME":"塚口本町七丁目","SETAI":"846"}},{"type":"Feature","geometry":{"type":"Polygon","coordinates":[[[135.4283983507896,34.76130549363704],[135.42540574947245,34.76128670966115],[135.42457959636187,34.76126861571963],[135.42409152530436,34.761300309874386],[135.4238951677115,34.761320517636534],[135.42358657170178,34.76125482655777],[135.42323049747574,34.76055545801677],[135.42331469937707,34.76012370792612],[135.4233827990952,34.75976576559379],[135.42369255125274,34.758078583678866],[135.424018920385,34.7563453338636],[135.4245875881382,34.753323254564464],[135.42459649293485,34.75328007439689],[135.42915039796304,34.75341270267519],[135.42905618456496,34.75471838231483],[135.42869054109835,34.75463434481114],[135.42857882787663,34.755765526918],[135.4282608821729,34.75582416199306],[135.42854796699976,34.757754600516805],[135.4286627493559,34.759074878324945],[135.42868218089077,34.75926048419985],[135.42865107226646,34.75939302211124],[135.42876584000442,34.7597091836061],[135.42876073785882,34.75974937104309],[135.4288049287768,34.76015588813077],[135.42881941836401,34.76029026919351],[135.42875130311788,34.760383523067944],[135.42839710968232,34.76115338737221],[135.4283983507896,34.76130549363704]]]},"properties":{"KEY_CODE":"282021252","PREF":"28","CITY":"202","CITY_NAME":"尼崎市","S_NAME":"塚口本町","SETAI":"0"}},{"type":"Feature","geometry":{"type":"Polygon","coordinates":[[[135.39263783385493,34.75144971360393],[135.39504671643513,34.751834936815975],[135.39542704776207,34.751884578090795],[135.3949327333444,34.75223637032332],[135.39397637358468,34.75395675348053],[135.3938449716493,34.75625912481554],[135.38861480871591,34.754875664273555],[135.39262626363643,34.75202054329559],[135.39263783385493,34.75144971360393]]]},"properties":{"KEY_CODE":"28202126001","PREF":"28","CITY":"202","CITY_NAME":"尼崎市","S_NAME":"武庫之荘一丁目","SETAI":"1617"}},{"type":"Feature","geometry":{"type":"Polygon","coordinates":[[[135.39263783385493,34.75144971360393],[135.39262626363643,34.75202054329559],[135.38861480871591,34.754875664273555],[135.38578541975522,34.7539632260494],[135.3858386016376,34.752983142805135],[135.38900312628468,34.75307784810819],[135.38914595373075,34.750931017081925],[135.39263783385493,34.75144971360393]]]},"properties":{"KEY_CODE":"28202126002","PREF":"28","CITY":"202","CITY_NAME":"尼崎市","S_NAME":"武庫之荘二丁目","SETAI":"1039"}},{"type":"Feature","geometry":{"type":"Polygon","coordinates":[[[135.38856608485725,34.75795340881098],[135.38560231348782,34.75791062724933],[135.38572955430323,34.754892908165495],[135.38576067384918,34.75436641723386],[135.38578541975522,34.7539632260494],[135.38861480871591,34.754875664273555],[135.38856608485725,34.75795340881098]]]},"properties":{"KEY_CODE":"28202126003","PREF":"28","CITY":"202","CITY_NAME":"尼崎市","S_NAME":"武庫之荘三丁目","SETAI":"621"}},{"type":"Feature","geometry":{"type":"Polygon","coordinates":[[[135.38861480871591,34.754875664273555],[135.3938449716493,34.75625912481554],[135.39381961463417,34.75695205090214],[135.391442214208,34.75778137861891],[135.39090100488676,34.75799257208602],[135.38856608485725,34.75795340881098],[135.38861480871591,34.754875664273555]]]},"properties":{"KEY_CODE":"28202126004","PREF":"28","CITY":"202","CITY_NAME":"尼崎市","S_NAME":"武庫之荘四丁目","SETAI":"624"}},{"type":"Feature","geometry":{"type":"Polygon","coordinates":[[[135.3903082415758,34.76114856623835],[135.38717719747657,34.76091882211827],[135.38544289043995,34.76093510376044],[135.38553117907804,34.75890847171044],[135.38560231348782,34.75791062724933],[135.38856608485725,34.75795340881098],[135.39090100488676,34.75799257208602],[135.391442214208,34.75778137861891],[135.3912981195303,34.7592284694141],[135.39032514618074,34.75920763119069],[135.3903082415758,34.76114856623835]]]},"properties":{"KEY_CODE":"28202126005","PREF":"28","CITY":"202","CITY_NAME":"尼崎市","S_NAME":"武庫之荘五丁目","SETAI":"1164"}},{"type":"Feature","geometry":{"type":"Polygon","coordinates":[[[135.38544289043995,34.76093510376044],[135.38717719747657,34.76091882211827],[135.3903082415758,34.76114856623835],[135.39031761499606,34.7615892085727],[135.39024434653376,34.76401347385913],[135.38911999675037,34.76376393208101],[135.3853443730521,34.762888157750645],[135.38544289043995,34.76093510376044]]]},"properties":{"KEY_CODE":"28202126006","PREF":"28","CITY":"202","CITY_NAME":"尼崎市","S_NAME":"武庫之荘六丁目","SETAI":"760"}},{"type":"Feature","geometry":{"type":"Polygon","coordinates":[[[135.3919217362746,34.76518133189552],[135.39028305936742,34.7653020677249],[135.39023304883645,34.764011036713356],[135.39024434653376,34.76401347385913],[135.39031761499606,34.7615892085727],[135.39086048654156,34.76115179486978],[135.39541023088603,34.76109412314872],[135.39541818763803,34.76157534054213],[135.39699180678218,34.76158482970052],[135.39598814736704,34.762014888641424],[135.39417008049682,34.764021692160505],[135.39353484601622,34.76409005036485],[135.39357114244777,34.76473905863263],[135.3919217362746,34.76518133189552]]]},"properties":{"KEY_CODE":"28202126007","PREF":"28","CITY":"202","CITY_NAME":"尼崎市","S_NAME":"武庫之荘七丁目","SETAI":"874"}},{"type":"Feature","geometry":{"type":"Polygon","coordinates":[[[135.38995516743876,34.7672609185887],[135.39010926129808,34.76751930936633],[135.3876244084583,34.76728100651971],[135.38514318946036,34.76703853547867],[135.38534331589923,34.762919154220086],[135.3853443730521,34.762888157750645],[135.38911999675037,34.76376393208101],[135.39023304883645,34.764011036713356],[135.39028305936742,34.7653020677249],[135.38975234618175,34.765510490675354],[135.38995516743876,34.7672609185887]]]},"properties":{"KEY_CODE":"28202126008","PREF":"28","CITY":"202","CITY_NAME":"尼崎市","S_NAME":"武庫之荘八丁目","SETAI":"806"}},{"type":"Feature","geometry":{"type":"Polygon","coordinates":[[[135.38975877334065,34.77029022230993],[135.38975732868784,34.77040418397936],[135.388709805287,34.77029693548507],[135.38845472869755,34.7709007241914],[135.38763536230877,34.77089656269529],[135.38755150824915,34.77089982554479],[135.38738509073008,34.770048977221045],[135.38639560027406,34.76990078307178],[135.38639396505553,34.7694834542833],[135.38637002315707,34.76945295657306],[135.3864464719102,34.768934525141454],[135.38508436384643,34.76894546756463],[135.38513735705646,34.76707661634793],[135.38514318946036,34.76703853547867],[135.3876244084583,34.76728100651971],[135.39010926129808,34.76751930936633],[135.39003362926658,34.767611238170964],[135.3902701113869,34.76790581582732],[135.39012872114597,34.76977374629595],[135.38978492439705,34.77006533810737],[135.389772388552,34.77018657789273],[135.38975877334065,34.77029022230993]]]},"properties":{"KEY_CODE":"28202126009","PREF":"28","CITY":"202","CITY_NAME":"尼崎市","S_NAME":"武庫之荘九丁目","SETAI":"788"}},{"type":"Feature","geometry":{"type":"Polygon","coordinates":[[[135.3859494413234,34.750434172196776],[135.3882544384626,34.75079353015659],[135.38914595373075,34.750931017081925],[135.38900312628468,34.75307784810819],[135.3858386016376,34.752983142805135],[135.3859494413234,34.750434172196776]]]},"properties":{"KEY_CODE":"282021270","PREF":"28","CITY":"202","CITY_NAME":"尼崎市","S_NAME":"武庫之荘西","SETAI":"796"}},{"type":"Feature","geometry":{"type":"Polygon","coordinates":[[[135.38284343913068,34.7549920642802],[135.3817614235816,34.75499632034835],[135.38179770331323,34.75351269713951],[135.38179301441693,34.75289876270329],[135.38194521554894,34.75145906814592],[135.38210218985083,34.74984383076358],[135.3859494413234,34.750434172196776],[135.3858386016376,34.752983142805135],[135.38576067384918,34.75436641723386],[135.38572955430323,34.754892908165495],[135.38401173160076,34.75494183917377],[135.38284343913068,34.7549920642802]]]},"properties":{"KEY_CODE":"28202128001","PREF":"28","CITY":"202","CITY_NAME":"尼崎市","S_NAME":"武庫町一丁目","SETAI":"1307"}},{"type":"Feature","geometry":{"type":"Polygon","coordinates":[[[135.3817614235816,34.75499632034835],[135.3817613448908,34.7550237871405],[135.37905005746046,34.75489372918283],[135.379205612357,34.752789470248835],[135.37844742943477,34.751099415185394],[135.38194521554894,34.75145906814592],[135.38179301441693,34.75289876270329],[135.38179770331323,34.75351269713951],[135.3817614235816,34.75499632034835]]]},"properties":{"KEY_CODE":"28202128002","PREF":"28","CITY":"202","CITY_NAME":"尼崎市","S_NAME":"武庫町二丁目","SETAI":"627"}},{"type":"Feature","geometry":{"type":"Polygon","coordinates":[[[135.37896329804465,34.75570057133501],[135.3768578019145,34.75560145698798],[135.37580858418482,34.755812150666465],[135.3736979206203,34.7556004843752],[135.37370362911759,34.75554550317585],[135.3743714434798,34.75308684916316],[135.37499961005295,34.75108122333768],[135.37804139541083,34.75156940473969],[135.37844742943477,34.751099415185394],[135.379205612357,34.752789470248835],[135.37905005746046,34.75489372918283],[135.37896329804465,34.75570057133501]]]},"properties":{"KEY_CODE":"28202128003","PREF":"28","CITY":"202","CITY_NAME":"尼崎市","S_NAME":"武庫町三丁目","SETAI":"854"}},{"type":"Feature","geometry":{"type":"Polygon","coordinates":[[[135.37844742943477,34.751099415185394],[135.37804139541083,34.75156940473969],[135.37499961005295,34.75108122333768],[135.37566858755332,34.74885593824392],[135.38210218985083,34.74984383076358],[135.38194521554894,34.75145906814592],[135.37844742943477,34.751099415185394]]]},"properties":{"KEY_CODE":"28202128004","PREF":"28","CITY":"202","CITY_NAME":"尼崎市","S_NAME":"武庫町四丁目","SETAI":"375"}},{"type":"Feature","geometry":{"type":"Polygon","coordinates":[[[135.38553117907804,34.75890847171044],[135.38296176114724,34.75889953920416],[135.3828929896262,34.75989764373913],[135.38172974341674,34.75990049062595],[135.3817613448908,34.7550237871405],[135.3817614235816,34.75499632034835],[135.38284343913068,34.7549920642802],[135.38401173160076,34.75494183917377],[135.38572955430323,34.754892908165495],[135.38560231348782,34.75791062724933],[135.38553117907804,34.75890847171044]]]},"properties":{"KEY_CODE":"28202129001","PREF":"28","CITY":"202","CITY_NAME":"尼崎市","S_NAME":"武庫元町一丁目","SETAI":"1178"}},{"type":"Feature","geometry":{"type":"Polygon","coordinates":[[[135.38171348691233,34.7603898088608],[135.3803522989177,34.76038237545202],[135.37828931750573,34.76036842098188],[135.37832781108563,34.75837883818313],[135.37892639832245,34.75789662938058],[135.37896329804465,34.75570057133501],[135.37905005746046,34.75489372918283],[135.3817613448908,34.7550237871405],[135.38172974341674,34.75990049062595],[135.38171348691233,34.7603898088608]]]},"properties":{"KEY_CODE":"28202129002","PREF":"28","CITY":"202","CITY_NAME":"尼崎市","S_NAME":"武庫元町二丁目","SETAI":"706"}},{"type":"Feature","geometry":{"type":"Polygon","coordinates":[[[135.37828931750573,34.76036842098188],[135.3782392834918,34.760846901639276],[135.37670047107684,34.76032881520317],[135.37333966692108,34.76025674196353],[135.3736979206203,34.7556004843752],[135.37580858418482,34.755812150666465],[135.3768578019145,34.75560145698798],[135.37896329804465,34.75570057133501],[135.37892639832245,34.75789662938058],[135.37832781108563,34.75837883818313],[135.37828931750573,34.76036842098188]]]},"properties":{"KEY_CODE":"28202129003","PREF":"28","CITY":"202","CITY_NAME":"尼崎市","S_NAME":"武庫元町三丁目","SETAI":"1062"}},{"type":"Feature","geometry":{"type":"Polygon","coordinates":[[[135.37828931750573,34.76036842098188],[135.3803522989177,34.76038237545202],[135.38025108042174,34.7639008757371],[135.37988543234812,34.76417333030019],[135.3779603642899,34.763983958655366],[135.37767702685144,34.76382224266016],[135.37775949372266,34.7619754425652],[135.3782392834918,34.760846901639276],[135.37828931750573,34.76036842098188]]]},"properties":{"KEY_CODE":"28202130002","PREF":"28","CITY":"202","CITY_NAME":"尼崎市","S_NAME":"武庫豊町二丁目","SETAI":"786"}},{"type":"Feature","geometry":{"type":"Polygon","coordinates":[[[135.3779603642899,34.763983958655366],[135.37717757756607,34.76417645559936],[135.37367325823547,34.76454043501177],[135.37367197188445,34.7645329808721],[135.3733117337353,34.76191396495515],[135.37333966692108,34.76025674196353],[135.37670047107684,34.76032881520317],[135.3782392834918,34.760846901639276],[135.37775949372266,34.7619754425652],[135.37767702685144,34.76382224266016],[135.3779603642899,34.763983958655366]]]},"properties":{"KEY_CODE":"28202130003","PREF":"28","CITY":"202","CITY_NAME":"尼崎市","S_NAME":"武庫豊町三丁目","SETAI":"973"}},{"type":"Feature","geometry":{"type":"Polygon","coordinates":[[[135.38281874018242,34.76456681074675],[135.3815994728006,34.76461873369712],[135.38171348691233,34.7603898088608],[135.38172974341674,34.75990049062595],[135.3828929896262,34.75989764373913],[135.38288644890525,34.76028433861436],[135.38385865828056,34.76029679343073],[135.38389091137535,34.762881423025895],[135.38289742901645,34.76286957471435],[135.38281874018242,34.76456681074675]]]},"properties":{"KEY_CODE":"28202131201","PREF":"28","CITY":"202","CITY_NAME":"尼崎市","S_NAME":"常吉一丁目","SETAI":"454"}},{"type":"Feature","geometry":{"type":"Polygon","coordinates":[[[135.3815994728006,34.76461873369712],[135.38045758037632,34.764520394618586],[135.38025108042174,34.7639008757371],[135.3803522989177,34.76038237545202],[135.38171348691233,34.7603898088608],[135.3815994728006,34.76461873369712]]]},"properties":{"KEY_CODE":"28202131202","PREF":"28","CITY":"202","CITY_NAME":"尼崎市","S_NAME":"常吉二丁目","SETAI":"349"}},{"type":"Feature","geometry":{"type":"Polygon","coordinates":[[[135.38372836909036,34.77285665208335],[135.38330725297234,34.77305818439211],[135.38308257063667,34.77303434821345],[135.3823052690372,34.772546666329305],[135.38045194823175,34.77117032177135],[135.38014982904386,34.76878070311739],[135.380106751349,34.76659421350219],[135.38274573459057,34.76684740293633],[135.38461655114648,34.76702534226291],[135.38513735705646,34.76707661634793],[135.38508436384643,34.76894546756463],[135.38505575134494,34.768943743103215],[135.38377954019245,34.76888462799647],[135.38390133956688,34.76952501322135],[135.38303751244572,34.76987769797357],[135.3826872122967,34.770682304946234],[135.38392244087527,34.77112757720393],[135.38384779974143,34.77242870131655],[135.38372836909036,34.77285665208335]]]},"properties":{"KEY_CODE":"28202132001","PREF":"28","CITY":"202","CITY_NAME":"尼崎市","S_NAME":"西昆陽一丁目","SETAI":"733"}},{"type":"Feature","geometry":{"type":"Polygon","coordinates":[[[135.38023746655983,34.77291830048404],[135.3802090885358,34.77362364630182],[135.3793794292109,34.774266727062276],[135.37784177657255,34.774267265297986],[135.37778874203386,34.77569905087918],[135.3761596411821,34.77594951848857],[135.37606619673056,34.773971924391404],[135.3742777466124,34.77394132600246],[135.37428051641635,34.77103878044179],[135.3743367838304,34.77021910767261],[135.3744398514566,34.769551294199616],[135.3766187597262,34.77023350100544],[135.38014982904386,34.76878070311739],[135.38045194823175,34.77117032177135],[135.3802742427075,34.77182413406335],[135.38024675318331,34.772626659134346],[135.38023746655983,34.77291830048404]]]},"properties":{"KEY_CODE":"28202132002","PREF":"28","CITY":"202","CITY_NAME":"尼崎市","S_NAME":"西昆陽二丁目","SETAI":"1510"}},{"type":"Feature","geometry":{"type":"Polygon","coordinates":[[[135.37816659098587,34.77840423168472],[135.3778562206629,34.778760574707164],[135.37654426382633,34.7786881689867],[135.3761991777984,34.779050600953965],[135.3762901934885,34.7803583618365],[135.37548579218966,34.780172150983354],[135.37526132250144,34.78076474732681],[135.37588247172204,34.778874696485225],[135.3761596411821,34.77594951848857],[135.37778874203386,34.77569905087918],[135.37784177657255,34.774267265297986],[135.3793794292109,34.774266727062276],[135.3802090885358,34.77362364630182],[135.38023746655983,34.77291830048404],[135.38024675318331,34.772626659134346],[135.3802742427075,34.77182413406335],[135.38045194823175,34.77117032177135],[135.3823052690372,34.772546666329305],[135.38308257063667,34.77303434821345],[135.3832040052283,34.77337627261741],[135.3837189364518,34.77397664093126],[135.38369544810345,34.773975435816084],[135.38346058479053,34.77396323733709],[135.38343399501755,34.773986566495],[135.38338629902827,34.774041628519484],[135.38297878537702,34.77382865786885],[135.3827959413579,34.77364407283776],[135.38276287655347,34.77363196763418],[135.38266134758078,34.77359479509169],[135.38268677517644,34.77379109111891],[135.38268606082084,34.773794703291344],[135.38148724588766,34.77375616550098],[135.38148277474588,34.77459624026386],[135.38034726279892,34.77479081727815],[135.37942534432244,34.77623881214895],[135.37933853553858,34.77637364903077],[135.37909230829598,34.77658408467259],[135.3789514506215,34.77779830546539],[135.37895846630607,34.777961914668545],[135.37895406911414,34.77800561576014],[135.37891876303496,34.778089162284935],[135.37887322606724,34.7781868824093],[135.37831117783972,34.77878920261036],[135.3782652302076,34.77855057309103],[135.37816659098587,34.77840423168472]]]},"properties":{"KEY_CODE":"28202132003","PREF":"28","CITY":"202","CITY_NAME":"尼崎市","S_NAME":"西昆陽三丁目","SETAI":"1013"}},{"type":"Feature","geometry":{"type":"Polygon","coordinates":[[[135.3742777466124,34.77394132600246],[135.37606619673056,34.773971924391404],[135.3761596411821,34.77594951848857],[135.37588247172204,34.778874696485225],[135.37526132250144,34.78076474732681],[135.37302452751666,34.78095291038253],[135.37360270969617,34.778621389391624],[135.374030696172,34.776185510274395],[135.37407946734572,34.77583521858991],[135.3742777466124,34.77394132600246]]]},"properties":{"KEY_CODE":"28202132004","PREF":"28","CITY":"202","CITY_NAME":"尼崎市","S_NAME":"西昆陽四丁目","SETAI":"133"}},{"type":"Feature","geometry":{"type":"Polygon","coordinates":[[[135.38281874018242,34.76456681074675],[135.38274573459057,34.76684740293633],[135.380106751349,34.76659421350219],[135.37391916863706,34.766005161748666],[135.373782387571,34.765334046670674],[135.37368645939688,34.764708076502465],[135.37367325823547,34.76454043501177],[135.37717757756607,34.76417645559936],[135.3779603642899,34.763983958655366],[135.37988543234812,34.76417333030019],[135.38025108042174,34.7639008757371],[135.38045758037632,34.764520394618586],[135.3815994728006,34.76461873369712],[135.38281874018242,34.76456681074675]]]},"properties":{"KEY_CODE":"28202133001","PREF":"28","CITY":"202","CITY_NAME":"尼崎市","S_NAME":"常松一丁目","SETAI":"1115"}},{"type":"Feature","geometry":{"type":"Polygon","coordinates":[[[135.38014982904386,34.76878070311739],[135.3766187597262,34.77023350100544],[135.3744398514566,34.769551294199616],[135.37403692150937,34.767987485949],[135.37395316342446,34.76764466540473],[135.37396918135877,34.767065065238825],[135.37391916863706,34.766005161748666],[135.380106751349,34.76659421350219],[135.38014982904386,34.76878070311739]]]},"properties":{"KEY_CODE":"28202133002","PREF":"28","CITY":"202","CITY_NAME":"尼崎市","S_NAME":"常松二丁目","SETAI":"245"}},{"type":"Feature","geometry":{"type":"Polygon","coordinates":[[[135.3853443730521,34.762888157750645],[135.3848697635373,34.762890712124054],[135.3846437493171,34.76287407349154],[135.38401286992953,34.76288234109537],[135.38389091137535,34.762881423025895],[135.38385865828056,34.76029679343073],[135.38288644890525,34.76028433861436],[135.3828929896262,34.75989764373913],[135.38296176114724,34.75889953920416],[135.38553117907804,34.75890847171044],[135.38544289043995,34.76093510376044],[135.3853443730521,34.762888157750645]]]},"properties":{"KEY_CODE":"28202134001","PREF":"28","CITY":"202","CITY_NAME":"尼崎市","S_NAME":"武庫の里一丁目","SETAI":"349"}},{"type":"Feature","geometry":{"type":"Polygon","coordinates":[[[135.3846437493171,34.76287407349154],[135.3848697635373,34.762890712124054],[135.38534331589923,34.762919154220086],[135.38514318946036,34.76703853547867],[135.38461655114648,34.76702534226291],[135.38274573459057,34.76684740293633],[135.38281874018242,34.76456681074675],[135.38289742901645,34.76286957471435],[135.38389091137535,34.762881423025895],[135.38401286992953,34.76288234109537],[135.3846437493171,34.76287407349154]]]},"properties":{"KEY_CODE":"28202134002","PREF":"28","CITY":"202","CITY_NAME":"尼崎市","S_NAME":"武庫の里二丁目","SETAI":"385"}},{"type":"Feature","geometry":{"type":"Polygon","coordinates":[[[135.4314932338722,34.76548332094798],[135.43002086185862,34.76657550542345],[135.42962488831373,34.765959042321974],[135.43070162206283,34.76486141261474],[135.4314932338722,34.76548332094798]]]},"properties":{"KEY_CODE":"282021350","PREF":"28","CITY":"202","CITY_NAME":"尼崎市","S_NAME":"上食満","SETAI":"0"}},{"type":"Feature","geometry":{"type":"Polygon","coordinates":[[[135.43037540838887,34.75994936003359],[135.43177420375284,34.7583778312272],[135.43200706079958,34.75846615681692],[135.43416698227264,34.75932627158707],[135.43154846170432,34.761148553609665],[135.42947904565665,34.762372444261075],[135.42957163035487,34.761140011663514],[135.42963060484573,34.761088634470845],[135.4304605585034,34.76022564499075],[135.43037540838887,34.75994936003359]]]},"properties":{"KEY_CODE":"28202136001","PREF":"28","CITY":"202","CITY_NAME":"尼崎市","S_NAME":"食満一丁目","SETAI":"300"}},{"type":"Feature","geometry":{"type":"Polygon","coordinates":[[[135.4289993773482,34.76654286572887],[135.42847331636008,34.766523650401616],[135.42893732723203,34.766362146831334],[135.42997300956645,34.764317525636145],[135.42943059094148,34.76343644989474],[135.42947904565665,34.762372444261075],[135.43154846170432,34.761148553609665],[135.43416698227264,34.75932627158707],[135.4347399818298,34.75955476377654],[135.43364420741347,34.76180291630885],[135.4322435708339,34.76263587017018],[135.4307016220628,34.76486141261475],[135.42962488831373,34.765959042321974],[135.4289993773482,34.76654286572887]]]},"properties":{"KEY_CODE":"28202136002","PREF":"28","CITY":"202","CITY_NAME":"尼崎市","S_NAME":"食満二丁目","SETAI":"523"}},{"type":"Feature","geometry":{"type":"Polygon","coordinates":[[[135.43903940024785,34.763127225701034],[135.43801312795978,34.763558946584524],[135.43758631193504,34.763044909730326],[135.435400782431,34.76449137662298],[135.4328525113256,34.764797370629864],[135.4314932338722,34.76548332094798],[135.4307016220628,34.76486141261475],[135.4322435708339,34.76263587017018],[135.43364420741347,34.76180291630885],[135.4347399818298,34.75955476377654],[135.43641032637248,34.760205733218186],[135.43863733122834,34.76267099795366],[135.43903940024785,34.763127225701034]]]},"properties":{"KEY_CODE":"28202136003","PREF":"28","CITY":"202","CITY_NAME":"尼崎市","S_NAME":"食満三丁目","SETAI":"649"}},{"type":"Feature","geometry":{"type":"Polygon","coordinates":[[[135.441374939605,34.75778677235736],[135.44124969246363,34.75866949990924],[135.4415825724932,34.76017428332971],[135.44089606110674,34.761134370415284],[135.43863733122834,34.76267099795366],[135.43641032637248,34.760205733218186],[135.4347399818298,34.75955476377654],[135.43416698227264,34.75932627158707],[135.43585666171387,34.75797896699824],[135.44033762866692,34.757813952493585],[135.44100808121752,34.75740981103814],[135.441374939605,34.75778677235736]]]},"properties":{"KEY_CODE":"28202136005","PREF":"28","CITY":"202","CITY_NAME":"尼崎市","S_NAME":"食満五丁目","SETAI":"723"}},{"type":"Feature","geometry":{"type":"Polygon","coordinates":[[[135.44100808121752,34.75740981103814],[135.44033762866692,34.757813952493585],[135.43585666171387,34.75797896699824],[135.4384477445769,34.75561397956302],[135.4393340638131,34.754716036588505],[135.43938871377122,34.75544162744042],[135.441118089517,34.755450555937955],[135.44100808121752,34.75740981103814]]]},"properties":{"KEY_CODE":"28202136006","PREF":"28","CITY":"202","CITY_NAME":"尼崎市","S_NAME":"食満六丁目","SETAI":"498"}},{"type":"Feature","geometry":{"type":"Polygon","coordinates":[[[135.4384477445769,34.75561397956302],[135.43585666171387,34.75797896699824],[135.43416698227264,34.75932627158707],[135.43200706079958,34.75846615681692],[135.43217754671082,34.75799460253534],[135.4341604340346,34.756434530927436],[135.43587925141003,34.75602600921547],[135.43627778731747,34.75583577322133],[135.4366209820789,34.75467374437596],[135.43736416095325,34.75456686345419],[135.43761118938525,34.75397065522494],[135.43841864983546,34.754333626635976],[135.4384477445769,34.75561397956302]]]},"properties":{"KEY_CODE":"28202136007","PREF":"28","CITY":"202","CITY_NAME":"尼崎市","S_NAME":"食満七丁目","SETAI":"713"}},{"type":"Feature","geometry":{"type":"Polygon","coordinates":[[[135.4384477445769,34.75561397956302],[135.43841864983546,34.754333626635976],[135.43761118938525,34.75397065522494],[135.43736416095325,34.75456686345419],[135.4366209820789,34.75467374437596],[135.43627778731747,34.75583577322133],[135.43587925141003,34.75602600921547],[135.43565688706482,34.753581023555306],[135.4415158814046,34.75378263751004],[135.441118089517,34.755450555937955],[135.43938871377122,34.75544162744042],[135.4393340638131,34.754716036588505],[135.4384477445769,34.75561397956302]]]},"properties":{"KEY_CODE":"28202138201","PREF":"28","CITY":"202","CITY_NAME":"尼崎市","S_NAME":"瓦宮一丁目","SETAI":"464"}},{"type":"Feature","geometry":{"type":"Polygon","coordinates":[[[135.43928416274187,34.750563785326264],[135.44160931190234,34.75065954521382],[135.44164672252327,34.751671499181604],[135.44304626427598,34.751919605653526],[135.4419104546922,34.753795806935884],[135.4415158814046,34.75378263751004],[135.43565688706482,34.753581023555306],[135.43542811123237,34.753573939836045],[135.43579385640578,34.751918171822524],[135.4359700314336,34.75158867667597],[135.43801582463735,34.75151604327209],[135.43795060436324,34.750603360178815],[135.43928416274187,34.750563785326264]]]},"properties":{"KEY_CODE":"28202138202","PREF":"28","CITY":"202","CITY_NAME":"尼崎市","S_NAME":"瓦宮二丁目","SETAI":"984"}},{"type":"Feature","geometry":{"type":"Polygon","coordinates":[[[135.43002086185862,34.76657550542345],[135.4289993773482,34.76654286572887],[135.42962488831373,34.765959042321974],[135.43002086185862,34.76657550542345]]]},"properties":{"KEY_CODE":"282021391","PREF":"28","CITY":"202","CITY_NAME":"尼崎市","S_NAME":"猪名寺","SETAI":"0"}},{"type":"Feature","geometry":{"type":"Polygon","coordinates":[[[135.4246551774372,34.77014767198562],[135.42355560998197,34.77015090112698],[135.42171318296212,34.771882681519365],[135.4216738846108,34.77003942526007],[135.42169594519933,34.769537372083505],[135.42180439730538,34.768642270470394],[135.4218846122702,34.76816913283085],[135.42193046747198,34.767899272145044],[135.4218888670007,34.767552865528124],[135.42214459694,34.76619740582179],[135.42847331636008,34.766523650401616],[135.4289993773482,34.76654286572887],[135.43002086185862,34.76657550542345],[135.42798347067645,34.76913014648227],[135.42718044634785,34.770104167543344],[135.42677238840827,34.76992866952556],[135.4253739530302,34.76979755000944],[135.4246551774372,34.77014767198562]],[[135.42322253930848,34.769697109900854],[135.42309522751367,34.77016920144493],[135.42325177837088,34.77016817057454],[135.42322253930848,34.769697109900854]]]},"properties":{"KEY_CODE":"28202139201","PREF":"28","CITY":"202","CITY_NAME":"尼崎市","S_NAME":"猪名寺一丁目","SETAI":"1066"}},{"type":"Feature","geometry":{"type":"Polygon","coordinates":[[[135.42943059094148,34.76343644989474],[135.42997300956645,34.764317525636145],[135.42893732723203,34.766362146831334],[135.42847331636008,34.766523650401616],[135.42214459694,34.76619740582179],[135.4226213017381,34.76318608448713],[135.42282307087712,34.762883561318475],[135.42422272837644,34.762959495274465],[135.4237150843291,34.76366168003457],[135.4247850924878,34.76370661037023],[135.4247313033376,34.764712917358345],[135.42835369578535,34.7629811810041],[135.42943059094148,34.76343644989474]]]},"properties":{"KEY_CODE":"28202139202","PREF":"28","CITY":"202","CITY_NAME":"尼崎市","S_NAME":"猪名寺二丁目","SETAI":"516"}},{"type":"Feature","geometry":{"type":"Polygon","coordinates":[[[135.4226213017381,34.76318608448713],[135.42214459694,34.76619740582179],[135.4218888670007,34.767552865528124],[135.42193046747198,34.767899272145044],[135.4218846122702,34.76816913283085],[135.42180439730538,34.768642270470394],[135.42169594519933,34.769537372083505],[135.4216738846108,34.77003942526007],[135.42171318296212,34.771882681519365],[135.42167445113054,34.771883872762665],[135.4215138027789,34.77188826845796],[135.42151013118993,34.7713889822313],[135.4215216957876,34.77034249227502],[135.42156278935812,34.76987266529706],[135.4217058801085,34.76814101328489],[135.42143943889536,34.76758351092709],[135.4212885685164,34.767292733019296],[135.4207381054052,34.76626042231456],[135.42012983234923,34.765444412483944],[135.4182910589504,34.765951569626026],[135.41796614648393,34.76596235727312],[135.41765497970266,34.76472436934169],[135.41820567968526,34.76470621389124],[135.4188543139092,34.763678821392915],[135.42044408658953,34.76362488957642],[135.42045387734746,34.763181962278],[135.4226213017381,34.76318608448713]]]},"properties":{"KEY_CODE":"28202139203","PREF":"28","CITY":"202","CITY_NAME":"尼崎市","S_NAME":"猪名寺三丁目","SETAI":"176"}},{"type":"Feature","geometry":{"type":"Polygon","coordinates":[[[135.43587925141003,34.75602600921547],[135.4341604340346,34.756434530927436],[135.43217754671082,34.75799460253534],[135.43125397960762,34.758028282123675],[135.43226891231765,34.7560783573366],[135.43267899523275,34.753512872301556],[135.43268383542693,34.75347888368323],[135.43542811123237,34.753573939836045],[135.43565688706482,34.753581023555306],[135.43587925141003,34.75602600921547]]]},"properties":{"KEY_CODE":"28202140201","PREF":"28","CITY":"202","CITY_NAME":"尼崎市","S_NAME":"口田中一丁目","SETAI":"1130"}},{"type":"Feature","geometry":{"type":"Polygon","coordinates":[[[135.43579385640578,34.751918171822524],[135.43542811123237,34.753573939836045],[135.43268383542693,34.75347888368323],[135.43282985757105,34.752288509082504],[135.4333716528307,34.752401647031],[135.434131768738,34.75251182412024],[135.43451190351547,34.75196470485173],[135.43579385640578,34.751918171822524]]]},"properties":{"KEY_CODE":"28202140202","PREF":"28","CITY":"202","CITY_NAME":"尼崎市","S_NAME":"口田中二丁目","SETAI":"103"}},{"type":"Feature","geometry":{"type":"Polygon","coordinates":[[[135.42943059094148,34.76343644989474],[135.42835369578535,34.7629811810041],[135.4247313033376,34.764712917358345],[135.4247850924878,34.76370661037023],[135.4237150843291,34.76366168003457],[135.42422272837644,34.762959495274465],[135.42282307087712,34.762883561318475],[135.4231027761473,34.76124788539501],[135.42358657170178,34.76125482655777],[135.4238951677115,34.761320517636534],[135.42409152530436,34.761300309874386],[135.42457959636187,34.76126861571963],[135.42540574947245,34.76128670966115],[135.4283983507896,34.76130549363704],[135.42839710968232,34.76115338737221],[135.42875130311788,34.760383523067944],[135.42881941836401,34.76029026919351],[135.4288049287768,34.76015588813077],[135.4297836710281,34.76068555423277],[135.43034669677735,34.75998497180386],[135.4304605585034,34.76022564499075],[135.42963060484573,34.761088634470845],[135.42957163035487,34.761140011663514],[135.42947904565665,34.762372444261075],[135.42943059094148,34.76343644989474]]]},"properties":{"KEY_CODE":"282021412","PREF":"28","CITY":"202","CITY_NAME":"尼崎市","S_NAME":"南清水","SETAI":"1142"}},{"type":"Feature","geometry":{"type":"Polygon","coordinates":[[[135.43200706079958,34.75846615681692],[135.43177420375284,34.7583778312272],[135.43037540838887,34.75994936003359],[135.43034669677735,34.75998497180386],[135.42978367102813,34.76068555423276],[135.4288049287768,34.76015588813077],[135.42876073785882,34.75974937104309],[135.42876584000442,34.7597091836061],[135.42865107226646,34.75939302211124],[135.42868218089077,34.75926048419985],[135.4286627493559,34.759074878324945],[135.42854796699976,34.757754600516805],[135.4282608821729,34.75582416199306],[135.42857882787663,34.755765526918],[135.43226891231765,34.7560783573366],[135.43125397960762,34.758028282123675],[135.43217754671082,34.75799460253534],[135.43200706079958,34.75846615681692]]]},"properties":{"KEY_CODE":"28202142201","PREF":"28","CITY":"202","CITY_NAME":"尼崎市","S_NAME":"御園一丁目","SETAI":"751"}},{"type":"Feature","geometry":{"type":"Polygon","coordinates":[[[135.43226891231765,34.7560783573366],[135.42857882787663,34.755765526918],[135.42869054109835,34.75463434481114],[135.42905618456496,34.75471838231483],[135.42915039796304,34.75341270267519],[135.42961630969882,34.75342639725778],[135.43267899523275,34.753512872301556],[135.43226891231765,34.7560783573366]]]},"properties":{"KEY_CODE":"28202142202","PREF":"28","CITY":"202","CITY_NAME":"尼崎市","S_NAME":"御園二丁目","SETAI":"648"}},{"type":"Feature","geometry":{"type":"Polygon","coordinates":[[[135.43300167549788,34.75126170942465],[135.43282985757105,34.752288509082504],[135.43268383542693,34.75347888368323],[135.43267899523275,34.753512872301556],[135.42961630969882,34.75342639725778],[135.42950716413216,34.75144689062224],[135.430717687516,34.75145880255713],[135.43071334123093,34.75054205000432],[135.43310817356542,34.75054734149872],[135.43300167549788,34.75126170942465]]]},"properties":{"KEY_CODE":"28202142203","PREF":"28","CITY":"202","CITY_NAME":"尼崎市","S_NAME":"御園三丁目","SETAI":"845"}},{"type":"Feature","geometry":{"type":"Polygon","coordinates":[[[135.45596177529606,34.754218952308506],[135.455930848245,34.75585353440042],[135.45664990235744,34.75786542979872],[135.45669659256563,34.759634933368595],[135.45623810900236,34.760517938933994],[135.45520591628144,34.76021125954462],[135.45355875458156,34.758291576913145],[135.45214144709635,34.75800067246575],[135.45147870681419,34.75793437185101],[135.45167673700394,34.75578949449552],[135.45171386469113,34.75393146185094],[135.4524962770928,34.75416117590601],[135.45596177529606,34.754218952308506]]]},"properties":{"KEY_CODE":"28202143001","PREF":"28","CITY":"202","CITY_NAME":"尼崎市","S_NAME":"東園田町一丁目","SETAI":"1293"}},{"type":"Feature","geometry":{"type":"Polygon","coordinates":[[[135.4503695708144,34.761485999620945],[135.4479433879601,34.76167194162917],[135.4479247284719,34.75696245390172],[135.447914914701,34.75573206231456],[135.45167673700394,34.75578949449552],[135.45147870681419,34.75793437185101],[135.45214144709635,34.75800067246575],[135.45091393271161,34.75881692948191],[135.4498226014804,34.76020997985728],[135.4503695708144,34.761485999620945]]]},"properties":{"KEY_CODE":"28202143002","PREF":"28","CITY":"202","CITY_NAME":"尼崎市","S_NAME":"東園田町二丁目","SETAI":"1416"}},{"type":"Feature","geometry":{"type":"Polygon","coordinates":[[[135.4479433879601,34.76167194162917],[135.44494341422538,34.76162950482259],[135.4443121417259,34.761634558466895],[135.44185928105992,34.76165098505294],[135.44089606110674,34.761134370415284],[135.4415825724932,34.76017428332971],[135.44124969246363,34.75866949990924],[135.441374939605,34.75778677235736],[135.44719578883954,34.757658182030546],[135.4479247284719,34.75696245390172],[135.4479433879601,34.76167194162917]]]},"properties":{"KEY_CODE":"28202143003","PREF":"28","CITY":"202","CITY_NAME":"尼崎市","S_NAME":"東園田町三丁目","SETAI":"1560"}},{"type":"Feature","geometry":{"type":"Polygon","coordinates":[[[135.4479247284719,34.75696245390172],[135.44719578883954,34.757658182030546],[135.441374939605,34.75778677235736],[135.44100808121752,34.75740981103814],[135.441118089517,34.755450555937955],[135.4415158814046,34.75378263751004],[135.4419104546922,34.753795806935884],[135.44419254742903,34.7538097983404],[135.4478012630354,34.75256084153925],[135.447914914701,34.75573206231456],[135.4479247284719,34.75696245390172]]]},"properties":{"KEY_CODE":"28202143004","PREF":"28","CITY":"202","CITY_NAME":"尼崎市","S_NAME":"東園田町四丁目","SETAI":"1236"}},{"type":"Feature","geometry":{"type":"Polygon","coordinates":[[[135.45167673700394,34.75578949449552],[135.447914914701,34.75573206231456],[135.4478012630354,34.75256084153925],[135.44926219859653,34.75139767429292],[135.45082500393247,34.750426519742845],[135.45125993373546,34.75101043497308],[135.45129567669775,34.75298357426163],[135.45170920591858,34.75299216664381],[135.45171386469113,34.75393146185094],[135.45167673700394,34.75578949449552]]]},"properties":{"KEY_CODE":"28202143005","PREF":"28","CITY":"202","CITY_NAME":"尼崎市","S_NAME":"東園田町五丁目","SETAI":"1836"}},{"type":"Feature","geometry":{"type":"Polygon","coordinates":[[[135.45754830360497,34.7516964391975],[135.45670888728816,34.75175546646656],[135.45632796228298,34.75244000002196],[135.45596177529606,34.754218952308506],[135.4524962770928,34.75416117590601],[135.45171386469113,34.75393146185094],[135.45170920591858,34.75299216664381],[135.45129567669775,34.75298357426163],[135.45125993373546,34.75101043497308],[135.45082500393247,34.750426519742845],[135.45083829272647,34.75041850994964],[135.45372401750737,34.74860793352236],[135.45578956035172,34.75086574672304],[135.456279193655,34.75074882747489],[135.45754830360497,34.7516964391975]]]},"properties":{"KEY_CODE":"28202143006","PREF":"28","CITY":"202","CITY_NAME":"尼崎市","S_NAME":"東園田町六丁目","SETAI":"1874"}},{"type":"Feature","geometry":{"type":"Polygon","coordinates":[[[135.4598125919232,34.74463207534909],[135.4597090663505,34.745728434891525],[135.4601274297175,34.747720986934425],[135.45905683604835,34.75016058549474],[135.45992814429175,34.75085508260065],[135.4595263881595,34.75202603788798],[135.45808249386482,34.752196591423],[135.45754830360497,34.7516964391975],[135.456279193655,34.75074882747489],[135.45578956035172,34.75086574672304],[135.45372401750737,34.74860793352236],[135.45788961952928,34.74588034988202],[135.4598125919232,34.74463207534909]]]},"properties":{"KEY_CODE":"28202143007","PREF":"28","CITY":"202","CITY_NAME":"尼崎市","S_NAME":"東園田町七丁目","SETAI":"773"}},{"type":"Feature","geometry":{"type":"Polygon","coordinates":[[[135.45463333356375,34.743310867031084],[135.45488195649284,34.74136215086238],[135.45537576285147,34.74113505037321],[135.4564252793242,34.742826986194935],[135.4576889301629,34.745124284894295],[135.45788961952928,34.74588034988202],[135.45372401750737,34.74860793352236],[135.45083829272647,34.75041850994964],[135.44914378256112,34.74861596083366],[135.44933660977665,34.74847615701512],[135.45232906346965,34.74637039632084],[135.45366646022006,34.74510675885145],[135.4539581163691,34.74478109898653],[135.45434834924734,34.744129445506964],[135.45463333356375,34.743310867031084]]]},"properties":{"KEY_CODE":"28202143008","PREF":"28","CITY":"202","CITY_NAME":"尼崎市","S_NAME":"東園田町八丁目","SETAI":"1120"}},{"type":"Feature","geometry":{"type":"Polygon","coordinates":[[[135.4478012630354,34.75256084153925],[135.44419254742903,34.7538097983404],[135.4419104546922,34.753795806935884],[135.44304626427598,34.751919605653526],[135.44465721414906,34.75091007969064],[135.4458892562432,34.7505989530024],[135.4467944435493,34.75018896864157],[135.44914378256112,34.74861596083366],[135.45083829272647,34.75041850994964],[135.45082500393247,34.750426519742845],[135.44926219859653,34.75139767429292],[135.4478012630354,34.75256084153925]]]},"properties":{"KEY_CODE":"28202143009","PREF":"28","CITY":"202","CITY_NAME":"尼崎市","S_NAME":"東園田町九丁目","SETAI":"1342"}},{"type":"Feature","geometry":{"type":"Polygon","coordinates":[[[135.42279904436833,34.74959535494798],[135.42537030341546,34.74960062734407],[135.42506369215246,34.75105692571848],[135.42486275810234,34.751996240165994],[135.42459649293485,34.75328007439689],[135.4245875881382,34.753323254564464],[135.42165462911137,34.75322936663384],[135.4217707531436,34.752929163472785],[135.4218726611934,34.752442603062],[135.4222414131462,34.74960626046299],[135.42279904436833,34.74959535494798]]]},"properties":{"KEY_CODE":"28202144001","PREF":"28","CITY":"202","CITY_NAME":"尼崎市","S_NAME":"東塚口町一丁目","SETAI":"1742"}},{"type":"Feature","geometry":{"type":"Polygon","coordinates":[[[135.4255101654977,34.74849159015046],[135.42537030341546,34.749600627344094],[135.42279904436833,34.74959535494798],[135.4222414131462,34.749606260463025],[135.4222275050462,34.74858945283585],[135.42222045669047,34.748090345866096],[135.42221207135526,34.747821257246294],[135.42209783945754,34.74456372839252],[135.42205187035967,34.74312493696174],[135.422043460489,34.742952048630585],[135.42630302899207,34.743316272572905],[135.42640347820318,34.74332494814095],[135.42619849109755,34.744547113526885],[135.4255101654977,34.74849159015046]]]},"properties":{"KEY_CODE":"28202144002","PREF":"28","CITY":"202","CITY_NAME":"尼崎市","S_NAME":"東塚口町二丁目","SETAI":"5"}},{"type":"Feature","geometry":{"type":"Polygon","coordinates":[[[135.45960156203145,34.74268901407968],[135.4598125919232,34.74463207534909],[135.45788961952928,34.74588034988202],[135.4576889301629,34.745124284894295],[135.4564252793242,34.742826986194935],[135.45960156203145,34.74268901407968]]]},"properties":{"KEY_CODE":"28202145001","PREF":"28","CITY":"202","CITY_NAME":"尼崎市","S_NAME":"戸ノ内町一丁目","SETAI":"121"}},{"type":"Feature","geometry":{"type":"Polygon","coordinates":[[[135.45501893076639,34.74060226298868],[135.45874486811942,34.74057530090734],[135.45937508426985,34.74085131024666],[135.45960156203145,34.74268901407968],[135.4564252793242,34.742826986194935],[135.45537576285147,34.74113505037321],[135.45501893076639,34.74060226298868]]]},"properties":{"KEY_CODE":"28202145002","PREF":"28","CITY":"202","CITY_NAME":"尼崎市","S_NAME":"戸ノ内町二丁目","SETAI":"265"}},{"type":"Feature","geometry":{"type":"Polygon","coordinates":[[[135.45937508426985,34.74085131024666],[135.45874486811942,34.74057530090734],[135.45501893076639,34.74060226298868],[135.45409676967907,34.73930253917924],[135.45538816452378,34.73911357876978],[135.45585275335267,34.73627508204831],[135.4579366584399,34.736724013083254],[135.45874748756202,34.73651903839687],[135.45916718321774,34.73811902751869],[135.45937508426985,34.74085131024666]]]},"properties":{"KEY_CODE":"28202145003","PREF":"28","CITY":"202","CITY_NAME":"尼崎市","S_NAME":"戸ノ内町三丁目","SETAI":"275"}},{"type":"Feature","geometry":{"type":"Polygon","coordinates":[[[135.45874748756202,34.73651903839687],[135.4579366584399,34.736724013083254],[135.45585275335267,34.73627508204831],[135.4555112611107,34.734384643726145],[135.45620121654835,34.73438306417783],[135.45989847977643,34.73330376216504],[135.45942305201362,34.73548852264556],[135.45909702882733,34.7353273097658],[135.45874748756202,34.73651903839687]]]},"properties":{"KEY_CODE":"28202145004","PREF":"28","CITY":"202","CITY_NAME":"尼崎市","S_NAME":"戸ノ内町四丁目","SETAI":"112"}},{"type":"Feature","geometry":{"type":"Polygon","coordinates":[[[135.45585275335267,34.73627508204831],[135.45408721315187,34.736265734134555],[135.45136468417985,34.73711238182732],[135.45088227632587,34.73634199514524],[135.45190720236042,34.73441348306924],[135.4555112611107,34.734384643726145],[135.45585275335267,34.73627508204831]]]},"properties":{"KEY_CODE":"28202145005","PREF":"28","CITY":"202","CITY_NAME":"尼崎市","S_NAME":"戸ノ内町五丁目","SETAI":"255"}},{"type":"Feature","geometry":{"type":"Polygon","coordinates":[[[135.45136468417985,34.73711238182732],[135.45408721315187,34.736265734134555],[135.45585275335267,34.73627508204831],[135.45538816452378,34.73911357876978],[135.45409676967907,34.73930253917924],[135.45290847381304,34.73807920565905],[135.45136468417985,34.73711238182732]]]},"properties":{"KEY_CODE":"28202145006","PREF":"28","CITY":"202","CITY_NAME":"尼崎市","S_NAME":"戸ノ内町六丁目","SETAI":"145"}},{"type":"Feature","geometry":{"type":"Polygon","coordinates":[[[135.43071334123093,34.75054205000432],[135.430717687516,34.75145880255713],[135.42950716413216,34.75144689062224],[135.42961630969882,34.75342639725778],[135.42915039796304,34.75341270267519],[135.42459649293485,34.75328007439689],[135.42486275810234,34.751996240165994],[135.42506369215246,34.75105692571848],[135.42537030341546,34.74960062734407],[135.4265048094231,34.74962861440972],[135.42666711099548,34.75056338439949],[135.42923086388186,34.75054075580545],[135.43071334123093,34.75054205000432]]]},"properties":{"KEY_CODE":"28202146001","PREF":"28","CITY":"202","CITY_NAME":"尼崎市","S_NAME":"上坂部一丁目","SETAI":"1955"}},{"type":"Feature","geometry":{"type":"Polygon","coordinates":[[[135.42923086388186,34.75054075580545],[135.42666711099548,34.75056338439949],[135.4265048094231,34.74962861440972],[135.42537030341546,34.74960062734407],[135.4255101654977,34.74849159015046],[135.42619849109755,34.744547113526885],[135.4268909598196,34.74445131236678],[135.4268790677894,34.745609487144705],[135.42735889353887,34.74558883583706],[135.42802914264473,34.7455543572243],[135.42912061163355,34.746502877613665],[135.42923086388186,34.75054075580545]]]},"properties":{"KEY_CODE":"28202146002","PREF":"28","CITY":"202","CITY_NAME":"尼崎市","S_NAME":"上坂部二丁目","SETAI":"1417"}},{"type":"Feature","geometry":{"type":"Polygon","coordinates":[[[135.43310817356542,34.75054734149872],[135.43071334123093,34.75054205000432],[135.42923086388186,34.75054075580545],[135.42912061163355,34.746502877613665],[135.42981405872686,34.74713299246299],[135.4307512924516,34.7479702091794],[135.43338596634297,34.74805868545856],[135.43311581738047,34.7505060028034],[135.43310817356542,34.75054734149872]]]},"properties":{"KEY_CODE":"28202146003","PREF":"28","CITY":"202","CITY_NAME":"尼崎市","S_NAME":"上坂部三丁目","SETAI":"1067"}},{"type":"Feature","geometry":{"type":"Polygon","coordinates":[[[135.43928416274187,34.750563785326264],[135.43795060436324,34.750603360178815],[135.43801582463735,34.75151604327209],[135.4359700314336,34.75158867667597],[135.43579385640578,34.751918171822524],[135.43451190351547,34.75196470485173],[135.434131768738,34.75251182412024],[135.4333716528307,34.752401647031],[135.43282985757105,34.752288509082504],[135.43300167549788,34.75126170942465],[135.43310817356542,34.75054734149872],[135.43311581738047,34.7505060028034],[135.43541766648667,34.74999192850914],[135.43572760676003,34.7499239076876],[135.43750920294755,34.74953168933564],[135.4379635918618,34.74951474917083],[135.43909226365346,34.74953957241292],[135.43928416274187,34.750563785326264]]]},"properties":{"KEY_CODE":"28202147001","PREF":"28","CITY":"202","CITY_NAME":"尼崎市","S_NAME":"若王寺一丁目","SETAI":"523"}},{"type":"Feature","geometry":{"type":"Polygon","coordinates":[[[135.43750920294755,34.74953168933564],[135.43572760676003,34.7499239076876],[135.43541766648667,34.74999192850914],[135.43311581738047,34.7505060028034],[135.43338596634297,34.74805868545856],[135.43340633570367,34.7477091922591],[135.4340752680007,34.74772230034714],[135.43412291030592,34.746881415229154],[135.43664744212808,34.747088141708446],[135.44049748878425,34.74709670005471],[135.44052339629638,34.74958811488848],[135.43909226365346,34.74953957241292],[135.4379635918618,34.74951474917083],[135.43750920294755,34.74953168933564]]]},"properties":{"KEY_CODE":"28202147002","PREF":"28","CITY":"202","CITY_NAME":"尼崎市","S_NAME":"若王寺二丁目","SETAI":"968"}},{"type":"Feature","geometry":{"type":"Polygon","coordinates":[[[135.44145928731206,34.744391073481516],[135.44151126517943,34.74636659740344],[135.44108512303106,34.747098113531486],[135.44049748878425,34.74709670005471],[135.43664744212808,34.747088141708446],[135.43412291030592,34.746881415229154],[135.43421792144403,34.74523753733543],[135.43535694422783,34.74534018932664],[135.43541491773266,34.74411553390592],[135.43543523294605,34.743878438973674],[135.43894064613878,34.74418538376501],[135.43888285617754,34.74322868822075],[135.44139831202224,34.74320467972412],[135.44145928731206,34.744391073481516]]]},"properties":{"KEY_CODE":"28202147003","PREF":"28","CITY":"202","CITY_NAME":"尼崎市","S_NAME":"若王寺三丁目","SETAI":"846"}},{"type":"Feature","geometry":{"type":"Polygon","coordinates":[[[135.4458892562432,34.7505989530024],[135.44465721414906,34.75091007969064],[135.44304626427598,34.751919605653526],[135.44164672252327,34.751671499181604],[135.44160931190234,34.75065954521382],[135.43928416274187,34.750563785326264],[135.43909226365346,34.74953957241292],[135.44052339629638,34.74958811488848],[135.44161757082853,34.74940646057939],[135.44333013158078,34.748774913137304],[135.44522829173275,34.74873237593717],[135.44530063062408,34.74966682577781],[135.4458892562432,34.7505989530024]]]},"properties":{"KEY_CODE":"28202148001","PREF":"28","CITY":"202","CITY_NAME":"尼崎市","S_NAME":"小中島一丁目","SETAI":"537"}},{"type":"Feature","geometry":{"type":"Polygon","coordinates":[[[135.44522829173275,34.74873237593717],[135.44333013158078,34.748774913137304],[135.44161757082853,34.74940646057939],[135.44052339629638,34.74958811488848],[135.44049748878425,34.74709670005471],[135.44108512303106,34.747098113531486],[135.44153078745111,34.74709997136209],[135.44489184160216,34.74697452660812],[135.4451278205154,34.746355442517206],[135.44522829173275,34.74873237593717]]]},"properties":{"KEY_CODE":"28202148002","PREF":"28","CITY":"202","CITY_NAME":"尼崎市","S_NAME":"小中島二丁目","SETAI":"442"}},{"type":"Feature","geometry":{"type":"Polygon","coordinates":[[[135.44145928731206,34.744391073481516],[135.4450962925002,34.74469706645949],[135.4451278205154,34.746355442517206],[135.44489184160216,34.74697452660812],[135.44153078745111,34.74709997136209],[135.44151126517943,34.74636659740344],[135.44145928731206,34.744391073481516]]]},"properties":{"KEY_CODE":"28202148003","PREF":"28","CITY":"202","CITY_NAME":"尼崎市","S_NAME":"小中島三丁目","SETAI":"755"}},{"type":"Feature","geometry":{"type":"Polygon","coordinates":[[[135.4443121417259,34.761634558466895],[135.4443110963691,34.7621548675745],[135.44434876474506,34.76433473648172],[135.44068004655588,34.76416588244209],[135.44025146526505,34.76409597228049],[135.43903940024785,34.763127225701034],[135.43863733122834,34.76267099795366],[135.44089606110674,34.761134370415284],[135.44185928105992,34.76165098505294],[135.4443121417259,34.761634558466895]]]},"properties":{"KEY_CODE":"28202149001","PREF":"28","CITY":"202","CITY_NAME":"尼崎市","S_NAME":"田能一丁目","SETAI":"378"}},{"type":"Feature","geometry":{"type":"Polygon","coordinates":[[[135.44249351917688,34.768102616538286],[135.44062278217754,34.76830964852827],[135.4396479692298,34.76862302743969],[135.4393384951986,34.76875035032666],[135.43896359227682,34.76810626668771],[135.44035893145465,34.76718834629187],[135.44068004655588,34.76416588244209],[135.44434876474506,34.76433473648172],[135.4478882895583,34.764523944882654],[135.45017786892694,34.76620157558889],[135.45006581976892,34.76678445376156],[135.4486435902337,34.76843375821166],[135.44774871455633,34.76867197114965],[135.44483468293933,34.76853283374981],[135.44299808395164,34.76816013439775],[135.44286364028105,34.7681327675154],[135.44249351917688,34.768102616538286]]]},"properties":{"KEY_CODE":"28202149002","PREF":"28","CITY":"202","CITY_NAME":"尼崎市","S_NAME":"田能二丁目","SETAI":"280"}},{"type":"Feature","geometry":{"type":"Polygon","coordinates":[[[135.4393384951986,34.76875035032666],[135.43625575413594,34.77030428626239],[135.43485805914844,34.76950578126675],[135.43374856631146,34.76937834209095],[135.4325392430111,34.76871895484788],[135.43399438480662,34.766780240416004],[135.43603293479566,34.7664096744786],[135.44025146526505,34.76409597228049],[135.44068004655588,34.76416588244209],[135.44035893145465,34.76718834629187],[135.43896359227682,34.76810626668771],[135.4393384951986,34.76875035032666]]]},"properties":{"KEY_CODE":"28202149003","PREF":"28","CITY":"202","CITY_NAME":"尼崎市","S_NAME":"田能三丁目","SETAI":"925"}},{"type":"Feature","geometry":{"type":"Polygon","coordinates":[[[135.43903940024785,34.763127225701034],[135.44025146526505,34.76409597228049],[135.43603293479566,34.7664096744786],[135.43399438480662,34.766780240416004],[135.43002086185862,34.76657550542345],[135.4314932338722,34.76548332094798],[135.4328525113256,34.764797370629864],[135.435400782431,34.76449137662298],[135.43758631193504,34.763044909730326],[135.43801312795978,34.763558946584524],[135.43903940024785,34.763127225701034]]]},"properties":{"KEY_CODE":"28202149004","PREF":"28","CITY":"202","CITY_NAME":"尼崎市","S_NAME":"田能四丁目","SETAI":"742"}},{"type":"Feature","geometry":{"type":"Polygon","coordinates":[[[135.43625575413594,34.77030428626239],[135.43368292730887,34.771373524187894],[135.43200662677071,34.7708096222177],[135.43163487584758,34.7710684802046],[135.43015493543896,34.77074603146872],[135.43019760012035,34.76991532990476],[135.42924700640208,34.76989571861623],[135.428821321932,34.76956249146562],[135.42798347067645,34.76913014648227],[135.43002086185862,34.76657550542345],[135.43399438480662,34.766780240416004],[135.4325392430111,34.76871895484788],[135.43374856631146,34.76937834209095],[135.43485805914844,34.76950578126675],[135.43625575413594,34.77030428626239]]]},"properties":{"KEY_CODE":"28202149005","PREF":"28","CITY":"202","CITY_NAME":"尼崎市","S_NAME":"田能五丁目","SETAI":"320"}},{"type":"Feature","geometry":{"type":"Polygon","coordinates":[[[135.4397808824214,34.774557393120986],[135.43884334884484,34.7745742221858],[135.43870352525792,34.772547245659645],[135.4363273101915,34.7726565480418],[135.43628644993854,34.771697866217764],[135.43582653228708,34.77167442536793],[135.43501227932512,34.77161461071589],[135.43452990952176,34.771654892163525],[135.43368292730887,34.771373524187894],[135.43625575413594,34.77030428626239],[135.43647903572645,34.77092609143516],[135.4377114278453,34.77072505192828],[135.4396080854427,34.769905548333426],[135.4398889487496,34.76981920509026],[135.4399579057953,34.769785536364076],[135.43999383791865,34.76976689726102],[135.43999509247323,34.769766244330846],[135.44012231861538,34.769693146860995],[135.44214939718663,34.770078169273546],[135.44215468128218,34.77051201928325],[135.44322541342507,34.77051340992801],[135.443355319684,34.77229888224104],[135.4424981218791,34.77244174309559],[135.44197358376252,34.772474972298745],[135.44202127437535,34.77352022118055],[135.4399402559862,34.77354407543212],[135.4397808824214,34.774557393120986]]]},"properties":{"KEY_CODE":"28202149006","PREF":"28","CITY":"202","CITY_NAME":"尼崎市","S_NAME":"田能六丁目","SETAI":"0"}},{"type":"Feature","geometry":{"type":"Polygon","coordinates":[[[135.40058210785935,34.717038036385546],[135.40053422726575,34.71769232000633],[135.40043131788622,34.71752264207035],[135.40033091362645,34.71721602837108],[135.39983009604381,34.71687080514874],[135.39982541161723,34.71632051181689],[135.39983918698874,34.71597190804996],[135.39987292370168,34.71520520152818],[135.39990917223412,34.71470737233218],[135.4001818939188,34.71390857279263],[135.40026445798728,34.713623879802356],[135.40055007877834,34.712648048808624],[135.40070757848127,34.71212239664624],[135.40076539496278,34.7114912689106],[135.40076339235517,34.711335497369824],[135.40035629710295,34.70964721691045],[135.4000663740192,34.709258589668416],[135.39733098111554,34.709173587508964],[135.39550078275636,34.70912413820496],[135.39549856639468,34.709110775328035],[135.39341256958554,34.709051821453116],[135.39100410045057,34.70901111484703],[135.3902625470943,34.70900907291958],[135.38917811633294,34.70897054588981],[135.38749388997925,34.70890464088909],[135.3871012157598,34.70896239657944],[135.38476809821896,34.70916770374898],[135.38433236652943,34.7092134286665],[135.3842696724211,34.70921932133608],[135.38380328193762,34.70903894683674],[135.38370952862758,34.70894932141771],[135.38357081343688,34.70877035345992],[135.38240197917602,34.70548468665726],[135.38203250603715,34.7045756449039],[135.38061388203192,34.70054089418145],[135.38056168095596,34.70037723903647],[135.38037124783665,34.699820922236654],[135.38034432398996,34.69976156815972],[135.37971362812766,34.69795859571826],[135.37956214013576,34.697541533428144],[135.37868312590453,34.69631030610879],[135.3783594220415,34.69601711655805],[135.37816593562735,34.69560886030357],[135.37841689042222,34.69516864309629],[135.37848881231957,34.69507703447467],[135.37846575395383,34.69471480979801],[135.37747321638014,34.69242810237557],[135.37713159193717,34.69155576709936],[135.37711805476505,34.691523487375555],[135.3760227720431,34.68895187878392],[135.37535010447908,34.68727107224497],[135.3754064987671,34.68706326075702],[135.3767702916581,34.685731020347674],[135.37419903280093,34.68345695134974],[135.37398047826508,34.6832631731888],[135.37360087041037,34.68292568981911],[135.3732058332064,34.68257481590477],[135.3727335668051,34.68216332915421],[135.37129739251608,34.68085046600784],[135.37009584069057,34.68189103307455],[135.3700731755111,34.681912776378745],[135.3692579361811,34.682608481720095],[135.3692298518336,34.68263308865466],[135.36879255621906,34.68300823617027],[135.3685486037185,34.68321764555368],[135.3701468876188,34.68598044912508],[135.37076714282253,34.687057720523086],[135.37097210513403,34.68739133128536],[135.3724013066575,34.68988143408496],[135.37279187993315,34.69083363517302],[135.3744504390904,34.69489319001467],[135.3744749707184,34.694938900257426],[135.3756299700941,34.69769154164623],[135.37405426872758,34.69686158929671],[135.37341456126163,34.695380629653144],[135.37163717840832,34.69126602363227],[135.3680132832423,34.68690783041612],[135.34800102520884,34.66305913084715],[135.34521085507617,34.65973055462072],[135.36994148047765,34.645954112767555],[135.38396904223734,34.66485822364794],[135.40730756806371,34.69688849654057],[135.40987088833796,34.69994476114885],[135.41255779545054,34.702129633324624],[135.41392507799648,34.70271292437841],[135.41765563682333,34.70393793537852],[135.42311334202742,34.70538501772922],[135.42497950831452,34.70595271851688],[135.42596729237033,34.706776731436015],[135.42822851145016,34.710079296955875],[135.42976782362993,34.71148524686568],[135.42935331380596,34.71183138970902],[135.42799929496863,34.71055955217434],[135.42761291753988,34.710083841488114],[135.42743231522684,34.70983319601996],[135.42626334178792,34.70827064124089],[135.42566389272395,34.707497943516444],[135.42549543275024,34.70734000760886],[135.42484430499988,34.706903703514456],[135.42442703287583,34.70672799240185],[135.42412334150632,34.70664267815175],[135.42167559639154,34.705966065065965],[135.42140084676532,34.70588921607203],[135.41791039187706,34.70493334250216],[135.41592920773473,34.704322309346914],[135.41511816133016,34.70401610299089],[135.41366431420263,34.703427676685884],[135.41393900903472,34.704320660092556],[135.4141965172371,34.704810244293036],[135.41424255330764,34.70492688629235],[135.41450978737888,34.70546230250033],[135.41481839737827,34.70584128247719],[135.4153298057051,34.70622071692991],[135.4158536467068,34.70646763385008],[135.416031862475,34.706485912687725],[135.41620080023912,34.7064663831925],[135.41662925202533,34.70684654675712],[135.4186096453988,34.70870314364468],[135.41901993382908,34.70894471741185],[135.41955740898783,34.709057964502925],[135.42031497667918,34.709059381712486],[135.42052325328797,34.70904118528019],[135.42156794669896,34.70896340805587],[135.4218018406088,34.70898019476993],[135.42308493379022,34.709600736805726],[135.4227897817458,34.7095363302325],[135.42225680017006,34.709401790371984],[135.4220602730585,34.709366360757244],[135.42102370512086,34.70925152241583],[135.42062394108706,34.7093191779357],[135.41971775966232,34.7094052901392],[135.41930405596807,34.709496306111575],[135.41931539838643,34.70987439884276],[135.41915630830403,34.70990384560828],[135.41894004397022,34.70950687304393],[135.4189463569921,34.70944202390697],[135.41899705151903,34.7093991753015],[135.41896397236548,34.709262982792325],[135.41885721439692,34.70916618019989],[135.41807051227894,34.70872371782263],[135.41781457380415,34.70887304689267],[135.41768095676537,34.70895269139972],[135.41762678353703,34.708507227733044],[135.4176029214416,34.708429970599525],[135.4174084785377,34.7081684428907],[135.4169588626405,34.70784692532764],[135.41565918434452,34.706956154043525],[135.4156093270852,34.706925608539116],[135.41548751552065,34.70685133291481],[135.41529526692565,34.706757398525404],[135.4144601728405,34.706413231641704],[135.41411432974382,34.70625952574032],[135.41336745154982,34.70506535226785],[135.41295286006755,34.7043261529598],[135.41288353019198,34.70420154626336],[135.4128603237546,34.70418104592429],[135.41244645412152,34.70425133208312],[135.41179054378227,34.704175155785954],[135.41146759426562,34.70426632654154],[135.4112659114507,34.70437093411055],[135.41032187734933,34.70480296709164],[135.41007553620267,34.70491684008914],[135.40968215759017,34.7051339903039],[135.40953148439306,34.70496403756653],[135.40950708072464,34.704936504023145],[135.40950050300248,34.704929097178734],[135.40936867947283,34.70477883816032],[135.41055418968452,34.70428524305139],[135.4121594923342,34.703587765904146],[135.41237544106528,34.70348500347107],[135.41247295324757,34.70335061002621],[135.41177511091098,34.70291449637611],[135.41133978965624,34.7026060683085],[135.41085611890574,34.70229792402514],[135.4103110487355,34.701929893202255],[135.4096073509301,34.70138901982081],[135.40863358366732,34.700563448424795],[135.4077110155411,34.69956796785519],[135.40744465321643,34.699220564899605],[135.4069541097907,34.69891217574067],[135.40679744307886,34.6988642518611],[135.40657119876875,34.69869749425257],[135.40665005710875,34.698439035315076],[135.40640235405886,34.69803709525885],[135.40575760209268,34.69720973329342],[135.40445441235212,34.695813021564554],[135.40341970614406,34.69440451234615],[135.39988282822122,34.68995989885111],[135.39862779132827,34.68831889294686],[135.39686242360384,34.6877953430981],[135.39469253176682,34.68713933864807],[135.39404323256542,34.68750273682248],[135.3929589556094,34.68604992115494],[135.39217948141547,34.68623399879699],[135.38935344172813,34.68459959376596],[135.3884021551971,34.68573475346556],[135.39288663888274,34.688248153778254],[135.3940166911992,34.68969776378342],[135.39547118206036,34.69152542239428],[135.39583582853803,34.69251007366741],[135.39743010241503,34.69453256516424],[135.398203605929,34.69510192910631],[135.39881706151576,34.69587636758175],[135.39996937321655,34.69739066982921],[135.4000866601009,34.697765591845446],[135.40115182635427,34.69911668262943],[135.4016683260068,34.6989386338465],[135.40253496071108,34.69885442954688],[135.40305845843605,34.69882280435033],[135.40392125953676,34.69922852058532],[135.4042241451358,34.69969829838482],[135.40265114455207,34.70036113737361],[135.40256885797007,34.700500600704984],[135.40263355709993,34.70060469067934],[135.4026424382369,34.70061897973894],[135.40257959246026,34.700652067987455],[135.40259156147948,34.700733940977756],[135.40256143837385,34.70077209541564],[135.40302151155456,34.701574892413205],[135.40308791062435,34.701645443400906],[135.4031046079241,34.70167065129961],[135.40335653622492,34.70207678688684],[135.40335477053122,34.7021118754975],[135.40367284142442,34.70256799764132],[135.40418351165923,34.703318933323445],[135.40477233564235,34.704204408988666],[135.4048909401193,34.7044278937854],[135.40494084031192,34.7045743696558],[135.40504052628174,34.704600539470604],[135.40519637365853,34.704835388626314],[135.405245309357,34.70490707778796],[135.4052554005538,34.704922343152525],[135.40522727299538,34.70494329542384],[135.40623490548336,34.706223566153554],[135.4092282197076,34.70489008406175],[135.4093922147086,34.70499597189687],[135.40938709519799,34.705022074784495],[135.40944051435216,34.70501808323948],[135.4094768621825,34.705210594001855],[135.40872384098566,34.70555795864131],[135.40649589008368,34.70656918849682],[135.40641127073448,34.706692618243665],[135.4064139632415,34.70672949841904],[135.407488946172,34.70840046005753],[135.4077163939882,34.70876989567579],[135.40801489291533,34.709318014085056],[135.4084446496388,34.71005076480989],[135.40855654454836,34.71009034530349],[135.40870381394166,34.71008270835053],[135.40899482578143,34.70996661390724],[135.40952405744002,34.70986546100248],[135.40966287911505,34.709712816678746],[135.41012369374943,34.709636628909735],[135.41016423229306,34.70973092573325],[135.41016222661142,34.709747141844325],[135.40899809556154,34.710218998683416],[135.40871647796754,34.710303458730614],[135.4086972051279,34.71032982834264],[135.40908442569042,34.71072757203518],[135.4097544972491,34.71130663399681],[135.4100109989222,34.71158706571551],[135.4106521788254,34.71234440964558],[135.41069016964553,34.71249197197137],[135.41073211658212,34.712615975416945],[135.41142789823462,34.713485093386176],[135.4116925099539,34.71361445075014],[135.4139411647914,34.71314294669284],[135.41398871737476,34.71313336994076],[135.4141006159971,34.71309462840918],[135.41431363426142,34.71302062120264],[135.4149268411291,34.712831222931676],[135.41533620332436,34.71274561172233],[135.41588111168437,34.71276049115481],[135.41615571468557,34.71300116471186],[135.41596253662638,34.71294175123669],[135.41563164485245,34.71287764437047],[135.41543066647446,34.71288055629563],[135.41521550532246,34.71291429950222],[135.41476650712556,34.7130275884839],[135.41446518760296,34.71314519974605],[135.41420294631104,34.71324415313719],[135.413974949225,34.71330096742028],[135.41311105887175,34.713613295735215],[135.4124915924213,34.71376823066471],[135.41210776593735,34.71389642780204],[135.4118402476761,34.713996831269235],[135.4112827548467,34.71426150168201],[135.41112382201894,34.713949505373186],[135.41101602876572,34.7137988991539],[135.41098814457834,34.713753227680265],[135.40975191127183,34.7121991156617],[135.408318681906,34.71086052869908],[135.40726050951622,34.70964918812722],[135.40712024194627,34.709518863383146],[135.40555367253842,34.71019072067849],[135.40600314452726,34.70974405745914],[135.40684376933697,34.70932832227844],[135.40695105283174,34.70918314160959],[135.40461455801113,34.70551209924457],[135.40436209977472,34.70514555084239],[135.40410360884627,34.704906247275986],[135.404138710545,34.70483748355538],[135.40412353826372,34.704844799740826],[135.40407511565286,34.70481282772701],[135.4040578599632,34.70474438109205],[135.40404983858525,34.70471740686704],[135.40374511094203,34.70427835017037],[135.40333832077394,34.703713978289215],[135.4032943051176,34.70368647466108],[135.40324832323518,34.703678707146274],[135.40323836767607,34.70366710319437],[135.403200245328,34.703587149013636],[135.40321425831002,34.70357632113364],[135.40322164531028,34.70355371927777],[135.4031791172293,34.703555782033895],[135.40306853787663,34.703445050623834],[135.40233151582137,34.70241296783718],[135.40227286282908,34.70234770175525],[135.40223682164947,34.70234350968568],[135.4022039983035,34.702337457773325],[135.40193142210111,34.70244717510563],[135.40099160143356,34.70287091716356],[135.40094953455213,34.70282254905787],[135.40048731155187,34.70295279474721],[135.40045466571914,34.70304688969071],[135.40029229613376,34.70306633748633],[135.3996205825435,34.703378707217745],[135.3995764601596,34.70342233575706],[135.39981130041872,34.70488253249297],[135.39981750993383,34.704941075181125],[135.39981834460121,34.70534490765943],[135.39988977021758,34.70564093121831],[135.39996938860372,34.70656778507198],[135.40004023737774,34.70707115499849],[135.4001324547808,34.707192896057215],[135.40020752228563,34.7072608377959],[135.40023773439177,34.70728254757262],[135.4005724825513,34.70754344803076],[135.40060684422477,34.70758272807513],[135.4008114052469,34.708045206273205],[135.4011323609224,34.70914939921206],[135.4011836112746,34.70931488041645],[135.40138075990782,34.71004251579303],[135.40116271807878,34.71048882978744],[135.4012405792338,34.71111200622548],[135.40122005529338,34.71172421173941],[135.40104614767984,34.71245960535206],[135.4008665709966,34.71301291879264],[135.4007003129557,34.71366696970161],[135.40063484232493,34.71392813111584],[135.4005969136381,34.71590709747162],[135.40058210785935,34.717038036385546]],[[135.3914757075016,34.70699556722073],[135.39135587436417,34.70829335383189],[135.39136712597605,34.70840678846261],[135.39142510304333,34.70849911374431],[135.39222235236795,34.70861574812477],[135.39417525281107,34.70869799238869],[135.39443077136457,34.70870577771129],[135.3945748872529,34.70871171130406],[135.39542370985416,34.70909917061876],[135.39552898748576,34.70870878226598],[135.39556869548102,34.70874632843753],[135.39618140830052,34.70876988279764],[135.39753123314617,34.70881490566744],[135.39881454177026,34.70886765856801],[135.39954023830688,34.708850615420594],[135.3999110156289,34.70882202112809],[135.40001735330148,34.70877517153493],[135.40005185486888,34.70873881037097],[135.40010664152942,34.70858240243994],[135.39951121136858,34.70744003568561],[135.39940056299815,34.70656021691103],[135.3993177065504,34.70614442258496],[135.39921204619404,34.70530709911588],[135.3990655995486,34.704188554531534],[135.3981823912565,34.70273232358235],[135.39725372802317,34.70129973115523],[135.39656817290418,34.70112370145512],[135.3962788213678,34.7013686284887],[135.394837892396,34.701784969890404],[135.393473445832,34.70203484269586],[135.39326885393143,34.702087041895346],[135.3922647108314,34.70234547229639],[135.39187211882256,34.7046017585597],[135.3918449725831,34.70478722266475],[135.3918391545961,34.70483910917356],[135.39183123201582,34.70490679011646],[135.39159363270056,34.70664606219952],[135.39148983199232,34.70689937964335],[135.39107713399,34.70689027037868],[135.3911265338555,34.70657079766205],[135.39133815236497,34.70518784315451],[135.39136830000018,34.704983759162786],[135.3913584967654,34.7049838439221],[135.39139689167456,34.704744614667106],[135.39140655090577,34.70455887810697],[135.39173980099503,34.70235550626149],[135.3895001922921,34.70113291041765],[135.38975266563756,34.70084958024439],[135.3899647686796,34.70069083387053],[135.3900651696173,34.700646583133846],[135.3904248356741,34.70073897989137],[135.3919304942945,34.70150744565693],[135.3922850264584,34.70158452697726],[135.39268819135725,34.70158343261275],[135.39364774332526,34.701346513570854],[135.39623775404968,34.700611738376296],[135.3947179243991,34.698803080056585],[135.3935647641193,34.700470819551626],[135.39266544212055,34.7012440226697],[135.39230643996387,34.701250791692054],[135.39215937692566,34.701193467180005],[135.39208874686346,34.700442181183625],[135.39233408119958,34.700081296175206],[135.39253343949179,34.699792926934755],[135.39262662260327,34.69965774231069],[135.39264269495897,34.699634221487216],[135.39274240514345,34.699489120857805],[135.39329980339346,34.69869183298389],[135.39330711362064,34.698670078232716],[135.39366358062085,34.69811807113812],[135.39334502362468,34.69730413840177],[135.3937921614762,34.69699545185615],[135.39202738106337,34.694690383136496],[135.391782624713,34.694667144776965],[135.38975979676232,34.69201626535125],[135.38919917513056,34.69185475138328],[135.38884728828566,34.69170692992683],[135.38870786618386,34.6916855948744],[135.38829834264197,34.691792792225414],[135.38578605217504,34.69257516122571],[135.3851870486904,34.692782573799725],[135.38606795304466,34.69447342368125],[135.38617065281738,34.69482622488545],[135.38623366799666,34.6950819013495],[135.3865715404063,34.695650598517986],[135.38511621877146,34.696219354061284],[135.38503963295,34.69586786650007],[135.38469701570634,34.69543583820409],[135.3838076665404,34.694322951222574],[135.38356446730748,34.69391036190965],[135.38340500218445,34.693726928197385],[135.3830343836937,34.693500229752196],[135.38165844733342,34.69110962234241],[135.3811459494267,34.69131415937584],[135.38037284450255,34.69134682889729],[135.3788729898856,34.6917488126706],[135.37911686408557,34.692494933899425],[135.38008787100168,34.69475435805689],[135.37989706120695,34.69522321102382],[135.37986489367765,34.69540435029568],[135.3797754874254,34.69554287426926],[135.37950862446553,34.69571460728774],[135.37972228952063,34.69630242522073],[135.37970163668177,34.69630795476817],[135.37971929826145,34.69632231262773],[135.379719729021,34.696356537487056],[135.37985357408525,34.69667275380354],[135.38025402466562,34.697791707663576],[135.3811847314335,34.70053600773334],[135.38238961536277,34.70398476965234],[135.382375550097,34.703992073695],[135.38278485618153,34.70502980047513],[135.38358328937545,34.70731459760222],[135.3836295470783,34.70743224025121],[135.3836676341466,34.70751037194944],[135.38414866187574,34.70877468121651],[135.38426505059502,34.70882678416646],[135.3843316084611,34.70882987332811],[135.38445702813456,34.70882062481563],[135.38568891318533,34.708691144665764],[135.3874483514135,34.70849470918541],[135.3895856259654,34.708577269866836],[135.39019513085256,34.70860355802993],[135.39054892779862,34.70861402335246],[135.3906240767318,34.70860168308764],[135.39071096021135,34.70856670331763],[135.39075646796485,34.708537433805475],[135.39082646259249,34.70846203248878],[135.3908360835637,34.70844744026708],[135.39085624552584,34.70840317758115],[135.39093877936384,34.70785254962365],[135.3914757075016,34.70699556722073]]]},"properties":{"KEY_CODE":"282021501","PREF":"28","CITY":"202","CITY_NAME":"尼崎市","S_NAME":"","SETAI":"0"}},{"type":"Feature","geometry":{"type":"Polygon","coordinates":[[[135.4503695708144,34.761485999620945],[135.4503435131004,34.76307953133139],[135.44998937860905,34.76457593102821],[135.45017786892694,34.76620157558889],[135.4478882895583,34.764523944882654],[135.44434876474506,34.76433473648172],[135.4443110963691,34.7621548675745],[135.44494341422538,34.76162950482259],[135.4479433879601,34.76167194162917],[135.4503695708144,34.761485999620945]]]},"properties":{"KEY_CODE":"282021502","PREF":"28","CITY":"202","CITY_NAME":"尼崎市","S_NAME":"椎堂","SETAI":"923"}}]}