{"type":"FeatureCollection","features":[{"type":"Feature","geometry":{"type":"Polygon","coordinates":[[[135.22543162222317,34.88220631331098],[135.22636095221432,34.881958222969686],[135.22770240086766,34.883446433453614],[135.2283422860361,34.884961243094516],[135.22710834264888,34.88543817236788],[135.22550991734948,34.886390293424306],[135.22477832062924,34.88728647661639],[135.22421980471034,34.88851626625849],[135.22343283644858,34.88832084366998],[135.22307656098957,34.88764579744417],[135.22373144941818,34.8849463376928],[135.2237436551736,34.88360546699724],[135.22285668793418,34.883002001743826],[135.22175178467324,34.88293295059195],[135.22216603853946,34.882058884289265],[135.22543162222317,34.88220631331098]]]},"properties":{"KEY_CODE":"282190011","PREF":"28","CITY":"219","CITY_NAME":"三田市","S_NAME":"三田町","SETAI":"626"}},{"type":"Feature","geometry":{"type":"Polygon","coordinates":[[[135.22307656098957,34.88764579744417],[135.22140336296624,34.886805788931355],[135.21987067924516,34.88772962248869],[135.2184737430436,34.88782602786838],[135.21869421537247,34.886942153217916],[135.21948858414632,34.886360484129256],[135.21952788440055,34.886018679839786],[135.2208821815167,34.88551534298949],[135.22120387389083,34.88442510895322],[135.22043368875367,34.88430661718136],[135.22097164912913,34.88307864928239],[135.22175178467324,34.88293295059195],[135.22285668793418,34.883002001743826],[135.2237436551736,34.88360546699724],[135.22373144941818,34.8849463376928],[135.22307656098957,34.88764579744417]]]},"properties":{"KEY_CODE":"282190012","PREF":"28","CITY":"219","CITY_NAME":"三田市","S_NAME":"屋敷町","SETAI":"228"}},{"type":"Feature","geometry":{"type":"Polygon","coordinates":[[[135.22343283644858,34.88832084366998],[135.22421980471034,34.88851626625849],[135.22338340400705,34.89028934190303],[135.22189974450868,34.89157804319323],[135.22060857328592,34.89209667536899],[135.21600048576863,34.89165516185421],[135.21765692133184,34.89048674137562],[135.22222955290107,34.88936450107627],[135.22343283644858,34.88832084366998]]]},"properties":{"KEY_CODE":"28219001301","PREF":"28","CITY":"219","CITY_NAME":"三田市","S_NAME":"天神一丁目","SETAI":"6"}},{"type":"Feature","geometry":{"type":"Polygon","coordinates":[[[135.21600048576863,34.89165516185421],[135.21485620935516,34.891744027973616],[135.21323783285436,34.89266639913548],[135.21378946740364,34.891771046218985],[135.21306953076584,34.891338311261514],[135.2136123448942,34.890194273025024],[135.21544051578516,34.89064629712355],[135.21846336558994,34.888894429419615],[135.2184737430436,34.88782602786838],[135.21987067924516,34.88772962248869],[135.22140336296624,34.886805788931355],[135.22307656098957,34.88764579744417],[135.22343283644858,34.88832084366998],[135.22222955290107,34.88936450107627],[135.21765692133184,34.89048674137562],[135.21600048576863,34.89165516185421]]]},"properties":{"KEY_CODE":"28219001302","PREF":"28","CITY":"219","CITY_NAME":"三田市","S_NAME":"天神二丁目","SETAI":"154"}},{"type":"Feature","geometry":{"type":"Polygon","coordinates":[[[135.2184737430436,34.88782602786838],[135.21846336558994,34.888894429419615],[135.21544051578516,34.89064629712355],[135.2136123448942,34.890194273025024],[135.2129449721465,34.89017590237216],[135.21241780413573,34.88938413156857],[135.21258503193386,34.887820132359636],[135.2130727138294,34.88779720397565],[135.21191603860385,34.88615038055427],[135.21112822686854,34.88592596094646],[135.2121432869966,34.884814640640926],[135.21296034658388,34.884378628550316],[135.2147884792279,34.884873130041456],[135.21571816933286,34.88537672649714],[135.2181297451885,34.886119181552914],[135.21948858414632,34.886360484129256],[135.21869421537247,34.886942153217916],[135.2184737430436,34.88782602786838]]]},"properties":{"KEY_CODE":"28219001303","PREF":"28","CITY":"219","CITY_NAME":"三田市","S_NAME":"天神三丁目","SETAI":"857"}},{"type":"Feature","geometry":{"type":"Polygon","coordinates":[[[135.22175178467324,34.88293295059195],[135.22097164912913,34.88307864928239],[135.22043368875367,34.88430661718136],[135.22120387389083,34.88442510895322],[135.2208821815167,34.88551534298949],[135.21952788440055,34.886018679839786],[135.21917159851742,34.88523544272603],[135.21955665092014,34.88252999797621],[135.2197006763151,34.88160574120991],[135.22216603853946,34.882058884289265],[135.22175178467324,34.88293295059195]]]},"properties":{"KEY_CODE":"28219001401","PREF":"28","CITY":"219","CITY_NAME":"三田市","S_NAME":"西山一丁目","SETAI":"315"}},{"type":"Feature","geometry":{"type":"Polygon","coordinates":[[[135.21952788440055,34.886018679839786],[135.21948858414632,34.886360484129256],[135.2181297451885,34.886119181552914],[135.21571816933286,34.88537672649714],[135.2147884792279,34.884873130041456],[135.21296034658388,34.884378628550316],[135.213688223246,34.88386727005452],[135.21346164564187,34.88240468936257],[135.21352230784493,34.88233149124071],[135.2133685838758,34.88184629643578],[135.21336184366734,34.88157575396271],[135.2134503274644,34.88126753966998],[135.21378292604615,34.88093986231336],[135.21456930844846,34.88077169774483],[135.21538448716362,34.881416007896576],[135.21559014797947,34.88164318707877],[135.21580258153242,34.88177685572187],[135.21617285998704,34.881862811912164],[135.2166386557169,34.88193024857718],[135.21672145574,34.88126935934618],[135.21685238862534,34.88091251576361],[135.2180327470031,34.88200854273193],[135.2191426005934,34.88210257644208],[135.21955665092014,34.88252999797621],[135.21917159851742,34.88523544272603],[135.21952788440055,34.886018679839786]]]},"properties":{"KEY_CODE":"28219001402","PREF":"28","CITY":"219","CITY_NAME":"三田市","S_NAME":"西山二丁目","SETAI":"660"}},{"type":"Feature","geometry":{"type":"Polygon","coordinates":[[[135.21955665092014,34.88252999797621],[135.2191426005934,34.88210257644208],[135.2180327470031,34.88200854273193],[135.21685238862534,34.88091251576361],[135.216545454267,34.880351116564384],[135.21632504350725,34.87984056639182],[135.21584643394058,34.8795413683065],[135.21558810462685,34.87937486367889],[135.21617937678258,34.879151914229766],[135.2172229796501,34.87866807895073],[135.2193958764296,34.878692883710166],[135.22290026040514,34.8800584026817],[135.2248378040686,34.88068404512023],[135.22543162222317,34.88220631331098],[135.22216603853946,34.882058884289265],[135.2197006763151,34.88160574120991],[135.21955665092014,34.88252999797621]]]},"properties":{"KEY_CODE":"28219001501","PREF":"28","CITY":"219","CITY_NAME":"三田市","S_NAME":"南が丘一丁目","SETAI":"819"}},{"type":"Feature","geometry":{"type":"Polygon","coordinates":[[[135.21995894390275,34.87674410311034],[135.2220991782421,34.879079057244525],[135.22307855192943,34.87982403598638],[135.22470852059303,34.88038630380074],[135.2248378040686,34.88068404512023],[135.22290026040514,34.8800584026817],[135.2193958764296,34.878692883710166],[135.2172229796501,34.87866807895073],[135.21617937678258,34.879151914229766],[135.21558810462685,34.87937486367889],[135.21491596589763,34.87891044298475],[135.2146470919706,34.87870048793519],[135.21435526094092,34.87857310341193],[135.21357698788333,34.878506746015084],[135.2130404877664,34.87817042151692],[135.21282958543293,34.87805857272706],[135.2125980758172,34.8780175124062],[135.21204492039072,34.878201147130234],[135.21191541773072,34.87816546926163],[135.21258468174847,34.87702779903957],[135.21493571222183,34.87502872012258],[135.21606203322384,34.87494735620721],[135.2187845949756,34.87525604877245],[135.21941871051973,34.87629247174587],[135.21995894390275,34.87674410311034]]]},"properties":{"KEY_CODE":"28219001502","PREF":"28","CITY":"219","CITY_NAME":"三田市","S_NAME":"南が丘二丁目","SETAI":"224"}},{"type":"Feature","geometry":{"type":"Polygon","coordinates":[[[135.22417501177327,34.876101664616655],[135.22421658594206,34.87616868828508],[135.22398848420258,34.87807318945958],[135.22470852059303,34.88038630380074],[135.22307855192943,34.87982403598638],[135.2220991782421,34.879079057244525],[135.21995894390275,34.87674410311034],[135.21941871051973,34.87629247174587],[135.2187845949756,34.87525604877245],[135.22010316809966,34.87562489949864],[135.2210352776821,34.87497577888825],[135.2219450231503,34.87505745425007],[135.22344465690082,34.87442279213316],[135.22417501177327,34.876101664616655]]]},"properties":{"KEY_CODE":"282190021","PREF":"28","CITY":"219","CITY_NAME":"三田市","S_NAME":"横山町","SETAI":"735"}},{"type":"Feature","geometry":{"type":"Polygon","coordinates":[[[135.22470852059303,34.88038630380074],[135.23005974951423,34.88188786252688],[135.23114271712956,34.882826627789996],[135.23177974695398,34.883864347743355],[135.2283422860361,34.884961243094516],[135.22770240086766,34.883446433453614],[135.22636095221432,34.881958222969686],[135.22543162222317,34.88220631331098],[135.2248378040686,34.88068404512023],[135.22470852059303,34.88038630380074]]]},"properties":{"KEY_CODE":"282190022","PREF":"28","CITY":"219","CITY_NAME":"三田市","S_NAME":"相生町","SETAI":"434"}},{"type":"Feature","geometry":{"type":"Polygon","coordinates":[[[135.22431424147663,34.8762853746376],[135.22506973624323,34.87706452669955],[135.225961840798,34.87770554077867],[135.22613622299838,34.877828279554244],[135.2266689604126,34.87821389086715],[135.22775541825985,34.87902706943972],[135.2282479193494,34.87935740260572],[135.2288322945925,34.879766499757196],[135.23158575365667,34.88175806089589],[135.23257974374005,34.88295898917617],[135.23280521362864,34.88355330192124],[135.23177974695398,34.883864347743355],[135.23114271712956,34.882826627789996],[135.23005974951423,34.88188786252688],[135.22470852059303,34.88038630380074],[135.22398848420258,34.87807318945958],[135.22421658594206,34.87616868828508],[135.22431424147663,34.8762853746376]]]},"properties":{"KEY_CODE":"282190023","PREF":"28","CITY":"219","CITY_NAME":"三田市","S_NAME":"対中町","SETAI":"279"}},{"type":"Feature","geometry":{"type":"Polygon","coordinates":[[[135.22944639622204,34.877771907699554],[135.2293981785173,34.87781677876438],[135.2294097339513,34.87785761393064],[135.2293041654947,34.878214501632456],[135.22928029880995,34.878259261855014],[135.2292978109831,34.87854832188851],[135.22917877240113,34.878681545335816],[135.2290691834416,34.87886618349034],[135.22939028428902,34.87925349576417],[135.22936542643455,34.879426518670776],[135.22889262270712,34.879578072511855],[135.2288322945925,34.879766499757196],[135.2282479193494,34.87935740260572],[135.22775541825985,34.87902706943972],[135.2266689604126,34.87821389086715],[135.22613622299838,34.877828279554244],[135.225961840798,34.87770554077867],[135.22506973624323,34.87706452669955],[135.22431424147663,34.8762853746376],[135.22417501177327,34.876101664616655],[135.22344465690082,34.87442279213316],[135.22578407187729,34.87374159727978],[135.22619846277084,34.872818905936114],[135.22907488641204,34.87286295713509],[135.2297087125991,34.87306333526399],[135.22978454066694,34.87343401818392],[135.22995645616442,34.8740349333536],[135.2301351984541,34.874470704603965],[135.23034591936064,34.875118802767],[135.23056997686595,34.87539231306117],[135.23067965165305,34.87555208222503],[135.23078584001155,34.87629864980475],[135.23052606745807,34.8768535479074],[135.2303964735901,34.877021154123256],[135.23011443968556,34.87748662528993],[135.23001386877854,34.877628166664216],[135.22973260218302,34.87779689828832],[135.22947781881805,34.877777450318874],[135.22944639622204,34.877771907699554]]]},"properties":{"KEY_CODE":"282190024","PREF":"28","CITY":"219","CITY_NAME":"三田市","S_NAME":"八景町","SETAI":"42"}},{"type":"Feature","geometry":{"type":"Polygon","coordinates":[[[135.23846402309678,34.87708204853406],[135.23925683547,34.8784131204026],[135.23976386019484,34.87862142628569],[135.2400134826773,34.879471295004],[135.2390858710053,34.87968573849279],[135.23759260651258,34.879545378529336],[135.23551337388508,34.879858050103294],[135.23409747299004,34.880751908250495],[135.2332260148603,34.88229831989153],[135.23257974374005,34.88295898917617],[135.23158575365667,34.88175806089589],[135.2288322945925,34.879766499757196],[135.22889262270712,34.879578072511855],[135.22936542643455,34.879426518670776],[135.22939028428902,34.87925349576417],[135.2290691834416,34.87886618349034],[135.22917877240113,34.878681545335816],[135.2292978109831,34.87854832188851],[135.22928029880995,34.878259261855014],[135.2293041654947,34.878214501632456],[135.2294097339513,34.87785761393064],[135.2293981785173,34.87781677876438],[135.22944639622204,34.877771907699554],[135.22947781881805,34.877777450318874],[135.22973260218302,34.87779689828832],[135.23001386877854,34.877628166664216],[135.23011443968556,34.87748662528993],[135.2303964735901,34.877021154123256],[135.23052606745807,34.8768535479074],[135.23078584001155,34.87629864980475],[135.23067965165305,34.87555208222503],[135.23056997686595,34.87539231306117],[135.23034591936064,34.875118802767],[135.2301351984541,34.874470704603965],[135.22995645616442,34.8740349333536],[135.22978454066694,34.87343401818392],[135.2297087125991,34.87306333526399],[135.22907488641204,34.87286295713509],[135.23071433747182,34.873256431839216],[135.23223006843128,34.87333752846487],[135.23371171886288,34.87429787017638],[135.23446907907345,34.875782015818864],[135.23577814242623,34.8767009309228],[135.2372911071716,34.87725997841119],[135.23846402309678,34.87708204853406]]]},"properties":{"KEY_CODE":"282190025","PREF":"28","CITY":"219","CITY_NAME":"三田市","S_NAME":"寺村町","SETAI":"78"}},{"type":"Feature","geometry":{"type":"Polygon","coordinates":[[[135.2046767572765,34.90669869227558],[135.20415369588224,34.90625792726155],[135.20309390667128,34.9061703320959],[135.20255856680484,34.906680190167286],[135.20166635155272,34.90665891684681],[135.19877291078743,34.90579826013681],[135.19846400727164,34.904996415153946],[135.19875281816797,34.902173853106845],[135.1996917442977,34.90222741933949],[135.20135625572308,34.90071343658033],[135.202859355319,34.900912938269265],[135.20170333975278,34.899482146416624],[135.19988835786225,34.89914520974288],[135.1996129127236,34.89963094045093],[135.19886157151825,34.89913840275965],[135.1991506182511,34.898734622625604],[135.19778223315208,34.898472912078745],[135.19601268151067,34.898471374823586],[135.19496920486807,34.89887114478339],[135.19339086147448,34.89841909691622],[135.19274268211174,34.89742913686782],[135.1916427869556,34.89695860040054],[135.19084124116438,34.895848726675716],[135.18933799975233,34.89504833231858],[135.18912059596084,34.894320108067916],[135.1911626423519,34.894534476961645],[135.19228897379924,34.89501842444336],[135.194575999672,34.89544305213211],[135.1963303281151,34.89540056298995],[135.19796020120307,34.895643947393516],[135.20048510557294,34.89652867707349],[135.20213852420838,34.89623792847785],[135.202697693949,34.89638138493068],[135.20432136072301,34.895055411191855],[135.20763202157042,34.89631041036548],[135.2083580157215,34.89641784523852],[135.20889469286425,34.895481307040164],[135.21236531768787,34.896820480376],[135.2123311904242,34.89793135729988],[135.21193303984458,34.89915833772282],[135.21064241334415,34.90084844369813],[135.20774552169354,34.90379274661005],[135.20568961788203,34.90610742172287],[135.2046767572765,34.90669869227558]]]},"properties":{"KEY_CODE":"282190040","PREF":"28","CITY":"219","CITY_NAME":"三田市","S_NAME":"貴志","SETAI":"121"}},{"type":"Feature","geometry":{"type":"Polygon","coordinates":[[[135.2136123448942,34.890194273025024],[135.21306953076584,34.891338311261514],[135.21378946740364,34.891771046218985],[135.21323783285436,34.89266639913548],[135.2120181757893,34.89444779574283],[135.21185082166772,34.89540181800791],[135.21236531768787,34.896820480376],[135.20889469286425,34.895481307040164],[135.20842937203213,34.894854708106465],[135.20675505444106,34.894539953463486],[135.20432117926566,34.89366363895252],[135.20304587793495,34.89341152833427],[135.20415686784332,34.89261778766243],[135.20352822892823,34.89108200505265],[135.20446320198326,34.89052327231599],[135.20497884359094,34.891556524257965],[135.20651757871323,34.89113413965819],[135.206334853216,34.89060317290568],[135.20726326359863,34.890765777794144],[135.20931100151623,34.89029157971343],[135.21123266372797,34.89029493966581],[135.21211429906714,34.88964784071388],[135.2109117475807,34.88854850430076],[135.20768494881924,34.88879698032542],[135.20724790183777,34.88724616917758],[135.20837537893829,34.887099494512476],[135.2094862870939,34.88638380250135],[135.21112822686854,34.88592596094646],[135.21191603860385,34.88615038055427],[135.2130727138294,34.88779720397565],[135.21258503193386,34.887820132359636],[135.21241780413573,34.88938413156857],[135.2129449721465,34.89017590237216],[135.2136123448942,34.890194273025024]]]},"properties":{"KEY_CODE":"282190050","PREF":"28","CITY":"219","CITY_NAME":"三田市","S_NAME":"下深田","SETAI":"498"}},{"type":"Feature","geometry":{"type":"Polygon","coordinates":[[[135.20889469286425,34.895481307040164],[135.2083580157215,34.89641784523852],[135.20763202157042,34.89631041036548],[135.20432136072301,34.895055411191855],[135.202697693949,34.89638138493068],[135.20213852420838,34.89623792847785],[135.20048510557294,34.89652867707349],[135.19796020120307,34.895643947393516],[135.1963303281151,34.89540056298995],[135.194575999672,34.89544305213211],[135.19228897379924,34.89501842444336],[135.1911626423519,34.894534476961645],[135.18912059596084,34.894320108067916],[135.1890173830303,34.893154356066646],[135.1884274978435,34.89300435848862],[135.18926445360097,34.892640114083505],[135.1928716723139,34.89259963558851],[135.19467916030013,34.89276680583403],[135.19504975469206,34.89192193319142],[135.19513301949286,34.891939722702176],[135.1989932049085,34.89266596191178],[135.19987211798434,34.89268861751043],[135.20304587793495,34.89341152833427],[135.20432117926566,34.89366363895252],[135.20675505444106,34.894539953463486],[135.20842937203213,34.894854708106465],[135.20889469286425,34.895481307040164]]]},"properties":{"KEY_CODE":"282190060","PREF":"28","CITY":"219","CITY_NAME":"三田市","S_NAME":"上深田","SETAI":"30"}},{"type":"Feature","geometry":{"type":"Polygon","coordinates":[[[135.18649486187968,34.894645131906515],[135.18571614823298,34.894569130232945],[135.18396622891302,34.89382095539373],[135.18255472647346,34.89372879447104],[135.1812611063576,34.89317111310435],[135.1800321333806,34.89338928695666],[135.17957685860185,34.894287175092344],[135.17913568230486,34.89440180930378],[135.17851973505358,34.894419131599356],[135.1753112537598,34.893517778835836],[135.1746948557393,34.89322203157301],[135.17464578961693,34.892861074327826],[135.17443395192066,34.89285007696349],[135.17361500126438,34.89260657419923],[135.17332496686842,34.89238673301254],[135.17266194008633,34.891656258143655],[135.17204385638735,34.89125935545009],[135.17073987776757,34.890907027879045],[135.1701166566901,34.890886837917726],[135.16973447424013,34.8906733692563],[135.17050203996118,34.890050339179325],[135.17032943914114,34.888942691957446],[135.17256400295034,34.887863652599115],[135.1746513997621,34.88845321157522],[135.17596513770056,34.88800463589403],[135.17791949585373,34.887885144135616],[135.17843281222483,34.88753225339036],[135.18078187117428,34.88776380036898],[135.18171932610068,34.888496464945355],[135.18231622930568,34.88855990566503],[135.18421277115448,34.88764122812387],[135.1844913355233,34.88782485275662],[135.1843897267756,34.88824059027734],[135.18429408346583,34.888646568231664],[135.18428039551165,34.88870349871332],[135.18425912429186,34.88929298104267],[135.1843538296064,34.88959973092396],[135.18447868628493,34.88973048520137],[135.1863072482127,34.88956254443355],[135.1872154519889,34.890799461271605],[135.18792643604743,34.8911312279668],[135.18846422050714,34.89080832806894],[135.1892623696027,34.89140181119777],[135.19022028010903,34.891575119668715],[135.19161584097745,34.89129895291651],[135.192452527474,34.891592688264446],[135.19504975469206,34.89192193319142],[135.19467916030013,34.89276680583403],[135.1928716723139,34.89259963558851],[135.18926445360097,34.892640114083505],[135.1884274978435,34.89300435848862],[135.18736779050246,34.893889213347094],[135.18650829597698,34.894018449138755],[135.18649486187968,34.894645131906515]]]},"properties":{"KEY_CODE":"282190070","PREF":"28","CITY":"219","CITY_NAME":"三田市","S_NAME":"池尻","SETAI":"44"}},{"type":"Feature","geometry":{"type":"Polygon","coordinates":[[[135.1884274978435,34.89300435848862],[135.1890173830303,34.893154356066646],[135.18912059596084,34.894320108067916],[135.1872268415861,34.89539163222114],[135.18649486187968,34.894645131906515],[135.18650829597698,34.894018449138755],[135.18736779050246,34.893889213347094],[135.1884274978435,34.89300435848862]]]},"properties":{"KEY_CODE":"282190080","PREF":"28","CITY":"219","CITY_NAME":"三田市","S_NAME":"さくら坂","SETAI":"91"}},{"type":"Feature","geometry":{"type":"Polygon","coordinates":[[[135.22955366119376,34.8889850871755],[135.23062197684533,34.891545650240424],[135.22959713008137,34.89210470491107],[135.22715598247305,34.89300051596932],[135.22713305306215,34.892331257683544],[135.22626373979017,34.89024297636927],[135.22743013472854,34.88947309557257],[135.22955366119376,34.8889850871755]]]},"properties":{"KEY_CODE":"28219101101","PREF":"28","CITY":"219","CITY_NAME":"三田市","S_NAME":"三輪一丁目","SETAI":"420"}},{"type":"Feature","geometry":{"type":"Polygon","coordinates":[[[135.22421980471034,34.88851626625849],[135.22583257746675,34.88917662311058],[135.22626373979017,34.89024297636927],[135.22713305306215,34.892331257683544],[135.22715598247305,34.89300051596932],[135.22202224624013,34.895451062108314],[135.22060857328592,34.89209667536899],[135.22189974450868,34.89157804319323],[135.22338340400705,34.89028934190303],[135.22421980471034,34.88851626625849]]]},"properties":{"KEY_CODE":"28219101102","PREF":"28","CITY":"219","CITY_NAME":"三田市","S_NAME":"三輪二丁目","SETAI":"194"}},{"type":"Feature","geometry":{"type":"Polygon","coordinates":[[[135.22960489836214,34.89331687380359],[135.22871037449943,34.89306177967927],[135.22758985585736,34.89339403756321],[135.22823640834093,34.8948708044269],[135.22753349029878,34.895972982489106],[135.22657606629645,34.896695666106474],[135.22634963270923,34.89753662251881],[135.22731099497787,34.898219579991974],[135.22666388023475,34.89871882911348],[135.22554065586252,34.897936558405064],[135.22543653849135,34.89707796713507],[135.22715598247305,34.89300051596932],[135.22959713008137,34.89210470491107],[135.22960489836214,34.89331687380359]]]},"properties":{"KEY_CODE":"28219101103","PREF":"28","CITY":"219","CITY_NAME":"三田市","S_NAME":"三輪三丁目","SETAI":"283"}},{"type":"Feature","geometry":{"type":"Polygon","coordinates":[[[135.22554065586252,34.897936558405064],[135.22563471399417,34.899017563180095],[135.22431524452324,34.89998579546621],[135.22355953097576,34.900050369984676],[135.22286868854926,34.89739871081396],[135.22202224624013,34.895451062108314],[135.22715598247305,34.89300051596932],[135.22543653849135,34.89707796713507],[135.22554065586252,34.897936558405064]]]},"properties":{"KEY_CODE":"28219101104","PREF":"28","CITY":"219","CITY_NAME":"三田市","S_NAME":"三輪四丁目","SETAI":"361"}},{"type":"Feature","geometry":{"type":"Polygon","coordinates":[[[135.23441645725615,34.887412973447155],[135.2347293998403,34.88825783772525],[135.23399883619857,34.88952790793676],[135.23199106131844,34.89038376170704],[135.23062197684533,34.891545650240424],[135.22955366119376,34.8889850871755],[135.23135716217647,34.888511952029546],[135.23254816692014,34.887951784492735],[135.23441645725615,34.887412973447155]]]},"properties":{"KEY_CODE":"28219101201","PREF":"28","CITY":"219","CITY_NAME":"三田市","S_NAME":"高次一丁目","SETAI":"602"}},{"type":"Feature","geometry":{"type":"Polygon","coordinates":[[[135.23638593603116,34.89030527024692],[135.23531615302,34.88999978995251],[135.23474185886107,34.89047289103936],[135.23488643831132,34.89134035477714],[135.23379770861882,34.89182314733947],[135.2316774888799,34.89238367474001],[135.23021705165158,34.89337121734761],[135.22960489836214,34.89331687380359],[135.22959713008137,34.89210470491107],[135.23062197684533,34.891545650240424],[135.23199106131844,34.89038376170704],[135.23399883619857,34.88952790793676],[135.2347293998403,34.88825783772525],[135.23441645725615,34.887412973447155],[135.2352519569782,34.88715379319707],[135.23550286869238,34.88782016891363],[135.2366432307195,34.88789362667913],[135.2367948643172,34.88975746699297],[135.23638593603116,34.89030527024692]]]},"properties":{"KEY_CODE":"28219101202","PREF":"28","CITY":"219","CITY_NAME":"三田市","S_NAME":"高次二丁目","SETAI":"615"}},{"type":"Feature","geometry":{"type":"Polygon","coordinates":[[[135.23021705165158,34.89337121734761],[135.23079368153134,34.89450676844797],[135.23194077140252,34.89560257694214],[135.234208188533,34.89669490040719],[135.23499327844402,34.89777640768397],[135.23602840164085,34.89866133501648],[135.23724074110794,34.89864415995573],[135.23689507835365,34.89982745605668],[135.23594883038172,34.900568838450425],[135.23479648629998,34.90015897451896],[135.23432541988728,34.90044094930362],[135.23335829218217,34.90265690494092],[135.2302252424691,34.906257283834826],[135.229807956764,34.904487575700664],[135.2288681698981,34.9041132997286],[135.22793256717603,34.90303696742435],[135.22780777414934,34.902347485139316],[135.22830815402875,34.90180297553341],[135.22690822637583,34.901670128763314],[135.2263103186493,34.90072996212239],[135.22554563631448,34.9003703588804],[135.22463678230432,34.90054156814083],[135.22431524452324,34.89998579546621],[135.22563471399417,34.899017563180095],[135.22554065586252,34.897936558405064],[135.22666388023475,34.89871882911348],[135.22731099497787,34.898219579991974],[135.22634963270923,34.89753662251881],[135.22657606629645,34.896695666106474],[135.22753349029878,34.895972982489106],[135.22823640834093,34.8948708044269],[135.22758985585736,34.89339403756321],[135.22871037449943,34.89306177967927],[135.22960489836214,34.89331687380359],[135.23021705165158,34.89337121734761]]]},"properties":{"KEY_CODE":"282191013","PREF":"28","CITY":"219","CITY_NAME":"三田市","S_NAME":"三輪","SETAI":"74"}},{"type":"Feature","geometry":{"type":"Polygon","coordinates":[[[135.22955366119376,34.8889850871755],[135.22743013472854,34.88947309557257],[135.2283772094183,34.889080705156374],[135.22838082615485,34.88858929457745],[135.22821588973727,34.88798714862762],[135.22774330278222,34.88686173630982],[135.22832116854948,34.886699771320274],[135.23032924445607,34.8861349035893],[135.23222656025223,34.885666127459125],[135.23344422582738,34.88505683665579],[135.2341553825764,34.88469255039314],[135.23493488254954,34.88613651945107],[135.2352519569782,34.88715379319707],[135.23441645725615,34.887412973447155],[135.23254816692014,34.887951784492735],[135.23135716217647,34.888511952029546],[135.22955366119376,34.8889850871755]]]},"properties":{"KEY_CODE":"282191021","PREF":"28","CITY":"219","CITY_NAME":"三田市","S_NAME":"駅前町","SETAI":"692"}},{"type":"Feature","geometry":{"type":"Polygon","coordinates":[[[135.23344422582738,34.88505683665579],[135.23222656025223,34.885666127459125],[135.23032924445607,34.8861349035893],[135.22832116854948,34.886699771320274],[135.22774330278222,34.88686173630982],[135.22710834264888,34.88543817236788],[135.2283422860361,34.884961243094516],[135.23177974695398,34.883864347743355],[135.23280521362864,34.88355330192124],[135.23344422582738,34.88505683665579]]]},"properties":{"KEY_CODE":"282191022","PREF":"28","CITY":"219","CITY_NAME":"三田市","S_NAME":"中町","SETAI":"499"}},{"type":"Feature","geometry":{"type":"Polygon","coordinates":[[[135.22710834264888,34.88543817236788],[135.22774330278222,34.88686173630982],[135.22821588973727,34.88798714862762],[135.22838082615485,34.88858929457745],[135.2283772094183,34.889080705156374],[135.22743013472854,34.88947309557257],[135.22626373979017,34.89024297636927],[135.22583257746675,34.88917662311058],[135.22421980471034,34.88851626625849],[135.22477832062924,34.88728647661639],[135.22550991734948,34.886390293424306],[135.22710834264888,34.88543817236788]]]},"properties":{"KEY_CODE":"282191023","PREF":"28","CITY":"219","CITY_NAME":"三田市","S_NAME":"中央町","SETAI":"410"}},{"type":"Feature","geometry":{"type":"Polygon","coordinates":[[[135.22355953097576,34.900050369984676],[135.22234656507567,34.901266332406344],[135.22205903807648,34.90223337005352],[135.22032742210408,34.90186578123089],[135.21844390625623,34.900829801870394],[135.21641447545113,34.900656678577185],[135.2159301260843,34.89963649106435],[135.21498411239776,34.89930210827418],[135.21569533510012,34.89858680298112],[135.21484474493136,34.898604914824574],[135.21374173046217,34.89749620046139],[135.21236531768787,34.896820480376],[135.21185082166772,34.89540181800791],[135.2120181757893,34.89444779574283],[135.21323783285436,34.89266639913548],[135.21485620935516,34.891744027973616],[135.21600048576863,34.89165516185421],[135.22060857328592,34.89209667536899],[135.22202224624013,34.895451062108314],[135.22286868854926,34.89739871081396],[135.22355953097576,34.900050369984676]]]},"properties":{"KEY_CODE":"282191030","PREF":"28","CITY":"219","CITY_NAME":"三田市","S_NAME":"川除","SETAI":"143"}},{"type":"Feature","geometry":{"type":"Polygon","coordinates":[[[135.22830815402875,34.90180297553341],[135.22622129466825,34.902464545845795],[135.22520639860244,34.90249166945515],[135.22334943167255,34.903072827390254],[135.2217190628205,34.903213610623396],[135.22205903807648,34.90223337005352],[135.22234656507567,34.901266332406344],[135.22355953097576,34.900050369984676],[135.22431524452324,34.89998579546621],[135.22463678230432,34.90054156814083],[135.22554563631448,34.9003703588804],[135.2263103186493,34.90072996212239],[135.22690822637583,34.901670128763314],[135.22830815402875,34.90180297553341]]]},"properties":{"KEY_CODE":"28219104101","PREF":"28","CITY":"219","CITY_NAME":"三田市","S_NAME":"友が丘一丁目","SETAI":"214"}},{"type":"Feature","geometry":{"type":"Polygon","coordinates":[[[135.22622129466825,34.902464545845795],[135.22634727455502,34.90729675788066],[135.22475056091687,34.906540925629415],[135.2234693169233,34.90568930129284],[135.2222124833098,34.90396672293861],[135.2217190628205,34.903213610623396],[135.22334943167255,34.903072827390254],[135.22520639860244,34.90249166945515],[135.22622129466825,34.902464545845795]]]},"properties":{"KEY_CODE":"28219104102","PREF":"28","CITY":"219","CITY_NAME":"三田市","S_NAME":"友が丘二丁目","SETAI":"372"}},{"type":"Feature","geometry":{"type":"Polygon","coordinates":[[[135.2288681698981,34.9041132997286],[135.2290271693513,34.90546538472089],[135.22802521133943,34.90700309828329],[135.22746551389025,34.9074278909383],[135.22634727455502,34.90729675788066],[135.22622129466825,34.902464545845795],[135.22830815402875,34.90180297553341],[135.22780777414934,34.902347485139316],[135.22793256717603,34.90303696742435],[135.2288681698981,34.9041132997286]]]},"properties":{"KEY_CODE":"28219104103","PREF":"28","CITY":"219","CITY_NAME":"三田市","S_NAME":"友が丘三丁目","SETAI":"279"}},{"type":"Feature","geometry":{"type":"Polygon","coordinates":[[[135.2222124833098,34.90396672293861],[135.21925438391574,34.903576365990325],[135.2185460499645,34.904150531884945],[135.2181036330866,34.90564639599405],[135.21896912235425,34.90660237335303],[135.21889974969508,34.907291232495254],[135.21965871841653,34.911036467136825],[135.21944597506754,34.91157432517967],[135.2179448439494,34.91046488696597],[135.21579468795662,34.909905765445956],[135.2151611173438,34.908404522623],[135.21385049895247,34.90765642124608],[135.21189295561007,34.906952164093546],[135.2119669386127,34.90652181443929],[135.2106932034607,34.906165900455655],[135.21114962643594,34.90537057381028],[135.20954288505928,34.90497706305345],[135.20774552169354,34.90379274661005],[135.21064241334415,34.90084844369813],[135.21193303984458,34.89915833772282],[135.2123311904242,34.89793135729988],[135.21236531768787,34.896820480376],[135.21374173046217,34.89749620046139],[135.21484474493136,34.898604914824574],[135.21381183562912,34.900230147612724],[135.2162560217143,34.9011211737469],[135.21641447545113,34.900656678577185],[135.21844390625623,34.900829801870394],[135.22032742210408,34.90186578123089],[135.22205903807648,34.90223337005352],[135.2217190628205,34.903213610623396],[135.2222124833098,34.90396672293861]]]},"properties":{"KEY_CODE":"28219104201","PREF":"28","CITY":"219","CITY_NAME":"三田市","S_NAME":"大原","SETAI":"519"}},{"type":"Feature","geometry":{"type":"Polygon","coordinates":[[[135.22880514634753,34.912197190844026],[135.2293659607511,34.91377575582894],[135.22911726509093,34.91407599226993],[135.22735616305644,34.91425224024034],[135.22664963928545,34.91371741223991],[135.2262739760713,34.912359811341005],[135.22550192244256,34.91205568506234],[135.22436900618032,34.91211542765651],[135.2237714208465,34.91166570454152],[135.2242329898515,34.9110712197732],[135.22425214708093,34.90948189301695],[135.2252483903521,34.909286104102534],[135.22614406340855,34.90844854135595],[135.22706018957078,34.90890738514889],[135.22758658341453,34.90794146736459],[135.22746551389025,34.9074278909383],[135.22802521133943,34.90700309828329],[135.2290271693513,34.90546538472089],[135.2288681698981,34.9041132997286],[135.229807956764,34.904487575700664],[135.2302252424691,34.906257283834826],[135.23142281392273,34.90850582262975],[135.23309173275075,34.909373296520585],[135.2334075815562,34.91039390868924],[135.2322555175102,34.91047422206134],[135.2326214786118,34.91114479327283],[135.2320075380396,34.911989472339656],[135.23144086620016,34.91193282198416],[135.231296929832,34.911449700108186],[135.23053633424502,34.91183761050795],[135.2302727689346,34.91143030773092],[135.23056184615024,34.91006730254291],[135.2300988417171,34.90876542949708],[135.2297772336968,34.909017261459894],[135.22930390852264,34.91077313130989],[135.22830298159784,34.91123914579461],[135.22880514634753,34.912197190844026]]]},"properties":{"KEY_CODE":"28219104202","PREF":"28","CITY":"219","CITY_NAME":"三田市","S_NAME":"大原","SETAI":"76"}},{"type":"Feature","geometry":{"type":"Polygon","coordinates":[[[135.2353616041185,34.920186520757326],[135.23449238750518,34.920093677438416],[135.23264917163533,34.92137610556977],[135.230788237123,34.92113057390109],[135.2280970574845,34.92030075180457],[135.2273795683181,34.919596068832405],[135.2266143739167,34.918069848809125],[135.2277017447822,34.91690894599603],[135.22874209955032,34.91677520368799],[135.22812927105298,34.916123910397936],[135.22828473530734,34.91548849730142],[135.22681747541648,34.91423071551415],[135.22664963928545,34.91371741223991],[135.22735616305644,34.91425224024034],[135.22911726509093,34.91407599226993],[135.2293659607511,34.91377575582894],[135.22880514634753,34.912197190844026],[135.23144086620016,34.91193282198416],[135.2320075380396,34.911989472339656],[135.2326214786118,34.91114479327283],[135.2322555175102,34.91047422206134],[135.2334075815562,34.91039390868924],[135.23309173275075,34.909373296520585],[135.2343377810832,34.909828369948855],[135.2345379120273,34.90999978167695],[135.2349410595744,34.910831915437036],[135.235370863217,34.912083172866524],[135.23538782623578,34.91243792942814],[135.23539698828114,34.912610900942],[135.23546344511243,34.913503635529395],[135.235770963927,34.91489989156674],[135.23574988795386,34.91644923440674],[135.236023126285,34.918819609512404],[135.2363441893766,34.91991989712339],[135.2353616041185,34.920186520757326]]]},"properties":{"KEY_CODE":"28219104203","PREF":"28","CITY":"219","CITY_NAME":"三田市","S_NAME":"大原","SETAI":"104"}},{"type":"Feature","geometry":{"type":"Polygon","coordinates":[[[135.21641447545113,34.900656678577185],[135.2162560217143,34.9011211737469],[135.21381183562912,34.900230147612724],[135.21484474493136,34.898604914824574],[135.21569533510012,34.89858680298112],[135.21498411239776,34.89930210827418],[135.2159301260843,34.89963649106435],[135.21641447545113,34.900656678577185]]]},"properties":{"KEY_CODE":"28219104204","PREF":"28","CITY":"219","CITY_NAME":"三田市","S_NAME":"大原","SETAI":"95"}},{"type":"Feature","geometry":{"type":"Polygon","coordinates":[[[135.23144086620016,34.91193282198416],[135.22880514634753,34.912197190844026],[135.22830298159784,34.91123914579461],[135.22930390852264,34.91077313130989],[135.2297772336968,34.909017261459894],[135.2300988417171,34.90876542949708],[135.23056184615024,34.91006730254291],[135.2302727689346,34.91143030773092],[135.23053633424502,34.91183761050795],[135.231296929832,34.911449700108186],[135.23144086620016,34.91193282198416]]]},"properties":{"KEY_CODE":"28219104205","PREF":"28","CITY":"219","CITY_NAME":"三田市","S_NAME":"大原","SETAI":"60"}},{"type":"Feature","geometry":{"type":"Polygon","coordinates":[[[135.23975262795764,34.92477460002892],[135.23934754541844,34.92493524346906],[135.23888322209444,34.926179004379534],[135.2374859871994,34.92737070479642],[135.237611589686,34.929013611334184],[135.23790334670633,34.92946421226669],[135.23975989233156,34.930907210174574],[135.23933827924304,34.931697876950615],[135.23975652835983,34.932777498851145],[135.24074544485222,34.9335772674128],[135.24032911335254,34.93484039461851],[135.23926935374024,34.935212497242965],[135.23803931610354,34.93640295704104],[135.2380297237838,34.937702346658924],[135.2391666367422,34.9389145072027],[135.23806892960295,34.93909990096841],[135.23750989213994,34.940442829783116],[135.23696031366134,34.94046657695088],[135.23636570062473,34.939432482177224],[135.23593576035134,34.938603934285084],[135.23497034157245,34.937764508979114],[135.2332220203564,34.93748218929386],[135.23188616779083,34.937748026431024],[135.2314270077904,34.938595642706645],[135.23020976191992,34.93882311439853],[135.22893310078632,34.93860464269356],[135.22821530483046,34.93687263373882],[135.22929323238043,34.936159062340415],[135.23048011729168,34.93596640503402],[135.2322347825112,34.934866296916226],[135.2315717275027,34.9340711518346],[135.23119591940755,34.932591575378765],[135.23221012847958,34.9322140405768],[135.23217640218897,34.93156797741523],[135.23049950291548,34.92955390419104],[135.23043841700255,34.92906368672401],[135.2318805154651,34.928877513589214],[135.23160351260256,34.92835692163068],[135.23073102346459,34.9281199780782],[135.23089454050836,34.927556407914864],[135.23030565660778,34.926663167624085],[135.23047517624343,34.926211181077],[135.23154797736223,34.925607150279816],[135.2326638904839,34.926259845374716],[135.2333540358558,34.92643192374609],[135.2333170676497,34.92708752355537],[135.23417631724124,34.926622034133764],[135.23503622472018,34.92681150508374],[135.23593823849853,34.92548104529949],[135.23523668049913,34.92545351457422],[135.23427776908855,34.923191117419535],[135.23352675545985,34.922970550870005],[135.23175946655752,34.92243981101989],[135.23264917163533,34.92137610556977],[135.23449238750518,34.920093677438416],[135.2353616041185,34.920186520757326],[135.23533744878137,34.92104225120945],[135.23781433159516,34.92214114107249],[135.2379804274352,34.92275255061352],[135.23755956570372,34.923937247619044],[135.23975262795764,34.92477460002892]]]},"properties":{"KEY_CODE":"28219106001","PREF":"28","CITY":"219","CITY_NAME":"三田市","S_NAME":"尼寺","SETAI":"35"}},{"type":"Feature","geometry":{"type":"Polygon","coordinates":[[[135.23352675545985,34.922970550870005],[135.23427776908855,34.923191117419535],[135.23523668049913,34.92545351457422],[135.23593823849853,34.92548104529949],[135.23503622472018,34.92681150508374],[135.23417631724124,34.926622034133764],[135.2333170676497,34.92708752355537],[135.2333540358558,34.92643192374609],[135.2326638904839,34.926259845374716],[135.23393800356328,34.92442301932311],[135.23352675545985,34.922970550870005]]]},"properties":{"KEY_CODE":"28219106002","PREF":"28","CITY":"219","CITY_NAME":"三田市","S_NAME":"尼寺","SETAI":"110"}},{"type":"Feature","geometry":{"type":"Polygon","coordinates":[[[135.2504275372767,34.9295965961876],[135.24898571208388,34.929705942389646],[135.24794393506588,34.9284538600105],[135.24739588596213,34.92861546398983],[135.24770220722735,34.93036523849729],[135.2474679338931,34.93080012841517],[135.24608553041085,34.931164927311684],[135.2451915342131,34.93030539999805],[135.2448709967656,34.92942190878366],[135.24536746801138,34.9289260323144],[135.24540087928793,34.92762640247862],[135.24424292328408,34.92667046196314],[135.24442199987016,34.92556657898543],[135.2440126488711,34.925293999965355],[135.24275802672076,34.92640595046854],[135.2425303038071,34.92526582107671],[135.24192717415647,34.92475840305671],[135.24094507950215,34.92456884118326],[135.24098789035804,34.924115742784444],[135.24005164963063,34.923748704688585],[135.23975262795764,34.92477460002892],[135.23755956570372,34.923937247619044],[135.2379804274352,34.92275255061352],[135.23781433159516,34.92214114107249],[135.23533744878137,34.92104225120945],[135.2353616041185,34.920186520757326],[135.2363441893766,34.91991989712339],[135.236023126285,34.918819609512404],[135.23574988795386,34.91644923440674],[135.235770963927,34.91489989156674],[135.23546344511243,34.913503635529395],[135.23550302642536,34.91350334137827],[135.23780465439967,34.916018207594966],[135.24029084511125,34.91527073508248],[135.24187656884382,34.91528634275288],[135.24376876310038,34.91447077764388],[135.24526054762183,34.91471353819575],[135.24669964638088,34.91456813272924],[135.2485655647298,34.914731484003575],[135.24956708450586,34.916965946007195],[135.24971856022208,34.918567558064176],[135.2485789737129,34.9189432295989],[135.2486547473897,34.91942155609133],[135.24719322790824,34.92007536949492],[135.2468752669331,34.921450179895956],[135.24763653411227,34.92216047613692],[135.24770509546383,34.92311460112864],[135.2471951962705,34.924168585362764],[135.24801181079823,34.9246397142561],[135.24881995219857,34.92434725774075],[135.24990776396066,34.923145647080304],[135.2502001775312,34.923382184565256],[135.24928778676576,34.924725581427886],[135.2490096907446,34.925777894227856],[135.24925263331622,34.926778523337795],[135.24983854630236,34.927346883386434],[135.25111881372655,34.92781449167534],[135.25291756408228,34.927991800592935],[135.25316597928307,34.92852065847863],[135.25292850570187,34.928504711400016],[135.2518094428547,34.92890694568782],[135.2512443383394,34.929678947259816],[135.2504275372767,34.9295965961876]]]},"properties":{"KEY_CODE":"28219107001","PREF":"28","CITY":"219","CITY_NAME":"三田市","S_NAME":"志手原","SETAI":"172"}},{"type":"Feature","geometry":{"type":"Polygon","coordinates":[[[135.2485655647298,34.914731484003575],[135.24669964638088,34.91456813272924],[135.24526054762183,34.91471353819575],[135.24376876310038,34.91447077764388],[135.24187656884382,34.91528634275288],[135.24029084511125,34.91527073508248],[135.23780465439967,34.916018207594966],[135.23782858580793,34.91591612133684],[135.23839410159323,34.915342995623455],[135.23842531060936,34.91345243131347],[135.23846641251257,34.91306921310607],[135.23897689540607,34.91299061303848],[135.23958442490306,34.91305298445512],[135.2400578558741,34.912552165169586],[135.2410810376392,34.91137930575913],[135.24255844437303,34.910582569079075],[135.2437719747055,34.90988435077028],[135.2452030606575,34.911329614707924],[135.24549640068295,34.91192477104906],[135.2454764273362,34.9122055011123],[135.24531183506818,34.912458724346756],[135.24565282575423,34.912762870147596],[135.2464335192391,34.91289017830057],[135.24672349818036,34.91301166558468],[135.24691148937387,34.91304116944102],[135.24711455143748,34.91313471656134],[135.24771505457707,34.91386390120718],[135.24840387647845,34.914599879280225],[135.2485655647298,34.914731484003575]]]},"properties":{"KEY_CODE":"28219107002","PREF":"28","CITY":"219","CITY_NAME":"三田市","S_NAME":"志手原","SETAI":"154"}},{"type":"Feature","geometry":{"type":"Polygon","coordinates":[[[135.23842531060936,34.91345243131347],[135.23839410159323,34.915342995623455],[135.23782858580793,34.91591612133684],[135.23550302642536,34.91350334137827],[135.23546344511243,34.913503635529395],[135.23539698828114,34.912610900942],[135.23538782623578,34.91243792942814],[135.235370863217,34.912083172866524],[135.2349410595744,34.910831915437036],[135.2345379120273,34.90999978167695],[135.2343377810832,34.909828369948855],[135.23411675645366,34.90905221183391],[135.2332526549025,34.90819504905944],[135.23478098025322,34.90808115240783],[135.23502304557925,34.907991462384636],[135.23546163597814,34.90797841652503],[135.2355916533451,34.90793836423448],[135.23635141590827,34.90802554125192],[135.2371329344151,34.908061985300904],[135.23758747753797,34.90787471698254],[135.23972814664546,34.90904771276672],[135.24246491028464,34.908965565402],[135.2428374115722,34.90773805248737],[135.24426405422267,34.90884926105602],[135.24519190714426,34.91021611256986],[135.2452030606575,34.911329614707924],[135.2437719747055,34.90988435077028],[135.24255844437303,34.910582569079075],[135.2410810376392,34.91137930575913],[135.2400578558741,34.912552165169586],[135.23958442490306,34.91305298445512],[135.23897689540607,34.91299061303848],[135.23846641251257,34.91306921310607],[135.23842531060936,34.91345243131347]]]},"properties":{"KEY_CODE":"282191080","PREF":"28","CITY":"219","CITY_NAME":"三田市","S_NAME":"成谷","SETAI":"34"}},{"type":"Feature","geometry":{"type":"Polygon","coordinates":[[[135.25966200365906,34.932095579865255],[135.25930744896615,34.93245274558997],[135.25926163954014,34.93263022064241],[135.25883179949892,34.93267293820404],[135.25875961580545,34.93263404920765],[135.2585659862067,34.932419030889356],[135.25776930750925,34.92959011723691],[135.25714718735327,34.929535766426305],[135.25621301629798,34.92936567892231],[135.2559917102854,34.92881612763958],[135.2558925059019,34.928501930900104],[135.255059090693,34.92878384734377],[135.2540323311198,34.92889009930422],[135.25362293096825,34.92861762330426],[135.25316597928307,34.92852065847863],[135.25291756408228,34.927991800592935],[135.25111881372655,34.92781449167534],[135.24983854630236,34.927346883386434],[135.24925263331622,34.926778523337795],[135.2490096907446,34.925777894227856],[135.24928778676576,34.924725581427886],[135.2502001775312,34.923382184565256],[135.24990776396066,34.923145647080304],[135.24881995219857,34.92434725774075],[135.24801181079823,34.9246397142561],[135.2471951962705,34.924168585362764],[135.24770509546383,34.92311460112864],[135.24763653411227,34.92216047613692],[135.2468752669331,34.921450179895956],[135.24719322790824,34.92007536949492],[135.2486547473897,34.91942155609133],[135.2485789737129,34.9189432295989],[135.24971856022208,34.918567558064176],[135.24956708450586,34.916965946007195],[135.2485655647298,34.914731484003575],[135.24979720025866,34.9149576973853],[135.25000951430795,34.91443001214149],[135.25000083877316,34.914173304190264],[135.25005716770204,34.91404928064671],[135.25035789104368,34.913576283660646],[135.25065470300126,34.91327444907838],[135.25093649437028,34.91318203569566],[135.25140735124785,34.91295487583669],[135.25155107146574,34.91290153254504],[135.25246550083867,34.91182710630067],[135.25337554427546,34.91154802505353],[135.2541405612309,34.91119073650398],[135.25504327255294,34.91047238258007],[135.2553123420897,34.910116101012605],[135.25782039678774,34.90986162151083],[135.25730249459886,34.9091929226553],[135.2578081066309,34.90876871031947],[135.25708720884523,34.908202402155005],[135.2586171772767,34.906290549842],[135.25861112191157,34.90575247450491],[135.25764836801102,34.905457104583235],[135.25717097505625,34.90475443033392],[135.2580273031974,34.90466383777091],[135.25804073679606,34.90404159656172],[135.26002221980758,34.90417786704879],[135.2620586072022,34.90645764667341],[135.26269570982254,34.90863900361381],[135.26341180716406,34.908784877187145],[135.26360217074165,34.90937196903652],[135.2652564723738,34.90944333140958],[135.2656006793349,34.90918850145742],[135.2669722641399,34.90953117239635],[135.26669966472096,34.908894219627484],[135.26767881871842,34.90883621163963],[135.26756776882186,34.9080467453809],[135.26881042367293,34.907818526725904],[135.26938464326392,34.908049545062894],[135.26982793633962,34.907541672661296],[135.2702411809983,34.90797569623223],[135.27113139509083,34.907279439095966],[135.2717123351856,34.90809887573976],[135.27186734806648,34.90737461508523],[135.27274565493,34.90741833509512],[135.27279777028966,34.90841009634398],[135.2734295543178,34.90832106156782],[135.27441342537557,34.906884162375285],[135.27486303550276,34.906931039939025],[135.27577440919535,34.908084332182746],[135.2763015026509,34.908006374164856],[135.2760369266525,34.90889466679775],[135.27659678516233,34.90984608546308],[135.27763912208437,34.910546918260124],[135.27755673496412,34.911322950964724],[135.2763607947062,34.91215338350221],[135.2764138293396,34.91334140942703],[135.27573900431636,34.91434830005377],[135.27580860563947,34.91614700151053],[135.27561279820836,34.91717539510667],[135.27586300650506,34.91852147952058],[135.2745046229511,34.918728613538676],[135.2724861203799,34.9197631873472],[135.27203925202508,34.92129073632305],[135.2733121757175,34.920993013554806],[135.27419978541195,34.92202523181137],[135.27379549712018,34.922195689324475],[135.2739893741123,34.923164459327616],[135.2723492845055,34.92538514262673],[135.27142014554624,34.9260450891231],[135.27136664865182,34.92760186289012],[135.27034849186745,34.927558360021564],[135.26906634006076,34.92611263145744],[135.26853308046518,34.927563794300895],[135.2678220783487,34.92810076569303],[135.26656934435437,34.92829742822465],[135.26548872372578,34.928915957846556],[135.26273850940657,34.92933560175703],[135.2611326504916,34.92895408902973],[135.26094758017481,34.92950680570077],[135.26146089179394,34.93050690662618],[135.26046780919864,34.931479189726765],[135.26050727033072,34.932083085012124],[135.26004616774534,34.93225027060863],[135.25966200365906,34.932095579865255]]]},"properties":{"KEY_CODE":"28219109001","PREF":"28","CITY":"219","CITY_NAME":"三田市","S_NAME":"香下","SETAI":"39"}},{"type":"Feature","geometry":{"type":"Polygon","coordinates":[[[135.2541405612309,34.91119073650398],[135.25337554427546,34.91154802505353],[135.25246550083867,34.91182710630067],[135.25155107146574,34.91290153254504],[135.25140735124785,34.91295487583669],[135.25093649437028,34.91318203569566],[135.25065470300126,34.91327444907838],[135.25035789104368,34.913576283660646],[135.25005716770204,34.91404928064671],[135.25000083877316,34.914173304190264],[135.25000951430795,34.91443001214149],[135.24979720025866,34.9149576973853],[135.24840387647845,34.914599879280225],[135.24771505457707,34.91386390120718],[135.24711455143748,34.91313471656134],[135.24691148937387,34.91304116944102],[135.24672349818036,34.91301166558468],[135.2464335192391,34.91289017830057],[135.24565282575423,34.912762870147596],[135.24531183506818,34.912458724346756],[135.2454764273362,34.9122055011123],[135.24549640068295,34.91192477104906],[135.2452030606575,34.911329614707924],[135.24519190714426,34.91021611256986],[135.24426405422267,34.90884926105602],[135.2428374115722,34.90773805248737],[135.24246491028464,34.908965565402],[135.23972814664546,34.90904771276672],[135.23758747753797,34.90787471698254],[135.23689987367067,34.90642544045106],[135.23658988450595,34.90563776229983],[135.23721290799858,34.904158452034494],[135.23772457750022,34.90252192272836],[135.23810209704698,34.90114224625098],[135.23806630155744,34.90042210380904],[135.23766044249683,34.900011147136716],[135.23863891491015,34.89930233231157],[135.23947467342018,34.899071441913755],[135.2399840069861,34.89930773478339],[135.24002221725019,34.89933871932725],[135.24017322182496,34.89929681604655],[135.24060429542223,34.899335011509834],[135.2412568316054,34.89929464534652],[135.24152550186236,34.899109315839425],[135.2421379426177,34.899146151168864],[135.2427390628168,34.898993830231305],[135.24305512669187,34.899021044671265],[135.24350784617573,34.89907681624344],[135.24353689853083,34.899098992054256],[135.24384733348936,34.898932493251806],[135.24401387900406,34.89881535509401],[135.2441527509457,34.89859869672441],[135.24423098945422,34.898344330503505],[135.24435483289275,34.898234641526926],[135.24462562269093,34.897962377761495],[135.2447239945193,34.897524205408935],[135.24471255624408,34.89726391553657],[135.2451881613718,34.89738482443417],[135.24654627612682,34.89801503856118],[135.2466028061233,34.898690963652506],[135.24648090419862,34.900088844117356],[135.24632846032233,34.900458405441604],[135.24571783783333,34.90111615185497],[135.2454923924608,34.90136788687671],[135.24720301091085,34.90353089370753],[135.24765443385022,34.904112819517984],[135.2478174901188,34.90423103777191],[135.2480800497091,34.90431068824488],[135.24818549349408,34.90432954458871],[135.2483297142938,34.905075262261484],[135.2489188678469,34.906424144640546],[135.24904100668599,34.90591516917577],[135.2497089384093,34.905586390507665],[135.24997691492786,34.90590600886552],[135.25035864504733,34.90606940856408],[135.25047421347477,34.905822961480176],[135.25172316270812,34.906585410522545],[135.25246473941482,34.90788177586047],[135.2532268417838,34.90869556055112],[135.2548847535692,34.90935761681769],[135.2553123420897,34.910116101012605],[135.25504327255294,34.91047238258007],[135.2541405612309,34.91119073650398]]]},"properties":{"KEY_CODE":"28219109002","PREF":"28","CITY":"219","CITY_NAME":"三田市","S_NAME":"香下","SETAI":"25"}},{"type":"Feature","geometry":{"type":"Polygon","coordinates":[[[135.2763015026509,34.908006374164856],[135.27577440919535,34.908084332182746],[135.27486303550276,34.906931039939025],[135.27441342537557,34.906884162375285],[135.2734295543178,34.90832106156782],[135.27279777028966,34.90841009634398],[135.27274565493,34.90741833509512],[135.27186734806648,34.90737461508523],[135.2717123351856,34.90809887573976],[135.27113139509083,34.907279439095966],[135.2702411809983,34.90797569623223],[135.26982793633962,34.907541672661296],[135.26938464326392,34.908049545062894],[135.26881042367293,34.907818526725904],[135.26756776882186,34.9080467453809],[135.26767881871842,34.90883621163963],[135.26669966472096,34.908894219627484],[135.2669722641399,34.90953117239635],[135.2656006793349,34.90918850145742],[135.2652564723738,34.90944333140958],[135.26360217074165,34.90937196903652],[135.26341180716406,34.908784877187145],[135.26269570982254,34.90863900361381],[135.2620586072022,34.90645764667341],[135.26002221980758,34.90417786704879],[135.25804073679606,34.90404159656172],[135.2580273031974,34.90466383777091],[135.25717097505625,34.90475443033392],[135.25764836801102,34.905457104583235],[135.25861112191157,34.90575247450491],[135.2586171772767,34.906290549842],[135.25708720884523,34.908202402155005],[135.2578081066309,34.90876871031947],[135.25730249459886,34.9091929226553],[135.25782039678774,34.90986162151083],[135.2553123420897,34.910116101012605],[135.2548847535692,34.90935761681769],[135.2532268417838,34.90869556055112],[135.25246473941482,34.90788177586047],[135.25172316270812,34.906585410522545],[135.25047421347477,34.905822961480176],[135.25035864504733,34.90606940856408],[135.24997691492786,34.90590600886552],[135.2497089384093,34.905586390507665],[135.24904100668599,34.90591516917577],[135.2489188678469,34.906424144640546],[135.2483297142938,34.905075262261484],[135.24818549349408,34.90432954458871],[135.2480800497091,34.90431068824488],[135.2478174901188,34.90423103777191],[135.24765443385022,34.904112819517984],[135.24720301091085,34.90353089370753],[135.2454923924608,34.90136788687671],[135.24571783783333,34.90111615185497],[135.24632846032233,34.900458405441604],[135.24648090419862,34.900088844117356],[135.2466028061233,34.898690963652506],[135.24654627612682,34.89801503856116],[135.2451881613718,34.89738482443417],[135.24471255624408,34.89726391553657],[135.2447239945193,34.897524205408935],[135.24462562269093,34.897962377761495],[135.24435483289275,34.898234641526926],[135.24423098945422,34.898344330503505],[135.2441527509457,34.89859869672441],[135.24401387900406,34.89881535509401],[135.24384733348936,34.898932493251806],[135.24353689853083,34.899098992054256],[135.24350784617573,34.89907681624344],[135.24305512669187,34.899021044671265],[135.2427390628168,34.898993830231305],[135.2421379426177,34.899146151168864],[135.24152550186236,34.899109315839425],[135.2412568316054,34.89929464534652],[135.24060429542223,34.899335011509834],[135.24017322182496,34.89929681604655],[135.24002221725019,34.89933871932725],[135.2399840069861,34.89930773478339],[135.23947467342018,34.899071441913755],[135.23863891491015,34.89930233231157],[135.23766044249683,34.900011147136716],[135.23806630155744,34.90042210380904],[135.23810209704698,34.90114224625098],[135.23772457750022,34.90252192272836],[135.23721290799858,34.904158452034494],[135.23658988450595,34.90563776229983],[135.23689987367067,34.90642544045106],[135.23758747753797,34.90787471698254],[135.2371329344151,34.908061985300904],[135.23635141590827,34.90802554125192],[135.2355916533451,34.90793836423448],[135.23546163597814,34.90797841652503],[135.23502304557925,34.907991462384636],[135.23478098025322,34.90808115240783],[135.23325265490251,34.908195049059465],[135.23411675645366,34.90905221183391],[135.2343377810832,34.909828369948855],[135.23309173275075,34.909373296520585],[135.23142281392273,34.90850582262975],[135.2302252424691,34.906257283834826],[135.23335829218217,34.90265690494092],[135.23432541988728,34.90044094930362],[135.23479648629998,34.90015897451896],[135.23594883038172,34.900568838450425],[135.23689507835365,34.89982745605668],[135.23724074110794,34.89864415995573],[135.23602840164085,34.89866133501648],[135.23499327844402,34.89777640768397],[135.234208188533,34.89669490040719],[135.23194077140252,34.89560257694214],[135.23079368153134,34.89450676844797],[135.23021705165158,34.89337121734761],[135.2316774888799,34.89238367474001],[135.23379770861882,34.89182314733947],[135.23488643831132,34.89134035477714],[135.23474185886107,34.89047289103936],[135.23531615302,34.88999978995251],[135.23638593603116,34.89030527024692],[135.23812616275765,34.89091304261417],[135.23924538364685,34.89093331311626],[135.23950300315875,34.89037697958631],[135.24084394287505,34.890328961317685],[135.24172524423645,34.89063086647865],[135.24147909236854,34.88938801623311],[135.24236168265057,34.88980696103166],[135.24308199268773,34.889556912877424],[135.24363853832983,34.88852083589919],[135.24481074844056,34.88818992930503],[135.24566441385238,34.88845919473606],[135.2457768394687,34.88761624188844],[135.24556252678215,34.88483736830777],[135.24817455809327,34.883918709568874],[135.24719831600643,34.88362281230175],[135.24833939325129,34.883234029614485],[135.24923786467002,34.88243497707149],[135.24977410784805,34.88183365336362],[135.2506649659285,34.88137285461726],[135.25182145467718,34.88135685802958],[135.25195920602278,34.88095818571514],[135.25208198512428,34.88067273391067],[135.25233457433387,34.880195658316396],[135.25261002190064,34.87987511492129],[135.25345862205813,34.87994762341694],[135.25526273652014,34.88133359401249],[135.25717557628082,34.88216880347762],[135.25783901955361,34.88498536991687],[135.26084608182566,34.88583468695822],[135.26356588178098,34.88619024946634],[135.27430927418428,34.88583892372053],[135.2776766661338,34.88606324896191],[135.27867329644818,34.886634687898635],[135.28037298677424,34.885798808070774],[135.28077286435794,34.886366863672244],[135.27957027403966,34.88941454846915],[135.2791011798248,34.889856624274046],[135.27709256018372,34.89075810973125],[135.27531943562298,34.892335383063084],[135.27478121366468,34.893274414671005],[135.27448376707477,34.894586534528955],[135.2749247193801,34.89562121620888],[135.27544221574914,34.89574221406497],[135.27559710789436,34.89706898813051],[135.27610463249087,34.89814470259897],[135.27560451842527,34.89886235827511],[135.2764774200878,34.90120476303888],[135.27649099432756,34.90229740587096],[135.27787860202875,34.90346686207648],[135.27713314342628,34.903993095696215],[135.27708194220665,34.90462641361166],[135.27773306115012,34.90568747806765],[135.2764934345683,34.906852291124636],[135.2763015026509,34.908006374164856]]]},"properties":{"KEY_CODE":"282191100","PREF":"28","CITY":"219","CITY_NAME":"三田市","S_NAME":"山田","SETAI":"42"}},{"type":"Feature","geometry":{"type":"Polygon","coordinates":[[[135.24202693562452,34.883413820458976],[135.24104832876003,34.88432895966737],[135.23493488254954,34.88613651945107],[135.2341553825764,34.88469255039314],[135.23344422582738,34.88505683665579],[135.23280521362864,34.88355330192124],[135.23257974374005,34.88295898917617],[135.2332260148603,34.88229831989153],[135.23409747299004,34.880751908250495],[135.23551337388508,34.879858050103294],[135.23759260651258,34.879545378529336],[135.2390858710053,34.87968573849279],[135.2400134826773,34.879471295004],[135.23976386019484,34.87862142628569],[135.23925683547,34.8784131204026],[135.23846402309678,34.87708204853406],[135.23897758188974,34.8769387170455],[135.24053950708984,34.87796615002218],[135.24175801628687,34.87810810200406],[135.24330048856018,34.87787124208406],[135.24423059857713,34.878146036344106],[135.24491133947126,34.87763610886477],[135.24644849820777,34.87864333636573],[135.24768637134832,34.87831180332575],[135.246524238456,34.87931347372697],[135.24556501848022,34.87998860008725],[135.24373022534138,34.881387376549235],[135.2437014326104,34.88188095528174],[135.24242690260652,34.88304305254865],[135.24202693562452,34.883413820458976]]]},"properties":{"KEY_CODE":"282191110","PREF":"28","CITY":"219","CITY_NAME":"三田市","S_NAME":"下田中","SETAI":"142"}},{"type":"Feature","geometry":{"type":"Polygon","coordinates":[[[135.24719831600643,34.88362281230175],[135.24817455809327,34.883918709568874],[135.24556252678215,34.88483736830777],[135.2457768394687,34.88761624188844],[135.24566441385238,34.88845919473606],[135.24481074844056,34.88818992930503],[135.24363853832983,34.88852083589919],[135.24308199268773,34.889556912877424],[135.24236168265057,34.88980696103166],[135.24147909236854,34.88938801623311],[135.24172524423645,34.89063086647865],[135.24084394287505,34.890328961317685],[135.23950300315875,34.89037697958631],[135.23924538364685,34.89093331311626],[135.23812616275765,34.89091304261417],[135.23638593603116,34.89030527024692],[135.2367948643172,34.88975746699297],[135.2366432307195,34.88789362667913],[135.23550286869238,34.88782016891363],[135.2352519569782,34.88715379319707],[135.23493488254954,34.88613651945107],[135.24104832876003,34.88432895966737],[135.24202693562452,34.883413820458976],[135.24395879957055,34.88490978697965],[135.2459309008531,34.883901626936705],[135.24586950707837,34.883768128216],[135.24621203649474,34.882630376751045],[135.24667233805184,34.88289857894356],[135.24719831600643,34.88362281230175]]]},"properties":{"KEY_CODE":"28219112001","PREF":"28","CITY":"219","CITY_NAME":"三田市","S_NAME":"桑原","SETAI":"130"}},{"type":"Feature","geometry":{"type":"Polygon","coordinates":[[[135.24833939325129,34.883234029614485],[135.24719831600643,34.88362281230173],[135.24667233805184,34.88289857894356],[135.24621203649474,34.882630376751045],[135.24586950707837,34.883768128216],[135.2459309008531,34.883901626936705],[135.24395879957055,34.88490978697965],[135.24202693562452,34.88341382045899],[135.24242690260652,34.88304305254865],[135.2437014326104,34.88188095528174],[135.24373022534138,34.881387376549235],[135.24556501848022,34.87998860008725],[135.246524238456,34.87931347372697],[135.24768637134832,34.87831180332575],[135.2485474461293,34.87827833387229],[135.24981015098012,34.878455961277446],[135.25016394615164,34.87879137456708],[135.25039242342478,34.87892488876035],[135.25084246467685,34.878817849586234],[135.25113075023305,34.87891936225313],[135.25234002712665,34.8794534440409],[135.25252416555406,34.8797788498951],[135.25233457433387,34.880195658316396],[135.25208198512428,34.88067273391067],[135.25195920602278,34.88095818571514],[135.25182145467718,34.88135685802955],[135.2506649659285,34.88137285461726],[135.24977410784805,34.88183365336362],[135.24923786467002,34.88243497707149],[135.24833939325129,34.883234029614485]]]},"properties":{"KEY_CODE":"28219112002","PREF":"28","CITY":"219","CITY_NAME":"三田市","S_NAME":"桑原","SETAI":"18"}},{"type":"Feature","geometry":{"type":"Polygon","coordinates":[[[135.2315717275027,34.9340711518346],[135.2314878308884,34.934635544384044],[135.23032486664505,34.93520130170464],[135.22883340494502,34.93545212572871],[135.22789020192113,34.93608920113904],[135.2269903340906,34.93558199361737],[135.22512760913898,34.93551632838787],[135.22439636897667,34.93490243140112],[135.22305931213484,34.93445340671055],[135.22396900623997,34.93445659123532],[135.2218981174811,34.93355410183886],[135.22145800545442,34.93385213774204],[135.2204651714965,34.93355290225157],[135.21923261344756,34.93375206790838],[135.2187839174509,34.93427101978841],[135.21810048622388,34.93372427403082],[135.21721175212554,34.93373709356789],[135.21693535993515,34.932660005761214],[135.2157484522838,34.93365668707338],[135.21390265339153,34.9334257872897],[135.2140739524049,34.93224183892547],[135.21360375958668,34.93228757873146],[135.21327869973013,34.93342404930952],[135.21264316373228,34.933562965341174],[135.21236633192328,34.934291585201876],[135.21168295115916,34.934467819848535],[135.21142930408308,34.933368011397086],[135.21111838291313,34.93438985776355],[135.2102788075347,34.93439410163511],[135.2083987308078,34.93381723684837],[135.20813204233303,34.93332158971748],[135.20812766770808,34.93330422440552],[135.2081624045168,34.93288682488792],[135.2068411771316,34.93189397097777],[135.2053458915593,34.93215535272294],[135.20463949817918,34.93175569729297],[135.20592710327998,34.93073047747791],[135.20606646791228,34.93016301459136],[135.2054292483159,34.92879130526242],[135.20535462124462,34.92746753416534],[135.2047389519797,34.926772014117496],[135.2036498344831,34.926693100922506],[135.20314044708905,34.92610885057745],[135.20369682629595,34.92560362090509],[135.2045989991886,34.925665854529065],[135.20467354677592,34.92500866350096],[135.20600605123695,34.925141096958384],[135.20608431694498,34.92429492778372],[135.20358136186303,34.92382626125942],[135.20386734657308,34.923377418029375],[135.20533281430437,34.923172691081525],[135.2051330093648,34.92260051185936],[135.2057286476807,34.9224312763388],[135.20642493066973,34.922246523090465],[135.20660467279689,34.922142545083695],[135.20689092374985,34.92217294306816],[135.207087413298,34.922003486562026],[135.20730881940415,34.92136094112275],[135.207682398224,34.92128119528641],[135.20804342593925,34.92111463318091],[135.20793625499746,34.92094201884369],[135.20801755037863,34.92088354089072],[135.20840324473363,34.92084222898879],[135.2085104274093,34.92031431550468],[135.20869229825317,34.920153908757285],[135.2092596951703,34.92000880845367],[135.209455653355,34.91999140211343],[135.209667390963,34.91990578009681],[135.20975336447785,34.919684654950736],[135.20970228760896,34.91916661967716],[135.20968733987414,34.91905538521012],[135.20981836059022,34.918913444045394],[135.21025520393331,34.9188261945838],[135.2104286293951,34.9187725423636],[135.21070346172723,34.91865463136522],[135.21074563122392,34.91846340175803],[135.21066437278006,34.91834799867066],[135.21034043196914,34.91814117853197],[135.21025010318476,34.917703079431156],[135.21029047412907,34.91721395966377],[135.21008853615632,34.91691759081098],[135.20963396192062,34.91675939384932],[135.20950869147742,34.91666938171948],[135.2093051342163,34.91635710860439],[135.20919494040444,34.91611697807035],[135.20904173055703,34.91560193521736],[135.20896137153792,34.915135663646645],[135.2085626051477,34.9149418479972],[135.20808981518692,34.915015482176464],[135.20775270850334,34.9150003113633],[135.2076253585535,34.91506102370336],[135.20754041061232,34.91509670843811],[135.20741415888142,34.91529305371241],[135.20641870290058,34.91493719278688],[135.20612926106287,34.91494209766297],[135.20603996892004,34.91480181900188],[135.2046453006092,34.914296912250585],[135.20527463773706,34.9134874799053],[135.2062900149824,34.91157492217258],[135.20645202099178,34.90992768453724],[135.20553288656146,34.90834317343228],[135.20896412996106,34.90946050119921],[135.2106932034607,34.906165900455655],[135.2119669386127,34.90652181443929],[135.21189295561007,34.906952164093546],[135.21385049895247,34.90765642124608],[135.2151611173438,34.908404522623],[135.21579468795662,34.909905765445956],[135.2179448439494,34.91046488696597],[135.21944597506754,34.91157432517967],[135.21965871841653,34.911036467136825],[135.21889974969508,34.907291232495254],[135.21896912235425,34.90660237335303],[135.2181036330866,34.90564639599405],[135.2185460499645,34.904150531884945],[135.21925438391574,34.903576365990325],[135.2222124833098,34.90396672293861],[135.2234693169233,34.90568930129284],[135.22475056091687,34.906540925629415],[135.22634727455502,34.90729675788066],[135.22746551389025,34.9074278909383],[135.22758658341453,34.90794146736459],[135.22706018957078,34.90890738514889],[135.22614406340855,34.90844854135595],[135.2252483903521,34.909286104102534],[135.22425214708093,34.90948189301695],[135.2242329898515,34.9110712197732],[135.2237714208465,34.91166570454152],[135.22436900618032,34.91211542765651],[135.22550192244256,34.91205568506234],[135.2262739760713,34.912359811341005],[135.22664963928545,34.91371741223991],[135.22681747541648,34.91423071551415],[135.22828473530734,34.91548849730142],[135.22812927105298,34.916123910397936],[135.22874209955032,34.91677520368799],[135.2277017447822,34.91690894599603],[135.2266143739167,34.918069848809125],[135.2273795683181,34.919596068832405],[135.2280970574845,34.92030075180457],[135.230788237123,34.92113057390109],[135.23264917163533,34.92137610556977],[135.23175946655752,34.92243981101989],[135.23352675545985,34.922970550870005],[135.23393800356328,34.92442301932311],[135.2326638904839,34.926259845374716],[135.23154797736223,34.925607150279816],[135.23047517624343,34.926211181077],[135.23030565660778,34.926663167624085],[135.23089454050836,34.927556407914864],[135.23073102346459,34.9281199780782],[135.23160351260256,34.92835692163068],[135.2318805154651,34.928877513589214],[135.23043841700255,34.92906368672401],[135.23049950291548,34.92955390419104],[135.23217640218897,34.93156797741523],[135.23221012847958,34.9322140405768],[135.23119591940755,34.932591575378765],[135.2315717275027,34.9340711518346]],[[135.21171569796903,34.91378733517261],[135.21078282573671,34.91352035461748],[135.2108782679435,34.914447384238834],[135.21123794711744,34.91451069559738],[135.21171569796903,34.91378733517261]]]},"properties":{"KEY_CODE":"28219201001","PREF":"28","CITY":"219","CITY_NAME":"三田市","S_NAME":"福島","SETAI":"91"}},{"type":"Feature","geometry":{"type":"Polygon","coordinates":[[[135.20774552169354,34.90379274661005],[135.20954288505928,34.90497706305345],[135.21114962643594,34.90537057381028],[135.2106932034607,34.906165900455655],[135.20896412996106,34.90946050119921],[135.20553288656146,34.90834317343228],[135.20529870162468,34.90721719807003],[135.20568961788203,34.90610742172287],[135.20774552169354,34.90379274661005]]]},"properties":{"KEY_CODE":"28219201002","PREF":"28","CITY":"219","CITY_NAME":"三田市","S_NAME":"福島","SETAI":"17"}},{"type":"Feature","geometry":{"type":"Polygon","coordinates":[[[135.2108782679435,34.914447384238834],[135.21078282573671,34.91352035461748],[135.21171569796903,34.91378733517261],[135.21123794711744,34.91451069559738],[135.2108782679435,34.914447384238834]]]},"properties":{"KEY_CODE":"28219201003","PREF":"28","CITY":"219","CITY_NAME":"三田市","S_NAME":"福島","SETAI":"74"}},{"type":"Feature","geometry":{"type":"Polygon","coordinates":[[[135.2051330093648,34.92260051185936],[135.20457752201756,34.9226449403375],[135.20398528671387,34.92146815902092],[135.20441026801518,34.9205311070913],[135.20416070171086,34.92027359445542],[135.20441172574425,34.919608513373795],[135.20346125818628,34.91935505901028],[135.20318741804638,34.92002206363804],[135.19974339096387,34.91909743477651],[135.19956165492167,34.91722074628787],[135.20141552521676,34.917039281704355],[135.20309146999435,34.91595859880293],[135.2040941448711,34.914932883108584],[135.2046453006092,34.914296912250585],[135.20603996892004,34.91480181900188],[135.20612926106287,34.91494209766297],[135.20641870290058,34.91493719278688],[135.20741415888142,34.91529305371241],[135.20754041061232,34.91509670843811],[135.2076253585535,34.91506102370336],[135.20775270850334,34.9150003113633],[135.20808981518692,34.915015482176464],[135.2085626051477,34.9149418479972],[135.20896137153792,34.915135663646645],[135.20904173055703,34.91560193521736],[135.20919494040444,34.91611697807035],[135.2093051342163,34.91635710860439],[135.20950869147742,34.91666938171948],[135.20963396192062,34.91675939384932],[135.21008853615632,34.91691759081098],[135.21029047412907,34.91721395966377],[135.21025010318476,34.917703079431156],[135.21034043196914,34.91814117853197],[135.21066437278006,34.91834799867066],[135.21074563122392,34.91846340175803],[135.21070346172723,34.91865463136522],[135.2104286293951,34.9187725423636],[135.21025520393331,34.9188261945838],[135.20981836059022,34.918913444045394],[135.20968733987414,34.91905538521012],[135.20970228760896,34.91916661967716],[135.20975336447785,34.919684654950736],[135.209667390963,34.91990578009681],[135.209455653355,34.91999140211343],[135.2092596951703,34.92000880845367],[135.20869229825317,34.920153908757285],[135.2085104274093,34.92031431550468],[135.20840324473363,34.92084222898879],[135.20801755037863,34.92088354089072],[135.20793625499746,34.92094201884369],[135.20804342593925,34.92111463318091],[135.207682398224,34.92128119528641],[135.20730881940415,34.92136094112275],[135.207087413298,34.922003486562026],[135.20689092374985,34.92217294306816],[135.20660467279689,34.922142545083695],[135.20642493066973,34.922246523090465],[135.2057286476807,34.9224312763388],[135.2051330093648,34.92260051185936]]]},"properties":{"KEY_CODE":"282192020","PREF":"28","CITY":"219","CITY_NAME":"三田市","S_NAME":"東野上","SETAI":"26"}},{"type":"Feature","geometry":{"type":"Polygon","coordinates":[[[135.2068850658763,34.93601069067768],[135.20413616032286,34.93567308785322],[135.20397769027852,34.93621511666722],[135.20086588661164,34.93516704222361],[135.19996213103477,34.93633043799013],[135.1986617502671,34.93665089504039],[135.19858822856594,34.935187373691925],[135.19702427991555,34.9336137237322],[135.19588382700792,34.93131683416069],[135.19528194091524,34.93162353537026],[135.19449771484472,34.93075046277864],[135.19406022462684,34.92997218023203],[135.1936642976537,34.93073363867281],[135.19297306853858,34.93082961088705],[135.19276335516327,34.930153799047],[135.19347255209195,34.92987071432633],[135.19424288972922,34.928908693804885],[135.19379130483705,34.92767181982766],[135.19571257226985,34.927446415344],[135.1956856895331,34.92660428733077],[135.19617263920233,34.92652389111704],[135.19745883412673,34.92808769931214],[135.1977240320592,34.929199471252346],[135.1974208258276,34.929902957126025],[135.19635363519217,34.93109565489877],[135.19747880244847,34.932406660799515],[135.1984045995424,34.93256202194538],[135.1988346256135,34.931948124825226],[135.1985957266055,34.93095722912515],[135.19938330618683,34.93037069900981],[135.20046952642065,34.93089351045076],[135.2002194598686,34.931541550047314],[135.20094874241863,34.932168546895475],[135.20277443118016,34.93308662584872],[135.20448537019024,34.933160512196615],[135.20627595591898,34.93241387214534],[135.20812766770808,34.93330422440552],[135.20813204233303,34.93332158971748],[135.2071556461106,34.93396145013118],[135.20769455163096,34.93450746034002],[135.2068850658763,34.93601069067768]]]},"properties":{"KEY_CODE":"28219203001","PREF":"28","CITY":"219","CITY_NAME":"三田市","S_NAME":"加茂","SETAI":"532"}},{"type":"Feature","geometry":{"type":"Polygon","coordinates":[[[135.2051330093648,34.92260051185936],[135.20533281430437,34.923172691081525],[135.20386734657308,34.923377418029375],[135.20358136186303,34.92382626125942],[135.20608431694498,34.92429492778372],[135.20600605123695,34.925141096958384],[135.20467354677592,34.92500866350096],[135.2045989991886,34.925665854529065],[135.20369682629595,34.92560362090509],[135.20314044708905,34.92610885057745],[135.2036498344831,34.926693100922506],[135.2047389519797,34.926772014117496],[135.20535462124462,34.92746753416534],[135.2054292483159,34.92879130526242],[135.20606646791228,34.93016301459136],[135.20592710327998,34.93073047747791],[135.20463949817918,34.93175569729297],[135.2053458915593,34.93215535272294],[135.2068411771316,34.93189397097777],[135.2081624045168,34.93288682488792],[135.20812766770808,34.93330422440552],[135.20627595591898,34.93241387214534],[135.20448537019024,34.933160512196615],[135.20277443118016,34.93308662584872],[135.20094874241863,34.932168546895475],[135.2002194598686,34.931541550047314],[135.20046952642065,34.93089351045076],[135.19938330618683,34.93037069900981],[135.1985957266055,34.93095722912515],[135.1988346256135,34.931948124825226],[135.1984045995424,34.93256202194538],[135.19747880244847,34.932406660799515],[135.19635363519217,34.93109565489877],[135.1974208258276,34.929902957126025],[135.1977240320592,34.929199471252346],[135.19745883412673,34.92808769931214],[135.19617263920233,34.92652389111704],[135.19513129648942,34.92554103255669],[135.19485023338075,34.92391250687756],[135.19492907581346,34.92235797493766],[135.19554543353445,34.92021915985671],[135.1951814743943,34.91848679067166],[135.19575431688338,34.91775781480946],[135.1970026611524,34.917320874213786],[135.1981494386534,34.91712168859846],[135.19956165492167,34.91722074628787],[135.19974339096387,34.91909743477651],[135.20318741804638,34.92002206363804],[135.20346125818628,34.91935505901028],[135.20441172574425,34.91960851337382],[135.20416070171086,34.92027359445542],[135.20441026801518,34.9205311070913],[135.20398528671382,34.92146815902095],[135.20457752201756,34.9226449403375],[135.2051330093648,34.92260051185936]]]},"properties":{"KEY_CODE":"28219203002","PREF":"28","CITY":"219","CITY_NAME":"三田市","S_NAME":"加茂","SETAI":"57"}},{"type":"Feature","geometry":{"type":"Polygon","coordinates":[[[135.19449771484472,34.93075046277864],[135.1943308754503,34.93122485162425],[135.19305554441948,34.9311532736475],[135.19297306853858,34.93082961088705],[135.1936642976537,34.93073363867281],[135.19406022462684,34.92997218023203],[135.19449771484472,34.93075046277864]]]},"properties":{"KEY_CODE":"28219203003","PREF":"28","CITY":"219","CITY_NAME":"三田市","S_NAME":"加茂","SETAI":"44"}},{"type":"Feature","geometry":{"type":"Polygon","coordinates":[[[135.1986617502671,34.93665089504039],[135.1995151350351,34.93830026132007],[135.20056574519978,34.93911850096703],[135.20042309918958,34.93915142655148],[135.20010797257675,34.93913769691854],[135.19946777414057,34.938635695337126],[135.19906504633482,34.938594630922694],[135.19858791664393,34.93839063579339],[135.1980844898799,34.937987374579436],[135.1980450391881,34.937927862924425],[135.19717490963112,34.93745136834476],[135.19703827881148,34.9373565615739],[135.19638529590964,34.93701816437297],[135.1961904341427,34.93692384230598],[135.19581995797435,34.93671907313303],[135.1954901385788,34.93669740729907],[135.19531225262708,34.93660690697955],[135.1952196165964,34.936547844034216],[135.19480815680944,34.936594578227364],[135.19442556513016,34.93662920507541],[135.19409141682908,34.936651582355715],[135.1933306448423,34.936627903462934],[135.1933715413048,34.93648217969216],[135.1934369351602,34.93542241560303],[135.19305554441948,34.9311532736475],[135.1943308754503,34.93122485162425],[135.19449771484472,34.93075046277864],[135.19528194091524,34.93162353537026],[135.19588382700792,34.93131683416069],[135.19702427991555,34.9336137237322],[135.19858822856594,34.935187373691925],[135.1986617502671,34.93665089504039]]]},"properties":{"KEY_CODE":"282192040","PREF":"28","CITY":"219","CITY_NAME":"三田市","S_NAME":"宮脇","SETAI":"98"}},{"type":"Feature","geometry":{"type":"Polygon","coordinates":[[[135.20517436745402,34.94111989790618],[135.20391788885075,34.94136769409578],[135.20398317118466,34.94211453278972],[135.20375402497527,34.941885882538806],[135.20288204665593,34.94089320470231],[135.20238691068707,34.940614417135116],[135.20056574519978,34.93911850096703],[135.1995151350351,34.93830026132007],[135.1986617502671,34.93665089504039],[135.19996213103477,34.93633043799013],[135.20086588661164,34.93516704222361],[135.20397769027852,34.93621511666722],[135.20413616032286,34.93567308785322],[135.2068850658763,34.93601069067768],[135.20801425781383,34.93606654975536],[135.20839306139118,34.936891342954326],[135.2080431544422,34.93889247625132],[135.2070693436508,34.938830986781916],[135.20548273020984,34.94034071615908],[135.20536442201023,34.94157384298482],[135.20509652937758,34.941547321000634],[135.20517436745402,34.94111989790618]]]},"properties":{"KEY_CODE":"28219205001","PREF":"28","CITY":"219","CITY_NAME":"三田市","S_NAME":"末","SETAI":"44"}},{"type":"Feature","geometry":{"type":"Polygon","coordinates":[[[135.20536442201023,34.94157384298482],[135.20551050630044,34.941623287410465],[135.20551842840155,34.9417494369196],[135.2055385090378,34.941779927721896],[135.20568616699538,34.94187267370036],[135.20569394842136,34.94188881544612],[135.20570974952363,34.94203202264957],[135.20572742486414,34.942045417359104],[135.20596239713606,34.94211316548475],[135.2060004896289,34.94209211347966],[135.2060827030668,34.942102366440274],[135.20634275062,34.94216359393612],[135.2063706939443,34.942112896147606],[135.20640532362205,34.94187016278962],[135.20652344470784,34.94185487333081],[135.20669946284423,34.94173465046027],[135.20668426630414,34.94164010514611],[135.20681934103868,34.94157870255386],[135.20690387381984,34.9415979535182],[135.20712940733807,34.94191268640288],[135.20717266430557,34.94196737872376],[135.20774168034626,34.942459995356714],[135.2078031017341,34.94267048344916],[135.20798384323942,34.94289003893506],[135.20797422736595,34.9430153990113],[135.20790907439454,34.94306545108942],[135.2078781970099,34.94314596251976],[135.20784653655275,34.94305604368943],[135.2073443032551,34.943279618686525],[135.20677714808025,34.943277374476665],[135.20657931223337,34.94330859318289],[135.2064573578687,34.94357540850909],[135.20661784892087,34.943845537806624],[135.20648317891843,34.9439456718617],[135.20631912145708,34.943960377559165],[135.2062760512452,34.94402829892025],[135.20627679705265,34.94409865199993],[135.20600846475674,34.943982478759395],[135.20592472297335,34.94424000313192],[135.20590107310417,34.94428433241762],[135.20601794061773,34.94436011515926],[135.20596143617428,34.944500251306614],[135.20588477687153,34.94481272808139],[135.20543917610152,34.945636278457634],[135.20542344868068,34.94580675615702],[135.20568206958157,34.94572375992597],[135.20617091219398,34.94588073927026],[135.20621612522172,34.94591013297563],[135.20623346393097,34.94599656424931],[135.20615779963987,34.946192685657124],[135.20606776295432,34.94637278444568],[135.20611176517912,34.946602342021684],[135.20617698520547,34.94666314290304],[135.20625440838734,34.946737378330084],[135.20608170744757,34.94717132955603],[135.20603753700044,34.94745025923591],[135.20599706110858,34.94796438903033],[135.20596760226806,34.94797720849854],[135.20578834579212,34.947898283640704],[135.2057431690713,34.94787240979953],[135.2055262548299,34.94785594391259],[135.20545844442393,34.947865447309916],[135.20531165036655,34.947960314877065],[135.20542203380748,34.948150588870206],[135.20546415428515,34.948194442727015],[135.20563301085375,34.948324854979745],[135.2057677482605,34.948432060110235],[135.20585353040946,34.94888309162498],[135.20600820325825,34.94922453488908],[135.20603220625415,34.949455293003396],[135.205156534766,34.949199333851396],[135.20369000495907,34.94879781919007],[135.2029151100045,34.94839646052829],[135.20279345789305,34.94835352879599],[135.20255985527206,34.948271328478526],[135.2024721129854,34.948224138490865],[135.20214490614526,34.94813873608845],[135.20312489533947,34.94742284450157],[135.2035413343213,34.94573917175619],[135.2030748918326,34.945176076725026],[135.2031508108331,34.94428265041866],[135.2024064373534,34.94426419315633],[135.2026014584587,34.94348801734203],[135.20223995720883,34.94276063094592],[135.20256390971815,34.94222368759336],[135.20398317118466,34.94211453278972],[135.20391788885075,34.94136769409578],[135.20517436745402,34.94111989790618],[135.20509652937758,34.941547321000634],[135.20536442201023,34.94157384298482]]]},"properties":{"KEY_CODE":"28219205002","PREF":"28","CITY":"219","CITY_NAME":"三田市","S_NAME":"末","SETAI":"7"}},{"type":"Feature","geometry":{"type":"Polygon","coordinates":[[[135.2196535938719,34.952052379278776],[135.21810446333524,34.952102301420204],[135.21716674958432,34.952972231482846],[135.21697669279274,34.954492084017296],[135.21516862733947,34.95543003057834],[135.21380553082514,34.95483019848891],[135.21320338164662,34.95512219562777],[135.21250789723416,34.95477448056505],[135.21252732345522,34.95465524965537],[135.2124999753931,34.9540344279559],[135.21244221322416,34.95346488609503],[135.21237672701474,34.95217225166435],[135.21244263895207,34.951576592417865],[135.21143810150866,34.950455002294966],[135.2103397840496,34.94922315783491],[135.20979343852036,34.949653056718624],[135.20857796361844,34.95083925611342],[135.208224661699,34.951631442183476],[135.20776866955825,34.95155923997832],[135.20768631737346,34.95177006102988],[135.20768777865436,34.951907524533844],[135.20718252826086,34.9529717374508],[135.20677464108374,34.95362739668622],[135.2064508745993,34.954093419021596],[135.20419132356545,34.95367833929455],[135.2049467943749,34.95273446493593],[135.20584382814764,34.95054904952057],[135.20603220625415,34.949455293003396],[135.20600820325825,34.94922453488908],[135.20585353040946,34.94888309162498],[135.2057677482605,34.948432060110235],[135.20563301085375,34.948324854979745],[135.20546415428515,34.948194442727015],[135.20542203380748,34.948150588870206],[135.20531165036655,34.947960314877065],[135.20545844442393,34.947865447309916],[135.2055262548299,34.94785594391259],[135.2057431690713,34.94787240979953],[135.20578834579212,34.947898283640704],[135.20596760226806,34.94797720849854],[135.20599706110858,34.94796438903033],[135.20603753700044,34.94745025923591],[135.20608170744757,34.94717132955603],[135.20625440838734,34.946737378330084],[135.20617698520547,34.94666314290304],[135.20611176517912,34.946602342021684],[135.20606776295432,34.94637278444568],[135.20615779963987,34.946192685657124],[135.20623346393097,34.94599656424931],[135.20621612522172,34.94591013297563],[135.20617091219398,34.94588073927026],[135.20568206958157,34.94572375992597],[135.20542344868068,34.94580675615702],[135.20543917610152,34.945636278457634],[135.20588477687153,34.94481272808139],[135.20596143617428,34.944500251306614],[135.20601794061773,34.94436011515926],[135.20590107310417,34.94428433241762],[135.20592472297335,34.94424000313192],[135.20600846475674,34.943982478759395],[135.20627679705265,34.94409865199993],[135.2062760512452,34.94402829892025],[135.20631912145708,34.943960377559165],[135.20648317891843,34.9439456718617],[135.20661784892087,34.943845537806624],[135.2064573578687,34.94357540850909],[135.20657931223337,34.94330859318289],[135.20677714808025,34.943277374476665],[135.2073443032551,34.943279618686525],[135.20784653655275,34.94305604368943],[135.2078781970099,34.94314596251976],[135.20790907439454,34.94306545108942],[135.20797422736595,34.9430153990113],[135.20798384323942,34.94289003893506],[135.2078031017341,34.94267048344916],[135.20774168034626,34.942459995356714],[135.20717266430557,34.94196737872376],[135.20712940733807,34.94191268640288],[135.20690387381984,34.9415979535182],[135.20681934103868,34.94157870255386],[135.20668426630414,34.94164010514611],[135.20669946284423,34.94173465046027],[135.20652344470784,34.94185487333081],[135.20640532362205,34.94187016278962],[135.2063706939443,34.942112896147606],[135.20634275062,34.94216359393612],[135.2060827030668,34.942102366440274],[135.2060004896289,34.94209211347966],[135.20596239713606,34.94211316548475],[135.20572742486414,34.942045417359104],[135.20570974952363,34.94203202264957],[135.20569394842136,34.94188881544612],[135.20568616699538,34.94187267370036],[135.2055385090378,34.941779927721896],[135.20551842840155,34.9417494369196],[135.20551050630044,34.941623287410465],[135.20536442201023,34.94157384298482],[135.20548273020984,34.94034071615908],[135.2070693436508,34.938830986781916],[135.2080431544422,34.93889247625132],[135.20839306139118,34.936891342954326],[135.20801425781383,34.93606654975536],[135.2068850658763,34.93601069067768],[135.20769455163096,34.93450746034002],[135.2071556461106,34.93396145013118],[135.20813204233303,34.93332158971748],[135.2083987308078,34.93381723684837],[135.2102788075347,34.93439410163511],[135.21111838291313,34.93438985776355],[135.21142930408308,34.933368011397086],[135.21168295115916,34.934467819848535],[135.21236633192328,34.934291585201876],[135.21264316373228,34.933562965341174],[135.21327869973013,34.93342404930952],[135.21360375958668,34.93228757873146],[135.2140739524049,34.93224183892547],[135.21390265339153,34.9334257872897],[135.2157484522838,34.93365668707338],[135.21693535993515,34.932660005761214],[135.21721175212554,34.93373709356789],[135.21810048622388,34.93372427403082],[135.2187839174509,34.93427101978841],[135.21923261344756,34.93375206790838],[135.2204651714965,34.93355290225157],[135.22145800545442,34.93385213774204],[135.2218981174811,34.93355410183886],[135.22396900623997,34.93445659123532],[135.22305931213484,34.93445340671055],[135.22439636897667,34.93490243140112],[135.22512760913898,34.93551632838787],[135.2269903340906,34.93558199361737],[135.22789020192113,34.93608920113904],[135.22883340494502,34.93545212572871],[135.23032486664505,34.93520130170464],[135.2314878308884,34.934635544384044],[135.2315717275027,34.9340711518346],[135.2322347825112,34.934866296916226],[135.23048011729168,34.93596640503402],[135.22929323238043,34.936159062340415],[135.22821530483046,34.93687263373882],[135.22893310078632,34.93860464269356],[135.23020976191992,34.93882311439853],[135.2314270077904,34.938595642706645],[135.23240771794931,34.93844132513337],[135.23366452611268,34.93929952995893],[135.234418573167,34.94122188599777],[135.23533529135224,34.942039495494384],[135.23564299073487,34.94345843242549],[135.23502180489376,34.94414584952066],[135.2334261181858,34.94759716458507],[135.2332108994428,34.94851826016029],[135.23337977406075,34.95044558939302],[135.23319489419865,34.951458859840386],[135.23276464055434,34.947129431974886],[135.23367590778443,34.94607562924071],[135.2342182455192,34.94428450718027],[135.2340260352207,34.94309331505648],[135.23333851054218,34.942023411658624],[135.23342861715636,34.94136234396554],[135.23227956078446,34.94011429533661],[135.22968159570573,34.940192608438686],[135.22877704693036,34.93937014601313],[135.22754343337618,34.93914725655421],[135.2271359453323,34.93957543124967],[135.22727509043284,34.941032959846474],[135.22620484433503,34.940489887581116],[135.22619219547585,34.93990684088331],[135.22451763485606,34.93929819543068],[135.22624588804462,34.94183799096658],[135.22758243903203,34.94520443711869],[135.2279388703828,34.943081802990775],[135.2295340372274,34.94178528986036],[135.23065181181397,34.94174949033109],[135.2325012384766,34.94269149793415],[135.23285812390034,34.94402148242472],[135.2324131331069,34.94485300868837],[135.23264363269587,34.94580023725672],[135.23150396589844,34.94639752238246],[135.23203294546897,34.94684934038554],[135.23174806543335,34.94767425280961],[135.2304916487946,34.948345072382516],[135.2313407612466,34.94895179026441],[135.23176164279238,34.95013262711383],[135.23154898404897,34.95187037436043],[135.23037473489808,34.95174334593068],[135.2294684403894,34.95129937824225],[135.22909246650153,34.94966866533621],[135.22936052249094,34.94914968084947],[135.2284575784663,34.94901055950312],[135.2288585691738,34.94813951585321],[135.2281811373453,34.94801196913699],[135.2275102468925,34.94849405894141],[135.22740577676416,34.94959257716219],[135.2259018192175,34.94899931425832],[135.22519245184856,34.949784157129734],[135.22587912276379,34.95010786164273],[135.2258089291885,34.95070193785603],[135.22416027753545,34.94980427517833],[135.222503908813,34.95000911133753],[135.22267964450555,34.95178547088757],[135.2221756570652,34.951982344642964],[135.2214235074443,34.951425361529154],[135.2209473989529,34.95033829023298],[135.21973570896066,34.950956850556494],[135.2196535938719,34.952052379278776]]]},"properties":{"KEY_CODE":"28219205003","PREF":"28","CITY":"219","CITY_NAME":"三田市","S_NAME":"末","SETAI":"45"}},{"type":"Feature","geometry":{"type":"Polygon","coordinates":[[[135.20398317118466,34.94211453278972],[135.20256390971815,34.94222368759336],[135.20223995720883,34.94276063094592],[135.2026014584587,34.94348801734203],[135.2024064373534,34.94426419315633],[135.2031508108331,34.94428265041866],[135.2030748918326,34.945176076725026],[135.2035413343213,34.94573917175619],[135.20312489533947,34.94742284450157],[135.20214490614526,34.94813873608845],[135.2019666319537,34.94809613958353],[135.20163159745036,34.948038680112916],[135.20128294219725,34.94784180186031],[135.20107909840246,34.94781530291491],[135.20038670977848,34.94766067832226],[135.20024892416137,34.947693568502196],[135.20021816354955,34.947534270807715],[135.20018160789485,34.94705978212287],[135.2002490087407,34.946548629662445],[135.19975826883834,34.94460144402051],[135.19918245566836,34.943540489332435],[135.19966298559987,34.943600856531866],[135.1995003547265,34.942197835498966],[135.19870970884483,34.94168084785638],[135.1994316223642,34.94165575285874],[135.2005992280474,34.93914706479405],[135.20238691068707,34.940614417135116],[135.20288204665593,34.94089320470231],[135.20375402497527,34.941885882538806],[135.20398317118466,34.94211453278972]]]},"properties":{"KEY_CODE":"28219205004","PREF":"28","CITY":"219","CITY_NAME":"三田市","S_NAME":"末","SETAI":"12"}},{"type":"Feature","geometry":{"type":"Polygon","coordinates":[[[135.21252732345522,34.95465524965537],[135.21206518567348,34.95492228019836],[135.21182803121394,34.95496653778235],[135.21090006833944,34.955156162643775],[135.2105528644189,34.95465196103168],[135.2103096073072,34.9543488471024],[135.21015820524676,34.95434135085036],[135.20996205150146,34.954540318025416],[135.2086523245337,34.95366249398051],[135.2078920752843,34.95409744984863],[135.2071711303034,34.95388644951277],[135.2065948519348,34.95413527032015],[135.20677464108374,34.95362739668622],[135.20718252826086,34.9529717374508],[135.20768777865436,34.951907524533844],[135.20768631737346,34.95177006102988],[135.20776866955825,34.95155923997832],[135.208224661699,34.951631442183476],[135.20857796361844,34.95083925611342],[135.20979343852036,34.949653056718624],[135.2103397840496,34.94922315783491],[135.21143810150866,34.950455002294966],[135.21244263895204,34.95157659241785],[135.21237672701474,34.95217225166435],[135.21244221322416,34.95346488609503],[135.2124999753931,34.9540344279559],[135.21252732345522,34.95465524965537]]]},"properties":{"KEY_CODE":"282192060","PREF":"28","CITY":"219","CITY_NAME":"三田市","S_NAME":"北浦","SETAI":"21"}},{"type":"Feature","geometry":{"type":"Polygon","coordinates":[[[135.2196535938719,34.952052379278776],[135.22080997012137,34.95210828196532],[135.2219676600332,34.95325916074367],[135.22257039522287,34.95350806712392],[135.2233894859175,34.95518095743084],[135.22302233679352,34.95596932388095],[135.22152838084315,34.95654713749138],[135.22131880832157,34.95718842736486],[135.22365952925102,34.95915926144714],[135.22537191748523,34.960915731964455],[135.22547688441063,34.96145168106945],[135.22475217670276,34.96134410911851],[135.2247939175997,34.962218496858426],[135.22401951910012,34.96206515717272],[135.2233157703737,34.96249449247662],[135.22295646830784,34.96201998831643],[135.22356355815577,34.9615913628829],[135.22355321790766,34.96063716151247],[135.22171522482756,34.9603856192182],[135.22091890121337,34.961186640184344],[135.2211235107157,34.962245405670785],[135.21980525821147,34.9624141562382],[135.21930063128804,34.963398672875705],[135.22002805515913,34.964025000290675],[135.21992884115295,34.96450229935972],[135.21902688606667,34.96482666262335],[135.21754946536774,34.964773021802955],[135.21658452692301,34.964333562406395],[135.2162984734537,34.96320629594524],[135.2145985515758,34.96332607904169],[135.21411357902593,34.96311839960411],[135.21516725784366,34.96228892737249],[135.21496576562112,34.961521764435304],[135.2157116836823,34.96052226403367],[135.2150595799354,34.959758241118806],[135.2128736469624,34.960092252725545],[135.21329087072917,34.96131569545591],[135.21246875530082,34.96173746337049],[135.21298116063775,34.962414269979384],[135.21200498259043,34.96346113092758],[135.21228719097246,34.96408284745952],[135.21173842295863,34.96473291906041],[135.2127367398642,34.96465672470615],[135.21310342285847,34.96553628945793],[135.2143398861926,34.96631769132772],[135.21459278594318,34.96699602628241],[135.21655340426955,34.96763416687215],[135.21634238820587,34.96877534073605],[135.2170404848735,34.96932175464898],[135.2164978943699,34.97017202569596],[135.2143884384535,34.970489524785926],[135.21047271271414,34.97229564921733],[135.2102679407859,34.97202021630044],[135.20753982513938,34.97062350974303],[135.2061731537599,34.96968006815813],[135.20530342583794,34.96878762141239],[135.20525926441567,34.966186689475386],[135.2043877575167,34.96513079251989],[135.2039455053932,34.963990043475306],[135.2037135951213,34.962443327966035],[135.20222626294353,34.96089125677658],[135.20147669999278,34.959160212954664],[135.2007755456117,34.95871979501474],[135.20171601548554,34.95805795370426],[135.20250339995133,34.955390697978636],[135.20419132356545,34.95367833929455],[135.2064508745993,34.954093419021596],[135.2065948519348,34.95413527032015],[135.2071711303034,34.95388644951277],[135.2078920752843,34.95409744984863],[135.2086523245337,34.95366249398051],[135.20996205150146,34.954540318025416],[135.21015820524676,34.95434135085036],[135.2103096073072,34.9543488471024],[135.2105528644189,34.95465196103168],[135.21090006833944,34.955156162643775],[135.21182803121394,34.95496653778235],[135.21206518567348,34.95492228019836],[135.21250789723416,34.95477448056505],[135.21320338164662,34.95512219562777],[135.21380553082514,34.95483019848891],[135.21516862733947,34.95543003057834],[135.21697669279274,34.954492084017296],[135.21716674958432,34.952972231482846],[135.21810446333524,34.952102301420204],[135.2196535938719,34.952052379278776]]]},"properties":{"KEY_CODE":"282192070","PREF":"28","CITY":"219","CITY_NAME":"三田市","S_NAME":"下青野","SETAI":"75"}},{"type":"Feature","geometry":{"type":"Polygon","coordinates":[[[135.2164978943699,34.97017202569596],[135.21763961676598,34.97104522603513],[135.2163935812332,34.971458709248076],[135.21588892045688,34.97228947889918],[135.21683112598916,34.973725584750866],[135.21766501287786,34.97443630709396],[135.21900943277984,34.97486771492582],[135.21856966953413,34.97549582498673],[135.21969537623227,34.97635152908356],[135.2174957122951,34.97694100392805],[135.21773957552554,34.97781611084714],[135.21638029345607,34.978822200240366],[135.21788316170824,34.978794065559676],[135.21657211759816,34.98039667150001],[135.21714232152144,34.98173217409215],[135.21782992292808,34.982572985497626],[135.21719865868795,34.98332474457726],[135.21792921843272,34.983791697829176],[135.21772422349596,34.9843900591354],[135.2187952996932,34.98569182624424],[135.21884727799448,34.986155205697045],[135.21760218750907,34.985898078616195],[135.21687545183872,34.985112344117844],[135.2158327489617,34.98518099727096],[135.21599515664118,34.98426525412866],[135.21534741129997,34.98421841414155],[135.21484425955072,34.98314200880056],[135.21538657455542,34.982758255642416],[135.21484050058592,34.981731671939016],[135.21426736176682,34.98182598246942],[135.2139155318865,34.982601470316965],[135.21434103498032,34.984066846864245],[135.21263068842674,34.98393932278778],[135.21262458367448,34.98440798658676],[135.21152639437258,34.98404831719551],[135.21144202593533,34.98509687837878],[135.2107910399953,34.985724232572196],[135.21108856888296,34.986701081781064],[135.21249609989226,34.9870172421082],[135.21104949376078,34.98792932201784],[135.2103407389058,34.98876752732692],[135.20976951780335,34.98880602561355],[135.21008224566307,34.99022926883744],[135.21136053097425,34.99065800097693],[135.21418120546872,34.99082649834514],[135.21503750352704,34.9913312194112],[135.21510409603178,34.99291075485514],[135.21571094580815,34.99425035930336],[135.21709138218236,34.99567010359966],[135.2170857385742,34.99660188753664],[135.21515965527547,34.99954861693634],[135.2147270658834,34.99889045941369],[135.21465506488386,34.99777042513133],[135.2135308178053,34.99711299180047],[135.2136921415144,34.99608985794092],[135.21281036308795,34.99467074989663],[135.211416154391,34.99414835942929],[135.21079721118465,34.9933842765696],[135.209286608179,34.992223018298716],[135.20857672004658,34.99222814327285],[135.20692014023524,34.990836056652554],[135.20610872254414,34.990618642529256],[135.2054947177655,34.98907718448841],[135.20560962573265,34.987607883555015],[135.20751940248246,34.98705320060611],[135.20723143760927,34.98647988542048],[135.20549894054346,34.98529867997614],[135.20574589990832,34.98372963296176],[135.20541458196504,34.983495802662894],[135.20553977673902,34.9817731142019],[135.20818893698936,34.97959434271178],[135.20790186264412,34.97836401360993],[135.20863790873074,34.9783759598024],[135.21048297274706,34.976919956686935],[135.21019742416868,34.97608472733558],[135.21088066041986,34.97579202379272],[135.21014996155583,34.974814094214125],[135.20938455570126,34.974982803068876],[135.20853002198655,34.974383590913234],[135.20988968810065,34.97366099169563],[135.21047271271414,34.97229564921733],[135.2143884384535,34.970489524785926],[135.2164978943699,34.97017202569596]]]},"properties":{"KEY_CODE":"282192080","PREF":"28","CITY":"219","CITY_NAME":"三田市","S_NAME":"上青野","SETAI":"94"}},{"type":"Feature","geometry":{"type":"Polygon","coordinates":[[[135.19956165492167,34.91722074628787],[135.1981494386534,34.91712168859846],[135.1970026611524,34.917320874213786],[135.19533292279164,34.91729508249589],[135.19515433225467,34.91677301298293],[135.1956362963569,34.91635653357381],[135.19582834758464,34.91641552266539],[135.19598009318221,34.91657755004708],[135.19666287118443,34.91624929024951],[135.19708951123062,34.91615159749985],[135.197336318218,34.91625498480704],[135.1975247813599,34.916420548572965],[135.19831930643412,34.91594561979601],[135.19860385604792,34.91569385429805],[135.19877941972248,34.915387651761186],[135.19882600535192,34.914873205047684],[135.19916107924243,34.9148658788408],[135.1996501147183,34.91439242300691],[135.19979632985567,34.91419854876732],[135.20004046099365,34.913404504849055],[135.20001448832505,34.91336560363513],[135.19986248238214,34.913008150625366],[135.19990295641156,34.91160313666801],[135.20021543358246,34.91127750305059],[135.2006220109106,34.91109584907837],[135.2009318603396,34.91100010300489],[135.20101683172496,34.90978908172638],[135.2008172994684,34.90963543491401],[135.20074431411854,34.909670184446625],[135.20049309463758,34.90964156042664],[135.20086537872086,34.90935380830598],[135.20135647361772,34.90931606102641],[135.20169592026346,34.90884965903117],[135.20162537378042,34.90875072411816],[135.20289939300025,34.90840465971463],[135.20339065462286,34.90780018248329],[135.2046767572765,34.90669869227558],[135.20568961788203,34.90610742172287],[135.20529870162468,34.90721719807003],[135.20553288656146,34.90834317343228],[135.20645202099178,34.90992768453724],[135.2062900149824,34.91157492217258],[135.20527463773706,34.9134874799053],[135.2046453006092,34.914296912250585],[135.2040941448711,34.914932883108584],[135.20309146999435,34.91595859880293],[135.20141552521676,34.917039281704355],[135.19956165492167,34.91722074628787]]]},"properties":{"KEY_CODE":"282192090","PREF":"28","CITY":"219","CITY_NAME":"三田市","S_NAME":"西野上","SETAI":"49"}},{"type":"Feature","geometry":{"type":"Polygon","coordinates":[[[135.19485023338075,34.92391250687756],[135.1931901257421,34.92429735313282],[135.19215733288996,34.923965010054545],[135.19108859271446,34.92422041498055],[135.18967861496535,34.9241240440273],[135.1900486191922,34.92231532269564],[135.18896518250313,34.92214176970001],[135.18827261027127,34.92214313652669],[135.18855322063894,34.91986621419438],[135.18870919853168,34.91976137448389],[135.18911969130903,34.91932457832614],[135.18926623744784,34.918846474239814],[135.18936864768924,34.918564536989074],[135.18943965716704,34.9186429132117],[135.18952654529267,34.9187106137779],[135.19020115000924,34.9180525686342],[135.19041545994853,34.91779343229653],[135.19077939219062,34.91760880546916],[135.19103398099674,34.917474179581404],[135.1913078279227,34.91736646120831],[135.19173052334907,34.917192542458004],[135.1934602824454,34.916743212996685],[135.1944750072587,34.916728753988494],[135.19515433225467,34.91677301298293],[135.19533292279164,34.91729508249589],[135.1970026611524,34.917320874213786],[135.19575431688338,34.91775781480946],[135.1951814743943,34.91848679067166],[135.19554543353445,34.92021915985671],[135.19492907581346,34.92235797493766],[135.19485023338075,34.92391250687756]]]},"properties":{"KEY_CODE":"282192100","PREF":"28","CITY":"219","CITY_NAME":"三田市","S_NAME":"下井沢","SETAI":"314"}},{"type":"Feature","geometry":{"type":"Polygon","coordinates":[[[135.19617263920233,34.92652389111704],[135.1956856895331,34.92660428733077],[135.19571257226985,34.927446415344],[135.19379130483705,34.92767181982766],[135.19424288972922,34.928908693804885],[135.19347255209195,34.92987071432633],[135.19276335516327,34.930153799047],[135.19209102890613,34.92786129439714],[135.19187975842323,34.927247963492114],[135.19118320759887,34.926262765711634],[135.19064029701883,34.92619540738576],[135.1904537572653,34.92601009509049],[135.19044415287735,34.926344552300655],[135.19021463274998,34.92732236665807],[135.1900543009574,34.927898327455395],[135.1880743767536,34.92741834218155],[135.1880610841277,34.92592199744475],[135.18787612290978,34.92466708985265],[135.1885526986517,34.924547941238785],[135.18896518250313,34.92214176970001],[135.1900486191922,34.92231532269564],[135.18967861496535,34.9241240440273],[135.19108859271446,34.92422041498055],[135.19215733288996,34.923965010054545],[135.1931901257421,34.92429735313282],[135.19485023338075,34.92391250687756],[135.19513129648942,34.92554103255669],[135.19617263920233,34.92652389111704]]]},"properties":{"KEY_CODE":"28219211001","PREF":"28","CITY":"219","CITY_NAME":"三田市","S_NAME":"上井沢","SETAI":"451"}},{"type":"Feature","geometry":{"type":"Polygon","coordinates":[[[135.19209102890613,34.92786129439714],[135.19142193191882,34.92809344583101],[135.19103353766582,34.92817500527697],[135.19047806296774,34.92796977082817],[135.19021063986327,34.92795018254487],[135.19021463274998,34.92732236665807],[135.19044415287735,34.926344552300655],[135.1904537572653,34.92601009509049],[135.19064029701883,34.92619540738576],[135.19118320759887,34.926262765711634],[135.19187975842323,34.927247963492114],[135.19209102890613,34.92786129439714]]]},"properties":{"KEY_CODE":"28219211002","PREF":"28","CITY":"219","CITY_NAME":"三田市","S_NAME":"上井沢","SETAI":"15"}},{"type":"Feature","geometry":{"type":"Polygon","coordinates":[[[135.1933715413048,34.93648217969216],[135.1924057071832,34.936426569121075],[135.1921765235351,34.93691921402329],[135.1908094827091,34.93704158843108],[135.19055766037053,34.935195355389034],[135.19011428138833,34.935042356314376],[135.1898795878651,34.93483350970251],[135.18864734477935,34.935704677563116],[135.1883227386784,34.934594285815955],[135.18586192671157,34.93377918614836],[135.18514061493573,34.93294525863902],[135.18442927115467,34.933580585384476],[135.18384826080782,34.933032649573974],[135.18573396644115,34.92906326264378],[135.1875268600335,34.92787258664141],[135.18787287837438,34.92833031774762],[135.18997553370562,34.92941117533025],[135.19126773848686,34.93067937168477],[135.19238590586656,34.93088406337075],[135.19276335516327,34.930153799047],[135.19297306853858,34.93082961088705],[135.19305554441948,34.9311532736475],[135.1934369351602,34.93542241560303],[135.1933715413048,34.93648217969216]]]},"properties":{"KEY_CODE":"28219212001","PREF":"28","CITY":"219","CITY_NAME":"三田市","S_NAME":"広野","SETAI":"33"}},{"type":"Feature","geometry":{"type":"Polygon","coordinates":[[[135.19209102890613,34.92786129439714],[135.19276335516327,34.930153799047],[135.19238590586656,34.93088406337075],[135.19126773848686,34.93067937168477],[135.18997553370562,34.92941117533025],[135.18787287837438,34.92833031774762],[135.1875268600335,34.92787258664141],[135.18731355510448,34.927150098481334],[135.18775421134995,34.92594824817954],[135.1880610841277,34.92592199744475],[135.1880743767536,34.92741834218155],[135.1900543009574,34.927898327455395],[135.19021063986327,34.92795018254487],[135.19047806296774,34.92796977082817],[135.19103353766582,34.92817500527697],[135.19142193191882,34.92809344583101],[135.19209102890613,34.92786129439714]]]},"properties":{"KEY_CODE":"28219212002","PREF":"28","CITY":"219","CITY_NAME":"三田市","S_NAME":"広野","SETAI":"48"}},{"type":"Feature","geometry":{"type":"Polygon","coordinates":[[[135.18775421134995,34.92594824817954],[135.18677796400684,34.925750257320196],[135.18618430656824,34.92619904680513],[135.18517337854826,34.924581259682355],[135.18585840497173,34.92463376955981],[135.18581684952977,34.92529530425629],[135.18706024837508,34.92421654445779],[135.1864398943869,34.92241487552726],[135.18827261027127,34.92214313652669],[135.18896518250313,34.92214176970001],[135.1885526986517,34.924547941238785],[135.18787612290978,34.92466708985265],[135.1880610841277,34.92592199744475],[135.18775421134995,34.92594824817954]]]},"properties":{"KEY_CODE":"282192130","PREF":"28","CITY":"219","CITY_NAME":"三田市","S_NAME":"広沢","SETAI":"90"}},{"type":"Feature","geometry":{"type":"Polygon","coordinates":[[[135.18827261027127,34.92214313652669],[135.1864398943869,34.92241487552726],[135.18706024837508,34.92421654445779],[135.18581684952977,34.92529530425629],[135.18585840497173,34.92463376955981],[135.18517337854826,34.924581259682355],[135.18618430656824,34.92619904680513],[135.1856660655595,34.92658215821489],[135.18503274237722,34.92523736564018],[135.1834129948989,34.92549697591869],[135.18301684308176,34.92481737531432],[135.18178236035274,34.924425834168716],[135.18145017143527,34.92375303501851],[135.18097732320325,34.9235953362682],[135.18098882793228,34.92300119892257],[135.18123280702238,34.92126690273203],[135.18209078506462,34.92136965416218],[135.18226567242547,34.92158844815946],[135.18258712788165,34.92161796559101],[135.18269523948183,34.92167122803049],[135.18311960695445,34.921763338004745],[135.18416034452142,34.92122256730463],[135.18447724957605,34.92151550998329],[135.18462975582298,34.92163621090805],[135.18483320522262,34.9214657571638],[135.18511966266942,34.92138486506639],[135.1853100130031,34.921270842913124],[135.18548493637894,34.92098790309031],[135.18541630570607,34.92096584891254],[135.18549535511738,34.92067231482228],[135.18553441378012,34.9204804774692],[135.1855318516488,34.92023259083099],[135.18565321940903,34.92006271140399],[135.18584391557357,34.919982491345706],[135.18574606268692,34.919780349897046],[135.1854484290582,34.918779567398246],[135.1854864380433,34.91848632524686],[135.18551263147765,34.91837345841456],[135.18543631536934,34.9176077528348],[135.1854336364727,34.91734860150562],[135.18556415629658,34.917328669173756],[135.18585008970976,34.91735560420934],[135.18601181036271,34.91740904724878],[135.18629359211582,34.91821633614928],[135.18688612052054,34.91860528727804],[135.18706874950595,34.91879485657605],[135.1879511791865,34.919913914536586],[135.18855322063894,34.91986621419438],[135.18827261027127,34.92214313652669]]]},"properties":{"KEY_CODE":"28219214001","PREF":"28","CITY":"219","CITY_NAME":"三田市","S_NAME":"下内神","SETAI":"103"}},{"type":"Feature","geometry":{"type":"Polygon","coordinates":[[[135.1875268600335,34.92787258664141],[135.18573396644115,34.92906326264378],[135.18384826080782,34.933032649573974],[135.18442927115467,34.933580585384476],[135.18514061493573,34.93294525863902],[135.18586192671157,34.93377918614836],[135.1883227386784,34.934594285815955],[135.18553072812776,34.93504520132494],[135.1805352984135,34.936077836519054],[135.17933299161817,34.93629484312413],[135.17958854661268,34.93613058062906],[135.1794943467531,34.935785084960195],[135.1790684730528,34.93557775808099],[135.17922500309987,34.93522255224341],[135.17870109002854,34.934294370644224],[135.17856920102645,34.9340503411364],[135.17759712454927,34.933415440601586],[135.17733291169634,34.93320162853374],[135.17704300423546,34.93363494911785],[135.1768946178161,34.93416827921861],[135.17554960499757,34.933607651601946],[135.17510944888366,34.93311341185723],[135.17507769801952,34.9328179716707],[135.17495657202267,34.932680350091665],[135.17496217388904,34.93259241624347],[135.1748854142701,34.9323613084166],[135.17492394741038,34.93202291298825],[135.17495745922417,34.9318123815518],[135.17511285215838,34.931797286906026],[135.17529804538265,34.93166014587998],[135.17540558767408,34.9310371618616],[135.1746899944241,34.930650684279186],[135.17454093922356,34.93062509517427],[135.17435233579982,34.930519984785626],[135.17373664263607,34.930100902664186],[135.1734704265002,34.929998864661414],[135.17318556054036,34.92997956593913],[135.17294635177467,34.92980050126354],[135.17299523865546,34.92910932539998],[135.17171830582032,34.92873268105942],[135.17124795663327,34.9287035902702],[135.1702276415624,34.92880511646216],[135.17003183719402,34.928806460963706],[135.16955317739775,34.92851479030708],[135.16930508867662,34.92832753281412],[135.16898335944612,34.92806246266365],[135.16915458690178,34.927282279432454],[135.1713368003705,34.92747554838156],[135.1723892489172,34.927575775446805],[135.1737894068046,34.927685960717334],[135.17346369724538,34.92675482751198],[135.17368892111332,34.92634309450198],[135.1740841062963,34.925693969327725],[135.1748792250733,34.925063833108226],[135.17529063363065,34.92477391760902],[135.17546581085762,34.924545219034535],[135.17565719737212,34.924614320166114],[135.17521820214935,34.92573583393025],[135.17528561592698,34.925897915384375],[135.17608179891326,34.92594112848423],[135.17613203010848,34.925702451124515],[135.17648393388495,34.92539667575549],[135.17656899066057,34.925352701525476],[135.176573802502,34.925179413910264],[135.17701299285963,34.92439637418663],[135.1771537366781,34.92465541638045],[135.17714870735836,34.9248070829154],[135.17728375626,34.92515272100913],[135.1775428503233,34.92476096043534],[135.1777026892091,34.9243210834388],[135.17775866927408,34.924001161866926],[135.17781750232587,34.92396828502595],[135.17796903109462,34.92399427589467],[135.1781361607266,34.924908537665964],[135.17786337219957,34.92555773781793],[135.1784915516665,34.92589452025741],[135.17858988511526,34.92586129871999],[135.17920279757888,34.92491858020645],[135.17956114340834,34.92523343090553],[135.17924761352972,34.925602685666476],[135.1794135757532,34.925576668534696],[135.17978984646234,34.92617134501108],[135.17994877435316,34.92620143718052],[135.18048276653542,34.925967483646986],[135.18069641065645,34.92617129055027],[135.18085501605051,34.92617018371445],[135.18095860934923,34.925957965638695],[135.1806600856474,34.925574175763735],[135.18058111333238,34.92524498334927],[135.18103516658437,34.924588527903545],[135.1814038906643,34.92444904257994],[135.18178236035274,34.924425834168716],[135.18301684308176,34.92481737531432],[135.1834129948989,34.92549697591869],[135.18503274237722,34.92523736564018],[135.1856660655595,34.92658215821489],[135.18618430656824,34.92619904680513],[135.18677796400684,34.925750257320196],[135.18775421134995,34.92594824817954],[135.18731355510448,34.927150098481334],[135.1875268600335,34.92787258664141]]]},"properties":{"KEY_CODE":"28219214002","PREF":"28","CITY":"219","CITY_NAME":"三田市","S_NAME":"下内神","SETAI":"36"}},{"type":"Feature","geometry":{"type":"Polygon","coordinates":[[[135.18145017143527,34.92375303501851],[135.1814038906643,34.92444904257994],[135.18103516658437,34.924588527903545],[135.18058111333238,34.92524498334927],[135.1806600856474,34.925574175763735],[135.18095860934923,34.925957965638695],[135.18085501605051,34.92617018371445],[135.18069641065645,34.92617129055027],[135.18048276653542,34.925967483646986],[135.17994877435316,34.92620143718052],[135.17978984646234,34.92617134501108],[135.1794135757532,34.925576668534696],[135.17924761352972,34.925602685666476],[135.17956114340834,34.92523343090553],[135.17920279757888,34.92491858020645],[135.17858988511526,34.92586129871999],[135.1784915516665,34.92589452025741],[135.17786337219957,34.92555773781793],[135.1781361607266,34.924908537665964],[135.17796903109462,34.92399427589467],[135.17781750232587,34.92396828502595],[135.17775866927408,34.924001161866926],[135.1777026892091,34.9243210834388],[135.1775428503233,34.92476096043534],[135.17728375626,34.92515272100913],[135.17714870735836,34.9248070829154],[135.1771537366781,34.92465541638045],[135.17701299285963,34.92439637418663],[135.176573802502,34.925179413910264],[135.17656899066057,34.925352701525476],[135.17648393388495,34.92539667575549],[135.17613203010848,34.925702451124515],[135.17608179891326,34.92594112848423],[135.17528561592698,34.925897915384375],[135.17521820214935,34.92573583393025],[135.17565719737212,34.924614320166114],[135.17546581085762,34.924545219034535],[135.17529063363065,34.92477391760902],[135.1748792250733,34.925063833108226],[135.17458447594856,34.925097004847835],[135.17373516513632,34.92443804118916],[135.17417091611455,34.92364263626194],[135.17293377067062,34.92323566569179],[135.17136795240103,34.923165253962985],[135.1703675028349,34.92243002367338],[135.1697163155881,34.92371277100678],[135.1695448236928,34.92235981962949],[135.16889388791486,34.92236970618937],[135.16844897575456,34.92310922674593],[135.16794984734665,34.92267584721041],[135.1681748933723,34.92215264216832],[135.169149872766,34.92094353313299],[135.16932048284312,34.92066874876302],[135.1705936837774,34.91897289689241],[135.17094087580597,34.918549068809455],[135.17136054029643,34.91845871270108],[135.17139285896624,34.9184248967805],[135.1715234804769,34.91841392751038],[135.17155541981091,34.91834306777112],[135.1716159853833,34.918278702976046],[135.17177533123777,34.91820013549672],[135.1718884224038,34.91824774189407],[135.17226254035089,34.91847096131779],[135.1723880934235,34.91919719526708],[135.17330225256393,34.91984135835172],[135.1740448492891,34.92000954820792],[135.17424458590315,34.92006880486787],[135.1746784518739,34.92030575295729],[135.17498163647355,34.92038866093201],[135.1754019082617,34.92038279155687],[135.17568680418879,34.92047498004526],[135.175915766265,34.920506776580126],[135.17595965726437,34.92047611665965],[135.17598492636412,34.92030487194585],[135.1765244519682,34.920355289728604],[135.17669631476454,34.92057277675704],[135.17690023153125,34.92068066611484],[135.1770257266952,34.92069500752616],[135.17706653067677,34.92072204983197],[135.17716697540644,34.920803402346756],[135.17722235207285,34.92080900370244],[135.17739155474524,34.92077451573537],[135.17787270901536,34.920944215593],[135.17803859744495,34.9209370769285],[135.1781975144338,34.920975412018805],[135.17869855413937,34.92111616450764],[135.17912645434382,34.921128328844134],[135.17921098753382,34.92110041393781],[135.1792511384214,34.92106372379569],[135.17931561618647,34.92088107741397],[135.179448083958,34.92084980086172],[135.17965857506775,34.92105630944542],[135.17984362294592,34.92112488516482],[135.18003399750492,34.9211706747132],[135.18041053765032,34.92121051938564],[135.18048056219195,34.92121003129887],[135.18097465012684,34.92120658624996],[135.18123280702238,34.92126690273203],[135.18098882793228,34.92300119892257],[135.18097732320325,34.9235953362682],[135.18145017143527,34.92375303501851]]]},"properties":{"KEY_CODE":"28219215001","PREF":"28","CITY":"219","CITY_NAME":"三田市","S_NAME":"中内神","SETAI":"40"}},{"type":"Feature","geometry":{"type":"Polygon","coordinates":[[[135.17540558767408,34.9310371618616],[135.17529804538265,34.93166014587998],[135.17511285215838,34.931797286906026],[135.17495745922417,34.9318123815518],[135.17492394741038,34.93202291298825],[135.1748854142701,34.9323613084166],[135.17496217388904,34.93259241624347],[135.17495657202267,34.932680350091665],[135.17507769801952,34.9328179716707],[135.17479329085478,34.932844596430506],[135.17414253732213,34.93244463641029],[135.17286558469308,34.93179433812033],[135.1726041632792,34.931449848706706],[135.17176248919228,34.93098286361612],[135.17029126228314,34.93034580287423],[135.1675296567957,34.929140542309426],[135.16556165510082,34.928273713320955],[135.16513962128423,34.9280924249627],[135.16631896427035,34.926450707138656],[135.16819896725426,34.9243080833848],[135.16844897575456,34.92310922674593],[135.16889388791486,34.92236970618937],[135.1695448236928,34.92235981962949],[135.1697163155881,34.92371277100678],[135.1703675028349,34.92243002367338],[135.17136795240103,34.923165253962985],[135.17293377067062,34.92323566569179],[135.17417091611455,34.92364263626194],[135.17373516513632,34.92443804118916],[135.17458447594856,34.925097004847835],[135.1740841062963,34.925693969327725],[135.17368892111332,34.92634309450198],[135.17346369724538,34.92675482751198],[135.1737894068046,34.927685960717334],[135.1723892489172,34.927575775446805],[135.1713368003705,34.92747554838156],[135.16915458690178,34.927282279432454],[135.16898335944612,34.92806246266365],[135.16930508867662,34.92832753281412],[135.16955317739775,34.92851479030708],[135.17003183719402,34.928806460963706],[135.1702276415624,34.92880511646216],[135.17124795663327,34.9287035902702],[135.17171830582032,34.92873268105942],[135.17299523865546,34.92910932539998],[135.17294635177467,34.92980050126354],[135.17318556054036,34.92997956593913],[135.1734704265002,34.929998864661414],[135.17373664263607,34.930100902664186],[135.17435233579982,34.930519984785626],[135.17454093922356,34.93062509517427],[135.1746899944241,34.930650684279186],[135.17540558767408,34.9310371618616]]]},"properties":{"KEY_CODE":"28219215002","PREF":"28","CITY":"219","CITY_NAME":"三田市","S_NAME":"中内神","SETAI":"7"}},{"type":"Feature","geometry":{"type":"Polygon","coordinates":[[[135.16994236463356,34.916736127529056],[135.17024877035703,34.91715448192319],[135.17055888634005,34.917735921959085],[135.1705632430849,34.91792069599289],[135.17066047003078,34.91808180213124],[135.1707268641494,34.91817874847567],[135.17085066125603,34.91831262744591],[135.1709161014893,34.91852571651853],[135.1705936837774,34.91897289689241],[135.16932048284312,34.92066874876302],[135.16933817996758,34.919168219488206],[135.16809507114363,34.919101873380235],[135.1682360755918,34.91906062161431],[135.16793079491245,34.918457732587406],[135.16784017171807,34.918104379211535],[135.16759406355987,34.9174338947095],[135.16714635787184,34.917009035312674],[135.16665943825078,34.91704370445954],[135.16604223571557,34.91576091071758],[135.16616847688908,34.91579906644498],[135.16650099879243,34.91585954706837],[135.16668058626487,34.91587177107935],[135.16724895954854,34.91559011529967],[135.1669254766618,34.91534131960369],[135.16694460252364,34.91507680146197],[135.16695935320496,34.914928870699256],[135.16677062204846,34.91455372056966],[135.1668970182854,34.91419324822102],[135.16727336707487,34.913161152604],[135.16728850609496,34.91251127527927],[135.16664848027378,34.911886160140796],[135.16682117923185,34.91175046155906],[135.16703328039426,34.911749011867904],[135.16682406848614,34.9115039437124],[135.16679236361463,34.911176048002474],[135.16688140123142,34.91098606435272],[135.1667513465289,34.910765112340094],[135.1667139661691,34.910299360461586],[135.16674535142963,34.910173716767495],[135.16655935508663,34.910076320238275],[135.16639433600912,34.90988933933587],[135.16640287962224,34.90978751625462],[135.1666790413378,34.90900460879328],[135.16659587020231,34.908466137880474],[135.1665996782069,34.90841146147883],[135.16643015189572,34.908327543517714],[135.16632702153316,34.90835057134381],[135.1664237182674,34.90822441354356],[135.16649196502894,34.907982034789896],[135.16631798822613,34.907458901173804],[135.1663229599221,34.90740956972121],[135.16658397907514,34.90713228426134],[135.16674535894617,34.90696096468388],[135.1668951024811,34.906704437720926],[135.16688065923643,34.90635050700828],[135.16556415588158,34.90456027337635],[135.1654752955367,34.90354669973476],[135.16582308483973,34.901285372533124],[135.16629722343,34.90102777429607],[135.16651707307622,34.90076443938547],[135.16673254626986,34.90059268673243],[135.16700913910685,34.900142198283966],[135.16711113330342,34.89997473843136],[135.16713670522935,34.89971462718644],[135.16888065930803,34.89977494186833],[135.16883413096963,34.900496335802636],[135.16888684554127,34.901057189519086],[135.1690862839957,34.901495136837205],[135.1691105568886,34.90203301414235],[135.1689535479027,34.90230507881007],[135.16862453260035,34.903308690493056],[135.16870573015157,34.903416733492165],[135.16888484771536,34.90342727144831],[135.16897893511373,34.90340712079253],[135.16933761012172,34.903462913923995],[135.169479507741,34.90366385442024],[135.16988285458956,34.90405209868308],[135.1704584955156,34.904292114460716],[135.17063792084454,34.90483660943983],[135.17009149166407,34.90530832258317],[135.16983686794248,34.90598515979547],[135.17021064275818,34.906599455081455],[135.17214267169757,34.90702967607474],[135.17214613077786,34.90705873880819],[135.1721786552044,34.9070956293426],[135.17385818180236,34.907956959075555],[135.1739360762073,34.908033325690184],[135.1739216833209,34.90819765506158],[135.17380700667275,34.908461977241885],[135.17380790071778,34.90854943750962],[135.17416539973027,34.908597253196056],[135.17468286331706,34.90856248006702],[135.17505907613608,34.909352794002075],[135.17493718819708,34.90938004516639],[135.1748835514689,34.90940196637322],[135.17492440918207,34.90946795325407],[135.17494476123568,34.90966070679868],[135.1748674094523,34.90997160353731],[135.17449476117005,34.910399050510335],[135.1743476148045,34.91033083902236],[135.17423852164015,34.91057265619881],[135.17431168714825,34.91093068413852],[135.17403495823174,34.91236408548105],[135.17387861604604,34.91248411816643],[135.17305758799677,34.912775578172365],[135.1727234912355,34.91325616083006],[135.17271339973178,34.91349941866816],[135.17251580677112,34.91398553911052],[135.17203957567605,34.914227992864774],[135.1719153878528,34.91435822326893],[135.17079759585087,34.914493944010395],[135.17008946791375,34.91524090973112],[135.16973459331672,34.91544631911912],[135.1696836258355,34.915470755232064],[135.17006235129466,34.9161241977573],[135.17021007376843,34.9161557212699],[135.17025481717747,34.91654551739856],[135.16994236463356,34.916736127529056]]]},"properties":{"KEY_CODE":"28219216001","PREF":"28","CITY":"219","CITY_NAME":"三田市","S_NAME":"沢谷","SETAI":"40"}},{"type":"Feature","geometry":{"type":"Polygon","coordinates":[[[135.1739964128039,34.90653469231266],[135.17363171236514,34.90688560187371],[135.17358033198855,34.90689391509703],[135.1733985168051,34.90703820261035],[135.17324662293717,34.90696509241657],[135.17319602977253,34.90673233624299],[135.17308704833636,34.906767525822374],[135.17303271803667,34.90680501444249],[135.17218409449316,34.906992348949856],[135.17214267169757,34.90702967607474],[135.17021064275818,34.906599455081455],[135.16983686794248,34.90598515979547],[135.17009149166407,34.90530832258317],[135.17063792084454,34.90483660943983],[135.1704584955156,34.904292114460716],[135.16988285458956,34.90405209868308],[135.169479507741,34.90366385442024],[135.16933761012172,34.903462913923995],[135.16897893511373,34.90340712079253],[135.16888484771536,34.90342727144831],[135.16870573015157,34.903416733492165],[135.16862453260035,34.903308690493056],[135.1689535479027,34.90230507881007],[135.1691105568886,34.90203301414235],[135.1690862839957,34.901495136837205],[135.16888684554127,34.901057189519086],[135.16883413096963,34.900496335802636],[135.16888065930803,34.89977494186833],[135.16713670522935,34.89971462718644],[135.16711113330342,34.89997473843136],[135.16700913910685,34.900142198283966],[135.16673254626986,34.90059268673243],[135.16651707307622,34.90076443938547],[135.16629722343,34.90102777429607],[135.16579118746762,34.90113234392548],[135.16568013046776,34.90086062185648],[135.1653670497515,34.90110212339834],[135.1652809042883,34.90145934223657],[135.1650954680744,34.90140686773345],[135.1637137295788,34.90073282843414],[135.16305949082022,34.900492387130456],[135.16271358210827,34.90032718571122],[135.1623002585667,34.90070809869424],[135.16215547368753,34.90084647908114],[135.16186268730652,34.900395899666236],[135.16160439240164,34.90130015690381],[135.16148158799626,34.901269928397156],[135.16131435181643,34.90104604766624],[135.16070642728377,34.900565125531976],[135.16024467121676,34.90056824129397],[135.16006275082626,34.900286283669814],[135.16025951938033,34.89993578192237],[135.16042335185597,34.899829953319205],[135.16044914994836,34.89958138509634],[135.16092794657268,34.89940363739872],[135.1612725875343,34.899001713700564],[135.1613695402519,34.89879921704742],[135.16157209950669,34.89879594771324],[135.16169716674648,34.898847430014605],[135.1621676047706,34.89914800045886],[135.16268972255943,34.8992064463201],[135.16241207774434,34.898697382878076],[135.16225414618773,34.89840427968621],[135.16263341855384,34.89780943440352],[135.16289156355134,34.89755422705092],[135.1633686261958,34.89734197844615],[135.1633123604711,34.8971366449192],[135.16312814120118,34.897033730138986],[135.16315321643006,34.89695207847572],[135.16332511529257,34.89671428583503],[135.16336594509573,34.89655879076791],[135.1635532779528,34.89644505512952],[135.16373727965114,34.896467051757234],[135.16451564008165,34.89609324973256],[135.16461677244803,34.895840372018085],[135.16461857490557,34.895553233681],[135.1647045741897,34.89520742634496],[135.16467546780177,34.895118323077604],[135.1645631715108,34.89519669272073],[135.16439037632693,34.89535300786217],[135.16422499080397,34.89530377294688],[135.16396591392177,34.89577878516973],[135.16385361592256,34.89585715293582],[135.1628707972855,34.896197611284315],[135.1632360244678,34.89541538896018],[135.16358683417755,34.894754746459796],[135.16411967882942,34.89378544344734],[135.1636438294651,34.893649283212646],[135.16341935632343,34.893283098607924],[135.16230943577173,34.89147948233365],[135.16215560891968,34.89141417860836],[135.1626612218746,34.89054176088611],[135.163258051307,34.89008868232723],[135.16445977306816,34.889423673523126],[135.1648961286233,34.88924739589943],[135.1652883964965,34.889191070956414],[135.1673510819332,34.8892311594912],[135.1691020654333,34.89036187548442],[135.16973447424013,34.8906733692563],[135.1701166566901,34.890886837917726],[135.17073987776757,34.890907027879045],[135.17204385638735,34.89125935545009],[135.17266194008633,34.891656258143655],[135.17332496686842,34.89238673301254],[135.17361500126438,34.89260657419923],[135.17443395192066,34.89285007696349],[135.17464578961693,34.892861074327826],[135.1746948557393,34.89322203157301],[135.1753112537598,34.893517778835836],[135.17851973505358,34.894419131599335],[135.17913568230486,34.89440180930378],[135.17951753693865,34.89439576568075],[135.1801497872033,34.89469221996434],[135.1806408469265,34.89565496105403],[135.1809109743341,34.89630422582668],[135.1808822200839,34.8968907885407],[135.18100971108728,34.89718533119646],[135.18114607024137,34.897286847721126],[135.18140712181497,34.89758496634958],[135.18140845583108,34.897714539666474],[135.1814954439859,34.897985280361105],[135.18151547514225,34.898153951122325],[135.18149798904702,34.89823245668106],[135.18148781943063,34.89849021297038],[135.18126027365125,34.89878124995019],[135.18069484398703,34.898950977063116],[135.18030306749486,34.89909991328547],[135.17987874683072,34.899117941631964],[135.17992480862665,34.89896691039119],[135.1798533951467,34.8987805709611],[135.17962669542635,34.89879715078074],[135.17960531642822,34.89885455584239],[135.17957059110537,34.89903572021463],[135.1795867881138,34.89918934464125],[135.17922664362015,34.89939678971968],[135.1792308153574,34.89944500121649],[135.17878220449654,34.8995868611045],[135.17865002027855,34.8995424988228],[135.17835243366713,34.899424001806025],[135.17810904308226,34.899238786120065],[135.17805240870698,34.89942608836918],[135.17840544419104,34.89977484051308],[135.17847354978218,34.90034713296152],[135.17850358910908,34.90042530577229],[135.17861680182472,34.90040346188024],[135.178604976591,34.90103356526814],[135.17816855329036,34.901472175423336],[135.17802798327537,34.901552380594325],[135.17770289907213,34.90137892985402],[135.17763307109203,34.90135525918621],[135.1777119628389,34.90191240423376],[135.17771752607396,34.90209631374083],[135.17759853052624,34.90226292018745],[135.17755120895907,34.90246677648156],[135.17617554386635,34.90337331533062],[135.17566663544122,34.904057356818186],[135.17524100863852,34.905286330415365],[135.17513895595934,34.90537175648461],[135.17409819040765,34.90611284957086],[135.1739906447863,34.906288385683986],[135.17394673545726,34.906400031641766],[135.1739964128039,34.90653469231266]]]},"properties":{"KEY_CODE":"28219216002","PREF":"28","CITY":"219","CITY_NAME":"三田市","S_NAME":"沢谷","SETAI":"35"}},{"type":"Feature","geometry":{"type":"Polygon","coordinates":[[[135.16246571983223,34.92431757213849],[135.16226947108754,34.92442715647785],[135.16177994365572,34.92463979791163],[135.16097176963802,34.92377676315185],[135.16018442256888,34.92432123841229],[135.15671489479155,34.92391430569697],[135.1551425962082,34.92434297096573],[135.15351051788997,34.92419808693624],[135.1528969979888,34.924506184473465],[135.15162621204001,34.92325654542859],[135.1511170047507,34.92218194903364],[135.15150467987257,34.92140863482081],[135.1513002985057,34.92047032128517],[135.1522257780229,34.91953339268258],[135.15283858507698,34.919610774011915],[135.15268899104314,34.91886839022856],[135.1508643031438,34.91721288783787],[135.15019371154267,34.915982585273746],[135.1506517181999,34.91448500170367],[135.15135396813037,34.914240993253244],[135.1520136393966,34.912202852116856],[135.152953807031,34.91256773454828],[135.1555113563466,34.91210506752932],[135.15522623032447,34.91048008376869],[135.15544271577406,34.9095749021064],[135.15603033572333,34.908995567101286],[135.15681467201125,34.90892917499442],[135.15700107770792,34.90809539776981],[135.1564464251445,34.90702988438181],[135.15697644450532,34.906873572253154],[135.15724679794053,34.905476517061764],[135.15880148926672,34.90557622723948],[135.15893073785992,34.90659718931381],[135.1586909389383,34.908599786043816],[135.15860242276142,34.90938881695087],[135.15860421161693,34.91037683058565],[135.15869217909744,34.91059780375831],[135.1590729299719,34.9107807451391],[135.1593529929534,34.91079576150349],[135.15953046694344,34.911134589281694],[135.15908453668143,34.91125555957312],[135.15872423918503,34.91140693839323],[135.15833187513203,34.91211217511454],[135.15857163996705,34.91219204844353],[135.15870440108918,34.91249751957912],[135.1587413997441,34.91266573625576],[135.1587617752921,34.91306894510853],[135.15873611929928,34.91322145610983],[135.1587078642328,34.91366076930342],[135.15876710914617,34.91387320613531],[135.15889313009498,34.91396644985045],[135.15892252038842,34.91418584994732],[135.1587498952759,34.91433047633118],[135.15844185989081,34.914800763030044],[135.15845065728317,34.91513228349947],[135.15838785702837,34.91538371466212],[135.15843497174495,34.915741880186644],[135.15844339144417,34.91693101437391],[135.15840356669185,34.91704368844368],[135.15854369280393,34.917059575582456],[135.1587838630833,34.91717874070042],[135.15970994172434,34.91729933245854],[135.16017419287616,34.91745042495134],[135.16016138912786,34.91753763147109],[135.1600883291565,34.91773765128238],[135.15986908192318,34.9182460832723],[135.16014917205126,34.91850864415158],[135.16014998175208,34.918589209021455],[135.16024859960893,34.91866030583029],[135.16038705275648,34.918901289529465],[135.16041875837735,34.91907806156448],[135.16060440720273,34.91914842835393],[135.16087504514007,34.919252655888734],[135.16101633107104,34.91938375090088],[135.16104750612806,34.91943128927563],[135.16145543765964,34.91938020537165],[135.16179154292055,34.91935411630153],[135.16216285360457,34.91940230093142],[135.16211074137482,34.91907565647107],[135.1621819050027,34.91868739237931],[135.16221205961548,34.9186253516223],[135.16297993217256,34.9186909790014],[135.16372483420622,34.919734517689044],[135.16414802681618,34.91989059188276],[135.16447088277314,34.92007664686167],[135.16454140853517,34.92005820557182],[135.1646367661892,34.920339903825294],[135.1651863565408,34.920354113876094],[135.16607997365304,34.92049133520303],[135.16729432478422,34.92034196416821],[135.16795627710758,34.92017157482715],[135.16857487510737,34.91973941362243],[135.16809507114363,34.919101873380235],[135.16933817996758,34.919168219488206],[135.16932048284312,34.92066874876302],[135.169149872766,34.92094353313299],[135.1681748933723,34.92215264216832],[135.16794984734665,34.92267584721041],[135.16718179526126,34.92445407293925],[135.1656534367187,34.92414949416369],[135.16507471088644,34.9241480918968],[135.16485211126007,34.92424715444044],[135.16460353400257,34.924373438363816],[135.16458230609135,34.92422723303064],[135.16431026350475,34.92398540456964],[135.1640620377947,34.92415499860304],[135.16380089228585,34.924340948651746],[135.16367135846633,34.92453677769537],[135.16363147458168,34.92449922924002],[135.16323527561124,34.92433395544423],[135.16277466505412,34.9243100464287],[135.16246571983223,34.92431757213849]]]},"properties":{"KEY_CODE":"28219217001","PREF":"28","CITY":"219","CITY_NAME":"三田市","S_NAME":"上内神","SETAI":"50"}},{"type":"Feature","geometry":{"type":"Polygon","coordinates":[[[135.16844897575456,34.92310922674593],[135.16819896725426,34.9243080833848],[135.16631896427035,34.926450707138656],[135.16513962128423,34.9280924249627],[135.16415102060714,34.927667793131135],[135.16310737754256,34.92701576271654],[135.16297929998274,34.926398201527675],[135.16217672883744,34.92564416011408],[135.1616525764493,34.92500020256724],[135.16176029058667,34.92481910205249],[135.16226947108754,34.92442715647785],[135.16246571983223,34.92431757213849],[135.16277466505412,34.9243100464287],[135.16323527561124,34.92433395544423],[135.16363147458168,34.92449922924002],[135.16367135846633,34.92453677769537],[135.16380089228585,34.924340948651746],[135.1640620377947,34.92415499860304],[135.16431026350475,34.92398540456964],[135.16458230609135,34.92422723303064],[135.16460353400257,34.924373438363816],[135.16485211126007,34.92424715444044],[135.16507471088644,34.9241480918968],[135.1656534367187,34.92414949416369],[135.16718179526126,34.92445407293925],[135.16794984734665,34.92267584721041],[135.16844897575456,34.92310922674593]]]},"properties":{"KEY_CODE":"28219217002","PREF":"28","CITY":"219","CITY_NAME":"三田市","S_NAME":"上内神","SETAI":"6"}},{"type":"Feature","geometry":{"type":"Polygon","coordinates":[[[135.15914350223983,34.90332461758545],[135.15895122743638,34.90430273878768],[135.15880148926672,34.90557622723948],[135.15724679794053,34.905476517061764],[135.1571065091996,34.90504982098844],[135.1570374165227,34.904322131599066],[135.15693113202485,34.904200651880316],[135.1565449377635,34.90358967261041],[135.15648114497137,34.90339149287866],[135.15612525595085,34.90241620984598],[135.1564084914952,34.901691312261136],[135.15732141919753,34.900890853959574],[135.15802098655618,34.90008428505061],[135.15806122711552,34.89978350379727],[135.15791871449798,34.89926999235049],[135.1579562483421,34.898955074571276],[135.1581322512453,34.89867275068204],[135.15816639994694,34.89865125276133],[135.15852850343384,34.8986169899754],[135.15921266677583,34.89843414812796],[135.15951419111065,34.897380651770206],[135.1595361706169,34.89710041716325],[135.159628585549,34.89553414037742],[135.15961834258962,34.89512686110305],[135.15950759333808,34.89456750009724],[135.15943733551828,34.894030824804126],[135.16032575520856,34.89326099902509],[135.16104240986698,34.89262479420403],[135.16215560891968,34.89141417860836],[135.16230943577173,34.89147948233365],[135.16341935632343,34.893283098607924],[135.1636438294651,34.893649283212646],[135.16411967882942,34.89378544344734],[135.16358683417755,34.894754746459796],[135.1632360244678,34.89541538896018],[135.1628707972855,34.896197611284315],[135.16385361592256,34.89585715293582],[135.16396591392177,34.89577878516973],[135.16422499080397,34.89530377294688],[135.16439037632693,34.89535300786217],[135.1645631715108,34.89519669272073],[135.16467546780177,34.895118323077604],[135.1647045741897,34.89520742634496],[135.16461857490557,34.895553233681],[135.16461677244803,34.895840372018085],[135.16451564008165,34.89609324973256],[135.16373727965114,34.896467051757234],[135.1635532779528,34.89644505512952],[135.16336594509573,34.89655879076791],[135.16332511529257,34.89671428583503],[135.16315321643006,34.89695207847572],[135.16312814120118,34.897033730138986],[135.1633123604711,34.8971366449192],[135.1633686261958,34.89734197844615],[135.16289156355134,34.89755422705092],[135.16263341855384,34.89780943440352],[135.16225414618773,34.89840427968621],[135.16241207774434,34.898697382878076],[135.16268972255943,34.8992064463201],[135.1621676047706,34.89914800045886],[135.16169716674648,34.898847430014605],[135.16157209950669,34.89879594771324],[135.1613695402519,34.89879921704742],[135.1612725875343,34.899001713700564],[135.16092794657268,34.89940363739872],[135.16044914994836,34.89958138509634],[135.16042335185597,34.899829953319205],[135.16025951938033,34.89993578192237],[135.16006275082626,34.900286283669814],[135.16024467121676,34.90056824129397],[135.16070642728377,34.900565125531976],[135.16131435181643,34.90104604766624],[135.16105713118964,34.900876296534236],[135.16041683693223,34.90137635101227],[135.16038806567795,34.901414012647685],[135.16022147768498,34.90161233120455],[135.16052230692173,34.90190527345994],[135.160432855129,34.902085860524785],[135.15963564684483,34.90272775423737],[135.15938237242233,34.90277283924712],[135.15914350223983,34.90332461758545]]]},"properties":{"KEY_CODE":"282192180","PREF":"28","CITY":"219","CITY_NAME":"三田市","S_NAME":"馬渡","SETAI":"8"}},{"type":"Feature","geometry":{"type":"Polygon","coordinates":[[[135.2419357226217,35.03413182298602],[135.24071531561043,35.03470030319445],[135.24013322960593,35.035325046891515],[135.2399125498377,35.035872148770665],[135.23963866248107,35.036013714782634],[135.238991793695,35.03691423253166],[135.23746071786576,35.03621290462707],[135.23613321278873,35.034377304265014],[135.2364228121189,35.033547496820184],[135.23566136717463,35.032697359394945],[135.23566220861932,35.03065675835158],[135.23532468445558,35.03021143339278],[135.23523351498713,35.02866287916004],[135.23397121589883,35.02888391584179],[135.23143474857804,35.028167468080454],[135.23039037520138,35.02869750011078],[135.22739934364066,35.02861169429869],[135.2265105049967,35.02875658114465],[135.22499622763618,35.03002647558476],[135.22277836207604,35.03012844863426],[135.2210550948433,35.03284417491413],[135.22051099106667,35.03128091974311],[135.22020632095115,35.029380186781644],[135.22092256962443,35.0286817384006],[135.2199526401352,35.0282024202105],[135.2203093823492,35.0275590069283],[135.2196760676861,35.027343991643065],[135.21989938871718,35.02671367039045],[135.2210773028054,35.02594845717627],[135.22202195311965,35.025978072884584],[135.22157051872364,35.02447745911623],[135.22160495683994,35.02115207920402],[135.21941283473637,35.02130949818632],[135.2191794915646,35.019282251144375],[135.21829526533415,35.01933893651321],[135.21690788121583,35.018476570705936],[135.2159415702378,35.01741040525725],[135.21556989802738,35.01608178635807],[135.2164412727029,35.0158041495321],[135.21756156672896,35.01637655611937],[135.21921215577518,35.01685788434384],[135.2208783297951,35.01705279532174],[135.2217248640844,35.015785255796445],[135.22247708048457,35.015280973694054],[135.221883670037,35.014457125057284],[135.2224390389054,35.01376730865853],[135.22121905032623,35.01305496557141],[135.2207686374724,35.01247021480365],[135.22061060978885,35.01139963182504],[135.22103223981946,35.01111955383628],[135.22199654735397,35.012262530546565],[135.22298388441706,35.01267642224552],[135.22351655799963,35.01428596050437],[135.22426636503917,35.013498716600694],[135.22586480082992,35.01298783154947],[135.2263067629465,35.01099645105738],[135.22697542426286,35.01188261364447],[135.22779695358838,35.01226290039301],[135.22786073114952,35.013882219717246],[135.22939233350286,35.013649258676246],[135.2297553519943,35.01418096026802],[135.23085070962352,35.014368694280186],[135.23206014376794,35.01420140162631],[135.23274332653844,35.01454486286023],[135.2343106037792,35.01439587337763],[135.23500124784942,35.014809831218884],[135.23598648393596,35.01482917305486],[135.23611393345269,35.015334087586155],[135.23734047692932,35.01589664131664],[135.23691699981686,35.01739768237738],[135.23761703253803,35.017417381832615],[135.23923197045363,35.01935692397524],[135.23997106653516,35.019610127376545],[135.2402591105249,35.01998748997181],[135.24090996324298,35.019761261959374],[135.24194135355944,35.01989260749485],[135.24268272048744,35.020395295070024],[135.24323926035038,35.02049618304356],[135.24364565228657,35.02024255269716],[135.24404964135329,35.02010436540013],[135.2447157873141,35.02036196437773],[135.24485433698874,35.02024964720156],[135.24565088277433,35.02025441735681],[135.24606179824158,35.02036984378418],[135.24705203085895,35.02023996743705],[135.2480700408927,35.0205072200457],[135.24808981523574,35.02089898801659],[135.24717552460342,35.021620642097695],[135.246843109637,35.02189020602941],[135.2486474293993,35.02301514516011],[135.24908914346213,35.02357302595611],[135.25187197617956,35.0254027305333],[135.25188875318798,35.02557859612365],[135.2514909948702,35.025623445991044],[135.25135151320637,35.02565239254993],[135.25088844295811,35.02592077146947],[135.24977829147463,35.026861542183724],[135.24920035530818,35.02727888935093],[135.24768292541182,35.02798390545314],[135.2466041957375,35.028400161396284],[135.24577039848865,35.02860131634399],[135.24445124858886,35.02980496910366],[135.24519748692984,35.03099130475827],[135.2452477023494,35.03188843156021],[135.24412991570324,35.03272632307341],[135.2432782164877,35.03502262175321],[135.2428076540438,35.03496242410513],[135.2424713579624,35.03467141662535],[135.2419357226217,35.03413182298602]]]},"properties":{"KEY_CODE":"282193010","PREF":"28","CITY":"219","CITY_NAME":"三田市","S_NAME":"母子","SETAI":"70"}},{"type":"Feature","geometry":{"type":"Polygon","coordinates":[[[135.2516998463642,35.015945951712894],[135.25183919764368,35.0161440581594],[135.25292586423518,35.01597896561758],[135.25348443382887,35.015689987114634],[135.25385703950533,35.015535385742965],[135.25465035328426,35.016028102613824],[135.25476356764668,35.018208329181384],[135.25427253657134,35.01858969005027],[135.25399297283596,35.019569396874154],[135.25365669448723,35.02098039638942],[135.25365501641474,35.021640156319734],[135.25352084012673,35.02172920817156],[135.2532703199091,35.02187879494732],[135.25235028186847,35.022512427654426],[135.2516582709431,35.02278402879717],[135.2503399253809,35.02289367217884],[135.2487862454196,35.02298085485534],[135.246843109637,35.02189020602941],[135.24717552460342,35.021620642097695],[135.24808981523574,35.02089898801659],[135.2480700408927,35.0205072200457],[135.24705203085895,35.020239967437064],[135.24606179824158,35.02036984378418],[135.24565088277433,35.02025441735681],[135.24485433698874,35.02024964720156],[135.2447157873141,35.02036196437773],[135.24404964135329,35.02010436540013],[135.24364565228657,35.02024255269716],[135.24323926035038,35.02049618304356],[135.24268272048744,35.020395295070024],[135.24194135355944,35.01989260749485],[135.24090996324298,35.019761261959374],[135.2402591105249,35.01998748997181],[135.24031771693834,35.01888440184424],[135.24064538967426,35.01816938148337],[135.2408266288374,35.01758975897398],[135.24067997193202,35.01757283034591],[135.2402639955257,35.01770236414136],[135.24066925782986,35.016928660396616],[135.24020400967245,35.01591457379161],[135.23979815721643,35.01563471676699],[135.23950587219917,35.01535985399323],[135.23973443070724,35.01484037426505],[135.24016886836932,35.01439160615697],[135.2405075210939,35.01388932848287],[135.24052994058036,35.01326892412748],[135.24041613830258,35.012583411827386],[135.2408834517928,35.0109054073019],[135.24173098779653,35.011294974829795],[135.24222594152647,35.011336117346275],[135.24247415558776,35.01114100643596],[135.24274903478434,35.01111999670647],[135.24315735348776,35.01148433341538],[135.24359223266825,35.01155733093581],[135.24389542367942,35.01157293831168],[135.2434052257645,35.01226235762749],[135.24391447305837,35.01266523284373],[135.24451761725933,35.01278182278687],[135.2448709935425,35.01314586514469],[135.24656772693098,35.01291974839992],[135.24680820563893,35.01216100210646],[135.24743197113273,35.011800078381604],[135.24859166501759,35.01190074693127],[135.24903758930898,35.01297164057238],[135.24962015845728,35.01342252891369],[135.250437128085,35.01412862133623],[135.2504347324188,35.01474972119924],[135.25050840370506,35.015237563751896],[135.2508623324568,35.01555644423454],[135.2516998463642,35.015945951712894]]]},"properties":{"KEY_CODE":"282193020","PREF":"28","CITY":"219","CITY_NAME":"三田市","S_NAME":"永沢寺","SETAI":"8"}},{"type":"Feature","geometry":{"type":"Polygon","coordinates":[[[135.23345286144706,34.96235196735373],[135.2335249395295,34.96349728276143],[135.23494794860994,34.96511409032675],[135.23640106237664,34.96556338453994],[135.23700748217703,34.96531815042315],[135.2378821583004,34.96568531883815],[135.23740907234748,34.966315999277874],[135.23874286219416,34.9674325382245],[135.2394744765608,34.96683260053015],[135.23959922107244,34.96862706979841],[135.24060354922742,34.969800488228834],[135.23951351729684,34.970375074733035],[135.2408977891477,34.97109441715398],[135.24134621380938,34.972032873896644],[135.2411370855577,34.97295096880612],[135.24227743552652,34.97385881852828],[135.24317852212775,34.97401974913158],[135.24542014442892,34.97317224070891],[135.24533662828543,34.97509578797321],[135.24607464157552,34.97541687501059],[135.2473409128756,34.975084928510036],[135.24760729107462,34.975900850017695],[135.24878482357735,34.976201902605276],[135.25029554374345,34.976142869952255],[135.25084097666513,34.97650798603097],[135.2501185421092,34.97736357066453],[135.24862924768237,34.97803345741516],[135.2480740293655,34.97857126439111],[135.24563489015904,34.97819701890482],[135.24408898275266,34.97902500400878],[135.24431963798813,34.980655235082025],[135.2450012761308,34.981134355653644],[135.2442413238343,34.98167755102906],[135.24158360811856,34.97989171013935],[135.24121433217337,34.979955392762164],[135.2416255534349,34.98166977681785],[135.24109870342,34.982541503424436],[135.2436743746188,34.98359709219579],[135.24369302966826,34.98394407831525],[135.24514972064148,34.984517799624854],[135.24331617591676,34.986325095219726],[135.24356348634007,34.98705073462681],[135.2449352558882,34.98769489365484],[135.2461136189929,34.98792793630358],[135.24620548312558,34.98828578320152],[135.24462158283674,34.98884681407819],[135.24421955471806,34.98937866594644],[135.24517921042352,34.9904980515402],[135.24514707452101,34.99120276411389],[135.2469618067693,34.99096450617748],[135.24664342087692,34.992591561339204],[135.24791823174522,34.99257250818404],[135.2480952766818,34.99293942885771],[135.24963758255296,34.992495925184066],[135.2505561818473,34.99453484213964],[135.24876799817335,34.994658018291965],[135.2477703108318,34.995119302198816],[135.24656460815146,34.99649132328159],[135.24587339277537,34.995439387218575],[135.24563048913114,34.9965070930608],[135.24575620552596,34.997815128936075],[135.24553070333212,34.99970181114631],[135.24482161807933,35.000979440108345],[135.24499705407595,35.00362756297854],[135.24480774660523,35.0046385974584],[135.24426802832033,35.00532648488446],[135.24318624459468,35.005882735336066],[135.24279127686606,35.00569344305725],[135.24269127537926,35.00459338241584],[135.24289088844233,35.00222413193179],[135.24280035205572,34.99884365371528],[135.2431050725538,34.99663967921333],[135.24287533561855,34.995895113206984],[135.24338286156416,34.99458597532551],[135.24319915675613,34.993747807906985],[135.24231905740314,34.99387836329276],[135.24083947766425,34.99355288920828],[135.2398467478436,34.99395428395487],[135.23763495597086,34.99271941203848],[135.23763796066174,34.99242536095395],[135.2405277808519,34.991786333811284],[135.24108594990696,34.99090739321851],[135.24015806824977,34.99033628395412],[135.2398082523663,34.989632879913074],[135.24033515330214,34.98911560226156],[135.2394075614954,34.98852194799316],[135.23974921617008,34.98732482777095],[135.23932229739754,34.98610070881778],[135.23879991287265,34.986165460031636],[135.23809476739072,34.98530153521754],[135.23837599970602,34.98464715396924],[135.2378646661157,34.983626069156415],[135.23819845007972,34.98319813798291],[135.23807293081305,34.98204360333254],[135.23752769937872,34.98165582187221],[135.23648343248777,34.9817400855198],[135.23693469353773,34.980566321887345],[135.2362835869614,34.97979324850995],[135.23494453950048,34.979174448869486],[135.23351691183385,34.979056865418734],[135.2331508098107,34.97823242632107],[135.23400045728377,34.97798435523975],[135.23401380717567,34.97703328784096],[135.23508039284422,34.976618730038325],[135.2358156366187,34.9745190619339],[135.2357194209383,34.973183716557614],[135.23524911556729,34.97253788241612],[135.23389250091986,34.973260029192616],[135.23415531225993,34.97388994828377],[135.23365034404873,34.97450541566504],[135.23353962496395,34.97551910998085],[135.2322810337781,34.97574407287028],[135.23144592465798,34.97650592617486],[135.2311376040853,34.97767538613614],[135.23164540957035,34.97841794293412],[135.22993678245484,34.97969084053395],[135.22933714682603,34.98055213932371],[135.22824974719376,34.98095616349699],[135.22723010603352,34.979090194085494],[135.22890815682916,34.976854114157014],[135.22996808839306,34.97451171877624],[135.2310725239283,34.97329595812791],[135.23098371257066,34.972419026418734],[135.2333278303827,34.970793856203116],[135.23309051701034,34.96984224757667],[135.23221511599115,34.969542855203926],[135.23112750128257,34.96851822017999],[135.22912170516776,34.96868717839622],[135.2295474097661,34.96751052156875],[135.2292180359905,34.966600149081415],[135.22716924761215,34.96559756890378],[135.22770113201625,34.964099274215805],[135.22713080281136,34.96318088455482],[135.22751219175476,34.96236528426806],[135.23029322876016,34.96273635087961],[135.23345286144706,34.96235196735373]]]},"properties":{"KEY_CODE":"282193030","PREF":"28","CITY":"219","CITY_NAME":"三田市","S_NAME":"乙原","SETAI":"254"}},{"type":"Feature","geometry":{"type":"Polygon","coordinates":[[[135.23997106653516,35.019610127376545],[135.23923197045363,35.01935692397524],[135.23761703253803,35.017417381832615],[135.23691699981686,35.01739768237738],[135.23734047692932,35.01589664131664],[135.23611393345269,35.015334087586155],[135.23598648393596,35.01482917305486],[135.23500124784942,35.014809831218884],[135.2343106037792,35.01439587337763],[135.23274332653844,35.01454486286023],[135.23206014376794,35.01420140162631],[135.23085070962352,35.014368694280186],[135.2297553519943,35.01418096026802],[135.22939233350286,35.013649258676246],[135.22786073114952,35.013882219717246],[135.22779695358838,35.01226290039301],[135.22697542426286,35.01188261364447],[135.2263067629465,35.01099645105738],[135.22586480082992,35.01298783154947],[135.22426636503917,35.013498716600694],[135.22351655799963,35.01428596050437],[135.22298388441706,35.01267642224552],[135.22199654735397,35.012262530546565],[135.22103223981946,35.01111955383628],[135.22061060978885,35.01139963182504],[135.2207686374724,35.01247021480365],[135.22121905032623,35.01305496557141],[135.2224390389054,35.01376730865853],[135.221883670037,35.014457125057284],[135.22247708048457,35.015280973694054],[135.2217248640844,35.015785255796445],[135.2208783297951,35.01705279532174],[135.21921215577518,35.01685788434384],[135.21756156672896,35.01637655611937],[135.2164412727029,35.0158041495321],[135.21556989802738,35.01608178635807],[135.2159415702378,35.01741040525725],[135.21690788121583,35.018476570705936],[135.21829526533415,35.01933893651321],[135.2191794915646,35.019282251144375],[135.21941283473637,35.02130949818632],[135.22160495683994,35.02115207920402],[135.22157051872364,35.02447745911623],[135.22202195311965,35.025978072884584],[135.2210773028054,35.02594845717627],[135.21989938871718,35.02671367039045],[135.2196760676861,35.027343991643065],[135.2203093823492,35.0275590069283],[135.2199526401352,35.0282024202105],[135.22092256962443,35.0286817384006],[135.22020632095115,35.029380186781644],[135.22051099106667,35.03128091974311],[135.2210550948433,35.03284417491413],[135.22031884135697,35.03476584985757],[135.2194146734647,35.03501262600294],[135.2184689089677,35.034905109603365],[135.21866800989477,35.03395713506651],[135.21770415106667,35.033084570689084],[135.2177026379633,35.03224694195341],[135.21701682391293,35.03190672643495],[135.2156465448256,35.030054888583],[135.21457113753385,35.029597917364015],[135.21421873128145,35.027583428820954],[135.21287853310167,35.0276109956408],[135.21226823269075,35.02713731467675],[135.2111225768228,35.02699844298831],[135.21003731557656,35.02631762536688],[135.2080082242107,35.02632069163705],[135.20659805360097,35.02700083016392],[135.2047323309884,35.02676476728776],[135.2035610388149,35.02619127994101],[135.20291760523486,35.02548461810936],[135.20210288268723,35.025973725752465],[135.20096015950114,35.02616326982058],[135.20043334948235,35.0258448554049],[135.1995897633863,35.02654493091682],[135.19956827507158,35.02728129995214],[135.19849662140174,35.027619399141756],[135.1980585563043,35.0272891413551],[135.1968559492581,35.027363150416676],[135.19536049343697,35.02648729769775],[135.19503081946402,35.02595998103773],[135.19485335603557,35.02557841549008],[135.19554813106794,35.02438788308544],[135.1944887865725,35.02275832764373],[135.19454347515358,35.022301025915986],[135.19288848355893,35.01970156296591],[135.1929003881898,35.0189155857003],[135.19221134036027,35.01864200000514],[135.19217281925003,35.0179284270464],[135.19092071051224,35.017016178470236],[135.18907049203142,35.01628864703291],[135.18857779380824,35.0150063473533],[135.1886004473156,35.01428734402714],[135.1872147124143,35.01458614603445],[135.18590562318303,35.01398117481602],[135.18463522125654,35.01383735234153],[135.18436278333172,35.01312021556565],[135.18363871305738,35.01279782144817],[135.1829685078333,35.010945815325314],[135.1816019979548,35.01080771652252],[135.18085906588797,35.01106039790251],[135.17931634003347,35.01003522864129],[135.17875374922943,35.00879811699243],[135.1783783754059,35.00658845665125],[135.17782031972976,35.00505622740748],[135.17793513631517,35.0025452344674],[135.17850148813758,35.001157112689526],[135.17869676518106,34.998441150774056],[135.17818145870285,34.99656704151189],[135.17588027733203,34.99468492600086],[135.17341859081776,34.994069371601526],[135.17155093188288,34.99332716858632],[135.16819380448058,34.989932485566726],[135.16585904264738,34.987222922364055],[135.1645531747818,34.98693399503944],[135.16386047182507,34.986113953441716],[135.1624984170614,34.98566459295999],[135.1628423846114,34.98420292475391],[135.16280280236504,34.982442656790795],[135.16189477264575,34.98113746785793],[135.16060264543984,34.98069716881142],[135.16063959387333,34.98003219525256],[135.15950147874904,34.97971660766799],[135.15904863371904,34.98025860828562],[135.15757054316765,34.980861418359645],[135.15634303844382,34.98252248636654],[135.1562244144418,34.9815711436037],[135.157540428852,34.97851503123859],[135.15897012453107,34.97633578424704],[135.1591760395046,34.97520886471724],[135.1589652548193,34.97439507858115],[135.1579902800892,34.97301183884151],[135.15788837040228,34.97231162016491],[135.15828697670221,34.9711860716028],[135.1607564137312,34.97190224877623],[135.16170704185976,34.97301445257758],[135.16346714829376,34.97318426635452],[135.16513617333334,34.973576317663486],[135.1678112451066,34.97541161569716],[135.168588122287,34.97559508537293],[135.1691188831079,34.976421705180414],[135.17050492844314,34.97737299244076],[135.17115531856146,34.97854972105557],[135.17185634663622,34.97833196562788],[135.1734502714348,34.97860246318863],[135.17400885325182,34.97968303159386],[135.1745227035715,34.97973579326314],[135.17550507205857,34.97875716686677],[135.17643079811705,34.97900706219216],[135.17754972356659,34.97876400562995],[135.17828406418053,34.979348917707135],[135.17880453733227,34.979030807659505],[135.18238362431723,34.97986575333794],[135.18217554416177,34.98088716597602],[135.18305794110583,34.981660603867425],[135.18346832350736,34.982306432282805],[135.1836243289645,34.98272170834646],[135.18310028584773,34.98373027834742],[135.18348323272411,34.986307528425776],[135.18357490266177,34.98711222550319],[135.18412258176855,34.98773376345403],[135.18425826884814,34.98826833877886],[135.18477993295622,34.988384528383655],[135.18524108139837,34.9886810906689],[135.18595445472138,34.988213424126656],[135.18621075334613,34.987834758552275],[135.18666337067916,34.98730892234047],[135.18731513139454,34.9874200324971],[135.18755303697324,34.98728123045305],[135.18847376275858,34.98672644260821],[135.18909768059694,34.986661952364656],[135.18955372771063,34.98664865257254],[135.19074106644712,34.98648769289711],[135.19190218905817,34.98625852360507],[135.19310032783878,34.98668074456654],[135.19392440448658,34.98684623209263],[135.19445968219523,34.9862769607453],[135.19545430799903,34.98681822008203],[135.19623487310386,34.98723212091802],[135.19698043548468,34.987131508979466],[135.19743341527612,34.986484640003525],[135.1976700080222,34.98563108249789],[135.19848004944095,34.98503507205826],[135.19892439456862,34.98483936014521],[135.2007235902765,34.98357222857407],[135.20071480713895,34.98274126107146],[135.1997217324276,34.980375269841915],[135.19953020847163,34.979691178776655],[135.1992728886821,34.978772191475926],[135.19916532802853,34.97843885691554],[135.19931690889294,34.975608283874735],[135.20072251675478,34.97559626949979],[135.20076265969684,34.974473678813226],[135.1995312966552,34.97437543063514],[135.19943819038306,34.97434912240316],[135.19955203474677,34.97156015753614],[135.20014355743035,34.97153543720453],[135.19962588148616,34.971132427299196],[135.19887163293544,34.96984395103158],[135.19866901205384,34.96790489771972],[135.19868105590248,34.96560197166439],[135.19880064710398,34.96240950811243],[135.1990666109264,34.961267700007404],[135.20012020661107,34.959084645523085],[135.20022943513717,34.9589380108389],[135.20042755765917,34.95880891101538],[135.2007755456117,34.95871979501474],[135.20147669999278,34.959160212954664],[135.20222626294353,34.96089125677658],[135.2037135951213,34.962443327966035],[135.2039455053932,34.963990043475306],[135.2043877575167,34.96513079251989],[135.20525926441567,34.966186689475386],[135.20530342583794,34.96878762141239],[135.2061731537599,34.96968006815813],[135.20753982513938,34.97062350974303],[135.2102679407859,34.97202021630044],[135.21047271271414,34.97229564921733],[135.20988968810065,34.97366099169563],[135.20853002198655,34.974383590913234],[135.20938455570126,34.974982803068876],[135.21014996155583,34.974814094214125],[135.21088066041986,34.97579202379272],[135.21019742416868,34.97608472733558],[135.21048297274706,34.976919956686935],[135.20863790873074,34.9783759598024],[135.20790186264412,34.97836401360993],[135.20818893698936,34.97959434271178],[135.20553977673902,34.9817731142019],[135.20541458196504,34.983495802662894],[135.20574589990832,34.98372963296176],[135.20549894054346,34.98529867997614],[135.20723143760927,34.98647988542048],[135.20751940248246,34.98705320060611],[135.20560962573265,34.987607883555015],[135.2054947177655,34.98907718448841],[135.20610872254414,34.990618642529256],[135.20692014023524,34.990836056652554],[135.20857672004658,34.99222814327285],[135.209286608179,34.992223018298716],[135.21079721118465,34.9933842765696],[135.211416154391,34.99414835942929],[135.21281036308795,34.99467074989663],[135.2136921415144,34.99608985794092],[135.2135308178053,34.99711299180047],[135.21465506488386,34.99777042513133],[135.2147270658834,34.99889045941369],[135.21515965527547,34.99954861693634],[135.2170857385742,34.99660188753664],[135.21709138218236,34.99567010359966],[135.21571094580815,34.99425035930336],[135.21510409603178,34.99291075485514],[135.21503750352704,34.9913312194112],[135.21418120546872,34.99082649834514],[135.21136053097425,34.99065800097693],[135.21008224566307,34.99022926883744],[135.20976951780335,34.98880602561355],[135.2103407389058,34.98876752732692],[135.21104949376078,34.98792932201784],[135.21249609989226,34.9870172421082],[135.21108856888296,34.986701081781064],[135.2107910399953,34.985724232572196],[135.21144202593533,34.98509687837878],[135.21152639437258,34.98404831719551],[135.21262458367448,34.98440798658676],[135.21263068842674,34.98393932278778],[135.21434103498032,34.984066846864245],[135.2139155318865,34.982601470316965],[135.21426736176682,34.98182598246942],[135.21484050058592,34.981731671939016],[135.21538657455542,34.982758255642416],[135.21484425955072,34.98314200880056],[135.21534741129997,34.98421841414155],[135.21599515664118,34.98426525412866],[135.2158327489617,34.98518099727096],[135.21687545183872,34.985112344117844],[135.21760218750907,34.985898078616195],[135.21884727799448,34.986155205697045],[135.2187952996932,34.98569182624424],[135.21772422349596,34.9843900591354],[135.21792921843272,34.983791697829176],[135.21719865868795,34.98332474457726],[135.21782992292808,34.982572985497626],[135.21714232152144,34.98173217409215],[135.21657211759816,34.98039667150001],[135.21788316170824,34.978794065559676],[135.21638029345607,34.978822200240366],[135.21773957552554,34.97781611084714],[135.2174957122951,34.97694100392805],[135.21969537623227,34.97635152908356],[135.21856966953413,34.97549582498673],[135.21900943277984,34.97486771492582],[135.21766501287786,34.97443630709396],[135.21683112598916,34.973725584750866],[135.21588892045688,34.97228947889918],[135.2163935812332,34.971458709248076],[135.21763961676598,34.97104522603513],[135.2164978943699,34.97017202569596],[135.2170404848735,34.96932175464898],[135.21634238820587,34.96877534073605],[135.21655340426955,34.96763416687215],[135.21459278594318,34.96699602628241],[135.2143398861926,34.96631769132772],[135.21310342285847,34.96553628945793],[135.2127367398642,34.96465672470615],[135.21173842295863,34.96473291906041],[135.21228719097246,34.96408284745952],[135.21200498259043,34.96346113092758],[135.21298116063775,34.962414269979384],[135.21246875530082,34.96173746337049],[135.21329087072917,34.96131569545591],[135.2128736469624,34.960092252725545],[135.2150595799354,34.959758241118806],[135.2157116836823,34.96052226403367],[135.21496576562112,34.961521764435304],[135.21516725784366,34.96228892737249],[135.21411357902593,34.96311839960411],[135.2145985515758,34.96332607904169],[135.2162984734537,34.96320629594524],[135.21658452692301,34.964333562406395],[135.21754946536774,34.964773021802955],[135.21902688606667,34.96482666262335],[135.21992884115295,34.96450229935972],[135.22002805515913,34.964025000290675],[135.21930063128804,34.963398672875705],[135.21980525821147,34.9624141562382],[135.2211235107157,34.962245405670785],[135.22091890121337,34.961186640184344],[135.22171522482756,34.9603856192182],[135.22355321790766,34.96063716151247],[135.22356355815577,34.9615913628829],[135.22295646830784,34.96201998831643],[135.2233157703737,34.96249449247662],[135.22401951910012,34.96206515717272],[135.2247939175997,34.962218496858426],[135.22475217670276,34.96134410911851],[135.22547688441063,34.96145168106945],[135.22537191748523,34.960915731964455],[135.22365952925102,34.95915926144714],[135.22131880832157,34.95718842736486],[135.22152838084315,34.95654713749138],[135.22302233679352,34.95596932388095],[135.2233894859175,34.95518095743084],[135.22257039522287,34.95350806712392],[135.2219676600332,34.95325916074367],[135.22080997012137,34.95210828196532],[135.2196535938719,34.952052379278776],[135.21973570896066,34.950956850556494],[135.2209473989529,34.95033829023298],[135.2214235074443,34.951425361529154],[135.2221756570652,34.951982344642964],[135.22267964450555,34.95178547088757],[135.222503908813,34.95000911133753],[135.22416027753545,34.94980427517833],[135.2258089291885,34.95070193785603],[135.22587912276379,34.95010786164273],[135.22519245184856,34.949784157129734],[135.2259018192175,34.94899931425832],[135.22740577676416,34.94959257716219],[135.2275102468925,34.94849405894141],[135.2281811373453,34.94801196913699],[135.2288585691738,34.94813951585321],[135.2284575784663,34.94901055950312],[135.22936052249094,34.94914968084947],[135.22909246650153,34.94966866533621],[135.2294684403894,34.95129937824225],[135.23037473489808,34.95174334593068],[135.23154898404897,34.95187037436043],[135.23176164279238,34.95013262711383],[135.2313407612466,34.94895179026441],[135.2304916487946,34.948345072382516],[135.23174806543335,34.94767425280961],[135.23203294546897,34.94684934038554],[135.23150396589844,34.94639752238246],[135.23264363269587,34.94580023725672],[135.2324131331069,34.94485300868837],[135.23285812390034,34.94402148242472],[135.2325012384766,34.94269149793415],[135.23065181181397,34.94174949033109],[135.2295340372274,34.94178528986036],[135.2279388703828,34.943081802990775],[135.22758243903203,34.94520443711869],[135.22624588804462,34.94183799096658],[135.22451763485606,34.93929819543068],[135.22619219547585,34.93990684088331],[135.22620484433503,34.940489887581116],[135.22727509043284,34.941032959846474],[135.2271359453323,34.93957543124967],[135.22754343337618,34.93914725655421],[135.22877704693036,34.93937014601313],[135.22968159570573,34.940192608438686],[135.23227956078446,34.94011429533661],[135.23342861715636,34.94136234396554],[135.23333851054218,34.942023411658624],[135.2340260352207,34.94309331505648],[135.2342182455192,34.94428450718027],[135.23367590778443,34.94607562924071],[135.23276464055434,34.947129431974886],[135.23319489419865,34.951458859840386],[135.23337977406075,34.95044558939302],[135.2332108994428,34.94851826016029],[135.2334261181858,34.94759716458507],[135.23502180489376,34.94414584952066],[135.23564299073487,34.94345843242549],[135.23533529135224,34.942039495494384],[135.234418573167,34.94122188599777],[135.23366452611268,34.93929952995893],[135.23240771794931,34.93844132513337],[135.2314270077904,34.938595642706645],[135.23188616779083,34.937748026431024],[135.2332220203564,34.93748218929386],[135.23497034157245,34.937764508979114],[135.23593576035134,34.938603934285084],[135.23636570062473,34.939432482177224],[135.2369440815886,34.94151296988613],[135.2381148180718,34.94267101082443],[135.23813484980323,34.943560290185026],[135.2393004151081,34.943909568670264],[135.24142591050946,34.94374971192706],[135.24421579045227,34.94293358318603],[135.24463174476725,34.94353254143433],[135.24394804318482,34.94403609584023],[135.24391480934466,34.94463526110419],[135.2444920508822,34.94577212660253],[135.2435927568607,34.94607855066858],[135.24284064776165,34.94577297907045],[135.24061519157198,34.94606340626868],[135.23884979422203,34.947473884682395],[135.2389367949337,34.9483613928796],[135.23986091572857,34.94924919304206],[135.23914088971168,34.94987842096522],[135.24075181034328,34.95051923175127],[135.23968998929809,34.95132800566585],[135.23861399396378,34.951480141167266],[135.23862618229003,34.951911557980274],[135.2395950184134,34.95255309350619],[135.23923970730607,34.95365730119923],[135.2406050970978,34.95403218279275],[135.24081196661288,34.95576483202873],[135.24167737788108,34.95544727408702],[135.24178761747797,34.956839779734686],[135.2427765267222,34.957061044928096],[135.24306392919922,34.95820474023802],[135.2435598193758,34.95802657037071],[135.2436030375124,34.95918076078679],[135.24425580524004,34.9599675338781],[135.2452066887491,34.9602197742965],[135.2448803528565,34.96076958793078],[135.24569104404225,34.9614547391663],[135.24598635045103,34.96251167616437],[135.24671065530634,34.963319449136236],[135.2474836249366,34.963369405474324],[135.24797563551974,34.96427160158114],[135.24695214946482,34.96354229414647],[135.24583312879466,34.9644631013147],[135.24332921791077,34.962421977300544],[135.2421386307286,34.96283733740425],[135.24130402587957,34.96188323859512],[135.23949577382982,34.960875916391295],[135.23785194025933,34.959631839065445],[135.23737036272658,34.95965064139338],[135.23650411053458,34.95881422676849],[135.23463787456765,34.958109545403715],[135.23425896146836,34.9589796622867],[135.2336353239148,34.95928916490835],[135.2338764255241,34.96037856632474],[135.23370428939057,34.961469765883486],[135.23415168506753,34.96207085291788],[135.23345286144706,34.96235196735373],[135.23029322876016,34.96273635087961],[135.22751219175476,34.96236528426806],[135.22713080281136,34.96318088455482],[135.22770113201625,34.964099274215805],[135.22716924761215,34.96559756890378],[135.2292180359905,34.966600149081415],[135.2295474097661,34.96751052156875],[135.22912170516776,34.96868717839622],[135.23112750128257,34.96851822017999],[135.23221511599115,34.969542855203926],[135.23309051701034,34.96984224757667],[135.2333278303827,34.970793856203116],[135.23098371257066,34.972419026418734],[135.2310725239283,34.97329595812791],[135.22996808839306,34.97451171877624],[135.22890815682916,34.976854114157014],[135.22723010603352,34.979090194085494],[135.22824974719376,34.98095616349699],[135.22933714682603,34.98055213932371],[135.22993678245484,34.97969084053395],[135.23164540957035,34.97841794293412],[135.2311376040853,34.97767538613614],[135.23144592465798,34.97650592617486],[135.2322810337781,34.97574407287028],[135.23353962496395,34.97551910998085],[135.23365034404873,34.97450541566504],[135.23415531225993,34.97388994828377],[135.23389250091986,34.973260029192616],[135.23524911556729,34.97253788241612],[135.2357194209383,34.973183716557614],[135.2358156366187,34.9745190619339],[135.23508039284422,34.976618730038325],[135.23401380717567,34.97703328784096],[135.23400045728377,34.97798435523975],[135.2331508098107,34.97823242632107],[135.23351691183385,34.979056865418734],[135.23494453950048,34.979174448869486],[135.2362835869614,34.97979324850995],[135.23693469353773,34.980566321887345],[135.23648343248777,34.9817400855198],[135.23752769937872,34.98165582187221],[135.23807293081305,34.98204360333254],[135.23819845007972,34.98319813798291],[135.2378646661157,34.983626069156415],[135.23837599970602,34.98464715396924],[135.23809476739072,34.98530153521754],[135.23879991287265,34.986165460031636],[135.23932229739754,34.98610070881778],[135.23974921617008,34.98732482777095],[135.2394075614954,34.98852194799316],[135.24033515330214,34.98911560226156],[135.2398082523663,34.989632879913074],[135.24015806824977,34.99033628395412],[135.24108594990696,34.99090739321851],[135.2405277808519,34.991786333811284],[135.23763796066174,34.99242536095395],[135.23763495597086,34.99271941203848],[135.2398467478436,34.99395428395487],[135.24083947766425,34.99355288920828],[135.24231905740314,34.99387836329276],[135.24319915675613,34.993747807906985],[135.24338286156416,34.99458597532551],[135.24287533561855,34.995895113206984],[135.2431050725538,34.99663967921333],[135.24280035205572,34.99884365371528],[135.24289088844233,35.00222413193179],[135.24269127537926,35.00459338241584],[135.24279127686606,35.00569344305725],[135.24318624459468,35.005882735336066],[135.24426802832033,35.00532648488446],[135.24480774660523,35.0046385974584],[135.24499705407595,35.00362756297854],[135.24778547018448,35.00465657035972],[135.24846339060457,35.00552020416656],[135.24861693886731,35.00789044511077],[135.24971885587865,35.008869452759726],[135.2506080109194,35.00925166759458],[135.24987818719157,35.00960065821528],[135.25038216412355,35.01139089578619],[135.25251217396848,35.01386145047991],[135.25233667711873,35.0140589899907],[135.25203909213138,35.0143235856275],[135.25189358678023,35.01486077179335],[135.25174062235737,35.015006657294734],[135.25155483617453,35.01552463946919],[135.25158500942422,35.015780830128115],[135.2516998463642,35.015945951712894],[135.2508623324568,35.01555644423454],[135.25050840370506,35.015237563751896],[135.2504347324188,35.01474972119924],[135.250437128085,35.01412862133623],[135.24962015845728,35.01342252891369],[135.24903758930898,35.01297164057238],[135.24859166501759,35.01190074693127],[135.24743197113273,35.011800078381604],[135.24680820563893,35.012161002106446],[135.24656772693098,35.01291974839992],[135.2448709935425,35.01314586514469],[135.24451761725933,35.01278182278687],[135.24391447305837,35.01266523284373],[135.2434052257645,35.01226235762751],[135.24389542367942,35.01157293831168],[135.24359223266825,35.01155733093581],[135.24315735348776,35.01148433341538],[135.24274903478434,35.01111999670647],[135.24247415558776,35.01114100643596],[135.24222594152647,35.011336117346275],[135.24173098779653,35.011294974829795],[135.2408834517928,35.0109054073019],[135.24041613830258,35.012583411827386],[135.24052994058036,35.01326892412748],[135.2405075210939,35.01388932848287],[135.24016886836932,35.01439160615697],[135.23973443070724,35.01484037426505],[135.23950587219917,35.01535985399323],[135.23979815721643,35.01563471676699],[135.24020400967245,35.01591457379161],[135.24066925782986,35.01692866039662],[135.2402639955257,35.01770236414136],[135.24067997193202,35.01757283034591],[135.2408266288374,35.01758975897398],[135.24064538967426,35.01816938148337],[135.24031771693834,35.01888440184424],[135.23997106653516,35.019610127376545]]]},"properties":{"KEY_CODE":"282193040","PREF":"28","CITY":"219","CITY_NAME":"三田市","S_NAME":"小野","SETAI":"453"}},{"type":"Feature","geometry":{"type":"Polygon","coordinates":[[[135.28287462350465,34.98022804015174],[135.281972480846,34.981338529348534],[135.28199289900994,34.981862542618636],[135.28103610757032,34.98288119874917],[135.28076972169433,34.981267805181716],[135.28040229203845,34.98056107857056],[135.2794010254758,34.98113533663434],[135.27898508359195,34.97993671188195],[135.27822436681217,34.97867457751091],[135.27947029816195,34.978194266730924],[135.27915258016293,34.97764954179347],[135.27782975310845,34.97679060372426],[135.2774029102432,34.97583945325522],[135.27663620376595,34.97569823829453],[135.27530969678503,34.976619240290844],[135.2727207071148,34.97606806017327],[135.27097845622455,34.97586928685188],[135.27148995732765,34.97284335828826],[135.27170772140587,34.971803386095736],[135.27183575022747,34.970960314732935],[135.2724713467803,34.970780385244666],[135.2739961153398,34.971227093335564],[135.27655743985255,34.971085967534925],[135.2781261232939,34.97153995709066],[135.28096720484933,34.9705434905687],[135.2816459188117,34.9708472755469],[135.28303737834543,34.970006968511996],[135.2833004324592,34.9704859121391],[135.2843673445589,34.97061409431009],[135.28307235352315,34.97202157241047],[135.283933046388,34.97302000492028],[135.2844888169933,34.972966553722685],[135.2842338870236,34.97396169784824],[135.28566879258275,34.97477383552932],[135.28627359575006,34.976943601733375],[135.2859031567997,34.9784185491955],[135.28620459595402,34.97883238656163],[135.28800430578687,34.97813345741859],[135.28942047915706,34.97858334651955],[135.2885953164609,34.97983906246608],[135.28968499894916,34.98017124099865],[135.28413334457517,34.98187011669409],[135.28385072330545,34.98173747211271],[135.2831713753039,34.98107426176006],[135.28287462350465,34.98022804015174]]]},"properties":{"KEY_CODE":"282194010","PREF":"28","CITY":"219","CITY_NAME":"三田市","S_NAME":"川原","SETAI":"55"}},{"type":"Feature","geometry":{"type":"Polygon","coordinates":[[[135.28413334457517,34.98187011669409],[135.2896849989491,34.98017124099865],[135.29061494277647,34.980297342678234],[135.29120553473626,34.980666626795916],[135.29146592717655,34.98084450006815],[135.29145038489247,34.98094279618189],[135.29133403679754,34.981467045200425],[135.29156760721852,34.981898662426524],[135.29178294854933,34.9824694426467],[135.29206424252487,34.98273708316491],[135.2914407561209,34.98295470346017],[135.2917205247988,34.98436324200423],[135.29225855388077,34.98509555607765],[135.2919625351554,34.986019201398726],[135.28989313331505,34.9865107292952],[135.2902844132079,34.987376171834555],[135.29113159046295,34.98752376914212],[135.29156092559927,34.987937207307276],[135.29132237308596,34.988748613684635],[135.29090780997348,34.9888185856354],[135.29022995525668,34.98852964594135],[135.29016148118933,34.98873448527405],[135.29032098930196,34.98963288442966],[135.28943816915753,34.98977063749482],[135.28903896212404,34.98876793241958],[135.2883052157174,34.98891266866518],[135.28776296738394,34.98928504983892],[135.28752288221278,34.98914792561359],[135.28763666805182,34.988672655779304],[135.28760178068035,34.988239474626795],[135.28625522756997,34.9883605781817],[135.28525337923804,34.98895748260364],[135.28494427378652,34.989164071521046],[135.2844970981253,34.989159487978434],[135.2841820094582,34.98901034300276],[135.2838799142284,34.987851926214105],[135.28395820331522,34.986857352053725],[135.28320459567496,34.98623564926219],[135.28379440354576,34.98565557649388],[135.28379569150277,34.98443348461687],[135.2832737566137,34.98329465813914],[135.28262183056705,34.98301377805184],[135.28248493070322,34.98183516421556],[135.28214579612,34.981735706218274],[135.281972480846,34.981338529348534],[135.28287462350465,34.98022804015174],[135.2831713753039,34.98107426176006],[135.28385072330545,34.98173747211271],[135.28413334457517,34.98187011669409]]]},"properties":{"KEY_CODE":"282194020","PREF":"28","CITY":"219","CITY_NAME":"三田市","S_NAME":"末吉","SETAI":"15"}},{"type":"Feature","geometry":{"type":"Polygon","coordinates":[[[135.2727207071148,34.97606806017327],[135.27530969678506,34.976619240290844],[135.27560019889037,34.97709862131946],[135.27639345057523,34.977941638477326],[135.27685248775032,34.978067645534466],[135.2772360633669,34.97881968574202],[135.27698963669386,34.978893861754976],[135.27695096115912,34.97900578707816],[135.27700188721843,34.979268005599],[135.2768466188341,34.97964345560111],[135.27681621342253,34.97977496506357],[135.27665134095594,34.97999949816064],[135.2763726919474,34.98004758515885],[135.27600717092338,34.98017522642363],[135.27567941460475,34.980112070296585],[135.27556919443316,34.98023772222142],[135.27550905613003,34.98055989264076],[135.27483132473967,34.98058481404779],[135.27482652515627,34.98086063605534],[135.27530048105774,34.98115238332565],[135.27548452013536,34.98120348829895],[135.2753595871054,34.98143425804266],[135.2754106528543,34.98171612484848],[135.2753248350708,34.98188095441315],[135.27508020518727,34.98211265536474],[135.2746971770705,34.98210246473004],[135.27458454338898,34.98201798580313],[135.274343280545,34.981849220172315],[135.27407220914588,34.981864426270995],[135.2739106993046,34.981688421539154],[135.27367987426564,34.98173613163346],[135.27377193921038,34.982109656822686],[135.2737648008484,34.98218851760598],[135.2734863853523,34.982249767220594],[135.2732882236748,34.98236293028829],[135.27318625093397,34.98251471394017],[135.2730900615597,34.982476093610764],[135.27252885764645,34.98222438362291],[135.27240052638703,34.98216629136482],[135.27216985712752,34.98186095649844],[135.27109044099626,34.982305172925884],[135.26980064643476,34.98196548183173],[135.26868268515872,34.97946260077502],[135.26882701672008,34.97872490879228],[135.2705034853314,34.97879252823984],[135.27097845622455,34.975869286851875],[135.2727207071148,34.97606806017327]]]},"properties":{"KEY_CODE":"282194030","PREF":"28","CITY":"219","CITY_NAME":"三田市","S_NAME":"布木","SETAI":"15"}},{"type":"Feature","geometry":{"type":"Polygon","coordinates":[[[135.27097845622455,34.975869286851875],[135.2705034853314,34.97879252823984],[135.26882701672008,34.97872490879228],[135.26886390287626,34.97859039276156],[135.26908557067554,34.977453700150214],[135.26905217945207,34.97733155870415],[135.2683912092017,34.976828393014486],[135.2668680928851,34.97584050128917],[135.26626042628894,34.9741143148252],[135.26521497378815,34.97308103013935],[135.26497391381898,34.97285096886019],[135.2649251718121,34.972385473891514],[135.2650702708957,34.972241534690475],[135.26498140927518,34.97158781741927],[135.26489127257162,34.9713197631219],[135.2663532767954,34.97116971848648],[135.26713337705286,34.97086813925683],[135.26782857249057,34.96979667669595],[135.26812234209604,34.96979441397824],[135.26876382262614,34.96878625196133],[135.2675299820287,34.968419471637965],[135.26733790407482,34.967793947178905],[135.26686684428884,34.96704063253658],[135.26603835483726,34.96691263162075],[135.26609903853088,34.96645531026828],[135.27037055660867,34.967280187833474],[135.2701501889873,34.9677319826467],[135.27031293080194,34.970007318900514],[135.27037803253154,34.97043444237634],[135.2716074191347,34.97090947199454],[135.27170772140587,34.971803386095736],[135.27148995732765,34.97284335828826],[135.27097845622455,34.975869286851875]]]},"properties":{"KEY_CODE":"282194040","PREF":"28","CITY":"219","CITY_NAME":"三田市","S_NAME":"田中","SETAI":"26"}},{"type":"Feature","geometry":{"type":"Polygon","coordinates":[[[135.28096720484933,34.9705434905687],[135.2781261232939,34.97153995709066],[135.27655743985255,34.971085967534925],[135.2739961153398,34.971227093335564],[135.2724713467803,34.970780385244666],[135.27183575022747,34.970960314732935],[135.2716074191347,34.97090947199454],[135.2703780325315,34.970434442376344],[135.27031293080194,34.970007318900514],[135.2701501889873,34.9677319826467],[135.27037055660867,34.967280187833474],[135.27077716855982,34.96569583925348],[135.27180341101078,34.964449392636794],[135.27420397416282,34.96462310762091],[135.27783003471157,34.96358737366359],[135.27856224778466,34.96433113506371],[135.28029038245649,34.96433306126006],[135.28208023349777,34.964723300102655],[135.28242362557873,34.96524908630002],[135.28003642340536,34.965800470459506],[135.27871547578425,34.966646463362416],[135.27949610602897,34.96816008887505],[135.2792605171316,34.96845997184513],[135.2772535033718,34.96852753477205],[135.2770436563277,34.96928899747366],[135.2778246422449,34.96961278402926],[135.27912736377166,34.96945387762489],[135.2798862564886,34.9698493066455],[135.28106922607205,34.9697075831618],[135.28096720484933,34.9705434905687]]]},"properties":{"KEY_CODE":"282194050","PREF":"28","CITY":"219","CITY_NAME":"三田市","S_NAME":"十倉","SETAI":"36"}},{"type":"Feature","geometry":{"type":"Polygon","coordinates":[[[135.27783003471157,34.96358737366359],[135.27420397416282,34.96462310762091],[135.27180341101078,34.964449392636794],[135.27077716855982,34.96569583925348],[135.27037055660867,34.967280187833474],[135.26609903853088,34.96645531026828],[135.26631994075146,34.964655211934314],[135.26491327105094,34.96382055659535],[135.264306202198,34.963970294624794],[135.26205009812097,34.96540906414593],[135.26116937245925,34.96553228648753],[135.2612729609622,34.96458426470719],[135.2604106958756,34.96411386183371],[135.26113002542388,34.96325289789001],[135.2607473386358,34.962606355208074],[135.25983846029692,34.962218350611735],[135.26051862243077,34.961002096091235],[135.2614655393785,34.96114606429681],[135.2615637622941,34.96056379368364],[135.26270489057302,34.96093740801718],[135.26252074129064,34.96010707298464],[135.2628564928019,34.95917436850873],[135.26210155435226,34.95862039039627],[135.2628828075293,34.95806578168995],[135.26177308017492,34.95743880746803],[135.2631537216025,34.95705131552931],[135.26526481948753,34.95752748657714],[135.26802684104038,34.95789789886169],[135.26996790650622,34.957875966679225],[135.27120335805517,34.95727224241561],[135.2723268177575,34.957716749686504],[135.27306059172847,34.95800706339927],[135.27297798180967,34.95913966468458],[135.27389965037344,34.959648455593126],[135.2747091444714,34.961379863008474],[135.27611953535705,34.9620561832952],[135.276715031459,34.961832099031085],[135.27869080086606,34.96236411899745],[135.28030717016435,34.96245487910821],[135.27783003471157,34.96358737366359]]]},"properties":{"KEY_CODE":"282194060","PREF":"28","CITY":"219","CITY_NAME":"三田市","S_NAME":"酒井","SETAI":"62"}},{"type":"Feature","geometry":{"type":"Polygon","coordinates":[[[135.2761756450979,34.95256519448213],[135.27658977767476,34.953150946207565],[135.275499658564,34.95465048753291],[135.275187220443,34.95604348051375],[135.27390305160665,34.956169375355536],[135.27338609131587,34.956915045603026],[135.27358382516525,34.95779419131924],[135.2723268177575,34.957716749686504],[135.27120335805517,34.95727224241561],[135.27129619401717,34.954904142477346],[135.27057216555704,34.95428687819197],[135.2704616845345,34.953464162901064],[135.2709609962145,34.95252842813902],[135.27123991782295,34.95371958166988],[135.27232254679072,34.95248079880023],[135.27294137181968,34.95321829768481],[135.2761756450979,34.95256519448213]]]},"properties":{"KEY_CODE":"282194070","PREF":"28","CITY":"219","CITY_NAME":"三田市","S_NAME":"鈴鹿","SETAI":"53"}},{"type":"Feature","geometry":{"type":"Polygon","coordinates":[[[135.27120335805517,34.95727224241561],[135.26996790650622,34.957875966679225],[135.26802684104038,34.95789789886169],[135.26526481948753,34.95752748657714],[135.2631537216025,34.95705131552931],[135.26347955531224,34.95603748474012],[135.26319860762317,34.95555777198512],[135.26388973612865,34.95493433944534],[135.26368913972408,34.954139414661576],[135.26404122992616,34.953565693144085],[135.2648578782178,34.95405805959616],[135.26676330561216,34.95404752167972],[135.2678243425281,34.952926765347115],[135.26776534291022,34.95227380142217],[135.26883857962673,34.9517703052009],[135.26855343572973,34.950885760386775],[135.26875406350558,34.95010797605113],[135.2681897357337,34.94988484145146],[135.26769403621935,34.95068059912418],[135.26690390702535,34.950428488651475],[135.26703076535864,34.94970606589077],[135.2705433718018,34.949620359092016],[135.2705791684371,34.949819459903],[135.27340827397322,34.94988273378802],[135.27533191765994,34.94901205769444],[135.27751531043845,34.94822567647255],[135.27923091180818,34.94760559033005],[135.27897081211898,34.94930995575692],[135.27842695767788,34.95027543959579],[135.27770345027994,34.95018952144327],[135.27729146926595,34.950916357768165],[135.27838787754555,34.95113987142345],[135.27764771538267,34.95157819432567],[135.27764239112093,34.95214263140901],[135.2761756450979,34.95256519448213],[135.27294137181968,34.95321829768481],[135.27232254679072,34.95248079880023],[135.27123991782295,34.95371958166988],[135.2709609962145,34.95252842813902],[135.2704616845345,34.953464162901064],[135.27057216555704,34.95428687819197],[135.27129619401717,34.954904142477346],[135.27120335805517,34.95727224241561]]]},"properties":{"KEY_CODE":"282194080","PREF":"28","CITY":"219","CITY_NAME":"三田市","S_NAME":"下里","SETAI":"55"}},{"type":"Feature","geometry":{"type":"Polygon","coordinates":[[[135.27751531043845,34.94822567647255],[135.27533191765994,34.94901205769444],[135.27340827397322,34.94988273378802],[135.2705791684371,34.949819459903],[135.2705433718018,34.949620359092016],[135.26703076535864,34.94970606589077],[135.26623345448476,34.94978522144474],[135.26537971099802,34.949187092642696],[135.26579616685763,34.94854484734644],[135.26498068010847,34.94779648274595],[135.26270142045675,34.94875877824997],[135.26232014339774,34.94788347712453],[135.26120839806575,34.94704326285913],[135.26174329510087,34.94571600590525],[135.26003551400876,34.94514774451479],[135.26091010844436,34.94411917038085],[135.26264861149892,34.942514581732596],[135.2629659758429,34.94183717910742],[135.26364629872862,34.942076214871825],[135.26584434936515,34.94190393954635],[135.26709066349804,34.94142293357346],[135.26877716337273,34.941446940864246],[135.27021439398183,34.94108310505702],[135.2723126118227,34.941475038464205],[135.27428915443772,34.94220372385709],[135.27603074363245,34.942241275455864],[135.27611724480266,34.94311050753591],[135.2770744994543,34.943478088460516],[135.27555205359823,34.94482730715881],[135.27620991400977,34.94518982376547],[135.2779135373057,34.94528925807256],[135.2767548521554,34.9463106475988],[135.27760266844982,34.947482845530075],[135.27751531043845,34.94822567647255]]]},"properties":{"KEY_CODE":"282194090","PREF":"28","CITY":"219","CITY_NAME":"三田市","S_NAME":"上槻瀬","SETAI":"52"}},{"type":"Feature","geometry":{"type":"Polygon","coordinates":[[[135.26521497378815,34.97308103013935],[135.26472241101473,34.97418289834526],[135.26296609581814,34.97420313324815],[135.26166115890834,34.973902055805674],[135.26038500484884,34.97316374544721],[135.26065710801257,34.97220316293192],[135.25917265801536,34.972778904185546],[135.2583885650187,34.97273108797627],[135.2575410792701,34.97139832722247],[135.2563450579636,34.97052965137196],[135.2557871250157,34.969789705463974],[135.2545160740404,34.9692686445835],[135.25585550980904,34.96856496425538],[135.2547328169921,34.967409076243136],[135.25418211371246,34.96823464669443],[135.25365843153764,34.968188623181696],[135.25259074971268,34.967082576592816],[135.2517040348848,34.965577658075716],[135.25035254140928,34.96382489032915],[135.24958513838592,34.96373061446497],[135.24797563551974,34.96427160158114],[135.2474836249366,34.963369405474324],[135.24671065530634,34.963319449136236],[135.24598635045103,34.96251167616437],[135.24569104404225,34.9614547391663],[135.2448803528565,34.96076958793078],[135.2452066887491,34.9602197742965],[135.24425580524004,34.9599675338781],[135.2436030375124,34.95918076078679],[135.2435598193758,34.95802657037071],[135.24306392919922,34.95820474023802],[135.2427765267222,34.957061044928096],[135.24178761747797,34.956839779734686],[135.24167737788108,34.95544727408702],[135.24081196661288,34.95576483202873],[135.2406050970978,34.95403218279275],[135.23923970730607,34.95365730119923],[135.2395950184134,34.95255309350619],[135.23862618229003,34.951911557980274],[135.23861399396378,34.951480141167266],[135.23968998929809,34.95132800566585],[135.24075181034328,34.95051923175127],[135.23914088971168,34.94987842096522],[135.23986091572857,34.94924919304206],[135.2389367949337,34.9483613928796],[135.23884979422203,34.947473884682395],[135.24061519157198,34.94606340626868],[135.24284064776165,34.94577297907045],[135.2435927568607,34.94607855066858],[135.2444920508822,34.94577212660253],[135.24391480934466,34.94463526110419],[135.24394804318482,34.94403609584023],[135.24463174476725,34.94353254143433],[135.24421579045227,34.94293358318603],[135.24142591050946,34.94374971192706],[135.2393004151081,34.943909568670264],[135.23813484980323,34.943560290185026],[135.2381148180718,34.94267101082443],[135.2369440815886,34.94151296988613],[135.23636570062473,34.939432482177224],[135.23696031366134,34.94046657695088],[135.23750989213994,34.940442829783116],[135.23806892960295,34.93909990096841],[135.2391666367422,34.9389145072027],[135.2380297237838,34.937702346658924],[135.23803931610354,34.93640295704104],[135.23926935374024,34.935212497242965],[135.24032911335254,34.93484039461851],[135.24074544485222,34.9335772674128],[135.23975652835983,34.932777498851145],[135.23933827924304,34.931697876950615],[135.23975989233156,34.930907210174574],[135.23790334670633,34.92946421226669],[135.237611589686,34.929013611334184],[135.2374859871994,34.92737070479642],[135.23888322209444,34.926179004379534],[135.23934754541844,34.92493524346906],[135.23975262795764,34.92477460002892],[135.24005164963063,34.923748704688585],[135.24098789035804,34.924115742784444],[135.24094507950215,34.92456884118326],[135.24192717415647,34.92475840305671],[135.2425303038071,34.92526582107671],[135.24275802672076,34.92640595046854],[135.2440126488711,34.925293999965355],[135.24442199987016,34.92556657898543],[135.24424292328408,34.92667046196314],[135.24540087928793,34.92762640247862],[135.24536746801138,34.9289260323144],[135.2448709967656,34.92942190878366],[135.2451915342131,34.93030539999805],[135.24608553041085,34.931164927311684],[135.2474679338931,34.93080012841517],[135.24770220722735,34.93036523849729],[135.24739588596213,34.92861546398983],[135.24794393506588,34.9284538600105],[135.24898571208388,34.929705942389646],[135.2504275372767,34.9295965961876],[135.25107172803587,34.93054228040745],[135.25077454638316,34.93128506858409],[135.25059773475246,34.93145733204272],[135.24950224549033,34.931422856232444],[135.24959371017357,34.93212699920007],[135.2492404865732,34.93249989981325],[135.24869534607362,34.93271768806276],[135.24848173645788,34.93294952386421],[135.24796267630865,34.93392990517454],[135.2482522623391,34.93443197967259],[135.25001338613282,34.9346206794806],[135.2513153105769,34.93455858559555],[135.25182978811796,34.93504930358971],[135.25292894507086,34.935308323214976],[135.25252581207383,34.93576091219335],[135.25186142591508,34.9360228581944],[135.25216587868857,34.936398748540604],[135.2514264485095,34.93728722120684],[135.2509158556872,34.93802211996703],[135.25098163070172,34.93875258990512],[135.25165293763354,34.93899436404856],[135.25329040651832,34.93799464374249],[135.2541767804787,34.936848687530734],[135.25554197526998,34.93676712464926],[135.25663758663111,34.93697409634989],[135.25710203111223,34.937048737938106],[135.25795356296103,34.936957601983075],[135.25708644598174,34.93655065073693],[135.25646887229672,34.93599854947916],[135.25736801267013,34.93512031315404],[135.25836161975795,34.93428677432217],[135.25961606325654,34.93389697141696],[135.26005112630475,34.93355025256865],[135.26050727033072,34.932083085012124],[135.26046780919864,34.931479189726765],[135.26146089179394,34.93050690662618],[135.26094758017481,34.92950680570077],[135.2611326504916,34.92895408902973],[135.26273850940657,34.92933560175703],[135.26548872372578,34.928915957846556],[135.26656934435437,34.92829742822465],[135.26809104323485,34.93137440315459],[135.2682896321513,34.93240885889089],[135.26792199951166,34.93269529253701],[135.26903300686462,34.933687310698595],[135.26940275094236,34.93449726505221],[135.273093775653,34.93423999257339],[135.2733837644374,34.935438102040685],[135.27489583721217,34.935520702174145],[135.2764827019847,34.93509901119734],[135.27697871504088,34.935345529096686],[135.27902566622527,34.93540138826414],[135.27931888385706,34.93602400100462],[135.28041916918812,34.93608952193664],[135.28079804277112,34.93576408651384],[135.28219334258148,34.93633196768178],[135.28505823831313,34.93629921934577],[135.28624907292408,34.93702822868772],[135.28761457210362,34.93751492600242],[135.28803765109382,34.93839276326805],[135.28896963817,34.93830177311613],[135.2873037361277,34.939398777526705],[135.28750593282317,34.93854504403446],[135.28349141376336,34.937698438023574],[135.28291928798333,34.93820398627064],[135.28280908474977,34.940593820358444],[135.282400049075,34.941293455279315],[135.2830780991307,34.9416790154772],[135.28310402647853,34.9425989917319],[135.28247099754748,34.942751201856495],[135.28149361162147,34.94233001628358],[135.28148833200973,34.9418867994354],[135.28002173110445,34.941947116239355],[135.2800864284395,34.94145968833439],[135.27915963202514,34.94012438184003],[135.2780775902081,34.93984278814337],[135.27701360914364,34.94083758603161],[135.27729912157193,34.94170512837874],[135.27598026202818,34.941507333224415],[135.27603074363245,34.942241275455864],[135.27428915443772,34.94220372385709],[135.2723126118227,34.941475038464205],[135.27021439398183,34.94108310505702],[135.26877716337273,34.941446940864246],[135.26709066349804,34.94142293357346],[135.26584434936515,34.94190393954635],[135.26364629872862,34.942076214871825],[135.2629659758429,34.94183717910742],[135.26264861149892,34.942514581732596],[135.26091010844436,34.94411917038085],[135.26003551400876,34.94514774451479],[135.26174329510087,34.94571600590525],[135.26120839806575,34.94704326285913],[135.26232014339774,34.94788347712453],[135.26270142045675,34.94875877824997],[135.26498068010847,34.94779648274595],[135.26579616685763,34.94854484734644],[135.26537971099802,34.949187092642696],[135.26623345448476,34.94978522144474],[135.26703076535864,34.94970606589077],[135.26690390702535,34.950428488651475],[135.26769403621935,34.95068059912418],[135.2681897357337,34.94988484145146],[135.26875406350558,34.95010797605113],[135.26855343572973,34.950885760386775],[135.26883857962673,34.9517703052009],[135.26776534291022,34.95227380142217],[135.2678243425281,34.952926765347115],[135.26676330561216,34.95404752167972],[135.2648578782178,34.95405805959616],[135.26404122992616,34.953565693144085],[135.26368913972408,34.954139414661576],[135.26388973612865,34.95493433944534],[135.26319860762317,34.95555777198512],[135.26347955531224,34.95603748474012],[135.2631537216025,34.95705131552931],[135.26177308017492,34.95743880746803],[135.2628828075293,34.95806578168995],[135.26210155435226,34.95862039039627],[135.2628564928019,34.95917436850873],[135.26252074129064,34.96010707298464],[135.26270489057302,34.96093740801718],[135.2615637622941,34.96056379368364],[135.2614655393785,34.96114606429681],[135.26051862243077,34.961002096091235],[135.25983846029692,34.962218350611735],[135.2607473386358,34.962606355208074],[135.26113002542388,34.96325289789001],[135.2604106958756,34.96411386183371],[135.2612729609622,34.96458426470719],[135.26116937245925,34.96553228648753],[135.26205009812097,34.96540906414593],[135.264306202198,34.963970294624794],[135.26491327105094,34.96382055659535],[135.26631994075146,34.964655211934314],[135.26609903853088,34.96645531026828],[135.26603835483726,34.96691263162075],[135.26686684428884,34.96704063253658],[135.26733790407482,34.967793947178905],[135.2675299820287,34.968419471637965],[135.26876382262614,34.9687862519613],[135.26812234209604,34.96979441397824],[135.26782857249057,34.96979667669595],[135.26713337705286,34.97086813925682],[135.2663532767954,34.97116971848648],[135.26489127257162,34.9713197631219],[135.26498140927518,34.97158781741927],[135.2650702708957,34.972241534690475],[135.2649251718121,34.972385473891514],[135.26497391381898,34.97285096886019],[135.26521497378815,34.97308103013935]]]},"properties":{"KEY_CODE":"282194100","PREF":"28","CITY":"219","CITY_NAME":"三田市","S_NAME":"下槻瀬","SETAI":"193"}},{"type":"Feature","geometry":{"type":"Polygon","coordinates":[[[135.25961606325654,34.93389697141696],[135.25836161975795,34.93428677432217],[135.25736801267013,34.93512031315404],[135.25646887229672,34.93599854947916],[135.25708644598174,34.93655065073693],[135.25795356296103,34.936957601983096],[135.25710203111223,34.937048737938106],[135.25663758663111,34.93697409634989],[135.25554197526998,34.93676712464926],[135.2541767804787,34.936848687530734],[135.25329040651832,34.93799464374249],[135.25165293763354,34.93899436404856],[135.25098163070172,34.93875258990512],[135.2509158556872,34.93802211996703],[135.2514264485095,34.93728722120684],[135.25216587868857,34.936398748540604],[135.25186142591508,34.9360228581944],[135.25252581207383,34.93576091219335],[135.25292894507086,34.935308323214976],[135.25182978811796,34.93504930358971],[135.2513153105769,34.93455858559555],[135.25001338613282,34.9346206794806],[135.2482522623391,34.93443197967259],[135.24796267630865,34.93392990517454],[135.24848173645788,34.93294952386421],[135.24869534607362,34.93271768806276],[135.2492404865732,34.93249989981325],[135.24959371017357,34.93212699920007],[135.24950224549033,34.931422856232444],[135.25059773475246,34.93145733204272],[135.25077454638316,34.93128506858409],[135.25107172803587,34.93054228040745],[135.2504275372767,34.9295965961876],[135.2512443383394,34.929678947259816],[135.2518094428547,34.92890694568782],[135.25292850570187,34.928504711400016],[135.25316597928307,34.92852065847863],[135.25362293096825,34.92861762330426],[135.2540323311198,34.92889009930422],[135.255059090693,34.92878384734377],[135.2558925059019,34.928501930900104],[135.2559917102854,34.92881612763958],[135.25621301629798,34.92936567892231],[135.25714718735327,34.929535766426305],[135.25776930750925,34.92959011723691],[135.25856598620675,34.93241903088936],[135.25875961580545,34.93263404920765],[135.25883179949892,34.93267293820404],[135.25926163954014,34.93263022064241],[135.25930744896615,34.93245274558997],[135.25966200365906,34.932095579865255],[135.26004616774534,34.93225027060863],[135.26050727033072,34.932083085012124],[135.26005112630475,34.93355025256863],[135.25961606325654,34.93389697141696]]]},"properties":{"KEY_CODE":"282194110","PREF":"28","CITY":"219","CITY_NAME":"三田市","S_NAME":"市之瀬","SETAI":"16"}},{"type":"Feature","geometry":{"type":"Polygon","coordinates":[[[135.2847351405769,34.92208589811293],[135.2829677272369,34.922728530302706],[135.2821939922983,34.92369334367958],[135.28201696765313,34.92466272709206],[135.28288587196283,34.92511238028198],[135.28409208510354,34.9247154088414],[135.28410587696297,34.92518377430445],[135.2819306579626,34.92724120072479],[135.2815906106871,34.92794881562443],[135.2828733073783,34.92783204265544],[135.28265566536638,34.92906197514365],[135.28355112507313,34.92945937155857],[135.2827139336495,34.93008122438978],[135.28244707878386,34.93093743892631],[135.2829060809107,34.93123809758607],[135.28225867461,34.93195304959286],[135.2823120873857,34.93357525688978],[135.28348292572977,34.93353209730021],[135.28380119404943,34.93398914095105],[135.2848133126198,34.93409397725185],[135.2846535374843,34.93458004288531],[135.28550244519732,34.93491784941785],[135.28617587815887,34.934561287082566],[135.28715430252055,34.935972769159164],[135.28843832561836,34.93620452800847],[135.28881930553393,34.937161503332604],[135.28950198459157,34.93762263011103],[135.28896963817,34.93830177311613],[135.28803765109382,34.93839276326805],[135.28761457210362,34.93751492600242],[135.28624907292408,34.93702822868772],[135.28505823831313,34.93629921934577],[135.28219334258148,34.93633196768178],[135.28079804277112,34.93576408651384],[135.28041916918812,34.93608952193664],[135.27931888385706,34.93602400100462],[135.27902566622527,34.93540138826414],[135.27697871504088,34.935345529096686],[135.2764827019847,34.93509901119734],[135.27489583721217,34.935520702174145],[135.2733837644374,34.935438102040685],[135.273093775653,34.93423999257339],[135.26940275094236,34.93449726505221],[135.26903300686462,34.933687310698595],[135.26792199951166,34.93269529253701],[135.2682896321513,34.93240885889089],[135.26809104323485,34.93137440315459],[135.26656934435437,34.92829742822465],[135.2678220783487,34.92810076569303],[135.26853308046518,34.927563794300895],[135.26906634006076,34.92611263145744],[135.27034849186745,34.927558360021564],[135.27136664865182,34.92760186289012],[135.27142014554624,34.9260450891231],[135.2723492845055,34.92538514262673],[135.2739893741123,34.923164459327616],[135.27379549712018,34.922195689324475],[135.27419978541195,34.92202523181137],[135.2733121757175,34.920993013554806],[135.27203925202508,34.92129073632305],[135.2724861203799,34.9197631873472],[135.2745046229511,34.918728613538676],[135.27586300650506,34.91852147952058],[135.2764678615779,34.920230752765825],[135.2790057587939,34.9206319383223],[135.28027563747116,34.921128434730925],[135.28109129934043,34.92024077626748],[135.28298311554164,34.91905351878995],[135.28354496990303,34.919921006799136],[135.28464270251507,34.920406050959706],[135.28582215921594,34.92147285768395],[135.2847351405769,34.92208589811293]]]},"properties":{"KEY_CODE":"282194120","PREF":"28","CITY":"219","CITY_NAME":"三田市","S_NAME":"木器","SETAI":"216"}},{"type":"Feature","geometry":{"type":"Polygon","coordinates":[[[135.30848185100393,34.93725176579382],[135.30719582248838,34.93861819099293],[135.30648501459936,34.938426350797165],[135.3059671361409,34.93921045593959],[135.30579544738538,34.940552298774776],[135.3048528866097,34.939037262108705],[135.30428252025544,34.93880294483241],[135.3029962829663,34.9398623460589],[135.30070037320323,34.940721822428294],[135.30047842947377,34.942008636434615],[135.3006571660619,34.94375367980404],[135.29990020376817,34.94682080620292],[135.29953481635687,34.94954304177095],[135.29908928252925,34.94984209146372],[135.299463808924,34.95075069275169],[135.29902818920127,34.95128967299153],[135.29992294530618,34.95283140880707],[135.3013107247694,34.95338093064349],[135.30044028446804,34.95425135108141],[135.2989823585992,34.95325785507585],[135.29784680080894,34.95314265637874],[135.29722237207645,34.953681016913606],[135.29658642525015,34.95250010495806],[135.29594362076435,34.95301155885943],[135.29526124827706,34.95216665295747],[135.29476995493098,34.95276880537078],[135.29505096095406,34.95365534647306],[135.2945173111943,34.95419100176115],[135.29469595587906,34.95593606240935],[135.29515421778757,34.95628195209888],[135.29463096318798,34.956895980026104],[135.29540516629373,34.95728126873011],[135.29513952754417,34.958470180342864],[135.29601777420172,34.9592360618165],[135.29729454721246,34.959188600537466],[135.2978343759032,34.95972573746293],[135.29895259163806,34.959849593773114],[135.29766037504913,34.96054905137533],[135.2971656378569,34.96142167624033],[135.29867386820567,34.96178525864874],[135.29873053921918,34.96260448147582],[135.29813740668575,34.96387586011074],[135.2968735924411,34.96370632101572],[135.29647755004945,34.96422124400503],[135.2969516330406,34.96506524976971],[135.29631454535811,34.965327995899166],[135.29491219866705,34.96782033492408],[135.2937472283349,34.96836980254497],[135.29403262052526,34.96672163827757],[135.2939072246911,34.9638684481378],[135.2932326865464,34.96359814632468],[135.29351971024147,34.96284457878598],[135.29107400907532,34.96310948711785],[135.29119863283412,34.962086984242205],[135.29211447935995,34.960765544096716],[135.29166109172377,34.96024452694064],[135.29004952975959,34.95992173837841],[135.29177666684237,34.958791866468786],[135.29165170314465,34.95783894167445],[135.2908404447848,34.95743673572015],[135.291429589586,34.95688044446198],[135.29150111596562,34.95532545034415],[135.29123289634222,34.95389595878337],[135.29086297162888,34.95350879060848],[135.2911855485417,34.95240155545757],[135.2906988503267,34.952100522554225],[135.29126369279285,34.951406956227736],[135.29097631431873,34.95079187528745],[135.29129448868653,34.94891802449002],[135.2899266476913,34.94993983217926],[135.28846136165762,34.95043969382384],[135.288996549169,34.94878351561199],[135.28954719256043,34.948576568482686],[135.28971178424058,34.94740219726987],[135.29043518680464,34.94695972076641],[135.29002544135216,34.94550648143688],[135.29174653382356,34.94600490670705],[135.29231225034772,34.944840678842404],[135.29186991342564,34.94462880983028],[135.2916601119031,34.94312371944043],[135.2925663980264,34.94211540413652],[135.29353197371861,34.94236391351287],[135.29551204407028,34.93963406615915],[135.2955323621124,34.93890683728952],[135.29366346648305,34.9390843042145],[135.29395683394816,34.938617531087345],[135.2922928869191,34.937888252386784],[135.29283117553288,34.93714897639508],[135.2934289642236,34.93738370024673],[135.2941523792941,34.93576446699884],[135.2935551076975,34.93550713306774],[135.29365164580378,34.93489739995234],[135.29271446641442,34.934751694417564],[135.29474374988715,34.93284360604118],[135.295128883708,34.9315235291372],[135.29570279384723,34.931254821736594],[135.29608024454268,34.932255961995224],[135.29695194475997,34.932771119877366],[135.29751838284196,34.93135339765355],[135.29812731415333,34.931104956285004],[135.29726210250743,34.93009770382377],[135.29781731051605,34.92962137206199],[135.29870549657358,34.92983115002012],[135.29871715517214,34.92815661974294],[135.29939071638412,34.92748707808591],[135.3035315445948,34.925100857372904],[135.30441027873295,34.92622204368394],[135.30498179111805,34.92758787399409],[135.30421574597293,34.92735124764615],[135.30349254639665,34.92804980417973],[135.30365867917521,34.928701249520806],[135.30279387285597,34.929707218974706],[135.30365096901036,34.93057921055112],[135.30536994964316,34.93094265553187],[135.30501947121996,34.931865571472954],[135.30391780818098,34.93207650876482],[135.30313549988304,34.93152245517985],[135.30244815515903,34.93160337118949],[135.30238393222402,34.93318676935365],[135.30186138504965,34.93500643936533],[135.30251058858735,34.935257254878465],[135.3066950567438,34.93570830014008],[135.3074445309048,34.935903071861055],[135.3072527980368,34.93668330481974],[135.30848185100393,34.93725176579382]]]},"properties":{"KEY_CODE":"282194130","PREF":"28","CITY":"219","CITY_NAME":"三田市","S_NAME":"波豆川","SETAI":"73"}},{"type":"Feature","geometry":{"type":"Polygon","coordinates":[[[135.28777475105065,35.011536058334244],[135.28811362981173,35.012628447537516],[135.28716949461835,35.01393463782704],[135.28647409400654,35.01425436436916],[135.28514910697945,35.01598948093526],[135.28458913975737,35.015957406564425],[135.28276392957625,35.01492457609109],[135.28105958950755,35.014789697376024],[135.27974183763084,35.01517581197184],[135.27914051358698,35.01518269958798],[135.27801374912409,35.01485219388059],[135.2769291745506,35.01443782632358],[135.27603200737215,35.01387684036049],[135.2747265562552,35.01389651996865],[135.2742164879878,35.01400803037887],[135.2738251641972,35.01451729282994],[135.27321308174976,35.01447409356558],[135.27215595692223,35.01445821864975],[135.27145417452792,35.01455760020713],[135.27097051795954,35.01453943888562],[135.27033908309264,35.01457777348545],[135.26925353331106,35.01474165931956],[135.2684713640527,35.01480305107327],[135.26826768329065,35.0147461695615],[135.2678549448821,35.01449145258668],[135.267464718875,35.01431917087854],[135.26718118055203,35.014360441719525],[135.26676874783013,35.014177130954714],[135.2661230483075,35.01383356455576],[135.26543996889174,35.013567327443006],[135.26473252785283,35.013507056003476],[135.2642964426094,35.01332039629797],[135.26311812078433,35.01290237514643],[135.26252521310496,35.012425769472486],[135.26240948396952,35.012288832405666],[135.2618294073251,35.0118182512504],[135.2612833048062,35.01166481808499],[135.26022373999712,35.01108833244635],[135.25994644400947,35.01102988656588],[135.25942710936462,35.01099723966145],[135.25888551877776,35.01112462680382],[135.25772661382734,35.011314057464276],[135.25724043296128,35.01118622131595],[135.2567808747453,35.01105092722222],[135.25651185727742,35.01104460133449],[135.2554016697855,35.01139554137427],[135.25468993127916,35.011517869451964],[135.25446957407414,35.01178258800335],[135.2543858842743,35.0123501538455],[135.25428456531813,35.01259727573294],[135.2540325796438,35.012751595414095],[135.25396132077444,35.012847142900796],[135.25381809756158,35.0132052210421],[135.2533630992248,35.01347707631375],[135.25316443927923,35.01363929835632],[135.25273621327545,35.01370312090992],[135.25251217396848,35.01386145047991],[135.25038216412355,35.01139089578619],[135.24987818719157,35.00960065821528],[135.2506080109194,35.00925166759458],[135.24971885587865,35.008869452759726],[135.24861693886731,35.00789044511077],[135.24846339060457,35.00552020416656],[135.24778547018448,35.00465657035972],[135.24499705407595,35.00362756297854],[135.24482161807933,35.000979440108345],[135.24553070333212,34.99970181114631],[135.24575620552596,34.997815128936075],[135.24563048913114,34.9965070930608],[135.24587339277537,34.995439387218575],[135.24656460815146,34.99649132328159],[135.2477703108318,34.995119302198816],[135.24876799817335,34.994658018291965],[135.2505561818473,34.99453484213964],[135.24963758255296,34.992495925184066],[135.2480952766818,34.99293942885771],[135.24791823174522,34.99257250818404],[135.24664342087692,34.992591561339204],[135.2469618067693,34.99096450617748],[135.24514707452101,34.99120276411389],[135.24517921042352,34.9904980515402],[135.24421955471806,34.98937866594644],[135.24462158283674,34.98884681407819],[135.24620548312558,34.98828578320152],[135.2461136189929,34.98792793630358],[135.2449352558882,34.98769489365484],[135.24356348634007,34.98705073462681],[135.24331617591676,34.986325095219726],[135.24514972064148,34.984517799624854],[135.24369302966826,34.98394407831525],[135.2436743746188,34.98359709219579],[135.24109870342,34.982541503424436],[135.2416255534349,34.98166977681785],[135.24121433217337,34.979955392762164],[135.24158360811856,34.97989171013935],[135.2442413238343,34.98167755102906],[135.2450012761308,34.981134355653644],[135.24431963798813,34.980655235082025],[135.24408898275266,34.97902500400878],[135.24563489015904,34.97819701890482],[135.2480740293655,34.97857126439111],[135.24862924768237,34.97803345741516],[135.2501185421092,34.97736357066453],[135.25084097666513,34.97650798603097],[135.25029554374345,34.976142869952255],[135.24878482357735,34.976201902605276],[135.24760729107462,34.975900850017695],[135.2473409128756,34.975084928510036],[135.24607464157552,34.97541687501059],[135.24533662828543,34.97509578797321],[135.24542014442892,34.97317224070891],[135.24317852212775,34.97401974913158],[135.24227743552652,34.97385881852828],[135.2411370855577,34.97295096880612],[135.24134621380938,34.972032873896644],[135.2408977891477,34.97109441715398],[135.23951351729684,34.970375074733035],[135.24060354922742,34.969800488228834],[135.23959922107244,34.96862706979841],[135.2394744765608,34.96683260053015],[135.23874286219416,34.9674325382245],[135.23740907234748,34.966315999277874],[135.2378821583004,34.96568531883815],[135.23700748217703,34.96531815042315],[135.23640106237664,34.96556338453994],[135.23494794860994,34.96511409032675],[135.2335249395295,34.96349728276143],[135.23345286144706,34.96235196735373],[135.23415168506753,34.96207085291788],[135.23370428939057,34.961469765883486],[135.2338764255241,34.96037856632474],[135.2336353239148,34.95928916490835],[135.23425896146836,34.9589796622867],[135.23463787456765,34.958109545403715],[135.23650411053458,34.95881422676849],[135.23737036272658,34.95965064139338],[135.23785194025933,34.959631839065445],[135.23949577382982,34.960875916391295],[135.24130402587957,34.96188323859512],[135.2421386307286,34.96283733740425],[135.24332921791077,34.962421977300544],[135.24583312879466,34.9644631013147],[135.24695214946482,34.96354229414647],[135.24797563551974,34.96427160158114],[135.24958513838592,34.96373061446497],[135.25035254140928,34.96382489032915],[135.2517040348848,34.965577658075716],[135.25259074971268,34.967082576592816],[135.25365843153764,34.968188623181696],[135.25418211371246,34.96823464669443],[135.2547328169921,34.967409076243136],[135.25585550980904,34.96856496425538],[135.2545160740404,34.9692686445835],[135.2557871250157,34.969789705463974],[135.2563450579636,34.97052965137196],[135.2575410792701,34.97139832722247],[135.2583885650187,34.97273108797627],[135.25917265801536,34.972778904185546],[135.26065710801257,34.97220316293192],[135.26038500484884,34.97316374544721],[135.26166115890834,34.973902055805674],[135.26296609581814,34.97420313324815],[135.26472241101473,34.97418289834526],[135.26521497378815,34.97308103013935],[135.26626042628894,34.9741143148252],[135.2668680928851,34.97584050128917],[135.2683912092017,34.976828393014486],[135.26905217945207,34.97733155870415],[135.26908557067554,34.977453700150214],[135.26886390287626,34.97859039276156],[135.26882701672008,34.97872490879228],[135.26868268515872,34.97946260077502],[135.26980064643476,34.98196548183173],[135.27109044099626,34.982305172925884],[135.27216985712752,34.98186095649844],[135.27240052638703,34.98216629136482],[135.27252885764645,34.98222438362291],[135.2730900615597,34.982476093610764],[135.27318625093397,34.98251471394017],[135.2732882236748,34.98236293028829],[135.2734863853523,34.982249767220594],[135.2737648008484,34.98218851760598],[135.27377193921038,34.982109656822686],[135.27367987426564,34.98173613163346],[135.2739106993046,34.981688421539154],[135.27407220914588,34.981864426270995],[135.274343280545,34.981849220172315],[135.27458454338898,34.98201798580313],[135.2746971770705,34.98210246473004],[135.27508020518727,34.98211265536474],[135.2753248350708,34.98188095441315],[135.2754106528543,34.98171612484848],[135.2753595871054,34.98143425804266],[135.27548452013536,34.98120348829895],[135.27530048105774,34.98115238332565],[135.27482652515627,34.98086063605534],[135.27483132473967,34.98058481404779],[135.27550905613003,34.98055989264076],[135.27556919443316,34.98023772222142],[135.27567941460475,34.980112070296585],[135.27600717092338,34.98017522642363],[135.2763726919474,34.98004758515885],[135.27665134095594,34.97999949816064],[135.27681621342253,34.97977496506357],[135.2768466188341,34.97964345560111],[135.27700188721843,34.979268005599],[135.27695096115912,34.97900578707816],[135.27698963669386,34.978893861754976],[135.2772360633669,34.97881968574202],[135.27685248775032,34.978067645534466],[135.27639345057523,34.977941638477326],[135.27560019889037,34.97709862131946],[135.27530969678503,34.976619240290844],[135.27663620376595,34.97569823829453],[135.2774029102432,34.97583945325522],[135.27782975310845,34.97679060372426],[135.27915258016293,34.97764954179347],[135.27947029816195,34.978194266730924],[135.27822436681217,34.97867457751091],[135.27898508359195,34.97993671188195],[135.2794010254758,34.98113533663434],[135.28040229203845,34.98056107857056],[135.28076972169433,34.981267805181716],[135.28103610757032,34.98288119874917],[135.28199289900994,34.981862542618636],[135.28214579612,34.981735706218274],[135.28248493070322,34.98183516421556],[135.28262183056705,34.98301377805184],[135.2832737566137,34.98329465813914],[135.28379569150277,34.98443348461687],[135.28379440354576,34.98565557649388],[135.28320459567496,34.98623564926219],[135.28395820331522,34.986857352053725],[135.2838799142284,34.987851926214105],[135.2841820094582,34.98901034300276],[135.2844970981253,34.989159487978434],[135.28494427378652,34.989164071521046],[135.28525337923804,34.98895748260364],[135.28625522756997,34.9883605781817],[135.28760178068035,34.988239474626795],[135.28763666805182,34.988672655779304],[135.28752288221278,34.98914792561359],[135.28776296738394,34.98928504983892],[135.2883052157174,34.98891266866518],[135.28903896212404,34.98876793241958],[135.28943816915753,34.98977063749482],[135.29032098930196,34.98963288442966],[135.29016148118933,34.98873448527405],[135.29022995525668,34.98852964594135],[135.29090780997348,34.9888185856354],[135.29132237308596,34.988748613684635],[135.29156092559927,34.987937207307276],[135.29113159046295,34.98752376914212],[135.2902844132079,34.987376171834555],[135.28989313331505,34.9865107292952],[135.2919625351554,34.986019201398726],[135.29225855388077,34.98509555607765],[135.2917205247988,34.98436324200423],[135.2914407561209,34.98295470346017],[135.29206424252487,34.98273708316491],[135.29178294854933,34.9824694426467],[135.29156760721852,34.981898662426524],[135.29133403679754,34.981467045200425],[135.29145038489247,34.98094279618189],[135.29146592717655,34.98084450006815],[135.29120553473626,34.980666626795916],[135.29061494277647,34.980297342678234],[135.28968499894916,34.98017124099865],[135.2885953164609,34.97983906246608],[135.28942047915706,34.97858334651955],[135.28800430578687,34.97813345741859],[135.28620459595402,34.97883238656163],[135.2859031567997,34.9784185491955],[135.28627359575006,34.976943601733375],[135.28566879258275,34.97477383552932],[135.2842338870236,34.97396169784824],[135.2844888169933,34.972966553722685],[135.283933046388,34.97302000492028],[135.28307235352315,34.97202157241047],[135.2843673445589,34.97061409431009],[135.2833004324592,34.9704859121391],[135.28303737834543,34.970006968511996],[135.2816459188117,34.9708472755469],[135.28096720484933,34.9705434905687],[135.28106922607205,34.9697075831618],[135.2798862564886,34.9698493066455],[135.27912736377166,34.96945387762489],[135.2778246422449,34.96961278402926],[135.2770436563277,34.96928899747366],[135.2772535033718,34.96852753477205],[135.2792605171316,34.96845997184513],[135.27949610602897,34.96816008887505],[135.27871547578425,34.966646463362416],[135.28003642340536,34.965800470459506],[135.28242362557873,34.96524908630002],[135.28208023349777,34.964723300102655],[135.28029038245649,34.96433306126006],[135.27856224778466,34.96433113506371],[135.27783003471157,34.96358737366359],[135.28030717016435,34.96245487910821],[135.27869080086606,34.96236411899745],[135.276715031459,34.961832099031085],[135.27611953535705,34.9620561832952],[135.2747091444714,34.961379863008474],[135.27389965037344,34.959648455593126],[135.27297798180967,34.95913966468458],[135.27306059172847,34.95800706339927],[135.2723268177575,34.957716749686504],[135.27358382516525,34.95779419131924],[135.27338609131587,34.956915045603026],[135.27390305160665,34.956169375355536],[135.275187220443,34.95604348051375],[135.275499658564,34.95465048753291],[135.27658977767476,34.953150946207565],[135.2761756450979,34.95256519448213],[135.27764239112093,34.95214263140901],[135.27764771538267,34.95157819432567],[135.27838787754555,34.95113987142345],[135.27729146926595,34.950916357768165],[135.27770345027994,34.95018952144327],[135.27842695767788,34.95027543959579],[135.27897081211898,34.94930995575692],[135.27923091180818,34.94760559033005],[135.27751531043845,34.94822567647255],[135.27760266844982,34.947482845530075],[135.2767548521554,34.9463106475988],[135.2779135373057,34.94528925807256],[135.27620991400977,34.94518982376547],[135.27555205359823,34.94482730715881],[135.2770744994543,34.943478088460516],[135.27611724480266,34.94311050753591],[135.27603074363245,34.942241275455864],[135.27598026202818,34.941507333224415],[135.27729912157193,34.94170512837874],[135.27701360914364,34.94083758603161],[135.2780775902081,34.93984278814337],[135.27915963202514,34.94012438184003],[135.2800864284395,34.94145968833439],[135.28002173110445,34.941947116239355],[135.28148833200973,34.9418867994354],[135.28149361162147,34.94233001628358],[135.28247099754748,34.942751201856495],[135.28310402647853,34.9425989917319],[135.2830780991307,34.9416790154772],[135.282400049075,34.941293455279315],[135.28280908474977,34.940593820358444],[135.28291928798333,34.93820398627064],[135.28349141376336,34.937698438023574],[135.28750593282317,34.93854504403446],[135.2873037361277,34.939398777526705],[135.28896963817,34.93830177311613],[135.28950198459157,34.93762263011103],[135.28881930553393,34.937161503332604],[135.28843832561836,34.93620452800847],[135.28715430252055,34.935972769159164],[135.28617587815887,34.934561287082566],[135.28550244519732,34.93491784941785],[135.2846535374843,34.93458004288531],[135.2848133126198,34.93409397725185],[135.28380119404943,34.93398914095105],[135.28348292572977,34.93353209730021],[135.2823120873857,34.93357525688978],[135.28225867461,34.93195304959286],[135.2829060809107,34.93123809758607],[135.28244707878386,34.93093743892631],[135.2827139336495,34.93008122438978],[135.28355112507313,34.92945937155857],[135.28265566536638,34.92906197514365],[135.2828733073783,34.92783204265544],[135.2815906106871,34.92794881562443],[135.2819306579626,34.92724120072479],[135.28410587696297,34.92518377430445],[135.28409208510354,34.9247154088414],[135.28288587196283,34.92511238028198],[135.28201696765313,34.92466272709206],[135.2821939922983,34.92369334367958],[135.2829677272369,34.922728530302706],[135.2847351405769,34.92208589811293],[135.28586550220837,34.92289032954111],[135.28699456235043,34.9242518979775],[135.2873227403415,34.925741855109855],[135.2892642694897,34.92676299784408],[135.29110601076064,34.92683999408993],[135.29200338973808,34.92714462782261],[135.2928426337415,34.928307287815564],[135.29446263140704,34.92853366332607],[135.29621775174033,34.92781059664002],[135.2973391678606,34.9268798415995],[135.2989049508216,34.92599503547899],[135.30049652372605,34.924237574944016],[135.30086486329355,34.92322579542555],[135.30180170639602,34.92285324123094],[135.3026393798353,34.9219458168695],[135.30296664390943,34.92102140693895],[135.30399106307215,34.92164620620238],[135.30510063929995,34.92321006717624],[135.30561079150235,34.92355261630841],[135.3054070063257,34.925279031437285],[135.30574471512827,34.926135723581176],[135.30690399535501,34.92793832703982],[135.3076959312655,34.928677776786685],[135.3076092454574,34.92946702955812],[135.30846891419546,34.93051601753289],[135.3083150541815,34.93145976030317],[135.30895075023085,34.932101159095154],[135.30878579624198,34.93283012333382],[135.30764626642235,34.93311485150258],[135.30737354924713,34.933901510807175],[135.30804167372094,34.93426905109224],[135.3080455626832,34.93517504544498],[135.3074445309048,34.935903071861055],[135.3066950567438,34.93570830014008],[135.30251058858735,34.935257254878465],[135.30186138504965,34.93500643936533],[135.30238393222402,34.93318676935365],[135.30244815515903,34.93160337118949],[135.30313549988304,34.93152245517985],[135.30391780818098,34.93207650876482],[135.30501947121996,34.931865571472954],[135.30536994964316,34.93094265553187],[135.30365096901036,34.93057921055112],[135.30279387285597,34.929707218974706],[135.30365867917521,34.928701249520806],[135.30349254639665,34.92804980417973],[135.30421574597293,34.92735124764615],[135.30498179111805,34.92758787399409],[135.30441027873295,34.92622204368394],[135.3035315445948,34.925100857372904],[135.29939071638412,34.92748707808591],[135.29871715517214,34.92815661974294],[135.29870549657358,34.92983115002012],[135.29781731051605,34.92962137206199],[135.29726210250743,34.93009770382377],[135.29812731415333,34.931104956285004],[135.29751838284196,34.93135339765355],[135.29695194475997,34.932771119877366],[135.29608024454268,34.932255961995224],[135.29570279384723,34.931254821736594],[135.295128883708,34.9315235291372],[135.29474374988715,34.93284360604118],[135.29271446641442,34.934751694417564],[135.29365164580378,34.93489739995234],[135.2935551076975,34.93550713306774],[135.2941523792941,34.93576446699884],[135.2934289642236,34.93738370024673],[135.29283117553288,34.93714897639508],[135.2922928869191,34.937888252386784],[135.29395683394816,34.938617531087345],[135.29366346648305,34.9390843042145],[135.2955323621124,34.93890683728952],[135.29551204407028,34.93963406615915],[135.29353197371861,34.94236391351287],[135.2925663980264,34.94211540413652],[135.2916601119031,34.94312371944043],[135.29186991342564,34.94462880983028],[135.29231225034772,34.944840678842404],[135.29174653382356,34.94600490670705],[135.29002544135216,34.94550648143688],[135.29043518680464,34.94695972076641],[135.28971178424058,34.94740219726987],[135.28954719256043,34.948576568482686],[135.288996549169,34.94878351561199],[135.28846136165762,34.95043969382384],[135.2899266476913,34.94993983217926],[135.29129448868653,34.94891802449002],[135.29097631431873,34.95079187528745],[135.29126369279285,34.951406956227736],[135.2906988503267,34.952100522554225],[135.2911855485417,34.95240155545757],[135.29086297162888,34.95350879060848],[135.29123289634222,34.95389595878337],[135.29150111596562,34.95532545034415],[135.291429589586,34.95688044446198],[135.2908404447848,34.95743673572015],[135.29165170314465,34.95783894167445],[135.29177666684237,34.958791866468786],[135.29004952975959,34.95992173837841],[135.29166109172377,34.96024452694064],[135.29211447935995,34.960765544096716],[135.29119863283412,34.962086984242205],[135.29107400907532,34.96310948711785],[135.29351971024147,34.96284457878598],[135.2932326865464,34.96359814632468],[135.2939072246911,34.9638684481378],[135.29403262052526,34.96672163827757],[135.2937472283349,34.96836980254497],[135.29491219866705,34.96782033492408],[135.29631454535811,34.965327995899166],[135.2969516330406,34.96506524976971],[135.29647755004945,34.96422124400503],[135.2968735924411,34.96370632101572],[135.29813740668575,34.96387586011074],[135.29873053921918,34.96260448147582],[135.29867386820567,34.96178525864874],[135.2971656378569,34.96142167624033],[135.29766037504913,34.96054905137533],[135.29895259163806,34.959849593773114],[135.2978343759032,34.95972573746293],[135.29729454721246,34.959188600537466],[135.29601777420172,34.9592360618165],[135.29513952754417,34.958470180342864],[135.29540516629373,34.95728126873011],[135.29463096318798,34.956895980026104],[135.29515421778757,34.95628195209888],[135.29469595587906,34.95593606240935],[135.2945173111943,34.95419100176115],[135.29505096095406,34.95365534647306],[135.29476995493098,34.95276880537078],[135.29526124827706,34.95216665295747],[135.29594362076435,34.95301155885943],[135.29658642525015,34.95250010495806],[135.29722237207645,34.953681016913606],[135.29784680080894,34.95314265637874],[135.2989823585992,34.95325785507585],[135.30044028446804,34.95425135108141],[135.3013107247694,34.95338093064349],[135.29992294530618,34.95283140880707],[135.29902818920127,34.95128967299153],[135.299463808924,34.95075069275169],[135.29908928252925,34.94984209146372],[135.29953481635687,34.94954304177095],[135.29990020376817,34.94682080620292],[135.3006571660619,34.94375367980404],[135.30047842947377,34.942008636434615],[135.30070037320323,34.940721822428294],[135.3029962829663,34.9398623460589],[135.30428252025544,34.93880294483241],[135.3048528866097,34.939037262108705],[135.30579544738538,34.940552298774776],[135.3059671361409,34.93921045593959],[135.30648501459936,34.938426350797165],[135.30719582248838,34.93861819099293],[135.30848185100393,34.93725176579382],[135.3090752153396,34.937708772458144],[135.30888485275457,34.93896414619915],[135.3093583184598,34.940025866718784],[135.30904390470258,34.94118378345559],[135.30841667328355,34.94193398833363],[135.30868451792247,34.94356991637332],[135.30819375263752,34.94462213157079],[135.30861245578853,34.945455839266174],[135.30826480019584,34.94636669572429],[135.3061014104304,34.94799193408323],[135.30546495458506,34.948822134768285],[135.30303641156684,34.94920200210207],[135.30244367287028,34.950297903323644],[135.3023631540077,34.95131879478265],[135.30268403761693,34.95204823048379],[135.30347853100486,34.95246576973195],[135.3038437526939,34.95317477724788],[135.30492565597024,34.95422122566502],[135.30489555736972,34.9547939502985],[135.30393790064815,34.95661449068963],[135.3040182604386,34.95832024196942],[135.3043788061572,34.959948607348956],[135.30399025344192,34.960860056348125],[135.30512870390137,34.96181794412229],[135.30529316157185,34.962371153391615],[135.30470021144916,34.96314297356308],[135.3019300487493,34.96339660940678],[135.30171004480292,34.96492355792939],[135.30116640930135,34.96631286947945],[135.30002370306246,34.96706052302578],[135.29973112099285,34.96847170108672],[135.30033956038616,34.97000549432836],[135.299581406706,34.97141952867224],[135.29988251171903,34.97241976357041],[135.29828461422423,34.97375688127838],[135.29801785809622,34.97598237321237],[135.29989009982728,34.97643424756662],[135.2987459657218,34.97837178963222],[135.29945046877748,34.97993933276215],[135.30119979848118,34.98064956297085],[135.30166373383457,34.98238999366294],[135.30461166589035,34.983112622402174],[135.30547307535886,34.982735003598926],[135.30682768340955,34.983805558666745],[135.30983874379174,34.98378936018421],[135.31051160569118,34.98499959298784],[135.3092771491907,34.98581095220389],[135.30875341114228,34.98700730623653],[135.30784174011947,34.98768170532544],[135.30803577771565,34.988105083487554],[135.30640659225193,34.98914546155962],[135.30485740046905,34.98976643164042],[135.30382175370752,34.99198062293073],[135.30373735036824,34.9936495007085],[135.30301481140918,34.99508171709043],[135.30201498175174,34.995082034372786],[135.30059750146293,34.995474346334966],[135.30007467363748,34.99621663057822],[135.2991721546848,34.99639404165215],[135.2982831035641,34.99706402562572],[135.29688090787957,34.997144062817874],[135.29596525011155,34.99684338411678],[135.29366465325973,34.9966924998218],[135.29343795842263,34.99639992455561],[135.2921529612856,34.99684336042003],[135.28962966042351,34.99674219351093],[135.28922399014715,34.99622447091593],[135.28744830125606,34.997465129784025],[135.28602597557352,34.997671548720156],[135.28594769514123,34.99857831286321],[135.28484865709106,34.999101546407864],[135.2851694137706,34.99974530659251],[135.28612245051565,35.00020028340991],[135.28740336081412,35.00026843588306],[135.28822552562238,35.001585714200075],[135.287838722113,35.002255822261844],[135.28778452981467,35.00404453108985],[135.28835184953016,35.00504430523981],[135.2881518081782,35.00562744720596],[135.28893490051618,35.00685312718115],[135.2891271652395,35.007895576643236],[135.28992421961775,35.008793311206695],[135.28921357083271,35.0099879693064],[135.28751480247607,35.010672595200184],[135.28777475105065,35.011536058334244]]]},"properties":{"KEY_CODE":"282194140","PREF":"28","CITY":"219","CITY_NAME":"三田市","S_NAME":"小柿","SETAI":"200"}},{"type":"Feature","geometry":{"type":"Polygon","coordinates":[[[135.16465913353252,34.96557209547098],[135.1635726372014,34.96436773456526],[135.16273989913063,34.96427355155875],[135.1611754958199,34.96636573528418],[135.16001400970688,34.96519487784285],[135.15922469454597,34.964799779035474],[135.15902219651002,34.96400678561131],[135.1577355825118,34.963694979862545],[135.15668559089013,34.96266417257667],[135.1569205899013,34.961348454654484],[135.1559486530652,34.96116381103779],[135.15542028513016,34.96262363048655],[135.15276482309028,34.963217633381845],[135.15263938497992,34.96267406320914],[135.15161154786887,34.96308819238596],[135.15124617930002,34.962202679354746],[135.15013150550496,34.96159975225809],[135.1497360351147,34.96074725922895],[135.14892077396752,34.959545922037705],[135.14947497358162,34.95852423564832],[135.14847398614663,34.95819928146069],[135.14808263647157,34.95716243632964],[135.1474081886732,34.956803666253435],[135.14844529399363,34.956510798942254],[135.14810304851227,34.9561135413829],[135.14695700397723,34.95639326549967],[135.14714246983758,34.95455938528362],[135.14760529871867,34.954773571307285],[135.14839143808217,34.954112490449745],[135.1490134531483,34.952197922282885],[135.15044049039923,34.95153257525658],[135.15031332255424,34.95006504175406],[135.15135625928963,34.95084929729212],[135.15205562665503,34.94974680832395],[135.15403313534134,34.95086690347028],[135.15498500094012,34.94990531108274],[135.15570275662031,34.94973068244545],[135.1565102875157,34.94971524162457],[135.15729837413565,34.95157284279441],[135.15905230432602,34.95145782145586],[135.1595480480693,34.950886691846975],[135.16103466819501,34.950568770559435],[135.16134957041436,34.95176225838261],[135.16278677633017,34.9513188683984],[135.16392665941035,34.95237362326625],[135.16416911492144,34.95309721961614],[135.16693452415564,34.95361525930463],[135.16623141105742,34.95444110144389],[135.1657455557958,34.95437308134291],[135.16488472920307,34.95545634968103],[135.16460852052055,34.954847282886725],[135.16366698326803,34.95512414486812],[135.16455476828986,34.95703313254096],[135.16556808383538,34.95759941266006],[135.16555346595027,34.957001026947374],[135.1664527622255,34.95712861669839],[135.16705129892793,34.957955410683724],[135.166667045541,34.95956496431421],[135.16623742702023,34.961611896665886],[135.16599230751083,34.964437245696836],[135.16633875950845,34.964857299965054],[135.16465913353252,34.96557209547098]]]},"properties":{"KEY_CODE":"28219501001","PREF":"28","CITY":"219","CITY_NAME":"三田市","S_NAME":"藍本","SETAI":"0"}},{"type":"Feature","geometry":{"type":"Polygon","coordinates":[[[135.15890583784181,34.98915500721786],[135.15778336314915,34.9877395281071],[135.15612591086347,34.98897912939314],[135.15208421671858,34.98897580873004],[135.1508088403854,34.98852218105464],[135.1501009838289,34.988660652006565],[135.14974045052912,34.989563130563916],[135.14890460097945,34.99021325867095],[135.1482661510626,34.99139717513621],[135.14600388201117,34.99201428322491],[135.14571181011385,34.992368849483285],[135.14349511516755,34.99237133842552],[135.1419829305532,34.991882771833325],[135.1407288119475,34.990589697294716],[135.13951091320365,34.98996528960638],[135.1396369248733,34.98849902578495],[135.13884736285476,34.986351567994966],[135.13924039450802,34.984992908853776],[135.13889348324304,34.98427768621883],[135.1394024417974,34.983118553435546],[135.1396989787731,34.982034627250066],[135.1393396602382,34.981562671945454],[135.13907624356494,34.979563791391406],[135.13831352020628,34.978632359100175],[135.13926667520724,34.97789629926108],[135.13981474463978,34.97653067408542],[135.13973996855282,34.9756858241082],[135.14116822600215,34.97517780829009],[135.14063666468465,34.973709670009285],[135.1405675113595,34.972688572205925],[135.14007956222883,34.97189512537393],[135.13982766487797,34.97031583054082],[135.13937393389827,34.96924861224153],[135.1380837508777,34.967998317658825],[135.1371662943131,34.96785239820815],[135.1362653849753,34.96712251511285],[135.1359151429855,34.96605460320907],[135.13753826114316,34.96415775146084],[135.1375324175954,34.96356006726281],[135.13688370615844,34.96299219825556],[135.1367455711187,34.96069109734234],[135.13798856887573,34.960796405919716],[135.13838465059604,34.95959839952704],[135.13912270113678,34.959489555697914],[135.1396970789072,34.96036511650877],[135.13909070542692,34.961647063209604],[135.14058567382804,34.96206753167804],[135.14093273296677,34.96258055019579],[135.14048431205035,34.96372545378409],[135.1415920435961,34.96358878820992],[135.14171017701227,34.964466949310236],[135.14438969031877,34.96528080099648],[135.14590457685912,34.96545641010519],[135.14390141047832,34.96696117062471],[135.14592860761843,34.96834805335131],[135.14696245062305,34.96992241218418],[135.14719146830146,34.970844904518785],[135.14707564697682,34.97551340223171],[135.14727502731972,34.97694092504384],[135.14791749224258,34.979294296385106],[135.1488659476317,34.98098845464429],[135.15059102917832,34.98337740873765],[135.15196153500804,34.98676417772159],[135.15321183257012,34.988127617519886],[135.15451408045146,34.98823016085584],[135.15577183142585,34.987827797632015],[135.15761369869983,34.98641144069615],[135.1588659087643,34.98713976403748],[135.1593106674039,34.98795220628477],[135.15890583784181,34.98915500721786]]]},"properties":{"KEY_CODE":"28219501001","PREF":"28","CITY":"219","CITY_NAME":"三田市","S_NAME":"藍本","SETAI":"0"}},{"type":"Feature","geometry":{"type":"Polygon","coordinates":[[[135.17875374922943,35.00879811699243],[135.17625961427828,35.00881319252586],[135.1754509697494,35.00907643941648],[135.17513408278072,35.00676086927296],[135.17532599858373,35.00573540566574],[135.17502569699369,35.00396770042196],[135.17535247883873,35.003074470457115],[135.17471134442067,35.00084417454367],[135.17560998840938,34.999457631408546],[135.17669655753656,34.998730574074585],[135.17695166407032,34.99800325981823],[135.17556451168426,34.99728382107274],[135.17451186234416,34.996416891532405],[135.1728499274941,34.9961140146113],[135.17253520128884,34.996319452120694],[135.17043311690156,34.99558058798839],[135.16939768316468,34.99730558511068],[135.16782848343354,35.00040119383673],[135.16642946293055,35.0012084065144],[135.16611328514574,35.00059127758181],[135.16516607989786,35.00000737092331],[135.164324214533,34.99832222377101],[135.16460150874997,34.99763783588045],[135.16419187199534,34.99583478450915],[135.164136960222,34.9934020355828],[135.16368485857677,34.9931578725127],[135.16169135234748,34.990924511262655],[135.15980748302846,34.98957516125716],[135.15890583784181,34.98915500721786],[135.1593106674039,34.98795220628477],[135.1588659087643,34.98713976403748],[135.15761369869983,34.98641144069615],[135.15577183142585,34.987827797632015],[135.15451408045146,34.98823016085584],[135.15321183257012,34.988127617519886],[135.15196153500804,34.98676417772159],[135.15059102917832,34.98337740873765],[135.15208889394967,34.98265427705392],[135.1534693132437,34.9828210832555],[135.15511406796122,34.980832072837],[135.157540428852,34.97851503123859],[135.1562244144418,34.9815711436037],[135.15634303844382,34.98252248636654],[135.15757054316765,34.980861418359645],[135.15904863371904,34.98025860828562],[135.15950147874904,34.97971660766799],[135.16063959387333,34.98003219525256],[135.16060264543984,34.98069716881142],[135.16189477264575,34.98113746785793],[135.16280280236504,34.982442656790795],[135.1628423846114,34.98420292475391],[135.1624984170614,34.98566459295999],[135.16386047182507,34.986113953441716],[135.1645531747818,34.98693399503944],[135.16585904264738,34.987222922364055],[135.16819380448058,34.989932485566726],[135.17155093188288,34.99332716858632],[135.17341859081776,34.994069371601526],[135.17588027733203,34.99468492600086],[135.17818145870285,34.99656704151189],[135.17869676518106,34.998441150774056],[135.17850148813758,35.001157112689526],[135.17793513631517,35.0025452344674],[135.17782031972976,35.00505622740748],[135.1783783754059,35.00658845665125],[135.17875374922943,35.00879811699243]]]},"properties":{"KEY_CODE":"28219501002","PREF":"28","CITY":"219","CITY_NAME":"三田市","S_NAME":"藍本","SETAI":"45"}},{"type":"Feature","geometry":{"type":"Polygon","coordinates":[[[135.157540428852,34.97851503123859],[135.15511406796122,34.980832072837],[135.1534693132437,34.9828210832555],[135.15208889394967,34.98265427705392],[135.15059102917832,34.98337740873765],[135.1488659476317,34.98098845464429],[135.14791749224258,34.979294296385106],[135.14727502731972,34.97694092504384],[135.14707564697682,34.97551340223171],[135.14719146830146,34.970844904518785],[135.14696245062305,34.96992241218418],[135.14592860761843,34.96834805335131],[135.14390141047832,34.96696117062471],[135.14590457685912,34.96545641010519],[135.14668363680028,34.96626381060685],[135.14766513393536,34.96563712261463],[135.14936651831982,34.96696099529329],[135.1498038595423,34.96641780470556],[135.15047954702192,34.967684090359484],[135.1515387430271,34.967534643167724],[135.15357332803492,34.96897298847677],[135.1540768858955,34.9689117041436],[135.15721575137235,34.970847306223305],[135.15828697670221,34.9711860716028],[135.15788837040228,34.97231162016491],[135.1579902800892,34.97301183884151],[135.1589652548193,34.97439507858115],[135.1591760395046,34.97520886471724],[135.15897012453107,34.97633578424704],[135.157540428852,34.97851503123859]]]},"properties":{"KEY_CODE":"28219501003","PREF":"28","CITY":"219","CITY_NAME":"三田市","S_NAME":"藍本","SETAI":"57"}},{"type":"Feature","geometry":{"type":"Polygon","coordinates":[[[135.15902219651002,34.96400678561131],[135.15695559351045,34.96710816734367],[135.1540768858955,34.9689117041436],[135.15357332803492,34.96897298847677],[135.1515387430271,34.967534643167724],[135.15047954702192,34.967684090359484],[135.1498038595423,34.96641780470556],[135.14936651831982,34.96696099529329],[135.14766513393536,34.96563712261463],[135.14668363680028,34.96626381060685],[135.14590457685912,34.96545641010519],[135.14438969031877,34.96528080099648],[135.14171017701227,34.964466949310236],[135.1415920435961,34.96358878820992],[135.14048431205035,34.96372545378409],[135.14093273296677,34.96258055019579],[135.14231151897027,34.961448753624644],[135.14344001342477,34.96246040976342],[135.14406824057895,34.96228254432623],[135.14400017342194,34.96116550723492],[135.14403159950686,34.96115100001858],[135.1449469481029,34.96126314074286],[135.14736564521286,34.96091841642002],[135.1497360351147,34.96074725922895],[135.15013150550496,34.96159975225809],[135.15124617930002,34.962202679354746],[135.15161154786887,34.96308819238596],[135.15263938497992,34.96267406320914],[135.15276482309028,34.963217633381845],[135.15542028513016,34.96262363048655],[135.1559486530652,34.96116381103779],[135.1569205899013,34.961348454654484],[135.15668559089013,34.96266417257667],[135.1577355825118,34.963694979862545],[135.15902219651002,34.96400678561131]]]},"properties":{"KEY_CODE":"28219501004","PREF":"28","CITY":"219","CITY_NAME":"三田市","S_NAME":"藍本","SETAI":"118"}},{"type":"Feature","geometry":{"type":"Polygon","coordinates":[[[135.1692583150151,34.96891155827397],[135.16932747115246,34.970587053930835],[135.16810783154153,34.97132353656667],[135.16867639455927,34.9722361076613],[135.16780255805887,34.97394993737309],[135.16773271655399,34.974671884856036],[135.168588122287,34.97559508537293],[135.1678112451066,34.97541161569716],[135.16513617333334,34.973576317663486],[135.16346714829376,34.97318426635452],[135.16170704185976,34.97301445257758],[135.1607564137312,34.97190224877623],[135.15828697670221,34.9711860716028],[135.15721575137235,34.970847306223305],[135.1540768858955,34.9689117041436],[135.15695559351045,34.96710816734367],[135.15902219651002,34.96400678561131],[135.15922469454597,34.964799779035474],[135.16001400970688,34.96519487784285],[135.1611754958199,34.96636573528418],[135.16273989913063,34.96427355155875],[135.1635726372014,34.96436773456526],[135.16465913353252,34.96557209547098],[135.1653475586974,34.96580064145719],[135.16544465118432,34.96694070119447],[135.1636542865126,34.96753039419642],[135.16292728584128,34.96838029133664],[135.1634020827702,34.9688946251305],[135.16520135941275,34.96916493669908],[135.16471878638825,34.96989562451313],[135.16587032128405,34.97012049703229],[135.16654654277588,34.96932720354423],[135.167093680244,34.96929534489717],[135.16792650371846,34.97044443039852],[135.1683173723389,34.9701882707812],[135.16813734044956,34.96930225752327],[135.1692583150151,34.96891155827397]]]},"properties":{"KEY_CODE":"28219501005","PREF":"28","CITY":"219","CITY_NAME":"三田市","S_NAME":"藍本","SETAI":"93"}},{"type":"Feature","geometry":{"type":"Polygon","coordinates":[[[135.1824495671365,34.979083528959464],[135.18238362431723,34.97986575333794],[135.17880453733227,34.979030807659505],[135.17828406418053,34.979348917707135],[135.17754972356659,34.97876400562995],[135.17643079811705,34.97900706219216],[135.17550507205857,34.97875716686677],[135.1745227035715,34.97973579326314],[135.17400885325182,34.97968303159386],[135.1734502714348,34.97860246318863],[135.17185634663622,34.97833196562788],[135.17115531856146,34.97854972105557],[135.17050492844314,34.97737299244076],[135.1691188831079,34.976421705180414],[135.168588122287,34.97559508537293],[135.16773271655399,34.974671884856036],[135.16780255805887,34.97394993737309],[135.16867639455927,34.9722361076613],[135.16810783154153,34.97132353656667],[135.16932747115246,34.970587053930835],[135.1692583150151,34.96891155827397],[135.17058480517588,34.96857422685832],[135.17113956172932,34.967612728420534],[135.17188831815386,34.96890321054564],[135.1727788496268,34.96899564319099],[135.17325008657437,34.96990771354315],[135.17446398688344,34.96982885569579],[135.1738737363939,34.970663861750666],[135.1744141581266,34.97164588142679],[135.17330591320288,34.97201973752392],[135.17294669732368,34.97286018304959],[135.17327289504632,34.97464642882331],[135.17440766620004,34.97518779834288],[135.17836551259222,34.9751758807846],[135.18091632868612,34.975663106548936],[135.1819429725264,34.976364807229295],[135.1826392520257,34.97751813846483],[135.18299356596484,34.9783604104599],[135.1824495671365,34.979083528959464]]]},"properties":{"KEY_CODE":"28219501006","PREF":"28","CITY":"219","CITY_NAME":"三田市","S_NAME":"藍本","SETAI":"39"}},{"type":"Feature","geometry":{"type":"Polygon","coordinates":[[[135.1449469481029,34.96126314074286],[135.14403159950686,34.96115100001858],[135.14457768163655,34.9589327200645],[135.1457044052032,34.958708058804824],[135.14567732318739,34.957757941909826],[135.14625883299254,34.959185521640265],[135.14536172599335,34.959706355492024],[135.1449469481029,34.96126314074286]]]},"properties":{"KEY_CODE":"28219501007","PREF":"28","CITY":"219","CITY_NAME":"三田市","S_NAME":"藍本","SETAI":"69"}},{"type":"Feature","geometry":{"type":"Polygon","coordinates":[[[135.14231151897027,34.961448753624644],[135.14093273296677,34.96258055019579],[135.14058567382804,34.96206753167804],[135.13909070542692,34.961647063209604],[135.1396970789072,34.96036511650877],[135.14049800126642,34.960028432472974],[135.14231151897027,34.961448753624644]]]},"properties":{"KEY_CODE":"28219501007","PREF":"28","CITY":"219","CITY_NAME":"三田市","S_NAME":"藍本","SETAI":"0"}},{"type":"Feature","geometry":{"type":"Polygon","coordinates":[[[135.13838465059604,34.95959839952704],[135.13798856887573,34.960796405919716],[135.1367455711187,34.96069109734234],[135.13688370615844,34.96299219825556],[135.1375324175954,34.96356006726281],[135.13753826114316,34.96415775146084],[135.1359151429855,34.96605460320907],[135.1333265493248,34.96459093368671],[135.13281790795602,34.96341596062464],[135.131539361444,34.96196054269409],[135.13095942910954,34.96016069412999],[135.1304973349523,34.959898640727616],[135.13133936785567,34.959440530983436],[135.13290578519718,34.959519094294365],[135.13377553359044,34.9573577598256],[135.13516459807968,34.95586706158017],[135.136271779487,34.95500044952202],[135.1379196368904,34.953293131503955],[135.13986710516212,34.95058256502165],[135.1422476154804,34.9520959179357],[135.14352689200032,34.95219626882371],[135.14502332559871,34.952786662448624],[135.1447385377935,34.953164712959655],[135.14658117619766,34.95430213565959],[135.14518353780832,34.95647182799301],[135.14457768163655,34.9589327200645],[135.14403159950686,34.96115100001858],[135.14400017342194,34.96116550723492],[135.14340573326336,34.96024706383761],[135.1428332306363,34.9602620064185],[135.14002324909785,34.95874894048409],[135.1382448489766,34.958259001424],[135.13838465059604,34.95959839952704]]]},"properties":{"KEY_CODE":"28219502001","PREF":"28","CITY":"219","CITY_NAME":"三田市","S_NAME":"西相野","SETAI":"167"}},{"type":"Feature","geometry":{"type":"Polygon","coordinates":[[[135.14714246983758,34.95455938528362],[135.14695700397723,34.95639326549967],[135.14810304851227,34.9561135413829],[135.14844529399363,34.956510798942254],[135.1474081886732,34.956803666253435],[135.14808263647157,34.95716243632964],[135.14847398614663,34.95819928146069],[135.14947497358162,34.95852423564832],[135.14892077396752,34.959545922037705],[135.1497360351147,34.96074725922895],[135.14736564521286,34.96091841642002],[135.1449469481029,34.96126314074286],[135.14536172599335,34.959706355492024],[135.14625883299254,34.959185521640265],[135.14567732318739,34.957757941909826],[135.1457044052032,34.958708058804824],[135.14457768163655,34.9589327200645],[135.14518353780832,34.95647182799301],[135.14658117619766,34.95430213565959],[135.14714246983758,34.95455938528362]]]},"properties":{"KEY_CODE":"28219502002","PREF":"28","CITY":"219","CITY_NAME":"三田市","S_NAME":"西相野","SETAI":"92"}},{"type":"Feature","geometry":{"type":"Polygon","coordinates":[[[135.14400017342194,34.96116550723492],[135.14406824057895,34.96228254432623],[135.14344001342477,34.96246040976342],[135.14231151897027,34.961448753624644],[135.14049800126642,34.960028432472974],[135.1396970789072,34.96036511650877],[135.13912270113678,34.959489555697914],[135.13838465059604,34.95959839952704],[135.1382448489766,34.958259001424],[135.14002324909785,34.95874894048409],[135.1428332306363,34.9602620064185],[135.14340573326336,34.96024706383761],[135.14400017342194,34.96116550723492]]]},"properties":{"KEY_CODE":"28219502002","PREF":"28","CITY":"219","CITY_NAME":"三田市","S_NAME":"西相野","SETAI":"0"}},{"type":"Feature","geometry":{"type":"Polygon","coordinates":[[[135.15570275662031,34.94973068244545],[135.15498500094012,34.94990531108274],[135.15403313534134,34.95086690347028],[135.15205562665503,34.94974680832395],[135.15135625928963,34.95084929729212],[135.15031332255424,34.95006504175406],[135.15044049039923,34.95153257525658],[135.1490134531483,34.952197922282885],[135.14839143808217,34.954112490449745],[135.14760529871867,34.954773571307285],[135.14714246983758,34.95455938528362],[135.14658117619766,34.95430213565959],[135.1447385377935,34.953164712959655],[135.14502332559871,34.952786662448624],[135.14352689200032,34.95219626882371],[135.1422476154804,34.9520959179357],[135.13986710516212,34.95058256502165],[135.14195285931552,34.948066222161806],[135.14492645555796,34.94581678174588],[135.14793921990244,34.94437039395003],[135.15050041212297,34.943336742924025],[135.15202093868947,34.94395870430319],[135.15403599386627,34.94735282483514],[135.15335076893297,34.94846220515544],[135.15477190258852,34.9480203076358],[135.15570275662031,34.94973068244545]]]},"properties":{"KEY_CODE":"282195030","PREF":"28","CITY":"219","CITY_NAME":"三田市","S_NAME":"上相野","SETAI":"65"}},{"type":"Feature","geometry":{"type":"Polygon","coordinates":[[[135.16485581543554,34.9423920446463],[135.16391268116845,34.94312287663083],[135.16133672125434,34.945616310476794],[135.1605638158017,34.94611841690097],[135.15477190258852,34.9480203076358],[135.15335076893297,34.94846220515544],[135.15403599386627,34.94735282483514],[135.15202093868947,34.94395870430319],[135.15050041212297,34.943336742924025],[135.14793921990244,34.94437039395003],[135.14568819471637,34.94355917609109],[135.14542548981913,34.943000894749275],[135.1472831269211,34.94107127790999],[135.1473604651107,34.940072536480585],[135.14802108261532,34.93844571510261],[135.14771917631936,34.937210202939525],[135.14832515866473,34.936966137682475],[135.15130570128758,34.93693475160184],[135.152410327151,34.93582827611204],[135.15294437679228,34.93445220150454],[135.15346747899898,34.93433335633975],[135.1561674529724,34.934653003661424],[135.15872271984634,34.934705961410366],[135.15884497666025,34.932273069438594],[135.16000681097307,34.93193538563469],[135.1615141057658,34.93230272261871],[135.16229843272075,34.93194525395535],[135.1633581880451,34.93261316965056],[135.16400609439575,34.92994016441454],[135.16468233497508,34.93077076332558],[135.16549712396213,34.93115368659054],[135.16731823757476,34.93303865652169],[135.16656248588686,34.934824885021854],[135.16865638602405,34.936243790275604],[135.16967757925693,34.93658316331756],[135.17083460251624,34.937611404948065],[135.17066470119386,34.93653118104504],[135.17130729416212,34.93610300019252],[135.1716038938633,34.936458671376236],[135.17195624186647,34.936937967224935],[135.1720145679867,34.937482803147844],[135.17119282506383,34.93776916350787],[135.17043507642182,34.93787394691045],[135.1702528014551,34.93811429167519],[135.17026304852627,34.93825542625077],[135.17064974728444,34.938647650699494],[135.1706190798156,34.93887787063522],[135.17006743134974,34.93956267378576],[135.17003497651723,34.93967599968905],[135.17002997631792,34.939773010330356],[135.16542564928093,34.94206123869693],[135.16485581543554,34.9423920446463]]]},"properties":{"KEY_CODE":"282195040","PREF":"28","CITY":"219","CITY_NAME":"三田市","S_NAME":"下相野","SETAI":"150"}},{"type":"Feature","geometry":{"type":"Polygon","coordinates":[[[135.1304973349523,34.959898640727616],[135.12900608552107,34.957606481766625],[135.12745297135805,34.95677468877346],[135.12671530520828,34.95578661502424],[135.12520274516535,34.95569578604946],[135.1235504219567,34.954946989140936],[135.12164529212663,34.95564579082195],[135.12202759729192,34.957844260930884],[135.12150708448283,34.95906866935028],[135.120372393403,34.960271077920915],[135.11950852648175,34.96074095125921],[135.11866342465578,34.95585653553114],[135.11838380807038,34.95483608454127],[135.11646547414122,34.95463413647185],[135.11665402592914,34.95362114735533],[135.1184020674987,34.951795204559005],[135.11982233350577,34.95258429488506],[135.120674844839,34.95190326399481],[135.121076921391,34.95203410955625],[135.1218496461326,34.9510002516296],[135.12077995180923,34.94857579600714],[135.1193130118839,34.94757783201661],[135.11876184930088,34.94653158452446],[135.11885918338155,34.94507461554626],[135.11688598703634,34.94498863504353],[135.11684837200966,34.94354835802616],[135.1149450327857,34.94354654852588],[135.11489074614303,34.944994675490605],[135.11566547057222,34.94594696509503],[135.11481005421987,34.94783923358222],[135.11359971482557,34.94818319685957],[135.11199157333172,34.94785272997329],[135.11089401472844,34.94813995244001],[135.10872511267587,34.94911746915784],[135.10810420032166,34.949058605922005],[135.106621030475,34.949661009165396],[135.10526301886983,34.94971267421048],[135.10349571410833,34.94927947209376],[135.10261536023108,34.949418371976655],[135.10195469660042,34.94995584936505],[135.10049989627237,34.95184404000159],[135.0999561632678,34.95136833443698],[135.10000519573583,34.95022530093549],[135.09992803922717,34.94962882468733],[135.0998590071495,34.94938972818046],[135.0996827329474,34.94904185952012],[135.0999254102153,34.949017227824314],[135.10028137225504,34.949051605229364],[135.1013892727696,34.9486785124093],[135.10286201289017,34.94809258311867],[135.10374752628917,34.947711718228],[135.10327172338577,34.94674462756083],[135.1021673006049,34.9457129211087],[135.1020618442965,34.945127891267255],[135.1023898950967,34.94455842630997],[135.10245454146116,34.94433827338541],[135.10239372518814,34.94378049719716],[135.10258955377887,34.94333075416413],[135.1027656600647,34.94255630909793],[135.10296097115548,34.94205163270991],[135.10297002710732,34.94183197254119],[135.10304047032156,34.941053618539684],[135.1038479930723,34.94065492453683],[135.10401165886765,34.940333564899824],[135.10412897818867,34.93921170206316],[135.10396809869965,34.93864526412101],[135.1037257143199,34.93768591918321],[135.10379866840856,34.937550015912564],[135.10443861500153,34.93643158860845],[135.10629434547323,34.931958559664984],[135.10719409162442,34.929573272005534],[135.11006728525777,34.929669235885314],[135.11116310017087,34.929213789492444],[135.11229554126146,34.927943554833845],[135.1130612359635,34.92783800038492],[135.11576712352465,34.92843372887849],[135.117601882122,34.928577563168815],[135.118693041584,34.929240747717444],[135.12175951601532,34.9293987401707],[135.12268042658891,34.931196165530366],[135.12357970913925,34.931834576303494],[135.12455292899458,34.93344395047174],[135.12668814909074,34.93449526616475],[135.12869834035155,34.93504715491006],[135.12911084461035,34.9350248115832],[135.13165544693962,34.93624118377464],[135.13236163118074,34.93687696748762],[135.1344645873713,34.93786422509788],[135.13679092942556,34.938294738990464],[135.13753826464588,34.93874316184982],[135.1381852332632,34.93846140962553],[135.13915863563355,34.938955374822164],[135.1401036435941,34.939003568946106],[135.14032723532128,34.9400251925464],[135.1399718916148,34.9412115746556],[135.14221860732434,34.94240289427802],[135.14450197571827,34.943029301995274],[135.14542548981913,34.943000894749275],[135.14568819471637,34.94355917609109],[135.14793921990244,34.94437039395003],[135.14492645555796,34.94581678174588],[135.14195285931552,34.948066222161806],[135.13986710516212,34.95058256502165],[135.1379196368904,34.953293131503955],[135.136271779487,34.95500044952202],[135.13516459807968,34.95586706158017],[135.13377553359044,34.9573577598256],[135.13290578519718,34.959519094294365],[135.13133936785567,34.959440530983436],[135.1304973349523,34.959898640727616]],[[135.12919638650106,34.94148709021426],[135.12779353393032,34.94108530628484],[135.12710708998975,34.94119071452347],[135.12677665881128,34.94188590028824],[135.12569877108575,34.94217119872976],[135.1251245421729,34.94185230051583],[135.12407842667537,34.94266630902735],[135.12278059136673,34.9420495349765],[135.12226519778662,34.9422805120325],[135.122736513864,34.94318494786125],[135.12251668203993,34.94388567958665],[135.1231966191374,34.94449661108672],[135.12227181033631,34.94453523032666],[135.1230340576111,34.94572715234361],[135.12528156997277,34.94648138577716],[135.12595365199743,34.94763914193506],[135.12625609257185,34.94812544871624],[135.1283259576294,34.94906579471092],[135.12912345671464,34.950166717198265],[135.1300091413647,34.95062988768219],[135.13143042058502,34.949055143637594],[135.1326557176141,34.94860838387145],[135.13355681249192,34.94861646272142],[135.1344083191351,34.949056515360546],[135.134709246048,34.949698382887156],[135.1355003126767,34.950043119195506],[135.13618903030053,34.94948099512507],[135.13765224957723,34.95017587895324],[135.1397212847801,34.950523810593964],[135.14076718860576,34.949197343343926],[135.13830418562455,34.947188324633544],[135.13842451270125,34.94657565455187],[135.1372665934279,34.94593967395948],[135.1359804467283,34.94523867422597],[135.1350796124632,34.94525390853269],[135.13418279810293,34.94397097853429],[135.13327312318862,34.94247085093192],[135.13215158438928,34.941344391226814],[135.13199442289536,34.94207795455866],[135.12983431862972,34.94224376030679],[135.12919638650106,34.94148709021426]]]},"properties":{"KEY_CODE":"28219505001","PREF":"28","CITY":"219","CITY_NAME":"三田市","S_NAME":"大川瀬","SETAI":"88"}},{"type":"Feature","geometry":{"type":"Polygon","coordinates":[[[135.11950852648175,34.96074095125921],[135.1181672179516,34.96216143887762],[135.1165846680562,34.962903836488906],[135.1158223387835,34.96456519756338],[135.11420019123145,34.96465799179878],[135.11306623747564,34.963809541200774],[135.11069675510095,34.96270836320664],[135.10930584276267,34.96256170144694],[135.1087631832758,34.961595111319426],[135.1055789936308,34.96046693892474],[135.1035014297312,34.95940026097142],[135.10229040141178,34.95946279587066],[135.10114349490289,34.958166496366445],[135.09898634499916,34.95893016780091],[135.09819020773352,34.95902159812466],[135.0951018079855,34.9628188422882],[135.0940227820581,34.96329296437886],[135.09289528057158,34.96420720154785],[135.09317933421295,34.96166622697861],[135.0930641086591,34.96129614412425],[135.0929116660729,34.96081410013561],[135.09266606656814,34.960053813528766],[135.09259398550603,34.95906622628682],[135.09250561597236,34.958185509497355],[135.09256815758337,34.9574739327315],[135.09318121509048,34.955854823390716],[135.0932010823471,34.955598481256516],[135.09325430927115,34.95534185930748],[135.09337399433568,34.95506658030828],[135.09371097916954,34.95424996595117],[135.09375401433655,34.95409412010072],[135.09403012181644,34.95390019114831],[135.0948003011895,34.953053387667204],[135.09496109576904,34.95252690481133],[135.0950876433935,34.95228263587494],[135.0958335569374,34.95122108705736],[135.09629924149039,34.94990035418144],[135.09629592635872,34.94954336649988],[135.09700528088493,34.949337618023826],[135.0996827329474,34.94904185952012],[135.0998590071495,34.94938972818046],[135.09992803922717,34.94962882468733],[135.10000519573583,34.95022530093549],[135.0999561632678,34.95136833443698],[135.10049989627237,34.95184404000159],[135.10072218158302,34.95264772174428],[135.10568141437497,34.95306581635048],[135.10478464574953,34.953966580247965],[135.10512852591847,34.95454338424192],[135.10647516174046,34.95464624635319],[135.10813130627247,34.95431688090571],[135.1086306207772,34.95383958269499],[135.1084703264037,34.952869252704325],[135.1104800596915,34.95283118469598],[135.1114033416526,34.95336382560796],[135.1117087417042,34.95445193656204],[135.1133530766281,34.95594328404368],[135.11504372870377,34.956622777813074],[135.11866342465578,34.95585653553114],[135.11950852648175,34.96074095125921]]]},"properties":{"KEY_CODE":"28219505002","PREF":"28","CITY":"219","CITY_NAME":"三田市","S_NAME":"大川瀬","SETAI":"7"}},{"type":"Feature","geometry":{"type":"Polygon","coordinates":[[[135.10049989627237,34.95184404000159],[135.10195469660042,34.94995584936505],[135.10261536023108,34.949418371976655],[135.10349571410833,34.94927947209376],[135.10526301886983,34.94971267421048],[135.106621030475,34.949661009165396],[135.10810420032166,34.949058605922005],[135.10872511267587,34.94911746915784],[135.11089401472844,34.94813995244001],[135.11199157333172,34.94785272997329],[135.11359971482557,34.94818319685957],[135.11481005421987,34.94783923358222],[135.11566547057222,34.94594696509503],[135.11489074614303,34.944994675490605],[135.1149450327857,34.94354654852588],[135.11684837200966,34.94354835802616],[135.11688598703634,34.94498863504353],[135.11885918338155,34.94507461554626],[135.11876184930088,34.94653158452446],[135.1193130118839,34.94757783201661],[135.12077995180923,34.94857579600714],[135.1218496461326,34.9510002516296],[135.121076921391,34.95203410955625],[135.120674844839,34.95190326399481],[135.11982233350577,34.95258429488506],[135.1184020674987,34.951795204559005],[135.11665402592914,34.95362114735533],[135.11646547414122,34.95463413647185],[135.11838380807038,34.95483608454127],[135.11866342465578,34.95585653553114],[135.11504372870377,34.956622777813074],[135.1133530766281,34.95594328404368],[135.1117087417042,34.95445193656204],[135.1114033416526,34.95336382560796],[135.1104800596915,34.95283118469598],[135.1084703264037,34.952869252704325],[135.1086306207772,34.95383958269499],[135.10813130627247,34.95431688090571],[135.10647516174046,34.95464624635319],[135.10512852591847,34.95454338424192],[135.10478464574953,34.953966580247965],[135.10568141437497,34.95306581635048],[135.10072218158302,34.95264772174428],[135.10049989627237,34.95184404000159]]]},"properties":{"KEY_CODE":"28219505003","PREF":"28","CITY":"219","CITY_NAME":"三田市","S_NAME":"大川瀬","SETAI":"86"}},{"type":"Feature","geometry":{"type":"Polygon","coordinates":[[[135.1372665934279,34.94593967395948],[135.13842451270125,34.94657565455187],[135.13830418562455,34.947188324633544],[135.14076718860576,34.949197343343926],[135.1397212847801,34.950523810593964],[135.13765224957723,34.95017587895324],[135.13618903030053,34.94948099512507],[135.13406551920818,34.947558237842486],[135.135599162804,34.946317396629944],[135.13612966744378,34.94674118296086],[135.1372665934279,34.94593967395948]]]},"properties":{"KEY_CODE":"28219520001","PREF":"28","CITY":"219","CITY_NAME":"三田市","S_NAME":"つつじが丘南一丁目","SETAI":"391"}},{"type":"Feature","geometry":{"type":"Polygon","coordinates":[[[135.1372665934279,34.94593967395948],[135.13612966744378,34.94674118296086],[135.135599162804,34.946317396629944],[135.13406551920818,34.947558237842486],[135.13194951363278,34.94578949595775],[135.13418279810293,34.94397097853429],[135.1350796124632,34.94525390853269],[135.1359804467283,34.94523867422597],[135.1372665934279,34.94593967395948]]]},"properties":{"KEY_CODE":"28219520002","PREF":"28","CITY":"219","CITY_NAME":"三田市","S_NAME":"つつじが丘南二丁目","SETAI":"229"}},{"type":"Feature","geometry":{"type":"Polygon","coordinates":[[[135.12919638650106,34.94148709021426],[135.12983431862972,34.94224376030679],[135.13199442289536,34.94207795455866],[135.13215158438928,34.941344391226814],[135.13327312318862,34.94247085093192],[135.13418279810293,34.94397097853429],[135.13194951363278,34.94578949595775],[135.12802516756167,34.94258175994562],[135.1275744618318,34.94250512131763],[135.1278941184623,34.94175760497831],[135.12919638650106,34.94148709021426]]]},"properties":{"KEY_CODE":"28219520003","PREF":"28","CITY":"219","CITY_NAME":"三田市","S_NAME":"つつじが丘南三丁目","SETAI":"242"}},{"type":"Feature","geometry":{"type":"Polygon","coordinates":[[[135.125658424727,34.94385762513492],[135.12472617121824,34.94459589287939],[135.12473664799253,34.94549661259123],[135.12528156997277,34.94648138577716],[135.1230340576111,34.94572715234361],[135.12227181033631,34.94453523032666],[135.1231966191374,34.94449661108672],[135.12251668203993,34.94388567958665],[135.122736513864,34.94318494786125],[135.12226519778662,34.9422805120325],[135.12278059136673,34.9420495349765],[135.12407842667537,34.94266630902735],[135.1251245421729,34.94185230051583],[135.12569877108575,34.94217119872976],[135.12677665881128,34.94188590028824],[135.12710708998975,34.94119071452347],[135.12779353393032,34.94108530628484],[135.12919638650106,34.94148709021426],[135.1278941184623,34.94175760497831],[135.1275744618318,34.94250512131763],[135.125658424727,34.94385762513492]]]},"properties":{"KEY_CODE":"28219520004","PREF":"28","CITY":"219","CITY_NAME":"三田市","S_NAME":"つつじが丘南四丁目","SETAI":"224"}},{"type":"Feature","geometry":{"type":"Polygon","coordinates":[[[135.13406551920818,34.947558237842486],[135.13618903030053,34.94948099512507],[135.1355003126767,34.950043119195506],[135.134709246048,34.949698382887156],[135.1344083191351,34.949056515360546],[135.13355681249192,34.94861646272142],[135.1326557176141,34.94860838387145],[135.13143042058502,34.949055143637594],[135.13085717432236,34.948589295112214],[135.131317446355,34.94821201449089],[135.1299192956979,34.94740767897141],[135.13194951363278,34.94578949595775],[135.13406551920818,34.947558237842486]]]},"properties":{"KEY_CODE":"28219530001","PREF":"28","CITY":"219","CITY_NAME":"三田市","S_NAME":"つつじが丘北一丁目","SETAI":"292"}},{"type":"Feature","geometry":{"type":"Polygon","coordinates":[[[135.1275744618318,34.94250512131763],[135.12802516756167,34.94258175994562],[135.13194951363278,34.94578949595775],[135.1299192956979,34.94740767897141],[135.1281228708063,34.94589890163303],[135.125658424727,34.94385762513492],[135.1275744618318,34.94250512131763]]]},"properties":{"KEY_CODE":"28219530002","PREF":"28","CITY":"219","CITY_NAME":"三田市","S_NAME":"つつじが丘北二丁目","SETAI":"380"}},{"type":"Feature","geometry":{"type":"Polygon","coordinates":[[[135.125658424727,34.94385762513492],[135.1281228708063,34.94589890163303],[135.12595365199743,34.94763914193506],[135.12528156997277,34.94648138577716],[135.12473664799253,34.94549661259123],[135.12472617121824,34.94459589287939],[135.125658424727,34.94385762513492]]]},"properties":{"KEY_CODE":"28219530003","PREF":"28","CITY":"219","CITY_NAME":"三田市","S_NAME":"つつじが丘北三丁目","SETAI":"188"}},{"type":"Feature","geometry":{"type":"Polygon","coordinates":[[[135.13143042058502,34.949055143637594],[135.1300091413647,34.95062988768219],[135.12912345671464,34.950166717198265],[135.1283259576294,34.94906579471092],[135.12625609257185,34.94812544871624],[135.12595365199743,34.94763914193506],[135.1281228708063,34.94589890163303],[135.1299192956979,34.94740767897141],[135.131317446355,34.94821201449089],[135.13085717432236,34.948589295112214],[135.13143042058502,34.949055143637594]]]},"properties":{"KEY_CODE":"28219530004","PREF":"28","CITY":"219","CITY_NAME":"三田市","S_NAME":"つつじが丘北四丁目","SETAI":"292"}},{"type":"Feature","geometry":{"type":"Polygon","coordinates":[[[135.19074106644712,34.98648769289711],[135.18955372771063,34.98664865257254],[135.18909768059694,34.986661952364656],[135.18847376275858,34.98672644260821],[135.18755303697324,34.98728123045305],[135.18731513139454,34.9874200324971],[135.18666337067916,34.98730892234047],[135.18621075334613,34.987834758552275],[135.18595445472138,34.988213424126656],[135.18524108139837,34.9886810906689],[135.18477993295622,34.988384528383655],[135.18425826884814,34.98826833877886],[135.18412258176855,34.98773376345403],[135.18357490266177,34.98711222550316],[135.18348323272411,34.986307528425776],[135.18310028584773,34.98373027834742],[135.1836243289645,34.98272170834646],[135.18346832350736,34.982306432282805],[135.18305794110583,34.981660603867425],[135.18217554416177,34.98088716597602],[135.18238362431723,34.97986575333794],[135.1824495671365,34.979083528959464],[135.18299356596484,34.9783604104599],[135.1826392520257,34.97751813846483],[135.18449294567924,34.9777201597942],[135.18483955220904,34.97831254010709],[135.18556416380923,34.97929472154292],[135.1858833169931,34.98030249649597],[135.18600571370544,34.9815611087631],[135.18611117982962,34.98234994142588],[135.18660543054696,34.98242583365935],[135.18787447430987,34.982311315017206],[135.18829621495482,34.982284675287886],[135.18942522690242,34.98225670067006],[135.19021749435714,34.98219193986577],[135.1908489960167,34.982292548641325],[135.19074106644712,34.98648769289711]]]},"properties":{"KEY_CODE":"28219601001","PREF":"28","CITY":"219","CITY_NAME":"三田市","S_NAME":"上本庄","SETAI":"18"}},{"type":"Feature","geometry":{"type":"Polygon","coordinates":[[[135.19953020847169,34.979691178776676],[135.20071480713895,34.98274126107146],[135.20072359027654,34.98357222857405],[135.19892439456862,34.98483936014521],[135.19848004944095,34.98503507205826],[135.1976700080222,34.98563108249789],[135.19743341527612,34.986484640003525],[135.19698043548468,34.987131508979466],[135.19623487310386,34.98723212091802],[135.19545430799903,34.98681822008203],[135.1944596821953,34.9862769607453],[135.19392440448658,34.98684623209263],[135.19310032783878,34.98668074456654],[135.19190218905817,34.98625852360507],[135.19074106644712,34.98648769289711],[135.1908489960167,34.982292548641325],[135.1920826542453,34.982583547717766],[135.19354649299487,34.98235948630181],[135.1938837490048,34.98200396967285],[135.19401949245312,34.98146057817905],[135.19410834903385,34.980337978906924],[135.19423669190874,34.97966040719656],[135.19484058592434,34.979667597380335],[135.1948348545251,34.979781870115744],[135.19700692633788,34.979737827728805],[135.19953020847169,34.979691178776676]]]},"properties":{"KEY_CODE":"28219601002","PREF":"28","CITY":"219","CITY_NAME":"三田市","S_NAME":"上本庄","SETAI":"30"}},{"type":"Feature","geometry":{"type":"Polygon","coordinates":[[[135.19953020847169,34.979691178776676],[135.19700692633788,34.979737827728805],[135.1948348545251,34.979781870115744],[135.19484058592434,34.979667597380335],[135.19423669190874,34.97966040719656],[135.19438069351338,34.979056320088496],[135.19443453383042,34.977680794713635],[135.1939428904208,34.976025618335505],[135.19368231210427,34.97525419147113],[135.19386253368285,34.97446745671261],[135.19377831195322,34.9716682123015],[135.19370004228696,34.97144129280815],[135.19363469256018,34.97053770056393],[135.19315253750253,34.96983031175165],[135.19354905055678,34.9684594941314],[135.19366382685163,34.96782900991715],[135.1936752047703,34.96697340398796],[135.19366543401955,34.9660430166018],[135.19868105590248,34.96560197166439],[135.19866901205384,34.96790489771972],[135.19887163293544,34.96984395103158],[135.19962588148616,34.971132427299196],[135.20014355743035,34.97153543720453],[135.19955203474677,34.97156015753617],[135.19943819038306,34.97434912240316],[135.1995312966552,34.97437543063514],[135.20076265969684,34.97447367881321],[135.20072251675478,34.97559626949979],[135.19931690889294,34.975608283874706],[135.19916532802853,34.97843885691554],[135.19953020847169,34.979691178776676]]]},"properties":{"KEY_CODE":"28219602001","PREF":"28","CITY":"219","CITY_NAME":"三田市","S_NAME":"須磨田","SETAI":"38"}},{"type":"Feature","geometry":{"type":"Polygon","coordinates":[[[135.19868105590248,34.96560197166439],[135.19366543401955,34.9660430166018],[135.19366701940476,34.9659579317617],[135.1934292648177,34.96543509062487],[135.1941709593809,34.96505157672101],[135.1941627638638,34.96486606393021],[135.19332995430517,34.96433568189991],[135.19278217439592,34.964097230387395],[135.19186006946802,34.9642283407919],[135.191782748058,34.96378873085496],[135.19242778716742,34.96357810114242],[135.19321568540602,34.963009118056135],[135.19336687229207,34.96240077050446],[135.19396652923595,34.96213045088173],[135.19399670867085,34.96178663211784],[135.19392805779887,34.96121237712165],[135.19459021606,34.95871728918499],[135.19443755725857,34.9581746166542],[135.19437856143793,34.957346476837756],[135.1943498346032,34.95673707645586],[135.194585508771,34.95521540729948],[135.19455317375034,34.95489780585704],[135.19446267176144,34.953634659721544],[135.1945245662886,34.95309384273944],[135.19452877148453,34.9525474381482],[135.19565036418655,34.95333705907625],[135.1958966247923,34.95358144594498],[135.1963154437679,34.953902073403626],[135.19670171937932,34.954551115857925],[135.19673686958535,34.954997575364324],[135.1968042872612,34.955088225813356],[135.19717359114398,34.9554411056436],[135.19736668924017,34.95589094485273],[135.19757077651892,34.95607632648684],[135.19840937210586,34.95732842020637],[135.19882914555467,34.95773557914662],[135.19907298705385,34.95800729927716],[135.1994312038944,34.95836031677431],[135.19962641515008,34.958481954567254],[135.2000381829415,34.95865676194964],[135.20042755765917,34.95880891101538],[135.20022943513717,34.9589380108389],[135.20012020661107,34.959084645523085],[135.1990666109264,34.961267700007404],[135.19880064710398,34.962409508112415],[135.19868105590248,34.96560197166439]]]},"properties":{"KEY_CODE":"28219602002","PREF":"28","CITY":"219","CITY_NAME":"三田市","S_NAME":"須磨田","SETAI":"23"}},{"type":"Feature","geometry":{"type":"Polygon","coordinates":[[[135.1938837490048,34.98200396967285],[135.19354649299487,34.982359486301796],[135.19208265424533,34.982583547717766],[135.19065716700317,34.982244256116516],[135.19021749435714,34.98219193986577],[135.18942522690242,34.98225670067006],[135.18829621495482,34.982284675287886],[135.18787447430987,34.982311315017206],[135.18660543054696,34.98242583365935],[135.18611117982962,34.9823499414259],[135.18600571370544,34.9815611087631],[135.1858833169931,34.98030249649597],[135.18556416380923,34.97929472154292],[135.18483955220904,34.97831254010709],[135.18449294567924,34.9777201597942],[135.1826392520257,34.97751813846483],[135.1819429725264,34.976364807229295],[135.18091632868612,34.975663106548936],[135.17836551259222,34.9751758807846],[135.17440766620004,34.97518779834288],[135.17327289504632,34.97464642882331],[135.17294669732368,34.97286018304959],[135.17330591320288,34.97201973752392],[135.1744141581266,34.97164588142679],[135.1738737363939,34.970663861750666],[135.17446398688344,34.96982885569579],[135.17325008657437,34.96990771354315],[135.1727788496268,34.96899564319099],[135.17188831815386,34.96890321054564],[135.17113956172932,34.967612728420534],[135.17058480517588,34.96857422685832],[135.1692583150151,34.96891155827397],[135.16813734044956,34.96930225752327],[135.1683173723389,34.9701882707812],[135.16792650371846,34.97044443039852],[135.167093680244,34.96929534489717],[135.16654654277588,34.96932720354423],[135.16587032128405,34.97012049703229],[135.16471878638825,34.96989562451313],[135.16520135941275,34.96916493669908],[135.1634020827702,34.9688946251305],[135.16292728584128,34.96838029133664],[135.1636542865126,34.96753039419642],[135.16544465118432,34.96694070119447],[135.1653475586974,34.96580064145719],[135.16465913353252,34.96557209547098],[135.16633875950845,34.964857299965054],[135.16599230751083,34.964437245696836],[135.16623742702023,34.961611896665886],[135.166667045541,34.95956496431421],[135.16890500995902,34.96011028252678],[135.17041409238885,34.95735145547765],[135.17145938825246,34.95773618417107],[135.17097738207073,34.95886082832108],[135.17113252786754,34.96200105678158],[135.171463748932,34.96264543801716],[135.17329221920744,34.96213608438337],[135.17355698635916,34.95998047519998],[135.17427968297653,34.95971630401074],[135.1743370996219,34.95644630689953],[135.17495678178182,34.95675836795747],[135.17531750631503,34.9580512842158],[135.1752033551229,34.959030925839144],[135.17667096281315,34.958994614278],[135.17739589896865,34.9576028889781],[135.17942711544566,34.95732655629151],[135.1799617377934,34.95655511738168],[135.18133531214644,34.95584190773446],[135.1829851388493,34.95734185576545],[135.18327477816268,34.95800246566321],[135.18378610152814,34.961257980771876],[135.18448472226126,34.9634466855846],[135.18593243193044,34.96440915863614],[135.1877765480803,34.96443956770979],[135.18985294729623,34.96384194879338],[135.191782748058,34.96378873085496],[135.191860069468,34.9642283407919],[135.19278217439592,34.964097230387395],[135.19332995430517,34.96433568189991],[135.1941627638638,34.96486606393021],[135.1941709593809,34.96505157672101],[135.1934292648177,34.96543509062487],[135.19366701940476,34.9659579317617],[135.19365760161506,34.96645421367992],[135.1936752047703,34.96697340398796],[135.19366382685163,34.96782900991715],[135.19354905055678,34.9684594941314],[135.19315253750253,34.96983031175165],[135.19363469256018,34.97053770056391],[135.19370004228696,34.97144129280815],[135.19377831195322,34.9716682123015],[135.19386253368282,34.974467456712624],[135.19368231210427,34.97525419147113],[135.1939428904208,34.976025618335505],[135.19443453383042,34.977680794713635],[135.19438069351338,34.979056320088496],[135.19423669190874,34.97966040719655],[135.19410834903385,34.980337978906924],[135.19401949245312,34.98146057817905],[135.1938837490048,34.98200396967285]]]},"properties":{"KEY_CODE":"28219603001","PREF":"28","CITY":"219","CITY_NAME":"三田市","S_NAME":"東本庄","SETAI":"39"}},{"type":"Feature","geometry":{"type":"Polygon","coordinates":[[[135.18133531214644,34.95584190773446],[135.1799617377934,34.95655511738168],[135.17942711544566,34.95732655629151],[135.17739589896865,34.9576028889781],[135.17667096281315,34.958994614278],[135.1752033551229,34.959030925839144],[135.17531750631503,34.9580512842158],[135.17495678178182,34.95675836795747],[135.1743370996219,34.95644630689953],[135.17427968297653,34.95971630401074],[135.17355698635916,34.95998047519998],[135.17329221920744,34.96213608438337],[135.171463748932,34.96264543801716],[135.17113252786754,34.96200105678158],[135.17097738207073,34.95886082832108],[135.17145938825246,34.95773618417107],[135.17041409238885,34.95735145547765],[135.1723429412713,34.95296661482866],[135.1731530638573,34.952106608042435],[135.17420896482506,34.952530308730054],[135.17458807223835,34.95033539130602],[135.17585296213204,34.94992962890385],[135.1759132745014,34.949580672278564],[135.17790562975094,34.94992734237488],[135.1787901087696,34.949228193945714],[135.1805901544257,34.95159520806278],[135.18115674837506,34.95271595889442],[135.1807629798781,34.955171715015574],[135.18133531214644,34.95584190773446]]]},"properties":{"KEY_CODE":"28219603002","PREF":"28","CITY":"219","CITY_NAME":"三田市","S_NAME":"東本庄","SETAI":"33"}},{"type":"Feature","geometry":{"type":"Polygon","coordinates":[[[135.1759132745014,34.949580672278564],[135.17585296213204,34.94992962890385],[135.17458807223835,34.95033539130602],[135.17420896482506,34.952530308730054],[135.1731530638573,34.952106608042435],[135.1723429412713,34.95296661482866],[135.17041409238885,34.95735145547765],[135.16890500995902,34.96011028252678],[135.166667045541,34.95956496431421],[135.16705129892793,34.957955410683724],[135.1664527622255,34.95712861669839],[135.16555346595027,34.957001026947374],[135.16556808383538,34.95759941266006],[135.16455476828986,34.95703313254096],[135.16366698326803,34.95512414486812],[135.16460852052055,34.954847282886725],[135.16488472920307,34.95545634968103],[135.1657455557958,34.95437308134291],[135.16623141105742,34.95444110144389],[135.16693452415564,34.95361525930463],[135.16416911492144,34.95309721961614],[135.16392665941035,34.95237362326625],[135.16278677633017,34.9513188683984],[135.16134957041436,34.95176225838261],[135.16103466819501,34.950568770559435],[135.16140425210938,34.94972832816736],[135.16032293099568,34.9491820490977],[135.16435239903964,34.949569727920306],[135.16689583697035,34.950232953405674],[135.16890284306064,34.95058422596666],[135.17085068006057,34.95115390932109],[135.1706135262548,34.95058635562894],[135.17141249570685,34.95004168098666],[135.1730292648761,34.950179199793425],[135.17372853178603,34.94983159831829],[135.1740358319748,34.948860408808066],[135.17489601893266,34.94898565487367],[135.1759132745014,34.949580672278564]]]},"properties":{"KEY_CODE":"28219603003","PREF":"28","CITY":"219","CITY_NAME":"三田市","S_NAME":"東本庄","SETAI":"106"}},{"type":"Feature","geometry":{"type":"Polygon","coordinates":[[[135.19321568540602,34.963009118056135],[135.19242778716742,34.96357810114242],[135.191782748058,34.96378873085496],[135.18985294729623,34.96384194879338],[135.1877765480803,34.96443956770979],[135.18593243193044,34.96440915863614],[135.18448472226126,34.9634466855846],[135.18378610152814,34.961257980771876],[135.18327477816268,34.95800246566321],[135.1829851388493,34.95734185576545],[135.18133531214644,34.95584190773446],[135.1807629798781,34.955171715015574],[135.18115674837506,34.95271595889442],[135.1830176308307,34.9527635208223],[135.18336958222682,34.952422166307535],[135.18692916941367,34.95321110447492],[135.1864982175575,34.95500971215547],[135.1874521670383,34.95500560623794],[135.1883562469348,34.95573969563993],[135.1878763817904,34.95610929020102],[135.18601391887978,34.955858999847855],[135.18514780037142,34.956521734375436],[135.18507971151243,34.95719738423535],[135.18578186387643,34.95752282100956],[135.18626855926252,34.9583677490235],[135.18763714732765,34.95770449827364],[135.1878091252716,34.96077096323754],[135.1885805545405,34.961271394932226],[135.18993079397038,34.962647412500225],[135.19096080580675,34.96205518546769],[135.19094843387813,34.961265311581776],[135.19148340513112,34.96064227562319],[135.1913071693097,34.959782005098134],[135.19194792683768,34.95938632722955],[135.1924829761884,34.957319349361654],[135.19213470574064,34.95681728602087],[135.19303558743835,34.95577156471315],[135.19385415667534,34.952661527318256],[135.19441207084108,34.95251171472684],[135.1945245662886,34.95309384273944],[135.19446267176144,34.953634659721544],[135.19455317375034,34.95489780585704],[135.194585508771,34.95521540729948],[135.1943498346032,34.95673707645586],[135.19437856143793,34.957346476837756],[135.19443755725857,34.9581746166542],[135.19459021606,34.95871728918499],[135.19392805779887,34.96121237712165],[135.19399670867085,34.96178663211784],[135.19396652923595,34.96213045088173],[135.19336687229207,34.96240077050446],[135.19321568540602,34.963009118056135]]]},"properties":{"KEY_CODE":"28219603004","PREF":"28","CITY":"219","CITY_NAME":"三田市","S_NAME":"東本庄","SETAI":"39"}},{"type":"Feature","geometry":{"type":"Polygon","coordinates":[[[135.1858998299305,34.9474959830238],[135.1870244274293,34.94910668152667],[135.18664935182818,34.95000303353303],[135.18713474656414,34.950529999980866],[135.18801320666896,34.95065727146104],[135.1882516028212,34.95135795534822],[135.18703965423873,34.95118267838908],[135.18691268953845,34.95206066266488],[135.18692916941367,34.95321110447492],[135.18336958222682,34.952422166307535],[135.18301763083073,34.9527635208223],[135.18115674837506,34.95271595889442],[135.1805901544257,34.95159520806278],[135.17831208238843,34.948447255744746],[135.17817205658898,34.9480303922756],[135.1785505888001,34.946431407026814],[135.17879307479222,34.94609998262728],[135.17895055140718,34.94592732817971],[135.1795144911095,34.94566655496515],[135.1800302524692,34.94552809218296],[135.1810691079237,34.94545668404737],[135.1816636754866,34.94564514662367],[135.18264373117006,34.94607458572527],[135.18396205550593,34.945941405619365],[135.18549773618565,34.94553905553113],[135.18594185224293,34.94545339080509],[135.1858998299305,34.9474959830238]]]},"properties":{"KEY_CODE":"282196040","PREF":"28","CITY":"219","CITY_NAME":"三田市","S_NAME":"井ノ草","SETAI":"23"}},{"type":"Feature","geometry":{"type":"Polygon","coordinates":[[[135.19441207084108,34.95251171472684],[135.19385415667534,34.952661527318256],[135.19303558743835,34.95577156471315],[135.19213470574064,34.95681728602087],[135.1924829761884,34.957319349361654],[135.19194792683768,34.95938632722955],[135.1913071693097,34.959782005098134],[135.19148340513112,34.96064227562319],[135.19094843387813,34.961265311581776],[135.19096080580675,34.96205518546769],[135.18993079397038,34.962647412500225],[135.1885805545405,34.961271394932226],[135.1878091252716,34.96077096323754],[135.18763714732765,34.95770449827364],[135.18626855926252,34.9583677490235],[135.18578186387643,34.95752282100956],[135.18507971151243,34.95719738423535],[135.18514780037142,34.956521734375436],[135.18601391887978,34.955858999847855],[135.1878763817904,34.95610929020102],[135.1883562469348,34.95573969563993],[135.1874521670383,34.95500560623794],[135.1864982175575,34.95500971215547],[135.18692916941367,34.95321110447492],[135.18691268953845,34.95206066266488],[135.18703965423873,34.95118267838908],[135.1882516028212,34.95135795534822],[135.18801320666896,34.95065727146104],[135.18713474656414,34.950529999980866],[135.18664935182818,34.95000303353303],[135.1870244274293,34.94910668152667],[135.1858998299305,34.9474959830238],[135.18594185224293,34.94545339080509],[135.18779242160693,34.94449015946796],[135.18831352634234,34.943006598756355],[135.18937068092208,34.94188553999235],[135.19144715794218,34.94032841917845],[135.19165759828346,34.94052236471395],[135.19184937400084,34.940788275894356],[135.1918753226453,34.94095563903694],[135.19208499322437,34.94130523323788],[135.19257105131007,34.94213550421204],[135.19280472328532,34.94246492480565],[135.19294056848344,34.94247593410162],[135.19345931654732,34.94295489007915],[135.19331533035586,34.94331896585655],[135.19331295745144,34.9435584356914],[135.19344563429337,34.94373299935914],[135.193620222643,34.943743660911466],[135.1936988277539,34.94384289831811],[135.19383675832495,34.944053271314445],[135.19398660277832,34.94447906844991],[135.19378779216981,34.94470387550709],[135.193722974564,34.94499153769441],[135.1936945670663,34.94505554693719],[135.19356984138486,34.94518411627544],[135.1933346012583,34.945401223070746],[135.1933275200074,34.9456486133153],[135.19347051563625,34.94611431951184],[135.19343377608539,34.94630607099619],[135.1933228007997,34.946817385014775],[135.19391203609544,34.9469176453851],[135.19439448911123,34.94694872907042],[135.19538947746182,34.94689418851848],[135.1945088215679,34.94852442932428],[135.19467598096574,34.94851915662635],[135.1952188148962,34.94828796114321],[135.19540653219218,34.94815499693611],[135.1958532742746,34.947772850869356],[135.19620670507112,34.94773434748857],[135.1969128633018,34.947589802130494],[135.19776042842787,34.94751994847937],[135.1986740963909,34.9475134186146],[135.19899366977359,34.947483172262956],[135.19927912108426,34.94742929545179],[135.19958461095268,34.94744302624669],[135.19972571914826,34.9474899067274],[135.19999381226907,34.947639546833614],[135.20014252261,34.947718206112235],[135.20030460021198,34.947685140374574],[135.20038670977848,34.94766067832226],[135.20107909840246,34.94781530291491],[135.20128294219725,34.94784180186031],[135.20163159745036,34.948038680112916],[135.2019666319537,34.94809613958353],[135.2024721129854,34.948224138490865],[135.20255985527206,34.948271328478526],[135.20279345789305,34.94835352879599],[135.2029151100045,34.94839646052829],[135.20369000495907,34.94879781919007],[135.205156534766,34.949199333851396],[135.20603220625415,34.949455293003396],[135.20584382814764,34.95054904952057],[135.2049467943749,34.95273446493593],[135.20419132356545,34.95367833929455],[135.20250339995133,34.955390697978636],[135.20171601548554,34.95805795370426],[135.2007755456117,34.95871979501474],[135.20042755765917,34.95880891101538],[135.2000381829415,34.95865676194964],[135.19962641515008,34.958481954567254],[135.1994312038944,34.95836031677431],[135.19907298705385,34.95800729927716],[135.19882914555467,34.95773557914662],[135.19840937210586,34.95732842020637],[135.19757077651892,34.95607632648684],[135.19736668924017,34.95589094485273],[135.19717359114398,34.9554411056436],[135.1968042872612,34.955088225813356],[135.19673686958535,34.954997575364324],[135.19670171937932,34.954551115857925],[135.1963154437679,34.953902073403626],[135.1958966247923,34.95358144594498],[135.19565036418655,34.95333705907625],[135.19452877148453,34.9525474381482],[135.19441207084108,34.95251171472684]]]},"properties":{"KEY_CODE":"28219605001","PREF":"28","CITY":"219","CITY_NAME":"三田市","S_NAME":"東山","SETAI":"52"}},{"type":"Feature","geometry":{"type":"Polygon","coordinates":[[[135.20024892416137,34.947693568502196],[135.19999381226907,34.947639546833614],[135.19972571914826,34.9474899067274],[135.19958461095268,34.94744302624669],[135.19927912108426,34.94742929545179],[135.19899366977359,34.947483172262956],[135.1986740963909,34.9475134186146],[135.19776042842787,34.94751994847937],[135.1969128633018,34.947589802130494],[135.19620670507112,34.94773434748857],[135.1958532742746,34.947772850869356],[135.19540653219218,34.94815499693611],[135.1952188148962,34.94828796114321],[135.19467598096574,34.94851915662635],[135.1945088215679,34.94852442932428],[135.19538947746182,34.94689418851848],[135.19439448911123,34.94694872907042],[135.19391203609544,34.9469176453851],[135.1933228007997,34.946817385014775],[135.19343377608539,34.94630607099619],[135.19347051563625,34.94611431951184],[135.1933275200074,34.9456486133153],[135.1933346012583,34.945401223070746],[135.19356984138486,34.94518411627544],[135.1936945670663,34.94505554693719],[135.193722974564,34.94499153769441],[135.19378779216981,34.94470387550709],[135.19398660277832,34.94447906844991],[135.19383675832495,34.944053271314445],[135.1936988277539,34.94384289831811],[135.193620222643,34.943743660911466],[135.19344563429337,34.94373299935914],[135.19331295745144,34.9435584356914],[135.19331533035586,34.94331896585655],[135.19345931654732,34.94295489007915],[135.19294056848344,34.94247593410162],[135.19280472328532,34.94246492480565],[135.19257105131007,34.94213550421204],[135.19208499322437,34.94130523323788],[135.1918753226453,34.94095563903694],[135.19184937400084,34.940788275894356],[135.19165759828346,34.94052236471395],[135.19144715794218,34.94032841917845],[135.1925469012169,34.93887812996148],[135.19321875415784,34.937313040980285],[135.1933306448423,34.936627903462906],[135.19409141682908,34.936651582355715],[135.19442556513016,34.93662920507541],[135.19480815680944,34.936594578227364],[135.1952196165964,34.936547844034216],[135.19531225262708,34.93660690697955],[135.1954901385788,34.93669740729907],[135.19581995797435,34.93671907313303],[135.1961904341427,34.93692384230598],[135.19638529590964,34.93701816437297],[135.19703827881148,34.9373565615739],[135.19717490963112,34.93745136834476],[135.1980450391881,34.937927862924425],[135.1980844898799,34.937987374579436],[135.19858791664393,34.93839063579339],[135.19906504633482,34.938594630922694],[135.19946777414057,34.938635695337126],[135.20010797257675,34.93913769691854],[135.20042309918958,34.93915142655148],[135.2005992280474,34.93914706479405],[135.1994316223642,34.94165575285874],[135.19870970884483,34.94168084785638],[135.1995003547265,34.942197835498966],[135.19966298559987,34.943600856531866],[135.19918245566836,34.943540489332435],[135.19975826883834,34.94460144402051],[135.2002490087407,34.946548629662445],[135.20018160789485,34.94705978212287],[135.20021816354955,34.947534270807715],[135.20024892416137,34.947693568502196]]]},"properties":{"KEY_CODE":"28219605002","PREF":"28","CITY":"219","CITY_NAME":"三田市","S_NAME":"東山","SETAI":"30"}},{"type":"Feature","geometry":{"type":"Polygon","coordinates":[[[135.19144715794218,34.94032841917845],[135.18937068092208,34.94188553999235],[135.18831352634234,34.943006598756355],[135.18779242160693,34.94449015946796],[135.18594185224293,34.94545339080509],[135.18549773618565,34.94553905553113],[135.18396205550593,34.945941405619365],[135.18264373117006,34.94607458572527],[135.1816636754866,34.94564514662367],[135.18125583274616,34.94550812873782],[135.181946148402,34.9449467972985],[135.1832528004402,34.94491026100278],[135.18377538941624,34.944564748770986],[135.18379363491795,34.94338419936823],[135.18490547151458,34.942441905300726],[135.18445947549122,34.941624634659576],[135.18471460823048,34.94085716351688],[135.18404703760223,34.93945302991498],[135.18595788331595,34.938431505423836],[135.18587903912663,34.937499044067366],[135.1869614209695,34.93722224480412],[135.1881644558411,34.938394395437925],[135.18945495193003,34.9365665656406],[135.19011428138833,34.935042356314376],[135.19055766037053,34.935195355389034],[135.1908094827091,34.93704158843108],[135.1921765235351,34.93691921402329],[135.1924057071832,34.936426569121075],[135.1933715413048,34.93648217969216],[135.1933306448423,34.936627903462934],[135.19321875415784,34.937313040980285],[135.1925469012169,34.93887812996148],[135.19144715794218,34.94032841917845]]]},"properties":{"KEY_CODE":"282196060","PREF":"28","CITY":"219","CITY_NAME":"三田市","S_NAME":"大畑","SETAI":"48"}},{"type":"Feature","geometry":{"type":"Polygon","coordinates":[[[135.1800302524692,34.94552809218296],[135.1795144911095,34.94566655496515],[135.17895055140718,34.94592732817971],[135.17879307479222,34.94609998262728],[135.1763065605432,34.94514666064864],[135.1760310132324,34.94406429547983],[135.17467379131458,34.94175817841291],[135.17557517482666,34.94157029607277],[135.18164682178053,34.93931701909242],[135.18290163104453,34.939004976142265],[135.18257740318782,34.93861405529918],[135.18207253558396,34.93838701381345],[135.181235290012,34.937715298886815],[135.18102459365375,34.93736935889951],[135.18081740397994,34.93680704227349],[135.18059284958852,34.936227445987335],[135.1805352984135,34.936077836519054],[135.18553072812776,34.93504520132494],[135.1883227386784,34.934594285815955],[135.18864734477935,34.935704677563116],[135.1898795878651,34.93483350970251],[135.19011428138833,34.935042356314376],[135.18945495193003,34.9365665656406],[135.1881644558411,34.938394395437925],[135.1869614209695,34.93722224480412],[135.18587903912663,34.937499044067366],[135.18595788331595,34.938431505423836],[135.18404703760223,34.93945302991498],[135.18471460823048,34.94085716351688],[135.18445947549122,34.941624634659576],[135.18490547151458,34.942441905300726],[135.18379363491795,34.94338419936823],[135.18377538941624,34.944564748770986],[135.1832528004402,34.94491026100278],[135.181946148402,34.9449467972985],[135.18125583274616,34.94550812873782],[135.1810691079237,34.94545668404737],[135.1800302524692,34.94552809218296]]]},"properties":{"KEY_CODE":"28219607001","PREF":"28","CITY":"219","CITY_NAME":"三田市","S_NAME":"長坂","SETAI":"53"}},{"type":"Feature","geometry":{"type":"Polygon","coordinates":[[[135.18069541528862,34.936504638558894],[135.18081740397994,34.93680704227349],[135.18102459365375,34.93736935889951],[135.181235290012,34.937715298886815],[135.18207253558396,34.93838701381345],[135.18257740318782,34.93861405529918],[135.18290163104453,34.939004976142265],[135.18164682178053,34.93931701909242],[135.17557517482666,34.94157029607277],[135.17467379131458,34.9417581784129],[135.17426792352597,34.941075608862526],[135.1740974956561,34.940785157518675],[135.17443882344338,34.940158465967635],[135.1735858887519,34.93870987367486],[135.18069541528862,34.936504638558894]]]},"properties":{"KEY_CODE":"28219607002","PREF":"28","CITY":"219","CITY_NAME":"三田市","S_NAME":"長坂","SETAI":"9"}},{"type":"Feature","geometry":{"type":"Polygon","coordinates":[[[135.1735858887519,34.93870987367486],[135.17332482766918,34.938119403085786],[135.17002997631795,34.939773010330356],[135.17003497651723,34.93967599968905],[135.17006743134974,34.93956267378576],[135.1706190798156,34.93887787063522],[135.17064974728444,34.938647650699494],[135.17026304852627,34.93825542625077],[135.1702528014551,34.93811429167519],[135.17043507642182,34.93787394691045],[135.17119282506383,34.93776916350787],[135.1720145679867,34.937482803147844],[135.17195624186647,34.936937967224935],[135.1716038938633,34.936458671376236],[135.17130729416212,34.93610300019252],[135.17161593193285,34.93590191912106],[135.1725172839399,34.93541411787395],[135.17325636536626,34.935115028965406],[135.17406364108234,34.93440951204189],[135.17424535757112,34.934383601739846],[135.17473657376527,34.93529703457424],[135.175479135668,34.93586643376632],[135.17532444879515,34.935910046786695],[135.17530211575365,34.93613479981617],[135.17539858506984,34.93616870892437],[135.1758907195218,34.9367094151953],[135.17595410150057,34.936451703313445],[135.1764732503391,34.93650633747947],[135.1767005895175,34.9364920074989],[135.17763426778754,34.93628126462338],[135.17781816412872,34.936067219901275],[135.1776656862682,34.93581720403925],[135.17747581835445,34.93544828454529],[135.17742555159592,34.935082689237035],[135.17730937424386,34.93459402127148],[135.1768946178161,34.93416827921861],[135.17704300423546,34.93363494911785],[135.17733291169634,34.93320162853374],[135.17759712454927,34.933415440601586],[135.17856920102645,34.9340503411364],[135.17870109002854,34.934294370644224],[135.17922500309987,34.93522255224341],[135.1790684730528,34.93557775808099],[135.1794943467531,34.935785084960195],[135.17958854661268,34.93613058062906],[135.17933299161817,34.93629484312413],[135.1805352984135,34.936077836519054],[135.18059284958852,34.936227445987335],[135.18069541528862,34.936504638558894],[135.1735858887519,34.93870987367486]]]},"properties":{"KEY_CODE":"282196080","PREF":"28","CITY":"219","CITY_NAME":"三田市","S_NAME":"溝口","SETAI":"15"}},{"type":"Feature","geometry":{"type":"Polygon","coordinates":[[[135.1740974956561,34.940785157518675],[135.17334057215785,34.94059715358907],[135.17239342745188,34.94100168359555],[135.17181928300803,34.94111627804811],[135.17161414179006,34.94150453583702],[135.1711866830786,34.941998411387196],[135.17152227017183,34.94245866093419],[135.17035627840085,34.94284133547699],[135.1699473872049,34.94185867369244],[135.1693823126165,34.941739374771586],[135.1690635723429,34.942076363005626],[135.16881876121582,34.94252651259256],[135.16867916505706,34.94275177548676],[135.16799606989392,34.943079427423875],[135.16721248442138,34.9440229339933],[135.16659740749935,34.943612471246574],[135.1648558154356,34.9423920446463],[135.16542564928093,34.94206123869693],[135.17002997631795,34.939773010330356],[135.17332482766918,34.938119403085786],[135.1735858887519,34.93870987367486],[135.17443882344338,34.940158465967635],[135.1740974956561,34.940785157518675]]]},"properties":{"KEY_CODE":"282196090","PREF":"28","CITY":"219","CITY_NAME":"三田市","S_NAME":"洞","SETAI":"4"}},{"type":"Feature","geometry":{"type":"Polygon","coordinates":[[[135.16103466819501,34.950568770559435],[135.1595480480693,34.950886691846975],[135.15905230432602,34.95145782145586],[135.15729837413565,34.95157284279441],[135.1565102875157,34.94971524162457],[135.15570275662031,34.94973068244545],[135.15477190258852,34.9480203076358],[135.1605638158017,34.94611841690097],[135.16133672125434,34.945616310476794],[135.16391268116845,34.94312287663083],[135.16485581543554,34.9423920446463],[135.16659740749935,34.943612471246574],[135.16721248442138,34.9440229339933],[135.16799606989392,34.943079427423875],[135.16867916505706,34.94275177548676],[135.16881876121582,34.94252651259256],[135.1690635723429,34.942076363005626],[135.1693823126165,34.941739374771586],[135.1699473872049,34.94185867369244],[135.17035627840085,34.94284133547699],[135.17152227017183,34.94245866093419],[135.1711866830786,34.941998411387196],[135.17161414179006,34.94150453583702],[135.17181928300803,34.94111627804811],[135.17239342745188,34.94100168359555],[135.17334057215785,34.94059715358907],[135.1740974956561,34.940785157518675],[135.17426792352597,34.941075608862526],[135.17467379131458,34.94175817841291],[135.1760310132324,34.94406429547983],[135.1763065605432,34.94514666064864],[135.17879307479222,34.94609998262728],[135.1785505888001,34.946431407026814],[135.17817205658898,34.9480303922756],[135.17831208238843,34.948447255744746],[135.1787901087696,34.949228193945714],[135.17790562975094,34.94992734237488],[135.1759132745014,34.949580672278564],[135.17489601893266,34.94898565487367],[135.1740358319748,34.948860408808066],[135.17372853178603,34.94983159831829],[135.1730292648761,34.950179199793425],[135.17141249570685,34.95004168098666],[135.1706135262548,34.95058635562894],[135.17085068006057,34.95115390932109],[135.16890284306064,34.95058422596666],[135.16689583697035,34.950232953405674],[135.16435239903964,34.949569727920306],[135.16032293099568,34.9491820490977],[135.16140425210938,34.94972832816736],[135.16103466819501,34.950568770559435]]]},"properties":{"KEY_CODE":"282196100","PREF":"28","CITY":"219","CITY_NAME":"三田市","S_NAME":"四ツ辻","SETAI":"148"}},{"type":"Feature","geometry":{"type":"Polygon","coordinates":[[[135.2133685838758,34.88184629643578],[135.21352230784493,34.88233149124071],[135.21346164564187,34.88240468936257],[135.21330809289606,34.88226276863011],[135.213053576706,34.882157363336155],[135.2129373051374,34.88155406513986],[135.21290978337416,34.88089863416082],[135.2137331777699,34.88065125210411],[135.21403117374655,34.88053208889271],[135.21535386810402,34.8798366282196],[135.21568363002848,34.87963616368948],[135.21584643394058,34.8795413683065],[135.21632504350725,34.87984056639182],[135.216545454267,34.880351116564384],[135.21685238862534,34.88091251576361],[135.21672145574,34.88126935934618],[135.2166386557169,34.88193024857718],[135.21617285998704,34.881862811912164],[135.21580258153242,34.88177685572187],[135.21559014797947,34.88164318707877],[135.21538448716362,34.881416007896576],[135.21456930844846,34.88077169774483],[135.21378292604615,34.88093986231336],[135.2134503274644,34.88126753966998],[135.21336184366734,34.88157575396271],[135.2133685838758,34.88184629643578]]]},"properties":{"KEY_CODE":"28219700001","PREF":"28","CITY":"219","CITY_NAME":"三田市","S_NAME":"武庫が丘一丁目","SETAI":"53"}},{"type":"Feature","geometry":{"type":"Polygon","coordinates":[[[135.21296034658388,34.884378628550316],[135.2121432869966,34.884814640640926],[135.2113155554199,34.884820679132616],[135.21183653689474,34.88422878875175],[135.21233777386672,34.88359724880721],[135.21125330341818,34.88283219363885],[135.2103179038787,34.8823482557941],[135.20939999656107,34.88170112866625],[135.2093336673588,34.88155532721187],[135.20989276737728,34.881364700309035],[135.2106883309145,34.88121487542137],[135.2121536752668,34.88104522771302],[135.21257279894408,34.880976526197],[135.2129373051374,34.88155406513986],[135.213053576706,34.882157363336155],[135.21330809289606,34.88226276863011],[135.21346164564187,34.88240468936257],[135.213688223246,34.88386727005452],[135.21296034658388,34.884378628550316]]]},"properties":{"KEY_CODE":"28219700002","PREF":"28","CITY":"219","CITY_NAME":"三田市","S_NAME":"武庫が丘二丁目","SETAI":"182"}},{"type":"Feature","geometry":{"type":"Polygon","coordinates":[[[135.2113155554199,34.884820679132616],[135.210992937951,34.88497332787662],[135.21075669392982,34.88505132570456],[135.21042189613914,34.8850875712748],[135.20927648439613,34.885511217138394],[135.20828000777985,34.88405391355219],[135.20818266209002,34.883748600981605],[135.20812743832616,34.883208523027925],[135.2080756084483,34.8826505319885],[135.20769778927047,34.881951927551036],[135.20846877120135,34.88172174824757],[135.20891405089478,34.8815794956647],[135.2093336673588,34.88155532721187],[135.20939999656107,34.88170112866625],[135.2103179038787,34.8823482557941],[135.21125330341818,34.88283219363885],[135.21233777386672,34.883597248807234],[135.21183653689474,34.88422878875175],[135.2113155554199,34.884820679132616]]]},"properties":{"KEY_CODE":"28219700003","PREF":"28","CITY":"219","CITY_NAME":"三田市","S_NAME":"武庫が丘三丁目","SETAI":"0"}},{"type":"Feature","geometry":{"type":"Polygon","coordinates":[[[135.20769778927047,34.881951927551036],[135.2080756084483,34.8826505319885],[135.20812743832616,34.883208523027925],[135.20818266209002,34.883748600981605],[135.20828000777985,34.88405391355219],[135.20927648439613,34.885511217138394],[135.2069116728869,34.88668997146111],[135.20627758604763,34.88490895564471],[135.20648871615722,34.88475086757875],[135.20502327617646,34.88305099106501],[135.20769778927047,34.881951927551036]]]},"properties":{"KEY_CODE":"28219700004","PREF":"28","CITY":"219","CITY_NAME":"三田市","S_NAME":"武庫が丘四丁目","SETAI":"296"}},{"type":"Feature","geometry":{"type":"Polygon","coordinates":[[[135.20502327617646,34.88305099106501],[135.20648871615722,34.88475086757875],[135.20627758604763,34.88490895564471],[135.2069116728869,34.88668997146111],[135.20516439621017,34.88712851142543],[135.2045310683596,34.88589121283875],[135.2030844000288,34.88500357953225],[135.20502327617646,34.88305099106501]]]},"properties":{"KEY_CODE":"28219700005","PREF":"28","CITY":"219","CITY_NAME":"三田市","S_NAME":"武庫が丘五丁目","SETAI":"848"}},{"type":"Feature","geometry":{"type":"Polygon","coordinates":[[[135.21112822686854,34.88592596094646],[135.2094862870939,34.88638380250135],[135.20837537893829,34.887099494512476],[135.20724790183777,34.88724616917758],[135.20768494881924,34.88879698032542],[135.20644356383434,34.88811766129909],[135.20549486311393,34.888271692166306],[135.20516439621017,34.88712851142543],[135.2069116728869,34.88668997146111],[135.20927648439613,34.885511217138394],[135.21042189613914,34.8850875712748],[135.21075669392982,34.88505132570456],[135.210992937951,34.88497332787662],[135.2113155554199,34.884820679132616],[135.2121432869966,34.884814640640926],[135.21112822686854,34.88592596094646]]]},"properties":{"KEY_CODE":"28219700006","PREF":"28","CITY":"219","CITY_NAME":"三田市","S_NAME":"武庫が丘六丁目","SETAI":"162"}},{"type":"Feature","geometry":{"type":"Polygon","coordinates":[[[135.2030844000288,34.88500357953225],[135.2045310683596,34.88589121283875],[135.20516439621017,34.88712851142543],[135.20549486311393,34.888271692166306],[135.20512837692917,34.889403275364984],[135.20433490509487,34.88994866839774],[135.20191138005728,34.88832732262604],[135.20033524699352,34.8874582877926],[135.200379714142,34.887436277217745],[135.20217872526368,34.88627548138389],[135.2030844000288,34.88500357953225]]]},"properties":{"KEY_CODE":"28219700007","PREF":"28","CITY":"219","CITY_NAME":"三田市","S_NAME":"武庫が丘七丁目","SETAI":"507"}},{"type":"Feature","geometry":{"type":"Polygon","coordinates":[[[135.20768494881924,34.88879698032542],[135.2109117475807,34.88854850430076],[135.21211429906714,34.88964784071388],[135.21123266372797,34.89029493966581],[135.20931100151623,34.89029157971343],[135.20726326359863,34.890765777794144],[135.206334853216,34.89060317290568],[135.20651757871323,34.89113413965819],[135.20497884359094,34.891556524257965],[135.20446320198326,34.89052327231599],[135.20421868380686,34.89002317120256],[135.20433490509487,34.88994866839774],[135.20512837692917,34.889403275364984],[135.20549486311393,34.888271692166306],[135.20644356383434,34.88811766129909],[135.20768494881924,34.88879698032542]]]},"properties":{"KEY_CODE":"28219700008","PREF":"28","CITY":"219","CITY_NAME":"三田市","S_NAME":"武庫が丘八丁目","SETAI":"149"}},{"type":"Feature","geometry":{"type":"Polygon","coordinates":[[[135.2106883309145,34.88121487542137],[135.20989276737728,34.881364700309035],[135.2092501671819,34.88136260253633],[135.20869525011955,34.880212349224934],[135.2071845349968,34.87896083392172],[135.20655890425456,34.87845411047368],[135.20591209742224,34.8779725421453],[135.2062719246014,34.87767090084035],[135.2064429168262,34.877517397516975],[135.206715959502,34.87750993025089],[135.2068769065642,34.87747270683962],[135.20703733548714,34.87712898003009],[135.20809043761687,34.87689823811995],[135.20827255914165,34.877052426065475],[135.20913023708798,34.87777148720262],[135.20966182326967,34.87803244447533],[135.20988540459905,34.87831605717539],[135.210010103644,34.87843002017303],[135.21013110663276,34.87842167271751],[135.2106395826963,34.87830309642815],[135.21084661914594,34.878325111163925],[135.2110920762667,34.8781915476337],[135.2114360358545,34.878079733008825],[135.21166140546626,34.878097950301964],[135.21191541773072,34.87816546926163],[135.21204492039072,34.878201147130234],[135.2125980758172,34.8780175124062],[135.21282958543293,34.87805857272706],[135.2130404877664,34.87817042151692],[135.21357698788333,34.878506746015084],[135.21435526094092,34.87857310341193],[135.2146470919706,34.87870048793519],[135.21491596589763,34.87891044298475],[135.21526902513548,34.87916133379268],[135.21558810462685,34.879374863678905],[135.21584643394058,34.8795413683065],[135.21568363002848,34.87963616368948],[135.21535386810402,34.8798366282196],[135.21403117374655,34.88053208889271],[135.2137331777699,34.88065125210411],[135.21290978337416,34.88089863416082],[135.21257279894408,34.880976526197],[135.2121536752668,34.88104522771302],[135.2106883309145,34.88121487542137]]]},"properties":{"KEY_CODE":"28219710001","PREF":"28","CITY":"219","CITY_NAME":"三田市","S_NAME":"狭間が丘一丁目","SETAI":"0"}},{"type":"Feature","geometry":{"type":"Polygon","coordinates":[[[135.20891405089478,34.8815794956647],[135.20846877120135,34.88172174824757],[135.20769778927047,34.881951927551036],[135.20502327617646,34.88305099106501],[135.2046931570259,34.88271425376879],[135.2055306670101,34.88187306561405],[135.2044657166422,34.88098361761186],[135.20434579512823,34.88045668583103],[135.2043272251265,34.87936361827285],[135.20476774906976,34.87897441851507],[135.20591209742224,34.8779725421453],[135.20655890425456,34.87845411047368],[135.2071845349968,34.87896083392172],[135.20869525011955,34.880212349224934],[135.2092501671819,34.88136260253633],[135.2093336673588,34.88155532721187],[135.20891405089478,34.8815794956647]]]},"properties":{"KEY_CODE":"28219710002","PREF":"28","CITY":"219","CITY_NAME":"三田市","S_NAME":"狭間が丘二丁目","SETAI":"330"}},{"type":"Feature","geometry":{"type":"Polygon","coordinates":[[[135.20158985593525,34.87581603337017],[135.20325595497474,34.87640578674885],[135.20422627213986,34.87636273373371],[135.20569625563073,34.8772806589459],[135.20618220782072,34.877293276384265],[135.206715959502,34.87750993025087],[135.2064429168262,34.877517397516975],[135.2062719246014,34.87767090084035],[135.20591209742224,34.87797254214533],[135.20476774906976,34.87897441851507],[135.2043272251265,34.87936361827285],[135.20338868054878,34.878890900137044],[135.20056225043086,34.87890066036019],[135.1992373887804,34.87861556159368],[135.19773050990256,34.878305976920416],[135.19815136995544,34.87726956449426],[135.19964533889913,34.8763122945495],[135.20018416573163,34.87658338184322],[135.20158985593525,34.87581603337017]]]},"properties":{"KEY_CODE":"28219710003","PREF":"28","CITY":"219","CITY_NAME":"三田市","S_NAME":"狭間が丘三丁目","SETAI":"343"}},{"type":"Feature","geometry":{"type":"Polygon","coordinates":[[[135.20434579512823,34.88045668583103],[135.20340759635178,34.88098067511583],[135.2025727121448,34.880711657515945],[135.2017394723727,34.881043944392985],[135.2003969324735,34.88094308056291],[135.19936744953492,34.88145317991253],[135.19925187696518,34.881287514961286],[135.19879470348255,34.880746589385055],[135.19766254707827,34.88027627241123],[135.19767332012788,34.87995060534775],[135.19757234653125,34.87968517894837],[135.19773050990256,34.878305976920416],[135.1992373887804,34.87861556159368],[135.20056225043086,34.87890066036019],[135.20338868054878,34.878890900137044],[135.2043272251265,34.87936361827285],[135.20434579512823,34.88045668583103]]]},"properties":{"KEY_CODE":"28219710004","PREF":"28","CITY":"219","CITY_NAME":"三田市","S_NAME":"狭間が丘四丁目","SETAI":"206"}},{"type":"Feature","geometry":{"type":"Polygon","coordinates":[[[135.20434579512823,34.88045668583103],[135.2044657166422,34.88098361761186],[135.2055306670101,34.88187306561405],[135.2046931570259,34.88271425376879],[135.20502327617646,34.88305099106501],[135.2030844000288,34.88500357953225],[135.20153764242258,34.88402241838312],[135.20048259782232,34.88300863089393],[135.19936744953492,34.88145317991253],[135.2003969324735,34.88094308056291],[135.2017394723727,34.881043944392985],[135.2025727121448,34.880711657515945],[135.20340759635178,34.88098067511583],[135.20434579512823,34.88045668583103]]]},"properties":{"KEY_CODE":"28219710005","PREF":"28","CITY":"219","CITY_NAME":"三田市","S_NAME":"狭間が丘五丁目","SETAI":"1488"}},{"type":"Feature","geometry":{"type":"Polygon","coordinates":[[[135.19925187696518,34.881287514961286],[135.19936744953492,34.88145317991253],[135.20048259782232,34.88300863089393],[135.20153764242258,34.88402241838312],[135.2030844000288,34.88500357953225],[135.20217872526368,34.88627548138389],[135.200379714142,34.887436277217745],[135.1999376144727,34.88686983060663],[135.20029702386756,34.88574237936484],[135.19829642853463,34.883853652885534],[135.19753061683122,34.8837345395805],[135.19792388545613,34.88206067618056],[135.19925187696518,34.881287514961286]]]},"properties":{"KEY_CODE":"28219720001","PREF":"28","CITY":"219","CITY_NAME":"三田市","S_NAME":"弥生が丘一丁目","SETAI":"356"}},{"type":"Feature","geometry":{"type":"Polygon","coordinates":[[[135.19767332012788,34.87995060534775],[135.19766254707827,34.88027627241123],[135.19879470348255,34.880746589385055],[135.19925187696518,34.881287514961286],[135.19792388545613,34.88206067618056],[135.19753061683122,34.8837345395805],[135.19582055087653,34.88346502081373],[135.19388011241176,34.883059283473536],[135.19441497646795,34.88126167655203],[135.19405522826224,34.88116000044161],[135.19395144161305,34.88098431534141],[135.1959085291882,34.87957985586241],[135.19757234653125,34.87968517894837],[135.19767332012788,34.87995060534775]]]},"properties":{"KEY_CODE":"28219720002","PREF":"28","CITY":"219","CITY_NAME":"三田市","S_NAME":"弥生が丘二丁目","SETAI":"266"}},{"type":"Feature","geometry":{"type":"Polygon","coordinates":[[[135.18954310036676,34.882718518177],[135.19058605576873,34.882146305518745],[135.1915344031346,34.88050790921789],[135.19238042916362,34.88033964373113],[135.19395144161305,34.88098431534141],[135.19405522826224,34.88116000044161],[135.19441497646795,34.88126167655203],[135.19388011241176,34.883059283473536],[135.19323065255853,34.883992281665265],[135.1922162451772,34.88452402887058],[135.19169829488823,34.88371686175559],[135.18954310036676,34.882718518177]]]},"properties":{"KEY_CODE":"28219720003","PREF":"28","CITY":"219","CITY_NAME":"三田市","S_NAME":"弥生が丘三丁目","SETAI":"269"}},{"type":"Feature","geometry":{"type":"Polygon","coordinates":[[[135.1880951673513,34.88633966311216],[135.1871060258356,34.886428688320336],[135.18638284781477,34.886392725326886],[135.18589922739412,34.88628119234189],[135.1861988632632,34.88553529244417],[135.18565996477636,34.88473000941666],[135.18607273170758,34.884445391549114],[135.18798134427036,34.88493901891446],[135.18859635709381,34.88437801376816],[135.18888558322382,34.88299445376848],[135.18954310036676,34.882718518177],[135.19169829488823,34.88371686175559],[135.1922162451772,34.88452402887058],[135.19155716742847,34.88483154159664],[135.1914557825438,34.886069611131425],[135.19139492090807,34.886076873875176],[135.1880951673513,34.88633966311216]]]},"properties":{"KEY_CODE":"28219720004","PREF":"28","CITY":"219","CITY_NAME":"三田市","S_NAME":"弥生が丘四丁目","SETAI":"173"}},{"type":"Feature","geometry":{"type":"Polygon","coordinates":[[[135.1938448052264,34.88584285430532],[135.1914557825438,34.886069611131425],[135.19155716742847,34.88483154159664],[135.1922162451772,34.88452402887058],[135.19323065255853,34.883992281665265],[135.19388011241176,34.883059283473536],[135.19582055087653,34.88346502081373],[135.19506992378686,34.88580463511549],[135.1938448052264,34.88584285430532]]]},"properties":{"KEY_CODE":"28219720005","PREF":"28","CITY":"219","CITY_NAME":"三田市","S_NAME":"弥生が丘五丁目","SETAI":"161"}},{"type":"Feature","geometry":{"type":"Polygon","coordinates":[[[135.19582055087653,34.88346502081373],[135.19753061683122,34.8837345395805],[135.19829642853463,34.883853652885534],[135.20029702386756,34.88574237936484],[135.1999376144727,34.88686983060663],[135.200379714142,34.887436277217745],[135.20033524699352,34.8874582877926],[135.19809412207974,34.88853678107828],[135.19608756254055,34.88618636363208],[135.19506992378686,34.88580463511549],[135.19582055087653,34.88346502081373]]]},"properties":{"KEY_CODE":"28219720006","PREF":"28","CITY":"219","CITY_NAME":"三田市","S_NAME":"弥生が丘六丁目","SETAI":"304"}},{"type":"Feature","geometry":{"type":"Polygon","coordinates":[[[135.19506992378686,34.88580463511549],[135.19608756254055,34.88618636363208],[135.19809412207974,34.88853678107828],[135.19680948612597,34.88939142694707],[135.19565233093456,34.89088265048036],[135.19365431339384,34.89040739276485],[135.1938448052264,34.88584285430532],[135.19506992378686,34.88580463511549]]]},"properties":{"KEY_CODE":"28219730001","PREF":"28","CITY":"219","CITY_NAME":"三田市","S_NAME":"富士が丘一丁目","SETAI":"384"}},{"type":"Feature","geometry":{"type":"Polygon","coordinates":[[[135.19365431339384,34.89040739276485],[135.1912813695063,34.890122657704495],[135.1905351230717,34.8892604937124],[135.19065926877556,34.888047566552935],[135.19144935664545,34.88695535404146],[135.19139492090807,34.886076873875176],[135.1914557825438,34.886069611131425],[135.1938448052264,34.88584285430532],[135.19365431339384,34.89040739276485]]]},"properties":{"KEY_CODE":"28219730002","PREF":"28","CITY":"219","CITY_NAME":"三田市","S_NAME":"富士が丘二丁目","SETAI":"235"}},{"type":"Feature","geometry":{"type":"Polygon","coordinates":[[[135.1905351230717,34.8892604937124],[135.18736763117613,34.88930054904276],[135.1872154519889,34.890799461271605],[135.1863072482127,34.88956254443355],[135.18447868628493,34.88973048520137],[135.1843538296064,34.88959973092396],[135.18425912429186,34.88929298104267],[135.18428039551165,34.88870349871332],[135.18429408346583,34.888646568231664],[135.1843897267756,34.88824059027734],[135.1844913355233,34.88782485275662],[135.18421277115448,34.88764122812387],[135.1850198122623,34.88736231101553],[135.18589922739412,34.88628119234189],[135.18638284781477,34.886392725326886],[135.1871060258356,34.886428688320336],[135.1880951673513,34.88633966311216],[135.19139492090807,34.886076873875176],[135.19144935664545,34.88695535404146],[135.19065926877556,34.888047566552935],[135.1905351230717,34.8892604937124]]]},"properties":{"KEY_CODE":"28219730003","PREF":"28","CITY":"219","CITY_NAME":"三田市","S_NAME":"富士が丘三丁目","SETAI":"463"}},{"type":"Feature","geometry":{"type":"Polygon","coordinates":[[[135.19513301949286,34.891939722702176],[135.19504975469206,34.89192193319142],[135.192452527474,34.891592688264446],[135.19161584097745,34.89129895291651],[135.19022028010903,34.891575119668715],[135.1892623696027,34.89140181119777],[135.18846422050714,34.89080832806894],[135.18792643604743,34.8911312279668],[135.1872154519889,34.890799461271605],[135.18736763117613,34.88930054904276],[135.1905351230717,34.8892604937124],[135.1912813695063,34.890122657704495],[135.19365431339384,34.89040739276485],[135.19565233093456,34.89088265048036],[135.19513301949286,34.891939722702176]]]},"properties":{"KEY_CODE":"28219730004","PREF":"28","CITY":"219","CITY_NAME":"三田市","S_NAME":"富士が丘四丁目","SETAI":"219"}},{"type":"Feature","geometry":{"type":"Polygon","coordinates":[[[135.20446320198326,34.89052327231599],[135.20352822892823,34.89108200505265],[135.20415686784332,34.89261778766243],[135.20304587793495,34.89341152833427],[135.19987211798434,34.89268861751043],[135.1989932049085,34.89266596191178],[135.19513301949286,34.891939722702176],[135.19565233093456,34.89088265048036],[135.1969221154592,34.891371944379586],[135.19746115933881,34.8903085952279],[135.19818833405233,34.89068173468769],[135.2012285693501,34.89106295311351],[135.20157265614006,34.88985181891418],[135.2024239861279,34.89020404025631],[135.20278450995855,34.89093374837979],[135.20421868380686,34.89002317120256],[135.20446320198326,34.89052327231599]]]},"properties":{"KEY_CODE":"28219730005","PREF":"28","CITY":"219","CITY_NAME":"三田市","S_NAME":"富士が丘五丁目","SETAI":"191"}},{"type":"Feature","geometry":{"type":"Polygon","coordinates":[[[135.20421868380686,34.89002317120256],[135.20278450995855,34.89093374837979],[135.2024239861279,34.89020404025631],[135.20157265614006,34.88985181891418],[135.2012285693501,34.89106295311351],[135.19818833405233,34.89068173468769],[135.19746115933881,34.8903085952279],[135.1969221154592,34.891371944379586],[135.19565233093456,34.89088265048036],[135.19680948612597,34.88939142694707],[135.19809412207974,34.88853678107828],[135.20033524699352,34.8874582877926],[135.20191138005728,34.88832732262604],[135.20433490509487,34.88994866839774],[135.20421868380686,34.89002317120256]]]},"properties":{"KEY_CODE":"28219730006","PREF":"28","CITY":"219","CITY_NAME":"三田市","S_NAME":"富士が丘六丁目","SETAI":"274"}},{"type":"Feature","geometry":{"type":"Polygon","coordinates":[[[135.18823162372203,34.90410251067955],[135.1893724957423,34.904675471244325],[135.19097740893395,34.90476349552591],[135.18973529067176,34.90672286331146],[135.18762389598754,34.90955338654807],[135.1865496860708,34.91100629931319],[135.18557819643107,34.9120042411793],[135.1844826401449,34.912614149375024],[135.1831898806032,34.91171868496782],[135.18304904812774,34.91097026588071],[135.18503478697818,34.908273095393255],[135.18823162372203,34.90410251067955]]]},"properties":{"KEY_CODE":"28219820001","PREF":"28","CITY":"219","CITY_NAME":"三田市","S_NAME":"けやき台一丁目","SETAI":"0"}},{"type":"Feature","geometry":{"type":"Polygon","coordinates":[[[135.20040783807679,34.906843370503246],[135.19941251997196,34.907823151201086],[135.19802504259152,34.9074673491884],[135.19614110244152,34.90781882710591],[135.1946598982564,34.90811367173856],[135.19413179470936,34.908479199839526],[135.19189323423467,34.90779222644768],[135.18973529067176,34.90672286331146],[135.19097740893395,34.90476349552591],[135.1925772693297,34.90579334055835],[135.19547369349573,34.905997220945466],[135.19603896614788,34.904594187371494],[135.1971654927371,34.90491054515837],[135.20040783807679,34.906843370503246]]]},"properties":{"KEY_CODE":"28219820002","PREF":"28","CITY":"219","CITY_NAME":"三田市","S_NAME":"けやき台二丁目","SETAI":"0"}},{"type":"Feature","geometry":{"type":"Polygon","coordinates":[[[135.1956362963569,34.91635653357381],[135.19515433225467,34.91677301298293],[135.1944750072587,34.916728753988494],[135.19395906466855,34.915544956947926],[135.19259231026143,34.91440599471115],[135.19224617395855,34.91399941015793],[135.19151671126437,34.91306184708665],[135.19107455346324,34.912489097930774],[135.19254705830613,34.911752782205404],[135.19285906864351,34.91158436299393],[135.19554852466237,34.910127942549],[135.19625606508276,34.9083476116903],[135.19614110244152,34.90781882710591],[135.19802504259152,34.9074673491884],[135.19941251997196,34.907823151201086],[135.20040783807679,34.906843370503246],[135.20339065462286,34.90780018248329],[135.20289939300025,34.90840465971463],[135.20162537378042,34.90875072411816],[135.20169592026346,34.90884965903117],[135.20135647361772,34.90931606102641],[135.20086537872086,34.90935380830598],[135.20049309463758,34.90964156042664],[135.20074431411854,34.909670184446625],[135.2008172994684,34.90963543491401],[135.20101683172496,34.90978908172638],[135.2009318603396,34.91100010300489],[135.2006220109106,34.91109584907837],[135.20021543358246,34.91127750305059],[135.19990295641156,34.91160313666801],[135.19986248238214,34.913008150625366],[135.20001448832505,34.91336560363513],[135.20004046099365,34.913404504849055],[135.19979632985567,34.91419854876732],[135.1996501147183,34.91439242300691],[135.19916107924243,34.9148658788408],[135.19882600535192,34.914873205047684],[135.19877941972248,34.915387651761186],[135.19860385604792,34.91569385429805],[135.19831930643412,34.91594561979601],[135.1975247813599,34.916420548572965],[135.197336318218,34.91625498480704],[135.19708951123062,34.91615159749985],[135.19666287118443,34.91624929024951],[135.19598009318221,34.91657755004708],[135.19582834758464,34.91641552266539],[135.1956362963569,34.91635653357381]]]},"properties":{"KEY_CODE":"28219820003","PREF":"28","CITY":"219","CITY_NAME":"三田市","S_NAME":"けやき台三丁目","SETAI":"957"}},{"type":"Feature","geometry":{"type":"Polygon","coordinates":[[[135.19614110244152,34.90781882710591],[135.19625606508276,34.9083476116903],[135.19554852466237,34.910127942549],[135.19285906864351,34.91158436299393],[135.19254705830613,34.911752782205404],[135.19107455346324,34.912489097930774],[135.19076417418262,34.912017180402394],[135.18970680875677,34.91079409907121],[135.18762389598754,34.90955338654807],[135.18973529067176,34.90672286331146],[135.19189323423467,34.90779222644768],[135.19413179470936,34.908479199839526],[135.1946598982564,34.90811367173856],[135.19614110244152,34.90781882710591]]]},"properties":{"KEY_CODE":"28219820004","PREF":"28","CITY":"219","CITY_NAME":"三田市","S_NAME":"けやき台四丁目","SETAI":"783"}},{"type":"Feature","geometry":{"type":"Polygon","coordinates":[[[135.18762389598754,34.90955338654807],[135.18970680875677,34.91079409907121],[135.19076417418262,34.912017180402394],[135.19107455346324,34.91248909793076],[135.18906524502202,34.91360906721941],[135.1882087000832,34.915971163905304],[135.18645094237587,34.916608092850566],[135.18615554106873,34.91555789203837],[135.1859935695011,34.91510716290845],[135.1858351280956,34.91480503211322],[135.1852579763007,34.913851645376496],[135.18517911848144,34.91351840442766],[135.18457800261675,34.91272295193075],[135.18557819643107,34.9120042411793],[135.1865496860708,34.91100629931319],[135.18762389598754,34.90955338654807]]]},"properties":{"KEY_CODE":"28219820005","PREF":"28","CITY":"219","CITY_NAME":"三田市","S_NAME":"けやき台五丁目","SETAI":"643"}},{"type":"Feature","geometry":{"type":"Polygon","coordinates":[[[135.18936864768924,34.918564536989074],[135.18926623744784,34.918846474239814],[135.18911969130903,34.91932457832614],[135.18870919853168,34.91976137448389],[135.18855322063894,34.91986621419438],[135.1879511791865,34.919913914536586],[135.18706874950595,34.91879485657605],[135.18688612052054,34.91860528727804],[135.18629359211582,34.91821633614928],[135.18601181036271,34.91740904724878],[135.18643650094296,34.91665191075151],[135.18645094237587,34.916608092850566],[135.1882087000832,34.915971163905304],[135.18906524502202,34.91360906721941],[135.19107455346324,34.91248909793076],[135.19151671126437,34.91306184708665],[135.19224617395855,34.91399941015793],[135.19259231026143,34.91440599471115],[135.19395906466855,34.915544956947926],[135.1944750072587,34.916728753988494],[135.1934602824454,34.916743212996685],[135.19173052334907,34.917192542458004],[135.1913078279227,34.91736646120831],[135.19103398099674,34.917474179581404],[135.19077939219062,34.91760880546916],[135.19041545994853,34.91779343229653],[135.19020115000924,34.9180525686342],[135.18952654529267,34.9187106137779],[135.18943965716704,34.9186429132117],[135.18936864768924,34.918564536989074]]]},"properties":{"KEY_CODE":"28219820006","PREF":"28","CITY":"219","CITY_NAME":"三田市","S_NAME":"けやき台六丁目","SETAI":"536"}},{"type":"Feature","geometry":{"type":"Polygon","coordinates":[[[135.19274268211174,34.89742913686782],[135.19339086147448,34.89841909691622],[135.19496920486807,34.89887114478339],[135.19601268151067,34.898471374823586],[135.19778223315208,34.898472912078745],[135.1991506182511,34.898734622625604],[135.19886157151825,34.89913840275965],[135.1996129127236,34.89963094045093],[135.19988835786225,34.89914520974288],[135.20170333975278,34.899482146416624],[135.202859355319,34.900912938269265],[135.20135625572308,34.90071343658033],[135.1996917442977,34.90222741933949],[135.19875281816797,34.902173853106845],[135.19876819162027,34.901333767623186],[135.19612292634335,34.90038879165183],[135.19573473917023,34.901262236520786],[135.1933204873838,34.90052294578108],[135.19157893752043,34.89946312587551],[135.19161252005836,34.899421125256524],[135.19274268211174,34.89742913686782]]]},"properties":{"KEY_CODE":"28219830001","PREF":"28","CITY":"219","CITY_NAME":"三田市","S_NAME":"すずかけ台一丁目","SETAI":"522"}},{"type":"Feature","geometry":{"type":"Polygon","coordinates":[[[135.19573473917023,34.901262236520786],[135.19643737756817,34.901634155755545],[135.1966613747378,34.90299207058022],[135.19603896614788,34.904594187371494],[135.19269760314978,34.903625482326454],[135.1893092061345,34.90286977515723],[135.18931804346423,34.90260139006516],[135.19157893752043,34.89946312587551],[135.1933204873838,34.90052294578108],[135.19573473917023,34.901262236520786]]]},"properties":{"KEY_CODE":"28219830002","PREF":"28","CITY":"219","CITY_NAME":"三田市","S_NAME":"すずかけ台二丁目","SETAI":"581"}},{"type":"Feature","geometry":{"type":"Polygon","coordinates":[[[135.1893092061345,34.90286977515723],[135.19269760314978,34.903625482326454],[135.19603896614788,34.904594187371494],[135.19547369349573,34.905997220945466],[135.1925772693297,34.90579334055835],[135.19097740893395,34.90476349552591],[135.1893724957423,34.904675471244325],[135.18823162372203,34.90410251067955],[135.18914353634722,34.90283700037556],[135.1893092061345,34.90286977515723]]]},"properties":{"KEY_CODE":"28219830003","PREF":"28","CITY":"219","CITY_NAME":"三田市","S_NAME":"すずかけ台三丁目","SETAI":"956"}},{"type":"Feature","geometry":{"type":"Polygon","coordinates":[[[135.2046767572765,34.90669869227558],[135.20339065462286,34.90780018248329],[135.20040783807679,34.906843370503246],[135.1971654927371,34.90491054515837],[135.19603896614788,34.904594187371494],[135.1966613747378,34.90299207058022],[135.19643737756817,34.901634155755545],[135.19573473917023,34.901262236520786],[135.19612292634335,34.90038879165183],[135.19876819162027,34.901333767623186],[135.19875281816797,34.902173853106845],[135.19846400727164,34.904996415153946],[135.19877291078743,34.90579826013681],[135.20166635155272,34.90665891684681],[135.20255856680484,34.906680190167286],[135.20309390667128,34.9061703320959],[135.20415369588224,34.90625792726155],[135.2046767572765,34.90669869227558]]]},"properties":{"KEY_CODE":"28219830004","PREF":"28","CITY":"219","CITY_NAME":"三田市","S_NAME":"すずかけ台四丁目","SETAI":"486"}},{"type":"Feature","geometry":{"type":"Polygon","coordinates":[[[135.19161252005836,34.899421125256524],[135.18868065566508,34.897385630128504],[135.1880000060101,34.89724838450898],[135.18535762824538,34.8973450319095],[135.18480831387518,34.89788075091605],[135.1839385778484,34.89941656657578],[135.1830836844737,34.90047949692658],[135.18304348963764,34.90045287485051],[135.18198598784258,34.89968290890346],[135.18175095479126,34.89861647929526],[135.1820431694241,34.8979814531245],[135.1823737693278,34.89736334120829],[135.18321519836394,34.89574273372743],[135.18396622891302,34.89382095539373],[135.18571614823298,34.894569130232945],[135.18649486187968,34.894645131906515],[135.1872268415861,34.89539163222114],[135.18912059596084,34.894320108067916],[135.18933799975233,34.89504833231858],[135.19084124116438,34.895848726675716],[135.1916427869556,34.89695860040054],[135.19274268211174,34.89742913686782],[135.19161252005836,34.899421125256524]]]},"properties":{"KEY_CODE":"28219840001","PREF":"28","CITY":"219","CITY_NAME":"三田市","S_NAME":"あかしあ台一丁目","SETAI":"811"}},{"type":"Feature","geometry":{"type":"Polygon","coordinates":[[[135.18170482731057,34.901798759891456],[135.18128533895012,34.90210465580996],[135.18007257238875,34.90302046416798],[135.1785995758537,34.904786619957285],[135.17833805891757,34.9048853414586],[135.17817659943955,34.90425496048223],[135.17817326924794,34.90393053473376],[135.17841855038128,34.903258312611214],[135.17860028719772,34.90304936751667],[135.17756107281224,34.90271988348147],[135.17755120895907,34.90246677648156],[135.17759853052624,34.90226292018745],[135.17771752607396,34.90209631374083],[135.1777119628389,34.90191240423376],[135.17763307109203,34.90135525918621],[135.17770289907213,34.90137892985402],[135.17802798327537,34.901552380594325],[135.17816855329036,34.901472175423336],[135.178604976591,34.90103356526814],[135.17861680182472,34.90040346188024],[135.17850358910908,34.90042530577229],[135.17847354978218,34.90034713296152],[135.17840544419104,34.89977484051308],[135.17805240870698,34.89942608836918],[135.17810904308226,34.899238786120065],[135.17835243366713,34.899424001806025],[135.17865002027855,34.8995424988228],[135.17878220449654,34.8995868611045],[135.1792308153574,34.89944500121649],[135.17922664362015,34.89939678971968],[135.1795867881138,34.89918934464125],[135.17957059110537,34.89903572021463],[135.17960531642822,34.89885455584239],[135.17962669542635,34.89879715078074],[135.1798533951467,34.8987805709611],[135.17992480862665,34.89896691039119],[135.17987874683072,34.899117941631964],[135.18030306749486,34.89909991328547],[135.18069484398703,34.898950977063116],[135.18126027365125,34.89878124995019],[135.18148781943063,34.89849021297038],[135.18149798904702,34.89823245668106],[135.18151547514225,34.898153951122325],[135.1814954439859,34.897985280361105],[135.18140845583108,34.897714539666474],[135.18140712181497,34.89758496634958],[135.18114607024137,34.897286847721126],[135.18100971108728,34.89718533119646],[135.1808822200839,34.8968907885407],[135.1809109743341,34.89630422582668],[135.1806408469265,34.89565496105403],[135.1801497872033,34.89469221996434],[135.17951753693865,34.89439576568075],[135.17957685860185,34.894287175092344],[135.1800321333806,34.89338928695666],[135.1812611063576,34.89317111310435],[135.18255472647346,34.89372879447104],[135.18396622891302,34.89382095539373],[135.18321519836394,34.895742733727424],[135.1823737693278,34.89736334120829],[135.1820431694241,34.8979814531245],[135.18175095479126,34.89861647929526],[135.18198598784258,34.89968290890346],[135.18304348963764,34.90045287485051],[135.18170482731057,34.901798759891456]]]},"properties":{"KEY_CODE":"28219840002","PREF":"28","CITY":"219","CITY_NAME":"三田市","S_NAME":"あかしあ台二丁目","SETAI":"234"}},{"type":"Feature","geometry":{"type":"Polygon","coordinates":[[[135.1830836844737,34.90047949692658],[135.18551953025698,34.90185917970318],[135.1829364769332,34.905104317898186],[135.18256290628364,34.90556983241334],[135.18177446985595,34.906551218594934],[135.1795211635632,34.90531361563689],[135.1785995758537,34.904786619957285],[135.18007257238875,34.90302046416798],[135.18128533895012,34.90210465580996],[135.18170482731057,34.901798759891456],[135.18304348963764,34.90045287485051],[135.1830836844737,34.90047949692658]]]},"properties":{"KEY_CODE":"28219840003","PREF":"28","CITY":"219","CITY_NAME":"三田市","S_NAME":"あかしあ台三丁目","SETAI":"808"}},{"type":"Feature","geometry":{"type":"Polygon","coordinates":[[[135.18551953025698,34.90185917970318],[135.18914353634722,34.90283700037556],[135.18823162372203,34.90410251067955],[135.18503478697818,34.908273095393255],[135.18304123525485,34.90723790446043],[135.18177446985595,34.906551218594934],[135.18256290628364,34.90556983241334],[135.1829364769332,34.905104317898186],[135.18551953025698,34.90185917970318]]]},"properties":{"KEY_CODE":"28219840004","PREF":"28","CITY":"219","CITY_NAME":"三田市","S_NAME":"あかしあ台四丁目","SETAI":"506"}},{"type":"Feature","geometry":{"type":"Polygon","coordinates":[[[135.1830836844737,34.90047949692658],[135.1839385778484,34.89941656657578],[135.18480831387518,34.89788075091605],[135.18535762824538,34.8973450319095],[135.1880000060101,34.89724838450898],[135.18868065566508,34.897385630128504],[135.19161252005836,34.899421125256524],[135.19157893752043,34.89946312587551],[135.18931804346423,34.90260139006516],[135.1893092061345,34.90286977515723],[135.18914353634722,34.90283700037556],[135.18551953025698,34.90185917970318],[135.1830836844737,34.90047949692658]]]},"properties":{"KEY_CODE":"28219840005","PREF":"28","CITY":"219","CITY_NAME":"三田市","S_NAME":"あかしあ台五丁目","SETAI":"563"}},{"type":"Feature","geometry":{"type":"Polygon","coordinates":[[[135.17839547937965,34.9050410759177],[135.1795211635632,34.90531361563689],[135.18177446985595,34.906551218594934],[135.18304123525485,34.90723790446043],[135.18503478697818,34.908273095393255],[135.18304904812774,34.91097026588071],[135.18055946193317,34.914028217147745],[135.1790142427756,34.915082343104],[135.1770240473167,34.915709861972225],[135.17647934668386,34.914163662718245],[135.1766928151565,34.912933290132536],[135.1781850898103,34.911152905173694],[135.1782173100722,34.91040230092647],[135.1772100852037,34.90729797537999],[135.17726145924703,34.906505759080694],[135.17839547937965,34.9050410759177]]]},"properties":{"KEY_CODE":"28219850001","PREF":"28","CITY":"219","CITY_NAME":"三田市","S_NAME":"ゆりのき台一丁目","SETAI":"1119"}},{"type":"Feature","geometry":{"type":"Polygon","coordinates":[[[135.17839547937965,34.9050410759177],[135.17726145924703,34.906505759080694],[135.1772100852037,34.90729797537999],[135.1782173100722,34.91040230092647],[135.1772638059053,34.9106184261354],[135.1761797724527,34.90996886706212],[135.17518090156852,34.90946977271038],[135.17501320436673,34.90942325474774],[135.1749371881971,34.90938004516639],[135.17505907613608,34.909352794002075],[135.17468286331706,34.90856248006702],[135.17416539973027,34.908597253196056],[135.17380790071778,34.90854943750962],[135.17380700667275,34.908461977241885],[135.1739216833209,34.90819765506158],[135.1739360762073,34.908033325690184],[135.17385818180236,34.907956959075555],[135.1721786552044,34.9070956293426],[135.17214613077786,34.90705873880819],[135.17214267169757,34.90702967607474],[135.17218409449316,34.906992348949856],[135.17303271803667,34.90680501444249],[135.17308704833636,34.906767525822374],[135.17319602977253,34.90673233624299],[135.17324662293717,34.90696509241657],[135.1733985168051,34.90703820261035],[135.17358033198855,34.90689391509703],[135.17363171236514,34.90688560187371],[135.1739964128039,34.90653469231266],[135.17394673545726,34.906400031641766],[135.1739906447863,34.906288385683986],[135.17409819040765,34.90611284957086],[135.17513895595934,34.90537175648461],[135.17524100863852,34.905286330415365],[135.17566663544122,34.904057356818186],[135.17617554386635,34.90337331533062],[135.17755120895907,34.90246677648156],[135.17756107281224,34.90271988348147],[135.17860028719772,34.90304936751667],[135.17841855038128,34.903258312611214],[135.17817326924794,34.90393053473376],[135.17817659943955,34.90425496048223],[135.17833805891757,34.9048853414586],[135.17839547937965,34.9050410759177]]]},"properties":{"KEY_CODE":"28219850002","PREF":"28","CITY":"219","CITY_NAME":"三田市","S_NAME":"ゆりのき台二丁目","SETAI":"425"}},{"type":"Feature","geometry":{"type":"Polygon","coordinates":[[[135.17139285896624,34.9184248967805],[135.17136054029643,34.91845871270108],[135.17094087580597,34.918549068809455],[135.1709161014893,34.91852571651853],[135.17085066125603,34.91831262744591],[135.1707268641494,34.91817874847567],[135.17066047003078,34.91808180213124],[135.1705632430849,34.91792069599289],[135.17055888634005,34.917735921959085],[135.17024877035703,34.91715448192319],[135.16994236463356,34.916736127529056],[135.17025481717747,34.91654551739856],[135.17021007376843,34.9161557212699],[135.17006235129466,34.9161241977573],[135.1696836258355,34.915470755232064],[135.16973459331672,34.91544631911912],[135.17008946791375,34.91524090973112],[135.17079759585087,34.91449394401037],[135.1719153878528,34.91435822326893],[135.17203957567605,34.914227992864774],[135.17251580677112,34.91398553911052],[135.17271339973178,34.91349941866816],[135.1727234912355,34.91325616083006],[135.17305758799677,34.912775578172365],[135.17387861604604,34.91248411816643],[135.17403495823174,34.91236408548105],[135.17431168714825,34.91093068413852],[135.17423852164015,34.91057265619881],[135.1743476148045,34.91033083902236],[135.17449476117005,34.910399050510335],[135.1748674094523,34.90997160353731],[135.17494476123568,34.90966070679868],[135.17492440918207,34.90946795325407],[135.1748835514689,34.90940196637322],[135.1749371881971,34.90938004516639],[135.17501320436673,34.90942325474774],[135.17518090156852,34.90946977271038],[135.1761797724527,34.90996886706212],[135.1772638059053,34.9106184261354],[135.1782173100722,34.91040230092647],[135.1781850898103,34.911152905173694],[135.1766928151565,34.912933290132536],[135.17647934668386,34.914163662718245],[135.1770240473167,34.915709861972225],[135.17517021774287,34.916264924414364],[135.17177533123777,34.91820013549672],[135.1716159853833,34.918278702976046],[135.17155541981091,34.91834306777112],[135.1715234804769,34.91841392751038],[135.17139285896624,34.9184248967805]]]},"properties":{"KEY_CODE":"28219850003","PREF":"28","CITY":"219","CITY_NAME":"三田市","S_NAME":"ゆりのき台三丁目","SETAI":"493"}},{"type":"Feature","geometry":{"type":"Polygon","coordinates":[[[135.1829967889777,34.91372149458462],[135.18195035151624,34.915399209955275],[135.18040586558723,34.91731063281094],[135.17964637199495,34.91711928615221],[135.17768731692908,34.91755271851372],[135.1770240473167,34.915709861972225],[135.1790142427756,34.915082343104],[135.18055946193317,34.914028217147745],[135.18304904812774,34.91097026588071],[135.1831898806032,34.91171868496782],[135.1844826401449,34.912614149375024],[135.18323174720356,34.913425766209826],[135.1829967889777,34.91372149458462]]]},"properties":{"KEY_CODE":"28219850004","PREF":"28","CITY":"219","CITY_NAME":"三田市","S_NAME":"ゆりのき台四丁目","SETAI":"410"}},{"type":"Feature","geometry":{"type":"Polygon","coordinates":[[[135.1834392346908,34.917436664433374],[135.18210032251645,34.91889124722571],[135.18038274040066,34.91927085417137],[135.17949860537058,34.91943272613861],[135.178309928157,34.91897948170895],[135.17768731692908,34.91755271851372],[135.17964637199495,34.91711928615221],[135.18040586558723,34.91731063281094],[135.18195035151624,34.915399209955275],[135.1829967889777,34.91372149458462],[135.18323174720356,34.913425766209826],[135.1844826401449,34.912614149375024],[135.18457800261675,34.91272295193075],[135.18517911848144,34.91351840442766],[135.1852579763007,34.913851645376496],[135.1858351280956,34.91480503211322],[135.1859935695011,34.91510716290845],[135.18615554106873,34.91555789203837],[135.18645094237587,34.916608092850566],[135.18643650094296,34.91665191075151],[135.18471628451417,34.917000382402854],[135.1834392346908,34.917436664433374]]]},"properties":{"KEY_CODE":"28219850005","PREF":"28","CITY":"219","CITY_NAME":"三田市","S_NAME":"ゆりのき台五丁目","SETAI":"668"}},{"type":"Feature","geometry":{"type":"Polygon","coordinates":[[[135.18447724957605,34.92151550998329],[135.18416034452142,34.92122256730463],[135.18311960695445,34.921763338004745],[135.18269523948183,34.92167122803049],[135.18258712788165,34.92161796559101],[135.18226567242547,34.92158844815946],[135.18209078506462,34.92136965416218],[135.18123280702238,34.92126690273203],[135.18097465012684,34.92120658624996],[135.18048056219195,34.92121003129887],[135.18041053765032,34.92121051938564],[135.18003399750492,34.9211706747132],[135.17984362294592,34.92112488516482],[135.17965857506775,34.92105630944542],[135.179448083958,34.92084980086172],[135.17931561618647,34.92088107741397],[135.1792511384214,34.92106372379569],[135.17921098753382,34.92110041393781],[135.17912645434382,34.921128328844134],[135.17869855413937,34.92111616450764],[135.1781975144338,34.920975412018805],[135.17803859744495,34.9209370769285],[135.17787270901536,34.920944215593],[135.17739155474524,34.92077451573537],[135.17722235207285,34.92080900370244],[135.17716697540644,34.920803402346756],[135.17706653067677,34.92072204983197],[135.1770257266952,34.92069500752616],[135.17690023153125,34.92068066611484],[135.17669631476454,34.92057277675704],[135.1765244519682,34.920355289728604],[135.17598492636412,34.92030487194585],[135.17595965726437,34.92047611665965],[135.175915766265,34.920506776580126],[135.17568680418879,34.92047498004526],[135.1754019082617,34.92038279155687],[135.17498163647355,34.92038866093201],[135.1746784518739,34.92030575295729],[135.17424458590315,34.92006880486787],[135.1740448492891,34.92000954820792],[135.17330225256393,34.91984135835172],[135.1723880934235,34.91919719526708],[135.17226254035089,34.91847096131779],[135.1718884224038,34.91824774189407],[135.17177533123777,34.91820013549672],[135.17517021774287,34.916264924414364],[135.1770240473167,34.915709861972225],[135.17768731692908,34.91755271851372],[135.178309928157,34.91897948170895],[135.17949860537058,34.91943272613861],[135.18038274040066,34.91927085417137],[135.18210032251645,34.91889124722571],[135.1834392346908,34.917436664433374],[135.18471628451417,34.917000382402854],[135.18643650094296,34.91665191075151],[135.18601181036271,34.91740904724878],[135.18585008970976,34.91735560420934],[135.18556415629658,34.917328669173756],[135.1854336364727,34.91734860150562],[135.18543631536934,34.9176077528348],[135.18551263147765,34.91837345841456],[135.1854864380433,34.91848632524686],[135.1854484290582,34.918779567398246],[135.18574606268692,34.919780349897046],[135.18584391557357,34.919982491345706],[135.18565321940903,34.92006271140399],[135.1855318516488,34.92023259083099],[135.18553441378012,34.9204804774692],[135.18549535511738,34.92067231482228],[135.18541630570607,34.92096584891254],[135.18548493637894,34.92098790309031],[135.1853100130031,34.921270842913124],[135.18511966266942,34.92138486506639],[135.18483320522262,34.9214657571638],[135.18462975582298,34.92163621090805],[135.18447724957605,34.92151550998329]]]},"properties":{"KEY_CODE":"28219850006","PREF":"28","CITY":"219","CITY_NAME":"三田市","S_NAME":"ゆりのき台六丁目","SETAI":"389"}},{"type":"Feature","geometry":{"type":"Polygon","coordinates":[[[135.16241857681104,34.91863697662085],[135.16221205961548,34.9186253516223],[135.1621819050027,34.91868739237931],[135.16211074137482,34.91907565647107],[135.16216285360457,34.91940230093142],[135.16179154292055,34.91935411630153],[135.16145543765964,34.91938020537165],[135.16104750612806,34.91943128927563],[135.16101633107104,34.91938375090088],[135.16087504514007,34.919252655888734],[135.16060440720273,34.91914842835393],[135.16041875837735,34.91907806156448],[135.16038705275648,34.918901289529465],[135.16024859960893,34.91866030583029],[135.16014998175208,34.918589209021455],[135.16014917205126,34.91850864415158],[135.15986908192318,34.9182460832723],[135.1600883291565,34.91773765128238],[135.16016138912786,34.91753763147109],[135.16017419287616,34.91745042495134],[135.15970994172434,34.91729933245854],[135.1587838630833,34.91717874070042],[135.15854369280393,34.917059575582456],[135.15840356669185,34.91704368844368],[135.15844339144417,34.91693101437391],[135.15843497174495,34.915741880186644],[135.15838785702837,34.91538371466212],[135.15845065728317,34.91513228349947],[135.15844185989081,34.914800763030044],[135.1587498952759,34.91433047633118],[135.15892252038842,34.91418584994732],[135.15889313009498,34.91396644985045],[135.15876710914617,34.91387320613531],[135.1587078642328,34.91366076930342],[135.15873611929928,34.91322145610983],[135.1587617752921,34.91306894510853],[135.1587413997441,34.91266573625576],[135.15870440108918,34.91249751957912],[135.15857163996705,34.91219204844353],[135.15833187513203,34.91211217511454],[135.15872423918503,34.91140693839323],[135.15908453668143,34.91125555957312],[135.15953046694344,34.911134589281694],[135.1593529929534,34.91079576150349],[135.1590729299719,34.9107807451391],[135.15869217909744,34.91059780375831],[135.15860421161693,34.91037683058565],[135.15860242276142,34.90938881695087],[135.1586909389383,34.908599786043816],[135.1594530214649,34.908693044356454],[135.16005458643303,34.908773284493414],[135.1606671151626,34.90893210342247],[135.16110641774353,34.90916519743571],[135.1617916438273,34.90975910802276],[135.16308216352166,34.911138590192756],[135.16136571130943,34.91232393636945],[135.16100874616592,34.91290880404695],[135.16131141756043,34.91407417500419],[135.16246609907574,34.914416711977076],[135.16238028679672,34.91552288430969],[135.16278281356853,34.91572629077023],[135.16226632409132,34.916848280232514],[135.16241857681104,34.91863697662085]]]},"properties":{"KEY_CODE":"28219900001","PREF":"28","CITY":"219","CITY_NAME":"三田市","S_NAME":"学園一丁目","SETAI":"0"}},{"type":"Feature","geometry":{"type":"Polygon","coordinates":[[[135.16809507114363,34.919101873380235],[135.16857487510737,34.91973941362243],[135.16795627710758,34.92017157482715],[135.16729432478422,34.92034196416821],[135.16607997365304,34.92049133520303],[135.1651863565408,34.920354113876094],[135.1646367661892,34.920339903825294],[135.16454140853517,34.92005820557182],[135.16447088277314,34.92007664686167],[135.16414802681618,34.91989059188276],[135.16372483420622,34.919734517689044],[135.1629799321726,34.91869097900139],[135.16241857681104,34.91863697662085],[135.16226632409132,34.916848280232514],[135.16278281356853,34.91572629077023],[135.16238028679672,34.91552288430969],[135.16246609907574,34.914416711977076],[135.16131141756043,34.91407417500419],[135.16100874616592,34.91290880404695],[135.16136571130943,34.91232393636945],[135.16308216352166,34.911138590192756],[135.16355731526264,34.911559042736314],[135.1652759460189,34.913217333547585],[135.1659380215556,34.913723069205794],[135.16658908809492,34.91406139829594],[135.16677062204846,34.91455372056966],[135.16695935320496,34.914928870699256],[135.16694460252364,34.91507680146197],[135.1669254766618,34.91534131960369],[135.16724895954854,34.91559011529967],[135.16668058626487,34.91587177107935],[135.16650099879243,34.91585954706837],[135.16616847688908,34.91579906644498],[135.16604223571557,34.91576091071758],[135.16665943825078,34.91704370445954],[135.16714635787184,34.917009035312674],[135.16759406355987,34.9174338947095],[135.16784017171807,34.918104379211535],[135.16793079491245,34.918457732587406],[135.1682360755918,34.91906062161431],[135.16809507114363,34.919101873380235]]]},"properties":{"KEY_CODE":"28219900002","PREF":"28","CITY":"219","CITY_NAME":"三田市","S_NAME":"学園二丁目","SETAI":"0"}},{"type":"Feature","geometry":{"type":"Polygon","coordinates":[[[135.16728850609496,34.91251127527927],[135.16727336707487,34.913161152604],[135.1668970182854,34.91419324822102],[135.16658908809492,34.91406139829594],[135.1659380215556,34.913723069205794],[135.1652759460189,34.913217333547585],[135.16355731526264,34.911559042736314],[135.16308216352166,34.91113859019274],[135.16397181602088,34.91046869662936],[135.164142508071,34.90907717898202],[135.1639965360251,34.90875202769407],[135.16454336149013,34.90855012807856],[135.16476806727633,34.908493947825406],[135.16519459571037,34.90864703671687],[135.16632702153316,34.90835057134381],[135.16643015189572,34.908327543517714],[135.1665996782069,34.90841146147883],[135.16659587020231,34.908466137880474],[135.1666790413378,34.90900460879328],[135.16640287962224,34.90978751625462],[135.16639433600912,34.90988933933587],[135.16655935508663,34.910076320238275],[135.16674535142963,34.910173716767495],[135.1667139661691,34.910299360461586],[135.1667513465289,34.910765112340094],[135.16688140123142,34.91098606435272],[135.16679236361463,34.911176048002474],[135.16682406848614,34.9115039437124],[135.16703328039426,34.911749011867904],[135.16682117923185,34.91175046155906],[135.16664848027378,34.911886160140796],[135.16728850609496,34.91251127527927]]]},"properties":{"KEY_CODE":"28219900003","PREF":"28","CITY":"219","CITY_NAME":"三田市","S_NAME":"学園三丁目","SETAI":"563"}},{"type":"Feature","geometry":{"type":"Polygon","coordinates":[[[135.164142508071,34.90907717898202],[135.16397181602088,34.91046869662936],[135.16308216352166,34.911138590192756],[135.1617916438273,34.90975910802276],[135.16233018052074,34.9090645653571],[135.1626551568912,34.90855740069407],[135.16306423689664,34.908158894831175],[135.16358420050472,34.90798957743054],[135.1636550939378,34.90796620755476],[135.16399653602514,34.908752027694085],[135.164142508071,34.90907717898202]]]},"properties":{"KEY_CODE":"28219900004","PREF":"28","CITY":"219","CITY_NAME":"三田市","S_NAME":"学園四丁目","SETAI":"0"}},{"type":"Feature","geometry":{"type":"Polygon","coordinates":[[[135.16174540254093,34.904149429713016],[135.16234259008812,34.904952123931146],[135.1625388162489,34.90548941736398],[135.16267977136687,34.905818340632784],[135.16281751823306,34.906134325606516],[135.16297724807401,34.90646833211693],[135.1636550939378,34.90796620755476],[135.16358420050472,34.90798957743054],[135.16306423689664,34.908158894831175],[135.1626551568912,34.90855740069407],[135.16233018052074,34.9090645653571],[135.1617916438273,34.90975910802276],[135.16110641774353,34.90916519743571],[135.1606671151626,34.90893210342247],[135.16005458643303,34.908773284493414],[135.1594530214649,34.908693044356454],[135.1586909389383,34.908599786043816],[135.15893073785992,34.90659718931381],[135.15880148926672,34.90557622723948],[135.15895122743638,34.90430273878768],[135.15914350223983,34.90332461758545],[135.1602965629456,34.903401996054335],[135.16083073843194,34.904061527661945],[135.16126221475972,34.90423340963939],[135.16174540254093,34.904149429713016]]]},"properties":{"KEY_CODE":"28219900005","PREF":"28","CITY":"219","CITY_NAME":"三田市","S_NAME":"学園五丁目","SETAI":"103"}},{"type":"Feature","geometry":{"type":"Polygon","coordinates":[[[135.16632702153316,34.90835057134381],[135.16519459571037,34.90864703671687],[135.16476806727633,34.908493947825406],[135.16454336149013,34.90855012807856],[135.1639965360251,34.90875202769407],[135.1636550939378,34.90796620755476],[135.16297724807401,34.906468332116944],[135.1628175182331,34.90613432560656],[135.16263355866585,34.90571048308422],[135.163082604782,34.90556974807079],[135.16311755347792,34.90535825982767],[135.16556415588158,34.90456027337635],[135.16688065923643,34.90635050700828],[135.1668951024811,34.906704437720926],[135.16674535894617,34.90696096468388],[135.16658397907514,34.90713228426134],[135.1663229599221,34.90740956972121],[135.16631798822613,34.907458901173804],[135.16649196502894,34.907982034789896],[135.1664237182674,34.90822441354356],[135.16632702153316,34.90835057134381]]]},"properties":{"KEY_CODE":"28219900006","PREF":"28","CITY":"219","CITY_NAME":"三田市","S_NAME":"学園六丁目","SETAI":"137"}},{"type":"Feature","geometry":{"type":"Polygon","coordinates":[[[135.16582308483973,34.901285372533124],[135.1654752955367,34.90354669973476],[135.16556415588158,34.90456027337635],[135.16311755347792,34.90535825982767],[135.163082604782,34.90556974807079],[135.16263355866585,34.90571048308422],[135.1625388162489,34.90548941736398],[135.16234259008812,34.904952123931146],[135.1622081907092,34.90417066414308],[135.16215547368753,34.90084647908114],[135.1623002585667,34.90070809869424],[135.16271358210827,34.90032718571122],[135.16305949082022,34.900492387130456],[135.1637137295788,34.90073282843414],[135.1650954680744,34.90140686773345],[135.1652809042883,34.90145934223657],[135.1653670497515,34.90110212339834],[135.16568013046776,34.90086062185648],[135.16579118746762,34.90113234392548],[135.16582308483973,34.901285372533124]]]},"properties":{"KEY_CODE":"28219900007","PREF":"28","CITY":"219","CITY_NAME":"三田市","S_NAME":"学園七丁目","SETAI":"147"}},{"type":"Feature","geometry":{"type":"Polygon","coordinates":[[[135.16174540254093,34.904149429713016],[135.16126221475972,34.90423340963939],[135.16083073843194,34.904061527661945],[135.1602965629456,34.903401996054335],[135.15914350223983,34.90332461758545],[135.15938237242233,34.90277283924712],[135.15963564684483,34.90272775423737],[135.160432855129,34.902085860524785],[135.16052230692173,34.90190527345994],[135.16022147768498,34.90161233120455],[135.16038806567795,34.901414012647685],[135.16041683693223,34.90137635101227],[135.16105713118964,34.900876296534236],[135.16131435181643,34.90104604766624],[135.16148158799626,34.901269928397156],[135.16160439240164,34.90130015690381],[135.16186268730652,34.90039589966625],[135.16215547368753,34.90084647908114],[135.1622081907092,34.90417066414308],[135.16174540254093,34.904149429713016]]]},"properties":{"KEY_CODE":"28219900008","PREF":"28","CITY":"219","CITY_NAME":"三田市","S_NAME":"学園八丁目","SETAI":"112"}},{"type":"Feature","geometry":{"type":"Polygon","coordinates":[[[135.17406364108234,34.93440951204189],[135.17325636536626,34.935115028965406],[135.1725172839399,34.93541411787395],[135.17161593193285,34.93590191912106],[135.17130729416212,34.93610300019252],[135.17066470119386,34.93653118104504],[135.17083460251624,34.937611404948065],[135.16967757925693,34.93658316331756],[135.16865638602405,34.936243790275604],[135.16656248588686,34.934824885021854],[135.16731823757476,34.93303865652169],[135.16549712396213,34.93115368659054],[135.16468233497508,34.93077076332558],[135.16400609439575,34.92994016441454],[135.1633581880451,34.93261316965056],[135.16229843272075,34.93194525395535],[135.1615141057658,34.93230272261871],[135.16000681097307,34.93193538563469],[135.15884497666025,34.932273069438594],[135.15872271984634,34.934705961410366],[135.1561674529724,34.934653003661424],[135.15346747899898,34.93433335633975],[135.15294437679228,34.93445220150454],[135.152410327151,34.93582827611204],[135.15130570128758,34.93693475160184],[135.14832515866473,34.936966137682475],[135.14771917631936,34.937210202939525],[135.14755211301613,34.93421817881665],[135.14788540216801,34.93277072748565],[135.14880955638267,34.93181210163318],[135.14906580422237,34.93004915388318],[135.15039702883954,34.929029611151236],[135.15117537202195,34.92701202361761],[135.15263925386796,34.92570416954297],[135.1528969979888,34.924506184473465],[135.15351051788997,34.92419808693624],[135.1551425962082,34.92434297096573],[135.15671489479155,34.92391430569697],[135.16018442256888,34.92432123841229],[135.16097176963802,34.92377676315185],[135.16177994365572,34.92463979791163],[135.16176029058667,34.92481910205249],[135.1616525764493,34.92500020256724],[135.16217672883744,34.92564416011408],[135.16297929998274,34.926398201527675],[135.16310737754256,34.92701576271654],[135.16415102060714,34.927667793131135],[135.16513962128423,34.9280924249627],[135.16556165510082,34.928273713320955],[135.1675296567957,34.929140542309426],[135.17029126228314,34.93034580287423],[135.17176248919228,34.93098286361612],[135.1726041632792,34.931449848706706],[135.17286558469308,34.93179433812033],[135.17414253732213,34.93244463641029],[135.17479329085478,34.932844596430506],[135.17510944888366,34.93311341185723],[135.17554960499757,34.933607651601946],[135.1768946178161,34.93416827921861],[135.17730937424386,34.93459402127148],[135.17742555159592,34.935082689237035],[135.17747581835445,34.93544828454529],[135.1776656862682,34.93581720403925],[135.17781816412872,34.936067219901275],[135.17763426778754,34.93628126462338],[135.1767005895175,34.9364920074989],[135.1764732503391,34.93650633747947],[135.17595410150057,34.936451703313445],[135.1758907195218,34.9367094151953],[135.17539858506984,34.93616870892437],[135.17530211575365,34.93613479981617],[135.17532444879515,34.935910046786695],[135.175479135668,34.93586643376632],[135.17473657376527,34.93529703457424],[135.17424535757112,34.934383601739846],[135.17406364108234,34.93440951204189]]]},"properties":{"KEY_CODE":"282199210","PREF":"28","CITY":"219","CITY_NAME":"三田市","S_NAME":"テクノパーク","SETAI":"0"}}]}