{"type":"FeatureCollection","features":[{"type":"Feature","geometry":{"type":"Polygon","coordinates":[[[129.02799071887944,32.881080016131165],[129.0269891368467,32.88162637151152],[129.0268113596962,32.88189623455481],[129.0275923758673,32.882343768074115],[129.02775009803827,32.8828313287708],[129.02767513560758,32.88326029228515],[129.02706192914312,32.88401547409468],[129.02625591455003,32.88464547766565],[129.02634439892847,32.88489290596413],[129.0270771658194,32.8847694303362],[129.02746770288067,32.885488725456696],[129.02819224069037,32.88570518717614],[129.02848361840387,32.88517603825155],[129.02903906595503,32.88523584117894],[129.02917491495748,32.885819810031784],[129.0298334088975,32.885799743778506],[129.02987575143524,32.885474361964526],[129.03042221960243,32.88561438735186],[129.03039661970212,32.88601107677298],[129.0314183782288,32.88641890887283],[129.03181221913147,32.88672518571191],[129.03183249700402,32.8873384716587],[129.0322654733445,32.88772245056115],[129.03208823216562,32.88809783098023],[129.03131789008876,32.888249145458474],[129.0313823465252,32.88920167101866],[129.03215744313763,32.889362386437064],[129.0324213544423,32.8895843100966],[129.0321093223297,32.890589524149036],[129.03175566701668,32.890767656836246],[129.03116593336568,32.89030643651968],[129.03131621917623,32.889985063544565],[129.03078551907035,32.88967601808022],[129.03057558476536,32.889899476578506],[129.02999771224785,32.88956595431395],[129.0295032458782,32.889575365849716],[129.02867775135132,32.88928978859603],[129.02821070978155,32.88887501398309],[129.0278958725954,32.88899195439008],[129.02655897850659,32.88815004997647],[129.02700953620624,32.88763414104101],[129.02675356215823,32.88733648402802],[129.026014121315,32.88689812604187],[129.0254733219122,32.88709627055721],[129.02547096640072,32.88734244482624],[129.02356104940137,32.88732976407569],[129.02338909257182,32.88710908063201],[129.0222592815529,32.88752409231844],[129.02223035306417,32.88873686911418],[129.0233492770371,32.88881399758318],[129.0233487316252,32.88891585031146],[129.02243325602387,32.88894790638621],[129.02222056274093,32.88906740615559],[129.02405564614804,32.889347319284504],[129.02493790873572,32.88978138978252],[129.02567432925696,32.89039814241658],[129.02504505863936,32.89164049319329],[129.02514567393843,32.89241640269184],[129.02505693378066,32.89282637318002],[129.02522978002884,32.89307862915328],[129.02579587917063,32.89295813280768],[129.02674975786132,32.89327286324608],[129.02699812635933,32.89319806012112],[129.02716833646036,32.89275322350058],[129.0279811764257,32.89224949734814],[129.02865855220102,32.89250455262182],[129.02828516390707,32.89358257191074],[129.0287119561857,32.893725763845566],[129.02884954069737,32.89337729343631],[129.0293671727916,32.89332603657842],[129.02978009083648,32.89366124947081],[129.03068889684647,32.8940235823757],[129.0309562262288,32.89400294046624],[129.03123830802724,32.89442332637561],[129.03194299085462,32.894572059361536],[129.0321991108911,32.89485707927647],[129.032923251067,32.89496709631466],[129.0332201615898,32.89521349167385],[129.03268039991852,32.895612763583834],[129.03255383784324,32.896304852733834],[129.03278401602415,32.89684768720823],[129.03243437366106,32.89706821216284],[129.03180390703676,32.89784769226867],[129.03088509903577,32.89850271803195],[129.03019984103634,32.898196628575846],[129.0292429639034,32.89745835013542],[129.0272448252863,32.89571589331075],[129.02559161939598,32.89523019377668],[129.025035379768,32.895276364996455],[129.02336024505306,32.8958321935615],[129.02286176317472,32.8957819949681],[129.0219286947219,32.895950883098735],[129.02122412890554,32.89544805933977],[129.02064068812945,32.89446626804019],[129.02001942978876,32.89400350163134],[129.01846213717099,32.893860807240564],[129.017656869639,32.89371749348194],[129.016880564969,32.892831169186564],[129.01549690979115,32.89208970240512],[129.01496743511066,32.891893036065554],[129.01384948483783,32.89173886701385],[129.0127858797612,32.89139012093677],[129.01240959005293,32.891416780997325],[129.01293043098943,32.88931464991844],[129.01406951506408,32.888054655533885],[129.0145430478427,32.88735058495611],[129.01485753119022,32.88645069900483],[129.01554610849672,32.88595272079999],[129.01562265785515,32.88501419914592],[129.0170442905748,32.88454566542603],[129.01753084834456,32.88396543474258],[129.01965913575089,32.88353408457076],[129.02027081249335,32.883243397241024],[129.02098734776703,32.8826521732238],[129.0213048779127,32.8820792058077],[129.02509539819323,32.879232897758136],[129.02799071887944,32.881080016131165]]]},"properties":{"KEY_CODE":"42411001001","PREF":"42","CITY":"411","CITY_NAME":"新上五島町","S_NAME":"若松郷","SETAI":"201"}},{"type":"Feature","geometry":{"type":"Polygon","coordinates":[[[129.02799071887944,32.881080016131165],[129.02509539819323,32.879232897758136],[129.0213048779127,32.8820792058077],[129.02098734776703,32.8826521732238],[129.02027081249335,32.883243397241024],[129.01965913575089,32.88353408457076],[129.01753084834456,32.88396543474258],[129.0170442905748,32.88454566542603],[129.01562265785515,32.88501419914592],[129.01496458061584,32.88481298901879],[129.0140986996822,32.88334111274556],[129.01348712665248,32.88280045314938],[129.01326625485765,32.88149376385523],[129.01286192169786,32.88084843976242],[129.01195458226977,32.88015866975975],[129.01172977523126,32.879642310991194],[129.0120852366388,32.878921185925],[129.01252671628043,32.878530359015066],[129.0126685172747,32.87792259364597],[129.01256987173545,32.877313653736856],[129.01238015247128,32.876595739196134],[129.0125982787985,32.8760609700242],[129.0130732513911,32.87576323275381],[129.01388959415482,32.87501746115124],[129.0142183123531,32.87392025904153],[129.0139893697883,32.87250315079608],[129.01392807431705,32.87224666024813],[129.01346547422082,32.87093510502688],[129.01298933635297,32.8703375192543],[129.01312525896859,32.870198438124056],[129.0138351828588,32.87021028688747],[129.0142773585672,32.870003201741625],[129.01516644973492,32.868726615507924],[129.01572287537627,32.86827939536711],[129.0171033993337,32.86762202085164],[129.01808341460756,32.867417008378666],[129.0190407027151,32.86743884278312],[129.02022624437197,32.86701672456209],[129.02067551308113,32.86648736714123],[129.020732935331,32.86581579656515],[129.0214008206375,32.865636792104446],[129.02259903886147,32.864860647253664],[129.02313259375026,32.864658428072325],[129.02462838470368,32.864546105270804],[129.0259638689927,32.864242522323565],[129.02719236458108,32.863829584830775],[129.0284783520051,32.86359989373105],[129.02886031670351,32.864314647876284],[129.02790764640358,32.865032475360955],[129.02740133993427,32.865198288462224],[129.0269273917028,32.86511082557744],[129.02662472600178,32.86536398250681],[129.02745252297234,32.865620513017674],[129.02777330461987,32.866184439890596],[129.02749982026137,32.86677407101627],[129.02760311084108,32.86724879400124],[129.02835368099858,32.86756545690821],[129.02871408984336,32.86790858658168],[129.0287042375182,32.868562339434064],[129.02828146500923,32.868486795484394],[129.02766194524764,32.868643172121395],[129.02718628035618,32.868270735690686],[129.02640746235963,32.86843732597503],[129.0265993236826,32.86892771739072],[129.02726461826444,32.86901049082498],[129.02807039948647,32.869599695074825],[129.02895811668924,32.86985284176209],[129.02905902072666,32.870173356017],[129.02873668697887,32.87070149218419],[129.0282111821458,32.87065622353924],[129.02799751732945,32.87085019915204],[129.0282048970423,32.87123515067875],[129.02792364689674,32.8714766639278],[129.02745884345012,32.87146859160082],[129.02758320158773,32.87179731722418],[129.02714383577432,32.87202922146939],[129.02775843976522,32.87240217927153],[129.02761627815767,32.87301215511169],[129.02739908540102,32.87326383458733],[129.02692138098232,32.8732701368693],[129.02678248949346,32.87306040244574],[129.02509950667826,32.87303958036048],[129.02386150229515,32.87333967037031],[129.02315182071442,32.873363118337465],[129.0224006018495,32.87315373624909],[129.02229253958433,32.87337697475997],[129.02131837141465,32.87309820362308],[129.0208330451691,32.87273742549264],[129.02046223139857,32.87332758388476],[129.0207248094243,32.87378218916213],[129.02246914246675,32.87432002094995],[129.02233144561325,32.87489213223641],[129.02153719834058,32.87493508306143],[129.0208583717644,32.875373462260406],[129.02159201145943,32.87507417206644],[129.02204825653027,32.87548172288124],[129.02462276243412,32.8744671049132],[129.02593266226378,32.87451176549688],[129.0264466842794,32.87491410474749],[129.02740108001078,32.87590428050722],[129.02861614612274,32.876911662333846],[129.02906930660197,32.87750764474168],[129.02867101346192,32.87805082685909],[129.02868351358651,32.87851980375264],[129.02840037536095,32.87991650494465],[129.02799071887944,32.881080016131165]]]},"properties":{"KEY_CODE":"42411001002","PREF":"42","CITY":"411","CITY_NAME":"新上五島町","S_NAME":"若松郷","SETAI":"103"}},{"type":"Feature","geometry":{"type":"Polygon","coordinates":[[[129.0126685172747,32.87792259364597],[129.0117519910602,32.87800686089921],[129.01073276900104,32.877908803766495],[129.00985872075296,32.87740545232607],[129.00865084592934,32.876985519539126],[129.00805929060706,32.87696034817251],[129.00806919705153,32.87645246362669],[129.00802470518997,32.87582475569475],[129.0074557504917,32.87291143085715],[129.0068968351771,32.87236504689336],[129.0061628785339,32.87187490134405],[129.0051624727297,32.871447315407245],[129.00305249553912,32.87098062232464],[129.00355411043697,32.870337769215524],[129.00482750676446,32.869487529851824],[129.00510451139817,32.86938096802861],[129.00680646752033,32.86920227979142],[129.00790426567568,32.86933819555084],[129.00892178395242,32.86989246243441],[129.00935261820854,32.870169288111775],[129.00975546625273,32.87037422933872],[129.0099042812335,32.870380792346154],[129.01298933635297,32.8703375192543],[129.01346547422082,32.87093510502688],[129.01392807431705,32.87224666024813],[129.0139893697883,32.87250315079608],[129.0142183123531,32.87392025904153],[129.01388959415482,32.87501746115128],[129.0130732513911,32.87576323275381],[129.0125982787985,32.8760609700242],[129.01238015247128,32.876595739196134],[129.01256987173545,32.877313653736856],[129.0126685172747,32.87792259364597]]]},"properties":{"KEY_CODE":"42411001003","PREF":"42","CITY":"411","CITY_NAME":"新上五島町","S_NAME":"若松郷","SETAI":"17"}},{"type":"Feature","geometry":{"type":"Polygon","coordinates":[[[129.020732935331,32.86581579656515],[129.02067551308113,32.86648736714123],[129.02022624437197,32.86701672456209],[129.0190407027151,32.86743884278312],[129.01808341460756,32.867417008378666],[129.0171033993337,32.86762202085164],[129.01572287537627,32.86827939536711],[129.01516644973492,32.868726615507924],[129.0142773585672,32.870003201741625],[129.0138351828588,32.87021028688747],[129.01312525896859,32.870198438124056],[129.01298933635297,32.8703375192543],[129.0099042812335,32.87038079234616],[129.01010961132846,32.869774522951],[129.01028352493407,32.86908138763473],[129.01070594817057,32.86766252264992],[129.0107763836365,32.86709759041306],[129.01021314793613,32.86641354557142],[129.0098054700025,32.86617170591596],[129.01064634944365,32.866053216615775],[129.0109026430222,32.865679371340214],[129.01117528230407,32.86580185255902],[129.0114076154076,32.8654127397053],[129.0124187979292,32.86596149728444],[129.0119027567038,32.86627514326258],[129.01209006266038,32.86720767687246],[129.01170804227326,32.86768100415337],[129.01290687851736,32.86844313882464],[129.01362262821758,32.867784250721684],[129.01394655669642,32.86770415575444],[129.01388677145837,32.8673017239514],[129.01466356914352,32.866528310810054],[129.01455983718213,32.86595617580288],[129.0152890727912,32.86566592548692],[129.0154164483774,32.866020817009996],[129.01658959550298,32.86623547862548],[129.01816518809457,32.865544476011564],[129.018522814001,32.86521310210785],[129.01844441500626,32.864498589289404],[129.01876988545888,32.86398402275733],[129.01834601665442,32.86372357826681],[129.01846304346222,32.86342464527625],[129.0191730077554,32.8631415117786],[129.02036509274262,32.863801685450525],[129.02055006658986,32.86357965378396],[129.02073623566307,32.86420443523072],[129.020732935331,32.86581579656515]]]},"properties":{"KEY_CODE":"42411001004","PREF":"42","CITY":"411","CITY_NAME":"新上五島町","S_NAME":"若松郷","SETAI":"21"}},{"type":"Feature","geometry":{"type":"Polygon","coordinates":[[[128.99920443233577,32.855976857380995],[128.9987522566542,32.855831656197466],[128.9989036712955,32.855505815465214],[128.9994052090586,32.85523007816805],[128.99973464907842,32.85573729638794],[128.99920443233577,32.855976857380995]]]},"properties":{"KEY_CODE":"42411001005","PREF":"42","CITY":"411","CITY_NAME":"新上五島町","S_NAME":"若松郷","SETAI":"0"}},{"type":"Feature","geometry":{"type":"Polygon","coordinates":[[[129.00342101757764,32.86275887570657],[129.00279097725226,32.86269144810211],[129.0028243218069,32.86227404824178],[129.00255244389425,32.86121336970878],[129.0019517597416,32.86028845168198],[129.00100446703146,32.859638089237606],[129.00056553453362,32.859791443840464],[129.00001017673873,32.85974774350576],[129.00025329784427,32.859457441535945],[129.0006781438276,32.85933739953156],[129.00067224579092,32.85867816555863],[129.00114883576188,32.858477168092854],[129.00078303212672,32.85797612277636],[129.0010107301264,32.857383650645055],[129.00047028816195,32.85716146010623],[129.00063460037376,32.8566264528872],[129.00123024140876,32.856531441642716],[129.00133789037068,32.85600793744182],[129.00067083111063,32.85530999043917],[129.00017077638472,32.85532242430015],[129.0000494968658,32.854846695978665],[129.00078528130635,32.85452680119181],[129.0011228248501,32.85492222321209],[129.00096093260711,32.85521286042041],[129.00154637324277,32.85522330881683],[129.00244578955113,32.85449464281171],[129.00241703228423,32.85390567254059],[129.00282566729803,32.85400017311944],[129.00275200820744,32.85475377829667],[129.00330114214378,32.85476317568371],[129.00296035101968,32.85532813983974],[129.00210502063456,32.85581530835946],[129.00294519012866,32.855748316995715],[129.00335069044462,32.85603218716509],[129.00405512968106,32.85558499149191],[129.00478213988873,32.855302915177816],[129.00554185332294,32.855293296381404],[129.00583586533347,32.85564074919281],[129.00522502852166,32.855971084731294],[129.0047706018674,32.85661045877704],[129.00526458107893,32.856738666305176],[129.00572764504574,32.85723287097157],[129.0055237919078,32.85776862652295],[129.00496483890845,32.85799005356848],[129.00430605214012,32.85791169623925],[129.00392690221722,32.85807972493198],[129.00344449511744,32.85741048684431],[129.00281757913802,32.85755227875109],[129.00264968456472,32.85776714062443],[129.0034216957562,32.85919142245047],[129.00414216042327,32.85951982555065],[129.0032490573307,32.86006817129572],[129.0037312897699,32.86058410567587],[129.00408926891996,32.86076407910441],[129.00442115110536,32.86141829216585],[129.00410106281183,32.86209967389563],[129.00404775160158,32.86265586411879],[129.00342101757764,32.86275887570657]]]},"properties":{"KEY_CODE":"42411001005","PREF":"42","CITY":"411","CITY_NAME":"新上五島町","S_NAME":"若松郷","SETAI":"0"}},{"type":"Feature","geometry":{"type":"Polygon","coordinates":[[[129.00680646752033,32.86920227979142],[129.00510451139817,32.869380968028594],[129.00482750676446,32.869487529851824],[129.00355411043697,32.870337769215524],[129.00305249553912,32.870980622324645],[129.0022754658983,32.871062468167054],[129.0014459381282,32.87133510352803],[129.00023289996048,32.87094212671545],[128.99944435466588,32.87028093806771],[128.99898463119925,32.86975835842037],[128.99888111059437,32.869454878026694],[128.99841766240826,32.86923869503462],[128.99802093424196,32.86882017687592],[128.99764290781908,32.86789942835007],[128.99759697989677,32.86761333271843],[128.99804265143158,32.86798215210065],[128.9996344709464,32.86842139392274],[129.00007497700005,32.86818148176263],[129.00001400134687,32.86762303095691],[129.00022533231103,32.86786104363494],[129.00116278087035,32.86799645624661],[129.0016184466903,32.86772412973684],[129.00169607016795,32.867406112016646],[129.0013228059313,32.86727566934098],[129.00147582534333,32.866858747830285],[129.00173379597604,32.86677410777287],[129.00207582706804,32.86599633684287],[129.00178139159456,32.86552713416193],[129.00182193984276,32.86515847207112],[129.00155136477719,32.86481922417098],[129.0018272898794,32.86458314900347],[129.00291611185148,32.864581181212294],[129.00385947576143,32.86403213185182],[129.00399060597687,32.863510525654256],[129.0043759660291,32.86319823659961],[129.0050851382442,32.86402527265589],[129.00523166076246,32.864382057288616],[129.00595313625925,32.863184643567415],[129.00625563359776,32.86297842957514],[129.00633002581714,32.862276231176175],[129.006013072052,32.86182408659716],[129.00650089493158,32.86171329197577],[129.00647810531407,32.861397577298966],[129.00600322129102,32.861095407475695],[129.0061584603893,32.86046116113046],[129.00631367013597,32.86060606028526],[129.00714200219304,32.8603631458506],[129.007558293047,32.86005367187558],[129.00776253819473,32.86021499291916],[129.00741419769653,32.86041111415506],[129.00801075199627,32.86035034033236],[129.008440281724,32.86073348474115],[129.0087280004625,32.86126577156108],[129.00799592756098,32.86186798387969],[129.0079487979356,32.86247289989428],[129.00810210860968,32.86295505051302],[129.0084262020124,32.86328096819895],[129.0086193809583,32.86390576372319],[129.00919176508233,32.864084223336334],[129.009153352969,32.86465372778906],[129.00847430391326,32.865384900189895],[129.00802808699308,32.86610559105571],[129.00806373776769,32.86658761261507],[129.0091943998498,32.866927348986074],[129.0097081575913,32.86645473320414],[129.0098054700025,32.86617170591596],[129.01021314793613,32.86641354557142],[129.0107763836365,32.86709759041306],[129.01070594817057,32.86766252264992],[129.01028352493407,32.86908138763473],[129.01010961132846,32.869774522951],[129.0099042812335,32.87038079234616],[129.00975546625273,32.87037422933872],[129.00935261820854,32.870169288111775],[129.00892178395242,32.86989246243441],[129.00790426567568,32.86933819555084],[129.00680646752033,32.86920227979142]]]},"properties":{"KEY_CODE":"42411001005","PREF":"42","CITY":"411","CITY_NAME":"新上五島町","S_NAME":"若松郷","SETAI":"46"}},{"type":"Feature","geometry":{"type":"Polygon","coordinates":[[[129.01975058546296,32.84463369507384],[129.0205119274281,32.84489362858965],[129.01992529751914,32.845518115239],[129.01938596753064,32.844892913427564],[129.01975058546296,32.84463369507384]]]},"properties":{"KEY_CODE":"42411001006","PREF":"42","CITY":"411","CITY_NAME":"新上五島町","S_NAME":"若松郷","SETAI":"0"}},{"type":"Feature","geometry":{"type":"Polygon","coordinates":[[[129.00357106699727,32.83241975007413],[129.00173264115247,32.83225823121286],[129.00311688501915,32.83131506631335],[129.00367778021777,32.831097254592535],[129.00431519268815,32.831142161300676],[129.00467283018142,32.83098757996283],[129.0051058450526,32.831294090014524],[129.00408017911073,32.83230094559011],[129.00357106699727,32.83241975007413]]]},"properties":{"KEY_CODE":"42411001006","PREF":"42","CITY":"411","CITY_NAME":"新上五島町","S_NAME":"若松郷","SETAI":"0"}},{"type":"Feature","geometry":{"type":"Polygon","coordinates":[[[129.0367019311518,32.86703578698035],[129.0363927647885,32.86771548707593],[129.03599035088558,32.86763373272743],[129.0359218777657,32.86703740419424],[129.0361082946959,32.86694070497056],[129.03588863357183,32.86644931705683],[129.0362350511955,32.86619810282558],[129.0367535391329,32.866768146987475],[129.0367019311518,32.86703578698035]]]},"properties":{"KEY_CODE":"42411001006","PREF":"42","CITY":"411","CITY_NAME":"新上五島町","S_NAME":"若松郷","SETAI":"0"}},{"type":"Feature","geometry":{"type":"Polygon","coordinates":[[[129.036384344022,32.86584785933943],[129.0361979032903,32.865741666709766],[129.03611020735963,32.86514165617831],[129.03635255088273,32.86457262623977],[129.03682881521286,32.86462488677064],[129.03711445235538,32.864974935680756],[129.03670200032852,32.86538010929858],[129.0366314942142,32.86579015922199],[129.036384344022,32.86584785933943]]]},"properties":{"KEY_CODE":"42411001006","PREF":"42","CITY":"411","CITY_NAME":"新上五島町","S_NAME":"若松郷","SETAI":"0"}},{"type":"Feature","geometry":{"type":"Polygon","coordinates":[[[129.0284783520051,32.86359989373105],[129.02719236458108,32.863829584830775],[129.0259638689927,32.864242522323565],[129.02462838470368,32.864546105270804],[129.02313259375026,32.864658428072325],[129.02259903886147,32.864860647253664],[129.0214008206375,32.865636792104446],[129.020732935331,32.86581579656515],[129.02073623566307,32.86420443523072],[129.02055006658986,32.86357965378396],[129.02063432158565,32.863412240732366],[129.02017104100008,32.863130013988254],[129.02020836225475,32.86254850984582],[129.02125558801012,32.86213590101058],[129.02164458265162,32.862323161711195],[129.0222637244405,32.86223084253671],[129.0222135954349,32.861617441166274],[129.02165122354828,32.86148453106995],[129.02108377889692,32.86110089477875],[129.0202038497734,32.86080985550215],[129.02000695149283,32.861068812946634],[129.0202324649446,32.86144662438071],[129.01938924135843,32.86207824368622],[129.0188372438132,32.86200307088574],[129.01865190517978,32.86228462144598],[129.01782058129683,32.86248882720561],[129.01741406906925,32.862385350493135],[129.01705087945024,32.861575057427586],[129.0156411788309,32.86144514967433],[129.01450937576098,32.860711219374274],[129.014044768809,32.86067785175789],[129.01387250841992,32.86091615540027],[129.0129643512604,32.86090630645226],[129.0123534355765,32.86047287316419],[129.01220076107117,32.86006196506627],[129.01238163448008,32.85981377245294],[129.01175611642714,32.859700413487666],[129.0119210821957,32.85923303605607],[129.01221715085526,32.85902227172067],[129.01187620589917,32.85864940370777],[129.01177982520736,32.857716577332106],[129.01129566434165,32.85775075765074],[129.01080833785002,32.85718433799402],[129.01098580714807,32.85697040880759],[129.01059361867155,32.85659823551601],[129.01089380053148,32.8564127383688],[129.01173217953954,32.856474630226145],[129.01164086826643,32.85675473446241],[129.0127687724535,32.85682406396428],[129.013356213265,32.85724928374365],[129.0136571216877,32.857128713092585],[129.01360016962477,32.85679753413645],[129.01388953857787,32.856436147938794],[129.01475450470804,32.85691113968704],[129.0145142902204,32.85746570467705],[129.01507135933403,32.857982791720346],[129.01564825156717,32.85779655041941],[129.01615188709422,32.8581177363212],[129.01651746030717,32.85730393079307],[129.01688401768078,32.857090723641605],[129.01746217855163,32.857061393158915],[129.01832862040592,32.856483079736186],[129.01904264442592,32.8564272113013],[129.01928464021728,32.856725731925756],[129.01964235891325,32.85676407618491],[129.02071488659388,32.856400262759685],[129.02091887077785,32.85681406199681],[129.0209002653257,32.85748582364833],[129.02122068089452,32.857708896194666],[129.02158757213326,32.85683556462989],[129.02221047566093,32.85683614053764],[129.02192733250064,32.8558448952653],[129.02271322482576,32.85573336755963],[129.02319723233256,32.855530507919845],[129.0229860762197,32.85505987242484],[129.02258399723888,32.85513048042557],[129.02216716937426,32.85476185857116],[129.0217911854743,32.854938974408796],[129.0211321106309,32.854713709272325],[129.02094707342007,32.85515217403141],[129.0202273576529,32.85566884264827],[129.01981431058604,32.85538950837228],[129.0197549458511,32.85510702225418],[129.01938000608217,32.85509025001531],[129.01959866025584,32.854371464050146],[129.01900283391583,32.85430604927888],[129.0181965276779,32.85463570995496],[129.01800817049528,32.8548910869938],[129.01701872647024,32.85491251889282],[129.0164118024566,32.85472351097637],[129.0161080662934,32.85380161446242],[129.01569812091864,32.853546611668065],[129.0154810146326,32.85378474479985],[129.01507864313098,32.8537101445154],[129.0149248911466,32.85329743875331],[129.01438039720347,32.85342518718093],[129.01386278609618,32.853123773813294],[129.0132249779986,32.85350995979906],[129.01282623323897,32.85355080225346],[129.01292840085415,32.85303987714371],[129.01342073891655,32.852879471863154],[129.01292335210863,32.852788273726006],[129.01316002141058,32.85249160614953],[129.01359045134433,32.852516723419896],[129.0135612754298,32.85218925527526],[129.01387466163445,32.851729665440494],[129.01452702688505,32.85200724321057],[129.01445195367162,32.8526409128017],[129.01492718779755,32.85248584262788],[129.0152340010686,32.852649352958764],[129.0151501654024,32.85293127565081],[129.0156409078506,32.85248048859495],[129.01648806491448,32.852095999360834],[129.0167437364432,32.851640688925286],[129.01650138154798,32.85102021699063],[129.01699966272452,32.85094549080757],[129.0173434751975,32.85177376309314],[129.01828244435055,32.85140224513288],[129.01993836650007,32.85180719204562],[129.02008871282615,32.85205847109193],[129.0206397940071,32.8520993501818],[129.02095041160075,32.85175155820636],[129.0206404016652,32.851188554158135],[129.020434455616,32.851341965626204],[129.01967077839356,32.85090889256253],[129.01902345378124,32.850299498701716],[129.0179731039445,32.84973275644438],[129.01759552892767,32.84962127232625],[129.01787222009116,32.84922736941052],[129.01850272126444,32.84938761090213],[129.0187479504585,32.84967892172151],[129.01957193314152,32.84982276469491],[129.01989421770944,32.8494930558638],[129.01944098634303,32.848947533461924],[129.0192664179515,32.84902532793129],[129.0179525026613,32.84821225791113],[129.01780752485587,32.8477581127375],[129.01851810567473,32.847137723694836],[129.01880990077584,32.84711269216824],[129.01893810974815,32.84651619533856],[129.01928712446923,32.846381372680334],[129.01876373090283,32.845772469477716],[129.01872469792212,32.8454819346543],[129.0193602543387,32.845304024396405],[129.01988897019388,32.84571546940964],[129.02002324140716,32.8463688786541],[129.01962078870605,32.846709111216676],[129.0208115335881,32.84659463651509],[129.02066828127954,32.84680961643283],[129.02113789420548,32.84689257684444],[129.021551811782,32.84660018498727],[129.0217542349572,32.84670376624835],[129.02152044560154,32.847070787426894],[129.02267140203415,32.84720143734955],[129.02268045344286,32.847708282884675],[129.02311946717853,32.84771626470059],[129.02311548875446,32.848061638325596],[129.02389598620587,32.8481493688534],[129.02434729686198,32.8468561347729],[129.02479386467604,32.84625364098789],[129.02541059228278,32.84660047616855],[129.02570155859553,32.84632292718795],[129.02530701752391,32.845387186955776],[129.0253571192783,32.845006814991336],[129.02569523529885,32.844502199351915],[129.02613749866873,32.84430458570807],[129.02631778935836,32.84455236271791],[129.0267972013923,32.84439995935716],[129.0274800170139,32.84476417434577],[129.02755173422298,32.844940294142695],[129.02720456165605,32.84574516049135],[129.02729962294887,32.84614591489557],[129.0276725507037,32.84673168711063],[129.02749540092665,32.84750204076056],[129.02761259689993,32.84796329100162],[129.0272909387611,32.848786306111485],[129.0275522407971,32.848869353384316],[129.02755435646918,32.849280570294574],[129.02836820888712,32.849116816592755],[129.02879709794883,32.84922575101524],[129.02845841081933,32.84983768447334],[129.02828409744555,32.849868588547935],[129.02957613023668,32.85039829236466],[129.02854553541917,32.85073799874747],[129.02878495874927,32.8513205517457],[129.0284865648847,32.851785639380275],[129.02896946523524,32.85178474968004],[129.0291800459779,32.85216429231071],[129.02880526231516,32.85252991414076],[129.02962070993723,32.852677274235006],[129.0296716390783,32.85314818923191],[129.03026454406756,32.85336323880031],[129.03005912343818,32.854224588117205],[129.03024996146434,32.85429834751153],[129.02989928447266,32.85475243000933],[129.02938976832843,32.854732474856235],[129.02913168786827,32.85504622031057],[129.02874217004106,32.85496088633475],[129.02788594190883,32.85403331922183],[129.0277111955792,32.85595797543423],[129.02852204738548,32.85597005729589],[129.02837953861663,32.85644656823948],[129.02777811613305,32.857234258005384],[129.02728733159802,32.85730724811178],[129.02701945864553,32.857042910186294],[129.0261993505221,32.85736354729613],[129.02554216551096,32.85717799132438],[129.02546429118027,32.85756004855025],[129.02581300698452,32.85808170651745],[129.02616554838065,32.858294066239765],[129.02623957601978,32.85883631811043],[129.0259878998234,32.8597443640334],[129.02633172256768,32.860192052931616],[129.02688449901402,32.86051969777908],[129.02632055957147,32.860680781332704],[129.02590870452312,32.86056919954887],[129.02511335161347,32.861045932514976],[129.02474730394408,32.861562170963495],[129.0245410180003,32.86157310780951],[129.0239482608066,32.86252312684543],[129.02389163571695,32.863120797145],[129.02325862749535,32.86340874910332],[129.02332753678783,32.86370480220486],[129.02387809139012,32.863857491241085],[129.02521833485423,32.86359927892483],[129.02601330767217,32.86319739485451],[129.02691770145984,32.86311154252776],[129.0276350697384,32.86283561180139],[129.0279572623178,32.86252661353465],[129.02835417336217,32.862436128894714],[129.02860146978284,32.862751786793325],[129.0284282888376,32.86296575524708],[129.0284783520051,32.86359989373105]]]},"properties":{"KEY_CODE":"42411001006","PREF":"42","CITY":"411","CITY_NAME":"新上五島町","S_NAME":"若松郷","SETAI":"0"}},{"type":"Feature","geometry":{"type":"Polygon","coordinates":[[[129.03099125958178,32.85534810497036],[129.03055143296487,32.85528152179098],[129.0303763422109,32.854644196715014],[129.03074461563492,32.85430290246735],[129.03112326354886,32.854628968171724],[129.03099125958178,32.85534810497036]]]},"properties":{"KEY_CODE":"42411001006","PREF":"42","CITY":"411","CITY_NAME":"新上五島町","S_NAME":"若松郷","SETAI":"0"}},{"type":"Feature","geometry":{"type":"Polygon","coordinates":[[[129.03241641862286,32.86856998027578],[129.0320794136959,32.86885277882103],[129.03142062705248,32.86895221667344],[129.031275269393,32.8687568813046],[129.03167147115576,32.8681956621381],[129.03125728086036,32.867307650948874],[129.03152064335387,32.86680454902648],[129.03188702635305,32.866831170830395],[129.0321808999469,32.866216357265735],[129.0322642507351,32.865606161861834],[129.03174051224028,32.86542925067443],[129.03175614559453,32.86490176739887],[129.03202891039047,32.86484688607269],[129.03229963740432,32.86436183627104],[129.03200017228906,32.86421642985836],[129.03237487419727,32.8638733506342],[129.03264678136583,32.86317097839351],[129.03252593829822,32.86278366732957],[129.0327221771364,32.862643718085636],[129.0328727751949,32.861848009545106],[129.03276802260243,32.8614490279197],[129.03288360124623,32.86100307658864],[129.0334737766383,32.86073204239088],[129.03371581655531,32.85980861679697],[129.03428419234172,32.85961775134722],[129.03417863830518,32.8599762750229],[129.03451613417258,32.86123371616649],[129.0348845428813,32.86168236908802],[129.03549935715094,32.86200749137717],[129.0357133277369,32.86174767557076],[129.03612595015787,32.86212344594241],[129.03552487751833,32.862643343002205],[129.03553549638426,32.86347933675821],[129.0353050433815,32.864024966513114],[129.03468018807308,32.86459527262819],[129.03462885416317,32.864801584251374],[129.03506725206057,32.8651594205774],[129.03491210137915,32.86560703055192],[129.03530769425873,32.86720014832301],[129.03518984959905,32.86745761597575],[129.03423404992859,32.86755686167381],[129.03419349657804,32.86795168898862],[129.0337913221937,32.868031348571996],[129.0334363707819,32.86786138810776],[129.0328761626335,32.8683228128901],[129.03227036994613,32.86749000877882],[129.03210193368702,32.86761922899779],[129.03241641862286,32.86856998027578]]]},"properties":{"KEY_CODE":"42411001006","PREF":"42","CITY":"411","CITY_NAME":"新上五島町","S_NAME":"若松郷","SETAI":"0"}},{"type":"Feature","geometry":{"type":"Polygon","coordinates":[[[129.03505513194685,32.88259809711925],[129.03458616755069,32.88275958007543],[129.03378117672347,32.882601471102895],[129.03318345071966,32.88265334716458],[129.03274184348444,32.882287372150756],[129.03163326870944,32.882343644159036],[129.03055212595913,32.882059136092906],[129.03007129317928,32.8820401916434],[129.03034921597902,32.88142982715763],[129.03073409825373,32.88119770680817],[129.03058485555547,32.880920305056534],[129.0311098436199,32.87986357549734],[129.0311066245519,32.87885085925964],[129.0308308227656,32.8784602505746],[129.03097095129712,32.8768168190095],[129.03068031781902,32.87620070621693],[129.03078664718583,32.875495905359514],[129.03110684340857,32.87475674291714],[129.03080091658254,32.874405701965735],[129.03077651188468,32.87376984931815],[129.03031218676838,32.87366890730799],[129.0298001326821,32.87289234033407],[129.02986215798174,32.87227755189076],[129.0303608876404,32.87172753178674],[129.03046759914818,32.870744084659364],[129.0310925887731,32.87057328805299],[129.03132176489495,32.871291977738295],[129.0315507914521,32.87122339765123],[129.03169018174808,32.870729742027486],[129.03201349030056,32.87040991215397],[129.0323152180559,32.87054180206106],[129.03201624440626,32.87110791043525],[129.03228099738539,32.8713577925245],[129.03290021817557,32.87106162197303],[129.03294091344299,32.8708399289841],[129.03352924966956,32.870724895855275],[129.03354862212595,32.87050132651834],[129.03300872732717,32.87034240249337],[129.03263012230104,32.86999379733871],[129.0328891096004,32.86971972341676],[129.03259669855757,32.86944358601478],[129.03278036019907,32.869269324397884],[129.0335552686463,32.86923434500062],[129.0338373646525,32.869026183478],[129.03423533202837,32.86914490014507],[129.03415844015694,32.86852418946512],[129.03486150234062,32.86833022359856],[129.0353263050078,32.86792795731957],[129.035554718605,32.86818220291554],[129.03649238078748,32.86828758089508],[129.03668712073397,32.86844431778874],[129.03665584479117,32.868911323309156],[129.0361887809451,32.8697473422438],[129.03631570959183,32.8704052180962],[129.0355876019608,32.871300693270655],[129.03591544088238,32.871549901959796],[129.03607006766697,32.87201940526561],[129.03594239322862,32.87232013206707],[129.0352553283419,32.872307664005426],[129.0353561762824,32.87305110646762],[129.03592996913977,32.8734689666323],[129.03567466991936,32.873660097746026],[129.0347532237325,32.87350787532209],[129.03423468982623,32.87355463389937],[129.03432289713058,32.87384895081874],[129.0348522937175,32.873976266656754],[129.03557759249503,32.87443978310119],[129.03532744562358,32.87486629543622],[129.03609088947303,32.87622091287811],[129.03615962902586,32.87676764729969],[129.03606843600863,32.87745176862753],[129.03588094887306,32.87774144975378],[129.03560692745242,32.878853230837954],[129.03533399429608,32.87913267710444],[129.03510739887648,32.87975496456396],[129.03546604590952,32.88004216585221],[129.03535994517003,32.88030239096858],[129.03472453858973,32.880824858962264],[129.03518499526362,32.88105924003504],[129.03491541365375,32.88151814755591],[129.03530636308534,32.88217609956949],[129.03505513194685,32.88259809711925]]]},"properties":{"KEY_CODE":"42411001006","PREF":"42","CITY":"411","CITY_NAME":"新上五島町","S_NAME":"若松郷","SETAI":"0"}},{"type":"Feature","geometry":{"type":"Polygon","coordinates":[[[129.01240959005293,32.891416780997325],[129.01135733441384,32.891466502520394],[129.01038035360386,32.891850316600674],[129.00969046289728,32.892452819471224],[129.009155063644,32.89272681481987],[129.00862466435905,32.89353885149498],[129.00785829429884,32.89418732043312],[129.00739504232166,32.89437599337314],[129.00691103250358,32.89375968815749],[129.005562647644,32.89306404292773],[129.00510083023957,32.892229517210126],[129.00360086443416,32.89220300965339],[129.00259881081203,32.89205394615056],[129.0004919552922,32.891563774979275],[128.99955007971786,32.89110286497113],[128.9976575066689,32.8909498993886],[128.99769695208778,32.890589348835675],[128.99858585224817,32.89046847814984],[128.99913481906717,32.88921180920225],[128.99905478116113,32.88861902131031],[128.99864599194146,32.888517278733154],[128.99852043695688,32.88803793644898],[128.99858468454727,32.8874538469468],[129.00001391096882,32.885693896189856],[129.00049668876275,32.88480396090956],[129.00057546725975,32.88428394522836],[129.00087477562613,32.88370168594784],[129.00154905012764,32.883150688388675],[129.00196544065787,32.8829575321023],[129.00378486973514,32.882371224320714],[129.00423104126807,32.881485371731515],[129.00319392568443,32.8811251182032],[129.00300074342238,32.88079250322466],[129.00136139200433,32.88005483034535],[129.00087641733364,32.8799890559138],[128.9995023235357,32.87879680720321],[128.99924463573277,32.87882463376046],[128.99923926188816,32.879400855471054],[128.9983991796826,32.87978976197308],[128.99847451988865,32.88007321902486],[128.99909326300235,32.88084041139667],[128.99965085889286,32.88127370503769],[129.00005169507182,32.882019280970056],[128.9994164591167,32.88304386310684],[128.99917694049108,32.88420169417623],[128.99884411979886,32.884653954258035],[128.99792629787993,32.88536718532102],[128.9970042506558,32.885696235077276],[128.99625945456137,32.88623340312159],[128.99594420710253,32.885386542933766],[128.99587290747925,32.88472272275976],[128.99493638641826,32.88369017350702],[128.99460869354144,32.88326656860946],[128.99374042124347,32.882409499780415],[128.99323024022644,32.881315769929145],[128.9930302545591,32.88090167038027],[128.9923809455539,32.879933162671264],[128.99237481503553,32.87914248359798],[128.99315002891535,32.87797895867515],[128.99324868693748,32.877749421466845],[128.99326891959836,32.87761264173719],[128.99328955778685,32.87740468067533],[128.99326609912566,32.87697208975529],[128.99322852481842,32.87673104407348],[128.99402809896154,32.87657791074425],[128.99454725692792,32.87652258749545],[128.99527306635792,32.87602311224617],[128.99541852154766,32.875872968701394],[128.9957788448131,32.875492688525405],[128.99669958441686,32.87491190824777],[128.99719707531648,32.87437525363911],[128.99754643290763,32.874004990397],[128.99816302346775,32.87369487349404],[128.99875423169954,32.87338493259025],[128.9992309135834,32.87309301484286],[128.999739438019,32.87294306928974],[129.0000155008392,32.87286607878983],[129.00084101111625,32.87265065243506],[129.00121268619355,32.87219017333238],[129.00127029322988,32.87182498606786],[129.001392385199,32.871505770740534],[129.0014459381282,32.87133510352803],[129.0022754658983,32.871062468167054],[129.00305249553912,32.870980622324645],[129.0051624727297,32.871447315407245],[129.0061628785339,32.87187490134405],[129.0068968351771,32.87236504689336],[129.0074557504917,32.87291143085715],[129.00802470518997,32.87582475569475],[129.00806919705153,32.87645246362669],[129.00805929060706,32.87696034817252],[129.00865084592937,32.87698551953917],[129.00985872075296,32.87740545232607],[129.01073276900104,32.877908803766495],[129.0117519910602,32.87800686089921],[129.0126685172747,32.87792259364597],[129.01252671628043,32.878530359015066],[129.0120852366388,32.878921185925],[129.01172977523126,32.879642310991194],[129.01195458226977,32.88015866975975],[129.01286192169786,32.88084843976242],[129.01326625485765,32.88149376385523],[129.01348712665248,32.88280045314938],[129.0140986996822,32.88334111274556],[129.01496458061584,32.88481298901879],[129.01562265785515,32.88501419914592],[129.01554610849672,32.88595272079999],[129.01485753119022,32.88645069900483],[129.0145430478427,32.88735058495611],[129.01406951506408,32.888054655533885],[129.01293043098943,32.88931464991844],[129.01240959005293,32.891416780997325]]]},"properties":{"KEY_CODE":"42411002001","PREF":"42","CITY":"411","CITY_NAME":"新上五島町","S_NAME":"間伏郷","SETAI":"43"}},{"type":"Feature","geometry":{"type":"Polygon","coordinates":[[[128.99322852481842,32.876731044073495],[128.99242085208198,32.8766718497413],[128.99208105400425,32.876517718108126],[128.9906926129929,32.87539795020836],[128.98933177964147,32.87412103866064],[128.98895453928108,32.873068270976745],[128.98897928463356,32.87250288884285],[128.9892705133272,32.872111979742336],[128.9892438596615,32.871824963449846],[128.98836094611784,32.871639643187905],[128.98797735177712,32.871346381248195],[128.9877598422041,32.870743000988135],[128.98732277915585,32.87038496537457],[128.98733577149858,32.870093329524806],[128.98848968567088,32.86945253135651],[128.98914661638017,32.86852756510211],[128.9890302768309,32.86806326988708],[128.98924399904354,32.86706452213399],[128.98978607559144,32.86700721587039],[128.99040559024888,32.86649573025381],[128.99031851980982,32.866211313262255],[128.99095659720427,32.86580991990131],[128.99133249427416,32.8658484217034],[128.99136382723168,32.86560236445218],[128.99174208909187,32.865599396177956],[128.9918718130704,32.86533660195007],[128.99241566700343,32.86515575432903],[128.99333666061696,32.86573303484928],[128.9938085176,32.865624929827575],[128.99463862204865,32.86639931722752],[128.99526653350472,32.866661569218365],[128.99491301442882,32.868136358961564],[128.9951347177693,32.868795556851225],[128.99599853750811,32.86929141693696],[128.9964161959492,32.86932196126455],[128.99682475017937,32.86888083718923],[128.99759697989677,32.86761333271843],[128.99764290781908,32.86789942835007],[128.9980209342419,32.86882017687592],[128.99841766240826,32.86923869503462],[128.99888111059437,32.869454878026694],[128.99898463119925,32.86975835842037],[128.99944435466588,32.87028093806773],[129.00023289996048,32.87094212671545],[129.0014459381282,32.87133510352803],[129.001392385199,32.871505770740534],[129.00127029322988,32.87182498606786],[129.00121268619355,32.87219017333238],[129.00084101111625,32.87265065243506],[129.0000155008392,32.87286607878983],[128.999739438019,32.87294306928974],[128.9992309135834,32.87309301484286],[128.99875423169954,32.87338493259025],[128.99816302346775,32.87369487349404],[128.99754643290763,32.874004990397],[128.99719707531648,32.87437525363911],[128.99669958441686,32.87491190824777],[128.9957788448131,32.875492688525405],[128.99541852154766,32.875872968701394],[128.99527306635792,32.87602311224617],[128.99454725692792,32.87652258749544],[128.99402809896154,32.87657791074425],[128.99322852481842,32.876731044073495]]]},"properties":{"KEY_CODE":"42411002002","PREF":"42","CITY":"411","CITY_NAME":"新上五島町","S_NAME":"間伏郷","SETAI":"3"}},{"type":"Feature","geometry":{"type":"Polygon","coordinates":[[[128.98895453928108,32.873068270976745],[128.98861373678554,32.873084849364794],[128.9879407602747,32.873468431993366],[128.9874110053155,32.87393796938645],[128.9865369940346,32.87519435009763],[128.98595977643168,32.876339919377486],[128.985541903982,32.87679641757422],[128.98467526394785,32.87752062390413],[128.98388179558222,32.87777611117807],[128.98277244752185,32.87758464266502],[128.9821734212536,32.87715882578447],[128.98158888939315,32.876546393747454],[128.98079558267966,32.876015820685936],[128.98045283888217,32.87596271224319],[128.97924722164515,32.875756078570625],[128.97885644173428,32.87553732512494],[128.97807440253914,32.874712829782645],[128.9778593440161,32.87457672599138],[128.9770968624515,32.87419912974714],[128.9766361604532,32.8738903925828],[128.97651001500208,32.87348558389455],[128.97694237512073,32.87287738588763],[128.97766325134882,32.871586883395864],[128.9781258178762,32.871974778006624],[128.97866940916654,32.87221331595971],[128.97983624477055,32.872047736001065],[128.9806556718898,32.8717147788751],[128.98162049822164,32.870999160320046],[128.98203402594,32.870090070523645],[128.98184758967128,32.86833532911496],[128.98115206416298,32.867583056287906],[128.98112433172938,32.86684077488979],[128.98090485947438,32.866182468281096],[128.98049956597362,32.86586786324675],[128.9796864746976,32.86567600396185],[128.97879134177998,32.86507529042023],[128.9785255138335,32.86503810994801],[128.9778560949991,32.86439865779744],[128.97733765523571,32.863709328129445],[128.97705699254544,32.86291548962651],[128.9769489662009,32.8616660643204],[128.97677612942798,32.8608925082727],[128.97672600275078,32.85996977296411],[128.97647593419697,32.85979647873147],[128.97714006732312,32.85950888351568],[128.9774606704092,32.85913508561077],[128.97781891010405,32.85926013017323],[128.97832640340008,32.858900629239066],[128.97913741630003,32.85907264946669],[128.97948916992257,32.85902993354168],[128.97985361430366,32.858650896368324],[128.98069234914306,32.85864987735863],[128.98177677230052,32.85920987748359],[128.98213118804858,32.85907518133083],[128.98249783108236,32.85978009330731],[128.98248482769208,32.86017863019698],[128.98288123932304,32.86036603606008],[128.98295212442102,32.861038159224506],[128.98345687447025,32.86132881849953],[128.98357463680165,32.86165575319361],[128.98342810562923,32.86205012693982],[128.98387776557422,32.86208264963865],[128.98379193300045,32.862878568223614],[128.98410486161427,32.86290421071311],[128.98388506555563,32.86340198745606],[128.98414156663938,32.86357889454475],[128.9839869068729,32.863899287270556],[128.98420313172022,32.864386244810824],[128.98535955897987,32.86525853038847],[128.9855635553496,32.86564623073404],[128.98540941670979,32.86587645713547],[128.98577568552435,32.86628827751901],[128.9864559994574,32.86653545754496],[128.98771998649167,32.866736339385504],[128.98854015194613,32.866639599150254],[128.98901198702129,32.8670897190788],[128.98924399904354,32.86706452213399],[128.9890302768309,32.86806326988708],[128.98914661638017,32.86852756510211],[128.98848968567088,32.86945253135651],[128.98733577149858,32.870093329524806],[128.98732277915585,32.87038496537457],[128.9877598422041,32.870743000988135],[128.98797735177712,32.871346381248195],[128.98836094611784,32.871639643187905],[128.9892438596615,32.871824963449846],[128.9892705133272,32.872111979742336],[128.98897928463356,32.87250288884285],[128.98895453928108,32.873068270976745]]]},"properties":{"KEY_CODE":"42411002003","PREF":"42","CITY":"411","CITY_NAME":"新上五島町","S_NAME":"間伏郷","SETAI":"22"}},{"type":"Feature","geometry":{"type":"Polygon","coordinates":[[[128.99625945456137,32.88623340312159],[128.9958653134263,32.88676115043631],[128.99619361306512,32.88747938592709],[128.99604392685893,32.888248001902014],[128.9955590581583,32.88856166470468],[128.99505813846224,32.888311652094266],[128.99485948232035,32.88847496434249],[128.99441373789045,32.888294610681264],[128.99359038658804,32.88873405031852],[128.99354532773856,32.8895129950709],[128.99392318470353,32.89016380431515],[128.9941810371738,32.89031093821556],[128.9937397796251,32.89102786547796],[128.99375152436096,32.891597835844735],[128.99400368412628,32.89198300987478],[128.9937264548884,32.892620340201084],[128.99384115426724,32.893690313720235],[128.9932565732431,32.894049550768344],[128.9923959182744,32.89389636485399],[128.9912940212309,32.89462592003883],[128.99059349713326,32.894325479456356],[128.990279349333,32.8937425535445],[128.98926188075532,32.89242631520684],[128.98846959039486,32.892100238921955],[128.98788919528403,32.891730836138684],[128.98735249882296,32.891198392220915],[128.9871117386608,32.89031907123068],[128.9866639125118,32.88995111385196],[128.9858444638392,32.88951850085083],[128.98569959595642,32.888882152534954],[128.98592547636946,32.88789112959945],[128.98657483291075,32.88741765699033],[128.98656437935486,32.887008213158104],[128.98719062454748,32.885169346589784],[128.98719252490588,32.88465172715554],[128.98761549485556,32.88358395211764],[128.98699706037888,32.8831539632376],[128.9870223477453,32.882844757080136],[128.98751142365307,32.882358904383885],[128.98718245390424,32.881584722818026],[128.98733988490343,32.881004935201055],[128.98783953477445,32.87999308631056],[128.988308773969,32.87949037219377],[128.9892442213858,32.87901734113398],[128.98990233920722,32.879061695899466],[128.99092975096215,32.87828775878057],[128.99232624694955,32.877763497850374],[128.99296936396578,32.8776334414866],[128.9932689195984,32.87761264173719],[128.99315002891535,32.87797895867515],[128.99237481503553,32.87914248359798],[128.9923809455539,32.879933162671264],[128.9930302545591,32.88090167038027],[128.99323024022644,32.881315769929145],[128.99374042124347,32.882409499780415],[128.99460869354144,32.88326656860946],[128.99493638641826,32.88369017350702],[128.99587290747925,32.88472272275976],[128.99594420710253,32.885386542933766],[128.99625945456137,32.88623340312159]]]},"properties":{"KEY_CODE":"42411002004","PREF":"42","CITY":"411","CITY_NAME":"新上五島町","S_NAME":"間伏郷","SETAI":"3"}},{"type":"Feature","geometry":{"type":"Polygon","coordinates":[[[128.97926785400148,32.89758286453838],[128.97937330913044,32.89719365075297],[128.97933847501022,32.89650422467158],[128.97932167819263,32.89605010897043],[128.97908667327687,32.89521215767323],[128.97859981110503,32.894198093053106],[128.9778291792931,32.89348097036873],[128.97660373339912,32.892370798337495],[128.97526285533735,32.89105225858813],[128.9742432900197,32.89022738972831],[128.97364343602902,32.89008294507765],[128.97354047448124,32.8892734949284],[128.97336460748156,32.888790211161925],[128.9738321315583,32.888309640809084],[128.97395616469822,32.88748581587143],[128.9740858544428,32.886707253583516],[128.97464888853608,32.886196935783296],[128.97585342885978,32.88599088696669],[128.97675952690608,32.885894157270954],[128.97696612230396,32.8852013777333],[128.97732270077543,32.884333291825605],[128.9775732438456,32.884274026283244],[128.97832308789077,32.88440785009908],[128.97907365818375,32.884410985297464],[128.97939971310754,32.883668422201474],[128.97980336315064,32.88187063399581],[128.98039623840953,32.88031488985545],[128.98082311916215,32.87963809318917],[128.98169605455965,32.87908880400835],[128.98254334830878,32.878840995997855],[128.9832007910757,32.87846170060158],[128.98384210597462,32.87799035023709],[128.98388179558222,32.87777611117807],[128.98467526394785,32.87752062390413],[128.985541903982,32.87679641757422],[128.98595977643168,32.876339919377486],[128.9865369940346,32.87519435009763],[128.9874110053155,32.87393796938645],[128.9879407602747,32.873468431993366],[128.98861373678554,32.873084849364794],[128.98895453928108,32.873068270976745],[128.98933177964147,32.87412103866064],[128.9906926129929,32.87539795020836],[128.99208105400425,32.876517718108126],[128.99242085208198,32.8766718497413],[128.99322852481842,32.876731044073495],[128.99326609912566,32.87697208975529],[128.99328955778685,32.87740468067533],[128.9932689195984,32.87761264173719],[128.99296936396578,32.8776334414866],[128.99232624694955,32.877763497850374],[128.99092975096215,32.87828775878057],[128.98990233920722,32.879061695899466],[128.9892442213858,32.87901734113398],[128.988308773969,32.87949037219377],[128.98783953477445,32.87999308631056],[128.98733988490343,32.881004935201055],[128.98718245390424,32.881584722818026],[128.98702856999245,32.880840118719604],[128.98718660752704,32.88048817401869],[128.98682091180896,32.88015480748336],[128.986314685346,32.8804674514604],[128.9859064446699,32.881204335566714],[128.98578499461271,32.88243296525914],[128.98537907130662,32.88424568347707],[128.98537610606544,32.885313377867746],[128.98509278186202,32.886253674475626],[128.98438717356711,32.88721295993004],[128.9841169461756,32.888282244378146],[128.9834594446312,32.88868893419071],[128.98375344120916,32.889962554163226],[128.98406610520604,32.89022987111465],[128.98445842878863,32.89151292111456],[128.9843391258814,32.89235829231365],[128.98449307472856,32.8925365796017],[128.98420866048164,32.89329198958669],[128.98362083883322,32.89402360946363],[128.9833463606902,32.8947195454863],[128.98216406873988,32.895288181786114],[128.98165861217254,32.89563055352139],[128.981164667898,32.895473406149286],[128.98042358074562,32.895531644545],[128.97994973796986,32.89594989334865],[128.97987634633236,32.89735364249679],[128.97926785400148,32.89758286453838]]]},"properties":{"KEY_CODE":"42411002005","PREF":"42","CITY":"411","CITY_NAME":"新上五島町","S_NAME":"間伏郷","SETAI":"13"}},{"type":"Feature","geometry":{"type":"Polygon","coordinates":[[[128.97364343602902,32.89008294507765],[128.97273040901666,32.89040323259091],[128.9719026385705,32.89044795580955],[128.97076294622488,32.89012099727918],[128.9699553994677,32.8905757960586],[128.96816500989274,32.892887685489534],[128.96713590425892,32.89366012210725],[128.965432449609,32.89442965904782],[128.96428441570671,32.894477864374444],[128.9643101009109,32.89429671146191],[128.96507629940965,32.89379139346316],[128.9654513066995,32.8932870933661],[128.9654280940639,32.89235004974674],[128.96578085530643,32.891454285637664],[128.96615140727766,32.89097341522945],[128.9665235966993,32.88932925286453],[128.9669377084432,32.888892747183526],[128.967225455468,32.888140087083045],[128.9682273157537,32.887716901248794],[128.96911088114868,32.88616237908764],[128.96925333967815,32.88611158054294],[128.9696382694143,32.88518619006552],[128.9696584491427,32.8843079432746],[128.96949602055523,32.883948349587065],[128.9695143578585,32.88337941071091],[128.9691804448512,32.882562784826696],[128.9697121069251,32.88211956956984],[128.969973881279,32.88159042905323],[128.97044605800477,32.88126418988749],[128.97149792782525,32.88122535930871],[128.97197134809505,32.88068809297903],[128.97267903071793,32.88011034506431],[128.9731998527146,32.879870868798804],[128.9740869557052,32.87895208407844],[128.97387731218777,32.87880331600501],[128.97454108995245,32.878056725589865],[128.97499583739838,32.87813889892475],[128.974988039496,32.87783315764492],[128.97450673235159,32.87663627019469],[128.97404890932646,32.8758047024678],[128.973463671387,32.87556236722341],[128.97320738066438,32.87516450195414],[128.9719653663378,32.87449103877813],[128.97161434699743,32.8745752236038],[128.97040382505156,32.8741760138676],[128.9701541481555,32.87375020863695],[128.96983569778698,32.87393101944148],[128.96877204635612,32.87381828496362],[128.9683673440072,32.87430082315337],[128.96752534230282,32.87428641255262],[128.96690479132175,32.87405561509554],[128.96687375977714,32.873884143407054],[128.9661762913419,32.87400651553597],[128.9657657249099,32.873509676083906],[128.9659425746706,32.87324079515749],[128.96583926631538,32.87264878552292],[128.9661066327155,32.8720772950453],[128.96855587435218,32.87046723193536],[128.9685936701562,32.87004446052829],[128.96897267796965,32.87027602823389],[128.96921590229735,32.87017155162332],[128.97027622259895,32.870296888140544],[128.9708925193564,32.87016603850652],[128.97195558979783,32.87091180798288],[128.9722327148352,32.87157308830653],[128.97255259136787,32.8718747326214],[128.9732557093694,32.87205625033713],[128.97406793634224,32.87204163469256],[128.97655671537808,32.87150018683541],[128.97766325134882,32.871586883395864],[128.97694237512073,32.87287738588763],[128.97651001500205,32.873485583894514],[128.9766361604532,32.87389039258281],[128.9770968624515,32.87419912974714],[128.9778593440161,32.87457672599138],[128.97807440253914,32.874712829782645],[128.97885644173428,32.87553732512496],[128.97924722164515,32.875756078570625],[128.98045283888217,32.87596271224319],[128.9807955826797,32.87601582068594],[128.98158888939315,32.876546393747454],[128.9821734212536,32.87715882578447],[128.98277244752185,32.87758464266502],[128.98388179558222,32.87777611117807],[128.98384210597462,32.87799035023713],[128.9832007910757,32.87846170060158],[128.98254334830878,32.878840995997855],[128.98169605455965,32.87908880400835],[128.98082311916215,32.87963809318917],[128.98039623840953,32.88031488985545],[128.97980336315064,32.88187063399581],[128.97939971310754,32.883668422201474],[128.97907365818375,32.884410985297464],[128.97832308789077,32.88440785009908],[128.9775732438456,32.884274026283244],[128.97732270077543,32.884333291825605],[128.97696612230396,32.8852013777333],[128.97675952690608,32.885894157270954],[128.97585342885978,32.88599088696669],[128.97464888853608,32.886196935783296],[128.9740858544428,32.886707253583516],[128.97395616469822,32.88748581587143],[128.9738321315583,32.888309640809084],[128.97336460748156,32.888790211161925],[128.97354047448124,32.8892734949284],[128.97364343602902,32.89008294507765]]]},"properties":{"KEY_CODE":"42411002006","PREF":"42","CITY":"411","CITY_NAME":"新上五島町","S_NAME":"間伏郷","SETAI":"28"}},{"type":"Feature","geometry":{"type":"Polygon","coordinates":[[[129.00739504232166,32.89437599337314],[129.0078257613981,32.89516978966299],[129.0077601943741,32.89666678790191],[129.0082132121859,32.89757658785635],[129.00804967329213,32.89815551638274],[129.00833969440296,32.899547658631235],[129.0080806315139,32.90084103949487],[129.00802991266892,32.90172952387373],[129.0081525254285,32.90233857937173],[129.00862905740325,32.90313254357336],[129.0087412087697,32.90355801156555],[129.00871001494147,32.90506478708517],[129.00824568296505,32.90620278563255],[129.00816888202937,32.90767073876171],[129.00784148796805,32.90888655827834],[129.00705332919935,32.910593186800185],[129.00640223215166,32.91162399851764],[129.00510797262302,32.912382166248996],[129.00391757646685,32.91266632989836],[129.00300033277017,32.91174603200408],[129.00195253471097,32.9102834975722],[129.00125341412158,32.90873425268472],[129.00095236064283,32.9086155916166],[128.99868388066284,32.90861139496125],[128.99736932803535,32.9081803463202],[128.99581426274202,32.90821323495542],[128.99562915925756,32.908114615970774],[128.9952641113101,32.90701691343057],[128.994574825946,32.90580045675346],[128.99431727064237,32.90459557134559],[128.99392645572308,32.904442185347456],[128.99237075430696,32.90436443237251],[128.99040440136156,32.90390992421689],[128.98984500223443,32.90362188387028],[128.98941119231733,32.90358439110541],[128.98761643094375,32.903661867847354],[128.98644031107446,32.903853495687635],[128.98514663941785,32.90423215964816],[128.98488788625468,32.90503478846417],[128.9833615739999,32.905367827870705],[128.9825574984093,32.90529306661413],[128.9817039395602,32.90552616755552],[128.98077838847516,32.906308171847925],[128.98055883279164,32.90694859021179],[128.98024438084278,32.906793075841115],[128.98021556681752,32.906422332401945],[128.9804035447513,32.905533972377434],[128.98016251294467,32.90489271437732],[128.98043262153232,32.90385499629915],[128.98130493340122,32.903855006253124],[128.98156397421207,32.90415908023863],[128.98208123544825,32.90399980286795],[128.98249580090814,32.90421524013039],[128.9830026751902,32.90400361503007],[128.98326667812134,32.903276975865296],[128.98432499464516,32.90198460780789],[128.9851191406809,32.90126015450844],[128.98540727232398,32.901344305411904],[128.98586929894745,32.90112166628698],[128.98597873327304,32.90086331758088],[128.986612177779,32.900385276540504],[128.9866000469485,32.89952855006767],[128.98630850127986,32.89947955909998],[128.9867600531373,32.89902963540794],[128.98724743608216,32.89885309015397],[128.98756173817412,32.89829348068728],[128.98811614615917,32.8977952748112],[128.98864782455385,32.89771989606084],[128.98954848617453,32.898168158783214],[128.98994326272768,32.89867295574305],[128.99048123438243,32.8997365327729],[128.99128100754865,32.8995125472828],[128.99199007134305,32.8985162787068],[128.99228783053874,32.89785018230355],[128.99220117453413,32.89748731785438],[128.992887080149,32.89679844800044],[128.99376279699973,32.89674608971122],[128.99355956606527,32.897525294547876],[128.99435512056814,32.89766378369653],[128.9946846321295,32.89798975396486],[128.99473818710212,32.89834527067861],[128.99561864053493,32.898785280783436],[128.9963593781225,32.899543959625426],[128.99747286755863,32.900172463156274],[128.99812235632513,32.90025082798523],[128.99869925192553,32.900688698367794],[128.99915521746564,32.90172124826422],[128.99948573368252,32.902067958363155],[128.99991640261135,32.90208500753601],[129.00060840568503,32.90240339708206],[129.00088590633604,32.90266692701273],[129.00116647322116,32.90258508412289],[129.00118518013784,32.90191514639148],[129.0015702575604,32.901677715847256],[129.0015977270971,32.90116471541508],[129.00106420541505,32.900420429945825],[129.00092607475173,32.89989234287683],[129.0002236850403,32.899337648536786],[129.00024846934744,32.89873175715594],[128.99991260039604,32.898395859453096],[128.99933810519727,32.89734029250053],[128.99896390252258,32.897162039436424],[128.99884766496675,32.89673864853135],[128.99814330727185,32.89634715182881],[128.9974929170844,32.89624895231665],[128.99728313216283,32.89572688738996],[128.99671178115238,32.89526107359293],[128.99671534577777,32.894439577696076],[128.9968838292121,32.89394337445872],[128.9974103116213,32.89345944405282],[128.99828710136117,32.89302560984519],[128.99836384452925,32.892307203458465],[128.99805703122155,32.89137083035558],[128.9976575066689,32.8909498993886],[128.99955007971786,32.89110286497113],[129.0004919552922,32.891563774979275],[129.00259881081203,32.89205394615056],[129.00360086443416,32.89220300965339],[129.00510083023957,32.892229517210126],[129.005562647644,32.89306404292773],[129.00691103250358,32.89375968815749],[129.00739504232166,32.89437599337314]]]},"properties":{"KEY_CODE":"42411003001","PREF":"42","CITY":"411","CITY_NAME":"新上五島町","S_NAME":"榊ノ浦郷","SETAI":"29"}},{"type":"Feature","geometry":{"type":"Polygon","coordinates":[[[129.00391757646685,32.91266632989836],[129.00379967516952,32.913688826983226],[129.0033600682509,32.913921791175746],[129.0011118450249,32.9145439227532],[129.0001257104473,32.91503582974511],[128.99966418760673,32.915367560363954],[128.99897578004214,32.91613112848519],[128.99810703729912,32.9166415150178],[128.99657688155065,32.91692386721774],[128.99628502085687,32.91749969660425],[128.99557962222323,32.91799976394158],[128.99548477307152,32.919525992376215],[128.995075510133,32.92076017391948],[128.99544474082978,32.92151286831735],[128.99552773354853,32.922070542689106],[128.99540551035145,32.92248467270053],[128.99490742827624,32.923002143678396],[128.99515629069796,32.923843341342106],[128.99508177664939,32.9247100575714],[128.99487456224404,32.925775429320964],[128.99404819608299,32.927092737760255],[128.99340982959373,32.92771822322065],[128.99261914887697,32.92792989011234],[128.992359656035,32.928430776432045],[128.98964193157954,32.93009776702853],[128.98910975437818,32.93020463119787],[128.9870419228534,32.93002653252276],[128.98616525059427,32.930071389386306],[128.98484408225778,32.929969017089554],[128.98402415134163,32.93014737886759],[128.98294643075036,32.93017927148765],[128.9823929447028,32.93028579518064],[128.9829405526121,32.93008426664972],[128.9833661527017,32.92953053778063],[128.98433918836392,32.92916122617072],[128.98448071702893,32.92928084074287],[128.9850357531388,32.929085643076085],[128.98543638209523,32.929334377082164],[128.98615218878342,32.92888644014746],[128.98625490227974,32.928503611314014],[128.98686836959007,32.928372668656],[128.98672168998357,32.92803841194168],[128.9868852340851,32.92767386781816],[128.98776182570853,32.927530478530294],[128.98796960097172,32.92765757789331],[128.98889677326338,32.92744856032366],[128.9894253537516,32.92720182767116],[128.99017785631133,32.92613269987393],[128.99088583766576,32.92554762890504],[128.99054642891653,32.92506830705957],[128.9907314443963,32.923942744257474],[128.99065159896594,32.92332921411284],[128.9902061756363,32.92324623983071],[128.98966184808387,32.92345413962005],[128.9893115047847,32.92487750713457],[128.98894907131813,32.9248661013387],[128.9884625402681,32.92524015129081],[128.98791059267958,32.92509360837924],[128.9875829002046,32.92480910663216],[128.9875157915224,32.92439492489646],[128.9876994837544,32.92406202308776],[128.9872658775645,32.923422693530135],[128.98742005026708,32.92338455120584],[128.9869215807864,32.92250057926056],[128.98717986720825,32.922022793779824],[128.98706313445533,32.92150199279679],[128.9870285227666,32.92045940944952],[128.98653931154786,32.92019499222085],[128.98606431366505,32.92023902938553],[128.98586231721444,32.92004070906639],[128.98520782514706,32.91988832901189],[128.98424534014035,32.92010619325484],[128.98416113377075,32.91987770084989],[128.98340152492509,32.919962037482335],[128.98307559860078,32.92029795468716],[128.98285568819236,32.92005716994582],[128.98251533312637,32.92030284935788],[128.98250275686925,32.920812295609984],[128.98220798024954,32.92111948111317],[128.98216495690767,32.92079826865643],[128.9811903138851,32.92053541914797],[128.9807404359023,32.91994740330157],[128.97971768347475,32.92004956684068],[128.97920769023347,32.92023500916432],[128.97930731262625,32.91983413838221],[128.97878792064745,32.919977154819236],[128.97866779166696,32.919496015144055],[128.97761890035702,32.91877473410989],[128.97773875774433,32.91766876750216],[128.97799898891165,32.91759771307027],[128.97797011377597,32.9170538299414],[128.97831660395408,32.91685148079344],[128.97957345638852,32.91729587135948],[128.9802369462426,32.91719041959398],[128.9803779227521,32.917400216834615],[128.98104177650512,32.91741830587939],[128.98151729722142,32.91691078151498],[128.9814980612345,32.91562838991838],[128.98088885271747,32.915409438279994],[128.98049527038347,32.91506874325167],[128.98044745657052,32.91446887058164],[128.97983608826263,32.91407856934146],[128.97982015778075,32.91369705800609],[128.98122726282108,32.91385078877029],[128.98239952175538,32.91468166981723],[128.98303006089853,32.914536385591745],[128.98319232000546,32.91421152262389],[128.983126894163,32.91351328215161],[128.98343459285215,32.91336305899955],[128.984107161747,32.91334960602707],[128.98426687928955,32.91364062642491],[128.98481524692582,32.913656413743574],[128.98613658003399,32.91329934656398],[128.986231450907,32.912984118341654],[128.9855694248255,32.91228793660096],[128.9857183243069,32.91205408976791],[128.98503922852152,32.91153818670029],[128.98502767229692,32.911133249815805],[128.9857456322783,32.910844027492146],[128.98579277300072,32.91101104863636],[128.98642588566537,32.910604252308794],[128.98683044571663,32.90997196291079],[128.98714494729032,32.909935386084534],[128.98769979445706,32.909570639548825],[128.98785708754028,32.90879936577431],[128.9882621063737,32.90808411972257],[128.98812235547683,32.90784908787267],[128.98736375976196,32.9077756420273],[128.98739110334427,32.907112056355],[128.98673498144402,32.90670086307474],[128.98651885368596,32.906914594191875],[128.98593501478348,32.90694465337135],[128.98562701662556,32.90714358035419],[128.98507765366085,32.907860030884564],[128.98490257860988,32.90837421703646],[128.98440640172265,32.90876805267831],[128.983292587445,32.90911244170585],[128.9831030124679,32.90824956112528],[128.98321822204764,32.907375320619465],[128.9829185184881,32.9067085773549],[128.98238238203476,32.90680104522943],[128.98231001059534,32.90656538727269],[128.98137165096176,32.906522716175246],[128.9811672031321,32.90675092112688],[128.98055883279164,32.90694859021179],[128.98077838847516,32.906308171847925],[128.9817039395602,32.90552616755552],[128.9825574984093,32.90529306661413],[128.9833615739999,32.905367827870705],[128.98488788625468,32.90503478846417],[128.98514663941785,32.90423215964816],[128.98644031107446,32.903853495687635],[128.98761643094375,32.903661867847354],[128.98941119231733,32.90358439110541],[128.98984500223443,32.90362188387028],[128.99040440136156,32.90390992421689],[128.99237075430696,32.90436443237251],[128.99392645572308,32.904442185347456],[128.99431727064237,32.90459557134559],[128.994574825946,32.90580045675346],[128.9952641113101,32.90701691343057],[128.99562915925756,32.908114615970774],[128.99581426274202,32.90821323495542],[128.99736932803535,32.9081803463202],[128.99868388066284,32.90861139496125],[129.00095236064283,32.9086155916166],[129.00125341412158,32.90873425268472],[129.00195253471097,32.9102834975722],[129.00300033277017,32.91174603200408],[129.00391757646685,32.91266632989836]]]},"properties":{"KEY_CODE":"42411003002","PREF":"42","CITY":"411","CITY_NAME":"新上五島町","S_NAME":"榊ノ浦郷","SETAI":"43"}},{"type":"Feature","geometry":{"type":"Polygon","coordinates":[[[128.96679728247642,32.90552899302988],[128.9671426345556,32.90569368201817],[128.9668526706207,32.9060964358923],[128.96633101723725,32.90626464764631],[128.96640872380422,32.905786144226674],[128.96679728247642,32.90552899302988]]]},"properties":{"KEY_CODE":"424110040","PREF":"42","CITY":"411","CITY_NAME":"新上五島町","S_NAME":"漁生浦郷","SETAI":"0"}},{"type":"Feature","geometry":{"type":"Polygon","coordinates":[[[128.97926785400148,32.89758286453838],[128.97899930742145,32.89744467465443],[128.97893967537723,32.8968546658575],[128.9786701229399,32.896525302957954],[128.97861558009055,32.89597950519388],[128.97784554650144,32.89569042662754],[128.97737251614598,32.89615286003778],[128.97680449264078,32.89640929240129],[128.97639271955134,32.89718128444447],[128.97578323690726,32.89775405682346],[128.97530001102143,32.89795222371998],[128.9751379466944,32.898421362182155],[128.97432291461817,32.89833317562542],[128.97378685300671,32.897877330491625],[128.97367016394594,32.89664862434834],[128.97379227437023,32.895883530945696],[128.97302892981605,32.89554665775706],[128.97174258785427,32.89580725104602],[128.97130781097465,32.896663003851465],[128.97121396378654,32.897340732571614],[128.9707727779868,32.89765809651284],[128.97071772201647,32.897928395051096],[128.97087682950217,32.89884977425143],[128.9711751274229,32.899558029117365],[128.97163188525195,32.9020154828751],[128.97162590541694,32.90320309228355],[128.97121136836623,32.903521467695214],[128.9696061814272,32.90363370280519],[128.96821319547533,32.903830682814366],[128.96789720911482,32.90340009135016],[128.96739326204536,32.90329965779147],[128.96698223388609,32.902675683769175],[128.96651692932932,32.90272599995712],[128.96588907541297,32.902427539820145],[128.9652929070553,32.90273429710703],[128.96544635727693,32.90299195817235],[128.9652388270893,32.90354655740127],[128.9651340222026,32.90337928195485],[128.9642768477398,32.90317632384865],[128.9636767902807,32.90359307362517],[128.9633455816825,32.90338424562398],[128.96259297591,32.903746228585064],[128.96250492872824,32.904336507989875],[128.96275152227363,32.90474787232711],[128.96311769046505,32.90483150277704],[128.96317589829792,32.90528084011649],[128.96283432155224,32.90608103897183],[128.9622990146576,32.90674424026768],[128.96245196556444,32.90726341432488],[128.96312487288486,32.907884016719294],[128.9640278719609,32.90829910278203],[128.96453916847852,32.90824448435637],[128.9658750358133,32.90849638004792],[128.96704846653307,32.908915294256815],[128.9673612921866,32.90915830824689],[128.96912079480228,32.909186531815855],[128.96955414578173,32.90930379589105],[128.97014321960444,32.90983382804643],[128.97030333026595,32.91041434118624],[128.97075681659052,32.91055964648413],[128.9704112767947,32.91095405356749],[128.97031328712688,32.911608326582346],[128.96992589214898,32.91185647524745],[128.96980569742098,32.91157100226355],[128.9695402753144,32.91179982648578],[128.96967052978903,32.91129629698608],[128.96958926567265,32.910757595473704],[128.968911788981,32.910526573685694],[128.968152216994,32.91097151549707],[128.96741635786188,32.91120735077111],[128.96705529380674,32.91115892708321],[128.966799366929,32.911412126934515],[128.9669224760327,32.911913131870506],[128.96660081301903,32.91260432147928],[128.96598039695817,32.91319592938139],[128.96557968956512,32.91386964107529],[128.9650557851347,32.91405677006332],[128.9647106521947,32.91331765180001],[128.96423755257095,32.91164014151598],[128.9639264234304,32.91146206485881],[128.96343224693848,32.91150683825671],[128.9632387372765,32.910980279175455],[128.96242441409424,32.910751338143335],[128.9618951995096,32.91093482160668],[128.96143880331516,32.911443252600854],[128.9611661213738,32.91128247182024],[128.9610747334417,32.91065895171451],[128.9603179448007,32.910639456677615],[128.95940615946913,32.911145009609584],[128.9592171156528,32.911466123017746],[128.95895516790637,32.91059297841841],[128.95931447689512,32.910050771839785],[128.9593407873675,32.909419649319155],[128.9591901814202,32.90922421027069],[128.95872584280895,32.90928081305678],[128.95879327671383,32.90874095271959],[128.95859789098338,32.90817830722312],[128.95799609124916,32.9078167869742],[128.957329981511,32.907654288952244],[128.95692570164843,32.907860835925995],[128.95584563981384,32.90913574201959],[128.95581267509945,32.909111248959185],[128.9568615116364,32.90786867619333],[128.95673254711338,32.907283764413506],[128.9574881903355,32.90678206009699],[128.95812028550932,32.90673520669194],[128.9589156100051,32.9060379887822],[128.95992608693058,32.905638362608734],[128.96019310802427,32.90515436749555],[128.9610275160797,32.904699871812085],[128.96194553943627,32.904392716520434],[128.9624686000426,32.904336351787535],[128.9625555133186,32.9037541869679],[128.96172790355186,32.90361355575572],[128.9611009763848,32.90369381920274],[128.96131685843773,32.903178029030165],[128.96100898187652,32.902469718621],[128.96098051479962,32.90170398847403],[128.96122091373704,32.90084202770397],[128.9610667455976,32.900354406529246],[128.96061780468742,32.90017302307156],[128.96087397766766,32.89917496680228],[128.96133306889297,32.89856283390675],[128.9631506540844,32.89778881436045],[128.96375654266268,32.89675258037388],[128.96446380764718,32.89680881142178],[128.9649300256586,32.896074965134204],[128.96478232419133,32.89557204394763],[128.96442702801556,32.8952909729109],[128.96412365962465,32.8947215541346],[128.96428441570671,32.894477864374444],[128.965432449609,32.89442965904782],[128.96713590425892,32.89366012210725],[128.96816500989274,32.892887685489534],[128.9699553994677,32.8905757960586],[128.97076294622488,32.89012099727918],[128.9719026385705,32.89044795580955],[128.97273040901666,32.89040323259091],[128.97364343602902,32.89008294507765],[128.97424329001973,32.89022738972831],[128.97526285533735,32.89105225858812],[128.97660373339912,32.892370798337495],[128.9778291792931,32.89348097036873],[128.97859981110503,32.894198093053106],[128.97908667327687,32.89521215767323],[128.97932167819263,32.89605010897043],[128.97933847501022,32.89650422467158],[128.97937330913044,32.89719365075297],[128.97926785400148,32.89758286453838]]]},"properties":{"KEY_CODE":"424110040","PREF":"42","CITY":"411","CITY_NAME":"新上五島町","S_NAME":"漁生浦郷","SETAI":"11"}},{"type":"Feature","geometry":{"type":"Polygon","coordinates":[[[128.97124298580127,32.92925888951213],[128.97103902393263,32.92939238751488],[128.9704072222545,32.92918951545212],[128.9704464963646,32.928523278789136],[128.97076111046326,32.92830458332165],[128.9715285319229,32.92835292267868],[128.971691961504,32.928740470497445],[128.97124298580127,32.92925888951213]]]},"properties":{"KEY_CODE":"424110050","PREF":"42","CITY":"411","CITY_NAME":"新上五島町","S_NAME":"日島郷","SETAI":"0"}},{"type":"Feature","geometry":{"type":"Polygon","coordinates":[[[128.95511096785341,32.91597815665458],[128.9561927482523,32.9159996817574],[128.9562317439197,32.91556519942773],[128.95699231679694,32.91462525819967],[128.9573728251758,32.914814486051164],[128.95729925929228,32.91548056438993],[128.9569646280938,32.91565586087634],[128.9568329369784,32.91603312198996],[128.9570063064521,32.91635219657628],[128.95737590897417,32.916407010229456],[128.9585494809532,32.916115419213256],[128.95958361061432,32.916418386125585],[128.96006861169394,32.916307763220225],[128.96032438405888,32.916614560351356],[128.9605025374372,32.917206890467085],[128.96192677274792,32.917892954897496],[128.9617636505819,32.918697532505604],[128.96282481968453,32.91896270353941],[128.96371832803186,32.91830555224114],[128.9645813913547,32.91826236041292],[128.9651822457978,32.918616621325],[128.96528588866082,32.919159927817276],[128.9656501252593,32.9195744917955],[128.96629480125088,32.919401403856796],[128.9663395859514,32.918892099125976],[128.96688188360767,32.918671677156766],[128.9671059495777,32.918928737350804],[128.96681358409583,32.91900775037561],[128.96718358509037,32.919353795407964],[128.96706279506768,32.9198835239116],[128.9671964160126,32.92095898849934],[128.9669170028253,32.92155025638808],[128.96651159467896,32.92157648542947],[128.96568411706022,32.92191921993716],[128.96552243644587,32.922668796218545],[128.96632186335634,32.92378950198105],[128.96665159597367,32.92372237140376],[128.9678355388936,32.92492225786994],[128.96793227348883,32.92554849693082],[128.96813377626736,32.925469095002995],[128.96905475179773,32.92594283835384],[128.9689515091521,32.927295043546444],[128.96875140930794,32.92749528354343],[128.96882062123967,32.92808081670657],[128.96918333501355,32.92822123449876],[128.96906597432522,32.92871490066077],[128.96878923833972,32.92885710758752],[128.9690699352691,32.9291207118091],[128.9687413080419,32.92953683368335],[128.9690939365922,32.930113658037314],[128.9684296177589,32.93033898057484],[128.9684277703601,32.93011082349474],[128.96776278635429,32.93009176042524],[128.9676681864238,32.93035466994196],[128.96619931591857,32.93100578921076],[128.96599517363774,32.9315207235937],[128.9648295031192,32.931539179720474],[128.9643674153406,32.93174370188722],[128.96371945699278,32.93261563384563],[128.96280306500356,32.93278483586231],[128.96276518711156,32.931977591996834],[128.96244706447368,32.93171561324368],[128.96157222528012,32.93173618902197],[128.9615736997204,32.931493620984035],[128.96119129704326,32.931424338917616],[128.96081606657614,32.931062012328894],[128.96033696349053,32.931240295947006],[128.96022722594887,32.930651867921306],[128.95997276924825,32.930822104552966],[128.96000114716162,32.93037405152891],[128.95963608326883,32.93061955715186],[128.95958604935947,32.9302351872454],[128.9598129565714,32.93002064657362],[128.95951548063132,32.92988229038129],[128.95974587343156,32.929623579137825],[128.95913847359998,32.928752552996464],[128.95796320845864,32.92824788188661],[128.9579285461356,32.9279736017865],[128.95743511714636,32.927702729978016],[128.95764489985615,32.926442980777296],[128.9572973486071,32.92644959200439],[128.9575712099797,32.92590521530225],[128.95744737679868,32.925173344757255],[128.95747469833415,32.924551248373426],[128.9577013271881,32.92438721119752],[128.95763858745062,32.92397844311237],[128.95784713460205,32.92379989378136],[128.95821465947768,32.9227987360793],[128.95808344649222,32.921695306495245],[128.9578871296126,32.92128145036193],[128.95793508959622,32.9206026338782],[128.95749946289857,32.92015437198994],[128.95719434953335,32.91952271171062],[128.95713856959253,32.91902830501503],[128.95728552365506,32.91860060583133],[128.95710260132782,32.91826526060369],[128.95703181312922,32.917077328858596],[128.95620618773225,32.9160691690639],[128.9551082441943,32.91604753014202],[128.95511096785341,32.91597815665458]]]},"properties":{"KEY_CODE":"424110050","PREF":"42","CITY":"411","CITY_NAME":"新上五島町","S_NAME":"日島郷","SETAI":"17"}},{"type":"Feature","geometry":{"type":"Polygon","coordinates":[[[128.94354653194702,32.900547236974155],[128.9432254468929,32.90061073358269],[128.94334817654186,32.900129732780215],[128.94299882053923,32.900440191034654],[128.94290783356112,32.90012055476278],[128.9434367936063,32.89912826561305],[128.94318732677294,32.899018032881685],[128.9432121472396,32.89864211269785],[128.94255400140463,32.898761810408395],[128.94219681948593,32.89844369586874],[128.94304072449594,32.89785229867971],[128.94255407583003,32.89755884585784],[128.94297041915226,32.89713146689148],[128.94321056834892,32.897188450711965],[128.94390514330567,32.89653685929578],[128.9443583645392,32.89636664483113],[128.94520454250673,32.896429026990745],[128.94639607864144,32.89613493278065],[128.94689584372819,32.89621380066329],[128.94718109150145,32.89606897710627],[128.94686872070534,32.896794423122],[128.94705598705264,32.89744542534213],[128.9474296280756,32.897355099105035],[128.94750432996247,32.89771704455276],[128.94683704938075,32.89810544930459],[128.9464553291161,32.89863400297029],[128.9453362135523,32.89930806199683],[128.945045724851,32.89926708864464],[128.94468876120146,32.89977410145859],[128.94354653194702,32.900547236974155]]]},"properties":{"KEY_CODE":"424110060","PREF":"42","CITY":"411","CITY_NAME":"新上五島町","S_NAME":"有福郷","SETAI":"0"}},{"type":"Feature","geometry":{"type":"Polygon","coordinates":[[[128.9551082441943,32.91604753014202],[128.95415156930378,32.916028645504646],[128.95384744588438,32.91680283454624],[128.95359364646694,32.91687116242509],[128.9533606693946,32.91737603911013],[128.95298939167768,32.917592634406205],[128.95264300400274,32.918282773788576],[128.95281027698263,32.91855223092071],[128.95242161054924,32.918641612034975],[128.95211897126674,32.919171420612315],[128.95167342079412,32.91860496409428],[128.95123965048353,32.9187275020297],[128.95065643159992,32.91846793582265],[128.94998803308704,32.91867059687733],[128.94889235476313,32.918803747105144],[128.94832109517574,32.91920070827904],[128.94820504482678,32.92015156101952],[128.94831407002815,32.92032969137988],[128.94785870261867,32.92065862066492],[128.9479729446508,32.92102524635561],[128.9472879905658,32.921989806805286],[128.9473005926943,32.922540836189604],[128.9470878299307,32.9223676609705],[128.94681263632717,32.92260811265302],[128.9473593247401,32.92306862741112],[128.94711834835334,32.923816023580436],[128.9473373941724,32.92401358469018],[128.94709167019997,32.924838507725354],[128.9461546613968,32.92489207094638],[128.94531379018107,32.92462682686115],[128.94575576847944,32.924393424386594],[128.94550510588766,32.923955863598934],[128.94505649227895,32.92388172940079],[128.94419666386898,32.924077190678034],[128.94394083227925,32.924291576294046],[128.9433835472313,32.924156532205096],[128.94206579201304,32.92354736782822],[128.9419518743288,32.92398150999275],[128.94144893185506,32.92438324880903],[128.94146821805,32.92471608892237],[128.94078890876187,32.92443259478977],[128.9409821049171,32.92397897699494],[128.93988783723373,32.923875777105465],[128.93980521759056,32.92425956249029],[128.93949385250136,32.92446285806377],[128.93871391323415,32.92453871635402],[128.93842266555998,32.92477005958917],[128.9374829330561,32.92458096797194],[128.93738865605914,32.92528572295968],[128.93758581114756,32.92555352928672],[128.93678127256587,32.92579788710946],[128.93562874296364,32.9251082417318],[128.93610709795743,32.92487324143599],[128.93632723873102,32.924219559665026],[128.93593484448817,32.92405456327568],[128.93551385207186,32.923167137079076],[128.93522599615895,32.92320641428131],[128.9349997904971,32.922793282719425],[128.93432512609905,32.922957051046026],[128.9335671539276,32.92260823818966],[128.933617269178,32.92229555242851],[128.93398062139678,32.922154725011595],[128.93394370075023,32.92191287808108],[128.93453697007573,32.92159635023225],[128.9347652210595,32.920850727036054],[128.9345157136836,32.920575456805125],[128.93389426171436,32.92044728947735],[128.93320064671354,32.92056587768705],[128.93297824927583,32.92023212179526],[128.93200067711615,32.92011495396239],[128.93186126337994,32.92068152251583],[128.9314988070267,32.92051395211607],[128.93120279918122,32.9206523759307],[128.930808023715,32.92035389176437],[128.9307648818414,32.919996019734214],[128.93019791049758,32.91999612534569],[128.93018212265036,32.91958634054515],[128.93073843621892,32.919534774721214],[128.93062541761861,32.91898779330777],[128.93029243475797,32.91872565953345],[128.93056026572395,32.91831026562127],[128.93178653621052,32.91748623460498],[128.93196435967332,32.91759886684378],[128.93258411372366,32.916989386216166],[128.93328024455056,32.91663545594759],[128.93345103278136,32.916344963720434],[128.9339841451398,32.916070540737515],[128.9340105757445,32.91578299433898],[128.93368491405013,32.91571568906318],[128.9337668743269,32.915437412456484],[128.93348388434688,32.91522150921803],[128.93401489297293,32.91477123250291],[128.9330148351407,32.91450247500112],[128.93306705463644,32.914192510626],[128.93402974179975,32.91327978654582],[128.93409424106846,32.91255596390745],[128.93479998153302,32.912699836058266],[128.9354650903034,32.912179823589796],[128.93597801643014,32.91120462159266],[128.9360709496649,32.9107090687953],[128.93667534497766,32.91015090292911],[128.93733891401052,32.91019807445417],[128.93857088439054,32.90945965965028],[128.940562126771,32.90969403422325],[128.9420350806109,32.910069446551965],[128.94269291998094,32.91001196291146],[128.943631476288,32.90934703663716],[128.94398400866334,32.9087011426758],[128.9446896590043,32.90783408165784],[128.9457277131132,32.90749332036526],[128.94567177552358,32.90703497903595],[128.94701201656343,32.90640067173425],[128.9471575482048,32.90568892542125],[128.94796599427372,32.90564831273811],[128.94881560020497,32.90585766361363],[128.94924596686573,32.906617947825275],[128.94963102518366,32.90693435428108],[128.95063993125663,32.9073166372289],[128.95048393363854,32.907476462781155],[128.95071684441197,32.90784450601358],[128.950715121909,32.90846761210339],[128.95088447322277,32.90926190698643],[128.9512367092029,32.90952677165625],[128.95258299049664,32.90981403295445],[128.95339200051706,32.90986266552975],[128.9543559261382,32.90978463119122],[128.95581267509945,32.909111248959185],[128.95584563981384,32.90913574201959],[128.95542397854527,32.909335392225216],[128.95542668642815,32.91016733366207],[128.95473815353475,32.91398625280253],[128.95432766156117,32.914490989457086],[128.95426964163744,32.915599564092496],[128.95441776068895,32.91596172696109],[128.95511096785341,32.91597815665458],[128.9551082441943,32.91604753014202]]]},"properties":{"KEY_CODE":"424110060","PREF":"42","CITY":"411","CITY_NAME":"新上五島町","S_NAME":"有福郷","SETAI":"53"}},{"type":"Feature","geometry":{"type":"Polygon","coordinates":[[[128.93338400635358,32.91277637504514],[128.93298799424775,32.91300903409506],[128.9332216828836,32.91257905448209],[128.93366995587087,32.91252698500273],[128.93338400635358,32.91277637504514]]]},"properties":{"KEY_CODE":"424110060","PREF":"42","CITY":"411","CITY_NAME":"新上五島町","S_NAME":"有福郷","SETAI":"0"}},{"type":"Feature","geometry":{"type":"Polygon","coordinates":[[[129.02090034174682,32.91737294769898],[129.02060732828028,32.91758103224053],[129.01986710174128,32.91745012712555],[129.019166764745,32.91745734945299],[129.01868587420566,32.91761509763929],[129.01805836056604,32.91759373682951],[129.01787583037006,32.91734414551358],[129.01711418586626,32.91702917692743],[129.01662257837543,32.91699210587977],[129.0159540434724,32.91646106727983],[129.01531551920684,32.916308893650026],[129.01453865800127,32.91682347738705],[129.0132940920254,32.9168330529365],[129.01352616407584,32.91701701690157],[129.01289383162384,32.91729589840582],[129.0131522754134,32.91793265545221],[129.01375426665845,32.91812257362707],[129.01446714836615,32.91816683321029],[129.01564389253687,32.91882519819387],[129.01647227193334,32.91945695223607],[129.01665620718015,32.920237697465225],[129.0164593963583,32.92122707900199],[129.0161275828354,32.92149181343651],[129.01603734717992,32.921962190502],[129.01642183285136,32.92223241065281],[129.01645506613488,32.9228087764102],[129.01603319244566,32.9235024020405],[129.01561252666949,32.92378302948733],[129.0150782405128,32.92352394554403],[129.0147021431168,32.923673977486935],[129.01477221528242,32.92395830933951],[129.01429151659156,32.924263039822165],[129.01433340907062,32.92481148030334],[129.01393671191244,32.924817146118585],[129.0137787773258,32.92456043121642],[129.01324074283414,32.92440592719973],[129.01284311715196,32.924573007160056],[129.0126407835727,32.92500777193815],[129.0121545226598,32.9249625859517],[129.01153444060262,32.92533348727792],[129.0113613228499,32.92570253705363],[129.01089152428852,32.92596582033668],[129.01021557882123,32.92541669273879],[129.00935947482827,32.92496874266918],[129.00896086546888,32.92511506807274],[129.00824702105217,32.92446567772666],[129.0083350309604,32.92420901829077],[129.00782543645002,32.92394368636392],[129.00688050631123,32.92273968893208],[129.00654814929945,32.92251022555811],[129.0062029942522,32.921519606329625],[129.00570217832623,32.92139858475017],[129.00540277695285,32.92159669531897],[129.00523987030013,32.922048734392945],[129.00471541291785,32.92176349844434],[129.0041490486462,32.92189200451061],[129.0037634389336,32.92125380911057],[129.0030109254435,32.920830585636566],[129.00283983799542,32.92045296165902],[129.00235615647856,32.919952350374736],[129.0022628766853,32.91962102905321],[129.00182646051385,32.919458773567605],[129.00083607623608,32.919702796260275],[129.00031891020168,32.921271381366815],[129.0000684440656,32.92158894093022],[129.00035666050496,32.92243686137334],[129.00035612939095,32.92310236999251],[129.0005726693756,32.9231880084653],[128.99984324704107,32.92417342940618],[128.99961356304286,32.92546295756018],[128.99939314084554,32.925494533065034],[128.99896792944097,32.92599962584615],[128.9986266336388,32.92679181836596],[128.99863684834483,32.927630512963184],[128.99791756816518,32.92756719728155],[128.9974579037003,32.927736685865035],[128.9973023395223,32.92802011988981],[128.99691175882407,32.92807175586599],[128.99622130444558,32.92876604218378],[128.99495355675873,32.92963383489318],[128.99503231562494,32.92988664916726],[128.9939171534553,32.93061076833597],[128.99319112472622,32.93023449210339],[128.99267293006508,32.930533578375396],[128.99241627489775,32.93090947345804],[128.9917616202352,32.93132343007861],[128.99140982930464,32.93225623158934],[128.99122309338068,32.93218693551222],[128.99038524646537,32.932472084799606],[128.99002759451898,32.932924212402085],[128.98946888090754,32.93320418524036],[128.98962092065383,32.93335810747282],[128.98897786718342,32.933420401746524],[128.98926359616453,32.93320063770429],[128.98897787116377,32.93230311181261],[128.9877361779964,32.93159645015855],[128.98767492582562,32.931093009687714],[128.98627089371826,32.930726534594015],[128.98587959993523,32.93089806542999],[128.9856969442442,32.93068088915078],[128.98524973347816,32.9307205289036],[128.98489156131083,32.93053238527041],[128.9837490214867,32.93098576572127],[128.98341251545548,32.93092937065502],[128.9830560713666,32.93044545129155],[128.9823929447028,32.93028579518064],[128.98294643075036,32.93017927148765],[128.98402415134163,32.93014737886759],[128.98484408225778,32.929969017089554],[128.98616525059427,32.930071389386306],[128.9870419228534,32.93002653252276],[128.98910975437818,32.93020463119787],[128.98964193157954,32.93009776702853],[128.992359656035,32.928430776432045],[128.99261914887697,32.92792989011234],[128.99340982959373,32.92771822322065],[128.99404819608299,32.927092737760255],[128.99487456224404,32.925775429320964],[128.99508177664939,32.9247100575714],[128.99515629069796,32.923843341342106],[128.99490742827624,32.923002143678396],[128.99540551035145,32.92248467270053],[128.99552773354853,32.922070542689106],[128.99544474082978,32.92151286831735],[128.995075510133,32.92076017391948],[128.99548477307152,32.919525992376215],[128.99557962222323,32.91799976394158],[128.99628502085687,32.91749969660425],[128.99657688155065,32.91692386721774],[128.99810703729912,32.9166415150178],[128.99897578004214,32.91613112848519],[128.99966418760673,32.915367560363954],[129.0001257104473,32.91503582974511],[129.0011118450249,32.9145439227532],[129.0033600682509,32.913921791175746],[129.00379967516952,32.913688826983226],[129.00391757646685,32.91266632989836],[129.00510797262302,32.912382166248996],[129.00640223215166,32.91162399851764],[129.00787856613903,32.911320281509205],[129.008258226519,32.911312082660935],[129.00871555903012,32.911818421325435],[129.0095770663183,32.91204497164117],[129.01022976749138,32.912581199004094],[129.01138354045872,32.91312906319051],[129.01242409554214,32.913740186976156],[129.01319561301264,32.914043342173095],[129.01405294859728,32.91409697427232],[129.0155712338325,32.914750604260675],[129.0161352646407,32.91486804485401],[129.01732126935886,32.915292357191895],[129.0177311158145,32.91527182401688],[129.01898813535294,32.91591090067085],[129.0194584206079,32.91591271630709],[129.02026682937196,32.91673909374803],[129.02049474865015,32.91713778113702],[129.02090034174682,32.91737294769898]]]},"properties":{"KEY_CODE":"42411007001","PREF":"42","CITY":"411","CITY_NAME":"新上五島町","S_NAME":"西神ノ浦郷","SETAI":"24"}},{"type":"Feature","geometry":{"type":"Polygon","coordinates":[[[129.03088509903577,32.89850271803195],[129.03131665708887,32.89943388974606],[129.03129658725638,32.89979543208305],[129.0303894165727,32.90114378211217],[129.0301348096798,32.90057019653932],[129.0301882096402,32.90017632811591],[129.02966875429186,32.89996515915714],[129.02950565932105,32.89967236571126],[129.0287470069106,32.899615398918556],[129.0282843822237,32.89916907825745],[129.0284136517208,32.89857980075837],[129.02784885946403,32.898455926944514],[129.02704909096022,32.89788839182218],[129.02689260229604,32.89756496457391],[129.0262267197103,32.897153029748274],[129.0257221298363,32.897565033913885],[129.025956240404,32.898161994142775],[129.02598049023595,32.89882940143956],[129.02662664368967,32.89973362933427],[129.0272123629433,32.90014796172635],[129.02751256174452,32.90078935929837],[129.02797674774598,32.9011391966697],[129.027987787903,32.90207979848206],[129.0283812497059,32.90246814152028],[129.02832309677245,32.90355906973156],[129.02781958044457,32.903968379631586],[129.02708153064572,32.903642747054874],[129.02674355020162,32.90387683406858],[129.0264395350625,32.90375484128386],[129.02556330803245,32.90249173605358],[129.02501551492378,32.902378737449055],[129.02450072111046,32.902490408046084],[129.02336928514356,32.902175881069375],[129.02303142701064,32.90179494671959],[129.0225776356193,32.90169761857969],[129.0217687591562,32.90183069489724],[129.02150476657565,32.90201814892884],[129.0213937245161,32.9025939618082],[129.0217681825721,32.90272975704975],[129.02330922738534,32.90381327088666],[129.0235898724761,32.90450059246385],[129.0238157072306,32.90464754184336],[129.02375636348802,32.90555268551304],[129.02428399789846,32.907032697833706],[129.02431340888893,32.907732578295594],[129.02386685664038,32.90827374233981],[129.02320617150386,32.910072950774385],[129.02322911565926,32.91037332512957],[129.02377182412098,32.912245667632455],[129.0236342728631,32.91297467877422],[129.0232752298741,32.91333491464536],[129.02290231549605,32.914293875641086],[129.02205602011122,32.91480193718414],[129.02123846422418,32.91494308012186],[129.02093580441212,32.915354026859596],[129.0212484149562,32.916666397212026],[129.02090034174682,32.91737294769898],[129.02049474865015,32.91713778113702],[129.02026682937196,32.91673909374803],[129.0194584206079,32.91591271630709],[129.01898813535294,32.91591090067085],[129.0177311158145,32.91527182401688],[129.01732126935886,32.915292357191895],[129.0161352646407,32.91486804485401],[129.0155712338325,32.914750604260675],[129.01405294859728,32.91409697427232],[129.01319561301264,32.914043342173095],[129.01242409554214,32.913740186976156],[129.01138354045872,32.91312906319051],[129.01022976749138,32.912581199004094],[129.0095770663183,32.91204497164117],[129.00871555903012,32.911818421325435],[129.008258226519,32.911312082660935],[129.00787856613903,32.911320281509205],[129.00640223215166,32.91162399851764],[129.00705332919935,32.910593186800185],[129.00784148796805,32.90888655827834],[129.00816888202937,32.90767073876171],[129.00824568296505,32.90620278563255],[129.00871001494147,32.90506478708517],[129.0087412087697,32.90355801156555],[129.00862905740325,32.90313254357336],[129.0081525254285,32.90233857937173],[129.00802991266892,32.90172952387373],[129.0080806315139,32.90084103949487],[129.00833969440296,32.899547658631235],[129.00804967329213,32.89815551638274],[129.0082132121859,32.89757658785635],[129.0077601943741,32.89666678790191],[129.0078257613981,32.89516978966299],[129.00739504232166,32.89437599337314],[129.00785829429884,32.89418732043312],[129.00862466435905,32.89353885149498],[129.009155063644,32.89272681481987],[129.00969046289728,32.892452819471224],[129.01038035360386,32.891850316600674],[129.01135733441384,32.891466502520394],[129.01240959005293,32.891416780997325],[129.0127858797612,32.89139012093677],[129.01384948483783,32.89173886701385],[129.01496743511066,32.891893036065554],[129.01549690979115,32.89208970240512],[129.016880564969,32.892831169186564],[129.017656869639,32.89371749348194],[129.01846213717099,32.893860807240564],[129.02001942978876,32.89400350163134],[129.02064068812945,32.89446626804019],[129.02122412890554,32.89544805933977],[129.0219286947219,32.895950883098735],[129.02286176317472,32.8957819949681],[129.02336024505306,32.8958321935615],[129.025035379768,32.895276364996455],[129.02559161939598,32.89523019377668],[129.0272448252863,32.89571589331075],[129.0292429639034,32.89745835013542],[129.03019984103634,32.898196628575846],[129.03088509903577,32.89850271803195]]]},"properties":{"KEY_CODE":"42411007002","PREF":"42","CITY":"411","CITY_NAME":"新上五島町","S_NAME":"西神ノ浦郷","SETAI":"16"}},{"type":"Feature","geometry":{"type":"Polygon","coordinates":[[[129.0346878064728,32.90827034603945],[129.03500174032453,32.908544759212205],[129.03462794191196,32.908880623556044],[129.03469441578343,32.909456199303555],[129.03408237576647,32.910172629612184],[129.03311144689414,32.910616285521364],[129.03253237208264,32.910349892798074],[129.03342947848407,32.90929998287025],[129.03436774130304,32.908759719691595],[129.0346878064728,32.90827034603945]]]},"properties":{"KEY_CODE":"42411007002","PREF":"42","CITY":"411","CITY_NAME":"新上五島町","S_NAME":"西神ノ浦郷","SETAI":"0"}},{"type":"Feature","geometry":{"type":"Polygon","coordinates":[[[129.03785155941708,32.93425301603459],[129.0379596887416,32.93464117589862],[129.03733597166945,32.93489136938686],[129.03670859054762,32.93462753740448],[129.03656410819843,32.93423473299056],[129.03700022972885,32.93407131917882],[129.03785155941708,32.93425301603459]]]},"properties":{"KEY_CODE":"42411008001","PREF":"42","CITY":"411","CITY_NAME":"新上五島町","S_NAME":"荒川郷","SETAI":"0"}},{"type":"Feature","geometry":{"type":"Polygon","coordinates":[[[129.05306851580195,32.93340470234871],[129.05279612951014,32.93417357059282],[129.0527850787732,32.93558469173777],[129.05285161344642,32.93585930533855],[129.05274989166847,32.93691913288484],[129.05250069977558,32.9371619773312],[129.05157027798805,32.937337784543914],[129.0507082243367,32.937737587175576],[129.04897396942525,32.937974852090804],[129.04854865885443,32.93812536046459],[129.04770612622212,32.938101667824014],[129.04660746703416,32.93781600412524],[129.0455286362111,32.937664915190645],[129.0433074191225,32.936979564142675],[129.04280520736648,32.93665807566713],[129.04149001546662,32.936253694764886],[129.04080957437452,32.936188602858984],[129.03952627965867,32.9363370663826],[129.03882140130764,32.93655279111474],[129.03798453814667,32.936435788989904],[129.0384591977555,32.93626169347557],[129.038861901007,32.935112517812115],[129.0387696371203,32.934556687268945],[129.03906639323313,32.93457185263514],[129.03910576655358,32.93406153290507],[129.0399739373433,32.933647774770996],[129.03946597633097,32.93328865692338],[129.0400792828219,32.9331817953736],[129.0403873595607,32.932334360307095],[129.04059874738059,32.932192658021805],[129.04087850370735,32.93147257651924],[129.04076957235904,32.93105211073199],[129.04018790770104,32.931093699458046],[129.04013038146027,32.93040327387252],[129.04044339991177,32.930388808723215],[129.04046386383436,32.93072774370352],[129.0408704631356,32.930525380809286],[129.04086497380789,32.92972278568529],[129.03961045544492,32.93038098071734],[129.03844322748535,32.930500228472305],[129.03873595713264,32.92952108106556],[129.0385089953603,32.92895663837604],[129.03915246571657,32.928593791261086],[129.03926057073045,32.92836784826997],[129.03885040416714,32.92807686673413],[129.0387641366057,32.92759771607411],[129.03820895805686,32.9274342501243],[129.0378504253462,32.927496050529655],[129.0372926975936,32.928237946260715],[129.03641007530157,32.9287315575508],[129.03592523372959,32.92881542981076],[129.03615826645606,32.929445731999486],[129.0359577974854,32.929950879211276],[129.03558007302246,32.92979077076695],[129.034952245613,32.9298190966076],[129.0344579116468,32.93028527291837],[129.03421023629076,32.92980460562996],[129.0335420420785,32.929978859514],[129.03364511628703,32.930711483751324],[129.0329226309565,32.93145274366429],[129.03255423269954,32.93250961909896],[129.03238713554867,32.931586158943645],[129.03215205308308,32.93101614190127],[129.0317633334579,32.930621416685256],[129.03161460746944,32.92986755490992],[129.03177309915802,32.929240163794226],[129.0315565427498,32.92873876438015],[129.03242361302298,32.92829203548846],[129.0330003500806,32.92814384235768],[129.03322398419468,32.927866003521224],[129.03351229702426,32.927004281235874],[129.03331039433803,32.92616985872518],[129.03354487579156,32.9255992134162],[129.0341635242908,32.925984782786074],[129.03450428845727,32.926187753218635],[129.03511315857213,32.92611374956918],[129.03549117489237,32.92690041310044],[129.0360797929203,32.927033545963],[129.0366530668407,32.92738561479201],[129.03753453013002,32.927479314963485],[129.03767388785712,32.927556426299354],[129.0380309431783,32.92712865787818],[129.0383296465727,32.9272942525822],[129.0386798373679,32.92743875197758],[129.0387501680157,32.926886099158324],[129.03894227195497,32.9263297301836],[129.0395870932063,32.92638612235326],[129.04002291937937,32.926608842253444],[129.04136097948776,32.9268829238154],[129.04184644795365,32.92673085691054],[129.04245128955682,32.92636009757088],[129.04360173165398,32.92707226802999],[129.0440564555353,32.92752206590802],[129.044573152975,32.92758448896236],[129.0457134635768,32.92741008573732],[129.0468967768567,32.92775425887589],[129.04745045610701,32.927732017930126],[129.0484444915667,32.927522623268175],[129.04939623105525,32.92889622956478],[129.0496462494277,32.92935882960892],[129.04965243527514,32.930295305039785],[129.0499109946781,32.930722177451415],[129.05103450523438,32.931566812333585],[129.05226136901194,32.93260338195527],[129.05306851580195,32.93340470234871]]]},"properties":{"KEY_CODE":"42411008001","PREF":"42","CITY":"411","CITY_NAME":"新上五島町","S_NAME":"荒川郷","SETAI":"78"}},{"type":"Feature","geometry":{"type":"Polygon","coordinates":[[[129.0423505640559,32.92607272514003],[129.04245128955682,32.92636009757087],[129.04184644795365,32.92673085691054],[129.04136097948776,32.9268829238154],[129.04002291937937,32.926608842253444],[129.0395870932063,32.92638612235326],[129.03894227195497,32.9263297301836],[129.0387501680157,32.926886099158324],[129.03867983736785,32.92743875197756],[129.0383296465727,32.9272942525822],[129.0380309431783,32.92712865787819],[129.03767388785712,32.927556426299354],[129.03753453013002,32.927479314963485],[129.0366530668407,32.92738561479201],[129.0360797929203,32.927033545963],[129.03549117489237,32.92690041310044],[129.03511315857213,32.92611374956918],[129.03450428845727,32.926187753218635],[129.0341635242908,32.925984782786074],[129.03349144961967,32.925465185331475],[129.03292137065034,32.92470969037278],[129.0327303541731,32.924466511368436],[129.0326388443029,32.92376869059999],[129.0326165427806,32.92321362438893],[129.03257394759044,32.92314890525088],[129.0322664108227,32.92270690969132],[129.03220081373374,32.922576770680976],[129.03213877520713,32.92230259109158],[129.03206699967322,32.92210866279165],[129.0320132454528,32.92203761335445],[129.03155334471992,32.92163675977271],[129.03129860667022,32.92126659857694],[129.03096710546214,32.92111736402643],[129.03060166092638,32.92102938935599],[129.0296781235152,32.920755903301384],[129.02919406068048,32.92051161490695],[129.02834445038647,32.92073434328805],[129.02820641727118,32.920710202687204],[129.0280856854123,32.920597950605426],[129.02749522039423,32.920006881505806],[129.02664007198933,32.91908387308592],[129.02720311587922,32.91876047119569],[129.02819851009292,32.918561338393786],[129.02917535504923,32.918228667685604],[129.0313395651111,32.918597517687004],[129.03208134139743,32.91863817587385],[129.03326886761727,32.9184974306479],[129.0337475670734,32.918347723830614],[129.03397617495278,32.9185884442519],[129.03384905503634,32.91897573019192],[129.03400964089496,32.91934154587091],[129.03467551151,32.92000052361703],[129.0353408865373,32.92034116425084],[129.0352125310211,32.92096470273721],[129.03582765213278,32.9213087623966],[129.03599811723345,32.921680450050914],[129.03597375370092,32.92223391527491],[129.03753149712082,32.922229128782774],[129.03596988008763,32.922295738844994],[129.03571996885577,32.92289060293342],[129.03615159457823,32.923112414999174],[129.03593696553392,32.924826569493426],[129.03661129064722,32.92514883436964],[129.03682313495932,32.925685069083144],[129.0378622485824,32.9258440599475],[129.03837438887842,32.925214178774304],[129.03900509336583,32.92498724088518],[129.03869145925142,32.924770393460314],[129.0381424877504,32.9237231130148],[129.0385179812868,32.92339266869085],[129.03883378147268,32.923537121375496],[129.03965935017013,32.92332749185345],[129.04033231890782,32.92253357935768],[129.04052650943123,32.92290911525987],[129.04076448625653,32.923266150462595],[129.04083172789007,32.92383178595962],[129.040800928991,32.924133613542224],[129.04096690978585,32.92438454213893],[129.04166362516048,32.924919637613854],[129.0418967193439,32.92532644186124],[129.04213504634282,32.9257637788493],[129.0423505640559,32.92607272514003]]]},"properties":{"KEY_CODE":"42411008002","PREF":"42","CITY":"411","CITY_NAME":"新上五島町","S_NAME":"荒川郷","SETAI":"50"}},{"type":"Feature","geometry":{"type":"Polygon","coordinates":[[[129.04760371076355,32.91421627094877],[129.04791274982358,32.91462678622809],[129.0475928052539,32.9148889469853],[129.04731583102995,32.91448034268673],[129.04760371076355,32.91421627094877]]]},"properties":{"KEY_CODE":"42411008003","PREF":"42","CITY":"411","CITY_NAME":"新上五島町","S_NAME":"荒川郷","SETAI":"0"}},{"type":"Feature","geometry":{"type":"Polygon","coordinates":[[[129.04633839829265,32.91808567435992],[129.04619000516286,32.91846207258528],[129.0455154734064,32.91864809364472],[129.04503199805055,32.91847860869938],[129.04489114846967,32.918213870695325],[129.04412080096907,32.91790536813653],[129.04382218929115,32.917133266539466],[129.04357171692521,32.91698175469762],[129.04288308128022,32.9161775615201],[129.04303630078445,32.91569297247309],[129.0439313597569,32.91586577382714],[129.04417995224418,32.916171485775386],[129.0447341354211,32.9163132805713],[129.0456597338151,32.916159738959934],[129.04632627070987,32.91585917064674],[129.04683594671272,32.91612974555331],[129.04754466969288,32.915729222254555],[129.04779922703472,32.91612872709949],[129.0468871324637,32.91657450105047],[129.04716962805358,32.916941639540326],[129.0470633560995,32.91744534604062],[129.04670824511084,32.917893136714724],[129.04633839829265,32.91808567435992]]]},"properties":{"KEY_CODE":"42411008003","PREF":"42","CITY":"411","CITY_NAME":"新上五島町","S_NAME":"荒川郷","SETAI":"0"}},{"type":"Feature","geometry":{"type":"Polygon","coordinates":[[[129.0676797409218,32.926917792010855],[129.06706751903383,32.92680378596786],[129.06623917684968,32.92696606389464],[129.06565470703012,32.927462602484475],[129.06492000389372,32.927581342594934],[129.06462443925707,32.928170644065055],[129.06390808314745,32.92890519839685],[129.063014283813,32.929520079982474],[129.06162561369555,32.930087265637695],[129.0608200050973,32.93059255897002],[129.060376522527,32.931326883485504],[129.05946228105756,32.93143887168118],[129.05779587241327,32.93131777455521],[129.05718937808024,32.93100662253076],[129.05669864403188,32.93122731443755],[129.05504657183909,32.931546422073176],[129.05450978980636,32.931984709114495],[129.0539986640939,32.93264418104227],[129.05306851580195,32.93340470234871],[129.05226136901194,32.93260338195527],[129.05103450523438,32.931566812333585],[129.0499109946781,32.930722177451415],[129.04965243527514,32.930295305039785],[129.0496462494277,32.92935882960892],[129.04939623105525,32.92889622956478],[129.0484444915667,32.927522623268175],[129.04745045610701,32.927732017930126],[129.0468967768567,32.92775425887589],[129.0457134635768,32.92741008573732],[129.044573152975,32.92758448896236],[129.0440564555353,32.92752206590802],[129.04360173165398,32.92707226802999],[129.04245128955682,32.92636009757088],[129.0423505640559,32.92607272514003],[129.04213504634282,32.9257637788493],[129.0418967193439,32.92532644186124],[129.04166362516048,32.924919637613854],[129.04096690978585,32.92438454213893],[129.040800928991,32.924133613542224],[129.04083172789007,32.92383178595962],[129.04076448625653,32.92326615046261],[129.04052650943123,32.92290911525987],[129.04033231890784,32.922533579357676],[129.04073826507602,32.92239291259957],[129.04153164033406,32.92298708561249],[129.041841265339,32.92305860015495],[129.04215444090866,32.92249807445633],[129.0433267077231,32.92262680300335],[129.04392888195892,32.92258932886676],[129.0441083020965,32.92325818353999],[129.04439965932244,32.92335754067521],[129.04569409999698,32.92260657832442],[129.04602941139424,32.92226963702063],[129.04659186020973,32.9220525440176],[129.05061998575798,32.921552171626686],[129.0516955136469,32.919878751912314],[129.0516380506816,32.91918328817153],[129.05054178444104,32.91883307782127],[129.05062844501185,32.91861065063795],[129.05022872836068,32.91836934961942],[129.04968508646266,32.91889492999435],[129.04885467427218,32.91903531770374],[129.0488606735279,32.91848797368554],[129.04858027894917,32.918116331836615],[129.04886386888424,32.91806505283904],[129.04879092732568,32.91769145490723],[129.04916024867615,32.91739520165741],[129.04892738501798,32.91713826656319],[129.0483881990373,32.91720665955699],[129.04825467084157,32.916133972695185],[129.04844941215444,32.9156828929512],[129.04913193043714,32.91497115061053],[129.05041975437385,32.915485279674485],[129.05097580952346,32.91525823136894],[129.05085332888234,32.91431544556352],[129.0510113327775,32.913305126080765],[129.05169882832396,32.91265831767573],[129.0518400716355,32.91221064346723],[129.05183868585388,32.9112114815669],[129.0522304880914,32.9104743407424],[129.0530402283814,32.90995961683005],[129.05367319932242,32.9093098994615],[129.05459050899026,32.90908321735061],[129.0553248373584,32.90910386457684],[129.05602980348903,32.90879976710875],[129.05619088575696,32.908228614673426],[129.05698093843804,32.90843701586635],[129.05765031435868,32.908828949200114],[129.05860125494155,32.90872229031456],[129.05979111779575,32.90872197347426],[129.06034887353925,32.90855891327122],[129.0612210732894,32.90859083292791],[129.06110934524952,32.908755779960416],[129.06069061428013,32.90951745533212],[129.06017269902586,32.910438678436606],[129.05924684155764,32.91188312324863],[129.05891543409768,32.91309177323408],[129.05882467106116,32.914296708934266],[129.05884428205877,32.914897032958876],[129.0589246407825,32.916005244082925],[129.0590534433611,32.91655097363295],[129.05913070893718,32.916878417908016],[129.05974017113866,32.917551493828896],[129.06024223799105,32.91781712952192],[129.0610384710575,32.91829780881718],[129.0620157011981,32.91900182983875],[129.0623326612399,32.91934712576023],[129.06296540414402,32.92004070414628],[129.06336803478354,32.92029168331609],[129.06478551868128,32.92037228423952],[129.06556151323142,32.92033810306224],[129.06625585893303,32.92043152887465],[129.0668434207835,32.9207971468581],[129.06772419480103,32.921039483065655],[129.0690062306661,32.921398835131825],[129.06931798021364,32.921482232140654],[129.0695660021346,32.921547443856035],[129.06855737099403,32.92201793192849],[129.06829702791063,32.922415811517844],[129.06704722071146,32.923066317054904],[129.06675356573552,32.923416135607454],[129.0669411693027,32.92361508715916],[129.06689080695068,32.924143364647435],[129.06661839755628,32.92436686646484],[129.06670008547317,32.92510369599735],[129.06701361490516,32.92544907619472],[129.06690372050977,32.92573198705097],[129.06764384892963,32.92628696611268],[129.0676797409218,32.926917792010855]]]},"properties":{"KEY_CODE":"42411008003","PREF":"42","CITY":"411","CITY_NAME":"新上五島町","S_NAME":"荒川郷","SETAI":"41"}},{"type":"Feature","geometry":{"type":"Polygon","coordinates":[[[129.07840269816967,32.912022263018024],[129.07791061461165,32.91248095712928],[129.07778632467634,32.91259667622323],[129.07759382205182,32.91279463712487],[129.07677091671013,32.91316972938004],[129.07672776283326,32.91324254359315],[129.0762239100677,32.912822175510044],[129.07498738208656,32.9118389621034],[129.0746329091256,32.911726481873025],[129.07363126601805,32.91150970541934],[129.07323651179777,32.91144621420263],[129.07253741317868,32.911207203318874],[129.07160329584354,32.910437986790114],[129.0713960883483,32.910167804553595],[129.07093168003533,32.90951709323993],[129.07024713944733,32.90864665592805],[129.06995602228196,32.90829494543987],[129.0696025015019,32.907800226176036],[129.06920800526737,32.907558280827615],[129.06888135371244,32.90759529584915],[129.0678378085191,32.90772958497735],[129.0662668586306,32.90715831809953],[129.06566555648396,32.90713587214653],[129.06530093890672,32.907336491394],[129.06505190252716,32.9074701234367],[129.06480918262903,32.90736256478795],[129.06474859431484,32.90719118604835],[129.06450198721151,32.90687165447163],[129.06417994300062,32.90652244658344],[129.06196826738773,32.90577994295006],[129.06274617261903,32.90563748330271],[129.06314486531784,32.905427859422076],[129.06428983666214,32.90519649487868],[129.0647917346737,32.90530554653565],[129.06618788690946,32.905294165310515],[129.06695479271607,32.90521295975083],[129.0675841164792,32.90483729350036],[129.06789696270704,32.90446865088352],[129.06796679611477,32.90395849674974],[129.06782659648866,32.903550413050134],[129.06692112107538,32.902901617274566],[129.06684310478738,32.90334141094771],[129.06622658537253,32.90372161784976],[129.06604105048797,32.904279170500615],[129.06576311038268,32.90450184206428],[129.065059057482,32.904633762897795],[129.0641949339912,32.90449549096039],[129.06330448031943,32.904489682383435],[129.063117341436,32.90362784290215],[129.06326051642054,32.903213529514396],[129.06298517706765,32.90289784525881],[129.06325542947516,32.90228558265198],[129.0631483017133,32.901899250978346],[129.0635116462731,32.90148660141685],[129.06400242002277,32.90124574093298],[129.0649380498826,32.9011858743099],[129.06538880143512,32.90146878768889],[129.06508211291654,32.90101413110871],[129.06689853270865,32.901058652990606],[129.0678263539179,32.900774791312465],[129.0688036672421,32.90013445231239],[129.06971925873682,32.89994130248545],[129.07148571460982,32.898956286157144],[129.07199771366174,32.898774496373505],[129.07277456996647,32.89908618638322],[129.0752209758647,32.89917867171843],[129.07660790710517,32.89904873676219],[129.0770571257469,32.89888676483573],[129.07735267796122,32.8984278663406],[129.0777316179375,32.89857418591715],[129.07886716271608,32.89928340076449],[129.07879268879617,32.899914287223154],[129.0795198609462,32.900894273459286],[129.0792901065778,32.90178806269062],[129.07928745471955,32.902348394873584],[129.0796446782149,32.903073743464226],[129.07957628991076,32.903248144907224],[129.07876025592216,32.90393932176746],[129.07889072229676,32.904403464514786],[129.0793810092781,32.905151595894964],[129.07963393470092,32.906733757016],[129.079344729001,32.9073395571476],[129.0804841182425,32.90839450853493],[129.08115847265444,32.910100943338094],[129.08117958539088,32.910175700719236],[129.0814264727282,32.91102757512462],[129.08149920291496,32.911261784495025],[129.0815724971642,32.91137647612936],[129.0814750606471,32.911520054030504],[129.08140690690976,32.911582103690215],[129.081183877011,32.911906214914865],[129.08102451195904,32.91206641587027],[129.0806343514558,32.91228392977903],[129.08023867329953,32.91240546982233],[129.0800827029319,32.9124739615709],[129.07896801544138,32.91210244565411],[129.07877000096687,32.91199321458307],[129.07840269816967,32.912022263018024]]]},"properties":{"KEY_CODE":"42411009001","PREF":"42","CITY":"411","CITY_NAME":"新上五島町","S_NAME":"宿ノ浦郷","SETAI":"55"}},{"type":"Feature","geometry":{"type":"Polygon","coordinates":[[[129.07735267796122,32.8984278663406],[129.0770571257469,32.89888676483573],[129.07660790710517,32.89904873676219],[129.0752209758647,32.89917867171843],[129.07277456996647,32.89908618638322],[129.07199771366174,32.898774496373505],[129.07148571460982,32.898956286157144],[129.06971925873682,32.89994130248545],[129.0688036672421,32.90013445231239],[129.0678263539179,32.900774791312465],[129.06689853270865,32.901058652990606],[129.06508211291654,32.90101413110871],[129.0648322595696,32.900738221008474],[129.0645710378406,32.90082298054838],[129.06425565313003,32.900389030627025],[129.06436120741338,32.89979332890181],[129.06406271885572,32.899627266032006],[129.06424955534862,32.8992392469248],[129.064771702229,32.89913736072317],[129.0652387950027,32.898484300274674],[129.06516277896378,32.89785730265713],[129.06492732957284,32.89769416446348],[129.06376413805594,32.897523284755685],[129.06342292714427,32.89756447944981],[129.06299686697656,32.896604397790924],[129.0628722308999,32.89608634865992],[129.06342031719487,32.89551110982334],[129.06337264929275,32.89486202474554],[129.06278798496265,32.89483585256833],[129.06269419373564,32.895806220050325],[129.06252461485212,32.89603891732176],[129.0615787043733,32.896424416550346],[129.06117257920386,32.89628623887845],[129.06043472202597,32.89573394314754],[129.0603885125938,32.89543613267515],[129.06078991748447,32.895252520975184],[129.0605553858086,32.89510957893046],[129.06008425922565,32.89525808878996],[129.05985915461318,32.895606223329004],[129.06001936507462,32.8961120811633],[129.06038798298982,32.89640448305952],[129.0609483703412,32.896487214343956],[129.06084636611425,32.89788189527867],[129.06057049605303,32.898760156993426],[129.05999113965774,32.89984115643503],[129.05974491487092,32.8987267822977],[129.05933724005067,32.89840231815026],[129.0575700927674,32.897689000830724],[129.05711919330207,32.897385564308244],[129.0564950031081,32.896624511575794],[129.0564320611115,32.896142842458346],[129.05693990946168,32.89567399390038],[129.05768861528867,32.89450276631858],[129.05865121857343,32.89409333130049],[129.05873471711786,32.89348082773189],[129.05911624416618,32.89313712788479],[129.0593387193294,32.89266186037746],[129.05934432433486,32.89210383134708],[129.05956315575452,32.89169725088412],[129.06026796760787,32.89116552238056],[129.0614618107625,32.89105482690957],[129.06277717202568,32.889402504083755],[129.062943300065,32.8885695698218],[129.0626717677169,32.88761681606429],[129.0626651711373,32.886802123313174],[129.06250260569826,32.88645255263121],[129.0619149759296,32.88582737150267],[129.0618582615864,32.885619278380354],[129.06221250714583,32.88514290598574],[129.062306537877,32.884733186215016],[129.0628026527357,32.88416020073423],[129.06309793348373,32.88266500497291],[129.06345817708421,32.882553530523744],[129.0647052032928,32.882811506671764],[129.06593676852515,32.88268891363988],[129.06625508366068,32.88257935553196],[129.06730540086247,32.88186824722072],[129.0677184410769,32.88178328383663],[129.06867746196636,32.88186785444368],[129.06918371918977,32.88166277879243],[129.07002760555818,32.88154793084445],[129.0703469668745,32.88211915572981],[129.0704426997255,32.88341460999326],[129.07021944748226,32.88377431210577],[129.0706804215329,32.88439877480582],[129.070780146361,32.88521456803948],[129.07047217280007,32.88562828936188],[129.0708289784285,32.88652396865253],[129.07127055001828,32.88719279472517],[129.07141197532704,32.88785565757145],[129.0719215834786,32.888460521950236],[129.0727198810385,32.888479475499],[129.0729832226834,32.888318132277135],[129.0735869233115,32.88830185171152],[129.07572670072204,32.88881674059071],[129.07666384001348,32.88947125293468],[129.07646019548466,32.88974849717638],[129.07646969302675,32.89039255496935],[129.07619335098101,32.89117885652848],[129.07612229512065,32.892263343354855],[129.07582958908336,32.89274102834087],[129.07617346729515,32.89346589778455],[129.0762235285517,32.89392098246728],[129.0766495937482,32.89438970362822],[129.07686978114845,32.89596359050311],[129.0768142463967,32.896902428544074],[129.0773670974218,32.89798588785123],[129.07735267796122,32.8984278663406]]]},"properties":{"KEY_CODE":"42411009002","PREF":"42","CITY":"411","CITY_NAME":"新上五島町","S_NAME":"宿ノ浦郷","SETAI":"61"}},{"type":"Feature","geometry":{"type":"Polygon","coordinates":[[[129.0498952609794,32.89260991387773],[129.04951953486247,32.89271677385455],[129.04876834061224,32.89267348363205],[129.04806714901977,32.892468956189276],[129.04836067973412,32.89212913694628],[129.0480048026756,32.89169860599136],[129.0477898533753,32.89046058261431],[129.04708427538432,32.89027586570346],[129.04690476228976,32.889641264340526],[129.04759852522253,32.88961942797267],[129.04837728198387,32.890331050011305],[129.0491332118253,32.89049068389597],[129.04949866341627,32.8911412844956],[129.04937337883396,32.89202908769029],[129.04955076499388,32.892247061798535],[129.05006888830223,32.89230033152515],[129.0498952609794,32.89260991387773]]]},"properties":{"KEY_CODE":"42411009003","PREF":"42","CITY":"411","CITY_NAME":"新上五島町","S_NAME":"宿ノ浦郷","SETAI":"0"}},{"type":"Feature","geometry":{"type":"Polygon","coordinates":[[[129.03787782011358,32.90067122504537],[129.03829746217122,32.9009703627851],[129.03759952692505,32.90135915568378],[129.03729167111504,32.90135621047084],[129.03720146507425,32.90102943166927],[129.03787782011358,32.90067122504537]]]},"properties":{"KEY_CODE":"42411009003","PREF":"42","CITY":"411","CITY_NAME":"新上五島町","S_NAME":"宿ノ浦郷","SETAI":"0"}},{"type":"Feature","geometry":{"type":"Polygon","coordinates":[[[129.05999113965774,32.89984115643503],[129.05938021187438,32.899740707374065],[129.05935990369966,32.899954358211296],[129.05980945007204,32.90048437866039],[129.05946567272056,32.901049489207374],[129.05895097592472,32.900934045389675],[129.05845458539054,32.901017063393034],[129.05788440113307,32.900892401394856],[129.05734640416273,32.90095362172807],[129.05830340442202,32.901543160608675],[129.05803045629597,32.902044486330034],[129.05872883706644,32.90197661671618],[129.0591863065199,32.90241739665971],[129.05949672706905,32.90233282223255],[129.05977924758105,32.902915461919484],[129.0610353262802,32.90290905386065],[129.06125573916282,32.90373404859176],[129.0611225247237,32.90430259208675],[129.06051398064415,32.90435545998237],[129.06028204981286,32.904779382040836],[129.06033707263276,32.905111423534905],[129.05978828602784,32.90561809261496],[129.05980745555877,32.90585351749418],[129.05921153354686,32.90638165545781],[129.05844653496885,32.90672253551057],[129.0580008134076,32.90628360445781],[129.05741056459902,32.906097553244315],[129.05704586458387,32.905700382857766],[129.05710281619764,32.9054336649821],[129.05657271059823,32.90518830931887],[129.05614230119957,32.90532385289158],[129.05453267037905,32.90547864271039],[129.05370863833429,32.90608078806622],[129.0530157599249,32.90718027703354],[129.05211164546398,32.90733575976337],[129.05169541370879,32.90719900338628],[129.05169021122066,32.90631885255241],[129.05213850529486,32.90581907837001],[129.0518029879239,32.905577102240244],[129.05184860769577,32.90522557561799],[129.05271229398448,32.9043873187831],[129.05280842426626,32.90355712781077],[129.05416193098802,32.90266830713415],[129.05409270702836,32.90176718275136],[129.05419087313865,32.90115974122784],[129.05443032449008,32.900730446095395],[129.05432708485642,32.900434297313915],[129.0538346943538,32.90035227921008],[129.05361904148944,32.89944252065667],[129.05326439022116,32.89897322815197],[129.05301212215412,32.899186049019534],[129.0530934577201,32.899593944544606],[129.0524273653016,32.901322073582],[129.05147394467147,32.90193546616292],[129.05127803956213,32.90220529605368],[129.05139387732694,32.902551997403926],[129.05119465865596,32.90305627711286],[129.05084244157615,32.903155105886256],[129.05085047328504,32.903474366122154],[129.05026077729588,32.90360660483723],[129.05011751162087,32.9040344303975],[129.0497387567655,32.904103412227876],[129.04960610814132,32.904536682639026],[129.04919071006225,32.904666840768364],[129.0490949680543,32.90499384540686],[129.04866169555942,32.90505810992631],[129.0483099684607,32.904853034455584],[129.0480918622345,32.904230931358526],[129.0482776789708,32.9040512485336],[129.04794170482114,32.903697436415044],[129.04744274589703,32.90364783805725],[129.04759287334986,32.90292425864565],[129.04691362003388,32.90259354638425],[129.04651258725443,32.902830163752284],[129.04634407857918,32.90317763421376],[129.0456621322503,32.90336633390342],[129.04523947964518,32.90407178830684],[129.04478364661506,32.90416211042115],[129.0445078536926,32.904785123852896],[129.04516502859417,32.90504092151222],[129.04497262727435,32.905452332052896],[129.04646061575255,32.906521833501785],[129.04562851980162,32.90701207131875],[129.04566366581662,32.907667788439674],[129.04471794053484,32.9080088234075],[129.04449009719298,32.90782223148971],[129.0436133794368,32.90805258485196],[129.0435541992864,32.908338231768504],[129.04255879316918,32.90877105124551],[129.04243660683102,32.90966155154387],[129.04294301635127,32.90993302960169],[129.04288522046912,32.91015195544303],[129.04196388588517,32.910736528028046],[129.04159049959623,32.911205884394604],[129.0412430206329,32.9112109229491],[129.04101060521026,32.91087460879413],[129.0403427030786,32.91082165732368],[129.0406885976744,32.91050911518447],[129.0412278240157,32.91063643751423],[129.04146915410965,32.910484022567715],[129.0416768472803,32.909801244334275],[129.0420661254053,32.90956910983064],[129.041926371978,32.90909607482002],[129.04122818626365,32.90869943699679],[129.04058761675563,32.908742171357304],[129.0401480465065,32.90857372635187],[129.03930403754768,32.90846871815709],[129.03898457639013,32.90863707076445],[129.0380084260227,32.9086551104664],[129.03784129501082,32.908520124847364],[129.03854591232704,32.90767596318407],[129.0383670702575,32.907118916647626],[129.0380162724332,32.90693816378691],[129.03818400215255,32.906756624441385],[129.03881519324526,32.90666788097472],[129.03933398896925,32.90722708809362],[129.04047903612138,32.90741165974178],[129.04071978480735,32.90758027102914],[129.04129669797769,32.90744171805497],[129.04082179692648,32.906660839489525],[129.04154205016334,32.90609627615823],[129.04151844646415,32.905904114004514],[129.04100104710747,32.905905815711336],[129.0405487807272,32.905707568667204],[129.0402919392314,32.90534952577462],[129.04081637304637,32.90523061377861],[129.04074289281405,32.9045576256596],[129.04083551545116,32.90400788551465],[129.04035019270896,32.90380048963556],[129.0399502485814,32.90341937496734],[129.0389068172266,32.90384386927972],[129.03923730683638,32.90339781353934],[129.03987091127257,32.90325766173484],[129.03941318190098,32.90288354311438],[129.03957563314668,32.90247744453248],[129.04004254489547,32.90210943640009],[129.04071346404754,32.902180436422825],[129.0411526925227,32.90283043119651],[129.04176146212527,32.90335118712755],[129.04197891376154,32.90326631600025],[129.0417365721906,32.90258188252866],[129.04199231396078,32.90232671246295],[129.0419804241015,32.90193529438886],[129.04287099309028,32.90149308416284],[129.04286012896748,32.90090959315897],[129.04239950378192,32.9006761483675],[129.04269702971504,32.90040580658034],[129.0422944101099,32.8999119567392],[129.04121226342966,32.89998463837683],[129.04136282051775,32.90022236548524],[129.0411382780133,32.90064717241872],[129.04066799501516,32.900635528130785],[129.04040103900797,32.9001683261062],[129.04020275687787,32.89944617527871],[129.03969583004263,32.89969861129008],[129.03916764203976,32.89972642093501],[129.0384775603038,32.899425389076534],[129.03846271056716,32.89919718655864],[129.03926568982303,32.89875016040421],[129.0395010171329,32.89768693157271],[129.04031103218728,32.89773319800025],[129.04091722006922,32.89791307868104],[129.04144671991745,32.89783927040546],[129.04150190845144,32.89750130658094],[129.040710150094,32.897033085151996],[129.04025968567126,32.89649487114375],[129.04020338145133,32.89601401856773],[129.04064213622448,32.89591643689704],[129.04104745095768,32.89608475511236],[129.04135521297687,32.89589200310019],[129.04249290405977,32.895612114163356],[129.04253315800392,32.89527048438235],[129.04163592267383,32.89493624195319],[129.04149740597367,32.89443795802142],[129.04196874214213,32.89423858256156],[129.04226330184736,32.89370490785155],[129.0433212596754,32.89270870934628],[129.04363402012717,32.89257999202763],[129.04436668640636,32.89269538830647],[129.0450221416962,32.89348232594675],[129.04504011783888,32.89393508711838],[129.04599377712748,32.893686057140776],[129.04650866726163,32.89332721449869],[129.04724073861047,32.89418475578987],[129.0479214763814,32.8942106633021],[129.04800682610087,32.89508841163746],[129.04927020687927,32.89509477163009],[129.0489360294254,32.89396363617581],[129.049251660557,32.89390165038657],[129.0491676196606,32.89361187896814],[129.04870157294891,32.89362101989903],[129.04859192934296,32.89331672187052],[129.04960400529043,32.8929217844616],[129.05020982850277,32.893178270548376],[129.0504708873288,32.89291769323809],[129.05096956727024,32.89301056247025],[129.05146882288562,32.89341184289775],[129.0517856625835,32.89332460685344],[129.05162569336068,32.892830756616775],[129.0524182049235,32.89272899433686],[129.05189700973725,32.89222393406474],[129.05208327932388,32.89153293325198],[129.05113276775597,32.89180456653039],[129.05075374649297,32.89130001217227],[129.05083887601904,32.89095313211518],[129.05031207336953,32.89092508259583],[129.05004762044894,32.890594980457195],[129.0501488244186,32.89023192842018],[129.04992823390484,32.889897474986135],[129.0501268336874,32.88972595312765],[129.05117738008298,32.88995517541964],[129.05070705675024,32.889326747110744],[129.0508340790754,32.888934928383954],[129.0512880449476,32.88878325586682],[129.05159468238227,32.88838125776215],[129.05224138933687,32.888572950315975],[129.05223769336664,32.8888840520314],[129.05268761726535,32.888896486091994],[129.05279878410775,32.889106997434446],[129.05238912502136,32.889804412462674],[129.05281731896162,32.889879893083155],[129.05296384489313,32.890290728227676],[129.05377101335367,32.890033892177364],[129.05412828582368,32.890190275556726],[129.05419276321265,32.89054581141183],[129.05379177045842,32.89122252262824],[129.05415517437953,32.891439340251125],[129.0538552465952,32.89199377314101],[129.05425925013947,32.892208031835565],[129.054498954674,32.89322339163786],[129.05413092679177,32.89350252981954],[129.05446737541513,32.89397626716376],[129.0545648116035,32.89501276555282],[129.05481256325515,32.895056931993615],[129.05537972818973,32.89449984679612],[129.0556014228775,32.893767488185944],[129.05586132017376,32.89351951494566],[129.05649031186687,32.893848195896545],[129.05651595566005,32.89363726628024],[129.05605022795555,32.893147751800484],[129.05608535572225,32.89296932540984],[129.05692175113006,32.89285776550552],[129.0575741103261,32.89299624242587],[129.05743371591828,32.89264855893344],[129.05648083287932,32.892534263286365],[129.05647646273812,32.89170280234399],[129.05726659255188,32.891430560099685],[129.05735952992706,32.891011560196326],[129.05593861013182,32.8906755724741],[129.0562921140834,32.89029987564828],[129.05602866683034,32.88997340000411],[129.05627565253766,32.88953240339353],[129.05652800000212,32.88950624548862],[129.05656968792215,32.88908345357379],[129.05689949754546,32.888743750862396],[129.05756210369034,32.888536882466546],[129.05847067492206,32.88873848749379],[129.0596586270588,32.88885089214537],[129.05886781150045,32.88818169088117],[129.05871695275962,32.88757064906409],[129.05824919287804,32.88792249788445],[129.05776801231363,32.887966783929045],[129.05702127958202,32.88768007812326],[129.05612483380972,32.88762820714155],[129.0556834409053,32.888048671805684],[129.05521322016008,32.887829664514896],[129.05567973899437,32.88751119057159],[129.05567660049024,32.88727852109564],[129.05523526579395,32.88726161956222],[129.05508201673803,32.886916600081406],[129.0557374834998,32.886431967482366],[129.05640291362369,32.886518194860635],[129.0567234206229,32.88697112222892],[129.0568768536094,32.886635302601555],[129.05734314499637,32.8863601044353],[129.0573120947903,32.88572874403015],[129.058887299709,32.885784843839275],[129.05928717523423,32.88585989475427],[129.0619149759296,32.88582737150267],[129.06250260569826,32.88645255263121],[129.0626651711373,32.886802123313174],[129.0626717677169,32.88761681606429],[129.062943300065,32.8885695698218],[129.06277717202568,32.889402504083755],[129.0614618107625,32.89105482690957],[129.06026796760787,32.89116552238056],[129.05956315575452,32.89169725088412],[129.05934432433486,32.89210383134708],[129.0593387193294,32.89266186037746],[129.05911624416618,32.89313712788479],[129.05873471711786,32.89348082773189],[129.05865121857343,32.89409333130049],[129.05768861528867,32.89450276631858],[129.05693990946168,32.89567399390038],[129.0564320611115,32.896142842458346],[129.0564950031081,32.896624511575794],[129.05711919330207,32.897385564308244],[129.0575700927674,32.897689000830724],[129.05933724005067,32.89840231815026],[129.05974491487092,32.8987267822977],[129.05999113965774,32.89984115643503]]]},"properties":{"KEY_CODE":"42411009003","PREF":"42","CITY":"411","CITY_NAME":"新上五島町","S_NAME":"宿ノ浦郷","SETAI":"59"}},{"type":"Feature","geometry":{"type":"Polygon","coordinates":[[[129.0619149759296,32.88582737150267],[129.05928717523423,32.88585989475427],[129.058887299709,32.885784843839275],[129.0573120947903,32.88572874403015],[129.05757420087056,32.88545913596655],[129.05743199675416,32.885041107243886],[129.05775068466752,32.88457511132949],[129.0579392111339,32.88384622914339],[129.05834364748696,32.88324478233974],[129.05797658137632,32.88294616899629],[129.05856607467754,32.88286730174159],[129.05854735679245,32.88211334524769],[129.0588141977728,32.88154255058417],[129.05842961757264,32.881291396146196],[129.0575664062353,32.88165447538948],[129.05662287510395,32.88183960119535],[129.05641805553196,32.88176583348099],[129.05654451004557,32.88062641978832],[129.0577020988361,32.87930038382351],[129.058080822444,32.87814022046798],[129.05839971501814,32.87784645777105],[129.05962835125408,32.877478349727355],[129.06018877744015,32.87696449155795],[129.0607416704176,32.876351292291936],[129.06200818858048,32.87602278326495],[129.06432322220118,32.87520899438892],[129.06696230083227,32.87437128568447],[129.0696299986724,32.87363848941187],[129.0697374378831,32.8741405972349],[129.07008703472707,32.87463356936508],[129.07002719695018,32.87559573000879],[129.0696089965952,32.87614955484953],[129.06960381742854,32.87670197488675],[129.06990564694385,32.878079543923995],[129.06965542812728,32.878475904231834],[129.06983349041826,32.879344332326696],[129.06981032959786,32.87981766572897],[129.07021916627392,32.88051403092234],[129.07002760555818,32.88154793084445],[129.06918371918977,32.88166277879243],[129.06867746196636,32.88186785444368],[129.0677184410769,32.88178328383663],[129.06730540086247,32.88186824722072],[129.06625508366068,32.88257935553196],[129.06593676852515,32.88268891363988],[129.0647052032928,32.882811506671764],[129.06345817708421,32.882553530523744],[129.06309793348373,32.88266500497291],[129.0628026527357,32.88416020073423],[129.062306537877,32.884733186215016],[129.06221250714583,32.88514290598574],[129.0618582615864,32.885619278380354],[129.0619149759296,32.88582737150267]]]},"properties":{"KEY_CODE":"42411009004","PREF":"42","CITY":"411","CITY_NAME":"新上五島町","S_NAME":"宿ノ浦郷","SETAI":"29"}},{"type":"Feature","geometry":{"type":"Polygon","coordinates":[[[129.05659979970721,32.884324848841274],[129.05582717493547,32.884305867018696],[129.05560437527885,32.88397772852371],[129.05576126035643,32.88359412854436],[129.05539609143383,32.883527001807614],[129.05566366320232,32.88324117788024],[129.0560922513898,32.88344921301962],[129.05665881225752,32.88342416977846],[129.05664951534771,32.883790258666735],[129.05714141962594,32.883734293027665],[129.05725847900493,32.883399241209304],[129.05787165742296,32.883460925554175],[129.057867044391,32.883742268473455],[129.05738114539668,32.884311378360984],[129.05659979970721,32.884324848841274]]]},"properties":{"KEY_CODE":"42411009004","PREF":"42","CITY":"411","CITY_NAME":"新上五島町","S_NAME":"宿ノ浦郷","SETAI":"0"}},{"type":"Feature","geometry":{"type":"Polygon","coordinates":[[[129.05430735604693,32.88644942159806],[129.05427708956287,32.88715721411828],[129.05398427167677,32.88715436438698],[129.05393852848778,32.88668527399544],[129.05362127678174,32.88643524343219],[129.0529372934274,32.886643820675914],[129.05099053882816,32.88673874332844],[129.0510377786429,32.88648641324969],[129.0517855482069,32.886139205405996],[129.05242958230573,32.886219969965744],[129.0539531205588,32.88548234003176],[129.05454883318222,32.885824439221864],[129.05513984745906,32.8856128186484],[129.05526063939888,32.88603618967202],[129.05482889994965,32.88603014406167],[129.05430735604693,32.88644942159806]]]},"properties":{"KEY_CODE":"42411009004","PREF":"42","CITY":"411","CITY_NAME":"新上五島町","S_NAME":"宿ノ浦郷","SETAI":"0"}},{"type":"Feature","geometry":{"type":"Polygon","coordinates":[[[129.039410738086,32.89282601296988],[129.03844206192196,32.89246713370305],[129.03818761876002,32.89206580836213],[129.03849361264807,32.89160071652228],[129.0381605489502,32.89151381685698],[129.03840274234415,32.88954432078393],[129.0390518840079,32.88967386445024],[129.03920886137658,32.88949769782902],[129.03897922881615,32.889054978217516],[129.03910888164947,32.888785820398994],[129.03842330269686,32.88846225955855],[129.03732455907266,32.88867011505914],[129.03715317478745,32.88853331502832],[129.03642821052173,32.888591040186746],[129.0363618638996,32.88840773429982],[129.03687800555267,32.88780996374849],[129.03885368348378,32.88688032416654],[129.0391453287621,32.886497235202846],[129.03982553016147,32.88640505424111],[129.03976741711554,32.88668709704114],[129.04034664958093,32.887115778433845],[129.04101824579988,32.88704159533752],[129.04142864160147,32.887253215212354],[129.04248266373347,32.88700908842998],[129.0425862530441,32.88743781384909],[129.04326110634983,32.88735551107998],[129.0440643518421,32.886407063478735],[129.0448358881183,32.88621869562122],[129.04528050094976,32.88663874597445],[129.04519632233763,32.886796251586134],[129.04431872217432,32.88724033495016],[129.04383448152993,32.88766871993586],[129.04359818569506,32.888106128298745],[129.04324674419124,32.88827437746412],[129.04294042145148,32.8888188352416],[129.04216340433427,32.889020697076155],[129.04156183077544,32.88878312150525],[129.04129251385402,32.88898233043711],[129.0404494016908,32.88894947586186],[129.04049366879912,32.889480782421515],[129.0401400338995,32.89028116841075],[129.03986799692643,32.890593086768654],[129.03911522233324,32.89085814335575],[129.0394766347814,32.89145284574644],[129.039410738086,32.89282601296988]]]},"properties":{"KEY_CODE":"42411009005","PREF":"42","CITY":"411","CITY_NAME":"新上五島町","S_NAME":"宿ノ浦郷","SETAI":"0"}},{"type":"Feature","geometry":{"type":"Polygon","coordinates":[[[129.06018877744015,32.87696449155795],[129.0596509565962,32.87744867176101],[129.0583880096259,32.87783288948548],[129.05802824961373,32.87818512448091],[129.0577669681937,32.87893178750635],[129.05738321146038,32.879382221612566],[129.05701216985761,32.87920686444006],[129.05689865452013,32.878831313413215],[129.05615401479832,32.87921193202104],[129.05552316620393,32.879275528635716],[129.0557538220338,32.87952433980885],[129.05558018874902,32.8800530647626],[129.0549311059899,32.880981401877506],[129.0546780600021,32.881143729567775],[129.0543260936681,32.88100179146016],[129.05377232522295,32.88018550462425],[129.05361693850287,32.880694459524804],[129.05402377931892,32.88161483554176],[129.05372754633268,32.882079995173136],[129.05369562676046,32.88269219781381],[129.0532660047868,32.88290799046123],[129.0533941805079,32.883770561437494],[129.05269741796045,32.88396736173433],[129.05228856651902,32.88387842324878],[129.05234595276966,32.88436288966463],[129.05214244770733,32.884666064482154],[129.051619317393,32.884761580486604],[129.0508469100711,32.884277259430135],[129.05067571861167,32.88495117838518],[129.0502310641125,32.884965809848524],[129.0494253443406,32.884729342521254],[129.04901321444606,32.88422466179978],[129.0486198942659,32.8844405780048],[129.04840039938873,32.88493847105073],[129.0487540496542,32.88538342833593],[129.0492070666195,32.88562223054572],[129.04858626475865,32.88600775823036],[129.04784174478837,32.885713792674125],[129.04771336273942,32.88616601741847],[129.04715616462462,32.886233438895985],[129.0469704571883,32.886603404895645],[129.04742306893215,32.8871280785594],[129.04694695312222,32.887226447705494],[129.04689272005749,32.886759129828086],[129.04587354759724,32.886247727545985],[129.04495397378764,32.886117225672834],[129.04384568418172,32.885695660622225],[129.04356263256741,32.88587317888448],[129.0428526042017,32.88552339644598],[129.04292557904094,32.885255831404585],[129.0438125782895,32.88506879905816],[129.04361009636784,32.88411667630265],[129.04387005121595,32.883858811123304],[129.04462269280432,32.88360545387031],[129.04641883983192,32.88389784428523],[129.04658609937633,32.88421407615614],[129.04695315408202,32.883910605460066],[129.04628251186287,32.88338604403021],[129.04599278363747,32.88277988841604],[129.0467428274142,32.88261578032422],[129.04711583379336,32.88282273788436],[129.04713321901556,32.882556774051594],[129.0474994058007,32.88242193419333],[129.0478882188926,32.8826731376142],[129.04798697540684,32.88300535014294],[129.04862236480037,32.88268661342198],[129.04834750166518,32.8820940438893],[129.04848449257193,32.88163823844007],[129.04989936102857,32.88123843431639],[129.05001554191824,32.88087543436016],[129.04920128797372,32.88064164749324],[129.04923097325113,32.88027021677268],[129.04858017109356,32.88005144012744],[129.04846816117276,32.88043068420558],[129.04739468754215,32.8805296096554],[129.04717343130997,32.88032410104333],[129.0475970748372,32.88002894392611],[129.0479283915729,32.880025633572885],[129.04856397396492,32.879450786621874],[129.050188530745,32.87942418054027],[129.0501733303028,32.87989575847467],[129.0505236856877,32.879933089871045],[129.05137036182867,32.87945728539597],[129.0517052083521,32.87895980002342],[129.05221740020707,32.879114939056755],[129.05229021399217,32.878665204608694],[129.0520661607255,32.87837583036949],[129.05293353939646,32.877606096688815],[129.05284710197444,32.87737042328751],[129.05233249897958,32.87748039935906],[129.05213889572352,32.877726800798456],[129.0508578614104,32.878304760194574],[129.0502911730383,32.87793209092849],[129.04961567501542,32.878165930742796],[129.04935184954823,32.87792600585686],[129.04883918972658,32.87786554102971],[129.04872498005204,32.87742054837337],[129.04960749933414,32.877035959729376],[129.04935869214887,32.876362322697595],[129.04976412211252,32.876072505907544],[129.05063293992,32.87628935594795],[129.05076913092543,32.875979625314656],[129.05133403133038,32.87585269798393],[129.0510181484926,32.87555577888396],[129.050284460732,32.87566946972434],[129.05013367218442,32.875481356868264],[129.05020317242602,32.87483863140691],[129.05068045907538,32.87437892641599],[129.05046171594407,32.874165375025775],[129.05089053328035,32.87373865970781],[129.0503722210098,32.87402440348012],[129.04930040993597,32.87437096115149],[129.04880266969548,32.87495262772156],[129.04837128644547,32.8750926543287],[129.04835900591658,32.87540643109365],[129.04784468825807,32.87610165498758],[129.04756503893714,32.876241318941254],[129.04738387909816,32.876771820493204],[129.04682259334405,32.877235106575505],[129.0464611130432,32.87708139855813],[129.0460620114908,32.87654519091774],[129.04610161446715,32.876327100044655],[129.0457128758893,32.875643032052416],[129.04527466474568,32.87565496574923],[129.0449747887517,32.87682619996011],[129.04492632617823,32.87752671501842],[129.04440995647263,32.877359808596026],[129.0438433456836,32.87823067152416],[129.04384448818004,32.87863467438281],[129.04423198213428,32.87892646479138],[129.04428114760813,32.87934416927624],[129.04389599399406,32.8790109089248],[129.0434243757131,32.8790705068176],[129.04302353997403,32.878881472290594],[129.04269415769676,32.87933747494176],[129.04224682804295,32.8794548662486],[129.04179443653925,32.880141278352696],[129.04207556509286,32.880545399820846],[129.04171660366237,32.88072805201532],[129.04147811969327,32.881380971983916],[129.04032793933158,32.88184206507095],[129.0397554664634,32.88176781553453],[129.04085755994876,32.88130572327634],[129.04120882125076,32.88099798477006],[129.04128800505922,32.88010946110815],[129.04146813045142,32.87948799602064],[129.04190677267988,32.87876376298522],[129.04293996943727,32.87788955386877],[129.04336801588465,32.87743696576085],[129.04383390527187,32.876523430266246],[129.04411369286586,32.87555224533511],[129.04445559682384,32.87484817714503],[129.04474965047737,32.87454495558416],[129.04557403135905,32.87419795711808],[129.0469041437682,32.87413483267132],[129.0489351186224,32.872361867290174],[129.04897090023118,32.871455264444826],[129.0504721343625,32.870206247171986],[129.0515044468213,32.87014912038595],[129.05187090158782,32.86979233990105],[129.05206723648521,32.86931555985828],[129.05280338114085,32.86880239031842],[129.0530243175021,32.86816319715397],[129.0533982726005,32.86783963906932],[129.05433757792537,32.86740408802215],[129.05441328471284,32.86723968360852],[129.05599246802578,32.86711100133232],[129.0583919422976,32.86645903005156],[129.05869963061238,32.86672353640818],[129.05923626147572,32.86835211285239],[129.05923653829157,32.86923855260936],[129.05878409616807,32.8701392070872],[129.0596314018787,32.870495184494686],[129.06030961545116,32.87127336961627],[129.06120337049273,32.87170063884733],[129.06178357087356,32.8721017727607],[129.06228024520914,32.872664618419066],[129.06436933098325,32.872836557526604],[129.06522037295082,32.873068703529434],[129.06619909718506,32.87304708462701],[129.066883487504,32.87318072103593],[129.06770976134464,32.87340926766924],[129.0696299986724,32.87363848941187],[129.06696230083227,32.87437128568447],[129.06432322220118,32.87520899438892],[129.06200818858048,32.87602278326495],[129.0607416704176,32.876351292291936],[129.06018877744015,32.87696449155795]]]},"properties":{"KEY_CODE":"42411009005","PREF":"42","CITY":"411","CITY_NAME":"新上五島町","S_NAME":"宿ノ浦郷","SETAI":"20"}},{"type":"Feature","geometry":{"type":"Polygon","coordinates":[[[129.0757904165119,32.91953986865209],[129.07536271170628,32.920174801196865],[129.07536395406524,32.9204559138492],[129.07549337757922,32.92121578190245],[129.07535674907828,32.9214190713223],[129.0753901294653,32.922001014300385],[129.07541060485312,32.92204248264732],[129.0752733330182,32.92210957057271],[129.0748468821573,32.922409935370695],[129.07474504677208,32.922629686845774],[129.07458416486972,32.9227773250007],[129.07412718793734,32.922701673241896],[129.07390154623184,32.922610472122216],[129.07343830270037,32.922231900910226],[129.07324557148365,32.9220198727836],[129.07274760993033,32.92186997920831],[129.0721548041309,32.921832003230264],[129.07191770815382,32.92170916042838],[129.07127210822907,32.921645927109545],[129.07107083605348,32.92158640082118],[129.07070235660078,32.92165159685091],[129.0697422780826,32.92143038036282],[129.06931798021364,32.921482232140654],[129.0690062306661,32.921398835131825],[129.06772419480103,32.921039483065655],[129.06684342078353,32.92079714685807],[129.06625585893303,32.92043152887465],[129.06556151323142,32.92033810306224],[129.06478551868128,32.92037228423952],[129.06336803478354,32.92029168331609],[129.06296540414402,32.92004070414628],[129.0623326612399,32.91934712576023],[129.0620157011981,32.91900182983875],[129.0610384710575,32.91829780881718],[129.06024223799105,32.91781712952192],[129.05974017113866,32.91755149382892],[129.05913070893718,32.91687841790803],[129.0590534433611,32.91655097363295],[129.0589246407825,32.916005244082925],[129.05884428205877,32.914897032958876],[129.05882467106116,32.914296708934266],[129.05891543409768,32.91309177323408],[129.05924684155764,32.91188312324864],[129.06017269902583,32.910438678436606],[129.06069061428013,32.90951745533212],[129.06110934524952,32.908755779960416],[129.0614253435163,32.90878903913131],[129.06176554290687,32.909605421334454],[129.06195958781083,32.9092778635454],[129.06297696355477,32.90957088366554],[129.06345938770008,32.909517563358925],[129.06342573643806,32.90875094589672],[129.06233370134174,32.90668569073698],[129.06221898011287,32.90610275248051],[129.06196826738773,32.90577994295006],[129.06417994300062,32.90652244658344],[129.06450198721151,32.90687165447163],[129.06474859431484,32.90719118604835],[129.06480918262903,32.90736256478795],[129.06505190252716,32.9074701234367],[129.06530093890672,32.907336491394],[129.06566555648396,32.90713587214653],[129.0662668586306,32.90715831809953],[129.0678378085191,32.90772958497735],[129.06888135371244,32.90759529584915],[129.06920800526737,32.907558280827615],[129.0696025015019,32.907800226176036],[129.06995602228196,32.90829494543987],[129.07024713944733,32.90864665592805],[129.07093168003533,32.90951709323993],[129.0713960883483,32.910167804553595],[129.07160329584357,32.910437986790114],[129.07253741317868,32.911207203318874],[129.07323651179777,32.91144621420263],[129.07363126601805,32.91150970541934],[129.0746329091256,32.911726481873025],[129.07498738208656,32.9118389621034],[129.0762239100677,32.912822175510044],[129.07672776283326,32.91324254359315],[129.07674956957686,32.913258566204604],[129.07665391588245,32.91381391518053],[129.0768657616357,32.91408811247122],[129.07659324035637,32.91570302646834],[129.0766035957355,32.91650825193028],[129.07619176374564,32.91726955935768],[129.0761172129135,32.91773345456146],[129.07562328663641,32.91809678587681],[129.07549711223518,32.918543077802234],[129.0759227239509,32.91896401182211],[129.0757904165119,32.91953986865209]]]},"properties":{"KEY_CODE":"42411009006","PREF":"42","CITY":"411","CITY_NAME":"新上五島町","S_NAME":"宿ノ浦郷","SETAI":"25"}},{"type":"Feature","geometry":{"type":"Polygon","coordinates":[[[129.0583919422976,32.86645903005156],[129.05599246802578,32.86711100133232],[129.05441328471284,32.86723968360852],[129.05433757792537,32.86740408802215],[129.0533982726005,32.86783963906932],[129.0530243175021,32.86816319715397],[129.05280338114085,32.86880239031842],[129.05206723648521,32.86931555985828],[129.05187090158782,32.86979233990105],[129.0515044468213,32.87014912038595],[129.0504721343625,32.870206247171986],[129.04897090023118,32.871455264444826],[129.0489351186224,32.872361867290174],[129.0469041437682,32.87413483267132],[129.04557403135905,32.87419795711808],[129.04474965047737,32.87454495558416],[129.04445559682384,32.87484817714503],[129.04411369286586,32.87555224533511],[129.04383390527187,32.876523430266246],[129.04336801588465,32.87743696576085],[129.04293996943727,32.87788955386877],[129.04190677267988,32.87876376298522],[129.04146813045142,32.87948799602064],[129.04128800505922,32.88010946110815],[129.04120882125076,32.88099798477006],[129.04085755994876,32.88130572327634],[129.0397554664634,32.88176781553453],[129.03975451723704,32.88153966208424],[129.0402986003932,32.880903201961566],[129.0408008521873,32.88070214640132],[129.04037061506864,32.880200073998616],[129.04084221781733,32.879934882244804],[129.04043260837105,32.87937606624116],[129.04047404121337,32.879008291704885],[129.0408936530265,32.87887456573628],[129.04088377415735,32.87789338726812],[129.04123937826475,32.87793888397741],[129.04138484493183,32.87729463948708],[129.0416871101128,32.877118992341906],[129.04226134903442,32.87725816989599],[129.04229534700298,32.876468331542945],[129.04192708876644,32.87617390157042],[129.04296189039232,32.87528220607789],[129.0423230214932,32.875033682475184],[129.04195511251928,32.875093654949126],[129.0421004907843,32.87446474098559],[129.04160422678214,32.874337579186104],[129.0413521750512,32.873892973219256],[129.04084425179087,32.874367251390325],[129.0402506332793,32.87467799215906],[129.04012638566243,32.874108501687566],[129.0406706081245,32.87343596640072],[129.0403866498931,32.87296328943729],[129.0405150707738,32.87210345180611],[129.04096514038812,32.872483855973044],[129.0408761872116,32.872734233613414],[129.0415847952334,32.87312730615602],[129.04199306544027,32.87353641248709],[129.04175831169718,32.87243265792349],[129.04212374325613,32.87222749226243],[129.04277347228654,32.87243817941359],[129.04283580872934,32.872987600229784],[129.04303158079463,32.873158748655754],[129.04372538271943,32.87310447142321],[129.04399873342012,32.87293863765809],[129.0446816330271,32.872958712916876],[129.0444783569276,32.872703649183634],[129.04532334061636,32.87226713756743],[129.04534945537287,32.87169875240047],[129.04482839925214,32.8717198688663],[129.04423087588683,32.87122699173733],[129.0453785413065,32.87039430159941],[129.04509439608842,32.86995500241753],[129.04564083237716,32.868412234955535],[129.0467858713339,32.86850295714576],[129.04723730714917,32.86841171016029],[129.0474013566988,32.86809036515984],[129.0473091833602,32.867510186012595],[129.04697669108856,32.86691741517947],[129.04702492936894,32.866469401247564],[129.04686013394863,32.865888958701966],[129.04769555031677,32.86424080892788],[129.04730287856495,32.86392737458141],[129.0478092053099,32.86369092881499],[129.04872494386422,32.86369324566155],[129.04947331270102,32.86329129122208],[129.05065531999333,32.86294244573002],[129.05175817957658,32.862842547774754],[129.0525630678171,32.86251853636751],[129.05334349535678,32.862019242627724],[129.05454161220604,32.86053899577105],[129.05487068636367,32.86032722396443],[129.0559777209977,32.859232115900404],[129.05702660544875,32.85905653221729],[129.0578510901586,32.859355322103355],[129.0582869264887,32.85925026440094],[129.05875234323995,32.85955981486837],[129.0587096566336,32.86029856029768],[129.05902757885468,32.861021452245765],[129.05911327766637,32.86167635438824],[129.05973130218763,32.86261765250437],[129.05952120144053,32.863129285973216],[129.05924398106777,32.86459167579391],[129.05895183329562,32.86496471108198],[129.05890083528303,32.86549271788986],[129.0583919422976,32.86645903005156]]]},"properties":{"KEY_CODE":"42411010001","PREF":"42","CITY":"411","CITY_NAME":"新上五島町","S_NAME":"桐古里郷","SETAI":"58"}},{"type":"Feature","geometry":{"type":"Polygon","coordinates":[[[129.04459025803473,32.86761214072181],[129.04382334858525,32.86838667649718],[129.04360595153918,32.86847786707678],[129.0428731696202,32.86946355075523],[129.0418948728487,32.86998209820582],[129.04110786176278,32.87008923269918],[129.0402198970813,32.86966754001833],[129.0400176088929,32.86931420266299],[129.04016750452521,32.867812387196935],[129.04016751513973,32.866777133287485],[129.04055544316068,32.86614821759643],[129.0410614153279,32.86563064245968],[129.0413602084565,32.864874240133744],[129.0420709340252,32.86484438310615],[129.04240987835954,32.86501064804025],[129.04247971079187,32.86556189861838],[129.04282574138176,32.86559292082619],[129.0434354496035,32.86505317019219],[129.04429742648819,32.86470010841551],[129.04495475988747,32.86424710006575],[129.04580690152375,32.86351253866217],[129.04654928819988,32.86355761726175],[129.0466676414932,32.86382317442901],[129.04717895899574,32.86413163303788],[129.04722343877978,32.8644131438493],[129.04647720908,32.864915440213586],[129.04587008406554,32.865582363513326],[129.04554310275233,32.86620972143205],[129.04459025803473,32.86761214072181]]]},"properties":{"KEY_CODE":"42411010001","PREF":"42","CITY":"411","CITY_NAME":"新上五島町","S_NAME":"桐古里郷","SETAI":"0"}},{"type":"Feature","geometry":{"type":"Polygon","coordinates":[[[129.04730287856495,32.86392737458141],[129.04698655165552,32.86351501036302],[129.0472809170835,32.862993947679335],[129.0472698197381,32.86202538681141],[129.04705954313724,32.862607184219385],[129.04668804354787,32.86275192088828],[129.0463403824382,32.86261719836301],[129.0458353372952,32.86297067280559],[129.04509996768473,32.86322771341672],[129.0444811333142,32.86388286616464],[129.04422803721963,32.86385668736264],[129.0438310498594,32.86333762158998],[129.0433363221234,32.86354863430789],[129.04287378204486,32.86352259518206],[129.04228662918374,32.86384148881262],[129.0418235430753,32.86392095425327],[129.0414212283115,32.86361196665283],[129.04187857351732,32.86277498313796],[129.04281873146772,32.86259626875497],[129.04332416831477,32.86196506026268],[129.04362259613754,32.862111332912015],[129.04408435206773,32.86166212408721],[129.04597100426332,32.861512079746355],[129.04719433896685,32.8617338388228],[129.0467267993229,32.86122444484262],[129.0467073607956,32.860845626461156],[129.0470891057954,32.860793800350535],[129.04681369477424,32.860111060222565],[129.0463562249455,32.859937156802495],[129.04579998130757,32.86047891970342],[129.04471991285317,32.860860047619404],[129.04497033655673,32.861202737255056],[129.04389740759987,32.86061267263268],[129.0439087140097,32.86027995291441],[129.04302611248,32.85987093041625],[129.04230896421424,32.86032912474889],[129.0416379375577,32.86013008138055],[129.04136939088855,32.8595735940354],[129.04163469310998,32.859302226340255],[129.04222657964297,32.85910420498756],[129.04289606099158,32.859399732171326],[129.04303154742027,32.859852914630245],[129.04372278048265,32.860075475812344],[129.04384831536237,32.859353609942836],[129.04434554480062,32.858853127811685],[129.04451345285813,32.85840465375181],[129.04511519703658,32.85773771961314],[129.04508819337426,32.857378714039285],[129.0453249191418,32.85705222094033],[129.0466163214461,32.856279579983294],[129.0468133873073,32.855978197366284],[129.04661734711277,32.85544813928967],[129.0467592346726,32.85507350711471],[129.04666869235643,32.854602455917416],[129.04742836050846,32.85438606740121],[129.04849657658053,32.85357562487483],[129.04869301162313,32.853190363013816],[129.04809205023386,32.852868962746015],[129.04771913820045,32.85308675693405],[129.0472371626681,32.85290465613125],[129.04686899445647,32.852403731170405],[129.04601513698475,32.85223831306927],[129.046326038001,32.851815603335076],[129.04636875597154,32.85119713849574],[129.04660653975736,32.850863442832456],[129.04626591994128,32.85041311206604],[129.04586366827084,32.85030523421772],[129.04545731610258,32.85059143013573],[129.04519275256231,32.850513816494065],[129.04526564948296,32.85005056134563],[129.0450677863885,32.84863314286848],[129.04465456105015,32.84858385465095],[129.04475126235874,32.84827217547277],[129.04515239573283,32.84837644230313],[129.04537042165225,32.847947989677934],[129.04514550366306,32.84763515789654],[129.04556143757932,32.847569934869405],[129.04564905503176,32.846936292126365],[129.0459736348128,32.84676523404576],[129.0461388869516,32.846201320770696],[129.04586261907411,32.84612186936235],[129.04552531633783,32.845647206959185],[129.04642231924592,32.84530146353262],[129.0465442362569,32.844854624829836],[129.04629618062685,32.84448038373094],[129.04527959302365,32.844604753589266],[129.04467921235687,32.844811774736954],[129.04452307488398,32.84463715490032],[129.0447129195082,32.844070639410305],[129.0451164364699,32.84391699137882],[129.04506397546095,32.84331350454199],[129.04543442466672,32.84315434573709],[129.0452696395134,32.842785812057876],[129.04551666832745,32.842738010885],[129.0456637339113,32.84133627419343],[129.0450066533905,32.84115352662369],[129.04503076992316,32.84081905657115],[129.04613682791177,32.840316284910585],[129.04610859044465,32.83978141835272],[129.04577587557228,32.83967109680956],[129.0456851428921,32.83923250401346],[129.04658924345,32.839708908332916],[129.04748799720704,32.840919849630204],[129.0476586326879,32.841255131143086],[129.04771479631447,32.84207741731123],[129.04820712155072,32.84270850814681],[129.0485421354224,32.842927979550275],[129.04986635390208,32.84351477875258],[129.0509691084607,32.8444536066119],[129.0517138616047,32.84485828012554],[129.05116385887277,32.84559602783423],[129.0509934131262,32.846468327127305],[129.05072696757543,32.84688091989947],[129.05101121532016,32.847348312791866],[129.05034237115754,32.84836032358742],[129.05036929774735,32.848663908108854],[129.04995941785216,32.84900084704946],[129.0499422988507,32.84952219773181],[129.05051174037783,32.850164843479725],[129.05065942596127,32.85083524433406],[129.05086650837518,32.85111502758639],[129.0510085498915,32.85249106695372],[129.05133434634402,32.854364726146436],[129.0511463083368,32.85513084667328],[129.05117192795726,32.85558682879398],[129.05183328576362,32.85557358005012],[129.0520356475682,32.85580774345143],[129.05270525299824,32.855656707919906],[129.0533937606157,32.85572229455643],[129.05517069583257,32.856235134627795],[129.0564464713772,32.85644226005346],[129.05731184299955,32.85685586077484],[129.05752476170758,32.85711931365615],[129.05772888252707,32.857910729300855],[129.05777924397879,32.858644634923444],[129.0582869264887,32.85925026440094],[129.0578510901586,32.859355322103355],[129.05702660544875,32.85905653221729],[129.0559777209977,32.859232115900404],[129.05487068636367,32.86032722396443],[129.05454161220604,32.86053899577105],[129.05334349535678,32.862019242627724],[129.0525630678171,32.86251853636751],[129.05175817957658,32.862842547774754],[129.05065531999333,32.86294244573002],[129.04947331270102,32.86329129122208],[129.04872494386422,32.86369324566155],[129.0478092053099,32.86369092881499],[129.04730287856495,32.86392737458141]]]},"properties":{"KEY_CODE":"42411010002","PREF":"42","CITY":"411","CITY_NAME":"新上五島町","S_NAME":"桐古里郷","SETAI":"36"}},{"type":"Feature","geometry":{"type":"Polygon","coordinates":[[[129.04207989407692,32.8564668528098],[129.0413918336272,32.85646884073868],[129.04177200159845,32.85588588065826],[129.04260314570854,32.85569323443166],[129.04330022729897,32.85538827754256],[129.0439069606164,32.855625853328704],[129.0440958753552,32.856077433224],[129.04370020328807,32.856358246405435],[129.0432985349334,32.8561403526187],[129.04255757998112,32.856243155148995],[129.04207989407692,32.8564668528098]]]},"properties":{"KEY_CODE":"42411010002","PREF":"42","CITY":"411","CITY_NAME":"新上五島町","S_NAME":"桐古里郷","SETAI":"0"}},{"type":"Feature","geometry":{"type":"Polygon","coordinates":[[[129.04531336400882,32.855345107599476],[129.04519356535496,32.85537353078833],[129.04463227035393,32.85460768586069],[129.04482210056545,32.85446499003611],[129.04548675674013,32.85465406930319],[129.04567608089167,32.855239119002164],[129.04531336400882,32.855345107599476]]]},"properties":{"KEY_CODE":"42411010002","PREF":"42","CITY":"411","CITY_NAME":"新上五島町","S_NAME":"桐古里郷","SETAI":"0"}},{"type":"Feature","geometry":{"type":"Polygon","coordinates":[[[129.05472438273438,32.83936702304787],[129.05474866169155,32.83998551646044],[129.05495821081325,32.84072102176523],[129.05429467140294,32.84176752322078],[129.05430393318852,32.842192872466875],[129.0538686619978,32.84295901170882],[129.05314464518858,32.84302148550015],[129.05273054008114,32.84346756409346],[129.05200159215488,32.84391214332095],[129.05172017123357,32.84422686236981],[129.0517138616047,32.84485828012554],[129.0509691084607,32.8444536066119],[129.04986635390208,32.84351477875258],[129.0485421354224,32.842927979550275],[129.04820712155072,32.84270850814681],[129.04771479631447,32.84207741731123],[129.0476586326879,32.841255131143086],[129.04748799720704,32.840919849630204],[129.04658924345,32.839708908332916],[129.0456851428921,32.83923250401346],[129.04569348066966,32.8388573962664],[129.0460800760303,32.838875023380744],[129.04627374225066,32.83860249755811],[129.04689673542435,32.838559670161494],[129.0477491242557,32.83920302465226],[129.04798837846175,32.83899105630796],[129.04852229857678,32.83924189360551],[129.04875126707051,32.83895955825223],[129.04927770413659,32.83899932724909],[129.0494766260366,32.8393688772923],[129.05002066872666,32.83931042657625],[129.05022821063656,32.839039723894224],[129.05031315816157,32.837867713510626],[129.05013932794898,32.837602875893964],[129.04948396201237,32.837291195023816],[129.0496840938473,32.83721436714891],[129.04989127545727,32.83658476372262],[129.04971870980887,32.83628475287506],[129.0503149283677,32.83603709340805],[129.05016942954256,32.8356569173173],[129.0497992329655,32.83535258398544],[129.04895761678029,32.83533061353892],[129.04835787956378,32.83501281855997],[129.04814345610282,32.83474060668189],[129.04842082141417,32.83418519215414],[129.04807978513236,32.834032468176055],[129.04774533854035,32.833419834616514],[129.0474420523066,32.833195999750664],[129.04722943703598,32.83236376447073],[129.0460042597895,32.832157310761964],[129.04544228746073,32.83177110571242],[129.04535893086097,32.8311476662083],[129.04555510056932,32.83101131461695],[129.04557717134682,32.83045497746432],[129.04588461400286,32.83006471367574],[129.04553957203868,32.8300715781594],[129.0452358132814,32.82932198324535],[129.04553467818576,32.828936197958384],[129.0458566305969,32.82884990215148],[129.04644135013274,32.8291739606463],[129.04744535925764,32.82854995761838],[129.04886593459733,32.82749097063529],[129.04935858914624,32.82764695064719],[129.04932304763412,32.82728250997069],[129.05102649130137,32.827309366789166],[129.0510635643746,32.827578243201856],[129.05156948237283,32.82786051431621],[129.0519122843574,32.82745052562937],[129.05137891646052,32.82667847310494],[129.05119254775033,32.825932023127216],[129.0506510962623,32.82613839177911],[129.04981590129967,32.82570432206059],[129.04980722784578,32.82530660087984],[129.0501503394821,32.825041804086474],[129.05028494750974,32.8244011119171],[129.04985266466218,32.823925214633924],[129.04949263410202,32.823947362375115],[129.04853280913918,32.8245102226131],[129.0479301650227,32.824566663849325],[129.04654337972542,32.82423790639249],[129.04570289953227,32.824848973373925],[129.04518073411572,32.824618012894994],[129.04519301421354,32.82430422484189],[129.0448319254247,32.82390342359523],[129.0446160565704,32.82392969074329],[129.04407119583857,32.82479432745065],[129.04330318995153,32.82522889365172],[129.04324820010245,32.82553891448623],[129.0428135685841,32.82490065878082],[129.04299965449252,32.82443420150096],[129.0436781414279,32.82396323811951],[129.0431588906113,32.82358078850017],[129.0432624427336,32.8229688428495],[129.04297725021786,32.82255297271121],[129.04393368173453,32.821824197470846],[129.04459133805958,32.82166157815063],[129.04494279924822,32.821854033113624],[129.0463352329953,32.82126841947212],[129.0461398873865,32.821042260261244],[129.04631071911916,32.82063346062773],[129.04702446020585,32.82056390668137],[129.04706741223924,32.82094553037408],[129.04766474518328,32.82109288072471],[129.0484718545331,32.82051233803901],[129.04890258580934,32.82002781702416],[129.0490118024682,32.81954935751873],[129.0496929001073,32.81981243274873],[129.0500320154109,32.81970723225033],[129.0502763519553,32.81932755719188],[129.0508469803396,32.81968220584231],[129.05116618998395,32.81928745659913],[129.05127348225386,32.81875757556272],[129.05179853366192,32.81862600042398],[129.05212343972937,32.81900681735896],[129.05252661051537,32.819104744412],[129.05305863937033,32.81949623255404],[129.05329427258823,32.81936090523587],[129.05353203810557,32.818799027055746],[129.05450609185175,32.82015598790097],[129.05477007054887,32.820643883080535],[129.05481994863868,32.82129959334532],[129.05472452709017,32.822087361781925],[129.05564929793735,32.823238843359434],[129.05706388406028,32.8235258471543],[129.05730632489454,32.824306342661245],[129.0571600248713,32.82455593395228],[129.0574833764851,32.825477093869274],[129.05740461431552,32.82618194781195],[129.05764993909756,32.82700556939918],[129.05722993385297,32.82807171573464],[129.05731148735566,32.82888128325597],[129.05727998043778,32.830260995990606],[129.05714327597354,32.831214252438876],[129.0580539854847,32.8320879770141],[129.0583696850892,32.832177247510685],[129.0584869477841,32.83280575211883],[129.05880754951679,32.83306888268295],[129.05892223363267,32.83362880775827],[129.05879801859078,32.83393241024066],[129.05851025370367,32.83424196807953],[129.0577018158286,32.834379910009],[129.05673938869538,32.83486623432058],[129.05626946482627,32.83576615409724],[129.05558613228862,32.836392164875946],[129.0548009474627,32.83675700713005],[129.05478444183657,32.837262033781606],[129.05445566008189,32.83799956558696],[129.05441170824565,32.838635780913776],[129.05472438273438,32.83936702304787]]]},"properties":{"KEY_CODE":"42411010003","PREF":"42","CITY":"411","CITY_NAME":"新上五島町","S_NAME":"桐古里郷","SETAI":"18"}},{"type":"Feature","geometry":{"type":"Polygon","coordinates":[[[129.0366082593746,32.84769849491695],[129.0363400607607,32.84791303068732],[129.03597385831242,32.84765917237526],[129.03651143543823,32.846395056902026],[129.03796628197247,32.845601463984366],[129.03842178525832,32.84552557894954],[129.0379182382556,32.846013395077925],[129.03782144385306,32.846338578100244],[129.03802512909803,32.84682088750329],[129.03770622275388,32.8473346242829],[129.03747683958716,32.847276058169435],[129.03658119068743,32.847559516212606],[129.0366082593746,32.84769849491695]]]},"properties":{"KEY_CODE":"42411010004","PREF":"42","CITY":"411","CITY_NAME":"新上五島町","S_NAME":"桐古里郷","SETAI":"0"}},{"type":"Feature","geometry":{"type":"Polygon","coordinates":[[[129.0364336890078,32.848188422204956],[129.0366697208553,32.848613135888804],[129.03577202245125,32.849286144548515],[129.03573115980464,32.848520374123595],[129.03600555501643,32.84814264313021],[129.0364336890078,32.848188422204956]]]},"properties":{"KEY_CODE":"42411010004","PREF":"42","CITY":"411","CITY_NAME":"新上五島町","S_NAME":"桐古里郷","SETAI":"0"}},{"type":"Feature","geometry":{"type":"Polygon","coordinates":[[[129.0379792062438,32.85401244727668],[129.0375498165674,32.853993722706576],[129.03684274768656,32.85292971306628],[129.03626151087738,32.85273186117652],[129.03611366262658,32.85240126332701],[129.03669624676687,32.851931800698935],[129.0373783817176,32.852243627618805],[129.0377288639436,32.85202580084849],[129.03807688823832,32.85146165781153],[129.0379959240404,32.851004161185585],[129.03822547515045,32.8506226491287],[129.03780614554802,32.85010887930644],[129.03822318701896,32.85003468440603],[129.0379886276499,32.84952520803918],[129.03823144712354,32.849263689312984],[129.0379824333349,32.84866126862292],[129.0381465080927,32.848342639571925],[129.037864447125,32.848141408211475],[129.03802010691462,32.847787575078456],[129.03836999456595,32.847680653275006],[129.03843454952033,32.84697390654282],[129.03828151836976,32.84682183461527],[129.0385615755895,32.84637919751481],[129.03834660308559,32.84581207599065],[129.0385895425524,32.845517180352864],[129.03839276488665,32.84494202395384],[129.03851654895414,32.8445529166724],[129.03894371065763,32.843969230649805],[129.03878877247277,32.84355744841611],[129.03944678567112,32.843156766174246],[129.0406340611617,32.84327836755254],[129.04106406592086,32.84400227297334],[129.04128535369057,32.844594669726376],[129.0408702303571,32.84512789334496],[129.04137462756205,32.84530469447588],[129.04131641227534,32.845823007060446],[129.04095613659973,32.84607689682677],[129.04146338601586,32.84632493488021],[129.04143978156608,32.84654849790324],[129.04098794935774,32.84674523244594],[129.04147096581232,32.84733947016027],[129.04197865119113,32.8474964485182],[129.04210673250438,32.84794058846665],[129.04140918692687,32.84792540337969],[129.04146056312408,32.848523481800996],[129.04190059822253,32.84875504977818],[129.041918250844,32.84927364029629],[129.04166664896957,32.849581121346546],[129.041151555095,32.84982271381279],[129.04118416441884,32.850126745254386],[129.0406918537064,32.84988325259535],[129.04015412489386,32.84891636705347],[129.03988311030056,32.84946635666069],[129.03991520971425,32.85007789148046],[129.03914877955953,32.850362741630484],[129.0395439022021,32.85081417347668],[129.0399779853502,32.85074544265538],[129.040146100688,32.85150084715696],[129.0393984996938,32.85186241975488],[129.03884655106714,32.85301827941021],[129.0384737685518,32.853214398263006],[129.0379792062438,32.85401244727668]]]},"properties":{"KEY_CODE":"42411010004","PREF":"42","CITY":"411","CITY_NAME":"新上五島町","S_NAME":"桐古里郷","SETAI":"0"}},{"type":"Feature","geometry":{"type":"Polygon","coordinates":[[[129.0666008696445,33.04349601855441],[129.06680310338243,33.043789711502136],[129.066546174529,33.04378250371159],[129.06642380083412,33.04384159310626],[129.0652512102118,33.04323694031452],[129.0651112487642,33.043393359894395],[129.06454954426368,33.04287289035222],[129.0639408501671,33.04277156790312],[129.06357268887743,33.0423067741501],[129.062837678349,33.04220049443987],[129.06253486005735,33.041734129982096],[129.06174635787906,33.0414031153244],[129.06081879055114,33.04169381846491],[129.06035149097426,33.041371144940435],[129.05922272419727,33.04099562697058],[129.05807067248494,33.04078593576864],[129.0569875673716,33.04112925582729],[129.0568274808871,33.04145061264555],[129.0561472680248,33.041516718767795],[129.0561372210584,33.041808850758756],[129.05547501181232,33.04128256474284],[129.0550453950798,33.0411187125627],[129.0549622239793,33.040842479161206],[129.054343561759,33.04059769185592],[129.05374664712585,33.040914770846975],[129.05317709254732,33.04069360166586],[129.05300705615153,33.04107803958021],[129.05246466009314,33.04099402707455],[129.05208665931508,33.04142279884761],[129.0507879740217,33.041207103533566],[129.05040553912494,33.04166741813793],[129.04992348285336,33.041921770509646],[129.04924462082997,33.041517129251986],[129.04933779627945,33.0412974425473],[129.05028259919575,33.04141718736982],[129.04995602710528,33.04100210510498],[129.05036281506375,33.041015297886204],[129.05010415550458,33.04071678518853],[129.05079715690346,33.04045508013935],[129.05071772282875,33.04007154986393],[129.05140188008608,33.04007582512862],[129.05152310374763,33.03981655481031],[129.05198952107355,33.039888576249666],[129.0519138860721,33.039604252579856],[129.05252700855536,33.039677696509436],[129.05302839943124,33.03919525790313],[129.05303383523332,33.038964431188454],[129.0536603376802,33.03893061105937],[129.05428855521055,33.03855773508772],[129.0543014194037,33.03813125125507],[129.05392000858953,33.0377583641306],[129.05385617706293,33.03725676177935],[129.05361193624375,33.03686091881683],[129.05310783151228,33.03661924275088],[129.0533221989202,33.03635579468732],[129.05290021932694,33.03575190375808],[129.0522686011391,33.0353212954191],[129.05180508179953,33.03530880365954],[129.050757319233,33.035660321239064],[129.05040793107432,33.035523794876546],[129.049619751599,33.036193657352335],[129.04954911877633,33.035979685490496],[129.04912647687814,33.03613506161845],[129.0487496360941,33.03571527744148],[129.04849995330935,33.03575855826376],[129.04811122768447,33.035357666300285],[129.04777177147074,33.03537356600934],[129.0475464292358,33.0350580304494],[129.04686255772458,33.03500684039071],[129.04681909525968,33.034715414431496],[129.0465017188469,33.03501815000651],[129.0459825126102,33.03459693422468],[129.04651101342304,33.03403796867136],[129.0470592894606,33.034221222737315],[129.04739267366588,33.03309433278773],[129.04731831362128,33.03172338238682],[129.04667892338148,33.031565947548344],[129.04636431046725,33.03112834901473],[129.04689686099667,33.03103109700776],[129.04689239049648,33.03064692781315],[129.04606089247983,33.030587987487365],[129.0454811748591,33.03070129583079],[129.04501037192787,33.03044437520996],[129.04481921289928,33.030560003056145],[129.04432818876103,33.03008117316207],[129.043674524327,33.02978390139165],[129.04378143318883,33.029398339734826],[129.04365260657397,33.028845086616734],[129.0437503758904,33.028366612309085],[129.04290799759923,33.02834638525976],[129.0422664159103,33.027583841737446],[129.04253344110302,33.02707713045452],[129.0425935921897,33.02641816150142],[129.04329429121728,33.02609609840245],[129.04363017115784,33.026141516652004],[129.04413915620117,33.025418361068],[129.04439057445748,33.025657347623195],[129.04484360229932,33.0254056079964],[129.044114332009,33.02504223418291],[129.04442058551567,33.025026220941875],[129.04455009171573,33.024610980373986],[129.04433419862525,33.02413225464666],[129.04312496411794,33.02384737533896],[129.0424382413167,33.0233380653693],[129.04238464780596,33.02272917750442],[129.04258874651575,33.02196793530519],[129.0425184124333,33.021701656610254],[129.04190966076263,33.02184460601911],[129.04174244744848,33.02147336619665],[129.04194923566118,33.02061294095672],[129.0414922756984,33.02038401797289],[129.04205005587013,33.01994871141594],[129.04165262279022,33.01960187855216],[129.04204449380921,33.01875205942025],[129.0418318705614,33.018470831857904],[129.0424278231814,33.017894993380274],[129.04262491118973,33.017039047081354],[129.0430173678898,33.016282108298654],[129.04408886777253,33.01564578285534],[129.04462639571986,33.01518785108655],[129.04447922960867,33.01508090582935],[129.04523488951844,33.01487265342627],[129.04517500627847,33.01423940183432],[129.04489765879626,33.01426003215956],[129.0451178560221,33.01390464186684],[129.04491790716216,33.013655027007154],[129.044056187637,33.01367622610434],[129.04344257994913,33.013110382243845],[129.04363773635268,33.01262504940388],[129.04322661849014,33.01244048700071],[129.04347739354046,33.01196076904589],[129.04318269588944,33.011617922720326],[129.0426665839172,33.011663824030116],[129.0421775471409,33.01143839078585],[129.04307764913938,33.01068446366926],[129.04448109777815,33.009176797742136],[129.04573600757362,33.00891243352777],[129.04748398501195,33.0088029126596],[129.0493298685401,33.00830035002683],[129.0504934572039,33.007812158604075],[129.05080125452957,33.007767918003786],[129.0517226725451,33.00802389871901],[129.05311721020723,33.008232990644146],[129.05369399218412,33.008222097534],[129.05445611494878,33.008043415008444],[129.05515138339322,33.00892700722495],[129.05592008609543,33.00974282735953],[129.0563110292986,33.00998393304791],[129.05828031421717,33.010590201484085],[129.05843331230474,33.01075271643241],[129.05889106912616,33.01147995207672],[129.0595870812344,33.01300817229025],[129.05991707181403,33.01391313998106],[129.05955922465938,33.01474764971045],[129.0594272988322,33.01498690142993],[129.05911563513163,33.01529223808825],[129.0585211779636,33.01579664267069],[129.05795898045668,33.01615206622338],[129.05804728789778,33.01646242668016],[129.05859312431534,33.0172709792838],[129.05876805116054,33.0176603239967],[129.057996804072,33.01888532344566],[129.05772211411633,33.01999870970486],[129.05737901153947,33.020943390446455],[129.0572397300363,33.02111134498102],[129.057186838166,33.02169749591679],[129.05743932428769,33.02272528425914],[129.05755905298693,33.023393026427485],[129.05755801907142,33.023600339858355],[129.0574569751469,33.02381378053468],[129.0573691859229,33.02445487972579],[129.05735147065454,33.02492128380998],[129.05773391594366,33.02611150876396],[129.05762719744698,33.02669098433702],[129.05737791326115,33.027331498309266],[129.0574445006162,33.02785651934418],[129.05797349730622,33.02896950805514],[129.05893453582632,33.02981191959777],[129.0592632713113,33.030214776283586],[129.05973358769094,33.03153162571695],[129.05952956127226,33.03234723078354],[129.0599378645465,33.03376751834033],[129.0600307465466,33.03442544752736],[129.05973232943185,33.035661832075],[129.059755739647,33.036371341365374],[129.0603369230947,33.03782139176308],[129.06083968432588,33.03880145403051],[129.06114564163562,33.03914590128127],[129.0626813298436,33.04046324326908],[129.06377303434405,33.041351411385904],[129.06450897524797,33.04185932923654],[129.06532854063187,33.04256837235262],[129.0666008696445,33.04349601855441]]]},"properties":{"KEY_CODE":"42411011000","PREF":"42","CITY":"411","CITY_NAME":"新上五島町","S_NAME":"網上郷","SETAI":"0"}},{"type":"Feature","geometry":{"type":"Polygon","coordinates":[[[129.06954578838156,33.019980284521814],[129.0693114362716,33.020570939519835],[129.0694591980791,33.02077885825964],[129.06996217510022,33.02235328102952],[129.07123671701,33.02220619302272],[129.07158576703236,33.02196752828621],[129.0732736098665,33.02179118040342],[129.07326153877773,33.02185786762534],[129.07158758438385,33.02203246008711],[129.0712621538159,33.0222549758491],[129.06991264201613,33.022409918898184],[129.06936966890066,33.02377962392337],[129.06926897874567,33.02445830385993],[129.0688480538451,33.02494199275923],[129.06834438087213,33.02637585370119],[129.06881962387988,33.027267546709936],[129.06888294707804,33.02766814817424],[129.06841603202517,33.027409604671476],[129.0679123308071,33.026788918029474],[129.0672417056382,33.026168650377585],[129.06684893980201,33.02602985221376],[129.06397369297522,33.02624210213334],[129.06146833388792,33.02637071126786],[129.0577976426961,33.02643891535484],[129.05773391594366,33.02611150876396],[129.05735147065454,33.02492128380998],[129.0573691859229,33.02445487972579],[129.05755801907142,33.023600339858376],[129.05746059481953,33.023088168930485],[129.05743932428769,33.02272528425914],[129.057186838166,33.02169749591679],[129.0572397300363,33.02111134498102],[129.05737901153947,33.020943390446455],[129.05772211411633,33.01999870970486],[129.057996804072,33.01888532344566],[129.05876805116054,33.0176603239967],[129.05859312431534,33.0172709792838],[129.05804728789778,33.01646242668016],[129.05795898045668,33.016152066223384],[129.0585211779636,33.01579664267069],[129.05911563513163,33.01529223808825],[129.0594272988322,33.01498690142993],[129.05963806643686,33.01570315892541],[129.06016289910886,33.01649147745725],[129.06081087542603,33.01713862915384],[129.06130743838094,33.01738374561905],[129.06310579728566,33.017746202228665],[129.06535787511098,33.018449834799654],[129.06720765573104,33.01898290048361],[129.06761920297976,33.01892658551936],[129.06796723228257,33.019427857269946],[129.0688042943446,33.01988124798085],[129.06954578838156,33.019980284521814]]]},"properties":{"KEY_CODE":"42411011015","PREF":"42","CITY":"411","CITY_NAME":"新上五島町","S_NAME":"網上郷","SETAI":"84"}},{"type":"Feature","geometry":{"type":"Polygon","coordinates":[[[129.06888294707804,33.02766814817424],[129.06892597074338,33.02784955421578],[129.06859789559857,33.02904685394422],[129.06879725407452,33.0298753618771],[129.06781930716934,33.03043376048493],[129.06739894432292,33.03079570656148],[129.0677677910315,33.03089528136811],[129.06752809769148,33.031527480617],[129.06762783627266,33.031929110254964],[129.0674336652784,33.0322305238181],[129.06903428764707,33.03198359162131],[129.0690478970793,33.032048567150404],[129.06711409066094,33.03235024881243],[129.06728513644475,33.03370799115738],[129.06691827964187,33.03429375676521],[129.06670406643826,33.035407586086905],[129.06727604262394,33.0360038345148],[129.06740563380376,33.03665535648949],[129.06643159591727,33.037701603175364],[129.06632305943745,33.03821341929056],[129.06588984886713,33.039220066163445],[129.06588633073255,33.04015336618407],[129.06673741120284,33.04082272534213],[129.06655244283178,33.04120262185244],[129.06674839932083,33.04141972399146],[129.06668368962661,33.04216073368682],[129.0675651880867,33.043837446918985],[129.06802491117048,33.04397430435614],[129.0683608602065,33.04467792911872],[129.06845461211648,33.04564582662971],[129.068184411669,33.045946972890754],[129.06779580542525,33.045711173413714],[129.06753172674067,33.045855433435094],[129.06710086248498,33.04550406438776],[129.0664277227937,33.04521857772431],[129.0665915880206,33.044777293380214],[129.06643479882473,33.04443588485516],[129.0668561071193,33.04411001697845],[129.06686022793016,33.04392697787294],[129.06680310338237,33.043789711502136],[129.0666008696445,33.04349601855441],[129.06532854063187,33.04256837235262],[129.06450897524797,33.04185932923654],[129.06377303434405,33.0413514113859],[129.0626813298436,33.04046324326908],[129.06114564163562,33.03914590128127],[129.06083968432588,33.03880145403052],[129.0603369230947,33.03782139176308],[129.059755739647,33.036371341365374],[129.05973232943185,33.035661832075],[129.0600307465466,33.03442544752736],[129.0599378645465,33.03376751834033],[129.05952956127226,33.03234723078354],[129.05973358769094,33.03153162571695],[129.0592632713113,33.030214776283586],[129.05893453582632,33.02981191959777],[129.05797349730622,33.02896950805514],[129.0574445006162,33.02785651934418],[129.05737791326115,33.027331498309266],[129.05762719744698,33.02669098433702],[129.0577976426961,33.02643891535484],[129.06146833388792,33.02637071126786],[129.06397369297522,33.02624210213334],[129.06684893980201,33.02602985221376],[129.0672417056382,33.026168650377585],[129.0679123308071,33.026788918029474],[129.06841603202517,33.027409604671476],[129.06888294707804,33.02766814817424]]]},"properties":{"KEY_CODE":"42411011016","PREF":"42","CITY":"411","CITY_NAME":"新上五島町","S_NAME":"網上郷","SETAI":"73"}},{"type":"Feature","geometry":{"type":"Polygon","coordinates":[[[129.0732434834411,33.019206406464924],[129.07008289095248,33.019315646464236],[129.06954578838156,33.019980284521814],[129.0688042943446,33.01988124798085],[129.06796723228257,33.019427857269946],[129.06761920297976,33.01892658551936],[129.06720765573104,33.01898290048361],[129.06535787511098,33.018449834799654],[129.06310579728566,33.017746202228665],[129.06130743838094,33.01738374561905],[129.06081087542603,33.01713862915384],[129.06016289910886,33.01649147745725],[129.05963806643686,33.01570315892541],[129.0594272988322,33.01498690142993],[129.05955922465938,33.01474764971045],[129.05991707181403,33.01391313998106],[129.0595870812344,33.01300817229025],[129.0588910691262,33.01147995207672],[129.05843331230474,33.01075271643241],[129.05828031421717,33.010590201484085],[129.05883093167958,33.010505517348925],[129.0620716192232,33.01058081089434],[129.0626919622264,33.01067876534862],[129.06357878922432,33.01110916834812],[129.06448741349072,33.01186133968711],[129.06561302713212,33.01263759281053],[129.06676941512546,33.01309225330499],[129.06719097896814,33.013608186350616],[129.06930314432063,33.015144375435845],[129.06917656578415,33.01552569214003],[129.0697338006722,33.01662355858867],[129.07031986629974,33.01703951893449],[129.0701315517287,33.01780344472355],[129.07057192314474,33.018078422987884],[129.07306057918026,33.0169857089945],[129.0732434834411,33.019206406464924]]]},"properties":{"KEY_CODE":"42411012011","PREF":"42","CITY":"411","CITY_NAME":"新上五島町","S_NAME":"奈摩郷","SETAI":"142"}},{"type":"Feature","geometry":{"type":"Polygon","coordinates":[[[129.08241868081697,33.01193352863119],[129.08189518326648,33.01237971274573],[129.0801738337458,33.013442058431366],[129.07944664479743,33.014013623933465],[129.07820646073142,33.01455075879515],[129.077704425771,33.01492690442176],[129.0769583169815,33.016744532676164],[129.07677404993936,33.0173978551564],[129.07670966341942,33.01823323598236],[129.07647555183985,33.019391382770976],[129.07647409075386,33.02149126758393],[129.0763422164025,33.022091123267],[129.07611330004588,33.02206148611061],[129.0754263482283,33.02110959027373],[129.0747673153076,33.02058882717151],[129.07422228286612,33.01973659902198],[129.0743274433549,33.01880001739377],[129.0732734685477,33.018937087447384],[129.0732434834411,33.019206406464924],[129.07306057918026,33.0169857089945],[129.07057192314474,33.018078422987884],[129.0701315517287,33.01780344472355],[129.07031986629974,33.01703951893449],[129.0697338006722,33.01662355858867],[129.06917656578415,33.01552569214003],[129.06930314432063,33.015144375435845],[129.06719097896814,33.013608186350616],[129.06676941512546,33.01309225330499],[129.06561302713212,33.01263759281053],[129.06448741349072,33.01186133968711],[129.06357878922432,33.01110916834812],[129.0626919622264,33.01067876534862],[129.0620716192232,33.01058081089434],[129.05883093167958,33.010505517348925],[129.05828031421717,33.010590201484085],[129.0563110292986,33.00998393304791],[129.05716234565446,33.008812289983034],[129.05841984809817,33.0080222083707],[129.05872073586605,33.00764538318223],[129.05932343865464,33.00554972872021],[129.06104864021898,33.00491546752501],[129.06196144094386,33.00485791732617],[129.0631010181933,33.00532852467794],[129.06379752220516,33.00542984904567],[129.06479822043488,33.005394599256725],[129.0671654580337,33.004584098896615],[129.06871824937022,33.00452166382664],[129.06986904617642,33.00436092486522],[129.07050246701533,33.004169324664936],[129.0721162149326,33.0039835236568],[129.0739493307614,33.00361919220857],[129.07502691656396,33.00312388153784],[129.07549016430815,33.00304552766914],[129.07610466472738,33.00320266048782],[129.07679545592038,33.00357091029604],[129.0773225656979,33.00403043308622],[129.07824447134385,33.00453136835834],[129.07876155157228,33.00461549170135],[129.07919191114155,33.005107479862545],[129.07928168639418,33.00557045736572],[129.07885320447332,33.00650282750824],[129.07893075283926,33.00742722806099],[129.07910613381,33.00772697755398],[129.07907415354074,33.008711570135546],[129.07931095308996,33.009099945492636],[129.08087543457248,33.010710953067786],[129.08241868081697,33.01193352863119]]]},"properties":{"KEY_CODE":"42411012012","PREF":"42","CITY":"411","CITY_NAME":"新上五島町","S_NAME":"奈摩郷","SETAI":"179"}},{"type":"Feature","geometry":{"type":"Polygon","coordinates":[[[129.08515899340105,33.01610985830288],[129.0856062420965,33.016438559942046],[129.08592047584187,33.016938772431025],[129.08636202138393,33.01873685383773],[129.08721398305275,33.019831370955536],[129.0878738385836,33.020418455599994],[129.08898471649667,33.02079554547153],[129.08988735303186,33.02170729416819],[129.0907977565913,33.02142833424352],[129.091718670751,33.0218123938439],[129.09200025684316,33.022043844590534],[129.0924830792322,33.02327235602908],[129.09257599189775,33.02421191686804],[129.09234271850178,33.025257085894424],[129.09238192864737,33.02558490352913],[129.09313160367043,33.02632465912053],[129.0935526790349,33.02721384680818],[129.0924785117641,33.027682815991554],[129.09207064365293,33.028331140613275],[129.09169970273766,33.02858044702685],[129.09135944223877,33.02920198935333],[129.0901323793815,33.03053795105542],[129.08884423115467,33.029596956437786],[129.08835575082458,33.02934057934356],[129.08803421639723,33.02828605300376],[129.08765352291744,33.02782074444173],[129.08680360545412,33.02734881715233],[129.08648434421045,33.02684022642314],[129.08676502352853,33.02690909849107],[129.08717641278747,33.02615028030618],[129.0877217495351,33.026056503837296],[129.0885324588349,33.025611319764316],[129.08798541891466,33.024416612929386],[129.08722776313923,33.02395585232568],[129.086795790354,33.02308883963419],[129.08599114128438,33.0225151732095],[129.08517166891195,33.022356054159445],[129.08438973658687,33.02246255455682],[129.08365285268945,33.022176417248325],[129.08262625824304,33.02198386112985],[129.0822152703307,33.02216796465858],[129.08024191407154,33.02224861616307],[129.07886002378896,33.021619023348556],[129.0783092410662,33.02151526033853],[129.07724442970937,33.02167543932291],[129.0773638655048,33.0231135873782],[129.07650179221602,33.02318730889112],[129.07485869378226,33.02362718252463],[129.07483648343847,33.023567588313384],[129.0764774995885,33.023125906469694],[129.0763422164025,33.022091123267],[129.07647409075386,33.02149126758393],[129.07647555183985,33.019391382770976],[129.07670966341942,33.01823323598236],[129.07677404993936,33.0173978551564],[129.0769583169815,33.016744532676164],[129.077704425771,33.01492690442176],[129.07820646073142,33.01455075879515],[129.07944664479743,33.014013623933465],[129.0801738337458,33.013442058431366],[129.08189518326648,33.01237971274573],[129.08241868081697,33.01193352863119],[129.0825683623383,33.01201268264194],[129.08265783346658,33.012048638743416],[129.08336581400172,33.01248920667313],[129.08351335529855,33.01284407133408],[129.08373489413412,33.01334207000942],[129.08370756513224,33.014336495899016],[129.08407294983533,33.01501787301445],[129.08428787013437,33.01547584575076],[129.08515899340105,33.01610985830288]]]},"properties":{"KEY_CODE":"42411012013","PREF":"42","CITY":"411","CITY_NAME":"新上五島町","S_NAME":"奈摩郷","SETAI":"139"}},{"type":"Feature","geometry":{"type":"Polygon","coordinates":[[[129.08604577119252,33.03847898375895],[129.08590400358483,33.03914373171684],[129.08561535220718,33.03962263381952],[129.0855185607103,33.0396883320396],[129.08536162232477,33.03972843115407],[129.0841741577967,33.0399788952699],[129.0831905832976,33.04018233275946],[129.08302098922417,33.04008636082633],[129.08273922494095,33.03973558554315],[129.08221848546285,33.03920125910205],[129.08200846877014,33.03898728308487],[129.08190974937295,33.03882445761057],[129.08168120386844,33.038074681209565],[129.0816425483939,33.03796284300324],[129.08154210529335,33.037951649269374],[129.0815765087034,33.037691159180525],[129.08105633311843,33.03721779924791],[129.08024586085008,33.03744231571099],[129.0796311704553,33.037250878982775],[129.07904591420586,33.037394086838894],[129.07883032526365,33.03725448984089],[129.07816802764165,33.03739022012894],[129.07795067266002,33.03694762865548],[129.07757332106243,33.0370527576922],[129.07739238877738,33.036829413178204],[129.07817221370843,33.0360700719573],[129.07975524613335,33.03570028595852],[129.07998154551026,33.03539084516624],[129.07993008730014,33.03495602555339],[129.07951252499404,33.03429633921255],[129.07914364517245,33.03419770740603],[129.07946400256978,33.0339129307405],[129.08026350115367,33.03350983576164],[129.08060844640798,33.033470417547576],[129.08121790919898,33.03295305870057],[129.08170087015395,33.03224951000342],[129.08233112653824,33.03253928199856],[129.082380041626,33.032153495848085],[129.08340867435373,33.03106131008355],[129.08373081910426,33.03130495754883],[129.08428449462,33.03102996619278],[129.08442383977,33.03122340733279],[129.08503893932323,33.030638416931104],[129.08479030664967,33.03001357807075],[129.08397071449775,33.02969613337091],[129.08362457691942,33.029769820856046],[129.08236790046323,33.02974668065547],[129.08172933503556,33.02963452506901],[129.08130444865907,33.02983238520878],[129.08081921140783,33.02967114416953],[129.08186084571037,33.02899201733268],[129.08218927880637,33.02835648188055],[129.0827434222406,33.028209548777085],[129.08364680368575,33.027561499768225],[129.08389169219322,33.027161034071334],[129.084723085337,33.02655872444038],[129.08477846547785,33.026395692078566],[129.08418071275543,33.025348554350295],[129.0848068425144,33.026283966357504],[129.08576076304257,33.02648463320998],[129.08648434421045,33.02684022642314],[129.08680360545412,33.02734881715233],[129.08765352291744,33.02782074444173],[129.08803421639723,33.02828605300376],[129.08835575082458,33.02934057934356],[129.08884423115467,33.029596956437786],[129.0901323793815,33.03053795105542],[129.08940510265035,33.03109097490054],[129.08901857588708,33.03184494027602],[129.08847595761327,33.03246823820758],[129.08856123772009,33.033083522909386],[129.08819015928324,33.033320599503256],[129.0880868797894,33.033764781858295],[129.08759535325473,33.03444040211899],[129.08711622553676,33.03585955570414],[129.0870371672796,33.036015104607166],[129.08658370293986,33.0366405132324],[129.08637064886605,33.0373476768375],[129.08604577119252,33.03847898375895]]]},"properties":{"KEY_CODE":"42411012014","PREF":"42","CITY":"411","CITY_NAME":"新上五島町","S_NAME":"奈摩郷","SETAI":"127"}},{"type":"Feature","geometry":{"type":"Polygon","coordinates":[[[129.07679545592038,33.00357091029604],[129.07610466472738,33.00320266048782],[129.07549016430815,33.00304552766914],[129.07502691656396,33.00312388153784],[129.0739493307614,33.00361919220857],[129.0721162149326,33.0039835236568],[129.07050246701533,33.004169324664936],[129.06986904617642,33.00436092486522],[129.06871824937022,33.00452166382664],[129.0671654580337,33.004584098896615],[129.06479822043488,33.005394599256725],[129.06379752220516,33.00542984904567],[129.0631010181933,33.00532852467794],[129.06196144094386,33.00485791732617],[129.06104864021898,33.00491546752501],[129.05932343865464,33.00554972872021],[129.05872073586605,33.00764538318223],[129.05841984809817,33.0080222083707],[129.05716234565446,33.008812289983034],[129.0563110292986,33.00998393304791],[129.05592008609543,33.00974282735953],[129.05515138339322,33.00892700722495],[129.05445611494878,33.008043415008444],[129.0556129018055,33.00514743231386],[129.0555582151145,33.004965750709204],[129.05463175895449,33.00336709082272],[129.05518377389222,33.00274848524788],[129.05564668410628,33.00188367184594],[129.05558667623126,33.00069206075543],[129.05582505603047,33.00026553388946],[129.05672589645008,32.99935542759393],[129.05749354843636,32.99868488236146],[129.05801203631674,32.99850816045323],[129.06008433545952,32.998129083428594],[129.06039169793374,32.99779645874619],[129.06061855893688,32.995490569801056],[129.06064411103364,32.994548072822575],[129.06058990528362,32.99287347827571],[129.06078890267176,32.99127882144518],[129.06061089788273,32.990745422721446],[129.05982881427485,32.989851574981245],[129.06118590536906,32.98931109927367],[129.06228424480446,32.988762444153124],[129.06289897521518,32.98831386397391],[129.06397750913314,32.98697084537248],[129.06445616309037,32.986718167192194],[129.0656247316458,32.986589913380826],[129.0666329304005,32.985964529820606],[129.0677151032298,32.985200623083145],[129.0672395100825,32.98435186287458],[129.06797866953045,32.98365894516717],[129.06828652599583,32.98376429708417],[129.0691598412462,32.98416976823754],[129.06916122263402,32.984555891945334],[129.0696216849562,32.984995815963],[129.06951863562233,32.987570211683334],[129.06968487039478,32.98817932942621],[129.07018699073168,32.98881572884165],[129.07138878579264,32.989659392823796],[129.07223791003193,32.990501835965034],[129.07252164252566,32.99096072253378],[129.07311787848147,32.992354586898905],[129.07469227028585,32.99255881894949],[129.07541520437144,32.99288262816577],[129.07611975023917,32.993398553825905],[129.07621328141101,32.99380463048402],[129.07680480153812,32.994672368706134],[129.07664616784263,32.9952927001377],[129.07660692208003,32.99655879407081],[129.0764391775119,32.997343492879416],[129.07594120040395,32.99861326661717],[129.07582739746488,32.999401647549504],[129.0762419105895,33.0003999617911],[129.0770363823999,33.001366330616406],[129.076618637909,33.0032170235337],[129.07679545592038,33.00357091029604]]]},"properties":{"KEY_CODE":"42411013001","PREF":"42","CITY":"411","CITY_NAME":"新上五島町","S_NAME":"青方郷","SETAI":"166"}},{"type":"Feature","geometry":{"type":"Polygon","coordinates":[[[129.06828652599583,32.98376429708417],[129.06797866953045,32.98365894516717],[129.0672395100825,32.98435186287458],[129.0677151032298,32.985200623083145],[129.0666329304005,32.985964529820606],[129.0656247316458,32.986589913380826],[129.06445616309037,32.986718167192194],[129.06397750913314,32.98697084537248],[129.06289897521518,32.98831386397391],[129.06228424480446,32.988762444153124],[129.06118590536906,32.98931109927367],[129.05982881427485,32.989851574981245],[129.05869069144973,32.98852563446711],[129.05975003490212,32.98784438314472],[129.0612914415253,32.98730829293246],[129.06163312846596,32.98704018897629],[129.0624380489215,32.98582530747755],[129.06276918718555,32.98558351684686],[129.06482184936706,32.98457437345757],[129.0652151417148,32.98429548548223],[129.06543165037414,32.98374070495212],[129.06644980033903,32.98319373642009],[129.0666309712821,32.98258127825371],[129.06839982123608,32.98337242310633],[129.06828652599583,32.98376429708417]]]},"properties":{"KEY_CODE":"42411013002","PREF":"42","CITY":"411","CITY_NAME":"新上五島町","S_NAME":"青方郷","SETAI":"72"}},{"type":"Feature","geometry":{"type":"Polygon","coordinates":[[[129.06994380659532,32.98368846782675],[129.06971267232416,32.98411935840511],[129.07006432311923,32.98430429841274],[129.0696216849562,32.984995815963],[129.06916122263402,32.984555891945334],[129.0691598412462,32.98416976823754],[129.06828652599583,32.98376429708417],[129.06839982123608,32.98337242310633],[129.0666309712821,32.98258127825371],[129.06681341363768,32.98230664245412],[129.06581858992362,32.98200280643717],[129.06585388475298,32.98178560427473],[129.0659190385211,32.98137733379162],[129.06593560006598,32.98127278799595],[129.06608997891104,32.981206596503505],[129.06641275883635,32.9810616385434],[129.06655498547536,32.98107025020294],[129.06655609793253,32.981064845375045],[129.06773929986772,32.98140798073882],[129.06956399907344,32.982159778713914],[129.07058866347649,32.98216533028643],[129.0713844748937,32.982426159493976],[129.0708960271968,32.983156539427675],[129.0709583747358,32.98356445489291],[129.0705560258518,32.98373277496077],[129.07040927393356,32.983527401603666],[129.06994380659532,32.98368846782675]]]},"properties":{"KEY_CODE":"42411013003","PREF":"42","CITY":"411","CITY_NAME":"新上五島町","S_NAME":"青方郷","SETAI":"113"}},{"type":"Feature","geometry":{"type":"Polygon","coordinates":[[[129.0666309712821,32.98258127825371],[129.06644980033903,32.98319373642009],[129.06543165037414,32.98374070495212],[129.0652151417148,32.98429548548223],[129.06482184936706,32.98457437345757],[129.06276918718555,32.98558351684686],[129.0624380489215,32.98582530747755],[129.06163312846596,32.98704018897629],[129.0612914415253,32.98730829293246],[129.05975003490212,32.98784438314472],[129.05869069144973,32.98852563446711],[129.05728888700577,32.98589101787754],[129.05573390087665,32.986135298928176],[129.05513206512273,32.986118522834396],[129.0542864757858,32.98573497075648],[129.05292379317555,32.984588491425626],[129.0520241829967,32.98459405414483],[129.050963054467,32.98480062738754],[129.05107569562213,32.9845368171253],[129.05112748825448,32.984453139228734],[129.05115116935278,32.9844234674752],[129.051285527443,32.984303113562916],[129.0513703805683,32.9842357863156],[129.0514637245969,32.98418381891489],[129.0515784540637,32.98414274991111],[129.05164379188156,32.984124047592935],[129.05178310597688,32.98408126240906],[129.05207234666372,32.984012863224315],[129.0522469135304,32.983982829774874],[129.0523775450887,32.98396255732166],[129.0524343433481,32.983946528084196],[129.05244185660752,32.98394024367818],[129.05244956654118,32.98389518344503],[129.0524771798573,32.983517447103885],[129.05283137588398,32.98329868425184],[129.0529021913544,32.98325475238908],[129.05370817198127,32.982775193250745],[129.05465485717664,32.98218160879327],[129.0546050819388,32.98208133561565],[129.0550530802935,32.98193233820689],[129.0549729802278,32.98190319778437],[129.05505775109083,32.98185119682309],[129.0550745469412,32.9819188883034],[129.05517326695707,32.98186062563161],[129.05571640788648,32.981516284652294],[129.05576898442376,32.981483104866065],[129.05627599986985,32.98129914663606],[129.0568169273611,32.98096110465735],[129.05700369925654,32.98105464598769],[129.05711117861583,32.98095763924737],[129.05717130937657,32.980918174394446],[129.05734818452223,32.98085116954596],[129.05745955225476,32.98082902018498],[129.05756873054514,32.98081858567415],[129.0576746411062,32.980826175692364],[129.05777830253078,32.98084908649494],[129.05788090181912,32.98087559958743],[129.05802306897758,32.980895940174655],[129.05813225243847,32.980892720213866],[129.05821790465833,32.98088130039903],[129.05855416180444,32.98081846512371],[129.05860126720086,32.98080961400549],[129.05870508746344,32.980809078103775],[129.05874460712488,32.98082094147243],[129.05883002116627,32.98085731325344],[129.05892400816285,32.980892812602114],[129.05905762722307,32.980917630590916],[129.0593047221463,32.98092481640193],[129.05939031594363,32.98092511827042],[129.059499346168,32.98094443876362],[129.05966252761132,32.981050518128086],[129.05972954678623,32.98113010959211],[129.0598156903821,32.981238623505185],[129.05990923255982,32.9813552799552],[129.06025175946732,32.981764078396004],[129.06033168660355,32.98182838315673],[129.06055554464183,32.98199600042805],[129.06075277137558,32.98214007943579],[129.06120359633107,32.98248974991836],[129.0613045930142,32.98262086153654],[129.06140548729059,32.98277271411044],[129.06149678632582,32.98292092549359],[129.0615222346756,32.982964297943],[129.0615774276757,32.98306098261556],[129.06171483994743,32.98318140000458],[129.06172870407656,32.98319227182828],[129.06215029141381,32.983184743512325],[129.06219642342037,32.98316145984512],[129.06229910673818,32.98317174251152],[129.06259659893033,32.98315656065927],[129.06279993348426,32.98314826011231],[129.06329545585325,32.98312385324113],[129.06334783786664,32.983138466703224],[129.0636592468219,32.983123331271386],[129.06392014479277,32.98294299618001],[129.0638724190861,32.982857161251545],[129.06510362195934,32.982049899465636],[129.06527718712272,32.98200091080234],[129.06536503481695,32.98198498694531],[129.06553520774017,32.981971153833335],[129.06581858992362,32.98200280643717],[129.06681341363768,32.98230664245412],[129.0666309712821,32.98258127825371]]]},"properties":{"KEY_CODE":"42411013004","PREF":"42","CITY":"411","CITY_NAME":"新上五島町","S_NAME":"青方郷","SETAI":"116"}},{"type":"Feature","geometry":{"type":"Polygon","coordinates":[[[129.0713844748937,32.982426159493976],[129.07058866347649,32.98216533028643],[129.06956399907344,32.982159778713914],[129.06773929986772,32.98140798073882],[129.06655609793253,32.981064845375045],[129.06657578900115,32.9809186020458],[129.06651217580207,32.98085908886945],[129.06642014147704,32.98085967014598],[129.06624466027185,32.98086536966208],[129.0659178792192,32.98095710905022],[129.06583217054376,32.98098025440793],[129.06567679747374,32.98102750424879],[129.0656007101059,32.98104887945061],[129.06542187762335,32.981081620521636],[129.06487913366865,32.981141037400796],[129.06450121161322,32.98118660549107],[129.06437385475894,32.98119697986864],[129.06429890237862,32.981208439592784],[129.06404785298972,32.98134191949602],[129.06386969376342,32.981458522360185],[129.06377090278977,32.98152400459827],[129.0633618887466,32.9818057176267],[129.06323739979308,32.98187832284264],[129.0627751451667,32.9821075430363],[129.06237830240758,32.98230182698174],[129.0622946867806,32.98233219085678],[129.06222080545618,32.9823382425861],[129.06215130852829,32.982328078792605],[129.06209146994848,32.9823170447657],[129.06198779311669,32.98229684114654],[129.06184246946023,32.982254848024056],[129.0617656252915,32.98221760377028],[129.06162078003814,32.98207912364095],[129.0615772999599,32.9820059286186],[129.06153386166326,32.98191559962096],[129.06147038444308,32.98177019187216],[129.06141839041445,32.98168614503317],[129.06135990595175,32.98161289696997],[129.06113833008214,32.98141462868008],[129.06089851290653,32.98122892096755],[129.0606330701985,32.98102779235157],[129.06047880841732,32.980850501782115],[129.0604501206709,32.98081162659382],[129.0604054922282,32.98075104936688],[129.06039383234395,32.98072576075507],[129.06038982827448,32.980673444992874],[129.06039971443198,32.98061847215095],[129.0604030750792,32.98058962782726],[129.0603578933302,32.980421740875684],[129.06003005862732,32.98008513418623],[129.06047416413176,32.9798405411313],[129.06125839861792,32.97902831515158],[129.06273828623455,32.978118840793044],[129.0636772619734,32.977752794415736],[129.06415062538017,32.976586479080986],[129.06482847649218,32.97630202733776],[129.06559129275206,32.97561561018835],[129.06570200797387,32.97529021571605],[129.06563052645714,32.97446731193405],[129.06626735815337,32.97399495288],[129.06758032218752,32.973667222634155],[129.06879062121158,32.97354025438551],[129.06924844626639,32.97369399696647],[129.0699509208238,32.97431205537907],[129.07115507530634,32.97460129837161],[129.07167611900957,32.97498435954347],[129.07217236588602,32.975778345011506],[129.07270965815206,32.976234917661195],[129.0732890024024,32.9761442113907],[129.0739216383561,32.97576510046083],[129.07429884536018,32.97585384394964],[129.07500290863044,32.97572507796558],[129.0761398872637,32.975746437630946],[129.07774660670964,32.9760404722402],[129.07801952612928,32.976247777099516],[129.0783541599313,32.97656371909448],[129.07892895055105,32.97743140447886],[129.07854075523153,32.97863165123596],[129.0762938868394,32.979594081384406],[129.07561144993323,32.98077671734241],[129.07523134518073,32.9810344997765],[129.07397052806917,32.981572460202734],[129.0728597685157,32.9816369292274],[129.07239664822114,32.98180806144358],[129.0713844748937,32.982426159493976]]]},"properties":{"KEY_CODE":"42411013005","PREF":"42","CITY":"411","CITY_NAME":"新上五島町","S_NAME":"青方郷","SETAI":"131"}},{"type":"Feature","geometry":{"type":"Polygon","coordinates":[[[129.07854075523153,32.97863165123596],[129.07842900282984,32.979148940187535],[129.07869977276798,32.98024995585815],[129.07910238292493,32.98067981995391],[129.07902970788408,32.98112730578053],[129.07853373067624,32.98200536472001],[129.07876667146724,32.98319719972341],[129.07899769796586,32.98349180966258],[129.079003587256,32.984002525659356],[129.07864661364002,32.98444030973691],[129.07871579232255,32.98473786956736],[129.0777997950843,32.985339897960365],[129.07757109128775,32.98609161781248],[129.07482271113534,32.985736784241794],[129.07385702755337,32.9853559008056],[129.06994380659532,32.98368846782675],[129.07040927393356,32.983527401603666],[129.0705560258518,32.98373277496077],[129.0709583747358,32.98356445489291],[129.0708960271968,32.983156539427675],[129.0713844748937,32.982426159493976],[129.07239664822114,32.98180806144358],[129.0728597685157,32.9816369292274],[129.07397052806917,32.981572460202734],[129.07523134518073,32.9810344997765],[129.07561144993323,32.98077671734241],[129.0762938868394,32.979594081384406],[129.07854075523153,32.97863165123596]]]},"properties":{"KEY_CODE":"42411013006","PREF":"42","CITY":"411","CITY_NAME":"新上五島町","S_NAME":"青方郷","SETAI":"166"}},{"type":"Feature","geometry":{"type":"Polygon","coordinates":[[[129.06994380659532,32.98368846782675],[129.07385702755337,32.9853559008056],[129.07482271113534,32.985736784241794],[129.07757109128775,32.98609161781248],[129.07695384620183,32.98692857211725],[129.07747390719484,32.98753898051381],[129.076919821506,32.98797083308165],[129.07702591939648,32.98921992977115],[129.07776593046296,32.9898415741112],[129.07755495614543,32.99099340935169],[129.0770945902507,32.99222484299889],[129.07662548201623,32.992676218182496],[129.07611975023917,32.993398553825905],[129.07541520437144,32.99288262816577],[129.07469227028585,32.99255881894949],[129.07311787848147,32.992354586898905],[129.07252164252566,32.99096072253378],[129.07223791003193,32.990501835965034],[129.07138878579264,32.989659392823796],[129.07018699073168,32.98881572884165],[129.06968487039478,32.98817932942621],[129.06951863562233,32.987570211683334],[129.0696216849562,32.984995815963],[129.07006432311923,32.98430429841274],[129.06971267232416,32.98411935840511],[129.06994380659532,32.98368846782675]]]},"properties":{"KEY_CODE":"42411013007","PREF":"42","CITY":"411","CITY_NAME":"新上五島町","S_NAME":"青方郷","SETAI":"133"}},{"type":"Feature","geometry":{"type":"Polygon","coordinates":[[[129.0422624751815,32.992770400975374],[129.04222707978403,32.99278469913648],[129.04218092846563,32.99280977965681],[129.04210382310663,32.99282302319204],[129.0420396761392,32.992811966491416],[129.04201296692787,32.99280375346097],[129.04197773102848,32.992787391375764],[129.04195684410976,32.992688120625836],[129.04194256314466,32.99255641082597],[129.04195554425402,32.99252760190718],[129.04199002974858,32.99247903409323],[129.04203200717603,32.99242868847371],[129.0421501139913,32.99235156980342],[129.0422358810744,32.992320322702874],[129.04227365021364,32.99225914246963],[129.0422813047314,32.9922339201478],[129.04232114884442,32.99218356769151],[129.0423770161904,32.992138684348504],[129.04241495791064,32.99204413819172],[129.0424273620082,32.99192515062618],[129.04244822160925,32.99181972052802],[129.04243880470563,32.99178181287394],[129.04243473224875,32.99173670970627],[129.04244357635613,32.99168353724307],[129.04244707493393,32.99162944418569],[129.04244826526175,32.99160149461323],[129.04246137722302,32.991555551801646],[129.04247322458434,32.99153575630062],[129.04251734614627,32.99149082980587],[129.04251743950044,32.991472794852065],[129.04241810465365,32.99143636009219],[129.04242051181478,32.991383164576696],[129.04246892941578,32.99133194193324],[129.04249583428663,32.991302281884344],[129.0425078220742,32.99126355115161],[129.04251570536596,32.9911860273922],[129.04260385492194,32.99110609428257],[129.04264576583768,32.99107648863744],[129.04270055893002,32.991028895979326],[129.04272323756075,32.990992006377404],[129.04273091535364,32.990954160818184],[129.04273545000018,32.990901874622196],[129.04275411244728,32.99081717741301],[129.04278111036692,32.99076948287888],[129.042812324346,32.990730820880486],[129.04284272255197,32.99064797027685],[129.0428409739906,32.990574019025665],[129.04283609497256,32.99048292255118],[129.04283415004085,32.990438729267986],[129.04283058567617,32.99030345144644],[129.04281611719497,32.990207811021044],[129.0428048333764,32.990110380269165],[129.04282056720555,32.989961646645234],[129.04283880897185,32.98974799389264],[129.04283818464611,32.98965871718063],[129.04283515730523,32.98962984839623],[129.0428343684259,32.989572133413546],[129.04284330068,32.989501829646635],[129.04286395465115,32.989436075425644],[129.0428747900101,32.98940996368929],[129.04289433837369,32.98935592935124],[129.04293044047202,32.98920456617268],[129.0429629323991,32.98912893606673],[129.04299543825542,32.98905060136408],[129.0430854045468,32.98882909602973],[129.04309624442774,32.988802082736264],[129.04316822392605,32.98874463347065],[129.04321001653776,32.98872945625903],[129.04327740243662,32.988736015252215],[129.04335116996035,32.98874530273742],[129.0434037363153,32.988723853495685],[129.04344993709736,32.98868885281753],[129.04352298980422,32.98862599633103],[129.04355630164687,32.9886017703337],[129.04366157981988,32.988522799889644],[129.04369809207998,32.98849407671866],[129.04376367203656,32.9884375052342],[129.04382385146343,32.98838271817198],[129.04389164135375,32.98831082455487],[129.04391758900204,32.98826402629887],[129.04393280285294,32.98821538683915],[129.0439641982114,32.98814155658981],[129.04400396105828,32.98811464882961],[129.04410686884054,32.988073543585514],[129.04414125910395,32.9880430088773],[129.04417040562427,32.98799983062049],[129.04419121573596,32.98790341750305],[129.0441607520984,32.98779689800418],[129.04408524906847,32.98770283956044],[129.0440480459521,32.987654909129134],[129.04397200137214,32.987463458022944],[129.04394429990984,32.9874372048708],[129.04390692945736,32.98742173825194],[129.04387587466883,32.98742974038829],[129.04382979635471,32.98744129547114],[129.04381163354626,32.987437621836754],[129.04372823134634,32.98742469218424],[129.0437111234158,32.9874192192983],[129.0436898493626,32.987394794872216],[129.04367505321423,32.98736227634985],[129.04366869637474,32.987346922989246],[129.04368395199802,32.98729828315405],[129.04372577177813,32.98727769655385],[129.04377082448153,32.98725441436025],[129.0437901570763,32.98724186114436],[129.04382025999163,32.98721581802671],[129.04384181790982,32.987185237609864],[129.04385486807888,32.987142903264065],[129.04384130427349,32.98707431861764],[129.04382859318588,32.98705082593891],[129.0438066007237,32.98696327473456],[129.04381011697964,32.986897458215054],[129.04382010166117,32.98683346951492],[129.0438353997377,32.98676859812418],[129.04384522746957,32.986735268563976],[129.04386608865698,32.986628937788964],[129.04387271185206,32.986592891611025],[129.0439019501771,32.986523561723885],[129.044032155051,32.98637614898699],[129.04408484521508,32.986330351297035],[129.04413003130747,32.98628091948743],[129.04416149975805,32.98619266315838],[129.04420126153536,32.98616575550486],[129.04430100952192,32.98611291494671],[129.04435904922934,32.98606713776306],[129.04440719327897,32.98606821439116],[129.0445399922061,32.98604164599726],[129.04456145196048,32.9860300009484],[129.0446054488489,32.986008520048],[129.04466244006906,32.985955524388146],[129.04464976191153,32.98591760306628],[129.04463072153877,32.98588146327391],[129.04466788125143,32.985726496618504],[129.04471822164643,32.985714956837946],[129.04476954200564,32.98572416151145],[129.0448497245646,32.98573707861269],[129.0448776723915,32.985715538025],[129.04490456533,32.98568768171301],[129.0449316020136,32.98563187215446],[129.0449265304466,32.98557774812191],[129.0449064258336,32.98552897909252],[129.04488634513538,32.985483817953856],[129.0448728168596,32.985408020656784],[129.04486868425028,32.98538275644725],[129.04485290384113,32.985330397009555],[129.0448169679234,32.985239189119255],[129.0448129506606,32.9851913802446],[129.0448345446756,32.98515358605137],[129.04490297754586,32.985159245235955],[129.04492874259793,32.98514761581457],[129.0449480797276,32.98512604438455],[129.04495564925122,32.9851170543735],[129.0449717774694,32.98510178312196],[129.04511504188358,32.98512034022616],[129.04518978607197,32.98515037150301],[129.04520255698282,32.98516213967155],[129.04526126574459,32.98518940623807],[129.0453990568944,32.985240406745405],[129.04544918317654,32.98527034714736],[129.04546836810866,32.9852866496308],[129.0454981175936,32.98532102354201],[129.0455396389661,32.98536626260549],[129.04557804056915,32.985384437527664],[129.04560909390696,32.98538455051844],[129.0457205014294,32.98535609997046],[129.04587704731364,32.98529534926096],[129.04594784392845,32.985255929610354],[129.04603487378205,32.9851886140672],[129.0460490830486,32.985131855003054],[129.04604934671954,32.985080455580345],[129.04606236289243,32.98504443252749],[129.04613007462035,32.984986966929476],[129.04615053971838,32.98495728226274],[129.04614750712992,32.98492120087548],[129.04614877351682,32.98488603665048],[129.04615632422218,32.98487253770379],[129.04618641158703,32.98484920152457],[129.04623249740968,32.984835842601235],[129.04630537437097,32.984814464943],[129.0463238920654,32.984748705008535],[129.0463218721208,32.984727054679944],[129.0463051191928,32.984652147366326],[129.04631382586805,32.98462512622209],[129.0463706209765,32.98461000307659],[129.04640047227343,32.98462453943396],[129.046416470732,32.98463451667387],[129.04647414785532,32.98465907485846],[129.04652236508008,32.984645723569905],[129.04657065159364,32.98461884612726],[129.04669449066745,32.984464191926925],[129.04669888307626,32.98443895982531],[129.04669572556818,32.984427224504124],[129.0466893857098,32.984416381371645],[129.04666281709774,32.98438111554774],[129.04665327398692,32.98435943846386],[129.04666116661102,32.98428732638144],[129.04668081720172,32.98420443686076],[129.04671631793676,32.98416849535756],[129.04677211837742,32.98413533158713],[129.0467860861919,32.98412546314922],[129.04683029857347,32.984061598915375],[129.04684991291327,32.983994037051055],[129.0468672648525,32.98394360337112],[129.0468845161072,32.983921121987464],[129.04690166619554,32.983910362994116],[129.04701961854317,32.983860291511974],[129.04743184780364,32.98359847345862],[129.04748017954893,32.98356257824178],[129.04751986962586,32.98354107797008],[129.04754128224354,32.98353845203889],[129.04754771003326,32.983540278956696],[129.0475615443334,32.98354844403239],[129.04756583007455,32.983552067367214],[129.04758069110858,32.98357196002066],[129.04759869723583,32.983606291992814],[129.04763690393997,32.98367045453146],[129.04764861692266,32.983684925987916],[129.04768694320208,32.98371752627199],[129.047777598008,32.98377466641215],[129.0479290955261,32.98385907795299],[129.0480243093037,32.983866637326585],[129.0487177926986,32.98320995641651],[129.04865627599295,32.98183996345161],[129.04875367429264,32.9818367062974],[129.0488097747286,32.98321209102113],[129.04837548836065,32.983610905359036],[129.0483742920487,32.98384535833393],[129.0486539545129,32.983770618843515],[129.0497547230561,32.98465200024945],[129.04911897730702,32.98637116507249],[129.0498226430074,32.9866568523844],[129.04987433201885,32.98659391540906],[129.04985620096852,32.986583931031596],[129.0498991061,32.98656334459924],[129.05005847771375,32.986366433536695],[129.04991380395106,32.98619638256566],[129.05068755098353,32.98511795783083],[129.0506348992014,32.98495094346308],[129.0505942822938,32.98494087835509],[129.05060730586524,32.98490305124255],[129.05071181892504,32.98497286231015],[129.05079294539635,32.98480001628444],[129.05070107673825,32.98476722255675],[129.050963054467,32.98480062738754],[129.0520241829967,32.98459405414483],[129.05292379317555,32.984588491425626],[129.0542864757858,32.98573497075648],[129.05513206512273,32.986118522834396],[129.05573390087665,32.986135298928176],[129.05728888700577,32.98589101787754],[129.05869069144973,32.98852563446711],[129.05627073967023,32.98974084530533],[129.05390697336622,32.99059395624224],[129.05276711308943,32.99080798557863],[129.05187708402892,32.99109560931261],[129.05113552753,32.991020247401416],[129.0509034329998,32.990852197777215],[129.05056603922137,32.990193027278735],[129.04998945947645,32.989914687027536],[129.04722312961255,32.990184593865315],[129.04638760922475,32.989934376961685],[129.04473189298696,32.9898047533304],[129.044584930259,32.989869650339976],[129.04434682072514,32.99087206693154],[129.04359818560508,32.992170705472674],[129.04226350548262,32.99277311103916],[129.0422624751815,32.992770400975374]]]},"properties":{"KEY_CODE":"42411013008","PREF":"42","CITY":"411","CITY_NAME":"新上五島町","S_NAME":"青方郷","SETAI":"83"}},{"type":"Feature","geometry":{"type":"Polygon","coordinates":[[[129.05445611494878,33.008043415008444],[129.05369399218412,33.008222097534],[129.05311721020723,33.008232990644146],[129.0517226725451,33.00802389871901],[129.05080125452957,33.007767918003786],[129.0504934572039,33.007812158604075],[129.0493298685401,33.00830035002683],[129.04748398501195,33.0088029126596],[129.04573600757362,33.00891243352777],[129.04448109777815,33.009176797742136],[129.04307764913938,33.01068446366926],[129.0421775471409,33.01143839078585],[129.04217068683195,33.011108320015545],[129.04178565141507,33.01105640667616],[129.04194827606065,33.010654817094625],[129.04242824902175,33.01036080106782],[129.04222701035266,33.009952464551056],[129.04185705622848,33.009669754959035],[129.0420071417325,33.00921040640486],[129.0417945973911,33.0089192577394],[129.0422603917055,33.008874978219694],[129.04259080076253,33.008316194856775],[129.0425179843212,33.00791013345786],[129.0428719580748,33.00734512301163],[129.0430397947773,33.00675778690259],[129.0426550339016,33.0052098489283],[129.042156973417,33.00487707401206],[129.0420639002393,33.00445200114196],[129.0435734910303,33.002782623053044],[129.04387013701043,33.00252318911665],[129.04442055440194,33.002226617383286],[129.04476133214382,33.00216346708953],[129.04982740509826,33.00195938307522],[129.05017431482707,33.00205431088054],[129.05238857013637,33.00316585577907],[129.05309657977483,33.00329719728858],[129.05463175895449,33.003367090822735],[129.0555582151145,33.004965750709204],[129.0556129018055,33.00514743231386],[129.05445611494878,33.008043415008444]]]},"properties":{"KEY_CODE":"42411014000","PREF":"42","CITY":"411","CITY_NAME":"新上五島町","S_NAME":"船崎郷","SETAI":"0"}},{"type":"Feature","geometry":{"type":"Polygon","coordinates":[[[129.0435734910303,33.002782623053044],[129.04206390023933,33.00445200114197],[129.04166900947314,33.00424224299176],[129.04138441781507,33.00381195722285],[129.04165661977925,33.00333411970079],[129.04198071649813,33.001916839883755],[129.04282350074885,33.00057179856208],[129.04280874507415,33.0003210545648],[129.0436679332833,32.999931032574594],[129.0444243281983,32.998939154946655],[129.04510406216332,32.99827613598077],[129.04598251646357,32.998092671460284],[129.0467339081999,32.997644523471216],[129.04691100215643,32.99733045212747],[129.04852164462113,32.996476911872165],[129.0476770173495,32.9952799228357],[129.04819059080688,32.995712824572585],[129.04854322636115,32.99622900552041],[129.0498424625476,32.99558172212319],[129.04975555416055,32.99499165565188],[129.049452132957,32.99489858114838],[129.05008171785443,32.994411190612766],[129.04930001518593,32.99430106264449],[129.04870925564774,32.99389764331461],[129.04839595187886,32.99322018561204],[129.04765128334773,32.99257453060374],[129.04729004148874,32.99248665111113],[129.04659349938353,32.992053980397756],[129.04587485880072,32.99175829318297],[129.04537530476367,32.99193953164484],[129.04520533032965,32.99231675248284],[129.0442700622811,32.99294998760387],[129.0438203094912,32.99342537700129],[129.04340331516875,32.99294771984608],[129.04299790462224,32.993334896042384],[129.04228873424532,32.99306717803716],[129.0422425460895,32.993099471892826],[129.0421846624596,32.9931218036284],[129.0420615641717,32.99312946799039],[129.04202844651522,32.993115819971806],[129.04201792354885,32.99308151386231],[129.04202893716445,32.99302113651747],[129.04204516552352,32.99298692859572],[129.0420893013689,32.99293929827759],[129.04212472890455,32.992918686716116],[129.0422085756417,32.992846853216506],[129.04226344944226,32.99278393101674],[129.04226350548262,32.99277311103916],[129.04359818560508,32.992170705472674],[129.04434682072514,32.99087206693154],[129.044584930259,32.989869650339976],[129.04473189298696,32.9898047533304],[129.04638760922475,32.989934376961685],[129.04722312961255,32.990184593865315],[129.04998945947645,32.989914687027536],[129.05056603922137,32.990193027278735],[129.0509034329998,32.990852197777215],[129.05113552753,32.991020247401416],[129.05187708402892,32.99109560931261],[129.05276711308943,32.99080798557863],[129.05390697336622,32.99059395624224],[129.05627073967023,32.98974084530533],[129.05869069144973,32.98852563446711],[129.05982881427485,32.989851574981245],[129.06061089788273,32.990745422721446],[129.06078890267176,32.99127882144518],[129.06058990528362,32.99287347827571],[129.06064411103364,32.994548072822575],[129.06061855893688,32.995490569801056],[129.06039169793374,32.99779645874619],[129.06008433545952,32.998129083428594],[129.05801203631674,32.99850816045323],[129.05749354843636,32.99868488236146],[129.05672589645008,32.99935542759393],[129.05582505603047,33.00026553388946],[129.05558667623126,33.00069206075543],[129.05564668410628,33.00188367184594],[129.05518377389222,33.00274848524788],[129.05463175895449,33.00336709082272],[129.05309657977483,33.00329719728858],[129.05238857013637,33.00316585577907],[129.05017431482707,33.00205431088054],[129.04982740509826,33.00195938307522],[129.04476133214382,33.00216346708953],[129.04442055440194,33.002226617383286],[129.04387013701043,33.00252318911665],[129.0435734910303,33.002782623053044]]]},"properties":{"KEY_CODE":"42411014010","PREF":"42","CITY":"411","CITY_NAME":"新上五島町","S_NAME":"船崎郷","SETAI":"60"}},{"type":"Feature","geometry":{"type":"Polygon","coordinates":[[[129.07801952612928,32.976247777099516],[129.07774660670964,32.9760404722402],[129.0761398872637,32.975746437630946],[129.07500290863044,32.97572507796558],[129.07429884536018,32.97585384394964],[129.0739216383561,32.97576510046083],[129.0732890024024,32.9761442113907],[129.07270965815206,32.976234917661195],[129.07217236588602,32.975778345011506],[129.07167611900957,32.97498435954347],[129.07115507530634,32.97460129837161],[129.0699509208238,32.97431205537907],[129.06924844626639,32.97369399696647],[129.06879062121158,32.97354025438551],[129.06758032218752,32.973667222634155],[129.06626735815337,32.97399495288],[129.06563052645714,32.97446731193405],[129.06570200797387,32.97529021571605],[129.06559129275206,32.97561561018835],[129.06482847649218,32.97630202733776],[129.06415062538017,32.976586479080986],[129.0636772619734,32.977752794415736],[129.06273828623455,32.978118840793044],[129.06125839861792,32.97902831515158],[129.06047416413176,32.9798405411313],[129.06003005862732,32.98008513418623],[129.05995231333117,32.98001091646444],[129.05970723768357,32.979808061026965],[129.05958352849171,32.97972376196546],[129.05946085683985,32.97964938549929],[129.05934245038108,32.9795831399523],[129.05915996826857,32.979484203048976],[129.0590873589976,32.979453288028544],[129.059054267077,32.97944325104555],[129.05895902437257,32.9794420149255],[129.05889597063867,32.979430971126014],[129.0588681184642,32.979434478906875],[129.05883484694246,32.97946051139601],[129.05881514401185,32.9795479137242],[129.0588086135524,32.979566826726405],[129.05880324156882,32.97957131652405],[129.05877545873673,32.979569414777],[129.05873592413974,32.9795521426816],[129.05870711178522,32.97953851458765],[129.05865053389186,32.97951126207694],[129.0586079084433,32.97947684491635],[129.0584970364798,32.979399803983796],[129.05786533455577,32.97884479306446],[129.05787284313442,32.97883940823412],[129.05783768701195,32.97881584003344],[129.05756519954608,32.97852991968892],[129.05752483256353,32.97847026163083],[129.0575197849135,32.97840982440439],[129.05754367063693,32.978338671263366],[129.05757944899446,32.978245916618896],[129.05761642795125,32.978130620910854],[129.05772645281965,32.97773243214554],[129.057663418555,32.97771778147947],[129.05757157238062,32.97789870983567],[129.05767451401076,32.977638465703315],[129.05766292692178,32.97759874520625],[129.05762154705945,32.977315445816224],[129.0581466271809,32.977576110664465],[129.05830295594404,32.97712758430354],[129.05773908958363,32.97691818347262],[129.05771342548044,32.97691899524669],[129.05771235175666,32.976916286264235],[129.05711541098358,32.976694141774466],[129.0569787185663,32.97685056298675],[129.0567182231944,32.97674232986859],[129.05663794145258,32.97717579116706],[129.0567190293877,32.97722387340599],[129.05679602402355,32.97744688114694],[129.05664174526544,32.977275901259794],[129.0565917754546,32.977206289108224],[129.0565434773911,32.97723677670979],[129.05541761439173,32.9779451670012],[129.05537577034565,32.97797207092618],[129.05482234273967,32.978346431109166],[129.0548388819057,32.978880884140374],[129.05433777306027,32.97904775106661],[129.05405010121595,32.97905726317986],[129.05403830647282,32.97890965088313],[129.05340410860606,32.97892216231067],[129.0513241680904,32.978963174920864],[129.05055889886717,32.976968207015624],[129.05191678526202,32.9755395286108],[129.05327600466646,32.975544249481736],[129.0532714653327,32.97538371856066],[129.05325894485685,32.97532235405786],[129.05327510642266,32.975299867790596],[129.05333098979236,32.97524866704045],[129.05334638472365,32.9751711696341],[129.0537733859486,32.974894692975354],[129.0544042858061,32.97472641945673],[129.0551387515903,32.97465594911065],[129.0557724864685,32.974504734752564],[129.05597020177836,32.97427157408581],[129.05658921660077,32.97301187960713],[129.0571033152379,32.970767634967615],[129.05725619625082,32.97024684853268],[129.0573610551117,32.970086443429025],[129.0576280287299,32.969873011658336],[129.05775560674704,32.96979063526152],[129.05785453416124,32.969654566523175],[129.0587599001721,32.968339833358954],[129.05935092536401,32.96804471336505],[129.06036730387777,32.96764147013817],[129.06138221304076,32.96695807002886],[129.06214689999143,32.96601798885909],[129.06238034629015,32.965565696456395],[129.06246949385505,32.96506416518565],[129.06301971035828,32.964250002759684],[129.06342054701824,32.96325503709089],[129.0636041254376,32.96235432544769],[129.0638136540544,32.962062718281345],[129.06390641153064,32.96200458152075],[129.06431209808954,32.9617770020756],[129.06483268769495,32.961099152459006],[129.06546475299987,32.96066772869555],[129.06566745305764,32.96059048983851],[129.06609035357764,32.960377580420975],[129.06662870861484,32.959616956745556],[129.0668662394808,32.959491098088854],[129.06731970568947,32.958946987487614],[129.06733631624104,32.95850611708531],[129.06819791868224,32.958406784051135],[129.06947638974262,32.95846321535636],[129.06985942642427,32.958547662622195],[129.07167481862487,32.95977998561751],[129.07184996319663,32.95981752924827],[129.07258597962723,32.95940443635306],[129.07313518284417,32.959110760889686],[129.07331266517457,32.95865417660847],[129.07343917355558,32.958543785733866],[129.07364798026154,32.95841057608164],[129.07412518164028,32.957707955664716],[129.0741003881662,32.95717218386063],[129.07393733004955,32.956333455093635],[129.0748486436094,32.95591631615909],[129.0752669495731,32.95549287946262],[129.07553032231144,32.955401413295505],[129.07523107310058,32.95497554604346],[129.07516339841106,32.954815991070696],[129.07511176631675,32.95416005336937],[129.0749924243127,32.95391027307642],[129.0749444294835,32.95363764946892],[129.0751208035011,32.953416584529776],[129.07522631653143,32.95311676919778],[129.07532853126796,32.95293008628696],[129.0754119537171,32.95266252886607],[129.07596083834204,32.952424255645816],[129.07659097483878,32.952380215614],[129.0770628608645,32.95220170907504],[129.07725710053714,32.95167591207819],[129.0770723002384,32.951370493799146],[129.07693614726162,32.950633458761075],[129.07675699879454,32.95030035046171],[129.07685140252775,32.95003282345034],[129.07696193810395,32.94982539392912],[129.07713801457552,32.949655123247794],[129.07712604121582,32.94929255981013],[129.07722602501727,32.94900196535361],[129.0773696358726,32.94875307612987],[129.07763101300327,32.94791809698729],[129.07783976585148,32.94778949832943],[129.07797713192008,32.94712265753137],[129.0779729992776,32.94684094542508],[129.0780671343015,32.94661959693387],[129.07820992576518,32.94654156966414],[129.0783037928245,32.9463848727093],[129.0780873953762,32.945820741473646],[129.07804201272506,32.94556891112495],[129.07797405605592,32.94488982720075],[129.07788939355015,32.94463152362614],[129.07848146930885,32.94495328905957],[129.07983160483016,32.94536101434864],[129.08014403080657,32.9455428070723],[129.08069716557415,32.94617811447075],[129.08107882173636,32.94661646868877],[129.08336293093822,32.95012273159505],[129.08378823308718,32.95077555807436],[129.0850134695271,32.95324046525683],[129.08535467821116,32.95432603285109],[129.08542136035155,32.95505963951533],[129.085130573855,32.95729010611607],[129.08501691327587,32.95955244842584],[129.08523874948267,32.960597207733],[129.08542543588467,32.96139460088427],[129.08542453134328,32.9621961652798],[129.08530310888656,32.96309763307299],[129.0851405614493,32.96430384676484],[129.0845259075102,32.964771191565816],[129.08404483309022,32.96539134685203],[129.0838376635148,32.96756154343172],[129.0835745740107,32.96817359860443],[129.0826759605833,32.96895367450807],[129.082219993767,32.96910622928198],[129.0823399709184,32.96998381107626],[129.0826941717674,32.970793766607606],[129.08266451885265,32.97100289620766],[129.0816779551797,32.97169167203219],[129.08139893102842,32.97214139668262],[129.0801729163969,32.972982259588896],[129.08007426788205,32.973657905936555],[129.0797031118415,32.974409086933434],[129.0792240588042,32.97476960499672],[129.0786341015243,32.975733916244934],[129.07801952612928,32.976247777099516]]]},"properties":{"KEY_CODE":"424110150","PREF":"42","CITY":"411","CITY_NAME":"新上五島町","S_NAME":"相河郷","SETAI":"115"}},{"type":"Feature","geometry":{"type":"Polygon","coordinates":[[[129.05785453416124,32.969654566523175],[129.05775560674704,32.96979063526152],[129.0576280287299,32.969873011658336],[129.0573610551117,32.970086443429025],[129.05725619625082,32.97024684853268],[129.0571033152379,32.970767634967615],[129.05658921660077,32.97301187960713],[129.05597020177836,32.97427157408584],[129.05577248646856,32.97450473475259],[129.0551387515903,32.97465594911065],[129.0544042858061,32.97472641945673],[129.0537733859486,32.974894692975354],[129.05333270875167,32.97512332909226],[129.0530162246617,32.97465869054757],[129.05214122229583,32.974206478476475],[129.05172169002944,32.97381631637077],[129.05116539661634,32.97275474894821],[129.05157807901995,32.97174805933394],[129.05158410640476,32.97055775454649],[129.05148199762544,32.970230951129956],[129.05171207715907,32.969376902444125],[129.0515506667434,32.968928146863895],[129.05161222364364,32.968392716886065],[129.05192044505893,32.967521815281216],[129.05166718516224,32.96662906149467],[129.0518008048035,32.966434758193834],[129.0513523163456,32.96585511828585],[129.05155997042408,32.96562230499739],[129.05261909043088,32.96560986630887],[129.05316513087655,32.96488138783362],[129.05433513924925,32.965508015998566],[129.055082185444,32.96636817859603],[129.0557905409262,32.96745476405453],[129.0562656879576,32.96836755432383],[129.05688306335898,32.96916146704153],[129.05785453416124,32.969654566523175]]]},"properties":{"KEY_CODE":"42411016017","PREF":"42","CITY":"411","CITY_NAME":"新上五島町","S_NAME":"三日ノ浦郷","SETAI":"36"}},{"type":"Feature","geometry":{"type":"Polygon","coordinates":[[[129.05785453416124,32.969654566523175],[129.05688306335898,32.96916146704153],[129.0562656879576,32.96836755432383],[129.0557905409262,32.96745476405453],[129.055082185444,32.96636817859603],[129.05433513924925,32.965508015998566],[129.05316513087655,32.96488138783362],[129.05233606679656,32.96403436795552],[129.05203996927702,32.96399272810122],[129.05219535951628,32.96379755163737],[129.05230766098668,32.963380974120774],[129.05225900195674,32.96280769803637],[129.0522037396067,32.96260593293295],[129.05203676854973,32.961789169324504],[129.0519521459677,32.96044703889279],[129.05169464651328,32.95899361967841],[129.05168001235606,32.95771892251511],[129.0528688981849,32.95578059163747],[129.0529454748751,32.95546862884855],[129.05294609443908,32.95534610820143],[129.05284947692866,32.95498609524598],[129.0525776770357,32.954500954828056],[129.05289152134688,32.95362069747682],[129.05336070363927,32.953078922898946],[129.05378352024206,32.95290653032863],[129.05495931443997,32.95308068094687],[129.05553351042252,32.953088652240986],[129.05604484019264,32.95302722801794],[129.05627494271118,32.95294109584771],[129.0578751569464,32.951678047205995],[129.05793935298604,32.9514984434266],[129.05825781595806,32.95062608589211],[129.0589505226856,32.949436884416805],[129.06034129197192,32.94897732965704],[129.06124388817565,32.948883698782005],[129.06171378009745,32.94894988012107],[129.0637221999628,32.950130413591474],[129.06439499531493,32.95080513266299],[129.0653685401404,32.95201439354241],[129.06783096649312,32.95247361785823],[129.06813623317362,32.95268417566885],[129.0681597500215,32.95438221751953],[129.06799633686632,32.955300064660165],[129.06733254824098,32.95690802550097],[129.06701792894145,32.95742825591122],[129.06703770144605,32.958110431602435],[129.06733631624104,32.95850611708531],[129.06731970568947,32.958946987487614],[129.0668662394808,32.959491098088854],[129.06662870861484,32.959616956745556],[129.06609035357764,32.960377580420975],[129.06566745305764,32.96059048983851],[129.06546475299987,32.96066772869555],[129.06483268769495,32.961099152459006],[129.06431209808954,32.9617770020756],[129.06390641153064,32.96200458152075],[129.0638136540544,32.962062718281345],[129.06360412543765,32.96235432544769],[129.06342054701824,32.96325503709089],[129.06301971035828,32.964250002759684],[129.06246949385505,32.96506416518565],[129.06238034629015,32.965565696456395],[129.06214689999143,32.96601798885909],[129.06138221304076,32.96695807002886],[129.06036730387777,32.96764147013817],[129.05935092536401,32.96804471336505],[129.0587599001721,32.968339833358954],[129.05785453416124,32.969654566523175]]]},"properties":{"KEY_CODE":"42411016018","PREF":"42","CITY":"411","CITY_NAME":"新上五島町","S_NAME":"三日ノ浦郷","SETAI":"80"}},{"type":"Feature","geometry":{"type":"Polygon","coordinates":[[[129.06947638974262,32.95846321535636],[129.06819791868224,32.958406784051135],[129.06733631624104,32.95850611708531],[129.06703770144605,32.958110431602435],[129.06701792894145,32.95742825591122],[129.06733254824098,32.95690802550097],[129.06799633686632,32.955300064660165],[129.0681597500215,32.95438221751953],[129.06813623317362,32.95268417566885],[129.06783096649312,32.95247361785823],[129.0653685401404,32.95201439354241],[129.06439499531493,32.95080513266299],[129.0637221999628,32.950130413591474],[129.06393663019426,32.94999961231764],[129.06409577103494,32.9493716553231],[129.06486858249045,32.948644537516756],[129.0657280473419,32.947436950440796],[129.06726450529618,32.947141031963184],[129.06830116902282,32.946218553698465],[129.06839465764025,32.946040361459524],[129.06845308057765,32.94491367251569],[129.07017057770585,32.94411067934858],[129.07029487458368,32.9430400014485],[129.0706982004477,32.94172482697784],[129.0708974276069,32.94156930537446],[129.0737598183303,32.940675366288424],[129.0740569807999,32.94079352333361],[129.0744377731996,32.94140847533351],[129.07483359119396,32.94164411755735],[129.07578722331044,32.94144652802686],[129.07720155651413,32.941763714511886],[129.07758547004272,32.94172037983997],[129.07874702000646,32.94111696543607],[129.07859057428226,32.94281259649681],[129.07799328357652,32.94358915547788],[129.0778248608256,32.94433933939377],[129.07788939355015,32.94463152362614],[129.07797405605592,32.94488982720075],[129.07804201272506,32.94556891112495],[129.0780873953762,32.945820741473646],[129.0783037928245,32.9463848727093],[129.07820992576518,32.94654156966414],[129.0780671343015,32.94661959693387],[129.0779729992776,32.94684094542508],[129.07797713192008,32.94712265753137],[129.07783976585148,32.947789498329435],[129.07763101300327,32.94791809698729],[129.0773696358726,32.94875307612987],[129.07722602501727,32.94900196535361],[129.07712604121582,32.94929255981013],[129.07713801457552,32.949655123247794],[129.07696193810395,32.94982539392912],[129.07685140252775,32.95003282345034],[129.07675699879454,32.95030035046171],[129.07693614726162,32.950633458761075],[129.0770723002384,32.951370493799146],[129.07725710053714,32.95167591207819],[129.0770628608645,32.95220170907503],[129.07659097483878,32.952380215614],[129.07596083834204,32.952424255645816],[129.0754119537171,32.95266252886607],[129.07532853126796,32.95293008628696],[129.07522631653143,32.95311676919778],[129.0751208035011,32.953416584529776],[129.0749444294835,32.95363764946892],[129.0749924243127,32.95391027307642],[129.07511176631675,32.95416005336937],[129.07516339841106,32.954815991070696],[129.07523107310058,32.95497554604346],[129.07553032231144,32.955401413295505],[129.0752669495731,32.95549287946262],[129.0748486436094,32.95591631615909],[129.07393733004955,32.956333455093635],[129.0741003881662,32.95717218386063],[129.07412518164028,32.957707955664716],[129.07364798026154,32.95841057608164],[129.07343917355558,32.958543785733866],[129.07331266517457,32.95865417660847],[129.07313518284417,32.959110760889686],[129.07258597962723,32.95940443635306],[129.07184996319663,32.95981752924827],[129.07167481862487,32.95977998561751],[129.06985942642427,32.95854766262218],[129.06947638974262,32.95846321535636]]]},"properties":{"KEY_CODE":"42411016019","PREF":"42","CITY":"411","CITY_NAME":"新上五島町","S_NAME":"三日ノ浦郷","SETAI":"3"}},{"type":"Feature","geometry":{"type":"Polygon","coordinates":[[[129.0637221999628,32.950130413591474],[129.06171378009745,32.94894988012107],[129.06124388817565,32.948883698782005],[129.06034129197192,32.94897732965704],[129.0589505226856,32.949436884416805],[129.05852445691383,32.94792358730616],[129.05862314045746,32.947404186922775],[129.05876559739593,32.947037120906664],[129.0589077579195,32.94672933291643],[129.0590644088075,32.94633859621968],[129.0590703859982,32.94560939430708],[129.05913783047814,32.945246020700125],[129.05932361263143,32.94464195663241],[129.05959927592247,32.94435242732006],[129.06125198988164,32.94474953008776],[129.06153103325852,32.94472087211271],[129.06199214344272,32.94437072442402],[129.06256638385375,32.94384217207205],[129.0629704436559,32.94366440306613],[129.06341880792866,32.94307538619232],[129.06366024096783,32.94283612521631],[129.06384622527438,32.942666816074244],[129.06405556729138,32.94251340936361],[129.06427531923046,32.94230692751836],[129.06441791390907,32.94223597073204],[129.06476854483856,32.94230205577819],[129.06501855847836,32.942372822810995],[129.06561713510678,32.942062831661325],[129.0664621887863,32.94161474207068],[129.0665548528298,32.941451045466806],[129.0666373000446,32.941164318913515],[129.06679014656615,32.94084138321001],[129.06708504556448,32.94075356358607],[129.06740650788706,32.94075239675292],[129.06848470567206,32.9404110190968],[129.0696703608599,32.93963492574763],[129.0701660735474,32.93907968469613],[129.0704455465041,32.93798382114404],[129.07050013785144,32.93748517788651],[129.07301036888384,32.93846566670776],[129.07365598801726,32.938977087293836],[129.07443645771238,32.93901078830854],[129.07498622606948,32.93954672935912],[129.07592070613,32.93972377333194],[129.07727446367213,32.94046551343838],[129.07858831593066,32.941046764094025],[129.07874702000646,32.94111696543607],[129.07758547004272,32.94172037983997],[129.07720155651413,32.941763714511886],[129.07578722331044,32.94144652802686],[129.07483359119396,32.94164411755735],[129.0744377731996,32.94140847533351],[129.0740569807999,32.94079352333361],[129.0737598183303,32.940675366288424],[129.0708974276069,32.94156930537446],[129.0706982004477,32.94172482697784],[129.07029487458368,32.9430400014485],[129.07017057770585,32.94411067934858],[129.06845308057765,32.94491367251569],[129.06839465764025,32.946040361459524],[129.06830116902282,32.946218553698465],[129.06726450529618,32.947141031963184],[129.0657280473419,32.947436950440796],[129.06486858249045,32.948644537516756],[129.06409577103494,32.9493716553231],[129.06393663019426,32.94999961231764],[129.0637221999628,32.950130413591474]]]},"properties":{"KEY_CODE":"42411016020","PREF":"42","CITY":"411","CITY_NAME":"新上五島町","S_NAME":"三日ノ浦郷","SETAI":"3"}},{"type":"Feature","geometry":{"type":"Polygon","coordinates":[[[129.04247846618833,32.97645471426393],[129.04247579811215,32.97655840693952],[129.04248716366416,32.97663960702829],[129.04248154404075,32.976691886779584],[129.04246639715532,32.976719786727394],[129.04245565200048,32.976728764954665],[129.0424310181845,32.97674039855359],[129.0424042438721,32.976745709117615],[129.04237107500867,32.9767428840265],[129.0423005791634,32.976717376432845],[129.0422462089632,32.976684712848424],[129.04219612612042,32.97664755780992],[129.04193373245704,32.97649059095479],[129.0418353985933,32.97647399746481],[129.04160542746587,32.97646413573764],[129.0415613833901,32.97649553563905],[129.04155492461786,32.976508135689116],[129.04152673606785,32.97657656685573],[129.0415074843947,32.97657379098872],[129.0414872860582,32.97655207544332],[129.04145851187832,32.97653213092898],[129.04143715223745,32.97652483850701],[129.04142003595325,32.97652116672753],[129.0413932990205,32.976519265990646],[129.04131408198043,32.97653160040409],[129.04114585749807,32.9765742650058],[129.04101206991305,32.976584596129925],[129.04092870169524,32.9765752720168],[129.04080781349492,32.97657212229336],[129.04050686413174,32.97662962950758],[129.04046946613605,32.97662047426264],[129.04026559522572,32.9765340564918],[129.04012676770108,32.97648484828704],[129.04002093460778,32.97646371969581],[129.03987763831833,32.97645417408146],[129.03986052276653,32.97645050319172],[129.03982425838984,32.97643233432666],[129.03971336367076,32.976356178549494],[129.03968027908527,32.97634523533876],[129.039537045161,32.976315849071725],[129.03933092659412,32.97625196549407],[129.0392956501813,32.97624462300737],[129.03925926035924,32.97624268344229],[129.0392239512614,32.976249768211915],[129.0391456555153,32.9762855496524],[129.03912745362956,32.976289991267095],[129.03910074971338,32.976281777727806],[129.03908906737553,32.97626189576083],[129.03907850514904,32.97623570494397],[129.0390383547318,32.976137265700515],[129.03898730926468,32.97607665916459],[129.03892553608168,32.97602953774746],[129.0387996803193,32.97595332590341],[129.0385809456464,32.97584070029245],[129.03840730589124,32.975695776763736],[129.03833511783267,32.9755863959479],[129.03825771791767,32.9754508456371],[129.03975189774062,32.974765036800946],[129.04054877796665,32.97444103016044],[129.04117041910112,32.97423897581363],[129.04152634922755,32.97386020964669],[129.0425717182044,32.97235191734947],[129.04258344122798,32.971959621025945],[129.0419348046058,32.970817021978014],[129.0416710600531,32.96932027017653],[129.04175883036996,32.96829479690816],[129.0418488816654,32.96775566320548],[129.04205539070503,32.96720060784101],[129.04238885701454,32.96646619541975],[129.04265268009922,32.96607482054061],[129.0425679710248,32.96558409481457],[129.04218452339035,32.964732618565414],[129.04192032942277,32.964261655310004],[129.04163966728066,32.964162539695856],[129.03981434659502,32.96323832386631],[129.03885207801696,32.96276478069644],[129.0379418735539,32.96258880397924],[129.03685942615547,32.9617529510864],[129.0373611138902,32.96152575590477],[129.03785136264335,32.961216138013945],[129.03798102233213,32.96103176555843],[129.0380824180234,32.96078701732824],[129.03815122593545,32.96038943804479],[129.03817153886342,32.96014839579649],[129.03823973898318,32.959411247006976],[129.03839915150093,32.959009983219474],[129.03903454267268,32.958282974889656],[129.0385585199681,32.95815262544916],[129.03805066895487,32.95774085618861],[129.03792296799708,32.957551505445025],[129.03740089787993,32.95711959437466],[129.0371570606536,32.95680725424852],[129.0368636454252,32.95640431193861],[129.03677369656057,32.95628341906125],[129.0369092093949,32.95589010350566],[129.03744072687726,32.95551331601179],[129.03763521418642,32.955147358589635],[129.039390650751,32.953516303805905],[129.03940947738784,32.95218824018382],[129.03932688598925,32.951577124524924],[129.03972689522553,32.95119081301222],[129.04082516880368,32.94942066596053],[129.04131426396503,32.94885182301086],[129.0415570749401,32.94752458305718],[129.04221072756343,32.946930219526394],[129.04297986097842,32.94658342090672],[129.04331534278904,32.946226990464716],[129.0439287698669,32.94511808730105],[129.04423537726345,32.94480977787051],[129.04525308707744,32.94431115220385],[129.0460738930293,32.94410516709055],[129.04631422760866,32.94324405563342],[129.0468707522818,32.94252273272317],[129.0473420144545,32.94123649120761],[129.04837545330685,32.93997640008503],[129.04928711594775,32.93923425680797],[129.04939848963446,32.93888906773517],[129.04897396942525,32.937974852090804],[129.0507082243367,32.937737587175576],[129.05157027798805,32.937337784543914],[129.05250069977558,32.9371619773312],[129.05274989166847,32.93691913288484],[129.05285161344642,32.93585930533855],[129.0527850787732,32.93558469173777],[129.05279612951014,32.93417357059282],[129.05306851580195,32.93340470234871],[129.0539986640939,32.93264418104227],[129.05450978980636,32.931984709114495],[129.05504657183909,32.931546422073176],[129.05669864403188,32.93122731443755],[129.05718937808024,32.93100662253076],[129.05779587241327,32.93131777455521],[129.05946228105756,32.93143887168118],[129.060376522527,32.931326883485504],[129.0608200050973,32.93059255897002],[129.06162561369555,32.930087265637695],[129.063014283813,32.929520079982474],[129.06390808314745,32.92890519839685],[129.06462443925707,32.928170644065055],[129.06492000389372,32.927581342594934],[129.06565470703012,32.927462602484475],[129.06623917684968,32.92696606389464],[129.06706751903383,32.92680378596786],[129.0676797409218,32.926917792010855],[129.06876091100088,32.927122855200295],[129.06896922525152,32.92786677737163],[129.06897954762843,32.92793420807105],[129.06907918019877,32.928772889396846],[129.06916801489004,32.92922969308185],[129.06943675564045,32.9296252662577],[129.06956745495415,32.929796368107795],[129.06948511777549,32.93008192612881],[129.06948971490777,32.930175800609426],[129.06971053934672,32.9305392014702],[129.06966510375995,32.93104460702083],[129.06983058361988,32.93134809559771],[129.06965099344512,32.931859431527734],[129.0696046216958,32.932556822562034],[129.06956762473158,32.93288093717487],[129.069802334253,32.933517431661734],[129.0698313546136,32.93378631663233],[129.0698955678473,32.93411078002173],[129.0698630132142,32.935085522482545],[129.06995558578998,32.93581538504054],[129.07050013785144,32.93748517788651],[129.0704455465041,32.93798382114404],[129.0701660735474,32.93907968469613],[129.0696703608599,32.93963492574763],[129.06848470567206,32.9404110190968],[129.06740650788706,32.94075239675292],[129.06708504556448,32.94075356358607],[129.06679014656615,32.94084138321001],[129.0666373000446,32.941164318913515],[129.0665548528298,32.941451045466806],[129.0664621887863,32.94161474207068],[129.06561713510678,32.942062831661325],[129.06501855847836,32.942372822810995],[129.06476854483856,32.94230205577819],[129.06441791390907,32.94223597073204],[129.06427531923046,32.94230692751836],[129.06405556729138,32.94251340936361],[129.06384622527438,32.942666816074244],[129.06366024096783,32.94283612521631],[129.06341880792866,32.94307538619232],[129.0629704436559,32.94366440306613],[129.06256638385375,32.94384217207205],[129.06199214344272,32.94437072442402],[129.06153103325852,32.94472087211271],[129.06125198988164,32.94474953008776],[129.05959927592247,32.94435242732006],[129.05932361263143,32.94464195663241],[129.05913783047814,32.945246020700125],[129.0590703859982,32.94560939430708],[129.05906440880744,32.94633859621968],[129.0589077579195,32.94672933291643],[129.05876559739593,32.947037120906664],[129.05862314045746,32.947404186922775],[129.05852445691383,32.94792358730616],[129.0589505226856,32.949436884416805],[129.05825781595806,32.95062608589211],[129.05793935298604,32.9514984434266],[129.05787515694638,32.951678047205995],[129.05627494271118,32.9529410958477],[129.05604484019264,32.95302722801794],[129.05553351042252,32.953088652240986],[129.05495931443997,32.95308068094687],[129.05378352024204,32.952906530328654],[129.05336070363927,32.953078922898946],[129.05289152134688,32.95362069747682],[129.0525776770357,32.954500954828056],[129.05284947692866,32.95498609524598],[129.05294609443908,32.95534610820143],[129.0529454748751,32.95546862884855],[129.0528688981849,32.95578059163747],[129.05168001235606,32.95771892251511],[129.05169464651328,32.95899361967841],[129.0519521459677,32.96044703889279],[129.05203676854973,32.961789169324504],[129.0522037396067,32.96260593293295],[129.05225900195674,32.96280769803637],[129.05230766098668,32.963380974120774],[129.05219535951628,32.96379755163737],[129.05203996927702,32.96399272810122],[129.05197910451682,32.963972673827996],[129.05187668409505,32.96391549290007],[129.05177330934626,32.96384027754128],[129.05168095287073,32.963701977940666],[129.0516334337353,32.96358006908176],[129.05158908644657,32.96346718924509],[129.05155850740894,32.96337509763735],[129.0515471587209,32.9632975041311],[129.0515345555637,32.96325327325115],[129.05150383802186,32.963188234132254],[129.0514177305552,32.963086930071675],[129.05135304294242,32.96297217189802],[129.05133736379747,32.962899974318056],[129.05132701942173,32.96283050381725],[129.0512432863611,32.962681411888646],[129.051231644332,32.96265341446654],[129.05120955401821,32.96257668503155],[129.0511844517095,32.962467480303246],[129.05115176076953,32.962371774834416],[129.05113723638544,32.962286054873196],[129.0511688003004,32.96217615525998],[129.05125237213852,32.96215120304203],[129.0512824509105,32.96212786414829],[129.05126246478594,32.96206466876869],[129.05122011238618,32.96197884896253],[129.05119573874734,32.96193187227201],[129.0511534964322,32.96182441131841],[129.05113686871462,32.961725157302105],[129.05119389550603,32.961447615038644],[129.05121239292552,32.9613926727349],[129.05121488512492,32.96132144294679],[129.0512173092666,32.961263739422634],[129.05126996393562,32.96121342851819],[129.05123829038908,32.96113125316516],[129.0511924147342,32.961113955837334],[129.05116791768194,32.961091323737115],[129.05111927768058,32.960976627347044],[129.0510740254076,32.960828571532105],[129.05101405156879,32.96063357796813],[129.05096979417064,32.96028984474768],[129.05087833616,32.960189419190925],[129.05080277672818,32.96010979397011],[129.0506453119553,32.95994149847631],[129.0504783005498,32.95976054455016],[129.0502262827732,32.9594683644496],[129.05018491418645,32.95940329094937],[129.05012761393536,32.959307496460895],[129.05010949789047,32.95929571004287],[129.05003151973904,32.95927288519256],[129.05001011752313,32.95927460905156],[129.050003720735,32.959275488675026],[129.04997798661856,32.95928260842592],[129.04902255788465,32.959748085245494],[129.04875338357186,32.95987877316348],[129.0486632268917,32.9599415715693],[129.04862872925068,32.95998743813282],[129.0486178021748,32.96003248713442],[129.04863895114607,32.96008035547816],[129.04927866315785,32.9600736454804],[129.04940693594125,32.96030405878247],[129.049830826595,32.960454377370944],[129.04955735308454,32.96059226837431],[129.0495816478873,32.96166225900848],[129.04958137540842,32.961756534003385],[129.0498603061869,32.962647583395864],[129.05030915338276,32.962519344670454],[129.04977102578098,32.96274285011759],[129.04989670461936,32.963057115417016],[129.04991074796075,32.963663154622516],[129.04987824100587,32.96395791250683],[129.04987184000456,32.96416439742774],[129.04986603644494,32.96425365049879],[129.04987276635794,32.9644006608333],[129.0499095309974,32.96453335454317],[129.04993060375202,32.96459655401594],[129.04993162739765,32.964813884195024],[129.04988192606126,32.96490748807478],[129.0498657698795,32.96492907141785],[129.04983651808342,32.96500291268101],[129.04974151473732,32.96517119820293],[129.04973384123866,32.965209046500235],[129.04967476703303,32.96525572294117],[129.04956022687065,32.96527244744092],[129.04943395815346,32.96527830221711],[129.04932688848018,32.96529685431035],[129.04914777305098,32.965389991346434],[129.0490715343696,32.96544291971882],[129.04901673532024,32.96549502713084],[129.0489672990154,32.965536330912514],[129.04892099796947,32.96559387600497],[129.0488735771765,32.96566584616911],[129.04884868848293,32.96571986230438],[129.04880270595606,32.9663446181579],[129.04878723477486,32.966444659177185],[129.0487424137829,32.96662935933604],[129.04871739631275,32.966708625387284],[129.0486643032981,32.966843698546406],[129.048668266635,32.96690232760644],[129.04870533461423,32.96697550254543],[129.04873382735082,32.967058569573595],[129.04872358394118,32.96717395680858],[129.04877545162174,32.96728686469728],[129.0487987652757,32.96732843092919],[129.0488495328526,32.96744404110514],[129.04888666572234,32.9675045923924],[129.0490592530635,32.96764318614541],[129.04910281255147,32.96769744918615],[129.0491187116328,32.96772636203184],[129.04913126909997,32.967787728359816],[129.04921495276838,32.96794673898328],[129.04921800008148,32.9679801170526],[129.0491877804913,32.968030506170095],[129.04914486555157,32.96805469807778],[129.0490665984847,32.9680868802135],[129.04905369135437,32.96810216377545],[129.04903421952008,32.968355490467154],[129.04903387410226,32.96842312161777],[129.0490457819016,32.968603517629774],[129.04905597304094,32.968702748571886],[129.0490792230934,32.96896975308099],[129.04906202047064,32.96919603496983],[129.0489928713985,32.96932473890332],[129.04894978988568,32.96938139454719],[129.04855786663163,32.96966403567699],[129.04827368568343,32.96979737108035],[129.04820818535268,32.96984943770097],[129.04818129295006,32.96987819598048],[129.04802706501647,32.97012021177774],[129.04796200773117,32.97029041129338],[129.0479207212984,32.97041289964814],[129.0479023912437,32.97044259246354],[129.0478776717146,32.9704632434485],[129.0478508577617,32.970476672870674],[129.04782196779868,32.97047927463077],[129.0477462411816,32.97043120611313],[129.04769938516216,32.970392260750266],[129.04767486409972,32.9703741366892],[129.04762366383534,32.97034329218168],[129.04754577885797,32.97030874203643],[129.04749341257548,32.97029322330299],[129.04736528871283,32.97024406189072],[129.04735564061167,32.970251241994326],[129.04735347321426,32.97025844811745],[129.04735344556124,32.97026385946604],[129.04757872725008,32.970345834530036],[129.04762994196696,32.97037397393436],[129.0476576859525,32.970391208690145],[129.047743980423,32.97045644823228],[129.04778017132787,32.97049715858193],[129.04778536828937,32.97052693541924],[129.04777773134086,32.97054945179138],[129.04775941474335,32.97057643828633],[129.04767643331493,32.97069697282007],[129.0476951497413,32.970804349339396],[129.04771084188425,32.970873843566665],[129.04772745050528,32.97096858866535],[129.04770285939765,32.971176805661784],[129.0476863659927,32.971264215759746],[129.04768823538308,32.97131562468295],[129.0476920554592,32.971410323449255],[129.0476906005839,32.971482459074544],[129.0476944910437,32.9715636316755],[129.04771008664454,32.97165205900684],[129.04773117855567,32.97171165252984],[129.04773829435175,32.97178291655667],[129.04772632114674,32.97181984627255],[129.04772407942005,32.97184147953882],[129.04772037361226,32.97193705367556],[129.04771801676893,32.971981230552394],[129.04770898499277,32.97207227658757],[129.0476989591291,32.972153398766835],[129.04769555719292,32.97218945688648],[129.04769202171937,32.97225166471289],[129.04767114585934,32.97236250668652],[129.04765574820178,32.97244000323339],[129.04770381006819,32.97266832278644],[129.04769794071964,32.97277019875737],[129.04766260548496,32.97298739602404],[129.0476792328582,32.973078535002124],[129.04775229591164,32.97323119639679],[129.04782343130518,32.97333605911307],[129.0478977946749,32.97343912806375],[129.04801226798034,32.973650553386776],[129.0480727247931,32.97375177105653],[129.04810884386816,32.973798793371735],[129.04818112656292,32.97389193604317],[129.0482438126859,32.97398233880585],[129.04831816785202,32.97408721113],[129.0483586043564,32.9741234277446],[129.0483971070418,32.97412897836373],[129.04844765240597,32.97407595527621],[129.04849562504674,32.97410949556192],[129.04850385193757,32.974176254726984],[129.04850028007888,32.9742456775286],[129.04850842423718,32.974328667981574],[129.04857920816664,32.97450296461718],[129.04858309040705,32.974585939665815],[129.0485151773736,32.97488958947132],[129.04834674186904,32.97519557935962],[129.04832410650334,32.9752252538713],[129.0482748086303,32.97524671975916],[129.0482704621009,32.975254819009365],[129.04826714365126,32.97527464475714],[129.0482659786249,32.975298087205836],[129.04825071407112,32.97534943248443],[129.04817312644224,32.97546006836088],[129.0480771668135,32.97560851178047],[129.04804273332536,32.97564896644162],[129.04796736924658,32.97574157610134],[129.0477298089785,32.97595713867322],[129.04767932278725,32.975998434893945],[129.04766201812404,32.97603173910206],[129.04759047127038,32.976219946938485],[129.04749423102243,32.97621058056463],[129.0473531435991,32.97617760487914],[129.0472058193251,32.97612206515434],[129.04708316513572,32.976047675798604],[129.0469125619319,32.97593523772113],[129.04680154467655,32.975881631800064],[129.04670117612946,32.97584609690167],[129.04631435470375,32.97575632110559],[129.04627051540456,32.97574804518018],[129.04625018267427,32.97575248008982],[129.0461877808331,32.97581898434113],[129.04615345319326,32.975838698405425],[129.04614701676607,32.97583867500844],[129.04609902638094,32.97580874145942],[129.04608728364855,32.975800583803725],[129.04604779502438,32.975783306011664],[129.045971945187,32.97576679752477],[129.04592805041617,32.97576934416562],[129.04586910735813,32.975788967525716],[129.04584545892442,32.97581232816164],[129.04583756275613,32.97589345788947],[129.04583211177825,32.975913276903235],[129.0458277696721,32.97592047508255],[129.04581596697804,32.97593215602559],[129.04581061314138,32.97593303643872],[129.04579884135495,32.97593029009429],[129.04578497591328,32.97592031940573],[129.04572634732142,32.9758786242344],[129.04568987830513,32.975900135662],[129.04565433837058,32.975944191721666],[129.0456489752678,32.975946877376494],[129.04557086364463,32.975947495737294],[129.04554621712106,32.97595371846223],[129.04553119519142,32.975965386559665],[129.04548447988537,32.97610228421672],[129.04543573957585,32.9762184329983],[129.04541538751215,32.976226475513826],[129.04538008806668,32.97622364181316],[129.04532562091882,32.97620179934906],[129.0453021660684,32.976187287634744],[129.04524781949,32.9761501166376],[129.04519975976916,32.97613370889979],[129.0451665678812,32.97613539326968],[129.04505937007178,32.97617648291932],[129.04497574678624,32.97620864244205],[129.04493190876565,32.976208482667126],[129.04490523210936,32.97619485902443],[129.04485095386653,32.97613604673196],[129.04482644567625,32.97611521590253],[129.04481471236207,32.97611337059567],[129.04477397501293,32.9761276483666],[129.0447182963505,32.97613826823135],[129.04470975175428,32.97613372827015],[129.04469802238688,32.97612286260956],[129.0446778697044,32.97609213013972],[129.0446651286809,32.97607495110478],[129.04465659337916,32.97606860589147],[129.04463950551443,32.97605952596481],[129.04460534375067,32.97604677759913],[129.04432108765948,32.975979912054925],[129.04429651002212,32.97598072499187],[129.0442889830455,32.97598159740793],[129.04427612011244,32.9759878645427],[129.0442664571665,32.97599774786707],[129.04424587357158,32.97604276075847],[129.04423509619966,32.97605805035527],[129.04422757783982,32.976065237984805],[129.0442061159236,32.97607778505455],[129.04413548075664,32.9760874457653],[129.04410783315402,32.97605127439374],[129.044078198865,32.975987141955024],[129.04392856000482,32.97595954261637],[129.0437968964088,32.97597168536315],[129.0436912669701,32.9761300100895],[129.04362688558004,32.97616674618385],[129.04361620106516,32.97616400085612],[129.04359169250895,32.97614317253517],[129.04354063377463,32.97608437144206],[129.04351926942144,32.97607797924764],[129.04349464530358,32.97607969449796],[129.04341005118476,32.97609742037401],[129.0433950210153,32.97610277519993],[129.04338750724216,32.976109059053655],[129.04338100224112,32.97613067938708],[129.0433549745581,32.97619370743009],[129.04329707995123,32.976220548484086],[129.04328530421952,32.97621870177758],[129.0432736314201,32.97620513267012],[129.04325588055602,32.9761139890418],[129.04324634246106,32.97609952509966],[129.04323675448424,32.97609498122061],[129.0432164063303,32.97609400688777],[129.04317464321804,32.97610467422269],[129.04309644301145,32.97612242328081],[129.0430139475125,32.97614646900201],[129.0429967573874,32.97615722621696],[129.04298480061993,32.97619866431456],[129.04298142376499,32.97622931093022],[129.04297926513993,32.976234714472255],[129.04297064147326,32.976245504141275],[129.04294703932737,32.97625984679086],[129.0428166009034,32.9762368252097],[129.0427855774138,32.976239416776046],[129.0427641199117,32.97625105932144],[129.04275011036148,32.97626904322479],[129.04272627923982,32.97632757037728],[129.04268128871266,32.9763400321093],[129.04261916388614,32.97635242830518],[129.04257094145768,32.976367580577126],[129.04253014831858,32.97639268139878],[129.04247846618833,32.97645471426393]]]},"properties":{"KEY_CODE":"42411017021","PREF":"42","CITY":"411","CITY_NAME":"新上五島町","S_NAME":"今里郷","SETAI":"69"}},{"type":"Feature","geometry":{"type":"Polygon","coordinates":[[[129.03824302926165,32.97539848930871],[129.03783313520117,32.97501552694655],[129.03744978817926,32.97303293984803],[129.0373160205332,32.97263296310207],[129.03661260683683,32.97212356569234],[129.03663656756967,32.971633997350025],[129.03604123040998,32.971324287802204],[129.03513648739462,32.97106301760551],[129.03484056688103,32.97139105773658],[129.03424173949512,32.97134102983171],[129.0338638554522,32.97199610189313],[129.0349925106225,32.97220230800415],[129.03370181596307,32.972087475134146],[129.03333101036358,32.97241342919291],[129.03278431645498,32.97242130378042],[129.03248582219052,32.97222179845959],[129.03199537054584,32.971504862700876],[129.03197996405183,32.97117836845607],[129.03229456752004,32.97096222267176],[129.0319774162462,32.97064902509091],[129.03204081832504,32.9701893647147],[129.03163401005554,32.97024374788312],[129.03152375820034,32.969851967062326],[129.03173240829,32.96964714913559],[129.03233098987474,32.969535770043535],[129.03257749545432,32.969244521766484],[129.03226277618407,32.96848134963931],[129.03301086787525,32.96821181457349],[129.03297438513522,32.96742984639477],[129.03231422587956,32.9670432236132],[129.03182190650216,32.96729206844604],[129.03165619805185,32.96673663596062],[129.03187651475787,32.96654457490329],[129.0328457510861,32.966254849497375],[129.03508416213825,32.965752842005486],[129.03537945367952,32.96489799070075],[129.03542409819957,32.964116549298545],[129.036207921368,32.96372565429768],[129.03709830296643,32.96301365620931],[129.0379418735539,32.96258880397924],[129.03885207801696,32.96276478069644],[129.03981434659502,32.96323832386631],[129.04163966728066,32.964162539695856],[129.04192032942277,32.964261655310004],[129.04218452339035,32.964732618565414],[129.0425679710248,32.96558409481457],[129.04265268009922,32.96607482054061],[129.04238885701454,32.96646619541975],[129.04205539070503,32.96720060784101],[129.0418488816654,32.96775566320548],[129.04175883036996,32.96829479690816],[129.0416710600531,32.96932027017653],[129.0419348046058,32.970817021978014],[129.04258344122798,32.971959621025924],[129.0425717182044,32.97235191734946],[129.04152634922755,32.9738602096467],[129.04117041910112,32.97423897581363],[129.04054877796665,32.97444103016044],[129.03975189774062,32.974765036800946],[129.03824302926165,32.97539848930871]]]},"properties":{"KEY_CODE":"42411017022","PREF":"42","CITY":"411","CITY_NAME":"新上五島町","S_NAME":"今里郷","SETAI":"34"}},{"type":"Feature","geometry":{"type":"Polygon","coordinates":[[[129.04897396942525,32.937974852090804],[129.04939848963446,32.93888906773517],[129.04928711594775,32.93923425680797],[129.04837545330685,32.93997640008503],[129.0473420144545,32.94123649120761],[129.0468707522818,32.94252273272317],[129.04631422760866,32.94324405563342],[129.0460738930293,32.94410516709055],[129.04525308707744,32.94431115220385],[129.04423537726345,32.94480977787051],[129.0439287698669,32.94511808730105],[129.04331534278904,32.946226990464716],[129.04297986097842,32.94658342090672],[129.04221072756343,32.946930219526394],[129.0415570749401,32.94752458305718],[129.04131426396503,32.94885182301086],[129.04082516880368,32.94942066596053],[129.03972689522553,32.95119081301222],[129.03932688598925,32.951577124524924],[129.03775880376102,32.950544387171476],[129.0374717146306,32.949397723130936],[129.0365416164449,32.94894501875743],[129.03566538290025,32.94838020750409],[129.03534758561236,32.94801962171733],[129.03554340767812,32.947166559410235],[129.03557413259026,32.9458016802576],[129.0356050929267,32.94438421790515],[129.0360105601038,32.94334507752157],[129.03617814410427,32.94340521563961],[129.03585999567537,32.94166542114563],[129.0359673352002,32.94118427393648],[129.03644458552318,32.940521433493316],[129.03660868879274,32.9406311556408],[129.03818743743338,32.94017978900358],[129.0384147397633,32.93985869261543],[129.038258784833,32.93900413924564],[129.03787463905417,32.939049616867806],[129.03787754017682,32.93869433068039],[129.03825200590416,32.93866234395598],[129.03833237792819,32.93802238270673],[129.0379099003868,32.93803344920447],[129.0379589617711,32.93764586855419],[129.03835839477927,32.93774383218832],[129.03848586322198,32.93688401300085],[129.03798453814667,32.936435788989904],[129.03882140130764,32.93655279111474],[129.03952627965867,32.9363370663826],[129.04080957437452,32.936188602858984],[129.04149001546662,32.936253694764886],[129.04280520736648,32.93665807566713],[129.0433074191225,32.936979564142675],[129.0455286362111,32.937664915190645],[129.04660746703416,32.93781600412524],[129.04770612622212,32.938101667824014],[129.04854865885443,32.93812536046459],[129.04897396942525,32.937974852090804]]]},"properties":{"KEY_CODE":"42411017023","PREF":"42","CITY":"411","CITY_NAME":"新上五島町","S_NAME":"今里郷","SETAI":"74"}},{"type":"Feature","geometry":{"type":"Polygon","coordinates":[[[129.03255423269954,32.93250961909896],[129.0319405059151,32.93194503918456],[129.03162189516087,32.93112774303855],[129.03052642521138,32.93040942620626],[129.0304552065945,32.92972381383614],[129.03080964918937,32.92923007541856],[129.0303820891045,32.928592721062564],[129.0304036940897,32.92834662100089],[129.03086003207142,32.928195035374856],[129.03080028733697,32.92776376804163],[129.03115281036864,32.92722042093328],[129.03152095142855,32.926961188087745],[129.03160059199573,32.92625991366649],[129.03150959204046,32.92587812655003],[129.03085867448783,32.92521558763354],[129.03049235650667,32.92513936609413],[129.02963548905845,32.924604098895436],[129.0294256648583,32.92424711016344],[129.02860359324333,32.92361187398757],[129.0284789521088,32.92373133682668],[129.02812685831725,32.922985141143926],[129.02769918458156,32.92277792297145],[129.02723271946462,32.92283567987101],[129.02713906871392,32.922547657651876],[129.02659620973336,32.92229310568473],[129.02666874548882,32.92172436821635],[129.02624613079354,32.92137738112302],[129.0260160002833,32.920424243476056],[129.02627256795643,32.91962625325973],[129.02664007198933,32.91908387308592],[129.02749522039423,32.920006881505806],[129.0280856854123,32.920597950605426],[129.02820641727118,32.920710202687204],[129.02834445038647,32.92073434328805],[129.02919406068048,32.92051161490695],[129.0296781235152,32.920755903301384],[129.03060166092638,32.92102938935599],[129.03096710546214,32.92111736402643],[129.03129860667022,32.92126659857694],[129.03155334471992,32.92163675977271],[129.0320132454528,32.92203761335445],[129.03206699967322,32.92210866279165],[129.03213877520713,32.92230259109158],[129.03220081373374,32.922576770680976],[129.0322664108227,32.92270690969132],[129.03257394759044,32.92314890525088],[129.0326165427806,32.92321362438893],[129.0326388443029,32.92376869059999],[129.0327303541731,32.924466511368436],[129.03292137065034,32.92470969037278],[129.03349144961967,32.925465185331475],[129.03354487579156,32.9255992134162],[129.03331039433803,32.92616985872518],[129.03351229702426,32.927004281235874],[129.03322398419468,32.927866003521224],[129.0330003500806,32.92814384235768],[129.03242361302298,32.92829203548846],[129.0315565427498,32.92873876438015],[129.03177309915802,32.929240163794226],[129.03161460746944,32.92986755490992],[129.0317633334579,32.930621416685256],[129.03215205308308,32.93101614190127],[129.03238713554867,32.931586158943645],[129.03255423269954,32.93250961909896]]]},"properties":{"KEY_CODE":"424110180","PREF":"42","CITY":"411","CITY_NAME":"新上五島町","S_NAME":"道土井郷","SETAI":"0"}},{"type":"Feature","geometry":{"type":"Polygon","coordinates":[[[129.03932688598925,32.951577124524924],[129.03940947738784,32.95218824018382],[129.039390650751,32.953516303805905],[129.03763521418642,32.955147358589635],[129.03744072687726,32.95551331601179],[129.036849847168,32.95516261787234],[129.0365284730922,32.9547225620121],[129.0363906740237,32.954309003107106],[129.0362311387821,32.95386586213492],[129.03612877618826,32.95378618582436],[129.03586256431657,32.95366350612151],[129.03436767299993,32.9534587883027],[129.03392352856048,32.95348479873376],[129.03302935656657,32.95382811806993],[129.0328891188721,32.953879229439536],[129.03207198319322,32.953717589204466],[129.03178813390684,32.95362063873914],[129.03158483695412,32.95360328656628],[129.0313447539979,32.95351018836496],[129.03093889940033,32.953327965313974],[129.02927350666704,32.9526929127622],[129.02909011508078,32.952633214689556],[129.02829412038366,32.95220057092228],[129.02760056926283,32.95184021617523],[129.0257470192729,32.95121916390072],[129.02551951546843,32.951229364686135],[129.02510914392016,32.95148780405578],[129.02497325366346,32.95154629000648],[129.02415530126368,32.951543177504],[129.02276364323419,32.95207077794643],[129.02142487851575,32.95131331290215],[129.02024019685499,32.950775850339866],[129.01973423528003,32.95051575464556],[129.01960603171364,32.950358524928184],[129.01892486917245,32.94933433624993],[129.0184109132354,32.948526540938374],[129.01787637516108,32.94789384026906],[129.01728834601056,32.9474416376188],[129.01695792076916,32.947265812164],[129.01660902712553,32.946325716704116],[129.01592875752556,32.94594433637355],[129.01608540690134,32.945466106866725],[129.01595766951277,32.945157204088005],[129.01626244972093,32.94438196234698],[129.01637263569498,32.943789028115226],[129.01710102689566,32.9435790300869],[129.01777020885726,32.942649190327046],[129.0177670658191,32.942244285394914],[129.01708320325605,32.941944058249696],[129.0174197967406,32.94081544230078],[129.01734052767137,32.93986106709961],[129.01707263172815,32.93936947001523],[129.01635293451614,32.938972609153815],[129.01597243792972,32.938929652102594],[129.01575493219275,32.93842291568724],[129.01474809528725,32.93792664382832],[129.01427421482188,32.93756048285217],[129.0138537627693,32.93701237798147],[129.014589101617,32.93650123156481],[129.01485214110718,32.936502254179935],[129.01577543886205,32.937017139326606],[129.01699481733831,32.93794978230645],[129.01771344840034,32.93873349309042],[129.01853004182388,32.93881960990374],[129.01909184891127,32.938553046046906],[129.0192946798612,32.93822648721169],[129.01898307229186,32.93751379250943],[129.0192600079657,32.93693321876188],[129.0192967483761,32.936266954924065],[129.01960804450786,32.93545746144769],[129.02009638046607,32.93513109789556],[129.02059646617033,32.935010378722744],[129.02106785855702,32.934254704776784],[129.02071748169354,32.93378985238138],[129.0208882890791,32.9334496422758],[129.0213357025736,32.933171811773356],[129.02108515595503,32.932831785213516],[129.0227635967027,32.931920220311454],[129.02311559625127,32.93228587801794],[129.02299001115483,32.93376429462155],[129.0235775905649,32.93426611601707],[129.02467784061693,32.93428654046204],[129.025401979775,32.93385374416856],[129.0260226520587,32.93437191483772],[129.0262219119309,32.93510490345382],[129.02630068088973,32.93677167053155],[129.02622979673194,32.93702840569896],[129.0266113006894,32.93767912742105],[129.0270083274119,32.937630132993505],[129.02744720390044,32.938153919399205],[129.02753002427406,32.93926882084816],[129.0285835731985,32.93943331911121],[129.02895732920393,32.93933914226225],[129.02911464775568,32.938507404379216],[129.0288208287668,32.938056312983974],[129.02887427956634,32.93725935112728],[129.02981987203128,32.936408037354525],[129.0298850439803,32.93621800892364],[129.03066334876445,32.93605411118365],[129.03071314814838,32.9363446696495],[129.03145396023336,32.935987648357646],[129.0319826082436,32.93653069328272],[129.0326405900017,32.93768291678356],[129.0328042503162,32.93828591077616],[129.0327523324109,32.938798823021486],[129.03250756864026,32.93897465410903],[129.03277427530097,32.93930299849864],[129.0333532296926,32.941052794896095],[129.03317382040316,32.941612123972064],[129.03353042500385,32.942331268070006],[129.03335577910497,32.9442207216172],[129.03378613088938,32.94536036365536],[129.0343663703472,32.94544819853947],[129.0343748767429,32.9452606655281],[129.03543781113171,32.94528446283348],[129.03557413259026,32.9458016802576],[129.03554340767812,32.947166559410235],[129.03534758561236,32.94801962171733],[129.03566538290025,32.94838020750409],[129.0365416164449,32.94894501875743],[129.0374717146306,32.949397723130936],[129.03775880376102,32.950544387171476],[129.03932688598925,32.951577124524924]]]},"properties":{"KEY_CODE":"424110180","PREF":"42","CITY":"411","CITY_NAME":"新上五島町","S_NAME":"道土井郷","SETAI":"84"}},{"type":"Feature","geometry":{"type":"Polygon","coordinates":[[[129.04228873424532,32.99306717803716],[129.03962945067227,32.998594350219534],[129.03651720832465,33.005183643543546],[129.0337910408098,33.01120873081253],[129.0321854351689,33.01464760890003],[129.03218926978056,33.01453129668316],[129.03220135152063,33.014476334444396],[129.03221333766183,33.01443129152819],[129.03222635966205,33.01439617218774],[129.0322201530284,33.014360078481275],[129.03218816782245,33.01433651217678],[129.0321806989965,33.01433377893288],[129.03216356624614,33.0143319108994],[129.03211535948884,33.01433984572534],[129.03208448585502,33.01431177532736],[129.0320952796347,33.01408908122084],[129.0320735314591,33.013948324647814],[129.03201539011155,33.01381103903468],[129.0319806715,33.01370359888157],[129.03193921429275,33.01364482860816],[129.03190070451168,33.01364558531214],[129.03188681025168,33.01364012271629],[129.0318613802739,33.01358682303645],[129.03185422524854,33.01352457504988],[129.03179566921008,33.0134657404126],[129.0317311230473,33.01333023365683],[129.03170267867267,33.01323814705709],[129.03168780135863,33.013220957428],[129.0316088510442,33.01317647444865],[129.03152349512212,33.01312565433324],[129.0314256875639,33.012994531023004],[129.0313263531172,33.012756994384056],[129.03124282147513,33.012567310327675],[129.03111154809702,33.012289975595905],[129.03101249672554,33.012196721300334],[129.03100304285385,33.0121660261866],[129.03100859987464,33.01212727102715],[129.030997916205,33.01212362406368],[129.0309623686349,33.012164970830426],[129.03094844250208,33.012165820441346],[129.03088023807612,33.012113260910915],[129.0308439090041,33.012105008478166],[129.0308289424109,33.012096836009306],[129.03058886073666,33.01176137829834],[129.03053578257988,33.01167911767924],[129.03041061643006,33.011464929000375],[129.03034172429165,33.011337520679426],[129.03025453659882,33.011230784192314],[129.03019382851798,33.011168333469456],[129.030047971758,33.01102440350191],[129.0299253754758,33.01093286259544],[129.02987736701448,33.01090382544195],[129.02985179810358,33.01088479160265],[129.02983813528004,33.010836045330954],[129.02981684032025,33.010815223998655],[129.02980401031746,33.01081427400022],[129.02978367486642,33.01080968839367],[129.02965694371537,33.01069378456672],[129.02948643134158,33.01055607271818],[129.0293077619825,33.0103407770998],[129.02928074845272,33.01019278789814],[129.02929908742266,33.010164000833655],[129.02931946796198,33.010152355128405],[129.0293603572412,33.01011283263677],[129.02935325787115,33.01004066506443],[129.02935773818965,33.010000102837985],[129.0293738879967,33.00998212870382],[129.02937726553174,33.00995238297731],[129.0293656062936,33.00992799184545],[129.0293581558396,33.0099216512566],[129.02923636547794,33.00988331680522],[129.0291677488813,33.009901092515655],[129.02915493757845,33.009896535270094],[129.02914865226552,33.00987577115004],[129.0291434018666,33.009856814021646],[129.02912629408524,33.00985043744644],[129.029090929011,33.009857515999826],[129.02907799827733,33.00987550392361],[129.02908107809694,33.009901666256376],[129.02902454334117,33.00986448050164],[129.02896161286407,33.009827270525726],[129.02888356202044,33.009810743102776],[129.0288066427377,33.00978610496437],[129.02877035345404,33.009762521554876],[129.02877829411347,33.00967688450477],[129.02873024345806,33.00965596228801],[129.02870458316738,33.009654061529204],[129.0286713316897,33.009664756873605],[129.0286606003542,33.00967012658184],[129.02857944453214,33.00964006138818],[129.0285399505214,33.00962187666548],[129.02845555792268,33.00958729034351],[129.02835734880944,33.009540928874564],[129.02826986633116,33.009490098628945],[129.02819418451477,33.00942939391644],[129.02811753946375,33.00935335605228],[129.02801129967386,33.009205966802014],[129.02794547777563,33.009107425351445],[129.02790926735472,33.00906941408914],[129.0277887343631,33.008999521506134],[129.02771610312348,33.00897039020186],[129.02764890569455,33.00892594891298],[129.02754660439916,33.00883989372557],[129.02752966886038,33.00880916945382],[129.02757707029753,33.00874802982711],[129.02758370118912,33.0087119846387],[129.02766088480948,33.00868702830935],[129.02766632271263,33.008670817390495],[129.02761611667242,33.00865439539167],[129.02767402762157,33.0086293653867],[129.02747419098137,33.00857450170061],[129.02734699495292,33.008546966205394],[129.0271854685124,33.0085283178206],[129.02716606570488,33.008552591735906],[129.02715101232042,33.00856876611731],[129.0271315950253,33.00859574513668],[129.02717628578492,33.0086428063922],[129.02713554156952,33.0086552765129],[129.02706171614514,33.008654094052595],[129.0270061445764,33.008640356599805],[129.02694945229064,33.00863292728426],[129.02693863412298,33.008654528607565],[129.02701447908453,33.00868457464073],[129.02707213872662,33.00870643606747],[129.02706673447955,33.00871633466462],[129.02703566191,33.00872613576801],[129.02699069779274,33.00872235826926],[129.02658095108384,33.008698257152545],[129.0265834060758,33.00863784857418],[129.02657500000896,33.00860715661465],[129.02649702381134,33.00857710221869],[129.0264424820299,33.008574189644484],[129.02642323775942,33.00856870612841],[129.02642861792037,33.0085633157104],[129.02645864665283,33.00855351078871],[129.0264832382773,33.008551800677935],[129.02654105540643,33.00855202052271],[129.0265870941914,33.008550391935565],[129.02660646983654,33.008523412848675],[129.0265586762765,33.00845469773817],[129.02653083116112,33.00846270736194],[129.02652643886324,33.00847892275005],[129.0264858275548,33.00847425953724],[129.02647843770927,33.008448981765845],[129.02648500075557,33.008425561228734],[129.02649919744442,33.00837421488208],[129.02637614480608,33.00836923813034],[129.02630072600604,33.00846273432661],[129.02626847885776,33.00848876230779],[129.0262353815179,33.008470601227486],[129.02621947781333,33.008442586437816],[129.02621957446385,33.008424551643095],[129.02622214214742,33.008343403180675],[129.02621692629495,33.00831813421838],[129.0262075325763,33.00827661727348],[129.02626246518176,33.0082146052819],[129.02625511890892,33.00818121217217],[129.02623182316128,33.00813603563757],[129.0261873989703,33.00803937838613],[129.02612895688782,33.00796070294421],[129.02599775528842,33.007877242319715],[129.02583519073528,33.007857686207004],[129.02567334306485,33.00789945259863],[129.02563038882747,33.00792634172415],[129.0255779443969,33.00792974919407],[129.0254804892321,33.00793839546831],[129.02543531020183,33.0079824091152],[129.02535056104696,33.00802266522806],[129.02526373475763,33.00804487820596],[129.02522405748613,33.00806095847231],[129.0251745784086,33.00810405463495],[129.0252172519918,33.008129466445844],[129.02526643568365,33.0081413766946],[129.02542371240494,33.00814919011947],[129.02543116242296,33.00815553092584],[129.02539565075648,33.00819777666598],[129.02527960650318,33.008281199357434],[129.02525282165806,33.00828650757265],[129.02523011214947,33.00832700009117],[129.02524062076907,33.00836311046492],[129.02523301643544,33.00838562541613],[129.02521691451324,33.00839458160228],[129.02517720802217,33.00841607095996],[129.02515050545827,33.00840605167577],[129.02509279016456,33.008386894338095],[129.02499427830213,33.00839733980517],[129.02503897330612,33.00844349970571],[129.02505273902597,33.00847240856415],[129.02502914894583,33.0084822382518],[129.0250055297945,33.00849747759902],[129.02504156675568,33.00855983655138],[129.02501578640502,33.0085804785322],[129.02497831363505,33.00858304075257],[129.02495690892903,33.008582959097865],[129.0248659437746,33.00858171050549],[129.0246967655205,33.00859459123379],[129.02468813709604,33.00860537949865],[129.0246977222298,33.00861894244722],[129.02473075260332,33.00864161245614],[129.0247863777791,33.00864543144955],[129.02480452768125,33.00865992916371],[129.02480513594142,33.008741089659914],[129.02474451577643,33.008873416764615],[129.02472403915266,33.00889498045768],[129.02470688773315,33.0089048346533],[129.02460280832614,33.0089477215793],[129.0245781341199,33.00896476043321],[129.0245541965157,33.009031399299154],[129.02456057583248,33.00904224485553],[129.02458285489172,33.009082006914504],[129.0246820872266,33.00913198241169],[129.0246884665664,33.0091428279624],[129.0246432823178,33.009187743340995],[129.0245669825395,33.00924245955706],[129.02451874883994,33.00925580173597],[129.0245229197483,33.00928106675772],[129.0245323890746,33.0093081539856],[129.0245312445514,33.00931897246395],[129.02455570298542,33.00934972527751],[129.02459098092393,33.00935887755281],[129.02460707338798,33.00935172504707],[129.0246616635416,33.009353737087366],[129.0246979229731,33.009374615815496],[129.0247010014672,33.0094007787506],[129.02468546512208,33.0094990106627],[129.0246507740029,33.00958274154552],[129.0246195110911,33.00962771005081],[129.0245819845166,33.00964019158816],[129.02445705100033,33.009588314210866],[129.02439165149835,33.009606099554084],[129.0243765835197,33.009624979226544],[129.02434972058134,33.00964471482449],[129.02431440793433,33.009641874755445],[129.02426517435674,33.0096389814866],[129.02425658039957,33.00964345743526],[129.02427234780774,33.00969672157271],[129.0243957219418,33.00984417921938],[129.02442974814954,33.009883986179055],[129.02441572529796,33.00990286984589],[129.0243889593115,33.00990457122599],[129.02431545800238,33.009842970501225],[129.02425253441865,33.009804856721104],[129.0242289700335,33.00980206096567],[129.0241603638962,33.00982524479802],[129.02416439584164,33.00986854443669],[129.02422837308282,33.00991297524763],[129.02430202164712,33.00995473726864],[129.024354296859,33.009982891239694],[129.02434322557576,33.01005138281432],[129.0243419578639,33.01009285857807],[129.0244252344066,33.01012473820855],[129.0243887356952,33.01014804479901],[129.0243294835286,33.01021995899981],[129.02435607009954,33.01025161987204],[129.02436978799528,33.01028954783922],[129.0242896377519,33.01046147753608],[129.0243696305507,33.010513183432934],[129.02441867961602,33.01055034263403],[129.0244132215871,33.010570160549356],[129.02429495925318,33.01066890198497],[129.02416938307243,33.01073605384854],[129.02412721067407,33.010811639902215],[129.02412161663656,33.01085670636415],[129.02413405148485,33.01093881410607],[129.0240777622993,33.011050416446594],[129.02386547522505,33.011125352469286],[129.02347662905942,33.011185183946715],[129.02338988183047,33.011192065796266],[129.02275295615436,33.011211268018236],[129.02261816208681,33.01120443886925],[129.0223734638158,33.01112594960223],[129.02233401845558,33.011098745590495],[129.0222764753169,33.011055240624955],[129.0222023219058,33.010913380230846],[129.02222092658096,33.010835900247265],[129.02225112231872,33.01079543707752],[129.02228906401993,33.01070630910576],[129.0222903083567,33.01066934153804],[129.02227542425652,33.01065395501229],[129.02222415054834,33.01063391952055],[129.02217292073706,33.010605768148416],[129.02217300847965,33.010589536980106],[129.02216895864078,33.010549844486654],[129.02216488227813,33.010507446181485],[129.0221351970649,33.01046134234615],[129.02210322090775,33.01043687263482],[129.02210650549694,33.01041704649055],[129.02209279621454,33.01038543239566],[129.022117437221,33.01037470578641],[129.02213787943896,33.0103594542754],[129.0221508701722,33.01033064781689],[129.02216163612258,33.01031896641111],[129.02205967979774,33.010169785269895],[129.02201492204946,33.01013534681952],[129.02202483851846,33.01008759190545],[129.02203026781143,33.01007318431399],[129.0220293508415,33.01004161931735],[129.02202193568567,33.010028966591115],[129.0219909275246,33.01001892789857],[129.02197054049213,33.010031474438904],[129.02195104322075,33.01007288015889],[129.02188915095692,33.01003747433805],[129.02184535837367,33.01002558344435],[129.02184013393253,33.0100021173821],[129.0218254088882,33.00994975741472],[129.02179459737863,33.009910865312314],[129.02177640168574,33.00991259904948],[129.02177094797048,33.009931514768525],[129.02176335300268,33.00995222588585],[129.02161721217746,33.009856078509614],[129.02159175207396,33.00981720306464],[129.0215907389496,33.0098036750258],[129.02159626590648,33.00977123269764],[129.02160828411473,33.009728896208465],[129.02160411321486,33.00971174713926],[129.02158168403201,33.009699938234135],[129.02156349326245,33.00970076987252],[129.02155277123666,33.00970433591816],[129.0215409768827,33.0097051921323],[129.02153890331746,33.009694362975736],[129.02154221516705,33.00967724265866],[129.02154450838145,33.00964749306516],[129.02154135760483,33.009634856696366],[129.0215244204338,33.00960503375442],[129.02147533270897,33.00957508670032],[129.02150250872458,33.00949764029961],[129.0214953231236,33.00944260575502],[129.0214778213756,33.00931629257314],[129.02147068675157,33.00924412462623],[129.02146187123793,33.00909620244301],[129.02145833991523,33.00896092537807],[129.021481311563,33.008864525595484],[129.0215668233726,33.00888469131239],[129.02159710102427,33.008828900281095],[129.02161243919517,33.00876042592857],[129.02165526825178,33.00875698323119],[129.02166826166484,33.00873539131947],[129.02167076885073,33.008665965578025],[129.0216751160289,33.00865065230505],[129.02168069654695,33.00860829106959],[129.02167646647996,33.008601962412364],[129.02163998081278,33.008615348591654],[129.02160076066295,33.00854666461576],[129.0215688927389,33.008502355868615],[129.02154876046097,33.0084680118639],[129.02153532713695,33.008377784572666],[129.0215588736779,33.00837607143139],[129.0217207054746,33.00833791775311],[129.02172291564116,33.00832349835568],[129.02169949597715,33.008301766010334],[129.02167281822867,33.00828723563814],[129.02162693138663,33.0082609081815],[129.02158749732683,33.00823190034189],[129.0215341370405,33.00820374106178],[129.0214977052136,33.00820720830336],[129.0214881038455,33.00820446569352],[129.02145406982808,33.00816646154771],[129.0214337500662,33.008159168954],[129.02141668985797,33.00815188943628],[129.0214478660462,33.00812315293965],[129.02146077432815,33.00810967620063],[129.02145448965453,33.00808891175085],[129.02144492102516,33.008072643462555],[129.0214237165887,33.0080355901543],[129.02140678334356,33.008004865117066],[129.0214927384716,33.00794297404629],[129.02150031933144,33.00792496804478],[129.0214920322578,33.007872634413566],[129.02142155968352,33.007847114478096],[129.02140457002082,33.00781909493346],[129.02140686322537,33.00778934533366],[129.02137593614904,33.007772093402885],[129.0213545511589,33.00776840394838],[129.0213406738026,33.00776023511882],[129.02136105061822,33.00774949226105],[129.02137930719783,33.00774415157038],[129.02140299937642,33.00771538686436],[129.02136782006437,33.00768819672968],[129.0213014744724,33.00768794167091],[129.02129827495838,33.00768432432399],[129.0213079739281,33.00766903163728],[129.0213219433884,33.0076600677755],[129.02136816671154,33.007624175199766],[129.02139410454674,33.00757467828022],[129.02138879248602,33.00756744391641],[129.02137706886893,33.0075628900666],[129.0213160653774,33.00756445917458],[129.0212380228414,33.007547025512295],[129.0211942051123,33.00753242912885],[129.02104866585316,33.00753457453018],[129.02098761014543,33.00753794690053],[129.02090184078887,33.00756557114273],[129.02093269644325,33.00760356376385],[129.0209913535294,33.00764166333644],[129.02098680876546,33.0076858316055],[129.02099211102595,33.00769486957222],[129.02101555749442,33.00771930731571],[129.02097381251565,33.00771553947038],[129.02096312980748,33.00771189167349],[129.0209375490885,33.007695561739894],[129.02091422819137,33.007655794489004],[129.02088124890903,33.00761599006812],[129.02081481538602,33.007631966475365],[129.02077822245246,33.00766519020161],[129.02079522034884,33.00769140679048],[129.0208315088315,33.00770687642509],[129.0208238049938,33.007747425833266],[129.02078742426437,33.00774908944079],[129.0207380891558,33.007765131063294],[129.02062436774756,33.007820602308904],[129.0202725903255,33.00795451095586],[129.02014924974003,33.00800273021018],[129.0199500627267,33.00802180116427],[129.01981418140133,33.00801586688077],[129.0196604484531,33.00794854368246],[129.01954103473744,33.007858808809424],[129.01936845024443,33.0077138616409],[129.01933449091706,33.00766233085089],[129.01931336595715,33.007610849049755],[129.01929209389604,33.0075864193812],[129.0192430584501,33.007547454624394],[129.0192217422789,33.007531140804865],[129.01917919335563,33.007483182950395],[129.01914399286386,33.00746771758718],[129.0190958279705,33.007468433104314],[129.0190679799186,33.00746922707947],[129.01897070124582,33.00744540583989],[129.01890450736508,33.00741719585148],[129.0188605018601,33.007444980054174],[129.0188604135041,33.007461211225646],[129.01882075239513,33.007466468831396],[129.0187576106436,33.00746892996228],[129.01875232336118,33.007457186797886],[129.0187513009008,33.007445459566874],[129.0187321980157,33.00742194027346],[129.01870652624902,33.00741462709855],[129.01869688151885,33.007420000137806],[129.01870300834773,33.00746962044689],[129.01870278738176,33.007510198649946],[129.01868028803503,33.00751912924535],[129.01865017593812,33.00754426191944],[129.01864270255896,33.007542429954526],[129.01863310997007,33.00753066959062],[129.0186000360794,33.00751611383228],[129.01860090997172,33.0075476786997],[129.01859874776633,33.00755308066072],[129.01859340156193,33.00755215845384],[129.01856664598876,33.00755205500435],[129.0185643370798,33.00758450910195],[129.01855361028683,33.00758897640943],[129.018531099877,33.007592496614336],[129.01851393195824,33.007605055042745],[129.01849133737784,33.00762390434041],[129.01848172699732,33.00762296563837],[129.01845611545548,33.00760483145327],[129.01844336891867,33.007588550093054],[129.01829497353432,33.00752395156315],[129.01823178139875,33.00752821585679],[129.01816958462342,33.007556831514364],[129.01819512970604,33.00757947428523],[129.0182036506969,33.007588524825415],[129.01818969993934,33.00759388116317],[129.01818751377846,33.00760379235872],[129.0181841767693,33.00762542127888],[129.01813714854381,33.00761712380687],[129.01807608285034,33.0076222977876],[129.01803850208697,33.007644696245585],[129.01807905046817,33.00766829865046],[129.01808860988703,33.007686370785535],[129.01787428460082,33.007736941323635],[129.0178238915405,33.00774756737704],[129.01778731331163,33.0077852996166],[129.01783430354138,33.0078008115676],[129.01790690461974,33.007834457250205],[129.01791209343202,33.0078642357542],[129.01788833545305,33.007904722819895],[129.01783042281303,33.00792974764752],[129.01780471653814,33.00792874601103],[129.01775109691494,33.00794837710679],[129.01773609108537,33.007955532930666],[129.01771573724648,33.007954552557344],[129.01771779304744,33.00797620290249],[129.01772839199566,33.00799518062735],[129.01774856626392,33.00802140993234],[129.01774320035986,33.00802409430957],[129.01770357089424,33.00803115475545],[129.0176446148157,33.00804805777256],[129.01757929442942,33.00805141360516],[129.0175651866955,33.00808562559012],[129.017542608319,33.008108984111324],[129.01749988282455,33.008093488577636],[129.01732544183525,33.00809010731577],[129.0172677259294,33.008079062374755],[129.01723454622365,33.00807622857316],[129.01719168286698,33.00808598147795],[129.01717767777458,33.00810125714572],[129.01718185141632,33.00812562087156],[129.01718718286196,33.008129248241715],[129.01726100150557,33.00813133643333],[129.01725341973543,33.00814934382401],[129.0172404135858,33.00818085488259],[129.017243531723,33.00819168816285],[129.0173149160206,33.008256891505425],[129.01737132907746,33.00830760833913],[129.0174053637457,33.00835282809302],[129.0173826400394,33.008395122691304],[129.01731921815573,33.008448982249334],[129.0172976016936,33.008487673876886],[129.01717858631918,33.008524184782004],[129.0171098918735,33.008563595350076],[129.01702190201246,33.00859932433913],[129.0170035185799,33.008635323295614],[129.01699922971585,33.0086398154419],[129.01696596666807,33.008652311218924],[129.01688985773924,33.0086790686382],[129.01673961039674,33.008754232814205],[129.01671174711748,33.00875773191445],[129.01665926366647,33.00876834938186],[129.0165969786274,33.00880507938634],[129.01635372279475,33.00886274892373],[129.01628529061747,33.00884625158432],[129.01623835505873,33.00882082016231],[129.01613920459332,33.008749195906624],[129.01610722091496,33.0087265276973],[129.01608258228666,33.00872913710206],[129.0160664052749,33.00875161814529],[129.01605451518802,33.00877772309509],[129.01600416081268,33.008781134619085],[129.01596921721685,33.00871877735685],[129.01592056664103,33.008609475889806],[129.01587617346277,33.00850920797167],[129.01586353233273,33.00847399064078],[129.01584888397238,33.00840810500594],[129.01581750820347,33.008274523121806],[129.01578980674205,33.008256380264804],[129.0157715991293,33.008252702760764],[129.0157319786353,33.00825795899167],[129.01569778901634,33.0082488084468],[129.01568190852328,33.00821718519296],[129.01564984114952,33.008209844862066],[129.01559531251274,33.008197009573934],[129.01557717573482,33.00818792144654],[129.0155410073107,33.00815080892202],[129.01551888160273,33.008083992615454],[129.0155200427107,33.008070470782386],[129.0155350388532,33.008065118811],[129.01557027578758,33.00808148741909],[129.01559277291452,33.008080673407356],[129.0155142077622,33.00796043364661],[129.01548106138907,33.007959403132155],[129.0154585197923,33.007968332981605],[129.015416724119,33.0079816966789],[129.01537258180736,33.00782822622983],[129.01532933035554,33.00771804344459],[129.01529443983955,33.007638553141206],[129.0152422289677,33.007599574452456],[129.01515760119483,33.007609164055026],[129.01513620662902,33.00760727712158],[129.0151107062267,33.00757651841821],[129.01499289759641,33.00759138956087],[129.01490246822132,33.007492745575796],[129.01486825984603,33.00748720197712],[129.01482860840332,33.007490654177786],[129.01478827050718,33.00743639158516],[129.01474012542226,33.00743349880174],[129.01480215686854,33.00763302857012],[129.01468876645916,33.007619962401854],[129.0146119013691,33.00758629767436],[129.0145648679206,33.00757890037285],[129.0144758328983,33.00761462349794],[129.0144404675374,33.00762169953538],[129.01436689656347,33.007574521151],[129.0143487514416,33.007567236435456],[129.01429203550708,33.00756431004947],[129.01421618171463,33.007536961430695],[129.0141234922951,33.00746175407076],[129.0140361491802,33.00738746904386],[129.01404984137014,33.00723151866032],[129.01405890240886,33.00714227987488],[129.01404736124854,33.00709714698996],[129.01394461509665,33.00690467184828],[129.0139371964395,33.00689292015913],[129.01390540252962,33.00683598491794],[129.01388522262914,33.006803443107515],[129.01380446160326,33.00670303298762],[129.01371181378985,33.00662061097937],[129.0136787588433,33.006595232796194],[129.01359988840215,33.00653901568487],[129.01355937523627,33.00650909955039],[129.0134922266856,33.00645743694824],[129.01344122070677,33.00638960587461],[129.01343292939254,33.00633907530522],[129.01343523234917,33.00631563829301],[129.01346992175456,33.006233714178514],[129.0135198813701,33.00609684220776],[129.0135780194603,33.00603845513417],[129.01360484899507,33.00602503358652],[129.0136970506118,33.005991127064604],[129.013726024191,33.00598312418647],[129.01377961370892,33.00596890556834],[129.01380534073033,33.005958184833204],[129.01385898974968,33.00593314521887],[129.0139147757427,33.005907211836536],[129.013968424699,33.005882172174694],[129.0139899080768,33.00586782813873],[129.01405448213754,33.005802252015464],[129.01407737470439,33.00572929870504],[129.01407966045176,33.00570135337654],[129.01407260880507,33.00562287288233],[129.01402687449746,33.00556949050513],[129.01403450628487,33.005542467578806],[129.01403889214924,33.005528056802994],[129.01398976969185,33.00550532114923],[129.01396637259018,33.00547998073436],[129.01395900926104,33.00545830960156],[129.0139430158361,33.00544742597536],[129.01393016483942,33.005442867024016],[129.01389812344232,33.00543101920749],[129.01387366143172,33.005409281866136],[129.01386203064578,33.00538038011971],[129.01384295224395,33.00534513688397],[129.013831230642,33.005340582331975],[129.01379158014782,33.00534403475898],[129.01377123274818,33.00534936562696],[129.01374121427472,33.005357364435966],[129.0137283802968,33.00535731431578],[129.0136909681382,33.00534905216948],[129.01357212570315,33.00535490036905],[129.0135249241324,33.00537816142825],[129.01351211993625,33.00537270107971],[129.01354878767953,33.00531873891068],[129.01357347007553,33.00530801414101],[129.0135917443582,33.005291854011325],[129.0135589713228,33.005223192660736],[129.0135387658007,33.00519515892139],[129.01353351907943,33.005176201743524],[129.0135156618044,33.00511661567462],[129.0134911978901,33.0050876643028],[129.01345918151307,33.0050713071346],[129.01340694754245,33.005036836358954],[129.01336845857116,33.00502676683358],[129.0133093299009,33.00507523028849],[129.01330498639336,33.005089641755625],[129.0132311336513,33.00508664790317],[129.01317346370615,33.005067485210176],[129.01315746051725,33.00505840506887],[129.01312647712874,33.005051971513126],[129.0131146926199,33.00505102389645],[129.01310193818358,33.00503654612866],[129.0130998912815,33.005021208142885],[129.01309896767665,33.004991446655175],[129.0130894477443,33.00497427582225],[129.01301041181614,33.00494060160688],[129.01299764747387,33.00492792741392],[129.01297846516118,33.00491162031769],[129.01296147223664,33.00489261717121],[129.0129465682257,33.004873622193344],[129.01293698307146,33.004868173826544],[129.01290806716588,33.004873471587274],[129.01289088203652,33.004881519844034],[129.01285749624222,33.004916557983144],[129.01284884886613,33.00493816599346],[129.01282731084788,33.00496242928042],[129.01278872189135,33.00497039432824],[129.01274913322445,33.004970239417496],[129.01259641100012,33.00491102748103],[129.01254413336184,33.004884671656995],[129.01243749260942,33.00481572080823],[129.0123863434684,33.004774039354395],[129.012292666256,33.00468169367933],[129.01225969341283,33.00464188698921],[129.01221081782634,33.00458217977424],[129.01217364510404,33.004530633874076],[129.01211102248308,33.004432096759274],[129.01207314271167,33.00431922867503],[129.01208557738167,33.0041948350091],[129.01208049534915,33.00414611998241],[129.01206046181866,33.00409464175453],[129.0120532029948,33.004054034231565],[129.01204698429515,33.004014332321056],[129.0120131303985,33.003944764228294],[129.01200251826336,33.003928491116895],[129.01197815479733,33.00388150414053],[129.01186313621847,33.00358888424574],[129.0118207826427,33.00350665795181],[129.0117666256,33.003427091073746],[129.0117250999901,33.003391759485794],[129.0116834933972,33.00336364206569],[129.01164512128068,33.003340046104185],[129.0116312455696,33.003331875646175],[129.0116034349986,33.003326356242695],[129.0115830829633,33.00333258827492],[129.0115712950316,33.003332542036205],[129.01157777198867,33.00332535349351],[129.01157903192498,33.00332430333987],[129.0115928030762,33.00331368974163],[129.01159503167278,33.00330377940063],[129.0115757845334,33.00329919513053],[129.01154794341784,33.00329908591956],[129.01153717195473,33.003311667901734],[129.01152744251482,33.00333237001289],[129.01151993043268,33.00333775141775],[129.01148466564823,33.00332679187011],[129.01144079192804,33.00332301248346],[129.01142799315085,33.00331665042031],[129.0114270165852,33.00329680787438],[129.01143781797353,33.00327881516089],[129.01145074827585,33.00326894626161],[129.01146044217293,33.003254556439735],[129.01145306404575,33.003235588660715],[129.01144341806105,33.00323374939634],[129.0114219748171,33.003240879188134],[129.01140691879564,33.00325705158626],[129.01137793289683,33.003274972940254],[129.0113566043097,33.00326136292191],[129.01134709296443,33.003235172838345],[129.0113279630885,33.00321706487194],[129.01128841321602,33.00320248124701],[129.0112562932227,33.0032050603321],[129.0112241333283,33.00321485373003],[129.0112070350704,33.003214786612624],[129.01111304148566,33.003180151042535],[129.0110779021765,33.00314664804174],[129.0110470736304,33.00311226042441],[129.01100248489936,33.00304896250564],[129.01098435343894,33.00303175774324],[129.01093725227904,33.00303698306705],[129.01090824140758,33.00305941298681],[129.01081842286058,33.00304102507368],[129.01077462041027,33.00303183544186],[129.01064116426744,33.00297450061494],[129.01050897378798,33.00287749320742],[129.01047729342355,33.00280071953786],[129.01047221232218,33.002752005150214],[129.0104563896549,33.00271046190997],[129.01042560580478,33.0026679588645],[129.01037356995124,33.00259831906726],[129.01036528441426,33.00254688637243],[129.01038779328604,33.00253615371043],[129.01041671104576,33.002538071024595],[129.01042964384902,33.00252008677945],[129.01042653989765,33.002499334332356],[129.01041052247845,33.002492958967736],[129.01040626920795,33.002491138626425],[129.01040844047407,33.00248393323688],[129.0104288167144,33.00247319218204],[129.0104546511316,33.00245074988211],[129.0104418357268,33.002439878336716],[129.01042901152115,33.002438024851244],[129.01039049656882,33.00244057858036],[129.01038727957695,33.00244011516481],[129.010374469171,33.002436006791335],[129.0103531809083,33.002415182843365],[129.01034357870788,33.00240522545707],[129.0103233173843,33.00239522670655],[129.01027723223234,33.00240586667202],[129.01025906785452,33.002402188025606],[129.01025389694558,33.002369703654395],[129.01024972179582,33.00234624184338],[129.01023583816678,33.002347088795254],[129.01019286685622,33.002376678736226],[129.0101842715741,33.002381153713266],[129.01017892577312,33.00238023060929],[129.0101629333496,33.00236934601251],[129.01011714802945,33.00232588186686],[129.01006465760545,33.00233830077434],[129.0100336672363,33.002325553556204],[129.0100059288215,33.00231462329088],[129.0098991929281,33.002263705385616],[129.00988104180664,33.00225010655598],[129.00984487752334,33.00221299420458],[129.00985157090307,33.00216703017871],[129.00988181691176,33.00211033875413],[129.00987785239724,33.00205621788378],[129.0098545873786,33.002007431382985],[129.00982600727127,33.001952312122384],[129.00981225128803,33.001922500754894],[129.00976886342755,33.0018312519291],[129.00971350395236,33.00178053602855],[129.0096559832351,33.00173522190361],[129.00961876807736,33.001691790753654],[129.00951035987927,33.00155069046737],[129.00946443694247,33.001539688481465],[129.00940103211386,33.00158272291027],[129.00939345931897,33.00159892511042],[129.0093761956995,33.001621400986366],[129.0093719211496,33.00162318832123],[129.00935698145167,33.00161861960804],[129.00931429558375,33.00159680970121],[129.00930473361686,33.0015796395806],[129.00928993846765,33.00154892142549],[129.00925262342773,33.00152352541462],[129.0092227460305,33.001506273604996],[129.00920996768022,33.00149630473252],[129.0091993312952,33.00148453902712],[129.00919724007207,33.001477316861155],[129.00920272601664,33.00145299209032],[129.00921032822782,33.00143137915922],[129.00920499751834,33.00142775091907],[129.00916859305875,33.00142670595531],[129.0091269785209,33.00140760590917],[129.0091238148144,33.00139767326133],[129.00910685842499,33.00137235742562],[129.00909509948272,33.00136690023063],[129.00904487102684,33.00135588112364],[129.00897099641685,33.00135739357995],[129.00893138361695,33.00136174730942],[129.00894111583867,33.001348258252335],[129.0089455293615,33.00132122301033],[129.00894027382182,33.001304069285766],[129.00893709009463,33.001297744343326],[129.00889532099308,33.00130659723396],[129.00886323663983,33.001302863507625],[129.00884305481702,33.001271223627676],[129.00883672352197,33.00125947486431],[129.0088197047432,33.00123776543152],[129.00879732256337,33.001225955580836],[129.00878230978228,33.001226797368645],[129.0087565477716,33.00124382989233],[129.00877757479367,33.001311543305164],[129.0087636244515,33.00131689915407],[129.00874643090117,33.001326750435005],[129.00873344647164,33.001353751870724],[129.0086819112821,33.00138240488892],[129.00864746872065,33.001419240765074],[129.0086217367071,33.00143086307104],[129.00860461266305,33.00142808927107],[129.00855751779082,33.001432413368214],[129.0085092457906,33.00145296207515],[129.00850067624305,33.00145292826533],[129.00849647320098,33.00144209106743],[129.00848900890227,33.001431240451865],[129.0084719260061,33.00142846789681],[129.0084344357108,33.00143463291197],[129.00843344414267,33.00141749489084],[129.00843350433067,33.001406673962705],[129.0084122117176,33.00138675233078],[129.00831358088655,33.00141972701665],[129.0082761056387,33.00142318633949],[129.00823742876358,33.001447381704416],[129.0082204060873,33.00143378818706],[129.0082131047138,33.00140129531649],[129.00820462484188,33.00138503036705],[129.00819398358468,33.001374167191905],[129.0081822956071,33.00135608595641],[129.00818982911096,33.001347098151506],[129.0082176991073,33.00134179786779],[129.0082466499392,33.00133019000217],[129.00829816081017,33.00130604529034],[129.0083078462989,33.00129345873339],[129.008302636041,33.001268189148696],[129.00821725517844,33.00122637107998],[129.00806876194778,33.001182500679136],[129.0080548266386,33.00118515190479],[129.00805685381636,33.00120409598731],[129.0080631953823,33.00122125513862],[129.0080364317061,33.00122295306855],[129.007993701196,33.0012092568937],[129.00797232841123,33.00120376217355],[129.00793496370162,33.001187383118165],[129.00788364361065,33.00117726186719],[129.00782780858998,33.00121220883959],[129.0078296140996,33.00127083002514],[129.00784748250945,33.00132771105008],[129.00791683116583,33.00136585880519],[129.0079199740007,33.00137939753901],[129.00790168441327,33.00139826192038],[129.00788006553702,33.00143695295983],[129.0078522657918,33.001429629211074],[129.00781914074895,33.00142498846985],[129.00780733732884,33.00142764809049],[129.00779655047685,33.001442934309814],[129.00781769229394,33.00148990919006],[129.00780803750013,33.00149708497191],[129.0077780147486,33.001505983896735],[129.0077576641282,33.00151221697952],[129.00768565442314,33.00156152782729],[129.00763090026376,33.00159738161597],[129.00759367613315,33.00155575399614],[129.0075778349216,33.001517817576826],[129.00754182238802,33.00144643748825],[129.00752164634943,33.00142110760941],[129.00745884664468,33.001363147916855],[129.0073988155906,33.001378239394214],[129.00738274327412,33.00138178307863],[129.00736137551564,33.00137538618906],[129.00733257033235,33.00136084442157],[129.00731443711845,33.00135175516185],[129.00727912331178,33.00134981187562],[129.00726626542397,33.00135426979306],[129.00724903519662,33.001370433115056],[129.00727667528577,33.00140661372561],[129.00730116977874,33.001422039441344],[129.007278489828,33.001463431333526],[129.0072729329557,33.00150038052367],[129.00725540168068,33.001570647931764],[129.0072414066077,33.00158411889452],[129.00720917640493,33.00160653526981],[129.00717484879388,33.001622630947104],[129.00715441196425,33.0016441924277],[129.00712436898147,33.001656697803114],[129.00706884016472,33.00163663938521],[129.00701745955251,33.00163733815408],[129.0068782192331,33.00165842994677],[129.00682428897932,33.00173396406384],[129.00686005422742,33.00184231509393],[129.00686280944697,33.00192528752962],[129.0068038754911,33.00193858054374],[129.0067610139649,33.00194832992855],[129.00669028367705,33.001970593728416],[129.00661066373908,33.002042418780114],[129.0065506600693,33.00206021621039],[129.00645218742574,33.00205712096756],[129.0063600273641,33.00208380845026],[129.00629024556312,33.00212320933725],[129.00625164275115,33.00213387805953],[129.00625067391226,33.00212034680111],[129.00621226695918,33.0020958476411],[129.00619622469878,33.00209398043403],[129.00618440667625,33.00209934499642],[129.0061949318769,33.00213094702456],[129.00616899206975,33.00217953916406],[129.0061240034376,33.002188378913694],[129.00598583296605,33.0022049646269],[129.00594299138447,33.0022111071216],[129.0057781880997,33.00221315857747],[129.00572259871976,33.00220392048629],[129.00566486147753,33.00219016397416],[129.00562638547245,33.00218550361983],[129.00560819172733,33.00218723503737],[129.00557274139672,33.00220963820831],[129.0055646841187,33.00231240536161],[129.00550895197284,33.00232120169851],[129.00540381208046,33.00237398860204],[129.00529767398655,33.00240332495575],[129.00520663973145,33.00241558820434],[129.0050952133812,33.00244129614379],[129.00503505555187,33.00247893093983],[129.00500905502764,33.002538343757394],[129.00499722107125,33.002546412196125],[129.0049521967731,33.00256156322183],[129.00493932277962,33.00256872598782],[129.00621660070095,33.000445184900045],[129.0080537372731,32.99703995056853],[129.00931148850765,32.99485177438617],[129.018971994654,32.97653493799512],[129.01900902207333,32.97661173058671],[129.01905368222927,32.97666059714184],[129.01908357265512,32.97667423889113],[129.0191541040557,32.97668443126223],[129.01923117616897,32.97668292493819],[129.0193745671192,32.97667446033727],[129.019508322296,32.976670467231635],[129.01962705329865,32.97667813720969],[129.0197915814646,32.976717547905096],[129.0199653729609,32.97662894392618],[129.02014169034408,32.97647542091645],[129.02026103872723,32.97636135664808],[129.02028686299556,32.9763389120314],[129.02031588650206,32.97631197091988],[129.02031805207423,32.976305667921096],[129.0202969929246,32.97624336351608],[129.02028966409534,32.9762153826003],[129.02032970956463,32.976128966829],[129.02039110766847,32.976050749834734],[129.02051503899915,32.97588530362874],[129.02054234246498,32.97578260719642],[129.02056858707806,32.97568261350853],[129.0206086558133,32.97559168894878],[129.0206356314369,32.97554941095775],[129.02071630882213,32.97546856281042],[129.0208431590398,32.97535813306878],[129.02099604789476,32.975177466093584],[129.02111670522763,32.97502192702714],[129.02119223279445,32.97490408575622],[129.02130260132944,32.974672758355425],[129.02141083799407,32.97444142158396],[129.02150923306553,32.9742524297889],[129.0215784750905,32.974106608730004],[129.02161664559955,32.97397239387303],[129.02162960250578,32.97394899696916],[129.02163607646372,32.97394180950294],[129.02165220659327,32.973926539742436],[129.02167792454856,32.9739158183413],[129.02183958456152,32.97389750264512],[129.02188444001047,32.973910298539984],[129.02203120972231,32.97407227584471],[129.02203635890947,32.97410926864465],[129.02202337836567,32.97413717429679],[129.02200064202867,32.9741839787156],[129.0220248807469,32.974253506239904],[129.022070798567,32.974270814934286],[129.02225910072838,32.974264324730285],[129.02236529511836,32.974216938677294],[129.02246411403314,32.97414247037184],[129.02255104932624,32.97409410936818],[129.02258423652134,32.97408521893332],[129.02265380363008,32.97408007402756],[129.022784235315,32.97409500268797],[129.02288586289194,32.97409629235957],[129.02295657920632,32.9740794301642],[129.02297912594614,32.974067792487126],[129.0230060075383,32.97404264607881],[129.02301462505108,32.974025546462094],[129.02305041822433,32.97393640717459],[129.02312043273005,32.97384830405121],[129.0231697969826,32.97382324352282],[129.02330153873183,32.973796694063],[129.02338185725077,32.97378167083391],[129.02359847492633,32.97368510804495],[129.02374044899958,32.973543170914134],[129.02388698976324,32.97335255797912],[129.02399613589333,32.973144666913],[129.02403824816568,32.97287520215633],[129.02403430684498,32.97261367668619],[129.02402492904102,32.97257035543962],[129.02399642857972,32.97249269447539],[129.0239742105895,32.97245113062811],[129.02394353108332,32.97238247894043],[129.02394152057298,32.97235992726624],[129.02402029863367,32.972234883983184],[129.02407615733338,32.97219090890684],[129.02409972387463,32.97218378646164],[129.02411260937032,32.972181130430315],[129.02415005695207,32.97218037058953],[129.02429006241476,32.9722016447525],[129.02435532676498,32.972203697157795],[129.02443591038607,32.97213907743205],[129.02443602677693,32.972117436510295],[129.0243874544492,32.97199551376293],[129.02436410205323,32.971962960508435],[129.02433223635336,32.97192045730805],[129.02424277474893,32.971848875342594],[129.02415630349543,32.971811575348944],[129.02413174340947,32.97180156145286],[129.02412108436397,32.971794305733404],[129.0241179206703,32.97178437617732],[129.0241179497932,32.97177896484608],[129.02416007926445,32.97170788731417],[129.0241655058413,32.9716934789607],[129.02416455521595,32.97166822505709],[129.02415507001692,32.97164474499312],[129.024041213853,32.971532490648734],[129.0239185819218,32.97145898215752],[129.02383206264838,32.971430696608756],[129.02376353620087,32.97144486416132],[129.023751707513,32.97145293398194],[129.02365240848658,32.971415583585284],[129.02361972275145,32.971331595218935],[129.023582819687,32.971231358066944],[129.02353833650474,32.971141914847536],[129.02345517500032,32.97109560665294],[129.02341348622613,32.971084626217],[129.02341043929232,32.97105305296953],[129.02341386045265,32.97101519309191],[129.02338350492354,32.970894239404736],[129.0233539608436,32.97081657704754],[129.02328639251223,32.97065309945014],[129.02317625791267,32.970439864011894],[129.02310526762548,32.97031424728382],[129.0230707301851,32.97017073627275],[129.02309908412542,32.96987236124852],[129.02310908788237,32.96980747272324],[129.0231010654565,32.969706446059455],[129.02308522816236,32.96966760891812],[129.02306099951832,32.969596278260305],[129.02306169502432,32.96946732950251],[129.02306348252606,32.96933748117416],[129.02303855596327,32.96919400713528],[129.02299638834057,32.96907842096897],[129.02282092983103,32.96888297123071],[129.02278530979765,32.968746668492706],[129.02279965860714,32.968666467806464],[129.02279979485542,32.96864121919049],[129.02277369353746,32.96852208690236],[129.02285461062868,32.968395247545274],[129.0228975318599,32.96837106507429],[129.02301610210665,32.968398570899616],[129.02302362154768,32.96839138456454],[129.02300911350056,32.96830746565529],[129.02303287302036,32.96826427099993],[129.02312115340203,32.96815910339187],[129.0233575227457,32.96796973550986],[129.02348310476754,32.9678980740796],[129.0236595003928,32.96791948584597],[129.0237246803427,32.96792875208216],[129.02379423784424,32.967924508584076],[129.02386068037057,32.96790131808286],[129.02395212787158,32.96780517834137],[129.02396470725415,32.96765733689393],[129.0240682786489,32.967498120043444],[129.02398208832483,32.967409419150066],[129.02411729038718,32.96733599000276],[129.02422458414947,32.96727688176199],[129.0243130912644,32.96732320957998],[129.02433639691154,32.967371992529635],[129.0243448680015,32.96738194503991],[129.02433827996379,32.96741799036017],[129.02438817085297,32.96748851868455],[129.02480655430145,32.96766595480829],[129.02485864347156,32.96773198144712],[129.0248895177191,32.96775644657498],[129.02492914789005,32.96774577611826],[129.02493676888548,32.96771965327847],[129.02493722434585,32.967634890374335],[129.02494047518425,32.96762859030591],[129.02495121618156,32.96762051455012],[129.0249758672901,32.96761339324993],[129.02501119154047,32.967610824099864],[129.02511742914905,32.96774829594052],[129.0252353477518,32.96730597875439],[129.02505373230494,32.966856210198515],[129.02594111128914,32.96636000632076],[129.02772101411682,32.96538472904846],[129.02700680289522,32.96571207178718],[129.02633835881613,32.96609098462373],[129.02620027129845,32.96590830599295],[129.0263200821419,32.96610173657986],[129.0258298342345,32.966359583958834],[129.0254452078389,32.96626975079886],[129.02534740196083,32.96615756166146],[129.02479479460547,32.965873208533914],[129.02471546728546,32.965705178351485],[129.0247276192471,32.96563669262152],[129.02481156347912,32.965140142365925],[129.02483081629114,32.965142016463226],[129.02484062931148,32.96511229742503],[129.02491195839858,32.96506556963338],[129.02535349057496,32.9648211741396],[129.02601870061653,32.96445217128414],[129.02566081161464,32.963967468127166],[129.02576647614853,32.96401656776143],[129.02577813973141,32.96403103668652],[129.02581436107005,32.96406363842863],[129.02621930002172,32.964353738065896],[129.02682111935894,32.964030480785915],[129.02700781290815,32.963930192606874],[129.0269748713667,32.96388588242987],[129.0270614264293,32.963703149386205],[129.02759773779223,32.964431999822494],[129.0269790675598,32.96349994102715],[129.0270157281699,32.963450482769616],[129.02705443326136,32.96340914722141],[129.02713194495388,32.96331565794433],[129.02717724297682,32.963252705844575],[129.0272624061786,32.96312678103341],[129.02734863692305,32.96300446635065],[129.02744869974742,32.96289753561184],[129.02748821189317,32.962908507876776],[129.02752139433008,32.96290773063833],[129.02753637665614,32.96290327843907],[129.02755472162934,32.962871786030966],[129.02755375960788,32.962856450649745],[129.02754969611877,32.96281134710431],[129.02754769521917,32.96278699456236],[129.0275527097289,32.9626463374745],[129.0275683988432,32.962517446287286],[129.02756568746534,32.962422750836474],[129.0275410371316,32.96203128865005],[129.02751672132692,32.96166351222989],[129.02749909349598,32.96147474383522],[129.02750159582098,32.961405315461604],[129.02751570758437,32.961368395445604],[129.02802534112342,32.961277439593154],[129.029726476021,32.96121531294681],[129.03006753591472,32.96044288093272],[129.03015030324917,32.96097072545243],[129.03097773175958,32.961267808161416],[129.03133125396596,32.96157843760572],[129.0312604879269,32.96221301552671],[129.03150743681294,32.96264678929757],[129.03144481049836,32.96315695573379],[129.0321425542423,32.96411003120345],[129.03216686359497,32.96477472668523],[129.03238796973338,32.96544286236361],[129.03216143363073,32.96580001609046],[129.03146536347114,32.96613646992985],[129.03124751429934,32.967076196091625],[129.03146373899182,32.96745124060961],[129.03182190650216,32.96729206844604],[129.03231422587956,32.9670432236132],[129.03297438513522,32.96742984639477],[129.03301086787525,32.96821181457349],[129.03226277618407,32.96848134963931],[129.03257749545432,32.969244521766484],[129.03233098987474,32.969535770043535],[129.03173240829,32.96964714913559],[129.03152375820034,32.969851967062326],[129.03163401005554,32.97024374788312],[129.03204081832504,32.9701893647147],[129.0319774162462,32.97064902509091],[129.03229456752004,32.97096222267176],[129.03197996405183,32.97117836845607],[129.03199537054584,32.971504862700876],[129.03248582219052,32.97222179845959],[129.03278431645498,32.97242130378042],[129.03333101036358,32.97241342919291],[129.03370181596307,32.972087475134146],[129.0349925106225,32.97220230800415],[129.0338638554522,32.97199610189313],[129.03424173949512,32.97134102983171],[129.03484056688103,32.97139105773658],[129.03513648739462,32.97106301760551],[129.03604123040998,32.971324287802204],[129.03663656756967,32.971633997350025],[129.03661260683683,32.97212356569234],[129.0373160205332,32.97263296310207],[129.03744978817926,32.97303293984803],[129.03783313520117,32.97501552694655],[129.03824302926165,32.97539848930871],[129.03825771791767,32.9754508456371],[129.03833511783267,32.9755863959479],[129.03840730589124,32.975695776763736],[129.0385809456464,32.97584070029245],[129.0387996803193,32.97595332590341],[129.03892553608168,32.97602953774746],[129.03898730926468,32.97607665916459],[129.0390383547318,32.976137265700515],[129.03907850514904,32.97623570494397],[129.03908906737553,32.97626189576083],[129.03910074971338,32.976281777727806],[129.03912745362956,32.976289991267095],[129.0391456555153,32.9762855496524],[129.0392239512614,32.976249768211915],[129.03925926035924,32.97624268344229],[129.0392956501813,32.97624462300737],[129.03933092659412,32.97625196549407],[129.039537045161,32.976315849071725],[129.03968027908527,32.97634523533876],[129.03971336367076,32.976356178549494],[129.03982425838984,32.97643233432666],[129.03986052276653,32.97645050319172],[129.03987763831833,32.97645417408146],[129.04002093460778,32.97646371969581],[129.04012676770108,32.97648484828704],[129.04026559522572,32.9765340564918],[129.04046946613605,32.97662047426264],[129.04050686413174,32.97662962950758],[129.04080781349492,32.97657212229336],[129.04092870169524,32.9765752720168],[129.04101206991305,32.976584596129925],[129.04114585749807,32.9765742650058],[129.04131408198043,32.97653160040409],[129.0413932990205,32.976519265990646],[129.04142003595325,32.97652116672753],[129.04143715223745,32.97652483850701],[129.04145851187832,32.97653213092898],[129.0414872860582,32.97655207544332],[129.0415074843947,32.97657379098872],[129.04152673606785,32.97657656685573],[129.04155492461786,32.976508135689116],[129.0415613833901,32.97649553563905],[129.04160542746587,32.97646413573764],[129.0418353985933,32.97647399746481],[129.04193373245704,32.97649059095479],[129.04219612612042,32.97664755780992],[129.0422462089632,32.976684712848424],[129.0423005791634,32.976717376432845],[129.04237107500867,32.9767428840265],[129.0424042438721,32.976745709117615],[129.0424310181845,32.97674039855359],[129.04245565200048,32.976728764954665],[129.04246639715532,32.976719786727394],[129.04248154404075,32.976691886779584],[129.04248716366416,32.97663960702829],[129.04247579811215,32.97655840693952],[129.04247846618833,32.97645471426393],[129.04253014831858,32.97639268139878],[129.04257094145768,32.976367580577126],[129.04261916388614,32.97635242830518],[129.04268128871266,32.9763400321093],[129.04272627923982,32.97632757037728],[129.04275011036148,32.97626904322479],[129.0427641199117,32.97625105932144],[129.0427855774138,32.976239416776046],[129.0428166009034,32.9762368252097],[129.04294703932737,32.97625984679086],[129.04297064147326,32.976245504141275],[129.04297926513993,32.976234714472255],[129.04298142376499,32.97622931093022],[129.04298480061993,32.97619866431456],[129.0429967573874,32.97615722621696],[129.0430139475125,32.97614646900201],[129.04309644301145,32.97612242328081],[129.04317464321804,32.97610467422269],[129.0432164063303,32.97609400688777],[129.04323675448424,32.97609498122061],[129.04324634246106,32.97609952509966],[129.04325588055602,32.9761139890418],[129.0432736314201,32.97620513267012],[129.04328530421952,32.97621870177758],[129.04329707995123,32.976220548484086],[129.0433549745581,32.97619370743009],[129.04338100224112,32.97613067938708],[129.04338750724216,32.976109059053655],[129.0433950210153,32.97610277519993],[129.04341005118476,32.97609742037401],[129.04349464530358,32.97607969449796],[129.04351926942144,32.97607797924764],[129.04354063377463,32.97608437144206],[129.04359169250895,32.97614317253517],[129.04361620106516,32.97616400085612],[129.04362688558004,32.97616674618385],[129.0436912669701,32.9761300100895],[129.0437968964088,32.97597168536315],[129.04392856000482,32.97595954261637],[129.044078198865,32.975987141955024],[129.04410783315402,32.97605127439374],[129.04413548075664,32.9760874457653],[129.0442061159236,32.97607778505455],[129.04422757783982,32.976065237984805],[129.04423509619966,32.97605805035527],[129.04424587357158,32.97604276075847],[129.0442664571665,32.97599774786707],[129.04427612011244,32.9759878645427],[129.0442889830455,32.97598159740793],[129.04429651002212,32.97598072499187],[129.04432108765948,32.975979912054925],[129.04460534375067,32.97604677759913],[129.04463950551443,32.97605952596481],[129.04465659337916,32.97606860589147],[129.0446651286809,32.97607495110478],[129.0446778697044,32.97609213013972],[129.04469802238688,32.97612286260956],[129.04470975175428,32.97613372827015],[129.0447182963505,32.97613826823135],[129.04477397501293,32.9761276483666],[129.04481471236207,32.97611337059567],[129.04482644567625,32.97611521590253],[129.04485095386653,32.97613604673196],[129.04490523210936,32.97619485902443],[129.04493190876565,32.976208482667126],[129.04497574678624,32.97620864244205],[129.04505937007178,32.97617648291932],[129.0451665678812,32.97613539326968],[129.04519975976916,32.97613370889979],[129.04524781949,32.9761501166376],[129.0453021660684,32.976187287634744],[129.04532562091882,32.97620179934906],[129.04538008806668,32.97622364181316],[129.04541538751215,32.976226475513826],[129.04543573957585,32.9762184329983],[129.04548447988537,32.97610228421672],[129.04553119519142,32.975965386559665],[129.04554621712106,32.97595371846223],[129.04557086364463,32.975947495737294],[129.0456489752678,32.975946877376494],[129.04565433837058,32.975944191721666],[129.04568987830513,32.975900135662],[129.04572634732142,32.9758786242344],[129.04578497591328,32.97592031940573],[129.04579884135495,32.97593029009429],[129.04581061314138,32.97593303643872],[129.04581596697804,32.97593215602559],[129.0458277696721,32.97592047508255],[129.04583211177825,32.975913276903235],[129.04583756275613,32.97589345788947],[129.04584545892442,32.97581232816164],[129.04586910735813,32.975788967525716],[129.04592805041617,32.97576934416562],[129.045971945187,32.97576679752477],[129.04604779502438,32.975783306011664],[129.04608728364855,32.975800583803725],[129.04609902638094,32.97580874145942],[129.04614701676607,32.97583867500844],[129.04615345319326,32.975838698405425],[129.0461877808331,32.97581898434113],[129.04625018267427,32.97575248008982],[129.04627051540456,32.97574804518018],[129.04631435470375,32.97575632110559],[129.04670117612946,32.97584609690167],[129.04680154467655,32.975881631800064],[129.0469125619319,32.97593523772113],[129.04708316513572,32.976047675798604],[129.0472058193251,32.97612206515434],[129.0473531435991,32.97617760487914],[129.04749423102243,32.97621058056463],[129.04759047127038,32.976219946938485],[129.04766201812404,32.97603173910206],[129.04767932278725,32.975998434893945],[129.0477298089785,32.97595713867322],[129.04796736924658,32.97574157610134],[129.04804273332536,32.97564896644162],[129.0480771668135,32.97560851178047],[129.04817312644224,32.97546006836088],[129.04825071407112,32.97534943248443],[129.0482659786249,32.975298087205836],[129.04826714365126,32.97527464475714],[129.0482704621009,32.975254819009365],[129.0482748086303,32.97524671975916],[129.04832410650334,32.9752252538713],[129.04834674186904,32.97519557935962],[129.0485151773736,32.97488958947132],[129.04858309040705,32.974585939665815],[129.04857920816664,32.97450296461718],[129.04850842423718,32.974328667981574],[129.04850028007888,32.9742456775286],[129.04850385193757,32.974176254726984],[129.04849562504674,32.97410949556192],[129.04844765240597,32.97407595527621],[129.0483971070418,32.97412897836373],[129.0483586043564,32.9741234277446],[129.04831816785202,32.97408721113],[129.0482438126859,32.97398233880585],[129.04818112656292,32.97389193604317],[129.04810884386816,32.973798793371735],[129.0480727247931,32.97375177105653],[129.04801226798034,32.973650553386776],[129.0478977946749,32.97343912806375],[129.04782343130518,32.97333605911307],[129.04775229591164,32.97323119639679],[129.0476792328582,32.973078535002124],[129.04766260548496,32.97298739602404],[129.04769794071964,32.97277019875737],[129.04770381006819,32.97266832278644],[129.04765574820178,32.97244000323339],[129.04767114585934,32.97236250668652],[129.04769202171937,32.97225166471289],[129.04769555719292,32.97218945688648],[129.0476989591291,32.972153398766835],[129.04770898499277,32.97207227658757],[129.04771801676893,32.971981230552394],[129.04772037361226,32.97193705367556],[129.04772407942005,32.97184147953882],[129.04772632114674,32.97181984627255],[129.04773829435175,32.97178291655667],[129.04773117855567,32.97171165252984],[129.04771008664454,32.97165205900684],[129.0476944910437,32.9715636316755],[129.0476906005839,32.971482459074544],[129.0476920554592,32.971410323449255],[129.04768823538308,32.97131562468295],[129.0476863659927,32.971264215759746],[129.04770285939765,32.971176805661784],[129.04772745050528,32.97096858866535],[129.04771084188425,32.970873843566665],[129.0476951497413,32.970804349339396],[129.04767643331493,32.97069697282007],[129.04775941474335,32.97057643828633],[129.04777773134086,32.97054945179138],[129.04778536828937,32.97052693541924],[129.04778017132787,32.97049715858193],[129.047743980423,32.97045644823228],[129.0476576859525,32.970391208690145],[129.04762994196696,32.97037397393436],[129.04757872725008,32.970345834530036],[129.04735344556124,32.97026385946604],[129.04735347321426,32.97025844811745],[129.04735564061167,32.970251241994326],[129.04736528871283,32.97024406189072],[129.04749341257548,32.97029322330299],[129.04754577885797,32.97030874203643],[129.04762366383534,32.97034329218168],[129.04767486409972,32.9703741366892],[129.04769938516216,32.970392260750266],[129.0477462411816,32.97043120611313],[129.04782196779868,32.97047927463077],[129.0478508577617,32.970476672870674],[129.0478776717146,32.9704632434485],[129.0479023912437,32.97044259246354],[129.0479207212984,32.97041289964814],[129.04796200773117,32.97029041129338],[129.04802706501647,32.97012021177774],[129.04818129295006,32.96987819598048],[129.04820818535268,32.96984943770097],[129.04827368568343,32.96979737108035],[129.04855786663163,32.96966403567699],[129.04894978988568,32.96938139454719],[129.0489928713985,32.96932473890332],[129.04906202047064,32.96919603496983],[129.0490792230934,32.96896975308099],[129.04905597304094,32.968702748571886],[129.0490457819016,32.968603517629774],[129.04903387410226,32.96842312161777],[129.04903421952008,32.968355490467154],[129.04905369135437,32.96810216377545],[129.0490665984847,32.9680868802135],[129.04914486555157,32.96805469807778],[129.0491877804913,32.968030506170095],[129.04921800008148,32.9679801170526],[129.04921495276838,32.96794673898328],[129.04913126909997,32.967787728359816],[129.0491187116328,32.96772636203184],[129.04910281255147,32.96769744918615],[129.0490592530635,32.96764318614541],[129.04888666572234,32.9675045923924],[129.0488495328526,32.96744404110514],[129.0487987652757,32.96732843092919],[129.04877545162174,32.96728686469728],[129.04872358394118,32.96717395680858],[129.04873382735082,32.967058569573595],[129.04870533461423,32.96697550254543],[129.048668266635,32.96690232760644],[129.0486643032981,32.966843698546406],[129.04871739631275,32.966708625387284],[129.0487424137829,32.96662935933604],[129.04878723477486,32.966444659177185],[129.04880270595606,32.9663446181579],[129.04884868848293,32.96571986230438],[129.0488735771765,32.96566584616911],[129.04892099796947,32.96559387600497],[129.0489672990154,32.965536330912514],[129.04901673532024,32.96549502713084],[129.0490715343696,32.96544291971882],[129.04914777305098,32.965389991346434],[129.04932688848018,32.96529685431035],[129.04943395815346,32.96527830221711],[129.04956022687065,32.96527244744092],[129.04967476703303,32.96525572294117],[129.04973384123866,32.965209046500235],[129.04974151473732,32.96517119820293],[129.04983651808342,32.96500291268101],[129.0498657698795,32.96492907141785],[129.04988192606126,32.96490748807478],[129.04993162739765,32.964813884195024],[129.04993060375202,32.96459655401594],[129.0499095309974,32.96453335454317],[129.04987276635794,32.9644006608333],[129.04986603644494,32.96425365049879],[129.04987184000456,32.96416439742774],[129.04987824100587,32.96395791250683],[129.04991074796075,32.963663154622516],[129.04989670461936,32.963057115417016],[129.04977102578098,32.96274285011759],[129.05030915338276,32.962519344670454],[129.04986030618687,32.962647583395864],[129.04958137540842,32.961756534003385],[129.0495816478873,32.96166225900848],[129.04955735308454,32.96059226837431],[129.049830826595,32.960454377370944],[129.04940693594125,32.96030405878247],[129.04927866315785,32.9600736454804],[129.04863895114607,32.96008035547816],[129.0486178021748,32.96003248713442],[129.04862872925068,32.95998743813282],[129.0486632268917,32.9599415715693],[129.04875338357186,32.95987877316348],[129.04902255788465,32.959748085245494],[129.04997798661856,32.95928260842592],[129.050003720735,32.959275488675026],[129.05001011752313,32.95927460905156],[129.05003151973904,32.95927288519256],[129.05010949789047,32.95929571004287],[129.05012761393536,32.959307496460895],[129.05018491418645,32.95940329094937],[129.0502262827732,32.9594683644496],[129.0504783005498,32.95976054455016],[129.0506453119553,32.95994149847631],[129.05080277672818,32.96010979397011],[129.05087833616,32.960189419190925],[129.05096979417064,32.96028984474768],[129.05101405156879,32.96063357796813],[129.0510740254076,32.960828571532105],[129.05111927768058,32.960976627347044],[129.05116791768194,32.961091323737115],[129.0511924147342,32.961113955837334],[129.05123829038908,32.96113125316516],[129.05126996393562,32.96121342851819],[129.0512173092666,32.961263739422634],[129.05121488512492,32.96132144294679],[129.05121239292552,32.9613926727349],[129.05119389550603,32.961447615038644],[129.05113686871462,32.961725157302105],[129.0511534964322,32.96182441131841],[129.05119573874734,32.96193187227201],[129.05122011238618,32.96197884896253],[129.05126246478594,32.96206466876869],[129.0512824509105,32.96212786414829],[129.05125237213852,32.96215120304203],[129.0511688003004,32.96217615525998],[129.05113723638544,32.962286054873196],[129.05115176076953,32.962371774834416],[129.0511844517095,32.962467480303246],[129.05120955401821,32.96257668503155],[129.051231644332,32.96265341446654],[129.0512432863611,32.962681411888646],[129.05132701942173,32.96283050381725],[129.05133736379747,32.962899974318056],[129.05135304294242,32.96297217189802],[129.0514177305552,32.963086930071675],[129.05150383802186,32.963188234132254],[129.0515345555637,32.96325327325115],[129.0515471587209,32.9632975041311],[129.05155850740894,32.96337509763735],[129.05158908644657,32.96346718924509],[129.0516334337353,32.96358006908176],[129.05168095287073,32.963701977940666],[129.05177330934626,32.96384027754128],[129.05187668409505,32.96391549290007],[129.05197910451682,32.963972673827996],[129.05203996927702,32.96399272810122],[129.05233606679656,32.96403436795552],[129.05316513087655,32.96488138783362],[129.05261909043088,32.96560986630887],[129.05155997042408,32.96562230499739],[129.0513523163456,32.96585511828585],[129.0518008048035,32.966434758193834],[129.05166718516224,32.96662906149467],[129.05192044505893,32.967521815281216],[129.05161222364364,32.968392716886065],[129.0515506667434,32.968928146863895],[129.05171207715907,32.969376902444125],[129.05148199762544,32.970230951129956],[129.05158410640476,32.97055775454649],[129.05157807901995,32.97174805933394],[129.05116539661634,32.97275474894821],[129.05172169002944,32.97381631637077],[129.05214122229583,32.974206478476475],[129.0530162246617,32.97465869054757],[129.05333270875167,32.97512332909226],[129.05334638472365,32.9751711696341],[129.05333098979236,32.97524866704045],[129.05327510642266,32.975299867790596],[129.05325894485685,32.97532235405786],[129.0532714653327,32.97538371856066],[129.05327600466646,32.975544249481736],[129.05191678526202,32.97553952861082],[129.05055889886717,32.976968207015624],[129.0513241680904,32.97896317492089],[129.05340410860606,32.97892216231067],[129.05403830647282,32.97890965088314],[129.05405010121595,32.97905726317986],[129.05433777306027,32.97904775106661],[129.0548388819057,32.978880884140374],[129.05482234273967,32.978346431109166],[129.05537577034565,32.97797207092618],[129.05541761439173,32.9779451670012],[129.0565434773911,32.97723677670979],[129.0565917754546,32.977206289108224],[129.05664174526544,32.977275901259794],[129.05679602402355,32.97744688114694],[129.0567190293877,32.97722387340599],[129.05663794145258,32.97717579116706],[129.0567182231944,32.97674232986859],[129.0569787185663,32.97685056298675],[129.05711541098356,32.97669414177449],[129.05771235175666,32.976916286264235],[129.05771342548044,32.97691899524669],[129.05773908958363,32.97691818347262],[129.05830295594404,32.97712758430354],[129.0581466271808,32.977576110664465],[129.05762154705945,32.977315445816224],[129.05766292692178,32.97759874520625],[129.05767451401076,32.977638465703315],[129.05757157238062,32.97789870983567],[129.057663418555,32.97771778147947],[129.05772645281965,32.97773243214554],[129.05761642795125,32.978130620910854],[129.05757944899446,32.978245916618896],[129.05754367063693,32.978338671263366],[129.0575197849135,32.97840982440439],[129.05752483256353,32.97847026163083],[129.05756519954608,32.97852991968892],[129.05783768701195,32.97881584003344],[129.05787284313442,32.97883940823412],[129.05786533455577,32.97884479306446],[129.0584970364798,32.979399803983796],[129.0586079084433,32.97947684491635],[129.05865053389186,32.97951126207694],[129.05870711178522,32.97953851458765],[129.05873592413974,32.9795521426816],[129.05877545873673,32.979569414777],[129.05880324156882,32.97957131652405],[129.0588086135524,32.979566826726405],[129.05881514401185,32.9795479137242],[129.05883484694246,32.97946051139601],[129.0588681184642,32.979434478906875],[129.05889597063867,32.979430971126014],[129.05895902437257,32.9794420149255],[129.059054267077,32.97944325104555],[129.0590873589976,32.979453288028544],[129.05915996826857,32.979484203048976],[129.05934245038108,32.9795831399523],[129.05946085683985,32.97964938549929],[129.05958352849171,32.97972376196546],[129.05970723768357,32.979808061026965],[129.05995231333117,32.98001091646444],[129.06003005862732,32.98008513418623],[129.0603578933302,32.980421740875684],[129.0604030750792,32.98058962782726],[129.06039971443198,32.98061847215095],[129.06038982827448,32.980673444992874],[129.06039383234395,32.98072576075507],[129.0604054922282,32.98075104936688],[129.0604501206709,32.98081162659382],[129.06047880841732,32.980850501782115],[129.0606330701985,32.98102779235157],[129.06089851290653,32.98122892096755],[129.06113833008214,32.98141462868008],[129.06135990595175,32.98161289696997],[129.06141839041445,32.98168614503317],[129.06147038444308,32.98177019187216],[129.06153386166326,32.98191559962096],[129.0615772999599,32.9820059286186],[129.06162078003814,32.98207912364095],[129.0617656252915,32.98221760377028],[129.06184246946023,32.982254848024056],[129.06198779311669,32.98229684114654],[129.06209146994848,32.9823170447657],[129.06215130852829,32.982328078792605],[129.06222080545618,32.9823382425861],[129.0622946867806,32.98233219085678],[129.06237830240758,32.98230182698174],[129.0627751451667,32.9821075430363],[129.06323739979308,32.98187832284264],[129.0633618887466,32.9818057176267],[129.06377090278977,32.98152400459827],[129.06386969376342,32.981458522360185],[129.06404785298972,32.98134191949602],[129.06429890237862,32.981208439592784],[129.06437385475894,32.98119697986864],[129.06450121161322,32.98118660549107],[129.06487913366865,32.981141037400796],[129.06542187762335,32.981081620521636],[129.0656007101059,32.98104887945061],[129.06567679747374,32.98102750424879],[129.06583217054376,32.98098025440793],[129.0659178792192,32.98095710905022],[129.06624466027185,32.98086536966208],[129.06642014147704,32.98085967014598],[129.06651217580207,32.98085908886945],[129.06657578900115,32.9809186020458],[129.06655498547536,32.98107025020294],[129.06641275883635,32.9810616385434],[129.06608997891104,32.981206596503505],[129.06593560006598,32.98127278799595],[129.0659190385211,32.98137733379162],[129.06585388475298,32.98178560427473],[129.06581858992362,32.98200280643717],[129.06553520774017,32.981971153833335],[129.06536503481695,32.98198498694531],[129.06527718712272,32.98200091080234],[129.06510362195934,32.982049899465636],[129.0638724190861,32.982857161251545],[129.06392014479277,32.98294299618001],[129.0636592468219,32.983123331271386],[129.06334783786664,32.983138466703224],[129.06329545585325,32.98312385324113],[129.06279993348426,32.98314826011231],[129.06259659893033,32.98315656065927],[129.06229910673818,32.98317174251152],[129.06219642342037,32.98316145984512],[129.06215029141381,32.983184743512325],[129.06172870407656,32.98319227182828],[129.06171483994743,32.98318140000458],[129.0615774276757,32.98306098261556],[129.0615222346756,32.982964297943],[129.06149678632582,32.98292092549359],[129.06140548729059,32.98277271411044],[129.0613045930142,32.98262086153654],[129.06120359633107,32.98248974991836],[129.06075277137558,32.98214007943579],[129.06055554464183,32.98199600042805],[129.06033168660355,32.98182838315673],[129.06025175946732,32.981764078396004],[129.05990923255982,32.9813552799552],[129.0598156903821,32.981238623505185],[129.05972954678623,32.98113010959211],[129.05966252761132,32.981050518128086],[129.059499346168,32.98094443876362],[129.05939031594363,32.98092511827042],[129.0593047221463,32.98092481640193],[129.05905762722307,32.980917630590916],[129.05892400816285,32.980892812602114],[129.05883002116627,32.98085731325344],[129.05874460712488,32.98082094147243],[129.05870508746344,32.980809078103775],[129.05860126720086,32.98080961400549],[129.05855416180444,32.98081846512371],[129.05821790465833,32.98088130039903],[129.05813225243847,32.980892720213866],[129.05802306897758,32.980895940174655],[129.05788090181912,32.98087559958743],[129.05777830253078,32.98084908649494],[129.0576746411062,32.980826175692364],[129.05756873054514,32.98081858567415],[129.05745955225476,32.98082902018498],[129.05734818452223,32.98085116954596],[129.05717130937657,32.980918174394446],[129.05711117861583,32.98095763924737],[129.05700369925654,32.98105464598769],[129.0568169273611,32.98096110465735],[129.05627599986985,32.98129914663606],[129.05576898442376,32.981483104866065],[129.05571640788648,32.981516284652294],[129.05517326695707,32.98186062563161],[129.0550745469412,32.9819188883034],[129.05505775109083,32.98185119682309],[129.0549729802278,32.98190319778437],[129.0550530802935,32.98193233820689],[129.0546050819388,32.98208133561565],[129.05465485717664,32.98218160879327],[129.05370817198127,32.982775193250745],[129.0529021913544,32.98325475238908],[129.05283137588398,32.98329868425184],[129.0524771798573,32.9835174471039],[129.05244956654118,32.98389518344503],[129.05244185660752,32.98394024367818],[129.0524343433481,32.983946528084196],[129.0523775450887,32.98396255732166],[129.0522469135304,32.983982829774874],[129.05207234666372,32.984012863224315],[129.05178310597688,32.98408126240906],[129.05164379188156,32.984124047592935],[129.0515784540637,32.98414274991111],[129.0514637245969,32.98418381891489],[129.0513703805683,32.9842357863156],[129.051285527443,32.984303113562916],[129.05115116935278,32.9844234674752],[129.05112748825448,32.984453139228734],[129.05107569562213,32.9845368171253],[129.050963054467,32.98480062738754],[129.05070107673825,32.98476722255675],[129.05079294539635,32.98480001628444],[129.05071181892504,32.98497286231015],[129.05060730586527,32.98490305124255],[129.0505942822938,32.98494087835509],[129.0506348992014,32.98495094346308],[129.05070641872163,32.98498276201566],[129.05068755098344,32.98511795783082],[129.04991380395106,32.98619638256567],[129.05005847771375,32.986366433536695],[129.0498991061,32.98656334459924],[129.04985620096852,32.986583931031596],[129.04987433201885,32.98659391540906],[129.0498226430074,32.9866568523844],[129.04911897730696,32.98637116507249],[129.0497547230561,32.98465200024945],[129.0486539545129,32.983770618843515],[129.0483742920487,32.98384535833393],[129.04837548836065,32.983610905359036],[129.0488097747286,32.983212091021116],[129.04875367429264,32.981836706297415],[129.04865627599295,32.98183996345161],[129.0487177926986,32.98320995641651],[129.0480243093037,32.983866637326585],[129.0479290955261,32.98385907795299],[129.047777598008,32.98377466641215],[129.04768694320208,32.98371752627199],[129.04764861692266,32.983684925987916],[129.04763690393997,32.98367045453146],[129.04759869723583,32.983606291992814],[129.04758069110858,32.98357196002066],[129.04756583007455,32.983552067367214],[129.0475615443334,32.98354844403239],[129.04754771003326,32.983540278956696],[129.04754128224354,32.98353845203889],[129.04751986962586,32.98354107797008],[129.04748017954893,32.98356257824178],[129.04743184780364,32.98359847345862],[129.04701961854317,32.983860291511974],[129.04690166619554,32.983910362994116],[129.0468845161072,32.983921121987464],[129.0468672648525,32.98394360337112],[129.04684991291327,32.983994037051055],[129.04683029857347,32.984061598915375],[129.0467860861919,32.98412546314922],[129.04677211837742,32.98413533158713],[129.04671631793676,32.98416849535756],[129.04668081720172,32.98420443686076],[129.04666116661102,32.98428732638144],[129.04665327398692,32.98435943846386],[129.04666281709774,32.98438111554774],[129.0466893857098,32.984416381371645],[129.04669572556818,32.984427224504124],[129.04669888307626,32.98443895982531],[129.04669449066745,32.984464191926925],[129.04657065159364,32.98461884612726],[129.04652236508008,32.984645723569905],[129.04647414785532,32.98465907485846],[129.046416470732,32.98463451667387],[129.04640047227343,32.98462453943396],[129.0463706209765,32.98461000307659],[129.04631382586805,32.98462512622209],[129.0463051191928,32.984652147366326],[129.0463218721208,32.984727054679944],[129.0463238920654,32.984748705008535],[129.04630537437097,32.984814464943],[129.04623249740968,32.984835842601235],[129.04618641158703,32.98484920152457],[129.04615632422218,32.98487253770379],[129.04614877351682,32.98488603665048],[129.04614750712992,32.98492120087548],[129.04615053971838,32.98495728226274],[129.04613007462035,32.984986966929476],[129.04606236289243,32.98504443252749],[129.04604934671954,32.985080455580345],[129.0460490830486,32.985131855003054],[129.04603487378205,32.9851886140672],[129.04594784392845,32.985255929610354],[129.04587704731364,32.98529534926096],[129.0457205014294,32.98535609997046],[129.04560909390696,32.98538455051844],[129.04557804056915,32.985384437527664],[129.0455396389661,32.98536626260549],[129.0454981175936,32.98532102354201],[129.04546836810866,32.9852866496308],[129.04544918317654,32.98527034714736],[129.0453990568944,32.985240406745405],[129.04526126574459,32.98518940623807],[129.04520255698282,32.98516213967155],[129.04518978607197,32.98515037150301],[129.04511504188358,32.98512034022616],[129.0449717774694,32.98510178312196],[129.04495564925122,32.9851170543735],[129.0449480797276,32.98512604438455],[129.04492874259793,32.98514761581457],[129.04490297754586,32.985159245235955],[129.0448345446756,32.98515358605137],[129.0448129506606,32.9851913802446],[129.0448169679234,32.985239189119255],[129.04485290384113,32.985330397009555],[129.04486868425028,32.98538275644725],[129.0448728168596,32.985408020656784],[129.04488634513538,32.985483817953856],[129.0449064258336,32.98552897909252],[129.0449265304466,32.98557774812191],[129.0449316020136,32.98563187215446],[129.04490456533,32.98568768171301],[129.0448776723915,32.985715538025],[129.0448497245646,32.98573707861269],[129.04476954200564,32.98572416151145],[129.04471822164643,32.985714956837946],[129.04466788125143,32.985726496618504],[129.04463072153877,32.98588146327391],[129.04464976191153,32.98591760306628],[129.04466244006906,32.985955524388146],[129.0446054488489,32.986008520048],[129.04456145196048,32.9860300009484],[129.0445399922061,32.98604164599726],[129.04440719327897,32.98606821439116],[129.04435904922934,32.98606713776306],[129.04430100952192,32.98611291494671],[129.04420126153536,32.98616575550486],[129.04416149975805,32.98619266315838],[129.04413003130747,32.98628091948743],[129.04408484521508,32.986330351297035],[129.044032155051,32.98637614898699],[129.0439019501771,32.986523561723885],[129.04387271185206,32.986592891611025],[129.04386608865698,32.986628937788964],[129.04384522746957,32.986735268563976],[129.0438353997377,32.98676859812418],[129.04382010166117,32.98683346951492],[129.04381011697964,32.986897458215054],[129.0438066007237,32.98696327473456],[129.04382859318588,32.98705082593891],[129.04384130427349,32.98707431861764],[129.04385486807888,32.987142903264065],[129.04384181790982,32.987185237609864],[129.04382025999163,32.98721581802671],[129.0437901570763,32.98724186114436],[129.04377082448153,32.98725441436025],[129.04372577177813,32.98727769655385],[129.04368395199802,32.98729828315405],[129.04366869637474,32.987346922989246],[129.04367505321423,32.98736227634985],[129.0436898493626,32.987394794872216],[129.0437111234158,32.9874192192983],[129.04372823134634,32.98742469218424],[129.04381163354626,32.987437621836754],[129.04382979635471,32.98744129547114],[129.04387587466883,32.98742974038829],[129.04390692945736,32.98742173825194],[129.04394429990984,32.9874372048708],[129.04397200137214,32.987463458022944],[129.0440480459521,32.987654909129134],[129.04408524906847,32.98770283956044],[129.0441607520984,32.98779689800418],[129.04419121573596,32.98790341750305],[129.04417040562427,32.98799983062049],[129.04414125910395,32.9880430088773],[129.04410686884054,32.988073543585514],[129.04400396105828,32.98811464882961],[129.0439641982114,32.98814155658981],[129.04393280285294,32.98821538683915],[129.04391758900204,32.98826402629887],[129.04389164135375,32.98831082455487],[129.04382385146343,32.98838271817198],[129.04376367203656,32.9884375052342],[129.04369809207998,32.98849407671866],[129.04366157981988,32.988522799889644],[129.04355630164687,32.9886017703337],[129.04352298980422,32.98862599633103],[129.04344993709736,32.98868885281753],[129.0434037363153,32.988723853495685],[129.04335116996035,32.98874530273742],[129.04327740243662,32.988736015252215],[129.04321001653776,32.98872945625903],[129.04316822392605,32.98874463347065],[129.04309624442774,32.988802082736264],[129.0430854045468,32.98882909602973],[129.04299543825542,32.98905060136408],[129.0429629323991,32.98912893606673],[129.04293044047202,32.98920456617268],[129.04289433837369,32.98935592935124],[129.0428747900101,32.98940996368929],[129.04286395465115,32.989436075425644],[129.04284330068,32.989501829646635],[129.0428343684259,32.989572133413546],[129.04283515730523,32.98962984839623],[129.04283818464611,32.98965871718063],[129.04283880897185,32.98974799389264],[129.04282056720555,32.989961646645234],[129.0428048333764,32.990110380269165],[129.04281611719497,32.990207811021044],[129.04283058567617,32.99030345144644],[129.04283415004085,32.990438729267986],[129.04283609497256,32.99048292255118],[129.0428409739906,32.990574019025665],[129.04284272255197,32.99064797027685],[129.042812324346,32.990730820880486],[129.04278111036692,32.99076948287888],[129.04275411244728,32.99081717741301],[129.04273545000018,32.990901874622196],[129.04273091535364,32.990954160818184],[129.04272323756075,32.990992006377404],[129.04270055893002,32.991028895979326],[129.04264576583768,32.99107648863744],[129.04260385492194,32.99110609428257],[129.04251570536596,32.9911860273922],[129.0425078220742,32.99126355115161],[129.04249583428663,32.991302281884344],[129.04246892941578,32.99133194193324],[129.04242051181478,32.991383164576696],[129.04241810465365,32.99143636009219],[129.04251743950044,32.991472794852065],[129.04251734614627,32.99149082980587],[129.04247322458434,32.99153575630062],[129.04246137722302,32.991555551801646],[129.04244826526175,32.99160149461323],[129.04244707493393,32.99162944418569],[129.04244357635613,32.99168353724307],[129.04243473224875,32.99173670970627],[129.04243880470563,32.99178181287394],[129.04244822160925,32.99181972052802],[129.0424273620082,32.99192515062618],[129.04241495791064,32.99204413819172],[129.0423770161904,32.992138684348504],[129.04232114884442,32.99218356769151],[129.0422813047314,32.9922339201478],[129.04227365021364,32.99225914246963],[129.0422358810744,32.992320322702874],[129.0421501139913,32.99235156980342],[129.04203200717603,32.99242868847371],[129.04199002974858,32.99247903409323],[129.04195554425402,32.99252760190718],[129.04194256314466,32.99255641082597],[129.04195684410976,32.992688120625836],[129.04197773102848,32.992787391375764],[129.04201296692787,32.99280375346097],[129.0420396761392,32.992811966491416],[129.04210382310663,32.99282302319204],[129.04218092846563,32.99280977965681],[129.04222707978403,32.99278469913648],[129.0422624751815,32.992770400975374],[129.04226344944226,32.99278393101674],[129.0422085756417,32.992846853216506],[129.04212472890455,32.992918686716116],[129.0420893013689,32.99293929827759],[129.04204516552352,32.99298692859572],[129.04202893716445,32.99302113651747],[129.04201792354885,32.99308151386231],[129.04202844651522,32.993115819971806],[129.0420615641717,32.99312946799039],[129.0421846624596,32.9931218036284],[129.0422425460895,32.993099471892826],[129.04228873424532,32.99306717803716]],[[129.02466714257807,32.99340795518952],[129.0246710756436,32.993469289768576],[129.02468808290104,32.993493703342224],[129.0247189418658,32.993522676316566],[129.02478856797666,32.9935094153091],[129.024840979609,32.993510516602335],[129.024903297531,32.993464764530714],[129.02494289142075,32.99346311176738],[129.0249814923388,32.99345153606592],[129.02503095982192,32.99340934168057],[129.02507288277775,32.99337072579808],[129.0251028622363,32.99336903636042],[129.02514237306747,32.99338271325162],[129.02522356896114,32.993410075276074],[129.02524481013978,32.99343991413829],[129.0252490390665,32.99344624267297],[129.02525432151285,32.99345888765091],[129.02524996180946,32.993476906255445],[129.0252498649389,32.99349494109163],[129.02525730269954,32.99350308492462],[129.02529686204636,32.99350774434942],[129.02532908951284,32.99348442205119],[129.0253730468019,32.99347196397974],[129.025388024677,32.99346931582534],[129.02541912241622,32.993454104164776],[129.02548677573023,32.99341107727821],[129.02552985851983,32.993358939250605],[129.0255267713606,32.99333457986436],[129.02553880000207,32.99328953762399],[129.02556872134215,32.99329866908674],[129.02563929598492,32.99330344641767],[129.02565543867632,32.99328637416729],[129.0256877772647,32.993242311269434],[129.02569860356482,32.99321890635597],[129.02571169048787,32.993179279015465],[129.02568652556693,32.99307818601701],[129.02571534621623,32.993090019528964],[129.02573031743552,32.99309638781014],[129.02575388397304,32.99309016612024],[129.0257635999353,32.99307126522831],[129.02576804969155,32.993044229342715],[129.02579163073122,32.99303530142891],[129.0258109337885,32.99302906241154],[129.02559481438277,32.992821736932484],[129.02673798950957,32.99295413259858],[129.02686652315214,32.992134018354655],[129.02712018962194,32.990519024291096],[129.02773453797917,32.99049610461775],[129.027790048808,32.99072265496204],[129.02798777108256,32.99076668912629],[129.02801486930593,32.99170372083049],[129.0283300228227,32.99259855859325],[129.02840242355742,32.992668268142],[129.028369913904,32.99254099769612],[129.02836022808845,32.99255448746669],[129.02811129719245,32.991680640258195],[129.02815867555316,32.991018926929875],[129.0282487034362,32.9909967235645],[129.02809918008379,32.99074005800037],[129.0280792185132,32.99067415401716],[129.0279507086054,32.99028681191869],[129.02780901426297,32.989973365353336],[129.02731431441043,32.989437646719416],[129.0270117816123,32.98858614059994],[129.027050728131,32.988908216037615],[129.02724467744275,32.98945361540297],[129.02724458581645,32.98947074928474],[129.0272635311573,32.98953123810815],[129.02769861189975,32.99000721291969],[129.0278106721099,32.990265541291706],[129.02789073043567,32.99030191488123],[129.02769338999283,32.99038232600806],[129.02701020745525,32.99027873897243],[129.02630903360523,32.9887358696679],[129.02551102751912,32.988098897720974],[129.02614423880428,32.987540410084364],[129.02600210276165,32.98750650459991],[129.0254161809848,32.98802278862602],[129.02522656584756,32.98787147370953],[129.02515214170492,32.9877828167453],[129.0245915376124,32.98776354699313],[129.02430381177328,32.98774712019622],[129.0241772592527,32.987799842022056],[129.02442856705656,32.98722818136137],[129.0245604490614,32.98717908850471],[129.0245624400215,32.9872052462871],[129.02456670200826,32.987213378056516],[129.02459866062944,32.987239651193185],[129.02461251747323,32.98724331128544],[129.02477024444892,32.98716816434031],[129.02477459907422,32.98715104725449],[129.02477358089482,32.98713841904866],[129.0247725595817,32.98713390635072],[129.02475451960902,32.98710768740619],[129.0247470254471,32.98710224739689],[129.02473318316223,32.987095882201736],[129.02513334997408,32.98669792664337],[129.02599015719008,32.98614840885935],[129.02614641234413,32.98534102823837],[129.0263868860142,32.985391538418],[129.026444345385,32.98504998948163],[129.02617167752496,32.98501739228319],[129.02621819611394,32.98492378594095],[129.02622783790758,32.98491841224007],[129.0262954509886,32.98488169775748],[129.02688244070563,32.985160764772914],[129.02723256359016,32.985317195096066],[129.0273041841913,32.98532828779498],[129.0276687808138,32.98538106900785],[129.0277458421341,32.98537504898054],[129.02814149863306,32.98541892885266],[129.02860874758855,32.98547931021367],[129.0286708325351,32.98547593707068],[129.0290665139886,32.985515305883624],[129.02917323101153,32.98556801183704],[129.02953138789542,32.9856216654361],[129.02959981960183,32.985627333916334],[129.02960545239225,32.985574151715426],[129.0299946592543,32.98562882264837],[129.03010916433433,32.985623843818836],[129.03046200577643,32.985671162314496],[129.03053791478612,32.985677761626135],[129.03093894784018,32.98571714359179],[129.03100742086235,32.98572281145986],[129.03139322590758,32.985804518606635],[129.03143273314183,32.98582630950345],[129.0315143013917,32.98577431347852],[129.03192811464646,32.98582366108484],[129.0319857927778,32.98584732309123],[129.0322958194451,32.985692481939076],[129.03228419010514,32.98567079697307],[129.03234473532746,32.98554748175747],[129.03245125853172,32.98523407001955],[129.03247971442102,32.985116947936525],[129.03249069996494,32.98506288353487],[129.03251350047722,32.98479785086404],[129.03251157503337,32.98475095202739],[129.03247967062825,32.98451637488137],[129.03247454497705,32.98447397284518],[129.03259304417577,32.98411641932814],[129.0326369079125,32.983511501894995],[129.03263945401372,32.98343305820486],[129.0326671171813,32.983260024923325],[129.0327138328624,32.98312764111122],[129.03282805680533,32.98256627253206],[129.0328372430984,32.98244907811247],[129.03283863934638,32.98239046892831],[129.03295090081616,32.981796627426164],[129.03295312751823,32.98177860055676],[129.0330376311148,32.98137583102434],[129.0330457347252,32.98126584647802],[129.03304602989803,32.98120993942708],[129.03304857375184,32.980925894406724],[129.0331092141572,32.98079175719271],[129.03316898192895,32.98061704020391],[129.03318981200744,32.98051882713011],[129.03326521179693,32.98022513440834],[129.03326123483754,32.9801628989267],[129.0332575477839,32.98005377121421],[129.03295470436777,32.97945386966768],[129.03151777385406,32.97926452237671],[129.0310493063866,32.97923480862809],[129.0306186247866,32.97914120779029],[129.03059516281894,32.979128495760236],[129.02967546581672,32.979050186232485],[129.02920932902498,32.9789835013761],[129.02829272237645,32.97892953990804],[129.02782974754302,32.978873683119446],[129.02704509052182,32.978959084616434],[129.02686370853672,32.97886551473154],[129.02696825217387,32.97851783391453],[129.02699702581356,32.97834209992715],[129.02701370095457,32.97822493440077],[129.02700232097294,32.97814914158608],[129.02695247989882,32.978067794274395],[129.02675694547764,32.9778235777161],[129.02669475860156,32.977643892556955],[129.0266917489035,32.97760510558633],[129.0266854213941,32.977389561908865],[129.0266845365818,32.97735979949281],[129.02669657856643,32.977303937062324],[129.0267580642541,32.97720858286816],[129.0267614166765,32.977183345320675],[129.0267520605243,32.97713551833244],[129.0267564969904,32.97710307092875],[129.0267856069804,32.97705989697512],[129.02682642350425,32.977031195343194],[129.0269186404853,32.97699547462081],[129.02693964090554,32.976866602706366],[129.02695367310076,32.976845014551294],[129.02701604630113,32.976786636614925],[129.02704412256398,32.97673353733971],[129.0270453821211,32.9767010806329],[129.02704232823825,32.97667040735328],[129.027024390388,32.976625251370685],[129.02690327514009,32.97646969052533],[129.0267477216736,32.97634555944476],[129.02670825201668,32.97632557201561],[129.02658434111905,32.97628632529232],[129.02652878525853,32.976273490742585],[129.02641037411593,32.97620631038204],[129.0263987268854,32.97618823097914],[129.02638714962757,32.97614941037422],[129.02638938303323,32.976130483766404],[129.02641639470988,32.97608098949797],[129.02645625371443,32.976036052779],[129.02648001299457,32.97599285748081],[129.02648026895497,32.97594506529007],[129.026460197727,32.975892686059],[129.02633799244666,32.97573802316588],[129.02620812769246,32.975616692442884],[129.02612927146274,32.97556138752054],[129.02608551723674,32.9755377747136],[129.02599372099843,32.97550315817501],[129.02594454448382,32.975493053871375],[129.0257445714893,32.97547786495777],[129.0256472628985,32.975465771211326],[129.0254569460059,32.975442503586834],[129.02527293288168,32.97544360893237],[129.02521837780267,32.97544700752645],[129.02511235634702,32.97546193410755],[129.0250609288675,32.97547436378483],[129.0248946735639,32.97555398662085],[129.02449299570972,32.97584552850207],[129.02434286437173,32.9759107857493],[129.0241219520904,32.97600462821368],[129.02404366882982,32.976044908823],[129.02397280415812,32.97608882384199],[129.0239394336836,32.97612386592814],[129.0239210792968,32.97615625847752],[129.0239133559727,32.97620131699151],[129.02393030628284,32.97623564841839],[129.024002687091,32.97629814508364],[129.02405807076562,32.97635065939225],[129.02406752178982,32.97638045339776],[129.02406092646302,32.97641018729951],[129.02404689658357,32.97643898910187],[129.0240067788423,32.97653171830043],[129.0239870209809,32.976630836482066],[129.02398763783665,32.976710193566745],[129.02400781588776,32.976742733115024],[129.0240345523806,32.97674463763231],[129.02420060689886,32.97670288922543],[129.02426901608953,32.97671126666817],[129.0243383475676,32.97675030488329],[129.02435643929383,32.97676660651176],[129.02438407315992,32.976803684869765],[129.0243998201303,32.97685965299408],[129.02439750025513,32.9768948118941],[129.0243876857846,32.97692453354109],[129.02424683809255,32.97705835953776],[129.0241532421915,32.97714817859039],[129.02411544300534,32.977213861117086],[129.02394567233864,32.977355692504425],[129.0239272571235,32.977391692622774],[129.02392389159834,32.97742684917109],[129.0239355420309,32.977444026170865],[129.0239536927459,32.977449506857965],[129.02401579096988,32.97744252979367],[129.02418192449088,32.97738635159442],[129.02424824298686,32.977387507113164],[129.0242717307549,32.97740292668706],[129.02431097647488,32.97746439584522],[129.02433426237275,32.97750957259026],[129.02447231553012,32.97770127191013],[129.02448177785217,32.97772926064287],[129.0244845925531,32.97780411839415],[129.02448985940794,32.977819467385615],[129.02450159609498,32.97782852970713],[129.02453157091543,32.97782684140451],[129.02458183568837,32.97782883546133],[129.02459782540734,32.97783971925878],[129.024604128025,32.97785687582076],[129.02460296621044,32.97787851274012],[129.0245812246623,32.97794245570249],[129.02452223905246,32.9783651551869],[129.02452467175146,32.97851125113105],[129.02452119203502,32.97855993196014],[129.02446276739963,32.97868415299113],[129.02444321950782,32.978736380379296],[129.02448947730636,32.97888534685872],[129.02451759515762,32.979027030233375],[129.02451788612296,32.9791749188758],[129.02451956670845,32.97925878872082],[129.02451498882337,32.979317385583194],[129.0245180717381,32.979342647563506],[129.02463892501623,32.97934491060613],[129.02465284600822,32.97934406100585],[129.024667830658,32.97934772700145],[129.02467199588867,32.97936577804268],[129.02466228258288,32.97938467609625],[129.0246191287287,32.97945124368579],[129.02461148496445,32.9794737585258],[129.02460494470085,32.97950078636288],[129.02460480415343,32.9795269359457],[129.02461436790796,32.979535989972696],[129.02464428934164,32.97954422057676],[129.02469457997782,32.979541707011606],[129.02484547428807,32.97953777298384],[129.02490533420857,32.97954340962389],[129.02495974958782,32.979574278490546],[129.0249671626103,32.97958693045646],[129.02498670252598,32.97973850019768],[129.0249748437833,32.979751981426034],[129.02496624244614,32.97975826109688],[129.02490193311178,32.97977965919696],[129.0247709600816,32.97986392480011],[129.0247471693105,32.97991252825747],[129.02474500462247,32.97991883408262],[129.02474598095165,32.97993146154105],[129.02475126255734,32.979944105399674],[129.0247715289221,32.97996041524399],[129.02479070984907,32.9799686049034],[129.02489975553777,32.97999066153765],[129.02490613459815,32.97999339209633],[129.02491252705292,32.980001531385945],[129.02491247376878,32.98001145140817],[129.0249092121592,32.98001955393444],[129.0248941590632,32.98003663079383],[129.0248263837683,32.980104004565526],[129.0248123602722,32.98012378995077],[129.02480367653234,32.980145398199625],[129.02481285164282,32.980234708012894],[129.0248171138346,32.980234724247126],[129.02490957287353,32.980154819094906],[129.024992260136,32.98009651964118],[129.02505109434188,32.9800985461611],[129.0251180560853,32.98018266560659],[129.02515733768587,32.98023782328044],[129.02517124075214,32.980240581362594],[129.0251894779796,32.980229827908104],[129.0252315693748,32.980158750044005],[129.02524666551693,32.98014167495816],[129.02525630619687,32.98013630021195],[129.02529375232365,32.980136442701195],[129.02536101369614,32.980164654014295],[129.02511304022107,32.98170842091618],[129.0249035242179,32.98307018072561],[129.02470517718092,32.98434361013132],[129.0246655801957,32.98433895043548],[129.024649594112,32.98432716566459],[129.02464646619882,32.98431813616399],[129.02463801884758,32.98429556002008],[129.02463270792714,32.98428832582465],[129.02460281882634,32.98427378344324],[129.0245504140209,32.98427268214326],[129.0245118352006,32.984280651111455],[129.0244162545691,32.9843497215949],[129.0243925999994,32.98436496248692],[129.0243797344781,32.98437122473895],[129.02432948958545,32.98436472180538],[129.02430393510824,32.98434478445745],[129.02427103579743,32.98429145559068],[129.02425617103754,32.984273363733955],[129.024246520708,32.98427242483459],[129.02421098183774,32.98431377045396],[129.02420561758527,32.984316455153355],[129.02413714294707,32.98431890017549],[129.0240206048415,32.98430583009807],[129.02395844710406,32.98432272703337],[129.02384386089992,32.98434302883655],[129.02378175652035,32.98435000622123],[129.02361907149984,32.98436110767563],[129.02358266780487,32.98436096862283],[129.02348002300738,32.98435246155093],[129.0233655934776,32.984335791669274],[129.02324794871302,32.98432632444454],[129.02295047568427,32.984336910819565],[129.02284676027162,32.984317576283445],[129.02279441255655,32.98430565326236],[129.0227183334288,32.98432339717602],[129.02264859262738,32.9843592004614],[129.02266120250766,32.98440794441541],[129.02265579926495,32.98441784228857],[129.0225374241239,32.98454363503081],[129.02249446086117,32.98457413100529],[129.02241600510888,32.984636953502445],[129.02241800028654,32.984662209142115],[129.02245324862793,32.984674968988934],[129.02246386041577,32.98469124226065],[129.0224379917576,32.98472180204186],[129.0224058398353,32.98473159908863],[129.02237061378997,32.98472244656377],[129.0223276162927,32.98475925310982],[129.02224913102378,32.98482748571194],[129.0222007398361,32.984872388131514],[129.02216270698784,32.98498045325002],[129.02214545902154,32.98500112855101],[129.02208098921406,32.98505137906757],[129.02205630444703,32.98506390981087],[129.021980226009,32.98508886612495],[129.02195344802487,32.98509417432277],[129.0218965032033,32.98513633866226],[129.02189855186484,32.98515167595331],[129.02190254049714,32.985210305476684],[129.0218926755622,32.9852490436513],[129.02182488058378,32.98531912060405],[129.02181398112916,32.98535605172966],[129.02180278421278,32.98544798703783],[129.02178016892495,32.985479461796764],[129.0217489841521,32.98550368973004],[129.02168986839104,32.985553059593585],[129.02164142284528,32.9856078817949],[129.02158650875245,32.985676203862866],[129.02153054335062,32.98573821111156],[129.02148104932184,32.98578581307592],[129.02143483268156,32.98582260805502],[129.0213735410397,32.98588008489978],[129.02133358016658,32.985950268985626],[129.0213185030817,32.9859637374562],[129.0212093016296,32.98597684448431],[129.0211344093001,32.98597565585795],[129.021078652753,32.98599888660195],[129.02106673036758,32.98602408989476],[129.0210783987848,32.986045776562534],[129.02110721588045,32.986057610543185],[129.02111670033253,32.98608920847787],[129.02110270368115,32.9861035826094],[129.02102619214108,32.986200679456026],[129.02101746354305,32.98623040269879],[129.02102700528758,32.98625118021337],[129.02104087986035,32.98625935010224],[129.02109201909232,32.98629381211885],[129.02109935668673,32.98632810751873],[129.02110244523178,32.98634435145248],[129.02112593487104,32.98635977111198],[129.02115479537179,32.98636348976308],[129.02115900480123,32.986373424489294],[129.02116211562623,32.98639327465513],[129.02118552442724,32.98641590849049],[129.0212026215288,32.986423188650036],[129.0212550477755,32.9864206842677],[129.0213513544402,32.98641925097723],[129.0213876906639,32.98643201584722],[129.0214281792787,32.986457419265236],[129.02146655307664,32.986487324989575],[129.0215070298485,32.98652264964638],[129.02155069841794,32.98655527972634],[129.02160522427363,32.98656630961173],[129.02166935890367,32.98657827897749],[129.0217290554633,32.98662269487225],[129.02177810196073,32.98664993573048],[129.0217735949117,32.98669500645146],[129.02177030835696,32.98670761761527],[129.0217787398861,32.98673289915036],[129.02179042170835,32.986744667840966],[129.02183099559375,32.98676195604161],[129.02184279173585,32.986760197652934],[129.02188570269823,32.98673962183555],[129.0219006216653,32.98674779456636],[129.02191229100958,32.986769481796706],[129.0219239143416,32.98679207039025],[129.02193342708028,32.98681825815287],[129.02193860138425,32.986850741164126],[129.02194586339328,32.98689134714735],[129.02195739200002,32.986939186769085],[129.02196669230966,32.986996934242335],[129.021987472521,32.98711153765365],[129.02199243232005,32.98718369753461],[129.02198909213732,32.987206228747176],[129.02196634118835,32.9872629523301],[129.02195556340314,32.98727734005527],[129.0219222451074,32.98730155883882],[129.02189757364565,32.98731138337298],[129.021866483007,32.98732569263685],[129.021863211063,32.98733560033668],[129.02188239610066,32.987351002858276],[129.0219402166543,32.987340404459275],[129.02194878482877,32.98734043731555],[129.0219519397327,32.98735217109249],[129.02194120094808,32.98735934443912],[129.02192185497512,32.98737369820307],[129.0219228350369,32.987393540808],[129.02195379825105,32.98740267715174],[129.02197841609663,32.98740277154967],[129.02199442675496,32.98741004691644],[129.02199646083318,32.98742808993089],[129.0219973970309,32.98745604788384],[129.02195429555806,32.987511792989416],[129.02190048449128,32.98756929843653],[129.02189497365327,32.98759903529525],[129.0218990069852,32.987641433627],[129.0219063421837,32.98766851457936],[129.0218727351707,32.987754052954905],[129.0218628747538,32.987791889194774],[129.02186604428704,32.98780091895813],[129.02189596338604,32.98781005131397],[129.0219055277419,32.98781910560161],[129.02190523025106,32.98787411164185],[129.02192022111367,32.98787687540569],[129.02198417144143,32.98792310966434],[129.02197443783626,32.987937500291025],[129.02192840130311,32.98794093101386],[129.02185126772122,32.98795957193888],[129.02182235723578,32.98796487139052],[129.02179342235357,32.987974680095334],[129.02172587323784,32.987998768601656],[129.0217001377868,32.98801219627144],[129.02169366147268,32.98801938539767],[129.0216957198972,32.988032919704615],[129.02171281734948,32.98804019927862],[129.02174275668182,32.9880457244873],[129.02179715386706,32.98807298598779],[129.02189665627182,32.98807607336654],[129.0219084288574,32.988078823688674],[129.02197536566845,32.988160238843044],[129.02198173826517,32.988171986057836],[129.02199962224935,32.988227061813795],[129.0220048795432,32.98824421564498],[129.02203215036718,32.98834892422429],[129.0220406120226,32.98836879661276],[129.02208744505876,32.98841135792934],[129.02209697114625,32.98842762713236],[129.02208160758667,32.98850151161239],[129.0220836563302,32.98851684950766],[129.0221123433901,32.98855302991167],[129.0221462119707,32.98862800576895],[129.02214911066005,32.988679417345914],[129.02214584637534,32.98869563641351],[129.02200100230462,32.988768123468915],[129.021976227374,32.98879688601357],[129.02193414154345,32.988858043122086],[129.0219178575159,32.98890126561524],[129.02191339850782,32.98893732058578],[129.0218681451173,32.988996661338085],[129.02183463655362,32.98905604877683],[129.02182271181752,32.989089369381844],[129.02182133176692,32.989143469716446],[129.02182870121294,32.98916423726634],[129.02184241468547,32.98920216502205],[129.02184657131227,32.98922201870624],[129.021846342056,32.98926440067878],[129.02184289232986,32.98931488691194],[129.02185110672826,32.989372630210255],[129.0218816880864,32.98946021838818],[129.021895314494,32.98951437628089],[129.02190049867903,32.989545056790696],[129.02190437602417,32.98961630985579],[129.0219114870257,32.98968487180293],[129.0219197579285,32.98973991014064],[129.021921748141,32.98976606959643],[129.02190738652558,32.98984807393765],[129.02190068363478,32.989904859022076],[129.021902327558,32.989995041365184],[129.0219083016423,32.99008073151432],[129.0219113563033,32.99010328723984],[129.02196770881253,32.99017113540207],[129.02199546779795,32.99018567090672],[129.02204760859615,32.990236368665094],[129.0220550178371,32.99024992348169],[129.02207091200233,32.99027884031865],[129.0221130689685,32.99039803553756],[129.02212136865268,32.99044766417867],[129.0221296933745,32.99049278411327],[129.02214219857925,32.99055324900994],[129.0220422015323,32.990641239092945],[129.02205376349764,32.990682763632876],[129.0220558171599,32.99069719945264],[129.0220534465622,32.99074137683709],[129.02204900345234,32.99077472448972],[129.02204348269746,32.99080626492921],[129.02202519554226,32.99081791812513],[129.02201345462896,32.990816972109634],[129.0219898695817,32.99082680025131],[129.02197902308745,32.99085381146046],[129.0220269106492,32.99090269093858],[129.02201919201687,32.99093873174863],[129.02200837478077,32.99096033162981],[129.02200833576978,32.990967545452165],[129.022008218734,32.99098918746952],[129.0220069732046,32.99102615464279],[129.02201211362197,32.99106495103784],[129.02201628434517,32.991082099596724],[129.0220288925949,32.991123629800796],[129.02202431649036,32.991181324025725],[129.02205521896116,32.99120218290804],[129.02206264992253,32.99121934506828],[129.02205816856053,32.99125179103149],[129.02206552425275,32.991275264784136],[129.0220921676007,32.991295206886114],[129.02211879634118,32.99131785299643],[129.02211760936007,32.991343998611136],[129.02215167606957,32.991374788745674],[129.02219542314188,32.99140110773232],[129.02219636019458,32.99142095015987],[129.02218773864956,32.99143083735048],[129.02217055003118,32.99144790401605],[129.02216300548218,32.991459597863596],[129.02216290798322,32.99147763269411],[129.02224391187272,32.99153204884722],[129.022263224601,32.99152400681546],[129.0222633415735,32.991502365348495],[129.0222784131164,32.99148258428392],[129.0222901653666,32.99148894176194],[129.02231790598321,32.99150708329199],[129.0223422395235,32.99155226456578],[129.0223325035055,32.99157477125772],[129.02233666521136,32.99159372505355],[129.02237304624722,32.991598373283296],[129.02239129659685,32.99158581780888],[129.0224084977705,32.991574160401626],[129.02242033979792,32.991556170574746],[129.02250882436988,32.9916187312882],[129.0225993092661,32.9917056466906],[129.02266408226438,32.99180148170876],[129.02269698402338,32.99184669573325],[129.02275558258563,32.99189381178392],[129.02281532150727,32.99193101244755],[129.02285886172342,32.99198799096266],[129.0228983160212,32.99201970354932],[129.02291851734236,32.99204052012303],[129.0229024181626,32.9920494761245],[129.02288307617982,32.992062928516354],[129.022876501595,32.99209626969903],[129.02288489700967,32.99212064836166],[129.02296041831596,32.99220750609284],[129.02299893264203,32.99221216224335],[129.02302682516483,32.99219423374256],[129.02304605523432,32.99220152182718],[129.02307483079412,32.992221470184575],[129.02310365080433,32.9922333037435],[129.02311541294068,32.992237857532594],[129.0231249493573,32.99225232195073],[129.02312489584108,32.99226224088885],[129.02313226871343,32.99229022398594],[129.0231407469183,32.99229927401415],[129.02318452747454,32.99231928028313],[129.02319948220153,32.99232114055225],[129.02323057661152,32.99231404658449],[129.02324340869671,32.9923140956515],[129.02327436048427,32.992325935671424],[129.0232839617439,32.992335892074465],[129.0232806411313,32.99235481722465],[129.02333405548148,32.992371251913205],[129.02342607179366,32.9923761124593],[129.02346665117665,32.99238528516066],[129.02350175623576,32.99242509699754],[129.0235518313157,32.992464065040146],[129.02356248796337,32.992472220723414],[129.02357527923976,32.99248759963523],[129.02359540305295,32.99252284594936],[129.02359319357038,32.99253726490078],[129.02356205049554,32.99255337747565],[129.02355449014354,32.992567777630626],[129.02357044839877,32.992584971174416],[129.02359506282338,32.9925859678677],[129.02362292554847,32.99258156552485],[129.02364644285146,32.99258435944526],[129.0236591874989,32.99260064026079],[129.02366761524874,32.99262682427609],[129.02367379238532,32.992667427086246],[129.02366583355567,32.99275576797395],[129.02366671620268,32.99279364648675],[129.02364609852734,32.99284226188954],[129.02363082293795,32.992899915851375],[129.0236681189706,32.992928915879396],[129.0237225579908,32.99295707764108],[129.02382734523738,32.992965594490656],[129.02386798551737,32.99297115948416],[129.02390746748208,32.99299024699523],[129.02394157723862,32.99302103730514],[129.02396598972237,32.99305179113234],[129.02398722553133,32.99308253117562],[129.02399891984123,32.993099708935794],[129.02402870497917,32.993134089972564],[129.02407024044578,32.99316761321495],[129.02411717834738,32.9931993534332],[129.02413850648122,32.993212961790135],[129.02419391181954,32.99325555607944],[129.02421092565126,32.993270951039854],[129.0242439482021,32.99330173711853],[129.02441693848607,32.99336732338867],[129.02446519747556,32.99334766917465],[129.0245005854009,32.99333517927683],[129.02453385192933,32.99332087819889],[129.0245553741877,32.99329841626591],[129.02458681992582,32.993218279292726],[129.02458479489692,32.993198432735774],[129.02457329866934,32.99314428438544],[129.02456271945874,32.993121700038635],[129.02457990059037,32.99311364894013],[129.02464097221133,32.9930976496715],[129.02465177936946,32.99307785258883],[129.0246539935468,32.99306253099576],[129.02465404204276,32.99305351357793],[129.02465422632656,32.99301924750023],[129.02467193601194,32.99291290686296],[129.02468384694978,32.99288229275103],[129.02469695368265,32.99283905723113],[129.02470242512166,32.99281653518193],[129.02470899906308,32.9927831950006],[129.0247177180844,32.99275527333735],[129.02473275534675,32.992741804252965],[129.0247348367441,32.99275894585315],[129.02472618010566,32.99277514553172],[129.0247205535112,32.99282652343073],[129.0247073825707,32.99288959644446],[129.02469543468348,32.9929193099784],[129.02468447723226,32.99296706029098],[129.02468542402048,32.99299321516874],[129.02468628405688,32.99302748632871],[129.02468183147406,32.993062637124424],[129.02466013957283,32.9931166600432],[129.02466103970772,32.99314371628272],[129.0246674372636,32.9931509546448],[129.02467914757065,32.99316542723246],[129.0246993592707,32.99318444157942],[129.02472065840337,32.993203459517986],[129.02469663108525,32.993295347579476],[129.02466714257807,32.99340795518952]],[[129.01797697388025,32.985965290720436],[129.01794286889753,32.98593449998768],[129.01792371190822,32.985921800541334],[129.0178958903551,32.98591898779809],[129.0179148137978,32.985982183984696],[129.01793399358567,32.98599848966902],[129.0179371011986,32.986011125957084],[129.01794211667146,32.98607246528673],[129.0179067037285,32.986097577449186],[129.0178832934139,32.986067729041906],[129.0178706533666,32.9860325114067],[129.01786120271507,32.986002716978184],[129.01783880535487,32.98598639883908],[129.01780669181014,32.98598897980077],[129.01777988871135,32.98599879634366],[129.01775478008022,32.986088874954675],[129.01776958231002,32.98612590348849],[129.01778112089826,32.986163821484574],[129.01775720088693,32.98623496690777],[129.01772921574553,32.98627002851138],[129.01772688498298,32.98629887528771],[129.01782300465615,32.98633171121192],[129.0178936727666,32.986325671541074],[129.01791932107923,32.98632847698182],[129.01791283230347,32.98634558439852],[129.0178967041633,32.98635995102988],[129.01784850659334,32.986368782216516],[129.01781641750316,32.98636685338833],[129.0177799306722,32.986382043351696],[129.01775414462367,32.98640448754346],[129.0177603358591,32.98644959935397],[129.01776560699506,32.98646404708811],[129.01776216675407,32.98650461285719],[129.0177534658669,32.98652892620697],[129.017728597418,32.986574819960595],[129.01770890234783,32.98665319676178],[129.0177384411751,32.98673176368666],[129.0177457609115,32.98676155051807],[129.0177635066712,32.98684908943069],[129.0177792463269,32.98690596162522],[129.0178089261431,32.98695116441612],[129.01785051715493,32.98698108323784],[129.01792318098381,32.987000302074534],[129.0180001755548,32.98700691110281],[129.01807190941102,32.98699726927994],[129.01810278489873,32.98702263779745],[129.0181026964166,32.987038869024396],[129.0181068336038,32.98706954397362],[129.0180842196339,32.98709290319944],[129.0180499937628,32.987091869353485],[129.01798787286927,32.98710154832896],[129.01798886122327,32.987119587348445],[129.01802943090323,32.98713777939519],[129.01805827184967,32.987145105960806],[129.01809032190903,32.98715424745389],[129.0181116869859,32.98716064136773],[129.01815009315013,32.9871770224842],[129.01814037131427,32.98719682263637],[129.01810482767274,32.98723816598714],[129.01813145416313,32.987260812904715],[129.0181646450311,32.98726003965003],[129.01817448418007,32.98721859694064],[129.0181820007029,32.987212313560995],[129.01821943016344,32.98721606492187],[129.01825372736516,32.98721168865856],[129.01827624481413,32.98719824926938],[129.01828377606904,32.98718926077052],[129.01831069740763,32.98715780319175],[129.01833415726537,32.987178634752254],[129.01835634060103,32.987226513625714],[129.01837753866536,32.98726356856011],[129.01841999380693,32.98732685576563],[129.018429393883,32.98737378260482],[129.01843126937848,32.98742068147795],[129.01843090094684,32.98748831205166],[129.0184274419381,32.98753248569805],[129.01841421263552,32.98760547637831],[129.01840212645936,32.987660437924674],[129.018392203852,32.98771720925579],[129.0184087095975,32.98782548420922],[129.01842260251,32.98783004667799],[129.01845045841586,32.987826547573235],[129.01852780311143,32.987769134560615],[129.01858255160985,32.98773958692684],[129.01863066639183,32.98774608515277],[129.01864341858575,32.987760563432566],[129.01863248798654,32.987802902953796],[129.01863229647867,32.98783807107258],[129.01861817210585,32.987875890010116],[129.01858233374801,32.98797133849895],[129.01857459684373,32.98801820024615],[129.01854235487093,32.98804422753621],[129.0184875190689,32.98809000472591],[129.01846484783894,32.9881313978889],[129.01845607327496,32.98816923801904],[129.0184656576094,32.98817468648112],[129.01849667235422,32.98818201914771],[129.01850521670033,32.98818656094937],[129.01848908339062,32.98820182976297],[129.018455793273,32.98822063735944],[129.0184407817012,32.98822959696969],[129.0184106165373,32.988265550832644],[129.01842917790782,32.98839547672434],[129.01848139352276,32.98843174882094],[129.01850488564708,32.988439052429385],[129.01856479232097,32.988444694694174],[129.01859695585617,32.98843309613846],[129.01864187233207,32.98843597475684],[129.01863091217592,32.98848372559721],[129.01862220639055,32.988508942245986],[129.01860908021501,32.98856299714816],[129.01863903360425,32.98856581688426],[129.01866025665785,32.98859836251926],[129.01868157301968,32.98861377485387],[129.01873506770508,32.98861488293221],[129.0187511421302,32.98861043619048],[129.01877907985752,32.98858439278662],[129.01878880292685,32.98857180656297],[129.01882856586877,32.98853859427571],[129.01894310542554,32.98852821676082],[129.01896789532717,32.98849675027519],[129.01900127377257,32.98846170966368],[129.01904208149378,32.98842850188673],[129.01907341526302,32.988377222346614],[129.01912494072045,32.988348565789174],[129.019170872658,32.98835685792331],[129.01920722274704,32.98836691836648],[129.01922117104763,32.98836156072172],[129.0192320376808,32.98833094367143],[129.01924080445727,32.98828679212135],[129.01925716324752,32.98823004223593],[129.01926496612262,32.98817867244509],[129.01926323897473,32.98809660639086],[129.01929135185486,32.987846024508706],[129.01928763230106,32.987745915014735],[129.01925924646076,32.98765472855342],[129.0192208477792,32.98762933019808],[129.01907153135906,32.98754038188124],[129.01903212712747,32.9875077661703],[129.01901093853033,32.987468909949065],[129.0190122123311,32.98743464698953],[129.0190231083612,32.987398618624226],[129.01902656942124,32.98734633000135],[129.0190267215183,32.987318375694535],[129.01902806758608,32.98727058881247],[129.0190518145597,32.98723100221059],[129.0190796310042,32.987234717329656],[129.01911276110064,32.98723754919767],[129.01912806930065,32.98718169955669],[129.0191111341071,32.987144662837345],[129.01908251807748,32.98709585663383],[129.01907943716026,32.98707059502428],[129.01905869017685,32.98695058209895],[129.01903215185462,32.986911703041216],[129.019017292007,32.986892708969066],[129.01899715892674,32.98685205208602],[129.01906530574195,32.98671795250014],[129.01907725891186,32.98668733854269],[129.01906257378155,32.98662866757703],[129.0190264758322,32.98657983376228],[129.01901169516907,32.98654641161272],[129.01893182544651,32.98647666913523],[129.01889975100255,32.986472036581326],[129.01884311723074,32.986456486941066],[129.01882069993428,32.98644377670232],[129.01877482113824,32.98641834998065],[129.018723614052,32.9863965099223],[129.0186980809713,32.986364849850816],[129.018668619893,32.986271855226036],[129.0186377444828,32.98624648692686],[129.01860469212644,32.98622201175122],[129.0185366086794,32.986152313424704],[129.01851953706134,32.98614052476165],[129.01849177194788,32.98613500665728],[129.01847666001143,32.98615478816242],[129.01846893734455,32.986198943560694],[129.01846784400115,32.98620795691049],[129.01846015876365,32.98623768400603],[129.01844182484183,32.98626556854708],[129.01841720306777,32.986266375528864],[129.01837665649575,32.986251790454],[129.0183339709547,32.9862308863424],[129.01831368962212,32.98621728162616],[129.01825833998913,32.98616566638985],[129.0181920942405,32.98615008096267],[129.0181397104934,32.9861372536889],[129.0180854372042,32.98608744726048],[129.01807816783983,32.986048643707456],[129.01807603871416,32.986040520542254],[129.01804514881394,32.9860178572009],[129.01797697388025,32.985965290720436]],[[129.01799153791515,32.98231232621731],[129.01799097164556,32.98221673956801],[129.01798457050907,32.98221040240433],[129.01797173925476,32.98221035279388],[129.0179309175318,32.98223905131425],[129.01787612562524,32.982284827214244],[129.0178503200032,32.98230366521162],[129.01779993846105,32.98232240815131],[129.0177442325745,32.98233662003452],[129.01771966043293,32.982328410041134],[129.0177091137565,32.98230041386782],[129.01769532012372,32.98227781655987],[129.01767824068213,32.9822750442203],[129.01763840707596,32.98232178327581],[129.0175930928633,32.98238473099126],[129.01749847185476,32.982476344232325],[129.01738404423523,32.98265895804648],[129.0173665550949,32.98272381701386],[129.0173480690047,32.98277965344],[129.017335085727,32.98280755854755],[129.01730382927332,32.98285252542269],[129.0172919443168,32.98287051456183],[129.0172917424906,32.98290748507828],[129.0173031893385,32.982969751454235],[129.01734182848705,32.98294284831717],[129.0173503962237,32.982942881486515],[129.01735890982252,32.98295283301042],[129.0173649751681,32.98301327326978],[129.01736904302635,32.98305657437994],[129.0173763961601,32.98308004942725],[129.01739867030398,32.98311891112485],[129.01740890236874,32.983005328376905],[129.01741128485594,32.982959347073354],[129.0173966966917,32.982890758884835],[129.01738942296336,32.98285285679158],[129.017390560671,32.98283572702754],[129.01739598901702,32.982821320687094],[129.01742177651658,32.982806088865004],[129.01746561260498,32.982807161177185],[129.01748061229696,32.98280812187049],[129.01753645564705,32.98276865987837],[129.0175493601298,32.98275518345004],[129.01755685105118,32.98275340881252],[129.01756857292523,32.98276517801436],[129.0176058381153,32.98279868625874],[129.01763258612795,32.98279878975311],[129.01764010164084,32.98279250751765],[129.01766847309838,32.982694323816226],[129.01771166824,32.98262145041424],[129.01772877596406,32.98261881033017],[129.01774148925128,32.98264050081558],[129.01774239818215,32.98267296849266],[129.01773479907928,32.98269458040347],[129.01772398676337,32.9827152799973],[129.01770666443667,32.982749479672044],[129.01770637916553,32.98280178151008],[129.01771914656982,32.982813553641535],[129.01772878061155,32.9828171970603],[129.01775340272337,32.982816389666596],[129.0178541152376,32.98278792394031],[129.01787017879923,32.98278527979877],[129.01792791876107,32.98278911198131],[129.01832346590183,32.98265808233995],[129.01837507168452,32.98261409481152],[129.01838366635022,32.98260150428566],[129.0183967303503,32.982566384327704],[129.01840228620105,32.9825285329533],[129.01840565896148,32.9824924756702],[129.01843793816573,32.98245923521005],[129.01850225099082,32.982437842307064],[129.01857962277734,32.982382230360834],[129.01864189968646,32.98233558041528],[129.0186505108838,32.9823274987235],[129.01865376826035,32.982320296246925],[129.01864204694448,32.98230852824923],[129.0186196326089,32.98230303192781],[129.0185050871125,32.98231611595554],[129.01841535552447,32.982285108829544],[129.01839720971827,32.98227872631839],[129.01837796254378,32.982275045814035],[129.0183029604841,32.982294594828105],[129.0182685891249,32.982320612116744],[129.01821477895055,32.9823781174515],[129.0182028415126,32.982406025040845],[129.01820061603192,32.982423150609364],[129.0182117532975,32.9825422257903],[129.01818688626645,32.9825881174655],[129.018039971818,32.98265067264494],[129.01802603976495,32.98265332504871],[129.01801855869223,32.9826532961268],[129.01799721930126,32.98264239242251],[129.0179568391474,32.98258993445585],[129.01792599113173,32.982560056179],[129.01799488595012,32.982480066997354],[129.01805172767965,32.98245684016416],[129.018105370924,32.98242999479118],[129.01811289619977,32.98242190893907],[129.0181161781886,32.982410198883294],[129.01811411616112,32.982397567184165],[129.0180992098975,32.982379474409925],[129.01808962686684,32.98237402593973],[129.01805219457896,32.98237117497626],[129.01802004304912,32.982380970898156],[129.0180039795665,32.982383615059284],[129.01799223802738,32.98237545197226],[129.01799153791515,32.98231232621731]]]},"properties":{"KEY_CODE":"42411019000","PREF":"42","CITY":"411","CITY_NAME":"新上五島町","S_NAME":"続浜ノ浦郷","SETAI":"0"}},{"type":"Feature","geometry":{"type":"Polygon","coordinates":[[[129.0379418735539,32.96258880397924],[129.03709830296643,32.96301365620931],[129.036207921368,32.96372565429768],[129.03542409819957,32.964116549298545],[129.03537945367952,32.96489799070075],[129.03508416213825,32.965752842005486],[129.0328457510861,32.966254849497375],[129.03187651475787,32.96654457490329],[129.03165619805185,32.96673663596062],[129.03182190650216,32.96729206844604],[129.03146373899182,32.96745124060961],[129.03124751429934,32.967076196091625],[129.03146536347114,32.96613646992985],[129.03216143363073,32.96580001609046],[129.03238796973338,32.96544286236361],[129.03216686359497,32.96477472668523],[129.0321425542423,32.96411003120345],[129.03144481049836,32.96315695573379],[129.03150743681294,32.96264678929757],[129.0312604879269,32.96221301552671],[129.03133125396596,32.96157843760572],[129.03097773175958,32.961267808161416],[129.03015030324917,32.96097072545243],[129.03006753591472,32.96044288093272],[129.029726476021,32.96121531294681],[129.02802534112342,32.961277439593154],[129.02751570758437,32.961368395445604],[129.02628544825504,32.96115638332913],[129.02543162786077,32.96069616401266],[129.0248845286265,32.96017088081532],[129.02465530355227,32.959696476994814],[129.02473756127722,32.95900800606649],[129.02485745422032,32.9586243390343],[129.02555241523896,32.95795144453129],[129.02567934053346,32.957720125926826],[129.0255064968927,32.95699426014474],[129.025511084323,32.956139931469366],[129.0258246757109,32.95552187714021],[129.02577310294146,32.95488589137835],[129.02582229275987,32.95450194962196],[129.0260298266517,32.953893430919855],[129.02603814244603,32.95380736348545],[129.02572664943315,32.95329621993934],[129.0254154776408,32.95272547608641],[129.02525927484223,32.951827476149596],[129.02497325366346,32.95154629000648],[129.02510914392016,32.95148780405578],[129.02551951546843,32.951229364686135],[129.0257470192729,32.95121916390072],[129.02760056926283,32.95184021617523],[129.02829412038366,32.95220057092228],[129.02909011508078,32.952633214689556],[129.02927350666704,32.9526929127622],[129.03093889940033,32.953327965313974],[129.0313447539979,32.95351018836496],[129.03158483695412,32.95360328656628],[129.03178813390684,32.95362063873914],[129.03207198319322,32.953717589204466],[129.0328891188721,32.953879229439536],[129.03302935656657,32.95382811806993],[129.03392352856048,32.95348479873376],[129.03436767299993,32.9534587883027],[129.03586256431657,32.95366350612151],[129.03612877618826,32.95378618582436],[129.0362311387821,32.95386586213492],[129.0363906740237,32.954309003107106],[129.0365284730922,32.9547225620121],[129.036849847168,32.95516261787234],[129.03744072687726,32.95551331601179],[129.0369092093949,32.95589010350566],[129.03677369656057,32.95628341906125],[129.0368636454252,32.95640431193861],[129.0371570606536,32.95680725424852],[129.03740089787993,32.95711959437466],[129.03792296799708,32.957551505445025],[129.03805066895487,32.95774085618861],[129.0385585199681,32.95815262544916],[129.03903454267268,32.958282974889656],[129.03839915150093,32.959009983219474],[129.03823973898318,32.959411247006976],[129.03817153886342,32.96014839579649],[129.03815122593545,32.96038943804479],[129.0380824180234,32.96078701732824],[129.03798102233213,32.96103176555843],[129.03785136264335,32.961216138013945],[129.0373611138902,32.96152575590477],[129.0368594261555,32.9617529510864],[129.0379418735539,32.96258880397924]]]},"properties":{"KEY_CODE":"42411019025","PREF":"42","CITY":"411","CITY_NAME":"新上五島町","S_NAME":"続浜ノ浦郷","SETAI":"13"}},{"type":"Feature","geometry":{"type":"Polygon","coordinates":[[[129.02566081161464,32.963967468127166],[129.02601870061653,32.96445217128411],[129.02535349057496,32.9648211741396],[129.02491195839858,32.96506556963338],[129.02474305248012,32.964771141669196],[129.022904344922,32.96398653932446],[129.02144323017842,32.9634300722758],[129.02066683637017,32.96304866578036],[129.0207311897715,32.96249268406955],[129.0210661242114,32.9620475189126],[129.02085552688763,32.961138225050675],[129.0201970541589,32.959920910530606],[129.01978556628845,32.95859033962078],[129.01955738969937,32.95638314744373],[129.01977149309897,32.955511823321665],[129.02020667413643,32.95474518427034],[129.0200605450328,32.95382493154452],[129.0205191020173,32.953630569372066],[129.02149281247512,32.95280404618919],[129.02203755928718,32.9524465629781],[129.02276364323419,32.95207077794643],[129.02415530126368,32.951543177504],[129.02497325366346,32.95154629000648],[129.02525927484223,32.951827476149596],[129.0254154776408,32.95272547608641],[129.02572664943315,32.95329621993934],[129.02603814244603,32.95380736348545],[129.0260298266517,32.953893430919855],[129.02582229275987,32.95450194962196],[129.02577310294146,32.95488589137835],[129.0258246757109,32.95552187714021],[129.025511084323,32.956139931469366],[129.0255064968927,32.95699426014474],[129.02567934053346,32.957720125926826],[129.02555241523896,32.95795144453129],[129.02485745422032,32.9586243390343],[129.02473756127722,32.95900800606649],[129.02465530355227,32.959696476994814],[129.0248845286265,32.96017088081532],[129.02543162786077,32.96069616401266],[129.02628544825504,32.96115638332913],[129.02751570758437,32.961368395445604],[129.02750159582098,32.961405315461604],[129.02749909349598,32.96147474383522],[129.02751672132692,32.96166351222989],[129.0275410371316,32.96203128865005],[129.02756568746534,32.962422750836474],[129.0275683988432,32.962517446287286],[129.0275527097289,32.9626463374745],[129.02754769521917,32.96278699456236],[129.02754969611877,32.96281134710431],[129.02755375960788,32.962856450649745],[129.02755472162934,32.962871786030966],[129.02753637665614,32.96290327843907],[129.02752139433008,32.96290773063833],[129.02748821189317,32.962908507876776],[129.02744869974742,32.96289753561184],[129.02734863692305,32.96300446635065],[129.0272624061786,32.96312678103341],[129.02717724297682,32.963252705844575],[129.02713194495388,32.96331565794433],[129.02705443326136,32.96340914722141],[129.0270157281699,32.963450482769616],[129.0269790675598,32.96349994102715],[129.02759773779223,32.964431999822494],[129.0270614264293,32.963703149386205],[129.0269748713667,32.96388588242987],[129.02700781290815,32.963930192606874],[129.02682111935894,32.964030480785915],[129.02621930002172,32.964353738065896],[129.02581436107005,32.96406363842863],[129.02577813973141,32.96403103668652],[129.02576647614853,32.96401656776143],[129.02566081161464,32.963967468127166]]]},"properties":{"KEY_CODE":"42411019026","PREF":"42","CITY":"411","CITY_NAME":"新上五島町","S_NAME":"続浜ノ浦郷","SETAI":"21"}},{"type":"Feature","geometry":{"type":"Polygon","coordinates":[[[129.01741128485594,32.982959347073354],[129.01740890236874,32.983005328376905],[129.01739867030398,32.98311891112485],[129.0173763961601,32.98308004942725],[129.01736904302635,32.98305657437994],[129.0173649751681,32.98301327326978],[129.01735890982252,32.98295283301042],[129.0173503962237,32.982942881486515],[129.01734182848705,32.98294284831717],[129.0173031893385,32.982969751454235],[129.0172917424906,32.98290748507828],[129.0172919443168,32.98287051456183],[129.01730382927332,32.98285252542269],[129.017335085727,32.98280755854755],[129.0173480690047,32.98277965344],[129.0173665550949,32.98272381701386],[129.01738404423523,32.98265895804648],[129.01749847185476,32.982476344232325],[129.0175930928633,32.98238473099126],[129.01763840707596,32.98232178327581],[129.01767824068213,32.9822750442203],[129.01769532012372,32.98227781655987],[129.0177091137565,32.98230041386782],[129.01771966043293,32.982328410041134],[129.0177442325745,32.98233662003452],[129.01779993846105,32.98232240815131],[129.0178503200032,32.98230366521162],[129.01787612562524,32.982284827214244],[129.0179309175318,32.98223905131425],[129.01797173925476,32.98221035279388],[129.01798457050907,32.98221040240433],[129.01799097164556,32.98221673956801],[129.01799153791515,32.98231232621731],[129.01799223802738,32.98237545197226],[129.0180039795665,32.982383615059284],[129.01802004304912,32.982380970898156],[129.01805219457896,32.98237117497626],[129.01808962686684,32.98237402593973],[129.0180992098975,32.982379474409925],[129.01811411616112,32.982397567184165],[129.0181161781886,32.982410198883294],[129.01811289619977,32.98242190893907],[129.018105370924,32.98242999479118],[129.01805172767965,32.98245684016416],[129.01799488595012,32.982480066997354],[129.01792599113173,32.982560056179],[129.0179568391474,32.98258993445585],[129.01799721930126,32.98264239242251],[129.01801855869223,32.9826532961268],[129.01802603976495,32.98265332504871],[129.018039971818,32.98265067264494],[129.01818688626645,32.9825881174655],[129.0182117532975,32.9825422257903],[129.01820061603192,32.982423150609364],[129.0182028415126,32.982406025040845],[129.01821477895055,32.9823781174515],[129.0182685891249,32.982320612116744],[129.0183029604841,32.982294594828105],[129.01837796254378,32.982275045814035],[129.01839720971827,32.98227872631839],[129.01841535552447,32.982285108829544],[129.0185050871125,32.98231611595554],[129.0186196326089,32.98230303192781],[129.01864204694448,32.98230852824923],[129.01865376826035,32.982320296246925],[129.0186505108838,32.9823274987235],[129.01864189968646,32.98233558041528],[129.01857962277734,32.982382230360834],[129.01850225099082,32.982437842307064],[129.01843793816573,32.98245923521005],[129.01840565896148,32.9824924756702],[129.01840228620105,32.9825285329533],[129.0183967303503,32.982566384327704],[129.01838366635022,32.98260150428566],[129.01837507168452,32.98261409481152],[129.01832346590183,32.98265808233995],[129.01792791876107,32.98278911198131],[129.01787017879923,32.98278527979877],[129.0178541152376,32.98278792394031],[129.01775340272337,32.982816389666596],[129.01772878061155,32.9828171970603],[129.01771914656982,32.982813553641535],[129.01770637916553,32.98280178151008],[129.01770666443667,32.982749479672044],[129.01772398676337,32.9827152799973],[129.01773479907928,32.98269458040347],[129.01774239818215,32.98267296849266],[129.01774148925128,32.98264050081558],[129.01772877596406,32.98261881033017],[129.01771166824,32.98262145041424],[129.01766847309838,32.982694323816226],[129.01764010164084,32.98279250751765],[129.01763258612795,32.98279878975311],[129.0176058381153,32.98279868625874],[129.01756857292523,32.98276517801436],[129.01755685105118,32.98275340881252],[129.0175493601298,32.98275518345004],[129.01753645564705,32.98276865987837],[129.01748061229696,32.98280812187049],[129.01746561260498,32.982807161177185],[129.01742177651658,32.982806088865004],[129.01739598901702,32.982821320687094],[129.017390560671,32.98283572702754],[129.01738942296336,32.98285285679158],[129.0173966966917,32.982890758884835],[129.01741128485594,32.982959347073354]]]},"properties":{"KEY_CODE":"42411019027","PREF":"42","CITY":"411","CITY_NAME":"新上五島町","S_NAME":"続浜ノ浦郷","SETAI":"0"}},{"type":"Feature","geometry":{"type":"Polygon","coordinates":[[[129.01882856586877,32.98853859427571],[129.01878880292685,32.98857180656297],[129.01877907985752,32.98858439278662],[129.0187511421302,32.98861043619048],[129.01873506770508,32.98861488293221],[129.01868157301968,32.98861377485387],[129.01866025665785,32.98859836251926],[129.01863903360425,32.98856581688426],[129.01860908021501,32.98856299714816],[129.01862220639055,32.988508942245986],[129.01863091217592,32.98848372559721],[129.01864187233207,32.98843597475684],[129.01859695585617,32.98843309613846],[129.01856479232097,32.988444694694174],[129.01850488564708,32.988439052429385],[129.01848139352276,32.98843174882094],[129.01842917790782,32.98839547672434],[129.0184106165373,32.988265550832644],[129.0184407817012,32.98822959696969],[129.018455793273,32.98822063735944],[129.01848908339062,32.98820182976297],[129.01850521670033,32.98818656094937],[129.01849667235422,32.98818201914771],[129.0184656576094,32.98817468648112],[129.01845607327496,32.98816923801904],[129.01846484783894,32.9881313978889],[129.0184875190689,32.98809000472591],[129.01854235487093,32.98804422753621],[129.01857459684373,32.98801820024615],[129.01858233374801,32.98797133849895],[129.01861817210585,32.987875890010116],[129.01863229647867,32.98783807107258],[129.01863248798654,32.987802902953796],[129.01864341858575,32.987760563432566],[129.01863066639183,32.98774608515277],[129.01858255160985,32.98773958692684],[129.01852780311143,32.987769134560615],[129.01845045841586,32.987826547573235],[129.01842260251,32.98783004667799],[129.0184087095975,32.98782548420922],[129.018392203852,32.98771720925579],[129.01840212645936,32.987660437924674],[129.01841421263552,32.98760547637831],[129.0184274419381,32.98753248569805],[129.01843090094684,32.98748831205166],[129.01843126937848,32.98742068147795],[129.018429393883,32.98737378260482],[129.01841999380693,32.98732685576563],[129.01837753866536,32.98726356856011],[129.01835634060103,32.987226513625714],[129.01833415726537,32.987178634752254],[129.01831069740763,32.98715780319175],[129.01828377606904,32.98718926077052],[129.01827624481413,32.98719824926938],[129.01825372736516,32.98721168865856],[129.01821943016344,32.98721606492187],[129.0181820007029,32.987212313560995],[129.01817448418007,32.98721859694064],[129.0181646450311,32.98726003965003],[129.01813145416313,32.987260812904715],[129.01810482767274,32.98723816598714],[129.01814037131427,32.98719682263637],[129.01815009315013,32.9871770224842],[129.0181116869859,32.98716064136773],[129.01809032190903,32.98715424745389],[129.01805827184967,32.987145105960806],[129.01802943090323,32.98713777939519],[129.01798886122327,32.987119587348445],[129.01798787286927,32.98710154832896],[129.0180499937628,32.987091869353485],[129.0180842196339,32.98709290319944],[129.0181068336038,32.98706954397362],[129.0181026964166,32.987038869024396],[129.01810278489873,32.98702263779745],[129.01807190941102,32.98699726927994],[129.0180001755548,32.98700691110281],[129.01792318098381,32.987000302074534],[129.01785051715493,32.98698108323784],[129.0178089261431,32.98695116441612],[129.0177792463269,32.98690596162522],[129.0177635066712,32.98684908943069],[129.0177457609115,32.98676155051807],[129.0177384411751,32.98673176368666],[129.01770890234783,32.98665319676178],[129.017728597418,32.986574819960595],[129.0177534658669,32.98652892620697],[129.01776216675407,32.98650461285719],[129.01776560699506,32.98646404708811],[129.0177603358591,32.98644959935397],[129.01775414462367,32.98640448754346],[129.0177799306722,32.986382043351696],[129.01781641750316,32.98636685338833],[129.01784850659334,32.986368782216516],[129.0178967041633,32.98635995102988],[129.01791283230347,32.98634558439852],[129.01791932107923,32.98632847698182],[129.0178936727666,32.986325671541074],[129.01782300465615,32.98633171121192],[129.01772688498298,32.98629887528771],[129.01772921574553,32.98627002851138],[129.01775720088693,32.98623496690777],[129.01778112089826,32.986163821484574],[129.01776958231002,32.98612590348849],[129.01775478008022,32.986088874954675],[129.01777988871135,32.98599879634366],[129.01780669181014,32.98598897980077],[129.01783880535487,32.98598639883908],[129.01786120271507,32.986002716978184],[129.0178706533666,32.9860325114067],[129.0178832934139,32.986067729041906],[129.0179067037285,32.986097577449186],[129.01794211667146,32.98607246528673],[129.0179371011986,32.986011125957084],[129.01793399358567,32.98599848966902],[129.0179148137978,32.985982183984696],[129.0178958903551,32.98591898779809],[129.01792371190822,32.985921800541334],[129.01794286889753,32.98593449998768],[129.01797697388025,32.985965290720436],[129.01804514881394,32.9860178572009],[129.01807603871416,32.986040520542254],[129.01807816783983,32.986048643707456],[129.0180854372042,32.98608744726048],[129.0181397104934,32.9861372536889],[129.0181920942405,32.98615008096267],[129.01825833998913,32.98616566638985],[129.01831368962212,32.98621728162616],[129.0183339709547,32.9862308863424],[129.01837665649575,32.986251790454],[129.01841720306777,32.986266375528864],[129.01844182484183,32.98626556854708],[129.01846015876365,32.98623768400603],[129.01846784400115,32.98620795691049],[129.01846893734455,32.986198943560694],[129.01847666001143,32.98615478816242],[129.01849177194788,32.98613500665728],[129.01851953706134,32.98614052476165],[129.0185366086794,32.986152313424704],[129.01860469212644,32.98622201175122],[129.0186377444828,32.98624648692686],[129.018668619893,32.986271855226036],[129.0186980809713,32.986364849850816],[129.018723614052,32.9863965099223],[129.01877482113824,32.98641834998065],[129.01882069993428,32.98644377670232],[129.01884311723074,32.986456486941066],[129.01889975100255,32.986472036581326],[129.01893182544651,32.98647666913523],[129.01901169516907,32.98654641161272],[129.0190264758322,32.98657983376228],[129.01906257378155,32.98662866757703],[129.01907725891186,32.98668733854269],[129.01906530574195,32.98671795250014],[129.01899715892674,32.98685205208602],[129.019017292007,32.986892708969066],[129.01903215185462,32.986911703041216],[129.01905869017685,32.98695058209895],[129.01907943716026,32.98707059502428],[129.01908251807748,32.98709585663383],[129.0191111341071,32.987144662837345],[129.01912806930065,32.98718169955669],[129.01911276110064,32.98723754919767],[129.0190796310042,32.987234717329656],[129.0190518145597,32.98723100221059],[129.01902806758608,32.98727058881247],[129.0190267215183,32.987318375694535],[129.01902656942124,32.98734633000135],[129.0190231083612,32.987398618624226],[129.0190122123311,32.98743464698953],[129.01901093853033,32.987468909949065],[129.01903212712747,32.9875077661703],[129.01907153135906,32.98754038188124],[129.0192208477792,32.98762933019808],[129.01925924646076,32.98765472855342],[129.01928763230106,32.987745915014735],[129.01929135185486,32.987846024508706],[129.01926323897473,32.98809660639086],[129.01926496612262,32.98817867244509],[129.01925716324752,32.98823004223593],[129.01924080445727,32.98828679212135],[129.0192320376808,32.98833094367143],[129.01922117104763,32.98836156072172],[129.01920722274704,32.98836691836648],[129.019170872658,32.98835685792331],[129.01912494072045,32.988348565789174],[129.01907341526302,32.988377222346614],[129.01904208149378,32.98842850188673],[129.01900127377257,32.98846170966368],[129.01896789532717,32.98849675027519],[129.01894310542554,32.98852821676082],[129.01882856586877,32.98853859427571]]]},"properties":{"KEY_CODE":"42411019027","PREF":"42","CITY":"411","CITY_NAME":"新上五島町","S_NAME":"続浜ノ浦郷","SETAI":"0"}},{"type":"Feature","geometry":{"type":"Polygon","coordinates":[[[129.02478856797666,32.9935094153091],[129.0247189418658,32.993522676316566],[129.02468808290104,32.993493703342224],[129.0246710756436,32.993469289768576],[129.02466714257807,32.99340795518952],[129.02469663108525,32.993295347579476],[129.02472065840337,32.993203459517986],[129.0246993592707,32.99318444157942],[129.02467914757065,32.99316542723246],[129.0246674372636,32.9931509546448],[129.02466103970772,32.99314371628272],[129.02466013957283,32.9931166600432],[129.02468183147406,32.993062637124424],[129.02468628405688,32.99302748632871],[129.02468542402048,32.99299321516874],[129.02468447723226,32.99296706029098],[129.02469543468348,32.9929193099784],[129.0247073825707,32.99288959644446],[129.0247205535112,32.99282652343073],[129.02472618010566,32.99277514553172],[129.0247348367441,32.99275894585315],[129.02473275534675,32.992741804252965],[129.0247177180844,32.99275527333735],[129.02470899906308,32.9927831950006],[129.02470242512166,32.99281653518193],[129.02469695368265,32.99283905723113],[129.02468384694978,32.99288229275103],[129.02467193601194,32.99291290686296],[129.02465422632656,32.99301924750023],[129.02465404204276,32.99305351357793],[129.0246539935468,32.99306253099576],[129.02465177936946,32.99307785258883],[129.02464097221133,32.9930976496715],[129.02457990059037,32.99311364894013],[129.02456271945874,32.993121700038635],[129.02457329866934,32.99314428438544],[129.02458479489692,32.993198432735774],[129.02458681992582,32.993218279292726],[129.0245553741877,32.99329841626591],[129.02453385192933,32.99332087819889],[129.0245005854009,32.99333517927683],[129.02446519747556,32.99334766917465],[129.02441693848607,32.99336732338867],[129.0242439482021,32.99330173711853],[129.02421092565126,32.993270951039854],[129.02419391181954,32.99325555607944],[129.02413850648122,32.993212961790135],[129.02411717834738,32.9931993534332],[129.02407024044578,32.99316761321495],[129.02402870497917,32.993134089972564],[129.02399891984123,32.993099708935794],[129.02398722553133,32.99308253117562],[129.02396598972237,32.99305179113234],[129.02394157723862,32.99302103730514],[129.02390746748208,32.99299024699523],[129.02386798551737,32.99297115948416],[129.02382734523738,32.992965594490656],[129.0237225579908,32.99295707764108],[129.0236681189706,32.992928915879396],[129.02363082293795,32.992899915851375],[129.02364609852734,32.99284226188954],[129.02366671620268,32.99279364648675],[129.02366583355567,32.99275576797395],[129.02367379238532,32.992667427086246],[129.02366761524874,32.99262682427609],[129.0236591874989,32.99260064026079],[129.02364644285146,32.99258435944526],[129.02362292554847,32.99258156552485],[129.02359506282338,32.9925859678677],[129.02357044839877,32.992584971174416],[129.02355449014354,32.992567777630626],[129.02356205049554,32.99255337747565],[129.02359319357038,32.99253726490078],[129.02359540305295,32.99252284594936],[129.02357527923976,32.99248759963523],[129.02356248796337,32.992472220723414],[129.0235518313157,32.992464065040146],[129.02350175623576,32.99242509699754],[129.02346665117665,32.99238528516066],[129.02342607179366,32.9923761124593],[129.02333405548148,32.992371251913205],[129.0232806411313,32.99235481722465],[129.0232839617439,32.992335892074465],[129.02327436048427,32.992325935671424],[129.02324340869671,32.9923140956515],[129.02323057661152,32.99231404658449],[129.02319948220153,32.99232114055225],[129.02318452747454,32.99231928028313],[129.0231407469183,32.99229927401415],[129.02313226871343,32.99229022398594],[129.02312489584108,32.99226224088885],[129.0231249493573,32.99225232195073],[129.02311541294068,32.992237857532594],[129.02310365080433,32.9922333037435],[129.02307483079412,32.992221470184575],[129.02304605523432,32.99220152182718],[129.02302682516483,32.99219423374256],[129.02299893264203,32.99221216224335],[129.02296041831596,32.99220750609284],[129.02288489700967,32.99212064836166],[129.022876501595,32.99209626969903],[129.02288307617982,32.992062928516354],[129.0229024181626,32.9920494761245],[129.02291851734236,32.99204052012303],[129.0228983160212,32.99201970354932],[129.02285886172342,32.99198799096266],[129.02281532150727,32.99193101244755],[129.02275558258563,32.99189381178392],[129.02269698402338,32.99184669573325],[129.02266408226438,32.99180148170876],[129.0225993092661,32.9917056466906],[129.02250882436988,32.9916187312882],[129.02242033979792,32.991556170574746],[129.0224084977705,32.991574160401626],[129.02239129659685,32.99158581780888],[129.02237304624722,32.991598373283296],[129.02233666521136,32.99159372505355],[129.0223325035055,32.99157477125772],[129.0223422395235,32.99155226456578],[129.02231790598321,32.99150708329199],[129.0222901653666,32.99148894176194],[129.0222784131164,32.99148258428392],[129.0222633415735,32.991502365348495],[129.022263224601,32.99152400681546],[129.02224391187272,32.99153204884722],[129.02216290798322,32.99147763269411],[129.02216300548218,32.991459597863596],[129.02217055003118,32.99144790401605],[129.02218773864956,32.99143083735048],[129.02219636019458,32.99142095015987],[129.02219542314188,32.99140110773232],[129.02215167606957,32.991374788745674],[129.02211760936007,32.991343998611136],[129.02211879634118,32.99131785299643],[129.0220921676007,32.991295206886114],[129.02206552425275,32.991275264784136],[129.02205816856053,32.99125179103149],[129.02206264992253,32.99121934506828],[129.02205521896116,32.99120218290804],[129.02202431649036,32.991181324025725],[129.0220288925949,32.991123629800796],[129.02201628434517,32.991082099596724],[129.02201211362197,32.99106495103784],[129.0220069732046,32.99102615464279],[129.022008218734,32.99098918746952],[129.02200833576978,32.990967545452165],[129.02200837478077,32.99096033162981],[129.02201919201687,32.99093873174863],[129.0220269106492,32.99090269093858],[129.02197902308745,32.99085381146046],[129.0219898695817,32.99082680025131],[129.02201345462896,32.990816972109634],[129.02202519554226,32.99081791812513],[129.02204348269746,32.99080626492921],[129.02204900345234,32.99077472448972],[129.0220534465622,32.99074137683709],[129.0220558171599,32.99069719945264],[129.02205376349764,32.990682763632876],[129.0220422015323,32.990641239092945],[129.02214219857925,32.99055324900994],[129.0221296933745,32.99049278411327],[129.02212136865268,32.99044766417867],[129.0221130689685,32.99039803553756],[129.02207091200233,32.99027884031865],[129.0220550178371,32.99024992348169],[129.02204760859615,32.990236368665094],[129.02199546779795,32.99018567090672],[129.02196770881253,32.99017113540207],[129.0219113563033,32.99010328723984],[129.0219083016423,32.99008073151432],[129.021902327558,32.989995041365184],[129.02190068363478,32.989904859022076],[129.02190738652558,32.98984807393765],[129.021921748141,32.98976606959643],[129.0219197579285,32.98973991014064],[129.0219114870257,32.98968487180293],[129.02190437602417,32.98961630985579],[129.02190049867903,32.989545056790696],[129.021895314494,32.98951437628089],[129.0218816880864,32.98946021838818],[129.02185110672826,32.989372630210255],[129.02184289232986,32.98931488691194],[129.021846342056,32.98926440067878],[129.02184657131227,32.98922201870624],[129.02184241468547,32.98920216502205],[129.02182870121294,32.98916423726634],[129.02182133176692,32.989143469716446],[129.02182271181752,32.989089369381844],[129.02183463655362,32.98905604877683],[129.0218681451173,32.988996661338085],[129.02191339850782,32.98893732058578],[129.0219178575159,32.98890126561524],[129.02193414154345,32.988858043122086],[129.021976227374,32.98879688601357],[129.02200100230462,32.988768123468915],[129.02214584637534,32.98869563641351],[129.02214911066005,32.988679417345914],[129.0221462119707,32.98862800576895],[129.0221123433901,32.98855302991167],[129.0220836563302,32.98851684950766],[129.02208160758667,32.98850151161239],[129.02209697114625,32.98842762713236],[129.02208744505876,32.98841135792934],[129.0220406120226,32.98836879661276],[129.02203215036718,32.98834892422429],[129.0220048795432,32.98824421564498],[129.02199962224935,32.988227061813795],[129.02198173826517,32.988171986057836],[129.02197536566845,32.988160238843044],[129.0219084288574,32.988078823688674],[129.02189665627182,32.98807607336654],[129.02179715386706,32.98807298598779],[129.02174275668182,32.9880457244873],[129.02171281734948,32.98804019927862],[129.0216957198972,32.988032919704615],[129.02169366147268,32.98801938539767],[129.0217001377868,32.98801219627144],[129.02172587323784,32.987998768601656],[129.02179342235357,32.987974680095334],[129.02182235723578,32.98796487139052],[129.02185126772122,32.98795957193888],[129.02192840130311,32.98794093101386],[129.02197443783626,32.987937500291025],[129.02198417144143,32.98792310966434],[129.02192022111367,32.98787687540569],[129.02190523025106,32.98787411164185],[129.0219055277419,32.98781910560161],[129.02189596338604,32.98781005131397],[129.02186604428704,32.98780091895813],[129.0218628747538,32.987791889194774],[129.0218727351707,32.987754052954905],[129.0219063421837,32.98766851457936],[129.0218990069852,32.987641433627],[129.02189497365327,32.98759903529525],[129.02190048449128,32.98756929843653],[129.02195429555806,32.987511792989416],[129.0219973970309,32.98745604788384],[129.02199646083318,32.98742808993089],[129.02199442675496,32.98741004691644],[129.02197841609663,32.98740277154967],[129.02195379825105,32.98740267715174],[129.0219228350369,32.987393540808],[129.02192185497512,32.98737369820307],[129.02194120094808,32.98735934443912],[129.0219519397327,32.98735217109249],[129.02194878482877,32.98734043731555],[129.0219402166543,32.987340404459275],[129.02188239610066,32.987351002858276],[129.021863211063,32.98733560033668],[129.021866483007,32.98732569263685],[129.02189757364565,32.98731138337298],[129.0219222451074,32.98730155883882],[129.02195556340314,32.98727734005527],[129.02196634118835,32.9872629523301],[129.02198909213732,32.987206228747176],[129.02199243232005,32.98718369753461],[129.021987472521,32.98711153765365],[129.02196669230966,32.986996934242335],[129.02195739200002,32.986939186769085],[129.02194586339328,32.98689134714735],[129.02193860138425,32.986850741164126],[129.02193342708028,32.98681825815287],[129.0219239143416,32.98679207039025],[129.02191229100958,32.986769481796706],[129.0219006216653,32.98674779456636],[129.02188570269823,32.98673962183555],[129.02184279173585,32.986760197652934],[129.02183099559375,32.98676195604161],[129.02179042170835,32.986744667840966],[129.0217787398861,32.98673289915036],[129.02177030835696,32.98670761761527],[129.0217735949117,32.98669500645146],[129.02177810196073,32.98664993573048],[129.0217290554633,32.98662269487225],[129.02166935890367,32.98657827897749],[129.02160522427363,32.98656630961173],[129.02155069841794,32.98655527972634],[129.0215070298485,32.98652264964638],[129.02146655307664,32.986487324989575],[129.0214281792787,32.986457419265236],[129.0213876906639,32.98643201584722],[129.0213513544402,32.98641925097723],[129.0212550477755,32.9864206842677],[129.0212026215288,32.986423188650036],[129.02118552442724,32.98641590849049],[129.02116211562623,32.98639327465513],[129.02115900480123,32.986373424489294],[129.02115479537179,32.98636348976308],[129.02112593487104,32.98635977111198],[129.02110244523178,32.98634435145248],[129.02109935668673,32.98632810751873],[129.02109201909232,32.98629381211885],[129.02104087986035,32.98625935010224],[129.02102700528758,32.98625118021337],[129.02101746354305,32.98623040269879],[129.02102619214108,32.986200679456026],[129.02110270368115,32.9861035826094],[129.02111670033253,32.98608920847787],[129.02110721588045,32.986057610543185],[129.0210783987848,32.986045776562534],[129.02106673036758,32.98602408989476],[129.021078652753,32.98599888660195],[129.0211344093001,32.98597565585795],[129.0212093016296,32.98597684448431],[129.0213185030817,32.9859637374562],[129.02133358016658,32.985950268985626],[129.0213735410397,32.98588008489978],[129.02143483268156,32.98582260805502],[129.02148104932184,32.98578581307592],[129.02153054335062,32.98573821111156],[129.02158650875245,32.985676203862866],[129.02164142284528,32.9856078817949],[129.02168986839104,32.985553059593585],[129.0217489841521,32.98550368973004],[129.02178016892495,32.985479461796764],[129.02180278421278,32.98544798703783],[129.02181398112916,32.98535605172966],[129.02182488058378,32.98531912060405],[129.0218926755622,32.9852490436513],[129.02190254049714,32.985210305476684],[129.02189855186484,32.98515167595331],[129.0218965032033,32.98513633866226],[129.02195344802487,32.98509417432277],[129.021980226009,32.98508886612495],[129.02205630444703,32.98506390981087],[129.02208098921406,32.98505137906757],[129.02214545902154,32.98500112855101],[129.02216270698784,32.98498045325002],[129.0222007398361,32.984872388131514],[129.02224913102378,32.98482748571194],[129.0223276162927,32.98475925310982],[129.02237061378997,32.98472244656377],[129.0224058398353,32.98473159908863],[129.0224379917576,32.98472180204186],[129.02246386041577,32.98469124226065],[129.02245324862793,32.984674968988934],[129.02241800028654,32.984662209142115],[129.02241600510888,32.984636953502445],[129.02249446086117,32.98457413100529],[129.0225374241239,32.98454363503081],[129.02265579926495,32.98441784228857],[129.02266120250766,32.98440794441541],[129.02264859262738,32.9843592004614],[129.0227183334288,32.98432339717602],[129.02279441255655,32.98430565326236],[129.02284676027162,32.984317576283445],[129.02295047568427,32.984336910819565],[129.02324794871302,32.98432632444454],[129.0233655934776,32.984335791669274],[129.02348002300738,32.98435246155093],[129.02358266780487,32.98436096862283],[129.02361907149984,32.98436110767563],[129.02378175652035,32.98435000622123],[129.02384386089992,32.98434302883655],[129.02395844710406,32.98432272703337],[129.0240206048415,32.98430583009807],[129.02413714294707,32.98431890017549],[129.02420561758527,32.984316455153355],[129.02421098183774,32.98431377045396],[129.024246520708,32.98427242483459],[129.02425617103754,32.984273363733955],[129.02427103579743,32.98429145559068],[129.02430393510824,32.98434478445745],[129.02432948958545,32.98436472180538],[129.0243797344781,32.98437122473895],[129.0243925999994,32.98436496248692],[129.0244162545691,32.9843497215949],[129.0245118352006,32.984280651111455],[129.0245504140209,32.98427268214326],[129.02460281882634,32.98427378344324],[129.02463270792714,32.98428832582465],[129.02463801884758,32.98429556002008],[129.02464646619882,32.98431813616399],[129.024649594112,32.98432716566459],[129.0246655801957,32.98433895043548],[129.02470517718092,32.98434361013132],[129.0249035242179,32.98307018072561],[129.02511304022107,32.98170842091618],[129.02536101369614,32.980164654014295],[129.02529375232365,32.980136442701195],[129.02525630619687,32.98013630021195],[129.02524666551693,32.98014167495816],[129.0252315693748,32.980158750044005],[129.0251894779796,32.980229827908104],[129.02517124075214,32.980240581362594],[129.02515733768587,32.98023782328044],[129.0251180560853,32.98018266560659],[129.02505109434188,32.9800985461611],[129.024992260136,32.98009651964118],[129.02490957287353,32.980154819094906],[129.0248171138346,32.980234724247126],[129.02481285164282,32.980234708012894],[129.02480367653234,32.980145398199625],[129.0248123602722,32.98012378995077],[129.0248263837683,32.980104004565526],[129.0248941590632,32.98003663079383],[129.0249092121592,32.98001955393444],[129.02491247376878,32.98001145140817],[129.02491252705292,32.980001531385945],[129.02490613459815,32.97999339209633],[129.02489975553777,32.97999066153765],[129.02479070984907,32.9799686049034],[129.0247715289221,32.97996041524399],[129.02475126255734,32.979944105399674],[129.02474598095165,32.97993146154105],[129.02474500462247,32.97991883408262],[129.0247471693105,32.97991252825747],[129.0247709600816,32.97986392480011],[129.02490193311178,32.97977965919696],[129.02496624244614,32.97975826109688],[129.0249748437833,32.979751981426034],[129.02498670252598,32.97973850019768],[129.0249671626103,32.97958693045646],[129.02495974958782,32.979574278490546],[129.02490533420857,32.97954340962389],[129.02484547428807,32.97953777298384],[129.02469457997782,32.979541707011606],[129.02464428934164,32.97954422057676],[129.02461436790796,32.979535989972696],[129.02460480415343,32.9795269359457],[129.02460494470085,32.97950078636288],[129.02461148496445,32.9794737585258],[129.0246191287287,32.97945124368579],[129.02466228258288,32.97938467609625],[129.02467199588867,32.97936577804268],[129.024667830658,32.97934772700145],[129.02465284600822,32.97934406100585],[129.02463892501623,32.97934491060613],[129.0245180717381,32.979342647563506],[129.02451498882337,32.979317385583194],[129.02451956670845,32.97925878872082],[129.02451788612296,32.9791749188758],[129.02451759515762,32.979027030233375],[129.02448947730636,32.97888534685872],[129.02444321950782,32.978736380379296],[129.02446276739963,32.97868415299113],[129.02452119203502,32.97855993196014],[129.02452467175146,32.97851125113105],[129.02452223905246,32.9783651551869],[129.0245812246623,32.97794245570249],[129.02460296621044,32.97787851274012],[129.024604128025,32.97785687582076],[129.02459782540734,32.97783971925878],[129.02458183568837,32.97782883546133],[129.02453157091543,32.97782684140451],[129.02450159609498,32.97782852970713],[129.02448985940794,32.977819467385615],[129.0244845925531,32.97780411839415],[129.02448177785217,32.97772926064287],[129.02447231553012,32.97770127191013],[129.02433426237275,32.97750957259026],[129.02431097647488,32.97746439584522],[129.0242717307549,32.97740292668706],[129.02424824298686,32.977387507113164],[129.02418192449088,32.97738635159442],[129.02401579096988,32.97744252979367],[129.0239536927459,32.977449506857965],[129.0239355420309,32.977444026170865],[129.02392389159834,32.97742684917109],[129.0239272571235,32.977391692622774],[129.02394567233864,32.977355692504425],[129.02411544300534,32.977213861117086],[129.0241532421915,32.97714817859039],[129.02424683809255,32.97705835953776],[129.0243876857846,32.97692453354109],[129.02439750025513,32.9768948118941],[129.0243998201303,32.97685965299408],[129.02438407315992,32.976803684869765],[129.02435643929383,32.97676660651176],[129.0243383475676,32.97675030488329],[129.02426901608953,32.97671126666817],[129.02420060689886,32.97670288922543],[129.0240345523806,32.97674463763231],[129.02400781588776,32.976742733115024],[129.02398763783665,32.976710193566745],[129.0239870209809,32.976630836482066],[129.0240067788423,32.97653171830043],[129.02404689658357,32.97643898910187],[129.02406092646302,32.97641018729951],[129.02406752178982,32.97638045339776],[129.02405807076562,32.97635065939225],[129.024002687091,32.97629814508364],[129.02393030628284,32.97623564841839],[129.0239133559727,32.97620131699151],[129.0239210792968,32.97615625847752],[129.0239394336836,32.97612386592814],[129.02397280415812,32.97608882384199],[129.02404366882982,32.976044908823],[129.0241219520904,32.97600462821368],[129.02434286437173,32.9759107857493],[129.02449299570972,32.97584552850207],[129.0248946735639,32.97555398662085],[129.0250609288675,32.97547436378483],[129.02511235634702,32.97546193410755],[129.02521837780267,32.97544700752645],[129.02527293288168,32.97544360893237],[129.0254569460059,32.975442503586834],[129.0256472628985,32.975465771211326],[129.0257445714893,32.97547786495777],[129.02594454448382,32.975493053871375],[129.02599372099843,32.97550315817501],[129.02608551723674,32.9755377747136],[129.02612927146274,32.97556138752054],[129.02620812769246,32.975616692442884],[129.02633799244666,32.97573802316588],[129.026460197727,32.975892686059],[129.02648026895497,32.97594506529007],[129.02648001299457,32.97599285748081],[129.02645625371443,32.976036052779],[129.02641639470988,32.97608098949797],[129.02638938303323,32.976130483766404],[129.02638714962757,32.97614941037422],[129.0263987268854,32.97618823097914],[129.02641037411593,32.97620631038204],[129.02652878525853,32.976273490742585],[129.02658434111905,32.97628632529232],[129.02670825201668,32.97632557201561],[129.0267477216736,32.97634555944476],[129.02690327514009,32.97646969052533],[129.027024390388,32.976625251370685],[129.02704232823825,32.97667040735328],[129.0270453821211,32.9767010806329],[129.02704412256398,32.97673353733971],[129.02701604630113,32.976786636614925],[129.02695367310076,32.976845014551294],[129.02693964090554,32.976866602706366],[129.0269186404853,32.97699547462081],[129.02682642350425,32.977031195343194],[129.0267856069804,32.97705989697512],[129.0267564969904,32.97710307092875],[129.0267520605243,32.97713551833244],[129.0267614166765,32.977183345320675],[129.0267580642541,32.97720858286816],[129.02669657856643,32.977303937062324],[129.0266845365818,32.97735979949281],[129.0266854213941,32.977389561908865],[129.0266917489035,32.97760510558633],[129.02669475860156,32.977643892556955],[129.02675694547764,32.9778235777161],[129.02695247989882,32.978067794274395],[129.02700232097294,32.97814914158608],[129.02701370095457,32.97822493440077],[129.02699702581356,32.97834209992715],[129.02696825217387,32.97851783391453],[129.02686370853672,32.97886551473154],[129.02704509052182,32.978959084616434],[129.02782974754302,32.978873683119446],[129.02829272237645,32.97892953990804],[129.02920932902498,32.9789835013761],[129.02967546581672,32.979050186232485],[129.03059516281894,32.979128495760236],[129.0306186247866,32.97914120779029],[129.0310493063866,32.97923480862809],[129.03151777385406,32.97926452237671],[129.03295470436777,32.97945386966768],[129.0332575477839,32.98005377121421],[129.03326123483754,32.9801628989267],[129.03326521179693,32.98022513440834],[129.03318981200744,32.98051882713011],[129.03316898192895,32.98061704020391],[129.0331092141572,32.98079175719271],[129.03304857375184,32.980925894406724],[129.03304602989803,32.98120993942708],[129.0330457347252,32.98126584647802],[129.0330376311148,32.98137583102434],[129.03295312751823,32.98177860055676],[129.03295090081616,32.981796627426164],[129.03283863934638,32.98239046892831],[129.0328372430984,32.98244907811247],[129.03282805680533,32.98256627253206],[129.0327138328624,32.98312764111122],[129.0326671171813,32.983260024923325],[129.03263945401372,32.98343305820486],[129.0326369079125,32.983511501894995],[129.03259304417577,32.98411641932814],[129.03247454497705,32.98447397284518],[129.03247967062825,32.98451637488137],[129.03251157503337,32.98475095202739],[129.03251350047722,32.98479785086404],[129.03249069996494,32.98506288353487],[129.03247971442102,32.985116947936525],[129.03245125853172,32.98523407001955],[129.03234473532746,32.98554748175747],[129.03228419010514,32.98567079697307],[129.0322958194451,32.985692481939076],[129.0319857927778,32.98584732309123],[129.03192811464646,32.98582366108484],[129.0315143013917,32.98577431347852],[129.03143273314183,32.98582630950345],[129.03139322590758,32.985804518606635],[129.03100742086235,32.98572281145986],[129.03093894784018,32.98571714359179],[129.03053791478612,32.985677761626135],[129.03046200577643,32.985671162314496],[129.03010916433433,32.985623843818836],[129.0299946592543,32.98562882264837],[129.02960545239225,32.985574151715426],[129.02959981960183,32.985627333916334],[129.02953138789542,32.9856216654361],[129.02917323101153,32.98556801183704],[129.0290665139886,32.985515305883624],[129.0286708325351,32.98547593707068],[129.02860874758855,32.98547931021367],[129.02814149863306,32.98541892885266],[129.0277458421341,32.98537504898054],[129.0276687808138,32.98538106900785],[129.0273041841913,32.98532828779498],[129.02723256359016,32.985317195096066],[129.02688244070563,32.985160764772914],[129.0262954509886,32.98488169775748],[129.02622783790758,32.98491841224007],[129.02621819611394,32.98492378594095],[129.02617167752496,32.98501739228319],[129.026444345385,32.98504998948163],[129.0263868860142,32.985391538418],[129.02614641234413,32.98534102823837],[129.02599015719008,32.98614840885935],[129.02513334997408,32.98669792664339],[129.02473318316223,32.987095882201736],[129.0247470254471,32.98710224739689],[129.02475451960902,32.98710768740619],[129.0247725595817,32.98713390635072],[129.02477358089482,32.98713841904866],[129.02477459907422,32.98715104725449],[129.02477024444892,32.98716816434031],[129.02461251747323,32.98724331128544],[129.02459866062944,32.987239651193185],[129.02456670200826,32.987213378056516],[129.0245624400215,32.9872052462871],[129.0245604490614,32.98717908850471],[129.02442856705656,32.98722818136137],[129.0241772592527,32.987799842022056],[129.02430381177328,32.98774712019622],[129.0245915376124,32.98776354699313],[129.02515214170492,32.9877828167453],[129.02522656584756,32.98787147370953],[129.0254161809848,32.98802278862602],[129.02600210276165,32.9875065045999],[129.02614423880428,32.987540410084364],[129.02551102751912,32.98809889772098],[129.02630903360523,32.988735869667906],[129.02701020745525,32.990278738972435],[129.02769338999283,32.99038232600806],[129.02789073043567,32.99030191488123],[129.0278106721099,32.990265541291706],[129.02769861189975,32.99000721291969],[129.0272635311573,32.98953123810815],[129.02724458581645,32.98947074928474],[129.02724467744275,32.98945361540297],[129.027050728131,32.988908216037615],[129.0270117816123,32.98858614059994],[129.02731431441043,32.989437646719416],[129.02780901426297,32.989973365353336],[129.0279507086054,32.99028681191869],[129.0280792185132,32.99067415401716],[129.02809918008379,32.99074005800037],[129.0282487034362,32.9909967235645],[129.02815867555316,32.991018926929875],[129.02811129719245,32.991680640258195],[129.02836022808845,32.99255448746669],[129.028369913904,32.99254099769612],[129.02840242355742,32.992668268142],[129.0283300228227,32.99259855859325],[129.02801486930593,32.99170372083049],[129.02798777108256,32.99076668912629],[129.027790048808,32.99072265496204],[129.02773453797917,32.99049610461775],[129.02712018962194,32.99051902429109],[129.02686652315214,32.992134018354655],[129.02673798950957,32.99295413259858],[129.02559481438277,32.992821736932484],[129.0258109337885,32.99302906241154],[129.02579163073122,32.99303530142891],[129.02576804969155,32.993044229342715],[129.0257635999353,32.99307126522831],[129.02575388397304,32.99309016612024],[129.02573031743552,32.99309638781014],[129.02571534621623,32.993090019528964],[129.02568652556693,32.99307818601701],[129.02571169048787,32.993179279015465],[129.02569860356482,32.99321890635597],[129.0256877772647,32.993242311269434],[129.02565543867632,32.99328637416729],[129.02563929598492,32.99330344641767],[129.02556872134215,32.99329866908674],[129.02553880000207,32.99328953762399],[129.0255267713606,32.99333457986436],[129.02552985851983,32.993358939250605],[129.02548677573023,32.99341107727821],[129.02541912241622,32.993454104164776],[129.025388024677,32.99346931582534],[129.0253730468019,32.99347196397974],[129.02532908951284,32.99348442205119],[129.02529686204636,32.99350774434942],[129.02525730269954,32.99350308492462],[129.0252498649389,32.99349494109163],[129.02524996180946,32.993476906255445],[129.02525432151285,32.99345888765091],[129.0252490390665,32.99344624267297],[129.02524481013978,32.99343991413829],[129.02522356896114,32.993410075276074],[129.02514237306747,32.99338271325162],[129.0251028622363,32.99336903636042],[129.02507288277775,32.99337072579808],[129.02503095982192,32.99340934168057],[129.0249814923388,32.99345153606592],[129.02494289142075,32.99346311176738],[129.024903297531,32.993464764530714],[129.024840979609,32.993510516602335],[129.02478856797666,32.9935094153091]]]},"properties":{"KEY_CODE":"42411019027","PREF":"42","CITY":"411","CITY_NAME":"新上五島町","S_NAME":"続浜ノ浦郷","SETAI":"0"}},{"type":"Feature","geometry":{"type":"Polygon","coordinates":[[[129.0321854351689,33.01464760890003],[129.03185087095335,33.01497188621822],[129.03141275852465,33.014834973447286],[129.03046154054678,33.01497657112386],[129.0304368915621,33.01477628752012],[129.02931287700673,33.014610626889954],[129.0284784897154,33.013918524540024],[129.0281186165714,33.013961346983095],[129.0279506595118,33.013547704737555],[129.02751706670608,33.01336570775945],[129.02682059494808,33.01331346515564],[129.0265814591481,33.01299874343747],[129.0257494087845,33.01287564213745],[129.02457487811301,33.013146197531285],[129.02324372255464,33.01288951573832],[129.0230367241761,33.01257220543593],[129.02250486630456,33.012364565906545],[129.0219320648785,33.01239933957533],[129.0213697653585,33.01266409960949],[129.02128870562512,33.01301006235723],[129.02063748533976,33.012894836955915],[129.02049051713703,33.01315848618327],[129.01899873580757,33.01350982673167],[129.0188062552032,33.01386888386252],[129.01701921367098,33.013987307172314],[129.01669243771144,33.01424574443672],[129.01626882258515,33.01419991336766],[129.01586899456393,33.01391791281933],[129.01588328358625,33.013263294168006],[129.0160740722602,33.01302416916969],[129.0154455038379,33.012881050168616],[129.01507693362385,33.01255768674365],[129.01522089725836,33.012265178521886],[129.01574032003225,33.01200749436069],[129.01550653459248,33.01170089006312],[129.0154803385717,33.01101906009975],[129.01520752278233,33.01060319027577],[129.0139056742881,33.010677469191386],[129.0135838098707,33.010431836486404],[129.0132408317681,33.010710040640674],[129.01230758216977,33.00973519708257],[129.0113035885373,33.009559025407256],[129.01026726687482,33.00980023164745],[129.00976799762196,33.00931853243675],[129.00891474946738,33.00878493770838],[129.00841418888547,33.00814722455496],[129.00876022039677,33.00789970498467],[129.00787572192684,33.00778619841835],[129.00758023113835,33.00723135248186],[129.0076346504843,33.006686005178565],[129.00714754740727,33.006899597899334],[129.0066091957388,33.00633296733265],[129.00675661943112,33.005611244891405],[129.00605406923515,33.00493214381256],[129.00652946646036,33.00470227664857],[129.0064587891022,33.004138399020164],[129.00607026909694,33.00414317150156],[129.00510063217644,33.00300401265143],[129.00493932277962,33.00256872598782],[129.0049521967731,33.00256156322183],[129.00499722107125,33.002546412196125],[129.00500905502764,33.002538343757394],[129.00503505555187,33.00247893093983],[129.0050952133812,33.00244129614379],[129.00520663973145,33.00241558820434],[129.00529767398655,33.00240332495575],[129.00540381208046,33.00237398860204],[129.00550895197284,33.00232120169851],[129.0055646841187,33.00231240536161],[129.00557274139672,33.00220963820831],[129.00560819172733,33.00218723503737],[129.00562638547245,33.00218550361983],[129.00566486147753,33.00219016397416],[129.00572259871976,33.00220392048629],[129.0057781880997,33.00221315857747],[129.00594299138447,33.0022111071216],[129.00598583296605,33.0022049646269],[129.0061240034376,33.002188378913694],[129.00616899206975,33.00217953916406],[129.0061949318769,33.00213094702456],[129.00618440667625,33.00209934499642],[129.00619622469878,33.00209398043403],[129.00621226695918,33.0020958476411],[129.00625067391226,33.00212034680111],[129.00625164275115,33.00213387805953],[129.00629024556312,33.00212320933725],[129.0063600273641,33.00208380845026],[129.00645218742574,33.00205712096756],[129.0065506600693,33.00206021621039],[129.00661066373908,33.002042418780114],[129.00669028367705,33.001970593728416],[129.0067610139649,33.00194832992855],[129.0068038754911,33.00193858054374],[129.00686280944697,33.00192528752962],[129.00686005422742,33.00184231509393],[129.00682428897932,33.00173396406384],[129.0068782192331,33.00165842994677],[129.00701745955251,33.00163733815408],[129.00706884016472,33.00163663938521],[129.00712436898147,33.001656697803114],[129.00715441196425,33.0016441924277],[129.00717484879388,33.001622630947104],[129.00720917640493,33.00160653526981],[129.0072414066077,33.00158411889452],[129.00725540168068,33.001570647931764],[129.0072729329557,33.00150038052367],[129.007278489828,33.001463431333526],[129.00730116977874,33.001422039441344],[129.00727667528577,33.00140661372561],[129.00724903519662,33.001370433115056],[129.00726626542397,33.00135426979306],[129.00727912331178,33.00134981187562],[129.00731443711845,33.00135175516185],[129.00733257033235,33.00136084442157],[129.00736137551564,33.00137538618906],[129.00738274327412,33.00138178307863],[129.0073988155906,33.001378239394214],[129.00745884664468,33.001363147916855],[129.00752164634943,33.00142110760941],[129.00754182238802,33.00144643748825],[129.0075778349216,33.001517817576826],[129.00759367613315,33.00155575399614],[129.00763090026376,33.00159738161597],[129.00768565442314,33.00156152782729],[129.0077576641282,33.00151221697952],[129.0077780147486,33.001505983896735],[129.00780803750013,33.00149708497191],[129.00781769229394,33.00148990919006],[129.00779655047685,33.001442934309814],[129.00780733732884,33.00142764809049],[129.00781914074895,33.00142498846985],[129.0078522657918,33.001429629211074],[129.00788006553702,33.00143695295983],[129.00790168441327,33.00139826192038],[129.0079199740007,33.00137939753901],[129.00791683116583,33.00136585880519],[129.00784748250945,33.00132771105008],[129.0078296140996,33.00127083002514],[129.00782780858998,33.00121220883959],[129.00788364361065,33.00117726186719],[129.00793496370162,33.001187383118165],[129.00797232841123,33.00120376217355],[129.007993701196,33.0012092568937],[129.0080364317061,33.00122295306855],[129.0080631953823,33.00122125513862],[129.00805685381636,33.00120409598731],[129.0080548266386,33.00118515190479],[129.00806876194778,33.001182500679136],[129.00821725517844,33.00122637107998],[129.008302636041,33.001268189148696],[129.0083078462989,33.00129345873339],[129.00829816081017,33.00130604529034],[129.0082466499392,33.00133019000217],[129.0082176991073,33.00134179786779],[129.00818982911096,33.001347098151506],[129.0081822956071,33.00135608595641],[129.00819398358468,33.001374167191905],[129.00820462484188,33.00138503036705],[129.0082131047138,33.00140129531649],[129.0082204060873,33.00143378818706],[129.00823742876358,33.001447381704416],[129.0082761056387,33.00142318633949],[129.00831358088655,33.00141972701665],[129.0084122117176,33.00138675233078],[129.00843350433067,33.001406673962705],[129.00843344414267,33.00141749489084],[129.0084344357108,33.00143463291197],[129.0084719260061,33.00142846789681],[129.00848900890227,33.001431240451865],[129.00849647320098,33.00144209106743],[129.00850067624305,33.00145292826533],[129.0085092457906,33.00145296207515],[129.00855751779082,33.001432413368214],[129.00860461266305,33.00142808927107],[129.0086217367071,33.00143086307104],[129.00864746872065,33.001419240765074],[129.0086819112821,33.00138240488892],[129.00873344647164,33.001353751870724],[129.00874643090117,33.001326750435005],[129.0087636244515,33.00131689915407],[129.00877757479367,33.001311543305164],[129.0087565477716,33.00124382989233],[129.00878230978228,33.001226797368645],[129.00879732256337,33.001225955580836],[129.0088197047432,33.00123776543152],[129.00883672352197,33.00125947486431],[129.00884305481702,33.001271223627676],[129.00886323663983,33.001302863507625],[129.00889532099308,33.00130659723396],[129.00893709009463,33.001297744343326],[129.00894027382182,33.001304069285766],[129.0089455293615,33.00132122301033],[129.00894111583867,33.001348258252335],[129.00893138361695,33.00136174730942],[129.00897099641685,33.00135739357995],[129.00904487102684,33.00135588112364],[129.00909509948272,33.00136690023063],[129.00910685842499,33.00137235742562],[129.0091238148144,33.00139767326133],[129.0091269785209,33.00140760590917],[129.00916859305875,33.00142670595531],[129.00920499751834,33.00142775091907],[129.00921032822782,33.00143137915922],[129.00920272601664,33.00145299209032],[129.00919724007207,33.001477316861155],[129.0091993312952,33.00148453902712],[129.00920996768022,33.00149630473252],[129.0092227460305,33.001506273604996],[129.00925262342773,33.00152352541462],[129.00928993846765,33.00154892142549],[129.00930473361686,33.0015796395806],[129.00931429558375,33.00159680970121],[129.00935698145167,33.00161861960804],[129.0093719211496,33.00162318832123],[129.0093761956995,33.001621400986366],[129.00939345931897,33.00159892511042],[129.00940103211386,33.00158272291027],[129.00946443694247,33.001539688481465],[129.00951035987927,33.00155069046737],[129.00961876807736,33.001691790753654],[129.0096559832351,33.00173522190361],[129.00971350395236,33.00178053602855],[129.00976886342755,33.0018312519291],[129.00981225128803,33.001922500754894],[129.00982600727127,33.001952312122384],[129.0098545873786,33.002007431382985],[129.00987785239724,33.00205621788378],[129.00988181691176,33.00211033875413],[129.00985157090307,33.00216703017871],[129.00984487752334,33.00221299420458],[129.00988104180664,33.00225010655598],[129.0098991929281,33.002263705385616],[129.0100059288215,33.00231462329088],[129.0100336672363,33.002325553556204],[129.01006465760545,33.00233830077434],[129.01011714802945,33.00232588186686],[129.0101629333496,33.00236934601251],[129.01017892577312,33.00238023060929],[129.0101842715741,33.002381153713266],[129.01019286685622,33.002376678736226],[129.01023583816678,33.002347088795254],[129.01024972179582,33.00234624184338],[129.01025389694558,33.002369703654395],[129.01025906785452,33.002402188025606],[129.01027723223234,33.00240586667202],[129.0103233173843,33.00239522670655],[129.01034357870788,33.00240522545707],[129.0103531809083,33.002415182843365],[129.010374469171,33.002436006791335],[129.01038727957695,33.00244011516481],[129.01039049656882,33.00244057858036],[129.01042901152115,33.002438024851244],[129.0104418357268,33.002439878336716],[129.0104546511316,33.00245074988211],[129.0104288167144,33.00247319218204],[129.01040844047407,33.00248393323688],[129.01040626920795,33.002491138626425],[129.01041052247845,33.002492958967736],[129.01042653989765,33.002499334332356],[129.01042964384902,33.00252008677945],[129.01041671104576,33.002538071024595],[129.01038779328604,33.00253615371043],[129.01036528441426,33.00254688637243],[129.01037356995124,33.00259831906726],[129.01042560580478,33.0026679588645],[129.0104563896549,33.00271046190997],[129.01047221232218,33.002752005150214],[129.01047729342355,33.00280071953786],[129.01050897378798,33.00287749320742],[129.01064116426744,33.00297450061494],[129.01077462041027,33.00303183544186],[129.01081842286058,33.00304102507368],[129.01090824140758,33.00305941298681],[129.01093725227904,33.00303698306705],[129.01098435343894,33.00303175774324],[129.01100248489936,33.00304896250564],[129.0110470736304,33.00311226042441],[129.0110779021765,33.00314664804174],[129.01111304148566,33.003180151042535],[129.0112070350704,33.003214786612624],[129.0112241333283,33.00321485373003],[129.0112562932227,33.0032050603321],[129.01128841321602,33.00320248124701],[129.0113279630885,33.00321706487194],[129.01134709296443,33.003235172838345],[129.0113566043097,33.00326136292191],[129.01137793289683,33.003274972940254],[129.01140691879564,33.00325705158626],[129.0114219748171,33.003240879188134],[129.01144341806105,33.00323374939634],[129.01145306404575,33.003235588660715],[129.01146044217293,33.003254556439735],[129.01145074827585,33.00326894626161],[129.01143781797353,33.00327881516089],[129.0114270165852,33.00329680787438],[129.01142799315085,33.00331665042031],[129.01144079192804,33.00332301248346],[129.01148466564823,33.00332679187011],[129.01151993043268,33.00333775141775],[129.01152744251482,33.00333237001289],[129.01153717195473,33.003311667901734],[129.01154794341784,33.00329908591956],[129.0115757845334,33.00329919513053],[129.01159503167278,33.00330377940063],[129.0115928030762,33.00331368974163],[129.01157903192498,33.00332430333987],[129.01157777198867,33.00332535349351],[129.0115712950316,33.003332542036205],[129.0115830829633,33.00333258827492],[129.0116034349986,33.003326356242695],[129.0116312455696,33.003331875646175],[129.01164512128068,33.003340046104185],[129.0116834933972,33.00336364206569],[129.0117250999901,33.003391759485794],[129.0117666256,33.003427091073746],[129.0118207826427,33.00350665795181],[129.01186313621847,33.00358888424574],[129.01197815479733,33.00388150414053],[129.01200251826336,33.003928491116895],[129.0120131303985,33.003944764228294],[129.01204698429515,33.004014332321056],[129.0120532029948,33.004054034231565],[129.01206046181866,33.00409464175453],[129.01208049534915,33.00414611998241],[129.01208557738167,33.0041948350091],[129.01207314271167,33.00431922867503],[129.01211102248308,33.004432096759274],[129.01217364510404,33.004530633874076],[129.01221081782634,33.00458217977424],[129.01225969341283,33.00464188698921],[129.012292666256,33.00468169367933],[129.0123863434684,33.004774039354395],[129.01243749260942,33.00481572080823],[129.01254413336184,33.004884671656995],[129.01259641100012,33.00491102748103],[129.01274913322445,33.004970239417496],[129.01278872189135,33.00497039432824],[129.01282731084788,33.00496242928042],[129.01284884886613,33.00493816599346],[129.01285749624222,33.004916557983144],[129.01289088203652,33.004881519844034],[129.01290806716588,33.004873471587274],[129.01293698307146,33.004868173826544],[129.0129465682257,33.004873622193344],[129.01296147223664,33.00489261717121],[129.01297846516118,33.00491162031769],[129.01299764747387,33.00492792741392],[129.01301041181614,33.00494060160688],[129.0130894477443,33.00497427582225],[129.01309896767665,33.004991446655175],[129.0130998912815,33.005021208142885],[129.01310193818358,33.00503654612866],[129.0131146926199,33.00505102389645],[129.01312647712874,33.005051971513126],[129.01315746051725,33.00505840506887],[129.01317346370615,33.005067485210176],[129.0132311336513,33.00508664790317],[129.01330498639336,33.005089641755625],[129.0133093299009,33.00507523028849],[129.01336845857116,33.00502676683358],[129.01340694754245,33.005036836358954],[129.01345918151307,33.0050713071346],[129.0134911978901,33.0050876643028],[129.0135156618044,33.00511661567462],[129.01353351907943,33.005176201743524],[129.0135387658007,33.00519515892139],[129.0135589713228,33.005223192660736],[129.0135917443582,33.005291854011325],[129.01357347007553,33.00530801414101],[129.01354878767953,33.00531873891068],[129.01351211993625,33.00537270107971],[129.0135249241324,33.00537816142825],[129.01357212570315,33.00535490036905],[129.0136909681382,33.00534905216948],[129.0137283802968,33.00535731431578],[129.01374121427472,33.005357364435966],[129.01377123274818,33.00534936562696],[129.01379158014782,33.00534403475898],[129.013831230642,33.005340582331975],[129.01384295224395,33.00534513688397],[129.01386203064578,33.00538038011971],[129.01387366143172,33.005409281866136],[129.01389812344232,33.00543101920749],[129.01393016483942,33.005442867024016],[129.0139430158361,33.00544742597536],[129.01395900926104,33.00545830960156],[129.01396637259018,33.00547998073436],[129.01398976969185,33.00550532114923],[129.01403889214924,33.005528056802994],[129.01403450628487,33.005542467578806],[129.01402687449746,33.00556949050513],[129.01407260880507,33.00562287288233],[129.01407966045176,33.00570135337654],[129.01407737470439,33.00572929870504],[129.01405448213754,33.005802252015464],[129.0139899080768,33.00586782813873],[129.013968424699,33.005882172174694],[129.0139147757427,33.005907211836536],[129.01385898974968,33.00593314521887],[129.01380534073033,33.005958184833204],[129.01377961370892,33.00596890556834],[129.013726024191,33.00598312418647],[129.0136970506118,33.005991127064604],[129.01360484899507,33.00602503358652],[129.0135780194603,33.00603845513417],[129.0135198813701,33.00609684220776],[129.01346992175456,33.006233714178514],[129.01343523234917,33.00631563829301],[129.01343292939254,33.00633907530522],[129.01344122070677,33.00638960587461],[129.0134922266856,33.00645743694824],[129.01355937523627,33.00650909955039],[129.01359988840215,33.00653901568487],[129.0136787588433,33.006595232796194],[129.01371181378985,33.00662061097937],[129.01380446160326,33.00670303298762],[129.01388522262914,33.006803443107515],[129.01390540252962,33.00683598491794],[129.0139371964395,33.00689292015913],[129.01394461509665,33.00690467184828],[129.01404736124854,33.00709714698996],[129.01405890240886,33.00714227987488],[129.01404984137014,33.00723151866032],[129.0140361491802,33.00738746904386],[129.0141234922951,33.00746175407076],[129.01421618171463,33.007536961430695],[129.01429203550708,33.00756431004947],[129.0143487514416,33.007567236435456],[129.01436689656347,33.007574521151],[129.0144404675374,33.00762169953538],[129.0144758328983,33.00761462349794],[129.0145648679206,33.00757890037285],[129.0146119013691,33.00758629767436],[129.01468876645916,33.007619962401854],[129.01480215686854,33.00763302857012],[129.01474012542226,33.00743349880174],[129.01478827050718,33.00743639158516],[129.01482860840332,33.007490654177786],[129.01486825984603,33.00748720197712],[129.01490246822132,33.007492745575796],[129.01499289759641,33.00759138956087],[129.0151107062267,33.00757651841821],[129.01513620662902,33.00760727712158],[129.01515760119483,33.007609164055026],[129.0152422289677,33.007599574452456],[129.01529443983955,33.007638553141206],[129.01532933035554,33.00771804344459],[129.01537258180736,33.00782822622983],[129.015416724119,33.0079816966789],[129.0154585197923,33.007968332981605],[129.01548106138907,33.007959403132155],[129.0155142077622,33.00796043364661],[129.01559277291452,33.008080673407356],[129.01557027578758,33.00808148741909],[129.0155350388532,33.008065118811],[129.0155200427107,33.008070470782386],[129.01551888160273,33.008083992615454],[129.0155410073107,33.00815080892202],[129.01557717573482,33.00818792144654],[129.01559531251274,33.008197009573934],[129.01564984114952,33.008209844862066],[129.01568190852328,33.00821718519296],[129.01569778901634,33.0082488084468],[129.0157319786353,33.00825795899167],[129.0157715991293,33.008252702760764],[129.01578980674205,33.008256380264804],[129.01581750820347,33.008274523121806],[129.01584888397238,33.00840810500594],[129.01586353233273,33.00847399064078],[129.01587617346277,33.00850920797167],[129.01592056664103,33.008609475889806],[129.01596921721685,33.00871877735685],[129.01600416081268,33.008781134619085],[129.01605451518802,33.00877772309509],[129.0160664052749,33.00875161814529],[129.01608258228666,33.00872913710206],[129.01610722091496,33.0087265276973],[129.01613920459332,33.008749195906624],[129.01623835505873,33.00882082016231],[129.01628529061747,33.00884625158432],[129.01635372279475,33.00886274892373],[129.0165969786274,33.00880507938634],[129.01665926366647,33.00876834938186],[129.01671174711748,33.00875773191445],[129.01673961039674,33.008754232814205],[129.01688985773924,33.0086790686382],[129.01696596666807,33.008652311218924],[129.01699922971585,33.0086398154419],[129.0170035185799,33.008635323295614],[129.01702190201246,33.00859932433913],[129.0171098918735,33.008563595350076],[129.01717858631918,33.008524184782004],[129.0172976016936,33.008487673876886],[129.01731921815573,33.008448982249334],[129.0173826400394,33.008395122691304],[129.0174053637457,33.00835282809302],[129.01737132907746,33.00830760833913],[129.0173149160206,33.008256891505425],[129.017243531723,33.00819168816285],[129.0172404135858,33.00818085488259],[129.01725341973543,33.00814934382401],[129.01726100150557,33.00813133643333],[129.01718718286196,33.008129248241715],[129.01718185141632,33.00812562087156],[129.01717767777458,33.00810125714572],[129.01719168286698,33.00808598147795],[129.01723454622365,33.00807622857316],[129.0172677259294,33.008079062374755],[129.01732544183525,33.00809010731577],[129.01749988282455,33.008093488577636],[129.017542608319,33.008108984111324],[129.0175651866955,33.00808562559012],[129.01757929442942,33.00805141360516],[129.0176446148157,33.00804805777256],[129.01770357089424,33.00803115475545],[129.01774320035986,33.00802409430957],[129.01774856626392,33.00802140993234],[129.01772839199566,33.00799518062735],[129.01771779304744,33.00797620290249],[129.01771573724648,33.007954552557344],[129.01773609108537,33.007955532930666],[129.01775109691494,33.00794837710679],[129.01780471653814,33.00792874601103],[129.01783042281303,33.00792974764752],[129.01788833545305,33.007904722819895],[129.01791209343202,33.0078642357542],[129.01790690461974,33.007834457250205],[129.01783430354138,33.0078008115676],[129.01778731331163,33.0077852996166],[129.0178238915405,33.00774756737704],[129.01787428460082,33.007736941323635],[129.01808860988703,33.007686370785535],[129.01807905046817,33.00766829865046],[129.01803850208697,33.007644696245585],[129.01807608285034,33.0076222977876],[129.01813714854381,33.00761712380687],[129.0181841767693,33.00762542127888],[129.01818751377846,33.00760379235872],[129.01818969993934,33.00759388116317],[129.0182036506969,33.007588524825415],[129.01819512970604,33.00757947428523],[129.01816958462342,33.007556831514364],[129.01823178139875,33.00752821585679],[129.01829497353432,33.00752395156315],[129.01844336891867,33.007588550093054],[129.01845611545548,33.00760483145327],[129.01848172699732,33.00762296563837],[129.01849133737784,33.00762390434041],[129.01851393195824,33.007605055042745],[129.018531099877,33.007592496614336],[129.01855361028683,33.00758897640943],[129.0185643370798,33.00758450910195],[129.01856664598876,33.00755205500435],[129.01859340156193,33.00755215845384],[129.01859874776633,33.00755308066072],[129.01860090997172,33.0075476786997],[129.0186000360794,33.00751611383228],[129.01863310997007,33.00753066959062],[129.01864270255896,33.007542429954526],[129.01865017593812,33.00754426191944],[129.01868028803503,33.00751912924535],[129.01870278738176,33.007510198649946],[129.01870300834773,33.00746962044689],[129.01869688151885,33.007420000137806],[129.01870652624902,33.00741462709855],[129.0187321980157,33.00742194027346],[129.0187513009008,33.007445459566874],[129.01875232336118,33.007457186797886],[129.0187576106436,33.00746892996228],[129.01882075239513,33.007466468831396],[129.0188604135041,33.007461211225646],[129.0188605018601,33.007444980054174],[129.01890450736508,33.00741719585148],[129.01897070124582,33.00744540583989],[129.0190679799186,33.00746922707947],[129.0190958279705,33.007468433104314],[129.01914399286386,33.00746771758718],[129.01917919335563,33.007483182950395],[129.0192217422789,33.007531140804865],[129.0192430584501,33.007547454624394],[129.01929209389604,33.0075864193812],[129.01931336595715,33.007610849049755],[129.01933449091706,33.00766233085089],[129.01936845024443,33.0077138616409],[129.01954103473744,33.007858808809424],[129.0196604484531,33.00794854368246],[129.01981418140133,33.00801586688077],[129.0199500627267,33.00802180116427],[129.02014924974003,33.00800273021018],[129.0202725903255,33.00795451095586],[129.02062436774756,33.007820602308904],[129.0207380891558,33.007765131063294],[129.02078742426437,33.00774908944079],[129.0208238049938,33.007747425833266],[129.0208315088315,33.00770687642509],[129.02079522034884,33.00769140679048],[129.02077822245246,33.00766519020161],[129.02081481538602,33.007631966475365],[129.02088124890903,33.00761599006812],[129.02091422819137,33.007655794489004],[129.0209375490885,33.007695561739894],[129.02096312980748,33.00771189167349],[129.02097381251565,33.00771553947038],[129.02101555749442,33.00771930731571],[129.02099211102595,33.00769486957222],[129.02098680876546,33.0076858316055],[129.0209913535294,33.00764166333644],[129.02093269644325,33.00760356376385],[129.02090184078887,33.00756557114273],[129.02098761014543,33.00753794690053],[129.02104866585316,33.00753457453018],[129.0211942051123,33.00753242912885],[129.0212380228414,33.007547025512295],[129.0213160653774,33.00756445917458],[129.02137706886893,33.0075628900666],[129.02138879248602,33.00756744391641],[129.02139410454674,33.00757467828022],[129.02136816671154,33.007624175199766],[129.0213219433884,33.0076600677755],[129.0213079739281,33.00766903163728],[129.02129827495838,33.00768432432399],[129.0213014744724,33.00768794167091],[129.02136782006437,33.00768819672968],[129.02140299937642,33.00771538686436],[129.02137930719783,33.00774415157038],[129.02136105061822,33.00774949226105],[129.0213406738026,33.00776023511882],[129.0213545511589,33.00776840394838],[129.02137593614904,33.007772093402885],[129.02140686322537,33.00778934533366],[129.02140457002082,33.00781909493346],[129.02142155968352,33.007847114478096],[129.0214920322578,33.007872634413566],[129.02150031933144,33.00792496804478],[129.0214927384716,33.00794297404629],[129.02140678334356,33.008004865117066],[129.0214237165887,33.0080355901543],[129.02144492102516,33.008072643462555],[129.02145448965453,33.00808891175085],[129.02146077432815,33.00810967620063],[129.0214478660462,33.00812315293965],[129.02141668985797,33.00815188943628],[129.0214337500662,33.008159168954],[129.02145406982808,33.00816646154771],[129.0214881038455,33.00820446569352],[129.0214977052136,33.00820720830336],[129.0215341370405,33.00820374106178],[129.02158749732683,33.00823190034189],[129.02162693138663,33.0082609081815],[129.02167281822867,33.00828723563814],[129.02169949597715,33.008301766010334],[129.02172291564116,33.00832349835568],[129.0217207054746,33.00833791775311],[129.0215588736779,33.00837607143139],[129.02153532713695,33.008377784572666],[129.02154876046097,33.0084680118639],[129.0215688927389,33.008502355868615],[129.02160076066295,33.00854666461576],[129.02163998081278,33.008615348591654],[129.02167646647996,33.008601962412364],[129.02168069654695,33.00860829106959],[129.0216751160289,33.00865065230505],[129.02167076885073,33.008665965578025],[129.02166826166484,33.00873539131947],[129.02165526825178,33.00875698323119],[129.02161243919517,33.00876042592857],[129.02159710102427,33.008828900281095],[129.0215668233726,33.00888469131239],[129.021481311563,33.008864525595484],[129.02145833991523,33.00896092537807],[129.02146187123793,33.00909620244301],[129.02147068675157,33.00924412462623],[129.0214778213756,33.00931629257314],[129.0214953231236,33.00944260575502],[129.02150250872458,33.00949764029961],[129.02147533270897,33.00957508670032],[129.0215244204338,33.00960503375442],[129.02154135760483,33.009634856696366],[129.02154450838145,33.00964749306516],[129.02154221516705,33.00967724265866],[129.02153890331746,33.009694362975736],[129.0215409768827,33.0097051921323],[129.02155277123666,33.00970433591816],[129.02156349326245,33.00970076987252],[129.02158168403201,33.009699938234135],[129.02160411321486,33.00971174713926],[129.02160828411473,33.009728896208465],[129.02159626590648,33.00977123269764],[129.0215907389496,33.0098036750258],[129.02159175207396,33.00981720306464],[129.02161721217746,33.009856078509614],[129.02176335300268,33.00995222588585],[129.02177094797048,33.009931514768525],[129.02177640168574,33.00991259904948],[129.02179459737863,33.009910865312314],[129.0218254088882,33.00994975741472],[129.02184013393253,33.0100021173821],[129.02184535837367,33.01002558344435],[129.02188915095692,33.01003747433805],[129.02195104322075,33.01007288015889],[129.02197054049213,33.010031474438904],[129.0219909275246,33.01001892789857],[129.02202193568567,33.010028966591115],[129.0220293508415,33.01004161931735],[129.02203026781143,33.01007318431399],[129.02202483851846,33.01008759190545],[129.02201492204946,33.01013534681952],[129.02205967979774,33.010169785269895],[129.02216163612258,33.01031896641111],[129.0221508701722,33.01033064781689],[129.02213787943896,33.0103594542754],[129.022117437221,33.01037470578641],[129.02209279621454,33.01038543239566],[129.02210650549694,33.01041704649055],[129.02210322090775,33.01043687263482],[129.0221351970649,33.01046134234615],[129.02216488227813,33.010507446181485],[129.02216895864078,33.010549844486654],[129.02217300847965,33.010589536980106],[129.02217292073706,33.010605768148416],[129.02222415054834,33.01063391952055],[129.02227542425652,33.01065395501229],[129.0222903083567,33.01066934153804],[129.02228906401993,33.01070630910576],[129.02225112231872,33.01079543707752],[129.02222092658096,33.010835900247265],[129.0222023219058,33.010913380230846],[129.0222764753169,33.011055240624955],[129.02233401845558,33.011098745590495],[129.0223734638158,33.01112594960223],[129.02261816208681,33.01120443886925],[129.02275295615436,33.011211268018236],[129.02338988183047,33.011192065796266],[129.02347662905942,33.011185183946715],[129.02386547522505,33.011125352469286],[129.0240777622993,33.011050416446594],[129.02413405148485,33.01093881410607],[129.02412161663656,33.01085670636415],[129.02412721067407,33.010811639902215],[129.02416938307243,33.01073605384854],[129.02429495925318,33.01066890198497],[129.0244132215871,33.010570160549356],[129.02441867961602,33.01055034263403],[129.0243696305507,33.010513183432934],[129.0242896377519,33.01046147753608],[129.02436978799528,33.01028954783922],[129.02435607009954,33.01025161987204],[129.0243294835286,33.01021995899981],[129.0243887356952,33.01014804479901],[129.0244252344066,33.01012473820855],[129.0243419578639,33.01009285857807],[129.02434322557576,33.01005138281432],[129.024354296859,33.009982891239694],[129.02430202164712,33.00995473726864],[129.02422837308282,33.00991297524763],[129.02416439584164,33.00986854443669],[129.0241603638962,33.00982524479802],[129.0242289700335,33.00980206096567],[129.02425253441865,33.009804856721104],[129.02431545800238,33.009842970501225],[129.0243889593115,33.00990457122599],[129.02441572529796,33.00990286984589],[129.02442974814954,33.009883986179055],[129.0243957219418,33.00984417921938],[129.02427234780774,33.00969672157271],[129.02425658039957,33.00964345743526],[129.02426517435674,33.0096389814866],[129.02431440793433,33.009641874755445],[129.02434972058134,33.00964471482449],[129.0243765835197,33.009624979226544],[129.02439165149835,33.009606099554084],[129.02445705100033,33.009588314210866],[129.0245819845166,33.00964019158816],[129.0246195110911,33.00962771005081],[129.0246507740029,33.00958274154552],[129.02468546512208,33.0094990106627],[129.0247010014672,33.0094007787506],[129.0246979229731,33.009374615815496],[129.0246616635416,33.009353737087366],[129.02460707338798,33.00935172504707],[129.02459098092393,33.00935887755281],[129.02455570298542,33.00934972527751],[129.0245312445514,33.00931897246395],[129.0245323890746,33.0093081539856],[129.0245229197483,33.00928106675772],[129.02451874883994,33.00925580173597],[129.0245669825395,33.00924245955706],[129.0246432823178,33.009187743340995],[129.0246884665664,33.0091428279624],[129.0246820872266,33.00913198241169],[129.02458285489172,33.009082006914504],[129.02456057583248,33.00904224485553],[129.0245541965157,33.009031399299154],[129.0245781341199,33.00896476043321],[129.02460280832614,33.0089477215793],[129.02470688773315,33.0089048346533],[129.02472403915266,33.00889498045768],[129.02474451577643,33.008873416764615],[129.02480513594142,33.008741089659914],[129.02480452768125,33.00865992916371],[129.0247863777791,33.00864543144955],[129.02473075260332,33.00864161245614],[129.0246977222298,33.00861894244722],[129.02468813709604,33.00860537949865],[129.0246967655205,33.00859459123379],[129.0248659437746,33.00858171050549],[129.02495690892903,33.008582959097865],[129.02497831363505,33.00858304075257],[129.02501578640502,33.0085804785322],[129.02504156675568,33.00855983655138],[129.0250055297945,33.00849747759902],[129.02502914894583,33.0084822382518],[129.02505273902597,33.00847240856415],[129.02503897330612,33.00844349970571],[129.02499427830213,33.00839733980517],[129.02509279016456,33.008386894338095],[129.02515050545827,33.00840605167577],[129.02517720802217,33.00841607095996],[129.02521691451324,33.00839458160228],[129.02523301643544,33.00838562541613],[129.02524062076907,33.00836311046492],[129.02523011214947,33.00832700009117],[129.02525282165806,33.00828650757265],[129.02527960650318,33.008281199357434],[129.02539565075648,33.00819777666598],[129.02543116242296,33.00815553092584],[129.02542371240494,33.00814919011947],[129.02526643568365,33.0081413766946],[129.0252172519918,33.008129466445844],[129.0251745784086,33.00810405463495],[129.02522405748613,33.00806095847231],[129.02526373475763,33.00804487820596],[129.02535056104696,33.00802266522806],[129.02543531020183,33.0079824091152],[129.0254804892321,33.00793839546831],[129.0255779443969,33.00792974919407],[129.02563038882747,33.00792634172415],[129.02567334306485,33.00789945259863],[129.02583519073528,33.007857686207004],[129.02599775528842,33.007877242319715],[129.02612895688782,33.00796070294421],[129.0261873989703,33.00803937838613],[129.02623182316128,33.00813603563757],[129.02625511890892,33.00818121217217],[129.02626246518176,33.0082146052819],[129.0262075325763,33.00827661727348],[129.02621692629495,33.00831813421838],[129.02622214214742,33.008343403180675],[129.02621957446385,33.008424551643095],[129.02621947781333,33.008442586437816],[129.0262353815179,33.008470601227486],[129.02626847885776,33.00848876230779],[129.02630072600604,33.00846273432661],[129.02637614480608,33.00836923813034],[129.02649919744442,33.00837421488208],[129.02648500075557,33.008425561228734],[129.02647843770927,33.008448981765845],[129.0264858275548,33.00847425953724],[129.02652643886324,33.00847892275005],[129.02653083116112,33.00846270736194],[129.0265586762765,33.00845469773817],[129.02660646983654,33.008523412848675],[129.0265870941914,33.008550391935565],[129.02654105540643,33.00855202052271],[129.0264832382773,33.008551800677935],[129.02645864665283,33.00855351078871],[129.02642861792037,33.0085633157104],[129.02642323775942,33.00856870612841],[129.0264424820299,33.008574189644484],[129.02649702381134,33.00857710221869],[129.02657500000896,33.00860715661465],[129.0265834060758,33.00863784857418],[129.02658095108384,33.008698257152545],[129.02699069779274,33.00872235826926],[129.02703566191,33.00872613576801],[129.02706673447955,33.00871633466462],[129.02707213872662,33.00870643606747],[129.02701447908453,33.00868457464073],[129.02693863412298,33.008654528607565],[129.02694945229064,33.00863292728426],[129.0270061445764,33.008640356599805],[129.02706171614514,33.008654094052595],[129.02713554156952,33.0086552765129],[129.02717628578492,33.0086428063922],[129.0271315950253,33.00859574513668],[129.02715101232042,33.00856876611731],[129.02716606570488,33.008552591735906],[129.0271854685124,33.0085283178206],[129.02734699495292,33.008546966205394],[129.02747419098137,33.00857450170061],[129.02767402762157,33.0086293653867],[129.02761611667242,33.00865439539167],[129.02766632271263,33.008670817390495],[129.02766088480948,33.00868702830935],[129.02758370118912,33.0087119846387],[129.02757707029753,33.00874802982711],[129.02752966886038,33.00880916945382],[129.02754660439916,33.00883989372557],[129.02764890569455,33.00892594891298],[129.02771610312348,33.00897039020186],[129.0277887343631,33.008999521506134],[129.02790926735472,33.00906941408914],[129.02794547777563,33.009107425351445],[129.02801129967386,33.009205966802014],[129.02811753946375,33.00935335605228],[129.02819418451477,33.00942939391644],[129.02826986633116,33.009490098628945],[129.02835734880944,33.009540928874564],[129.02845555792268,33.00958729034351],[129.0285399505214,33.00962187666548],[129.02857944453214,33.00964006138818],[129.0286606003542,33.00967012658184],[129.0286713316897,33.009664756873605],[129.02870458316738,33.009654061529204],[129.02873024345806,33.00965596228801],[129.02877829411347,33.00967688450477],[129.02877035345404,33.009762521554876],[129.0288066427377,33.00978610496437],[129.02888356202044,33.009810743102776],[129.02896161286407,33.009827270525726],[129.02902454334117,33.00986448050164],[129.02908107809694,33.009901666256376],[129.02907799827733,33.00987550392361],[129.029090929011,33.009857515999826],[129.02912629408524,33.00985043744644],[129.0291434018666,33.009856814021646],[129.02914865226552,33.00987577115004],[129.02915493757845,33.009896535270094],[129.0291677488813,33.009901092515655],[129.02923636547794,33.00988331680522],[129.0293581558396,33.0099216512566],[129.0293656062936,33.00992799184545],[129.02937726553174,33.00995238297731],[129.0293738879967,33.00998212870382],[129.02935773818965,33.010000102837985],[129.02935325787115,33.01004066506443],[129.0293603572412,33.01011283263677],[129.02931946796198,33.010152355128405],[129.02929908742266,33.010164000833655],[129.02928074845272,33.01019278789814],[129.0293077619825,33.0103407770998],[129.02948643134158,33.01055607271818],[129.02965694371537,33.01069378456672],[129.02978367486642,33.01080968839367],[129.02980401031746,33.01081427400022],[129.02981684032025,33.010815223998655],[129.02983813528004,33.010836045330954],[129.02985179810358,33.01088479160265],[129.02987736701448,33.01090382544195],[129.0299253754758,33.01093286259544],[129.030047971758,33.01102440350191],[129.03019382851798,33.011168333469456],[129.03025453659882,33.011230784192314],[129.03034172429165,33.011337520679426],[129.03041061643006,33.011464929000375],[129.03053578257988,33.01167911767924],[129.03058886073666,33.01176137829834],[129.0308289424109,33.012096836009306],[129.0308439090041,33.012105008478166],[129.03088023807612,33.012113260910915],[129.03094844250208,33.012165820441346],[129.0309623686349,33.012164970830426],[129.030997916205,33.01212362406368],[129.03100859987464,33.01212727102715],[129.03100304285385,33.0121660261866],[129.03101249672554,33.012196721300334],[129.03111154809702,33.012289975595905],[129.03124282147513,33.012567310327675],[129.0313263531172,33.012756994384056],[129.0314256875639,33.012994531023004],[129.03152349512212,33.01312565433324],[129.0316088510442,33.01317647444865],[129.03168780135863,33.013220957428],[129.03170267867267,33.01323814705709],[129.0317311230473,33.01333023365683],[129.03179566921008,33.0134657404126],[129.03185422524854,33.01352457504988],[129.0318613802739,33.01358682303645],[129.03188681025168,33.01364012271629],[129.03190070451168,33.01364558531214],[129.03193921429275,33.01364482860816],[129.0319806715,33.01370359888157],[129.03201539011155,33.01381103903468],[129.0320735314591,33.013948324647814],[129.0320952796347,33.01408908122084],[129.03208448585502,33.01431177532736],[129.03211535948884,33.01433984572534],[129.03216356624614,33.0143319108994],[129.0321806989965,33.01433377893288],[129.03218816782245,33.01433651217678],[129.0322201530284,33.014360078481275],[129.03222635966205,33.01439617218774],[129.03221333766183,33.01443129152819],[129.03220135152063,33.014476334444396],[129.03218926978056,33.01453129668316],[129.0321854351689,33.01464760890003]]]},"properties":{"KEY_CODE":"42411019027","PREF":"42","CITY":"411","CITY_NAME":"新上五島町","S_NAME":"続浜ノ浦郷","SETAI":"0"}},{"type":"Feature","geometry":{"type":"Polygon","coordinates":[[[129.0199653729609,32.97662894392618],[129.0197915814646,32.976717547905096],[129.01962705329865,32.97667813720969],[129.019508322296,32.976670467231635],[129.0193745671192,32.97667446033727],[129.01923117616897,32.97668292493819],[129.0191541040557,32.97668443126223],[129.01908357265512,32.97667423889113],[129.01905368222927,32.97666059714184],[129.01900902207333,32.97661173058671],[129.018971994654,32.976534937995105],[129.0194979716937,32.97525337300734],[129.02000071242577,32.973407195730616],[129.0196667356013,32.9725285758247],[129.0199040231873,32.97192730227351],[129.02062108594967,32.971442075902814],[129.02060030075336,32.970735980831094],[129.01982830250287,32.9699958338651],[129.0197680603403,32.96974641984106],[129.01994342187655,32.968080686433844],[129.0197402882345,32.966927434841395],[129.01990068262734,32.96573923526947],[129.0197304745702,32.96533366015021],[129.02032413222025,32.964879121390986],[129.02042508193685,32.96443305473682],[129.0207850305684,32.963915308928755],[129.02066683637017,32.96304866578036],[129.02144323017842,32.9634300722758],[129.022904344922,32.96398653932446],[129.02474305248012,32.964771141669196],[129.02491195839858,32.96506556963338],[129.02484062931148,32.96511229742503],[129.02483081629114,32.965142016463226],[129.02481156347912,32.965140142365925],[129.0247276192471,32.96563669262152],[129.02471546728546,32.965705178351485],[129.02479479460547,32.965873208533914],[129.02534740196083,32.96615756166146],[129.0254452078389,32.96626975079886],[129.0258298342345,32.966359583958834],[129.02632008214195,32.966101736579866],[129.02620027129845,32.96590830599295],[129.0263383588161,32.96609098462373],[129.02700680289522,32.96571207178718],[129.02772101411682,32.96538472904843],[129.02594111128914,32.96636000632076],[129.02505373230494,32.966856210198515],[129.02523534775185,32.96730597875441],[129.02511742914905,32.96774829594052],[129.02501119154047,32.967610824099864],[129.0249758672901,32.96761339324993],[129.02495121618156,32.96762051455012],[129.02494047518425,32.96762859030591],[129.02493722434585,32.967634890374335],[129.02493676888548,32.96771965327847],[129.02492914789005,32.96774577611826],[129.0248895177191,32.96775644657498],[129.02485864347156,32.96773198144712],[129.02480655430145,32.96766595480829],[129.02438817085297,32.96748851868455],[129.02433827996379,32.96741799036017],[129.0243448680015,32.96738194503991],[129.02433639691154,32.967371992529635],[129.0243130912644,32.96732320957998],[129.02422458414947,32.96727688176199],[129.02411729038718,32.96733599000276],[129.02398208832483,32.967409419150066],[129.0240682786489,32.967498120043444],[129.02396470725415,32.96765733689393],[129.02395212787158,32.96780517834137],[129.02386068037057,32.96790131808286],[129.02379423784424,32.967924508584076],[129.0237246803427,32.96792875208216],[129.0236595003928,32.96791948584597],[129.02348310476754,32.9678980740796],[129.0233575227457,32.96796973550986],[129.02312115340203,32.96815910339187],[129.02303287302036,32.96826427099993],[129.02300911350056,32.96830746565529],[129.02302362154768,32.96839138456454],[129.02301610210665,32.968398570899616],[129.0228975318599,32.96837106507429],[129.02285461062868,32.968395247545274],[129.02277369353746,32.96852208690236],[129.02279979485542,32.96864121919049],[129.02279965860714,32.968666467806464],[129.02278530979765,32.968746668492706],[129.02282092983103,32.96888297123071],[129.02299638834057,32.96907842096897],[129.02303855596327,32.96919400713528],[129.02306348252606,32.96933748117416],[129.02306169502432,32.96946732950251],[129.02306099951832,32.969596278260305],[129.02308522816236,32.96966760891812],[129.0231010654565,32.969706446059455],[129.02310908788237,32.96980747272324],[129.02309908412542,32.96987236124852],[129.0230707301851,32.97017073627275],[129.02310526762548,32.97031424728382],[129.02317625791267,32.970439864011894],[129.02328639251223,32.97065309945014],[129.0233539608436,32.97081657704754],[129.02338350492354,32.970894239404736],[129.02341386045265,32.97101519309191],[129.02341043929232,32.97105305296953],[129.02341348622613,32.971084626217],[129.02345517500032,32.97109560665294],[129.02353833650474,32.971141914847536],[129.023582819687,32.971231358066944],[129.02361972275145,32.971331595218935],[129.02365240848658,32.971415583585284],[129.023751707513,32.97145293398194],[129.02376353620087,32.97144486416132],[129.02383206264838,32.971430696608756],[129.0239185819218,32.97145898215752],[129.024041213853,32.971532490648734],[129.02415507001692,32.97164474499312],[129.02416455521595,32.97166822505709],[129.0241655058413,32.9716934789607],[129.02416007926445,32.97170788731417],[129.0241179497932,32.97177896484608],[129.0241179206703,32.97178437617732],[129.02412108436397,32.971794305733404],[129.02413174340947,32.97180156145286],[129.02415630349543,32.971811575348944],[129.02424277474893,32.971848875342594],[129.02433223635336,32.97192045730805],[129.02436410205323,32.971962960508435],[129.0243874544492,32.97199551376293],[129.02443602677693,32.972117436510295],[129.02443591038607,32.97213907743205],[129.02435532676498,32.972203697157795],[129.02429006241476,32.9722016447525],[129.02415005695207,32.97218037058953],[129.02411260937032,32.972181130430315],[129.02409972387463,32.97218378646164],[129.02407615733338,32.97219090890684],[129.02402029863367,32.972234883983184],[129.02394152057298,32.97235992726624],[129.02394353108332,32.97238247894043],[129.0239742105895,32.97245113062811],[129.02399642857972,32.97249269447539],[129.02402492904102,32.97257035543962],[129.02403430684498,32.97261367668619],[129.02403824816568,32.97287520215633],[129.02399613589333,32.973144666913],[129.02388698976324,32.97335255797912],[129.02374044899958,32.973543170914134],[129.02359847492633,32.97368510804495],[129.02338185725077,32.97378167083391],[129.02330153873183,32.973796694063],[129.0231697969826,32.97382324352282],[129.02312043273005,32.97384830405121],[129.02305041822433,32.97393640717459],[129.02301462505108,32.974025546462094],[129.0230060075383,32.97404264607881],[129.02297912594614,32.974067792487126],[129.02295657920632,32.9740794301642],[129.02288586289194,32.97409629235957],[129.022784235315,32.97409500268797],[129.02265380363008,32.97408007402756],[129.02258423652134,32.97408521893332],[129.02255104932624,32.97409410936818],[129.02246411403314,32.97414247037184],[129.02236529511836,32.974216938677294],[129.02225910072838,32.974264324730285],[129.022070798567,32.974270814934286],[129.0220248807469,32.974253506239904],[129.02200064202867,32.9741839787156],[129.02202337836567,32.97413717429679],[129.02203635890947,32.97410926864465],[129.02203120972231,32.97407227584471],[129.02188444001047,32.973910298539984],[129.02183958456152,32.97389750264512],[129.02167792454856,32.9739158183413],[129.02165220659327,32.973926539742436],[129.02163607646372,32.97394180950294],[129.02162960250578,32.97394899696916],[129.02161664559955,32.97397239387303],[129.0215784750905,32.974106608730004],[129.02150923306553,32.9742524297889],[129.02141083799407,32.97444142158396],[129.02130260132944,32.974672758355425],[129.02119223279445,32.97490408575622],[129.02111670522763,32.97502192702714],[129.02099604789476,32.975177466093584],[129.0208431590398,32.97535813306878],[129.02071630882213,32.97546856281042],[129.0206356314369,32.97554941095775],[129.0206086558133,32.97559168894878],[129.02056858707806,32.97568261350853],[129.02054234246498,32.97578260719642],[129.02051503899915,32.97588530362874],[129.02039110766847,32.976050749834734],[129.02032970956463,32.976128966829],[129.02028966409534,32.9762153826003],[129.0202969929246,32.97624336351608],[129.02031805207423,32.976305667921096],[129.02031588650206,32.97631197091988],[129.02028686299556,32.9763389120314],[129.02026103872723,32.97636135664808],[129.02014169034408,32.97647542091645],[129.0199653729609,32.97662894392618]]]},"properties":{"KEY_CODE":"42411019027","PREF":"42","CITY":"411","CITY_NAME":"新上五島町","S_NAME":"続浜ノ浦郷","SETAI":"36"}},{"type":"Feature","geometry":{"type":"Polygon","coordinates":[[[129.018971994654,32.976534937995105],[129.01844866962736,32.97616860372247],[129.0181921516042,32.97553277307853],[129.01742032204956,32.97523220527889],[129.01729856859447,32.9747988879457],[129.0167708544052,32.97426029406899],[129.01685891144808,32.97341839030437],[129.01662805341505,32.97298464881832],[129.0166128907333,32.971844761119385],[129.01570469268754,32.97124787234542],[129.0156708992017,32.97097090059913],[129.0161309741205,32.970379327562505],[129.01646442904732,32.96964929497002],[129.01632079128424,32.96950625775091],[129.01625634471816,32.968774677291705],[129.0164593347684,32.96843369870733],[129.01632468352668,32.968015659816636],[129.016814743601,32.96760726087408],[129.01695039640288,32.9672533937636],[129.01678102115278,32.96672791171735],[129.01714601185498,32.966493968917725],[129.01755433697232,32.96596080746044],[129.01732290094793,32.96564339071159],[129.0177379364705,32.96466027535523],[129.01724662452978,32.964521300603316],[129.01724685270202,32.96487749764626],[129.01667247504582,32.96583835322567],[129.0166470659884,32.96618272795904],[129.01607588351754,32.96636626978522],[129.0158712985626,32.96680824068392],[129.0150957764359,32.967775520192525],[129.01466030574355,32.96876576299265],[129.01406721565635,32.969038487747994],[129.01394521049863,32.96943839373262],[129.01463447165767,32.96996230215542],[129.01447348058787,32.97083367934455],[129.01366372280728,32.971405846731585],[129.0137954063803,32.97177698395597],[129.0135640280894,32.97202587107153],[129.01390587482655,32.97231306473344],[129.0141653097254,32.972988595943576],[129.01365622538245,32.972965869242074],[129.0140000558295,32.97327290799298],[129.01381610591253,32.973650931105546],[129.013497093612,32.973496386035634],[129.01349116377875,32.97379935643178],[129.0140957524581,32.97396493296782],[129.01391865367987,32.974267235685325],[129.01386598788278,32.97489195339712],[129.0140507395802,32.97515147910837],[129.01379904999982,32.97539126837849],[129.0145962280041,32.97575418016763],[129.0144093419843,32.97608800551491],[129.01379154045134,32.97636875143076],[129.01284760284926,32.976617559470355],[129.01225930838126,32.976593615696586],[129.01189588557665,32.97614762231787],[129.01160339850114,32.97622132395954],[129.01122532684695,32.975908733138446],[129.0111732492149,32.97546395795601],[129.0113784565232,32.97511397714469],[129.01083750864404,32.97426960746596],[129.0104027029085,32.9741596880182],[129.00965661461817,32.97365537312921],[129.00957836079868,32.97329796550028],[129.00995250757694,32.973350839110374],[129.0102456549413,32.97296062414424],[129.01042978657608,32.97235626390095],[129.0103813057627,32.97164818748242],[129.00956630246313,32.97122385823998],[129.00932439291302,32.97067282983309],[129.00880763244243,32.97087549799735],[129.0082768923639,32.9705108952218],[129.0072458394765,32.97008299647055],[129.00656716718544,32.9692037996103],[129.0061002058925,32.96910997145919],[129.0052985775407,32.969364700051266],[129.0050874300061,32.96962447121109],[129.00367321369893,32.969239208631954],[129.00310764390926,32.969939431940226],[129.0025141021697,32.969712525198474],[129.00244975851,32.969361483824535],[129.0020236765598,32.96960776812839],[129.0016546211378,32.96941151264727],[129.0016073527796,32.96907136043573],[129.0012149146568,32.96904273895862],[129.00070209215468,32.968731381988256],[129.00036952426623,32.96832786650868],[129.0000258457492,32.96838239779665],[128.99989176485676,32.968061734955555],[128.99925752851678,32.967851785669545],[128.9990779492115,32.9670728447267],[129.00005860176992,32.96686050056122],[129.00211468588563,32.966692210955955],[129.0023013528013,32.96659488899252],[129.00245521171732,32.96613461062706],[129.00245745534377,32.96573583382633],[129.00263752494646,32.96542929395884],[129.00277057153517,32.96521408569392],[129.0037238274604,32.965329016218284],[129.0045649527927,32.965387921789734],[129.00551945011952,32.965274037526726],[129.00676972325132,32.96497826374183],[129.0070732947489,32.96477680002447],[129.00778118129233,32.963691103828],[129.00842745283077,32.96322294507839],[129.00944578692136,32.962782400208354],[129.0099525922202,32.962294082444856],[129.01025640673188,32.96134407005587],[129.01045862538007,32.96123373089932],[129.01062988309943,32.96112326628427],[129.01097338880257,32.96069968442257],[129.01114030064826,32.95996814865547],[129.01114932650634,32.95903659928872],[129.01118141184978,32.95884060754009],[129.011990949736,32.95828156390914],[129.0125745175482,32.957221517274604],[129.01343673515012,32.95695684795891],[129.01372845923427,32.956081974445276],[129.01420526691567,32.95539086275808],[129.01470315245348,32.95509862085906],[129.01485057900078,32.95507957875956],[129.01620266689,32.955264617249775],[129.01687744596822,32.95524108400406],[129.0175067491215,32.955021247662934],[129.01871200035262,32.95441138049619],[129.0200605450328,32.95382493154452],[129.02020667413643,32.95474518427034],[129.01977149309897,32.955511823321665],[129.01955738969937,32.95638314744373],[129.01978556628845,32.95859033962078],[129.0201970541589,32.959920910530606],[129.02085552688763,32.961138225050675],[129.0210661242114,32.9620475189126],[129.0207311897715,32.96249268406955],[129.02066683637017,32.96304866578036],[129.0207850305684,32.963915308928755],[129.02042508193685,32.96443305473682],[129.02032413222025,32.964879121390986],[129.0197304745702,32.96533366015021],[129.01990068262734,32.96573923526947],[129.0197402882345,32.966927434841395],[129.01994342187655,32.968080686433844],[129.0197680603403,32.96974641984106],[129.01982830250287,32.9699958338651],[129.02060030075336,32.970735980831094],[129.02062108594967,32.971442075902814],[129.0199040231873,32.97192730227351],[129.0196667356013,32.9725285758247],[129.02000071242577,32.973407195730616],[129.0194979716937,32.97525337300734],[129.018971994654,32.976534937995105]]]},"properties":{"KEY_CODE":"42411019028","PREF":"42","CITY":"411","CITY_NAME":"新上五島町","S_NAME":"続浜ノ浦郷","SETAI":"15"}},{"type":"Feature","geometry":{"type":"Polygon","coordinates":[[[129.01324688016834,32.97852183916609],[129.0130052263908,32.978690424262],[129.01267694137715,32.978463701838216],[129.01285025934868,32.978273207104664],[129.01324688016834,32.97852183916609]]]},"properties":{"KEY_CODE":"42411019028","PREF":"42","CITY":"411","CITY_NAME":"新上五島町","S_NAME":"続浜ノ浦郷","SETAI":"0"}},{"type":"Feature","geometry":{"type":"Polygon","coordinates":[[[128.98996880268663,32.96562464188575],[128.989385536131,32.96567004634387],[128.98918841766638,32.96423994588331],[128.98898102997018,32.963474403076994],[128.98901957685933,32.96309491843777],[128.9881787049012,32.96292644206271],[128.98809362711256,32.962660072697574],[128.9876971120922,32.96259802757499],[128.9875557077711,32.96189226617965],[128.9870558043451,32.961775687983405],[128.98727524061337,32.96119405191639],[128.9861979005731,32.961225684466065],[128.9862935513249,32.9607779013318],[128.98557865308823,32.96047106067898],[128.984804777338,32.960002556302435],[128.98460090361914,32.95937949864692],[128.98437491013323,32.959247809620685],[128.98368594970114,32.9596255020553],[128.9836590677528,32.96002216603721],[128.98285044683178,32.96037501352287],[128.9817601446839,32.96060765627524],[128.9814644404981,32.96032868278896],[128.9805004062638,32.960732271038516],[128.97914251362536,32.96008275444046],[128.97910530647326,32.95950366695079],[128.9788094735574,32.95960343079314],[128.97891310334066,32.959077236101855],[128.97847462696072,32.95906277637979],[128.97824212357912,32.9585838713814],[128.97789276266434,32.95869874101661],[128.97792939561177,32.958105533061655],[128.97834842411316,32.95815778462345],[128.97849145533982,32.95729810329057],[128.9794581898452,32.956970288024706],[128.97962166740678,32.956091752345756],[128.9792224863361,32.9561261580163],[128.9790207604588,32.95550851235399],[128.97845727152404,32.95529154190482],[128.97880760339805,32.95519381135519],[128.97915868666783,32.95479038667157],[128.97877022081732,32.954460520587304],[128.9788514847052,32.954283215486406],[128.97940668941033,32.95445145527664],[128.979862614272,32.95367513708691],[128.98026749697542,32.95266685176885],[128.9804414475995,32.952001172000415],[128.98051922744614,32.95114121786245],[128.98022790681418,32.950113804436015],[128.98060359728143,32.94952020653432],[128.9805301792124,32.949272819711965],[128.97975711344424,32.94923533098472],[128.97919063013663,32.94899400258249],[128.9787045118894,32.94908305227306],[128.97850151716324,32.94886848555365],[128.97818608521314,32.94903219222067],[128.97777481222423,32.94894750877691],[128.9776560852978,32.94859171944412],[128.9778009743926,32.94813783933488],[128.97816680878955,32.948133957646895],[128.97796260670168,32.94775616987127],[128.9783283638041,32.94739609207612],[128.9786355905157,32.94753263958994],[128.97876472167394,32.946851447129106],[128.9792961948813,32.94704754356373],[128.97942642838453,32.946540397389526],[128.98070910010554,32.9459388522611],[128.98108694255222,32.94606576726867],[128.98140924753218,32.94563155809396],[128.98165547862362,32.94558929801661],[128.98271475601683,32.94496335775018],[128.9826066518988,32.94424510908356],[128.9830617732767,32.94377086036196],[128.98372099163265,32.94425332869989],[128.98362355952264,32.94555326475589],[128.98324664890202,32.945997178220004],[128.9831778029136,32.946620006038046],[128.9833531389349,32.94736648923453],[128.98318497556343,32.948320756175946],[128.98329963113488,32.94865488197081],[128.98289713324658,32.949077945197324],[128.98264372810453,32.94980371461043],[128.98224234068496,32.950585678897156],[128.98247610251045,32.95103572271859],[128.98317580823695,32.95118290288969],[128.98358469420614,32.95112778585356],[128.98435626441966,32.95160530150579],[128.9843239809994,32.95237887597382],[128.9845825911462,32.95278303209638],[128.9855741716723,32.95240116814623],[128.98593753462433,32.951896783669206],[128.9858721331556,32.95155384522976],[128.98670375014947,32.950906199732806],[128.98660398313416,32.95040080314685],[128.98727466135423,32.95038733317081],[128.98776017046433,32.95114049397426],[128.98826214185894,32.95089637655705],[128.9887638122767,32.95107337570051],[128.98847424802722,32.95176654402616],[128.98889714175937,32.95206405474176],[128.98832051961645,32.953014852086795],[128.98837170950733,32.9539610102745],[128.9887030733655,32.953816282866526],[128.98888125983189,32.95333276953591],[128.9896743227226,32.95287882479116],[128.99034567368037,32.95293297426168],[128.99057430498456,32.952051982885195],[128.99050242619165,32.951713528213865],[128.99116554336106,32.95134471332018],[128.9914369518922,32.95139451521728],[128.9918656766779,32.95198060434009],[128.99267318759257,32.95198299550155],[128.99290854748082,32.951411333300314],[128.99344700461705,32.95114118809036],[128.99383804578903,32.95159005246531],[128.993924497754,32.951997998302886],[128.9947828790288,32.95245777443713],[128.9948091591717,32.95328570353102],[128.9940528389083,32.95330878539959],[128.9933627436984,32.95390835807478],[128.99336258209425,32.9541265859887],[128.99405473144787,32.95466685015694],[128.9943317960581,32.9546571518568],[128.9946706949215,32.95505800617638],[128.99417437406618,32.95506501010426],[128.9936900013019,32.955971120565316],[128.99428902215578,32.95652813759016],[128.99500450442696,32.95635880160235],[128.995652240104,32.95699897355989],[128.99573592546048,32.957894761527825],[128.9961478964153,32.957866671668675],[128.99643205939748,32.95811670798352],[128.9970376330111,32.95959984657439],[128.9969083731699,32.96013317025018],[128.99667073518825,32.96034863361753],[128.99623482599432,32.96025669559661],[128.9960684475002,32.960740266851865],[128.99699336409952,32.96117685056883],[128.99677164389624,32.96178915385004],[128.99636133155468,32.96208778524068],[128.99609895032947,32.96251596383507],[128.9956628055094,32.96265397221951],[128.99514944220908,32.96339223602004],[128.99459079849473,32.963431453118964],[128.99451950046563,32.96318498469122],[128.99397134826918,32.963260312049314],[128.99326749092438,32.96251349789901],[128.99284831882468,32.96286077163742],[128.99248663205842,32.962699689691696],[128.99152414343777,32.96284004742444],[128.99097745071725,32.9634167437522],[128.99044680664156,32.964723934818124],[128.99053135942572,32.96509039672546],[128.99030066153276,32.96558271426647],[128.98996880268663,32.96562464188575]]]},"properties":{"KEY_CODE":"42411020000","PREF":"42","CITY":"411","CITY_NAME":"新上五島町","S_NAME":"飯ノ瀬戸郷","SETAI":"0"}},{"type":"Feature","geometry":{"type":"Polygon","coordinates":[[[128.98867398730448,32.950327248804165],[128.98831358923363,32.95013369680288],[128.98875983862462,32.949719814427326],[128.98915427556003,32.950132635348545],[128.98867398730448,32.950327248804165]]]},"properties":{"KEY_CODE":"42411020000","PREF":"42","CITY":"411","CITY_NAME":"新上五島町","S_NAME":"飯ノ瀬戸郷","SETAI":"0"}},{"type":"Feature","geometry":{"type":"Polygon","coordinates":[[[128.9766678318022,32.948949187252865],[128.97610708863576,32.94900364446488],[128.97601183226226,32.94865065555813],[128.97653854338625,32.94820379037441],[128.9773037263854,32.94830799543876],[128.9774193295461,32.948654754451844],[128.9770990330692,32.948920335158796],[128.9766678318022,32.948949187252865]]]},"properties":{"KEY_CODE":"42411020000","PREF":"42","CITY":"411","CITY_NAME":"新上五島町","S_NAME":"飯ノ瀬戸郷","SETAI":"0"}},{"type":"Feature","geometry":{"type":"Polygon","coordinates":[[[128.9990779492115,32.9670728447267],[128.99860498375241,32.96671474918705],[128.99793474424422,32.96662909187052],[128.99767400889473,32.96639087868923],[128.99772695588507,32.96591947006873],[128.99729729425678,32.96567155827623],[128.99695591351846,32.96475038394833],[128.99710447939472,32.96439478791841],[128.99772528480412,32.96414570150733],[128.99811293852883,32.96312827088403],[128.9979968442528,32.96285096143291],[128.99889647286733,32.96190862870038],[128.99959599910986,32.96134602825249],[129.0000769043308,32.96124154908518],[129.00116388795934,32.960633603349194],[129.00109947241086,32.96029698662313],[129.00315821408492,32.95998507540752],[129.00308952768447,32.96021475039704],[129.00364380231605,32.959989715717136],[129.00371970423424,32.95962029671217],[129.00336602838075,32.959362786580826],[129.0030161269738,32.95937853030302],[129.0029450508389,32.95851526202759],[129.0039261540233,32.95847227419032],[129.00311958707067,32.958290517606486],[129.0030780793376,32.9578692290287],[129.0027922292561,32.95773012244903],[129.00190571641258,32.95845159942851],[129.00057931961433,32.9582641431278],[129.00055984730295,32.95849401424602],[129.0001107668111,32.95846335735867],[128.9999623060793,32.957857679415106],[129.00029859529926,32.95758759608087],[129.00020955616426,32.957254490184084],[129.00066835436397,32.95707958194007],[129.00074310952385,32.95672278734604],[129.00033259391114,32.95649389737676],[129.00030764511368,32.95617637555088],[128.99951654139363,32.95629494036794],[128.9990023795196,32.95604218717647],[128.99875845657667,32.95548842781839],[128.9985562849022,32.95548671211034],[128.99872681224684,32.95484173467881],[128.99900873017424,32.954358619689565],[128.99834150415995,32.95431806430726],[128.99831928987498,32.954087122532094],[128.99761832080696,32.95396346314413],[128.99761439540035,32.953712754272765],[128.9981679102167,32.95324066013979],[128.99843794318465,32.9535348208522],[128.99888936772425,32.95352311067129],[128.999373964989,32.952942517345306],[128.99973830742107,32.95282133954519],[128.9996827301547,32.95321492598035],[128.99978306656277,32.95361073600355],[129.00002317951956,32.95391443672764],[129.0003517302081,32.95413199682447],[129.0005991575714,32.95443572161124],[129.0007652962087,32.95486268527573],[129.00209304046822,32.95593065557779],[129.00320060940717,32.955749728999244],[129.00423410325556,32.955716773923946],[129.00451226182489,32.95577347848581],[129.0058202900669,32.95578794223581],[129.006260090214,32.95576496577851],[129.00677431510286,32.955544591573954],[129.00729485330928,32.955503402750075],[129.00752909474627,32.95555375320217],[129.00806575452194,32.95590494178195],[129.0093319084418,32.95752861956084],[129.010068241895,32.958217295886264],[129.01118141184978,32.95884060754009],[129.01114932650634,32.95903659928872],[129.01114030064826,32.95996814865547],[129.01097338880257,32.96069968442257],[129.01062988309943,32.96112326628427],[129.01045862538007,32.96123373089932],[129.01025640673188,32.96134407005587],[129.0099525922202,32.962294082444856],[129.00944578692136,32.962782400208354],[129.00842745283077,32.96322294507839],[129.00778118129233,32.963691103827976],[129.0070732947489,32.96477680002447],[129.00676972325132,32.964978263741834],[129.00551945011955,32.965274037526726],[129.0045649527927,32.965387921789734],[129.0037238274604,32.965329016218284],[129.00277057153517,32.96521408569392],[129.00263752494646,32.96542929395884],[129.00245745534377,32.96573583382633],[129.00245521171732,32.96613461062706],[129.0023013528013,32.96659488899252],[129.00211468588557,32.966692210955976],[129.00005860176992,32.96686050056122],[128.9990779492115,32.9670728447267]]]},"properties":{"KEY_CODE":"42411020029","PREF":"42","CITY":"411","CITY_NAME":"新上五島町","S_NAME":"飯ノ瀬戸郷","SETAI":"17"}},{"type":"Feature","geometry":{"type":"Polygon","coordinates":[[[129.00241775032563,32.952223375718006],[129.0024817074618,32.952455387040004],[129.00199469128287,32.95270503362752],[129.00179495095432,32.95227950196828],[129.0020848957744,32.952073254485086],[129.00241775032563,32.952223375718006]]]},"properties":{"KEY_CODE":"42411020030","PREF":"42","CITY":"411","CITY_NAME":"新上五島町","S_NAME":"飯ノ瀬戸郷","SETAI":"0"}},{"type":"Feature","geometry":{"type":"Polygon","coordinates":[[[129.01470315245348,32.95509862085906],[129.01420526691567,32.95539086275808],[129.01372845923427,32.956081974445276],[129.01343673515012,32.95695684795891],[129.0125745175482,32.957221517274604],[129.011990949736,32.95828156390914],[129.01118141184978,32.95884060754009],[129.01006824189497,32.95821729588625],[129.0093319084418,32.95752861956084],[129.00806575452194,32.95590494178195],[129.00752909474627,32.95555375320217],[129.00729485330928,32.955503402750075],[129.00677431510286,32.955544591573954],[129.006260090214,32.95576496577851],[129.0058202900669,32.95578794223581],[129.00451226182489,32.95577347848581],[129.00423410325556,32.955716773923946],[129.00320060940717,32.955749728999244],[129.00209304046822,32.95593065557779],[129.0007652962087,32.95486268527573],[129.0005991575714,32.95443572161124],[129.0003517302081,32.95413199682447],[129.00002317951956,32.95391443672764],[128.99978306656277,32.95361073600355],[128.9996827301547,32.95321492598035],[128.99973830742107,32.95282133954519],[129.0004032170916,32.953263169500495],[129.00089042677578,32.95316592775804],[129.00158157624065,32.953891002463756],[129.00297756454327,32.95367474883772],[129.0036457611753,32.953727907300326],[129.00397629662785,32.95333876363652],[129.0038519290922,32.95320210081619],[129.00444906414438,32.95276081026939],[129.005035614699,32.95288126975422],[129.00514040315437,32.95326944604245],[129.00607300050459,32.952900718306985],[129.00675658347805,32.95325872197236],[129.00706227753204,32.953103927703786],[129.00676260842715,32.95275465846591],[129.00687274533757,32.95256662579602],[129.00767132985519,32.95264282794869],[129.00679741412353,32.952079372924864],[129.0060128427708,32.9519860881267],[129.00571454580577,32.95158722465541],[129.00596504075997,32.951163484488035],[129.00503709860558,32.95070260831248],[129.0050871857315,32.950158135892984],[129.0049822867268,32.94940925177888],[129.00509997014643,32.94902195890397],[129.00409270931857,32.94878620301337],[129.0038840273931,32.949382340159126],[129.0029349663466,32.94963736736928],[129.00273995409995,32.9502750390677],[129.00203734008986,32.95064105977334],[129.00142516713115,32.9501399320123],[128.9996432389865,32.9497702822857],[128.99942754134375,32.95046377663911],[128.99908251996078,32.95019907253408],[128.99868680968368,32.950379639950455],[128.99781578679904,32.95007854990417],[128.99742524329838,32.94953952244412],[128.99745236388858,32.949280822978466],[128.99811832087607,32.9485945568806],[128.99859842840624,32.948426958931485],[128.99933948524964,32.948443464651376],[129.00005544102723,32.947799769800625],[129.00053567303166,32.9472308781776],[129.00091485501912,32.94712598592677],[129.00179710796982,32.947143042216815],[129.00240761679427,32.94736461338155],[129.00276127846396,32.94723616676039],[129.0027328266447,32.9467824656926],[129.0030266354296,32.94607033808811],[129.00343235167423,32.9458140485233],[129.00451773793228,32.945655151397695],[129.00469013966898,32.94542588563634],[129.00352182155908,32.945310317303175],[129.00269054928236,32.944974251859776],[129.00217227050027,32.945092116347105],[129.0002462152789,32.94450908360399],[128.9995946855929,32.94454254039882],[128.9990136254857,32.9447917983131],[128.99855560070984,32.945785506767294],[128.9982101864225,32.9459698816454],[128.99786610610676,32.94554286442576],[128.997577702053,32.94547947764209],[128.99598694229886,32.946113315663546],[128.99485817468874,32.945817481707735],[128.99370336044007,32.94596519801033],[128.9931362001178,32.94583213915783],[128.9927625230027,32.94552943199273],[128.9917907605516,32.943967229356446],[128.99173468050668,32.943489065173765],[128.99193234006117,32.94315080534921],[128.9919243067577,32.94268636328667],[128.99229859020022,32.9423190652998],[128.99315797973085,32.94409104690125],[128.9935590396233,32.944426301682086],[128.99370527036803,32.944482498125346],[128.99474243488433,32.94442801696111],[128.99491127462733,32.944373084287996],[128.9965623526727,32.94330165248255],[128.9977414036081,32.943411432889526],[128.99810903118654,32.943190491762046],[128.99832286273653,32.94295039857172],[128.9988451828322,32.94258180216797],[128.9991310616765,32.94255824559635],[129.00047497638406,32.94267175723927],[129.00115100227788,32.94232847745866],[129.00212413565697,32.94257949527258],[129.00415047259807,32.94382632227264],[129.0054030577877,32.943893087717605],[129.0057029477973,32.943986951147856],[129.00643207042108,32.94463237636481],[129.00725039341842,32.94571373253003],[129.007374043024,32.94588104031722],[129.00785555139356,32.94625981803789],[129.00831570744234,32.946527295018285],[129.00888344309436,32.94720914947757],[129.00938161214256,32.947893814756725],[129.00947556236468,32.94812896101572],[129.0094306545285,32.94830178035611],[129.0092166937523,32.94856042105971],[129.0089434732623,32.94894239837961],[129.0090374596091,32.94917136797603],[129.00932889496477,32.949475255656345],[129.00961947043618,32.94992741212467],[129.0096784252852,32.95053003270226],[129.01000018000002,32.95064868186694],[129.01040352627362,32.95059466356499],[129.0106594261262,32.95070069621128],[129.01123336643366,32.951598801380705],[129.01204502905915,32.95191707371631],[129.01215437101848,32.952022530129575],[129.01230928334846,32.952501959026314],[129.01373431836134,32.953211848000855],[129.01384369907123,32.953311125513],[129.0140750904973,32.95388043497029],[129.0142331611834,32.954449445288354],[129.01470315245348,32.95509862085906]]]},"properties":{"KEY_CODE":"42411020030","PREF":"42","CITY":"411","CITY_NAME":"新上五島町","S_NAME":"飯ノ瀬戸郷","SETAI":"16"}},{"type":"Feature","geometry":{"type":"Polygon","coordinates":[[[129.0205191020173,32.953630569372066],[129.0200605450328,32.953824931544524],[129.01925988329288,32.95418795207931],[129.01871200035262,32.95441138049619],[129.0175067491215,32.955021247662934],[129.01687744596822,32.95524108400406],[129.01620266689,32.955264617249775],[129.01485057900078,32.95507957875956],[129.01470315245348,32.95509862085908],[129.0142331611834,32.95444944528834],[129.0140750904973,32.95388043497029],[129.01384369907123,32.953311125513],[129.01373431836134,32.953211848000855],[129.01230928334846,32.952501959026314],[129.01215437101848,32.952022530129575],[129.01204502905915,32.95191707371631],[129.01123336643366,32.951598801380705],[129.0106594261262,32.95070069621128],[129.01040352627362,32.95059466356499],[129.01000018000002,32.95064868186694],[129.0096784252852,32.95053003270226],[129.00961947043618,32.94992741212467],[129.00932889496477,32.949475255656345],[129.0090374596091,32.94917136797603],[129.0089434732623,32.94894239837961],[129.0092166937523,32.94856042105971],[129.0094306545285,32.94830178035611],[129.00947556236468,32.94812896101572],[129.00938161214256,32.947893814756725],[129.00888344309436,32.94720914947757],[129.00831570744234,32.946527295018285],[129.00785555139356,32.94625981803789],[129.007374043024,32.94588104031722],[129.00725039341842,32.94571373253003],[129.00643207042108,32.94463237636481],[129.0057029477973,32.943986951147856],[129.0054030577877,32.943893087717605],[129.00415047259807,32.94382632227264],[129.00212413565697,32.94257949527258],[129.00115100227788,32.94232847745867],[129.00047497638406,32.94267175723927],[128.9991310616765,32.94255824559635],[128.9988451828322,32.94258180216797],[128.99832286273653,32.94295039857172],[128.99810903118654,32.943190491762046],[128.9977414036081,32.943411432889526],[128.9965623526727,32.943301652482575],[128.99491127462733,32.944373084287996],[128.99474243488433,32.94442801696111],[128.99370527036803,32.944482498125346],[128.9935590396233,32.944426301682086],[128.99315797973085,32.94409104690125],[128.99229859020022,32.94231906529982],[128.99295252544883,32.942607581300955],[128.9929984958443,32.9427944353891],[128.99410521380003,32.94319840765387],[128.99490877893226,32.942376546863905],[128.995652999422,32.942026067235496],[128.99570839906883,32.94168722609248],[128.99611898057367,32.941324571864605],[128.9964868958625,32.94131703923058],[128.9969744978517,32.94170676531877],[128.99758517301237,32.941514442994354],[128.99788809206737,32.941092734867],[128.99785479971248,32.94073820378134],[128.99838962926856,32.94071871544062],[128.99900402349124,32.94119010489019],[128.9993940002188,32.9412556978905],[128.9998019104208,32.94080104036289],[129.000884740414,32.94012905518912],[129.00195690369236,32.94021540497096],[129.00253704770148,32.93954951094215],[129.00314708598876,32.93966015588897],[129.00405698927506,32.94103176197623],[129.00404178122017,32.94126345301647],[129.0044647735572,32.94192523059692],[129.00465906435633,32.941986418565826],[129.00501908828446,32.9414846643107],[129.00510378890607,32.94086728997474],[129.0054971081681,32.94052888276646],[129.00703200984177,32.94028697601891],[129.0073223181336,32.94096806003384],[129.00834502338117,32.94149331782457],[129.00880406472507,32.94222195306122],[129.00907684980348,32.94239706706388],[129.0091033440197,32.94282551096013],[129.0093470384701,32.94323767728268],[129.00990605834681,32.94368083990589],[129.0105207244067,32.94373194848729],[129.01072955332086,32.944074540551995],[129.01201629186585,32.945406074869936],[129.0125441380606,32.945688588737816],[129.01280573937697,32.94615311909002],[129.01316394610558,32.947527012715945],[129.01297758439173,32.947767958195946],[129.01363316364984,32.94816459014899],[129.01364772569826,32.94863176203305],[129.0127140515928,32.949208862919185],[129.01300124427047,32.949496745095885],[129.01370488380127,32.94912525474241],[129.01403447685178,32.949094976794214],[129.0146442026153,32.94869065055105],[129.01494421593722,32.94800467063923],[129.0153037501988,32.94777791695431],[129.01604920695317,32.94758602658837],[129.0165864069805,32.9477287857497],[129.01695792076916,32.947265812164],[129.01728834601056,32.9474416376188],[129.01787637516108,32.94789384026906],[129.0184109132354,32.948526540938374],[129.01892486917245,32.94933433624993],[129.01960603171364,32.950358524928184],[129.01973423528003,32.95051575464556],[129.02024019685499,32.950775850339866],[129.02142487851575,32.95131331290217],[129.02276364323419,32.95207077794646],[129.02203755928718,32.9524465629781],[129.02149281247506,32.95280404618919],[129.0205191020173,32.953630569372066]]]},"properties":{"KEY_CODE":"42411020031","PREF":"42","CITY":"411","CITY_NAME":"新上五島町","S_NAME":"飯ノ瀬戸郷","SETAI":"3"}},{"type":"Feature","geometry":{"type":"Polygon","coordinates":[[[129.11326460846146,33.15172416382881],[129.11365022350375,33.15229252387391],[129.11485027533868,33.153159209295055],[129.1155069500026,33.15376091593861],[129.115488108956,33.154155817087904],[129.1161816699992,33.15514900888333],[129.1166346283879,33.15552103265956],[129.1168952954399,33.155485769846656],[129.11719616077832,33.15581945308499],[129.1173210485135,33.156690034703786],[129.11764095525209,33.15732947418295],[129.11780041946284,33.15838952951361],[129.11807338037,33.1589828167599],[129.11787885300376,33.15934291942263],[129.11807145642754,33.15993506074786],[129.1178007920429,33.160547420634906],[129.11792727862002,33.161050098991815],[129.11783414450306,33.16151511440816],[129.11743089904428,33.16179341768874],[129.11662778307897,33.1620614689523],[129.11604508274863,33.1624347975227],[129.1156890206624,33.16295582078157],[129.1158309974484,33.163090626327055],[129.11551609046924,33.16351709086574],[129.11446216214256,33.164017894450296],[129.11329900164702,33.16422890560799],[129.11211204919937,33.16399976314818],[129.1116903569004,33.1640841130529],[129.1113673725901,33.16389283391526],[129.11171130633542,33.16370003025806],[129.11082967947377,33.16353674882158],[129.11081151371368,33.16327699459482],[129.1103464523212,33.163462194623435],[129.1100052925047,33.16277758400554],[129.1102300537555,33.16238060948806],[129.1106263053694,33.162242077837234],[129.11055864011186,33.16202003533875],[129.10951199495182,33.16183461693163],[129.1093545754451,33.161548254927496],[129.10979390220163,33.16111949079652],[129.10950943100974,33.16047023074248],[129.1092889661129,33.160624639147606],[129.10889734495456,33.160455691985675],[129.10920550834658,33.160101355026775],[129.10859446297948,33.16033482230258],[129.10867625032995,33.1600230529132],[129.1083067459961,33.159938943555424],[129.10855872665866,33.15944826986568],[129.10828293443694,33.1592634444345],[129.10778288373615,33.159361972842724],[129.10788967499815,33.15897454914859],[129.10729361543562,33.15896548058234],[129.1075931106825,33.15840371541396],[129.1072036519893,33.15822214415899],[129.10712149911419,33.15740850555269],[129.10730243387903,33.15722421065596],[129.1071508516136,33.15683416447088],[129.10757914814164,33.15647210461798],[129.1072016604874,33.15625629848458],[129.10697426319152,33.15580470683343],[129.10767711841135,33.15563708279246],[129.10856563393182,33.155624916457036],[129.10936656953032,33.15633682731112],[129.10976214184052,33.1562895344544],[129.11118870549706,33.1556461702388],[129.11143043952606,33.15522128707101],[129.1113233324254,33.154827026611706],[129.11144519108754,33.15439802974544],[129.1119110099247,33.15453391378234],[129.11210982431425,33.15427876628773],[129.11288012243037,33.15385927234975],[129.1131950561983,33.153440214974715],[129.11292385235896,33.1531186200531],[129.11204200110174,33.152516260989856],[129.1123977922859,33.15191815282785],[129.11326460846146,33.15172416382881]]]},"properties":{"KEY_CODE":"42411021001","PREF":"42","CITY":"411","CITY_NAME":"新上五島町","S_NAME":"津和崎郷","SETAI":"8"}},{"type":"Feature","geometry":{"type":"Polygon","coordinates":[[[129.10697426319152,33.15580470683343],[129.1071974608065,33.15526885660536],[129.1075981295358,33.15485529711488],[129.1081428367747,33.15482272090652],[129.1082305572652,33.1546264208122],[129.10783822552577,33.15365129420591],[129.10794693442347,33.15282924851306],[129.10731568716508,33.152549568441025],[129.10723884040502,33.15198486834775],[129.1073899069721,33.15176260927426],[129.1070195329856,33.15164694395237],[129.10703322642433,33.15121327259354],[129.1073355247449,33.15097616535628],[129.10685098023475,33.15097915865125],[129.1066379256573,33.150432055675466],[129.10713232265854,33.14990701583526],[129.10680079230562,33.1490051750937],[129.10653217683145,33.148128527412794],[129.10661097116306,33.147528456392884],[129.10642485874922,33.147252324222265],[129.1064019682037,33.14647724623377],[129.10718670006716,33.14641083475944],[129.10707240045983,33.1457855451657],[129.10721126912594,33.14548828878073],[129.10746535598594,33.14495765742863],[129.10772654208876,33.1454603812539],[129.10821104304966,33.14578174900461],[129.10889318759692,33.145742047638194],[129.1090161430972,33.14573751033937],[129.10977185598665,33.145621787180296],[129.10996034515207,33.14542628397075],[129.11005979053417,33.14537892895115],[129.11065401889164,33.14538177975556],[129.11083842487332,33.14532345478493],[129.11084494902536,33.1466499610876],[129.11068043548536,33.147002005380934],[129.11068653575666,33.147814446160375],[129.11120540351848,33.149754713625164],[129.1115779182587,33.150612491441336],[129.11198689801446,33.15047941600189],[129.1123242346018,33.15104403269261],[129.1129473407076,33.151231745802285],[129.1132227570814,33.15148867453158],[129.1132936667357,33.15096682572411],[129.11317192525033,33.149387562246844],[129.11325769659624,33.149384219208116],[129.11340115527088,33.151140280796774],[129.11326460846146,33.15172416382881],[129.1123977922859,33.15191815282785],[129.11204200110174,33.152516260989856],[129.11292385235896,33.1531186200531],[129.1131950561983,33.153440214974715],[129.11288012243037,33.15385927234975],[129.11210982431425,33.15427876628773],[129.1119110099247,33.15453391378234],[129.11144519108754,33.15439802974544],[129.1113233324254,33.154827026611706],[129.11143043952606,33.15522128707101],[129.11118870549706,33.1556461702388],[129.10976214184052,33.1562895344544],[129.10936656953032,33.15633682731112],[129.10856563393182,33.155624916457036],[129.10767711841135,33.15563708279246],[129.10697426319152,33.15580470683343]]]},"properties":{"KEY_CODE":"42411021002","PREF":"42","CITY":"411","CITY_NAME":"新上五島町","S_NAME":"津和崎郷","SETAI":"22"}},{"type":"Feature","geometry":{"type":"Polygon","coordinates":[[[129.13986998068532,33.143816605828185],[129.13975748998294,33.1442248817214],[129.13909502588936,33.14404154828275],[129.139519987226,33.14369991994615],[129.13986998068532,33.143816605828185]]]},"properties":{"KEY_CODE":"42411021003","PREF":"42","CITY":"411","CITY_NAME":"新上五島町","S_NAME":"津和崎郷","SETAI":"0"}},{"type":"Feature","geometry":{"type":"Polygon","coordinates":[[[129.10680079230562,33.1490051750937],[129.10594699469394,33.14839294763575],[129.10600351072108,33.147981943399984],[129.10520461117468,33.1473256924823],[129.1052277042639,33.14647635660596],[129.104734344286,33.1460591164149],[129.10416913614392,33.14493109146309],[129.10310759991523,33.143329903566354],[129.1027137557336,33.1429589495779],[129.10241180085328,33.14312299910538],[129.10195563065423,33.14231180997434],[129.10209691511776,33.14212290142706],[129.10191902710372,33.14139374322883],[129.1020955799984,33.1412292960724],[129.10163553763542,33.140796809906305],[129.10119824676786,33.13984229855389],[129.10080564181533,33.13967513049223],[129.10063479532678,33.13929044702884],[129.10099352803726,33.1393646415248],[129.1008217452521,33.13895560674688],[129.1016790062441,33.13804582804208],[129.1013696995475,33.13747585078296],[129.1009849941765,33.137452980864424],[129.10097984180211,33.13717522882385],[129.1004529803049,33.13707255196623],[129.10020782825836,33.136529825279084],[129.1004711728616,33.13589134930037],[129.0999378321384,33.13508528678591],[129.1000672273117,33.134681728860365],[129.10038866011388,33.134463633911324],[129.10019872363398,33.1340446252137],[129.10080116886238,33.13330533467016],[129.10171949779507,33.13285941025087],[129.10249000518445,33.1326150707258],[129.10251268288235,33.13308376213636],[129.102076242216,33.133546364206346],[129.10202856669193,33.13366507494554],[129.10218487665358,33.13384607106242],[129.10252405689266,33.134111309839916],[129.10281675251218,33.13423992174997],[129.10307566075647,33.13372565093218],[129.10340052508246,33.133682657522066],[129.10504726927522,33.133734131160566],[129.10498496420766,33.134786145641215],[129.10554240225784,33.13426400123024],[129.10555965432704,33.133925069966274],[129.10552390250933,33.13371803163324],[129.10542548810946,33.133471177298084],[129.10715147416826,33.13337318947416],[129.109029045769,33.13332406868587],[129.10945344026453,33.13327696961189],[129.10969948855808,33.13329535312002],[129.11017949020007,33.13322687875569],[129.1102421227356,33.13385468172433],[129.1106978142549,33.134782186607616],[129.11100032565824,33.13570019482038],[129.1119804595404,33.13777177089887],[129.11247937977382,33.13814751899297],[129.11258085948987,33.138464326052215],[129.1124317220948,33.138990461773],[129.11301558824155,33.140278089195185],[129.1130016096591,33.14053503093855],[129.1137427959671,33.141631991427296],[129.11362096107496,33.14229165388231],[129.1132481299222,33.14249789229417],[129.11202513291812,33.14371320105668],[129.11087142299348,33.144285798235366],[129.1107133383454,33.144889441507644],[129.11083842487332,33.14532345478493],[129.11065401889164,33.14538177975556],[129.11005979053417,33.14537892895115],[129.10996034515207,33.14542628397075],[129.10977185598665,33.1456217871803],[129.1090161430972,33.14573751033937],[129.10889318759692,33.145742047638194],[129.10821104304966,33.14578174900461],[129.10772654208876,33.1454603812539],[129.10746535598594,33.14495765742864],[129.10721126912594,33.14548828878073],[129.10707240045983,33.14578554516571],[129.10718670006716,33.14641083475944],[129.1064019682037,33.14647724623377],[129.10642485874922,33.147252324222265],[129.10661097116306,33.147528456392884],[129.10653217683145,33.148128527412794],[129.10680079230562,33.1490051750937]]]},"properties":{"KEY_CODE":"42411021003","PREF":"42","CITY":"411","CITY_NAME":"新上五島町","S_NAME":"津和崎郷","SETAI":"12"}},{"type":"Feature","geometry":{"type":"Polygon","coordinates":[[[129.13525693798022,33.1374185489068],[129.13480028430277,33.137430743570434],[129.1340678371713,33.13675410394293],[129.1341994004924,33.136557014495004],[129.13377675823872,33.13612385446327],[129.1339029282424,33.13593666855282],[129.1337646333371,33.13517431517067],[129.13318423469642,33.133769539017955],[129.13205354600535,33.132993456939985],[129.13291066738455,33.13203654614739],[129.13329643744726,33.13205030565486],[129.1334658177824,33.13178028763124],[129.13437047795878,33.13174957128972],[129.1346551408222,33.13159260340665],[129.13507657201382,33.1320519032211],[129.1354553905654,33.13271396741712],[129.1352398190265,33.13326969315694],[129.13563508831913,33.133834426759464],[129.13542509159635,33.134336963066815],[129.13598404374034,33.13497973219148],[129.1357219479703,33.13537480805646],[129.1361346459723,33.135626695047385],[129.13569337488644,33.135803944980886],[129.1359460661162,33.136649585892414],[129.1357096498549,33.13732069023997],[129.13525693798022,33.1374185489068]]]},"properties":{"KEY_CODE":"42411021003","PREF":"42","CITY":"411","CITY_NAME":"新上五島町","S_NAME":"津和崎郷","SETAI":"0"}},{"type":"Feature","geometry":{"type":"Polygon","coordinates":[[[129.11017949020007,33.13322687875569],[129.10969948855808,33.13329535312002],[129.10945344026453,33.13327696961189],[129.109029045769,33.13332406868587],[129.10715147416826,33.13337318947415],[129.1054254881094,33.133471177298084],[129.10552390250933,33.13371803163324],[129.10555965432704,33.133925069966274],[129.10554240225784,33.13426400123024],[129.10498496420766,33.134786145641215],[129.10504726927522,33.133734131160566],[129.10340052508246,33.133682657522066],[129.10307566075647,33.13372565093218],[129.10281675251218,33.13423992174997],[129.10252405689266,33.134111309839916],[129.10218487665358,33.13384607106242],[129.10202856669193,33.13366507494554],[129.102076242216,33.133546364206346],[129.10251268288235,33.13308376213636],[129.10249000518445,33.1326150707258],[129.10171949779507,33.13285941025087],[129.10080116886238,33.13330533467016],[129.1005754970691,33.13272479752731],[129.09996290387622,33.1326263415409],[129.09943804295142,33.13231986858478],[129.09844172428592,33.13199834667066],[129.098216538698,33.13155486412595],[129.09764599209794,33.13093173396688],[129.09751381131738,33.13123789622626],[129.0969871761566,33.1313326737652],[129.09687257492286,33.13037286747778],[129.0966986324867,33.129977348869765],[129.0962456403291,33.13013728840933],[129.09617692972546,33.12969070917418],[129.09577292843235,33.12944593362954],[129.0954252740542,33.129540395646],[129.09520008859786,33.12910141879411],[129.09586057207412,33.12856252104486],[129.09609549221992,33.12874994177359],[129.09626723195854,33.12845382389052],[129.09689230160998,33.12793013743863],[129.0968222739531,33.127772108170944],[129.09741281952645,33.12752874123363],[129.09731265708757,33.12716682764979],[129.09772561451445,33.12638996627048],[129.0980390467851,33.12603839457682],[129.09798881752948,33.125770425536984],[129.09848351842535,33.125628642083484],[129.09926009415045,33.12500263295849],[129.09835885756942,33.12429187048394],[129.09792559193068,33.12435629729306],[129.0969536111802,33.123648015299004],[129.0971077899973,33.1232156813246],[129.0972402141842,33.1231842033603],[129.0981312469767,33.12283925809767],[129.09824947253486,33.12299376161958],[129.09863714850334,33.1229191460125],[129.0987315222466,33.12252755860958],[129.0991085131242,33.12208582042254],[129.09940334670145,33.122028051019186],[129.0999319017256,33.121976127695],[129.10039682974394,33.121562750728344],[129.10075871983918,33.12143116029114],[129.10092631485173,33.12130404562597],[129.1013302829199,33.12161552960697],[129.10147255645694,33.12171044653275],[129.10162425484052,33.12173901320689],[129.1016520203106,33.12163442493678],[129.10159485484138,33.12151935965091],[129.10168046975366,33.12138687221982],[129.10188988453473,33.121407963913484],[129.10206143789253,33.12141489598348],[129.10240835491308,33.12124239180119],[129.1025757682318,33.1211459185589],[129.102800411403,33.12115939381373],[129.10287641779308,33.121134107856456],[129.10296581919715,33.12083824633107],[129.1028848456636,33.120618428651234],[129.10314608900364,33.12059116922018],[129.10341314974454,33.12062011012593],[129.10368493864536,33.120612036188554],[129.10385741837433,33.120066231291645],[129.10404297606442,33.11999278950405],[129.10407668096752,33.11991630123011],[129.10447771859035,33.11986395283015],[129.10516689233597,33.120219735069824],[129.10541921056532,33.12015670709559],[129.1056832563223,33.12018562586178],[129.10585053886635,33.120117229923174],[129.10609444769838,33.11989333213926],[129.10649446543718,33.11972225986467],[129.10659916503636,33.11940090473339],[129.1064057038192,33.11920115428947],[129.10677237540708,33.119185657126366],[129.107980795759,33.11955501924622],[129.1074936072989,33.120438100214365],[129.10705339288955,33.1208659375654],[129.10629779661116,33.1211349822659],[129.10555790024068,33.12172147625146],[129.10450993569629,33.1219444883233],[129.10377150781588,33.1221991381564],[129.10346614360589,33.12243081267146],[129.10297162090566,33.12325613230804],[129.1028026927122,33.12411765833687],[129.10300701149075,33.12467828363285],[129.10376344936583,33.125435446196356],[129.10452416553662,33.12547302541438],[129.10520391513785,33.125877361833986],[129.1056761269723,33.125969929485876],[129.10632461613233,33.126421043448],[129.1067255336744,33.12688219595942],[129.10663170334263,33.127252519360326],[129.10601415571247,33.127549945400176],[129.10644944067988,33.12871816437368],[129.10686744115966,33.12919109167891],[129.1079939300456,33.12988718717471],[129.10858236963932,33.13011537218561],[129.10933723626127,33.13100505916715],[129.10955149903077,33.130777584066514],[129.10967521106028,33.13116662777357],[129.11007162461829,33.131433884025746],[129.11057431459488,33.132153233412446],[129.11002714323516,33.13253206168326],[129.1099811247291,33.132999923688566],[129.11017949020007,33.13322687875569]]]},"properties":{"KEY_CODE":"42411021004","PREF":"42","CITY":"411","CITY_NAME":"新上五島町","S_NAME":"津和崎郷","SETAI":"6"}},{"type":"Feature","geometry":{"type":"Polygon","coordinates":[[[129.09457940300933,33.11511628627427],[129.09375945293598,33.11540037856204],[129.093410317315,33.11465531898085],[129.09374910717514,33.113917904471585],[129.09494130806166,33.11424729520256],[129.09500988238005,33.11448196622292],[129.09457940300933,33.11511628627427]]]},"properties":{"KEY_CODE":"42411021005","PREF":"42","CITY":"411","CITY_NAME":"新上五島町","S_NAME":"津和崎郷","SETAI":"0"}},{"type":"Feature","geometry":{"type":"Polygon","coordinates":[[[129.09824947253486,33.12299376161958],[129.0981312469767,33.122839258097635],[129.0972402141842,33.1231842033603],[129.0971077899973,33.1232156813246],[129.0966588010045,33.12273540665935],[129.09522512370953,33.122694698362544],[129.09475788663266,33.12246324135551],[129.0948686262342,33.122148901558894],[129.0944464797076,33.121433358060585],[129.09531013182138,33.120749935568895],[129.09513387338885,33.120390477279614],[129.09477603920038,33.120375790933366],[129.0948837884197,33.120010040731636],[129.09533393815795,33.11976533043398],[129.09543732539015,33.1191813399976],[129.09595140054577,33.11877813521462],[129.0962221667926,33.11837954833142],[129.0964899277387,33.11840926116956],[129.09810306104774,33.117143936785475],[129.09880860455786,33.11633645552311],[129.09965712932876,33.11566558324046],[129.09988069155622,33.11503689362642],[129.10041634224342,33.115063852559494],[129.1010923123782,33.11534735205741],[129.10134981407697,33.115274229354775],[129.10171379715783,33.115823640562624],[129.10223327827228,33.11587308444483],[129.10287049437196,33.11547834695049],[129.1029026421456,33.11523588770521],[129.10343021950925,33.11491744544671],[129.104115429867,33.114084602016135],[129.10447246523307,33.11308570892748],[129.10400918867373,33.112929144518],[129.1040847271269,33.11209166595622],[129.10324180512026,33.110104305046804],[129.10258330861447,33.10975865840585],[129.10269099494778,33.109406430025],[129.10258073538307,33.10866577013699],[129.10209101116334,33.10820794182233],[129.10196105624485,33.10779905151852],[129.10126737296113,33.10742804231631],[129.0992931998522,33.10707280018666],[129.09892859705562,33.10714106101874],[129.0987976045394,33.10673397160541],[129.0985047884182,33.10680066477128],[129.09807650878065,33.106496321285434],[129.09821961658722,33.10613518494468],[129.09780143104288,33.10572898091282],[129.09798762756657,33.10554652049601],[129.09784321277064,33.10455958506018],[129.09828095838122,33.10456602168343],[129.09894463134043,33.1050860392644],[129.09986497420513,33.104770771906814],[129.1008818702193,33.10487953549646],[129.10164134321613,33.10470822232094],[129.102092871728,33.10475835607949],[129.1022230521125,33.10542277701269],[129.1031281285212,33.10593216183336],[129.10314537956506,33.10638679532061],[129.1035372878133,33.106816641706246],[129.10365687901805,33.107269976976724],[129.1039535328202,33.10742026923708],[129.10455175487022,33.10833455226872],[129.10497463797483,33.1078878036823],[129.10579015647235,33.108142013141624],[129.10591780742112,33.10722351687237],[129.10634770084928,33.10779308469511],[129.10687974093693,33.10928025033456],[129.10830482120576,33.10877656103685],[129.1093992125984,33.108836787567625],[129.11054071790076,33.10877751426116],[129.1107474978312,33.10955208581289],[129.11113114323712,33.110121520750425],[129.11098020799938,33.11019897100356],[129.1107599102184,33.11024049513435],[129.11069996582043,33.11069813710842],[129.11043587991256,33.1110447386958],[129.11079330611,33.111865734805946],[129.1110628481771,33.112475400204794],[129.11108423258156,33.1128748600275],[129.11095138298077,33.114108323485304],[129.11076661553855,33.11397787150304],[129.11063157677788,33.11395146201171],[129.11013999068552,33.113776212915894],[129.11002437580203,33.11373038679642],[129.10984265793968,33.11378177734936],[129.1098033502934,33.11393427381058],[129.10952785496656,33.1142353843751],[129.10918743304362,33.11437720217611],[129.10880397418595,33.11420876789195],[129.1084832217135,33.11426621986551],[129.10832750405203,33.114551481204714],[129.10802164519475,33.114732343440885],[129.10773962592177,33.114757446367264],[129.1074851204702,33.11510894271524],[129.10725691869774,33.115192660220664],[129.10711717146322,33.11579129926046],[129.10706056398854,33.11593561089706],[129.10700258606587,33.11637865648737],[129.10692376785548,33.11673558123249],[129.10710019696626,33.11700888826801],[129.10699637304435,33.11734138719975],[129.10707602065602,33.11766309409],[129.1069281238841,33.117919140129175],[129.10674620668257,33.1180224783568],[129.10746006346446,33.118351756034706],[129.10705763342855,33.118718135668686],[129.1065035367835,33.119058488242935],[129.10640570381926,33.11920115428947],[129.10659916503636,33.11940090473339],[129.10649446543718,33.11972225986467],[129.10609444769838,33.11989333213926],[129.10585053886635,33.120117229923174],[129.1056832563223,33.12018562586178],[129.10541921056532,33.12015670709559],[129.10516689233597,33.120219735069824],[129.10447771859035,33.11986395283015],[129.10407668096752,33.11991630123011],[129.10404297606442,33.11999278950405],[129.10385741837433,33.120066231291645],[129.10368493864536,33.120612036188554],[129.10341314974454,33.12062011012593],[129.10314608900364,33.12059116922018],[129.1028848456636,33.120618428651234],[129.10296581919715,33.12083824633107],[129.10287641779308,33.121134107856456],[129.102800411403,33.12115939381373],[129.1025757682318,33.1211459185589],[129.10240835491308,33.12124239180119],[129.10206143789253,33.12141489598348],[129.10188988453473,33.121407963913484],[129.10168046975366,33.12138687221982],[129.10159485484138,33.12151935965091],[129.1016520203106,33.12163442493678],[129.10162425484052,33.12173901320689],[129.10147255645694,33.12171044653275],[129.1013302829199,33.12161552960697],[129.10092631485173,33.12130404562597],[129.10075871983918,33.12143116029114],[129.10039682974394,33.121562750728344],[129.0999319017256,33.121976127695],[129.09940334670145,33.122028051019186],[129.0991085131242,33.12208582042254],[129.0987315222466,33.12252755860958],[129.09863714850334,33.1229191460125],[129.09824947253486,33.12299376161958]]]},"properties":{"KEY_CODE":"42411021005","PREF":"42","CITY":"411","CITY_NAME":"新上五島町","S_NAME":"津和崎郷","SETAI":"41"}},{"type":"Feature","geometry":{"type":"Polygon","coordinates":[[[129.107980795759,33.11955501924622],[129.10677237540708,33.119185657126366],[129.1064057038192,33.11920115428947],[129.1065035367835,33.119058488242935],[129.10705763342855,33.118718135668686],[129.10746006346446,33.118351756034706],[129.10674620668257,33.1180224783568],[129.1069281238841,33.117919140129175],[129.10707602065602,33.11766309409],[129.10699637304435,33.11734138719975],[129.10710019696626,33.11700888826801],[129.10692376785548,33.11673558123249],[129.10700258606587,33.11637865648737],[129.10706056398854,33.11593561089706],[129.10711717146322,33.11579129926046],[129.10725691869774,33.115192660220664],[129.1074851204702,33.11510894271524],[129.10773962592177,33.114757446367264],[129.10802164519475,33.114732343440885],[129.10832750405203,33.114551481204714],[129.1084832217135,33.11426621986551],[129.10880397418595,33.11420876789195],[129.10918743304362,33.11437720217611],[129.10952785496656,33.1142353843751],[129.1098033502934,33.11393427381058],[129.10984265793968,33.11378177734936],[129.11002437580203,33.11373038679642],[129.11013999068552,33.113776212915894],[129.11063157677788,33.11395146201171],[129.11076661553855,33.11397787150304],[129.11095138298077,33.114108323485304],[129.11108423258156,33.1128748600275],[129.1110628481771,33.112475400204794],[129.11079330611,33.111865734805946],[129.11043587991256,33.1110447386958],[129.11069996582043,33.11069813710842],[129.1107599102184,33.11024049513435],[129.11098020799938,33.11019897100356],[129.11113114323712,33.110121520750425],[129.1107474978312,33.10955208581289],[129.11054071790076,33.10877751426116],[129.11095973349296,33.10837574718426],[129.11129790525894,33.10833040959741],[129.11209682280233,33.10818648168093],[129.1124998175853,33.10828633499799],[129.11261693814663,33.10832150312272],[129.11293048683265,33.108374668273576],[129.1134793531188,33.108242990831386],[129.11359650000188,33.10827236322054],[129.11363246065014,33.10793608817407],[129.11373132187646,33.107801552769914],[129.1143377817187,33.1079078363531],[129.1148496411739,33.1087460359398],[129.11532801397797,33.10975956655315],[129.11583700092433,33.1104730486147],[129.1169572728729,33.11097963930517],[129.11754846108266,33.111032211359905],[129.11797504834144,33.111023189488634],[129.11792270208554,33.11173448954767],[129.11835368624986,33.11242203169994],[129.11804190984097,33.113405767224435],[129.1177839185453,33.11359614276651],[129.1173059222813,33.11435663667862],[129.11744234684193,33.114527479282906],[129.11631373454196,33.11533105413628],[129.1152628984739,33.11499686683461],[129.1147793478037,33.115067508549835],[129.11438171668843,33.11459557504586],[129.11304951028663,33.11490613736463],[129.11251219800104,33.1154951057963],[129.11281251550096,33.114944172071326],[129.1115866262911,33.11519554944164],[129.11064742858545,33.11580308718518],[129.11016319609664,33.11650944434233],[129.1098056356868,33.11667244876592],[129.1093504516945,33.11734824319397],[129.1089165582893,33.11829010733131],[129.10883144878468,33.11887778006897],[129.10853274701725,33.11930156140329],[129.107980795759,33.11955501924622]]]},"properties":{"KEY_CODE":"42411022006","PREF":"42","CITY":"411","CITY_NAME":"新上五島町","S_NAME":"立串郷","SETAI":"4"}},{"type":"Feature","geometry":{"type":"Polygon","coordinates":[[[129.13318527078883,33.0781830910276],[129.13302270872572,33.0788832438399],[129.13267276827094,33.07874993545463],[129.1325978115596,33.07820812573856],[129.13318527078883,33.0781830910276]]]},"properties":{"KEY_CODE":"42411022008","PREF":"42","CITY":"411","CITY_NAME":"新上五島町","S_NAME":"立串郷","SETAI":"0"}},{"type":"Feature","geometry":{"type":"Polygon","coordinates":[[[129.1169841904542,33.08953980246681],[129.1160667667894,33.0899991682863],[129.114769106492,33.090242426194955],[129.11431726017523,33.09044085058468],[129.11251989379795,33.09168164509944],[129.11199935118586,33.09193066176267],[129.11172653892243,33.09170629410006],[129.11214461271118,33.09095232690297],[129.11160500963493,33.09096080804217],[129.1108517460073,33.09193049216423],[129.11048601852198,33.09222908746964],[129.11140969895914,33.09232509423076],[129.11142510575127,33.09248432831933],[129.11025130453362,33.09248237334042],[129.10932370047954,33.09281813491775],[129.10896329526327,33.09326405953971],[129.10777295635495,33.09336697408946],[129.10632444808212,33.093108347126424],[129.10557735421355,33.093164341723046],[129.1058238095533,33.09219937004745],[129.10604393080322,33.09208555900851],[129.10621575197902,33.091516211126404],[129.10689516701802,33.090506627315094],[129.10690429361682,33.089897988164466],[129.1076081070759,33.08846195757508],[129.10763141670813,33.08779655503373],[129.10750878637793,33.086959361619826],[129.1070461336021,33.08669278442443],[129.1066699431807,33.086013485837064],[129.10617549013932,33.085916336911275],[129.10622856182476,33.085306926407114],[129.10553458626737,33.08479434385582],[129.105516719671,33.08448679878597],[129.104714236315,33.08380162936674],[129.10490464798195,33.083619051517836],[129.10630686813758,33.0823070810286],[129.1064338038941,33.08227297237754],[129.10656491254755,33.082138497615944],[129.10672596532348,33.08198843410399],[129.10679892420305,33.0815149814841],[129.1068340540894,33.08116374981355],[129.10695026521452,33.08102922684983],[129.10733271561176,33.08098809062039],[129.1075161524233,33.08082869203133],[129.10776315805535,33.08062870518789],[129.10814724483174,33.08022054445796],[129.10821523951773,33.08002313281859],[129.10841702486383,33.079932795845316],[129.1086069110465,33.08000554261968],[129.1087115973675,33.07993999547879],[129.10871940858985,33.079858458202345],[129.10849047792692,33.079768328622784],[129.10846081407354,33.079730598652255],[129.10861794106413,33.07961502106848],[129.1087648889474,33.07927669096598],[129.1087879439661,33.07912619885416],[129.10887401030527,33.0790605823987],[129.10899702080226,33.07907038368141],[129.1094384802185,33.078751807057145],[129.11030023968013,33.07826044639193],[129.1105900958501,33.07806528749025],[129.11066855869757,33.07803416694815],[129.11126264948388,33.0773443230119],[129.11172425863967,33.07697777003943],[129.11200112773489,33.07734293439192],[129.11283897054975,33.07776935266826],[129.11259457273238,33.077819086552395],[129.11292482371212,33.078224992730775],[129.1126574595649,33.07861461094295],[129.1128028252376,33.07917143474439],[129.11313009129427,33.07952502550641],[129.11406723766493,33.08003019757998],[129.1143610642417,33.079949950702584],[129.11407864696946,33.080356662217895],[129.11376319034326,33.080236654883024],[129.1135107301541,33.08065247549148],[129.11365323714205,33.08161326355792],[129.11317453026402,33.08207707122276],[129.11274026820558,33.08217761818006],[129.11247289952152,33.08304876697927],[129.11257207487975,33.08388047570851],[129.1129093336427,33.084400917314916],[129.11347321532173,33.08478951169151],[129.1156722864615,33.08480982646564],[129.11605309435157,33.08468745915465],[129.1169571647754,33.085175365538525],[129.11712890726207,33.085593391169155],[129.1176366785315,33.08607377139758],[129.11760625928758,33.08641903909101],[129.1179103343705,33.086949284256654],[129.1176544866184,33.0873939467662],[129.117676312109,33.0878015944726],[129.11732700102004,33.088068339204426],[129.11692739698822,33.08905269784603],[129.1172301183821,33.0894052964363],[129.1169841904542,33.08953980246681]]]},"properties":{"KEY_CODE":"42411022008","PREF":"42","CITY":"411","CITY_NAME":"新上五島町","S_NAME":"立串郷","SETAI":"20"}},{"type":"Feature","geometry":{"type":"Polygon","coordinates":[[[129.11172425863967,33.07697777003943],[129.11126264948388,33.0773443230119],[129.11066855869757,33.07803416694815],[129.1105900958501,33.07806528749025],[129.11030023968013,33.07826044639195],[129.1100373064062,33.07806428589357],[129.10968296682572,33.07790273759202],[129.10903654971156,33.07794592958608],[129.1082078739328,33.07836403935717],[129.10786752926325,33.077561617874785],[129.1070241792708,33.07718260581719],[129.1065675400215,33.076528305156344],[129.10694554026557,33.07593553795466],[129.10808191181167,33.07522143231533],[129.10911639653023,33.074364477593825],[129.10981948030957,33.07389817600634],[129.10977892951152,33.073665079174184],[129.10915045815767,33.073320875648186],[129.10839988138054,33.07330143016271],[129.10865337907566,33.07218513891195],[129.10902932943134,33.07205490207294],[129.10837425597302,33.07085892139494],[129.10831701246013,33.07027075487017],[129.10843558746828,33.06984699063598],[129.10821845339257,33.06963209679224],[129.10782524844453,33.06841305069788],[129.108675928303,33.068184018738364],[129.10901321720786,33.068585870838525],[129.10979115081406,33.06874884649691],[129.10958382250425,33.06912060199252],[129.1097487573324,33.06936098624418],[129.11015291943087,33.069037643243675],[129.11021586834875,33.06933180551502],[129.10952235682728,33.06945945932126],[129.10955865804374,33.06995913014192],[129.10979208942436,33.06997249365863],[129.10969042393765,33.07043385992851],[129.11003753875673,33.070896645756655],[129.1107109601649,33.07095015295263],[129.11138798902851,33.07140673651565],[129.11100992840298,33.07188347471365],[129.1104548697241,33.07194125605624],[129.11066515812757,33.07234318247412],[129.1103974290782,33.072581304634916],[129.11054931374966,33.072870332552284],[129.11098923294597,33.07292761475203],[129.11143208468707,33.07329599802279],[129.11092893668265,33.07396711908009],[129.11134551210534,33.073978339332974],[129.1114237591948,33.07421212921421],[129.11086879379974,33.07449083818253],[129.11039030998452,33.074419908909896],[129.1100081934866,33.07508869424908],[129.110303569478,33.07610767653996],[129.11065456204005,33.0764180646503],[129.11154651097826,33.07672562966978],[129.11172425863967,33.07697777003943]]]},"properties":{"KEY_CODE":"42411022009","PREF":"42","CITY":"411","CITY_NAME":"新上五島町","S_NAME":"立串郷","SETAI":"6"}},{"type":"Feature","geometry":{"type":"Polygon","coordinates":[[[129.0974553580491,33.0797141726049],[129.09792930399615,33.0794090113006],[129.09864054988338,33.078723468160305],[129.0987808111716,33.078225542906225],[129.09928809646027,33.07776461983936],[129.09988804681367,33.07746103373087],[129.10095020230827,33.076346489327904],[129.10133683867133,33.07609853200708],[129.1016005154638,33.075664142235524],[129.10142833921975,33.07515836491618],[129.10168402074916,33.074696637633615],[129.1021922585032,33.07447980608392],[129.1024228990178,33.074178435140446],[129.10263063672832,33.073103803802866],[129.10269189905264,33.07212087337745],[129.1026105109667,33.07172633003851],[129.10213762339242,33.070866279493025],[129.1015843349049,33.070513740938964],[129.10323878999327,33.0700676232747],[129.10426131696443,33.06962372142518],[129.10554157086102,33.06892376852751],[129.10782524844453,33.06841305069788],[129.10821845339257,33.06963209679224],[129.10843558746828,33.06984699063598],[129.10831701246013,33.07027075487017],[129.10837425597302,33.07085892139494],[129.10902932943134,33.07205490207294],[129.10865337907566,33.07218513891195],[129.10839988138054,33.07330143016271],[129.10915045815767,33.073320875648186],[129.10977892951152,33.073665079174184],[129.10981948030957,33.07389817600634],[129.10911639653023,33.074364477593825],[129.10808191181167,33.07522143231533],[129.10694554026557,33.07593553795466],[129.1065675400215,33.076528305156344],[129.1070241792708,33.07718260581719],[129.10786752926325,33.077561617874785],[129.1082078739328,33.07836403935717],[129.10903654971156,33.07794592958608],[129.10968296682572,33.07790273759202],[129.1100373064062,33.07806428589357],[129.11030023968013,33.07826044639195],[129.10899702080226,33.07907038368141],[129.10887401030527,33.0790605823987],[129.1087879439661,33.07912619885416],[129.1087648889474,33.07927669096598],[129.10861794106413,33.07961502106848],[129.10846081407354,33.079730598652255],[129.10849047792692,33.079768328622784],[129.10871940858985,33.079858458202345],[129.1087115973675,33.07993999547879],[129.1086069110465,33.08000554261968],[129.10841702486383,33.079932795845316],[129.10821523951773,33.08002313281859],[129.10814724483174,33.08022054445796],[129.10776315805535,33.08062870518789],[129.1075161524233,33.08082869203133],[129.10733271561176,33.08098809062039],[129.10695026521452,33.08102922684983],[129.1068340540894,33.08116374981355],[129.10679892420305,33.0815149814841],[129.10672596532348,33.08198843410399],[129.10656491254755,33.082138497615944],[129.1064338038941,33.08227297237754],[129.10630686813758,33.0823070810286],[129.10490464798195,33.083619051517836],[129.104714236315,33.083801629366704],[129.10394243627886,33.08297678375382],[129.10358096897698,33.08237146668714],[129.10315819503612,33.08205631315199],[129.10298535082393,33.08167522609221],[129.1029761863518,33.08109177202508],[129.1020226510068,33.08019599936785],[129.1014570795286,33.07995613141754],[129.10066740929324,33.08001129877622],[129.09883215620937,33.07938949631801],[129.0974553580491,33.0797141726049]]]},"properties":{"KEY_CODE":"42411022010","PREF":"42","CITY":"411","CITY_NAME":"新上五島町","S_NAME":"立串郷","SETAI":"11"}},{"type":"Feature","geometry":{"type":"Polygon","coordinates":[[[129.10782524844453,33.06841305069788],[129.10554157086102,33.06892376852751],[129.10426131696443,33.06962372142518],[129.10323878999327,33.0700676232747],[129.1015843349049,33.070513740938964],[129.1010506173944,33.06986855674873],[129.1003162415115,33.069917649924626],[129.09835882891693,33.069335237636615],[129.09757946830305,33.06893678212072],[129.09625510557484,33.068855303405996],[129.09580964452033,33.068505454846814],[129.0950231794889,33.06812084370304],[129.09416528754795,33.067914162977566],[129.0936286583205,33.067952007784285],[129.09329288949485,33.06831515485561],[129.0933111442105,33.06741252290149],[129.09295957369207,33.06660173954563],[129.09321456672242,33.06589982224087],[129.0931810974703,33.06550973552034],[129.0937805615739,33.06510390080953],[129.09574218677002,33.06422605303551],[129.09695903304055,33.06360181542093],[129.09739818980933,33.06326274157067],[129.09807488824586,33.06295019389932],[129.09896131838752,33.062048421940055],[129.09953642871747,33.06182462741389],[129.09967387894392,33.061607324882424],[129.1002700320586,33.06142121112552],[129.10054302744675,33.06136018439648],[129.10074732569151,33.06114400976521],[129.1010196409764,33.061057372260834],[129.10142664288009,33.060735421938304],[129.10190871070688,33.06079666062104],[129.1021904247803,33.06072198185619],[129.10222847478494,33.06067037968356],[129.10227071609594,33.06047854961163],[129.10279373200825,33.060374805541095],[129.10297375107527,33.06030774776479],[129.10335907133685,33.06005932684558],[129.10371637595077,33.060002776050545],[129.10331183621122,33.06036704575219],[129.10365468745405,33.06066815875409],[129.1035176783031,33.06113338527293],[129.1040663807304,33.061857778401],[129.10448504838791,33.06218652079897],[129.10519706773078,33.062439250211796],[129.10566469765354,33.062914245460654],[129.10579736583384,33.063303479317504],[129.10659419608007,33.06383558464613],[129.1074538493871,33.06464304078226],[129.10721044731602,33.06533488613367],[129.10766084902022,33.0658580725559],[129.10869411930713,33.06569661702557],[129.10898120165228,33.06568580900827],[129.1088723749837,33.06607230343141],[129.1084363201635,33.06635315669814],[129.10849796306803,33.06717212803794],[129.10866029016697,33.0672745378802],[129.108675928303,33.068184018738364],[129.10782524844453,33.06841305069788]]]},"properties":{"KEY_CODE":"42411022012","PREF":"42","CITY":"411","CITY_NAME":"新上五島町","S_NAME":"立串郷","SETAI":"10"}},{"type":"Feature","geometry":{"type":"Polygon","coordinates":[[[129.10869411930713,33.06569661702557],[129.10766084902022,33.0658580725559],[129.10721044731602,33.06533488613367],[129.1074538493871,33.06464304078226],[129.10659419608007,33.06383558464613],[129.10753530559768,33.063642765274516],[129.10795006411826,33.06373524497119],[129.10834041021198,33.064084997670676],[129.10845431049097,33.06423865476214],[129.10828414618135,33.06493515480729],[129.10875156862846,33.06506739354238],[129.10852253560904,33.065269554256346],[129.10869411930713,33.06569661702557]]]},"properties":{"KEY_CODE":"42411022013","PREF":"42","CITY":"411","CITY_NAME":"新上五島町","S_NAME":"立串郷","SETAI":"9"}},{"type":"Feature","geometry":{"type":"Polygon","coordinates":[[[129.10753530559768,33.063642765274516],[129.10659419608007,33.06383558464613],[129.10579736583384,33.063303479317504],[129.10629512374857,33.063022772611596],[129.10725360600202,33.063293039574425],[129.10753530559768,33.063642765274516]]]},"properties":{"KEY_CODE":"42411022014","PREF":"42","CITY":"411","CITY_NAME":"新上五島町","S_NAME":"立串郷","SETAI":"7"}},{"type":"Feature","geometry":{"type":"Polygon","coordinates":[[[129.10795006411826,33.06373524497119],[129.10753530559768,33.063642765274516],[129.10762850285442,33.062916309644514],[129.108440262181,33.06289894580508],[129.10977682920964,33.062677530912445],[129.11063355419304,33.06332309078216],[129.10963453689018,33.06352373286425],[129.10883291420637,33.06325700971226],[129.1079661314625,33.06350063843308],[129.10795006411826,33.06373524497119]]]},"properties":{"KEY_CODE":"42411022015","PREF":"42","CITY":"411","CITY_NAME":"新上五島町","S_NAME":"立串郷","SETAI":"8"}},{"type":"Feature","geometry":{"type":"Polygon","coordinates":[[[129.10834041021198,33.064084997670676],[129.10795006411826,33.06373524497119],[129.1079661314625,33.06350063843308],[129.10883291420637,33.06325700971226],[129.10963453689018,33.06352373286425],[129.1090823705177,33.06341737518945],[129.10834041021198,33.064084997670676]]]},"properties":{"KEY_CODE":"42411022016","PREF":"42","CITY":"411","CITY_NAME":"新上五島町","S_NAME":"立串郷","SETAI":"12"}},{"type":"Feature","geometry":{"type":"Polygon","coordinates":[[[129.11063355419304,33.06332309078216],[129.10977682920964,33.062677530912445],[129.108440262181,33.06289894580508],[129.10762850285442,33.062916309644514],[129.10740856282465,33.06243366005488],[129.10786687447433,33.061729967414564],[129.1071090995417,33.06138848961167],[129.10675926444097,33.05938278713551],[129.10682247914588,33.059372166290466],[129.1071751236668,33.061226385977534],[129.1088640003475,33.06195497499363],[129.10927314102088,33.06171190636234],[129.11034990166098,33.06161162342426],[129.1111972913688,33.06129678797673],[129.11164078737636,33.061506491264126],[129.11186408282603,33.061383604564575],[129.11214975615965,33.06167673599679],[129.1124479010804,33.06157934081362],[129.11379973439543,33.06222378281599],[129.11398931838684,33.06319102363014],[129.11313301691888,33.06333085156515],[129.11287257141257,33.063140681679144],[129.11222464295327,33.06314678924584],[129.11188523910923,33.06336756135748],[129.11063355419304,33.06332309078216]]]},"properties":{"KEY_CODE":"42411022017","PREF":"42","CITY":"411","CITY_NAME":"新上五島町","S_NAME":"立串郷","SETAI":"26"}},{"type":"Feature","geometry":{"type":"Polygon","coordinates":[[[129.10762850285442,33.062916309644514],[129.10753530559768,33.063642765274516],[129.10725360600202,33.063293039574425],[129.10629512374857,33.063022772611596],[129.10579736583384,33.063303479317504],[129.10566469765354,33.062914245460654],[129.10519706773078,33.062439250211796],[129.10448504838791,33.06218652079897],[129.1040663807304,33.061857778401],[129.1035176783031,33.06113338527293],[129.10365468745405,33.06066815875409],[129.10331183621122,33.06036704575219],[129.10371637595077,33.060002776050545],[129.10386073154652,33.05998667781155],[129.1044739297637,33.06103917783762],[129.10452448817296,33.06075438858357],[129.10497366349503,33.06113636946052],[129.10592805134522,33.060335120605814],[129.10629377586594,33.06064148975661],[129.10533529427835,33.0614504346446],[129.10622418106448,33.06217197381231],[129.10656927895235,33.061872803881855],[129.1068105094562,33.062056626519414],[129.10636324618758,33.062441134540094],[129.1070758435609,33.062594006846815],[129.10740856282465,33.06243366005488],[129.10762850285442,33.062916309644514]]]},"properties":{"KEY_CODE":"42411022018","PREF":"42","CITY":"411","CITY_NAME":"新上五島町","S_NAME":"立串郷","SETAI":"29"}},{"type":"Feature","geometry":{"type":"Polygon","coordinates":[[[129.09896343889955,33.10301040872218],[129.09869348012666,33.10324398911652],[129.09824135242405,33.103006297551886],[129.0977782610887,33.10306252892236],[129.0978429983018,33.10272459677742],[129.09738598193985,33.10285296348098],[129.0978698555869,33.1024704001488],[129.0987662966003,33.10277623526966],[129.09896343889955,33.10301040872218]]]},"properties":{"KEY_CODE":"42411023007","PREF":"42","CITY":"411","CITY_NAME":"新上五島町","S_NAME":"曽根郷","SETAI":"0"}},{"type":"Feature","geometry":{"type":"Polygon","coordinates":[[[129.1169841904542,33.08953980246681],[129.11734904599396,33.08964461673489],[129.11770450544216,33.0901777191475],[129.11819514507494,33.09042899495075],[129.1185297043953,33.09084300094025],[129.1182755104895,33.091405802163315],[129.11818382720153,33.09204033801508],[129.11893564474124,33.09308230694961],[129.11862120724254,33.09345737033475],[129.11905474896605,33.09377518746837],[129.11880233110875,33.094669826286335],[129.11775639481434,33.09499307120633],[129.11768432373725,33.09555369428607],[129.11805642334028,33.09572163777134],[129.11799794461155,33.09611098493004],[129.11851252948946,33.09628206643982],[129.11827783908873,33.096542837534685],[129.11852130558813,33.09697007150853],[129.11880796415443,33.097078248877736],[129.11854623979832,33.097396638836756],[129.1189109844278,33.098028029956275],[129.11992764024347,33.09803744389564],[129.11964801660358,33.0982854532019],[129.1199400873301,33.098381927440315],[129.12019856707323,33.09881461769068],[129.11956085154466,33.099125557985715],[129.1192090464322,33.09945720650378],[129.11919264292848,33.09978536293993],[129.1197949334268,33.09999369523943],[129.1193888741401,33.10024131322088],[129.11931505001124,33.10095702577425],[129.1196711384179,33.10111681083683],[129.11943212423407,33.10163996019854],[129.1197798787822,33.10273115882955],[129.1197327285705,33.102978976790396],[129.12002328532935,33.103429819415766],[129.11993377510356,33.10381547702398],[129.12010080670265,33.105078394384996],[129.12035351202704,33.10537042361071],[129.12023890610226,33.105606322940694],[129.12064293105544,33.105835695900616],[129.12082989237146,33.1064575548576],[129.12080678446162,33.10734386830905],[129.12026761626896,33.10789947340743],[129.11988537740288,33.10808044854787],[129.1194764150745,33.108750971222655],[129.1192990633003,33.109616972303385],[129.1193596198762,33.10998686237729],[129.1187897075335,33.110213252635056],[129.11797504834144,33.111023189488634],[129.11754846108266,33.111032211359905],[129.1169572728729,33.11097963930517],[129.11583700092433,33.1104730486147],[129.11532801397797,33.10975956655315],[129.1148496411739,33.1087460359398],[129.1143377817187,33.1079078363531],[129.11373132187646,33.107801552769914],[129.11363246065014,33.10793608817407],[129.11359650000188,33.10827236322054],[129.1134793531188,33.108242990831386],[129.11293048683265,33.108374668273576],[129.11261693814663,33.10832150312272],[129.1124998175853,33.10828633499799],[129.11209682280233,33.10818648168093],[129.11129790525894,33.10833040959741],[129.11095973349296,33.10837574718426],[129.11054071790076,33.10877751426116],[129.1093992125984,33.108836787567625],[129.10830482120576,33.10877656103685],[129.10687974093693,33.10928025033456],[129.10634770084928,33.10779308469511],[129.10591780742112,33.10722351687237],[129.10579015647235,33.108142013141624],[129.10497463797483,33.1078878036823],[129.10455175487022,33.10833455226872],[129.1039535328202,33.10742026923708],[129.10365687901805,33.107269976976724],[129.1035372878133,33.106816641706246],[129.10314537956506,33.10638679532061],[129.1031281285212,33.10593216183336],[129.1022230521125,33.10542277701269],[129.102092871728,33.10475835607949],[129.10164134321613,33.10470822232094],[129.1008818702193,33.10487953549646],[129.09986497420513,33.104770771906814],[129.09894463134043,33.1050860392644],[129.09828095838122,33.10456602168343],[129.09784321277064,33.10455958506018],[129.0982556976768,33.10432284687136],[129.09875446055457,33.10373111046589],[129.09895693293976,33.10326286354289],[129.10021033663426,33.10306216868292],[129.1007156852272,33.10313771494953],[129.10222071387756,33.10296034440877],[129.10283517489046,33.10259891418842],[129.1034037642248,33.10243209652037],[129.10450648379455,33.10261320463606],[129.10475843264882,33.102341693536054],[129.10603688597203,33.10155946587507],[129.10611041841497,33.10164355855484],[129.10526600615424,33.1021638654239],[129.10570389263918,33.102706236768555],[129.10671160629218,33.10281488097292],[129.10769595028398,33.102636730943445],[129.10826121069766,33.102247178022786],[129.1085191829895,33.10182331408188],[129.10893334649947,33.10168034413789],[129.10952402711968,33.10087883205758],[129.10976008522582,33.10031694543131],[129.1096809415446,33.09956293568241],[129.10976855317148,33.098887882455045],[129.1095295100233,33.09818926391115],[129.109099615959,33.097778576381835],[129.10888087428125,33.09708993935355],[129.10819777674246,33.09651613980536],[129.10778296796408,33.0965644189147],[129.1075414769869,33.09618496287705],[129.10761436941345,33.0956983042221],[129.10715103221273,33.09485288214085],[129.10676095976157,33.09439716633069],[129.1065088247935,33.09448202830674],[129.10597183509168,33.094071836443455],[129.10583585157266,33.09357274884965],[129.1054585753775,33.093373165607176],[129.10557735421355,33.093164341723046],[129.10632444808212,33.093108347126424],[129.10777295635495,33.09336697408946],[129.10896329526327,33.09326405953971],[129.10932370047954,33.09281813491775],[129.11025130453362,33.09248237334042],[129.11142510575127,33.09248432831933],[129.11140969895914,33.09232509423076],[129.11048601852198,33.09222908746964],[129.1108517460073,33.09193049216423],[129.11160500963493,33.09096080804217],[129.11214461271118,33.09095232690297],[129.11172653892243,33.09170629410006],[129.11199935118586,33.09193066176267],[129.11251989379795,33.09168164509944],[129.11431726017523,33.09044085058468],[129.114769106492,33.090242426194955],[129.1160667667894,33.0899991682863],[129.1169841904542,33.08953980246681]]]},"properties":{"KEY_CODE":"42411023007","PREF":"42","CITY":"411","CITY_NAME":"新上五島町","S_NAME":"曽根郷","SETAI":"28"}},{"type":"Feature","geometry":{"type":"Polygon","coordinates":[[[129.0974553580491,33.0797141726049],[129.0975524933816,33.07931591858295],[129.0971793317444,33.07893778530601],[129.09670465690172,33.078982229437365],[129.0965408099384,33.078735525937816],[129.09554000243233,33.07882335171208],[129.0950573430247,33.07872980044993],[129.09426012991284,33.079026576642946],[129.09392466438652,33.07884242069923],[129.0926079338454,33.078917469410506],[129.09227241761448,33.07873602174961],[129.09131737153365,33.07888888150955],[129.0908152909772,33.078599572057115],[129.08970574925533,33.078801505229684],[129.08926928699495,33.07868104165867],[129.08916974406822,33.07843093060185],[129.08947088623353,33.078166810983646],[129.0890283072041,33.07775324790661],[129.08765457983742,33.076965986044435],[129.08706181702527,33.0768278587145],[129.08659834908414,33.07653595567046],[129.08625791422105,33.076043374137946],[129.08577335529537,33.07613644385032],[129.0856151880738,33.07582842134547],[129.085849611888,33.0756326244107],[129.0857456305787,33.07496769332067],[129.08545085988158,33.074793581086986],[129.08556648461146,33.074121265628364],[129.08512371656832,33.07352464200961],[129.0847598227757,33.07346932449823],[129.08455265221144,33.073112446038486],[129.08486403458733,33.07271581728736],[129.0843787127776,33.07229218577505],[129.08449285126483,33.07216632300624],[129.0842745086562,33.07145592305599],[129.08407074796577,33.07128210694557],[129.0846295115095,33.071123463441275],[129.0847206145983,33.0701949743535],[129.08420873819918,33.06927619396096],[129.0841929403494,33.06899840639755],[129.08477700307606,33.068688348830385],[129.08462254912905,33.06828025022144],[129.0847405179831,33.06779370219869],[129.08446599709885,33.06764309614483],[129.0845456492,33.067333164107644],[129.08423640301152,33.066599012713716],[129.08431938692945,33.066256627148626],[129.08413150905628,33.06590252135768],[129.08422032584866,33.06500738316196],[129.08501050604872,33.065001503996555],[129.08559561158393,33.06503284399904],[129.08725908315503,33.064989405988385],[129.08843520340824,33.06488056491731],[129.0890162680925,33.064845733009896],[129.08997666109525,33.064940754537794],[129.0903813418834,33.06526913048226],[129.09078798428467,33.065346664409674],[129.0912063307681,33.06490253519663],[129.0914176059811,33.06454678740687],[129.09145479821797,33.064058180090726],[129.09127214501848,33.0638885530475],[129.0912550071658,33.063822350425546],[129.0914132525338,33.06325506034475],[129.09194392961348,33.0640634533105],[129.09272452791427,33.06431955853546],[129.09322546071607,33.06461516721107],[129.0932772610172,33.06474027323579],[129.09318757741414,33.06524707840392],[129.0931810974703,33.06550973552034],[129.09321456672242,33.06589982224087],[129.09295957369207,33.06660173954563],[129.0933111442105,33.06741252290149],[129.09329288949485,33.06831515485561],[129.0936286583205,33.067952007784285],[129.09416528754795,33.067914162977566],[129.0950231794889,33.06812084370304],[129.09580964452033,33.068505454846814],[129.09625510557484,33.068855303405996],[129.09757946830305,33.06893678212072],[129.09835882891693,33.069335237636615],[129.1003162415115,33.069917649924626],[129.1010506173944,33.06986855674873],[129.1015843349049,33.070513740938964],[129.10213762339242,33.070866279493025],[129.1026105109667,33.07172633003851],[129.10269189905264,33.07212087337745],[129.10263063672832,33.073103803802866],[129.1024228990178,33.074178435140446],[129.1021922585032,33.07447980608392],[129.10168402074916,33.074696637633615],[129.10142833921975,33.07515836491618],[129.1016005154638,33.075664142235524],[129.10133683867133,33.07609853200708],[129.10095020230827,33.076346489327904],[129.09988804681367,33.07746103373087],[129.09928809646027,33.07776461983936],[129.0987808111716,33.078225542906225],[129.09864054988338,33.078723468160305],[129.09792930399615,33.0794090113006],[129.0974553580491,33.0797141726049]]]},"properties":{"KEY_CODE":"42411023011","PREF":"42","CITY":"411","CITY_NAME":"新上五島町","S_NAME":"曽根郷","SETAI":"16"}},{"type":"Feature","geometry":{"type":"Polygon","coordinates":[[[129.0863970032989,33.0524467510397],[129.08626416314274,33.05318346907135],[129.08516982983846,33.05304666283645],[129.08462759825724,33.05278392410121],[129.08417980054867,33.05282547273905],[129.08347866955242,33.05236850671267],[129.08315722019063,33.05239567369432],[129.08221950971256,33.05261044213268],[129.08131603945287,33.05267870056327],[129.08049681596356,33.05240306405087],[129.08116732591495,33.05168032020179],[129.08099784978822,33.050624719718414],[129.0806692138906,33.05015110767896],[129.08085744720077,33.04929689017248],[129.0813257696188,33.048313770161236],[129.08092663085924,33.04826012539358],[129.08083929237335,33.04748884693291],[129.08128225135997,33.046437107835835],[129.0818623075092,33.04604409166259],[129.08326311705838,33.04552036638066],[129.08427425066228,33.04476266943616],[129.08424093006465,33.04411420140737],[129.08464386248144,33.04358261123257],[129.08449739587573,33.04308706341214],[129.0841168197972,33.042729604400506],[129.08365188105364,33.042559430004324],[129.08294945030346,33.042799651293656],[129.082816374709,33.04263959508953],[129.0823454855734,33.0428246826121],[129.08188332431106,33.042748287457464],[129.08192351473923,33.042396740590036],[129.08164712510666,33.04197920789678],[129.08171769026683,33.04155472159112],[129.0814198606849,33.04136345167757],[129.08095126706513,33.04151517532795],[129.08014627479125,33.04148631947779],[129.07955569004605,33.041172323481035],[129.07953946595217,33.04076017394306],[129.07910460773684,33.041020214071594],[129.07874440169215,33.04089545692051],[129.07858395679355,33.04019064829594],[129.07941618782849,33.03989948765917],[129.0800652707754,33.0400648905911],[129.08063978030972,33.03970522270733],[129.08127236024131,33.038390797201],[129.0811317010574,33.03825325917168],[129.08154210529335,33.037951649269374],[129.0816425483939,33.03796284300324],[129.08168120386844,33.038074681209565],[129.08190974937295,33.03882445761057],[129.08200846877014,33.03898728308487],[129.08221848546285,33.03920125910205],[129.08273922494095,33.03973558554315],[129.08302098922417,33.04008636082633],[129.0831905832976,33.04018233275946],[129.0841741577967,33.0399788952699],[129.08536162232477,33.03972843115407],[129.0855185607103,33.0396883320396],[129.08553043352742,33.03968029912524],[129.08646842110733,33.039857141333414],[129.08670606976023,33.04002301417492],[129.08689026770014,33.040643344597996],[129.0880659821963,33.04155394728598],[129.08849194338882,33.04210903220372],[129.08870800211974,33.043021536093704],[129.0892091819872,33.043620046815256],[129.0903354956903,33.04414187342127],[129.09072076052604,33.04500920905784],[129.09111740968237,33.04538131826278],[129.0919222803935,33.04558968152316],[129.09236012556178,33.04683815051063],[129.09234579427348,33.047330823482696],[129.0922539492504,33.047663445032356],[129.09154601193558,33.047706932484516],[129.09107325276068,33.04791408028486],[129.090962041789,33.04840746942319],[129.0904791055517,33.04893061962685],[129.09019985623678,33.04892517510409],[129.08960543056426,33.04913789301136],[129.08910071967097,33.049109110300314],[129.08823013084057,33.04921921323585],[129.0880173654186,33.04935183221874],[129.08773019723947,33.049893209466276],[129.08740138479024,33.05014520451463],[129.08690250249614,33.050593222774616],[129.08688029332924,33.05132303247257],[129.08671667078858,33.05184673299329],[129.0863970032989,33.0524467510397]]]},"properties":{"KEY_CODE":"42411023026","PREF":"42","CITY":"411","CITY_NAME":"新上五島町","S_NAME":"曽根郷","SETAI":"33"}},{"type":"Feature","geometry":{"type":"Polygon","coordinates":[[[129.08972107679756,33.05399522967725],[129.0907331905141,33.054626696770434],[129.09068371663577,33.05529771919007],[129.09088818406954,33.055673656861686],[129.09079965995224,33.056484432607604],[129.0910503339104,33.057582810742204],[129.09153023572674,33.05888100979106],[129.09206745929893,33.058855858794885],[129.09246453891242,33.059481532831654],[129.0930072626059,33.05906462428333],[129.09340827116264,33.05963841509954],[129.09405583135154,33.05987015709085],[129.09452618460196,33.05972428993249],[129.09549442581553,33.059792585479194],[129.0957353939186,33.06011484879318],[129.09558497968118,33.06056594339133],[129.09478343150096,33.06138453464892],[129.09507974514767,33.0620450410621],[129.09496402298234,33.062687810007624],[129.09571918071836,33.06318228765688],[129.09590034262,33.06345114388214],[129.09574218677002,33.06422605303551],[129.0937805615739,33.06510390080953],[129.0931810974703,33.06550973552036],[129.09318757741414,33.06524707840392],[129.0932772610172,33.06474027323579],[129.09322546071607,33.06461516721107],[129.09272452791427,33.06431955853548],[129.09194392961348,33.0640634533105],[129.0914132525338,33.06325506034475],[129.0912550071658,33.063822350425546],[129.09127214501848,33.0638885530475],[129.09145479821797,33.064058180090726],[129.0914176059811,33.06454678740687],[129.0912063307681,33.06490253519663],[129.09078798428467,33.065346664409674],[129.09038134188336,33.06526913048226],[129.08997666109525,33.064940754537794],[129.0890162680925,33.064845733009896],[129.08843520340824,33.06488056491731],[129.08725908315503,33.064989405988385],[129.08559561158393,33.06503284399904],[129.08501050604872,33.065001503996555],[129.08422032584866,33.06500738316196],[129.08427157842434,33.06481999322565],[129.08371604174042,33.064074202918285],[129.08376493423066,33.06370465153419],[129.08302624771957,33.06252090275186],[129.08242442583702,33.06183717392659],[129.0818281204376,33.061341925634444],[129.082631171011,33.06023908974321],[129.08264538779483,33.059499714592626],[129.08229152312643,33.058930437826994],[129.0815592824891,33.05842752224327],[129.0817826488951,33.05764618660889],[129.08255148723418,33.05688825133249],[129.0840706120431,33.055987610495414],[129.08422650906718,33.05562512912916],[129.08395758424479,33.05446739665344],[129.08356183366496,33.0533735317936],[129.0840735042636,33.053332198152944],[129.08417980054867,33.05282547273905],[129.08462759825724,33.05278392410125],[129.08516982983846,33.05304666283645],[129.08626416314277,33.05318346907134],[129.08731802108653,33.053763996658674],[129.08838569810644,33.05412935550418],[129.08972107679756,33.05399522967725]]]},"properties":{"KEY_CODE":"42411023027","PREF":"42","CITY":"411","CITY_NAME":"新上五島町","S_NAME":"曽根郷","SETAI":"91"}},{"type":"Feature","geometry":{"type":"Polygon","coordinates":[[[129.0815592824891,33.05842752224327],[129.0809555625532,33.058379506434896],[129.0805132263231,33.058164307599014],[129.0788109079815,33.058319087615736],[129.07852088199022,33.05850566786586],[129.07853006579379,33.05882400976573],[129.0781957787966,33.05908077672178],[129.07774251511628,33.05913876075024],[129.07764424904545,33.058869712847375],[129.0771183462976,33.05933232610996],[129.07615583217836,33.05906845642],[129.07607111969037,33.058869786878724],[129.07663935123023,33.058512826394455],[129.0768222550514,33.05788223157481],[129.0766123185596,33.057671416941695],[129.07568944539366,33.057405875925255],[129.07503206225095,33.05738470318501],[129.07502622573054,33.05660107439202],[129.0742636623113,33.05662011750002],[129.07414154299258,33.056407792862075],[129.0744991972842,33.05618898879655],[129.07512994260682,33.055522047432326],[129.0748561776039,33.05544266786411],[129.07517975236058,33.055185871084774],[129.07496170569058,33.05465580765209],[129.07525614908258,33.05399493746252],[129.0756412259179,33.05363825625017],[129.07507068734253,33.0533784217961],[129.07500105712646,33.05315905874475],[129.07571524466476,33.052947780805034],[129.0750041785201,33.052737961557156],[129.07468426628472,33.052463641303135],[129.07512101165233,33.05226855199256],[129.0757410239723,33.05225983887708],[129.0766401645662,33.052778688149445],[129.07733338400763,33.05179363568904],[129.07770290189652,33.051773247079225],[129.07702273069185,33.0527159622891],[129.0781819439142,33.05303098522084],[129.07873118028857,33.052604515497585],[129.07903606859202,33.05288327749628],[129.08049681596356,33.05240306405087],[129.08131603945287,33.05267870056327],[129.08221950971256,33.05261044213268],[129.08315722019063,33.05239567369432],[129.08347866955242,33.05236850671267],[129.08417980054867,33.05282547273905],[129.0840735042636,33.053332198152944],[129.08356183366496,33.0533735317936],[129.08395758424479,33.05446739665344],[129.08422650906718,33.05562512912916],[129.0840706120431,33.055987610495414],[129.08255148723418,33.05688825133249],[129.0817826488951,33.05764618660889],[129.0815592824891,33.05842752224327]]]},"properties":{"KEY_CODE":"42411023028","PREF":"42","CITY":"411","CITY_NAME":"新上五島町","S_NAME":"曽根郷","SETAI":"44"}},{"type":"Feature","geometry":{"type":"Polygon","coordinates":[[[129.1002700320586,33.06142121112552],[129.09967387894392,33.061607324882424],[129.09953642871747,33.06182462741389],[129.09896131838752,33.062048421940055],[129.09807488824586,33.06295019389932],[129.09739818980933,33.06326274157067],[129.09695903304055,33.06360181542093],[129.09574218677002,33.06422605303551],[129.09590034262,33.06345114388214],[129.09571918071836,33.06318228765688],[129.09496402298234,33.062687810007624],[129.09507974514767,33.0620450410621],[129.09478343150096,33.06138453464892],[129.09558497968118,33.06056594339133],[129.0957353939186,33.06011484879318],[129.09549442581553,33.059792585479194],[129.09452618460196,33.05972428993249],[129.09405583135154,33.05987015709085],[129.09340827116264,33.05963841509954],[129.0930072626059,33.05906462428333],[129.09246453891242,33.059481532831654],[129.09206745929893,33.058855858794885],[129.09153023572674,33.05888100979106],[129.0910503339104,33.057582810742204],[129.09079965995224,33.056484432607604],[129.09088818406954,33.055673656861686],[129.09068371663577,33.05529771919007],[129.0907331905141,33.054626696770434],[129.08972107679756,33.05399522967725],[129.091041866843,33.0540292729714],[129.0915060560508,33.053926738953535],[129.0918967494471,33.05362650233873],[129.0924169908952,33.05416267128659],[129.09330464079918,33.05396338537032],[129.09373400921288,33.054099577134274],[129.09462734769684,33.05388138080977],[129.09518901712212,33.053973074242066],[129.0958405275433,33.05316759888332],[129.09635356004748,33.05283817491407],[129.09713643785142,33.052796969002266],[129.09831439245121,33.05296592142687],[129.09865698998647,33.05298055712121],[129.09874790832606,33.05346959492024],[129.09921487647108,33.05345487316309],[129.09961773491787,33.05590371256485],[129.1012270209746,33.05580074646303],[129.1007512436345,33.053276781445426],[129.10088196481854,33.05325736222791],[129.10145418650828,33.056238528658454],[129.1017978718545,33.056256767632256],[129.10090839601312,33.05686887595888],[129.10151602636378,33.05701060668732],[129.10180537827353,33.05672388743312],[129.10346451252965,33.05688793372807],[129.10345658954517,33.05698439596371],[129.10235517783352,33.0568699363804],[129.1023036898248,33.05712766843267],[129.10291065765452,33.05764902201303],[129.10320479335445,33.0577293194626],[129.1036287036888,33.057287030930304],[129.10380419938372,33.056847542232916],[129.10357774007028,33.05814441640793],[129.10386258930114,33.058383394432106],[129.1036190556253,33.05895611330343],[129.10386073154652,33.05998667781155],[129.10371637595077,33.060002776050545],[129.10335907133685,33.06005932684558],[129.10297375107527,33.06030774776479],[129.10279373200825,33.060374805541095],[129.10227071609594,33.06047854961163],[129.10222847478494,33.06067037968356],[129.1021904247803,33.06072198185619],[129.10190871070688,33.06079666062104],[129.10142664288009,33.060735421938304],[129.1010196409764,33.061057372260834],[129.10074732569151,33.06114400976521],[129.10054302744675,33.06136018439648],[129.1002700320586,33.06142121112552]]]},"properties":{"KEY_CODE":"42411024019","PREF":"42","CITY":"411","CITY_NAME":"新上五島町","S_NAME":"小串郷","SETAI":"46"}},{"type":"Feature","geometry":{"type":"Polygon","coordinates":[[[129.09831439245121,33.05296592142687],[129.09713643785142,33.052796969002266],[129.09635356004748,33.05283817491407],[129.0958405275433,33.05316759888332],[129.09518901712212,33.053973074242066],[129.09462734769684,33.05388138080977],[129.09373400921288,33.054099577134274],[129.09330464079918,33.05396338537032],[129.0924169908952,33.05416267128659],[129.0918967494471,33.05362650233873],[129.0915060560508,33.053926738953535],[129.091041866843,33.0540292729714],[129.08972107679756,33.05399522967725],[129.08838569810644,33.05412935550418],[129.08731802108653,33.053763996658674],[129.08626416314277,33.05318346907134],[129.0863970032989,33.0524467510397],[129.08671667078858,33.05184673299329],[129.08688029332924,33.05132303247257],[129.08690250249614,33.050593222774616],[129.08740138479024,33.05014520451463],[129.08773019723947,33.049893209466276],[129.0880173654186,33.04935183221874],[129.08823013084057,33.04921921323585],[129.08910071967097,33.049109110300314],[129.08960543056426,33.04913789301137],[129.09019985623678,33.04892517510409],[129.09047910555174,33.04893061962685],[129.09093092755037,33.04935919075051],[129.09132365189822,33.049796596985814],[129.0915161737433,33.04997800808136],[129.09146576361505,33.05042074276458],[129.09144814762132,33.05074607773598],[129.09172939694318,33.05089840305951],[129.0922389931753,33.05160736308244],[129.09282690816568,33.05223296173504],[129.09318672615134,33.05223866469812],[129.09355137732217,33.05235735205756],[129.093686039415,33.05227192814361],[129.094665317597,33.05131023640924],[129.09561020613145,33.05080939361224],[129.09560551806453,33.050655721168546],[129.09559103999126,33.050547860219574],[129.0957274594092,33.05045239284773],[129.09608776291344,33.050369430610644],[129.0964987389949,33.05035477642674],[129.09716878937326,33.05010370272254],[129.0972007585134,33.04989094937451],[129.09743151426505,33.04971838313781],[129.097471923677,33.049625967952906],[129.09751348856778,33.04950074224605],[129.09807312287947,33.04933848857685],[129.09928341811286,33.049350772745385],[129.09945368359607,33.049601287534166],[129.09926171247454,33.049937145021836],[129.0993225379455,33.04996297436952],[129.09963490431826,33.04994475951991],[129.09970982926382,33.050107394643696],[129.0990487990966,33.05089248695825],[129.0983930158308,33.052164527928106],[129.09831439245121,33.05296592142687]]]},"properties":{"KEY_CODE":"42411024020","PREF":"42","CITY":"411","CITY_NAME":"新上五島町","S_NAME":"小串郷","SETAI":"40"}},{"type":"Feature","geometry":{"type":"Polygon","coordinates":[[[129.10105236721046,33.04992325587552],[129.10089401063308,33.05013465692738],[129.10005518678162,33.05022032504183],[129.09963490431826,33.04994475951991],[129.0993225379455,33.04996297436952],[129.09926171247454,33.049937145021836],[129.09945368359607,33.049601287534166],[129.09928341811286,33.049350772745385],[129.09807312287947,33.04933848857685],[129.09751348856778,33.04950074224605],[129.097471923677,33.049625967952906],[129.09743151426505,33.04971838313781],[129.0972007585134,33.04989094937451],[129.09716878937326,33.05010370272254],[129.0964987389949,33.05035477642672],[129.09608776291344,33.050369430610644],[129.0957274594092,33.05045239284773],[129.09559103999126,33.050547860219574],[129.09560551806453,33.050655721168546],[129.09561020613145,33.05080939361224],[129.094665317597,33.05131023640924],[129.093686039415,33.05227192814361],[129.09355137732217,33.05235735205756],[129.09318672615134,33.05223866469812],[129.09282690816568,33.05223296173504],[129.0922389931753,33.05160736308244],[129.09172939694318,33.05089840305951],[129.09144814762132,33.05074607773598],[129.09146576361505,33.05042074276458],[129.0915161737433,33.04997800808136],[129.09132365189822,33.049796596985814],[129.09093092755037,33.04935919075051],[129.0904791055517,33.04893061962685],[129.090962041789,33.04840746942319],[129.09107325276068,33.04791408028486],[129.09154601193558,33.047706932484516],[129.0922539492504,33.047663445032356],[129.09234579427348,33.047330823482696],[129.0930864183252,33.04772437679988],[129.0941842445773,33.04854322357054],[129.0952528927561,33.04920842207664],[129.0955279285245,33.04928426936756],[129.09624638052813,33.04891183857565],[129.09705702383215,33.047762189694],[129.09870491262296,33.04818720169585],[129.09944524252563,33.04887492842237],[129.09997020869585,33.04909610996464],[129.10003274496523,33.04912246016309],[129.1001839211548,33.04922066043475],[129.1004724825684,33.04959885129704],[129.10105236721046,33.04992325587552]]]},"properties":{"KEY_CODE":"42411024021","PREF":"42","CITY":"411","CITY_NAME":"新上五島町","S_NAME":"小串郷","SETAI":"13"}},{"type":"Feature","geometry":{"type":"Polygon","coordinates":[[[129.10071251887499,33.04859749750829],[129.10107967310427,33.04839488360746],[129.10137109476017,33.04858518664829],[129.10217051551473,33.0482090176821],[129.10131367857343,33.046608371577754],[129.10139204573062,33.04656534104969],[129.10248030869886,33.04861038409636],[129.10283951440206,33.04849971929242],[129.1030570318158,33.04869970120344],[129.10379509466148,33.048869786739566],[129.10486857300563,33.04875056928787],[129.10468393051886,33.05004038630503],[129.10347113221744,33.05019071137972],[129.10275282492012,33.05015414879398],[129.10218609205637,33.04974023266622],[129.10128772119495,33.049740959644325],[129.10105236721046,33.04992325587552],[129.1004724825684,33.04959885129704],[129.1001839211548,33.04922066043475],[129.10003274496523,33.04912246016309],[129.10002861577877,33.0489636694114],[129.10048668116258,33.04895971473037],[129.10071251887499,33.04859749750829]]]},"properties":{"KEY_CODE":"42411024022","PREF":"42","CITY":"411","CITY_NAME":"新上五島町","S_NAME":"小串郷","SETAI":"20"}},{"type":"Feature","geometry":{"type":"Polygon","coordinates":[[[129.10870702668802,33.05338781786445],[129.1081811630436,33.053403287806134],[129.10686265338867,33.052757070002],[129.1066487775225,33.05244889274654],[129.1065016847826,33.05158274578082],[129.10669530475997,33.05138677688228],[129.1075549660631,33.05166724116049],[129.10870819420364,33.05239859782515],[129.10870702668802,33.05338781786445]]]},"properties":{"KEY_CODE":"42411024022","PREF":"42","CITY":"411","CITY_NAME":"新上五島町","S_NAME":"小串郷","SETAI":"0"}},{"type":"Feature","geometry":{"type":"Polygon","coordinates":[[[129.10071251887499,33.04859749750829],[129.10048668116258,33.04895971473037],[129.10002861577877,33.0489636694114],[129.09997020869585,33.04909610996464],[129.09944524252563,33.04887492842237],[129.09870491262296,33.04818720169585],[129.0986873985695,33.04743396482895],[129.09979376261217,33.04765850701763],[129.09973087247215,33.04783867153706],[129.1003938546145,33.048511709842565],[129.10071251887499,33.04859749750829]]]},"properties":{"KEY_CODE":"42411024023","PREF":"42","CITY":"411","CITY_NAME":"新上五島町","S_NAME":"小串郷","SETAI":"28"}},{"type":"Feature","geometry":{"type":"Polygon","coordinates":[[[129.09870491262296,33.04818720169585],[129.09705702383215,33.047762189694],[129.09624638052813,33.04891183857565],[129.0955279285245,33.04928426936756],[129.0952528927561,33.04920842207664],[129.0941842445773,33.04854322357054],[129.0930864183252,33.04772437679988],[129.09234579427348,33.047330823482696],[129.09236012556178,33.04683815051063],[129.0919222803935,33.04558968152316],[129.09111740968237,33.04538131826278],[129.09072076052604,33.04500920905784],[129.09115498699828,33.0448106501242],[129.09164909198475,33.0448577155509],[129.0924355806175,33.044573622504025],[129.09282415434072,33.04408896097308],[129.0932091180225,33.04303620667896],[129.093904627127,33.04265043298097],[129.09422186235156,33.04232284757433],[129.09410799980827,33.04133837456945],[129.0942100997382,33.04036510041733],[129.0946528675059,33.04005732811846],[129.0950014872186,33.04037767815407],[129.09598983212473,33.040578373354315],[129.0965288848011,33.04093360670106],[129.09808175571303,33.04154820498625],[129.09854360117228,33.04217370185088],[129.09838298600664,33.04240583045924],[129.09864221297528,33.043083873730424],[129.099094271031,33.0435100538063],[129.09900559107965,33.044174352117544],[129.0992684787033,33.04474870342929],[129.099117292233,33.045031365962835],[129.0998744660482,33.04569748827515],[129.09982067874847,33.04623024656642],[129.10018259181885,33.04646045585332],[129.09979376261217,33.04765850701763],[129.0986873985695,33.04743396482895],[129.09870491262296,33.04818720169585]]]},"properties":{"KEY_CODE":"42411024024","PREF":"42","CITY":"411","CITY_NAME":"新上五島町","S_NAME":"小串郷","SETAI":"26"}},{"type":"Feature","geometry":{"type":"Polygon","coordinates":[[[129.0946528675059,33.04005732811846],[129.0942100997382,33.04036510041733],[129.09410799980827,33.04133837456945],[129.09422186235156,33.04232284757433],[129.093904627127,33.04265043298097],[129.0932091180225,33.04303620667896],[129.09282415434072,33.04408896097308],[129.0924355806175,33.044573622504025],[129.09164909198475,33.0448577155509],[129.09115498699828,33.0448106501242],[129.09072076052604,33.04500920905784],[129.0903354956903,33.04414187342127],[129.0892091819872,33.043620046815256],[129.08870800211974,33.043021536093704],[129.08849194338882,33.04210903220372],[129.0880659821963,33.04155394728598],[129.08689026770014,33.040643344597996],[129.08670606976023,33.04002301417492],[129.08646842110733,33.039857141333414],[129.08553043352742,33.03968029912524],[129.08561535220718,33.03962263381952],[129.08590400358483,33.039143731716855],[129.08604577119252,33.03847898375895],[129.08637064886605,33.0373476768375],[129.08658370293986,33.03664051323241],[129.0870371672796,33.036015104607166],[129.08711622553676,33.03585955570414],[129.08759535325473,33.03444040211899],[129.0878465638141,33.03442209300593],[129.08980976074244,33.03427263709225],[129.0912325757039,33.034156572949065],[129.09216761826704,33.03411030097737],[129.0928232196602,33.03494206048615],[129.09277244199893,33.035504586287125],[129.09316900409254,33.03564385263605],[129.0931239937764,33.03588176692402],[129.09183951399515,33.03606602114403],[129.0913074779363,33.03697593965625],[129.09116570304985,33.03776900872713],[129.09119380117826,33.038400322318516],[129.0916161631987,33.03920967333375],[129.09268095911386,33.03977585497821],[129.09328775893863,33.03982923621555],[129.09408866647422,33.04005277930581],[129.09437744231303,33.03988148883258],[129.0946528675059,33.04005732811846]]]},"properties":{"KEY_CODE":"42411024025","PREF":"42","CITY":"411","CITY_NAME":"新上五島町","S_NAME":"小串郷","SETAI":"4"}},{"type":"Feature","geometry":{"type":"Polygon","coordinates":[[[129.09223078989507,33.01953992225607],[129.09251061159063,33.02014231650384],[129.09299434178305,33.0206218353906],[129.09326388549187,33.02066329724418],[129.0939400468811,33.021206565322736],[129.0942734216039,33.021333900818064],[129.09417915989619,33.021808820546546],[129.0947227954559,33.022077516288704],[129.09452406045864,33.022693671967254],[129.09487768134147,33.02331162974866],[129.09532657711404,33.023461882804234],[129.09584855445618,33.023313889454045],[129.09575002331863,33.023554338553204],[129.09602657994247,33.024174745637936],[129.09639913042827,33.02416964532413],[129.0965846390509,33.02456702210459],[129.09718440905868,33.02449862874872],[129.09749793088417,33.02475574626787],[129.09757504860414,33.02544854747678],[129.09789279602066,33.02548654639975],[129.09830134064777,33.0262723926854],[129.0979807949897,33.02660861911818],[129.09834855495092,33.02694976641891],[129.0980123150623,33.0274437497592],[129.09758060395305,33.02750818477026],[129.09790069716712,33.02773916782283],[129.09776564678126,33.02801016177065],[129.09802597598093,33.02867379068818],[129.09727525666372,33.0296759148262],[129.0968517927244,33.03074041122492],[129.09708945366384,33.030975637068074],[129.09702484184078,33.03152459405142],[129.09733524780174,33.03177358150706],[129.0972017945467,33.0321600003544],[129.0968831276055,33.032317675104274],[129.09597219223392,33.0322912719938],[129.0956606642034,33.03205940881106],[129.09451430962923,33.03224774868954],[129.09372816448672,33.03185833093627],[129.0926497832813,33.03239494959835],[129.09255210832404,33.03268138648009],[129.09285353795417,33.03278968053279],[129.09276313262183,33.03381918483261],[129.09216761826704,33.03411030097737],[129.0912325757039,33.034156572949065],[129.08980976074244,33.03427263709225],[129.0878465638141,33.03442209300593],[129.08759535325473,33.03444040211899],[129.0880868797894,33.033764781858295],[129.08819015928324,33.033320599503256],[129.08856123772009,33.033083522909386],[129.08847595761327,33.03246823820758],[129.08901857588708,33.03184494027602],[129.08940510265035,33.03109097490054],[129.0901323793815,33.03053795105542],[129.09135944223877,33.02920198935333],[129.09169970273766,33.02858044702685],[129.09207064365293,33.028331140613275],[129.0924785117641,33.027682815991554],[129.0935526790349,33.02721384680818],[129.09313160367043,33.02632465912053],[129.09238192864737,33.02558490352913],[129.09234271850178,33.025257085894424],[129.09257599189775,33.02421191686804],[129.0924830792322,33.02327235602908],[129.09200025684316,33.022043844590534],[129.091718670751,33.0218123938439],[129.0907977565913,33.02142833424352],[129.08988735303186,33.02170729416819],[129.08898471649667,33.02079554547153],[129.0878738385836,33.020418455599994],[129.08721398305275,33.019831370955536],[129.08636202138393,33.01873685383773],[129.08592047584187,33.016938772431025],[129.0856062420965,33.016438559942046],[129.08515899340105,33.01610985830288],[129.08519848562037,33.015786539891145],[129.0850358521936,33.01530552160822],[129.08608994894726,33.01501007481107],[129.08665978461772,33.01520416343971],[129.08696867990426,33.015594923048674],[129.08713152884297,33.01602255531165],[129.08714387538535,33.01610000527997],[129.08757742495789,33.01627495827428],[129.08769091448744,33.016414137124755],[129.08766039698435,33.016841134370594],[129.0878568763691,33.01686581059893],[129.0880621588265,33.01703732431615],[129.08792462689206,33.01729045590158],[129.08762356089102,33.0172600935027],[129.08755069344718,33.01724917464797],[129.08754763207162,33.01756280873354],[129.08757670232657,33.017783129669894],[129.0880415462874,33.017715262054615],[129.08813787242192,33.01779700507368],[129.08818183221118,33.017891909323296],[129.08825010204023,33.01786677782994],[129.08836528075463,33.01816412105779],[129.08835367713138,33.01826684867973],[129.08829290592323,33.01854759669907],[129.0883032620536,33.01872895999588],[129.08848213855538,33.01865658820494],[129.0887441337264,33.018486265749985],[129.08922742821036,33.019302472463266],[129.08997713628258,33.01962225578819],[129.09041609948068,33.019502181123386],[129.09083520830305,33.0196318299876],[129.09112591113657,33.019492138306916],[129.0916064850543,33.019621995514846],[129.09223078989507,33.01953992225607]]]},"properties":{"KEY_CODE":"42411025029","PREF":"42","CITY":"411","CITY_NAME":"新上五島町","S_NAME":"似首郷","SETAI":"32"}},{"type":"Feature","geometry":{"type":"Polygon","coordinates":[[[129.0887441337264,33.018486265749985],[129.08848213855538,33.01865658820494],[129.0883032620536,33.01872895999588],[129.08829290592323,33.01854759669907],[129.08835367713138,33.01826684867973],[129.08836528075463,33.01816412105779],[129.08825010204023,33.01786677782994],[129.08818183221118,33.017891909323296],[129.08813787242192,33.01779700507368],[129.0880415462874,33.017715262054615],[129.08757670232657,33.017783129669894],[129.08754763207162,33.01756280873354],[129.08755069344718,33.01724917464797],[129.08762356089102,33.0172600935027],[129.08792462689206,33.01729045590158],[129.0880621588265,33.01703732431615],[129.0878568763691,33.01686581059893],[129.08766039698435,33.016841134370594],[129.08769091448744,33.016414137124755],[129.08757742495789,33.01627495827428],[129.08714387538535,33.01610000527997],[129.08713152884297,33.01602255531165],[129.08696867990426,33.015594923048674],[129.08665978461772,33.01520416343971],[129.08608994894726,33.01501007481107],[129.0850358521936,33.01530552160822],[129.08519848562037,33.015786539891145],[129.08515899340105,33.01610985830288],[129.08428787013437,33.01547584575074],[129.08407294983533,33.01501787301445],[129.08370756513224,33.014336495899016],[129.08373489413412,33.01334207000942],[129.08351335529855,33.01284407133408],[129.08336581400172,33.012489206673116],[129.08265783346658,33.012048638743416],[129.08256836233832,33.01201268264194],[129.08558826919474,33.0119970052269],[129.08662226089143,33.01212436089751],[129.08738137550634,33.01231182191486],[129.08831657382734,33.011958032152364],[129.08917906198127,33.012114389760264],[129.08980289209407,33.012112762384085],[129.0906941839169,33.0123693639889],[129.09091138235067,33.012278831869615],[129.09154124279775,33.01192433493866],[129.09209910964378,33.0119294668809],[129.09188391157838,33.012634842160445],[129.0915561472811,33.01291962192699],[129.09161722722027,33.0133616903947],[129.09118888642365,33.01340807051667],[129.09021020002095,33.01395942472758],[129.0897175371062,33.01471708595503],[129.08962866628187,33.01517940066692],[129.08911261144348,33.015276489614706],[129.088609979526,33.01630189708595],[129.08847367953433,33.01686414256465],[129.08876415852492,33.01717296257799],[129.08877128231853,33.01746468263035],[129.08893360601652,33.01824005987622],[129.0887441337264,33.018486265749985]]]},"properties":{"KEY_CODE":"42411025030","PREF":"42","CITY":"411","CITY_NAME":"新上五島町","S_NAME":"似首郷","SETAI":"32"}},{"type":"Feature","geometry":{"type":"Polygon","coordinates":[[[129.09223078989507,33.01953992225607],[129.0916064850543,33.019621995514846],[129.09112591113657,33.019492138306916],[129.09083520830305,33.0196318299876],[129.09041609948068,33.019502181123386],[129.08997713628258,33.01962225578819],[129.08922742821036,33.019302472463266],[129.0887441337264,33.018486265749985],[129.08893360601652,33.01824005987622],[129.08877128231853,33.01746468263035],[129.08876415852492,33.01717296257799],[129.08847367953433,33.01686414256465],[129.088609979526,33.01630189708595],[129.08911261144348,33.015276489614706],[129.08962866628187,33.01517940066692],[129.0895492882786,33.01567691619312],[129.0891147899926,33.01634910128513],[129.0897295565924,33.016496321639224],[129.0894539074393,33.01776600665458],[129.0900198091535,33.018065461816526],[129.09076761021961,33.018146383565785],[129.09095082446308,33.0169602581971],[129.091027784574,33.016981253081966],[129.0908166294765,33.01865514298818],[129.09148510334035,33.01876645845938],[129.09223078989507,33.01953992225607]]]},"properties":{"KEY_CODE":"42411025031","PREF":"42","CITY":"411","CITY_NAME":"新上五島町","S_NAME":"似首郷","SETAI":"29"}},{"type":"Feature","geometry":{"type":"Polygon","coordinates":[[[129.09091138235067,33.012278831869615],[129.0906941839169,33.0123693639889],[129.08980289209407,33.012112762384085],[129.08917906198127,33.012114389760264],[129.08831657382734,33.011958032152364],[129.08738137550634,33.01231182191486],[129.08662226089143,33.01212436089751],[129.08558826919474,33.0119970052269],[129.08256836233832,33.01201268264194],[129.08334189018072,33.01143902302375],[129.08434331325347,33.01092482718377],[129.0856459064493,33.01028415682287],[129.08660473492444,33.00968039969795],[129.0875590294717,33.009177110196624],[129.0881429935301,33.00887980121801],[129.08827292268023,33.0087731606019],[129.08894108287916,33.00819600969441],[129.08926939874848,33.00800501815616],[129.08947895875056,33.00815335566085],[129.08960750155197,33.008300559181],[129.0896304872877,33.00836566020717],[129.08967747833563,33.008392597508994],[129.09001359665746,33.00832229278107],[129.09051510457337,33.00827881985239],[129.09083579400206,33.00836270534379],[129.09092650173264,33.00822960062112],[129.0914532954096,33.008196620613404],[129.09127171804056,33.009331439606235],[129.0908887955237,33.01010343141386],[129.09115707279844,33.010683392268945],[129.09080571051402,33.01154556235876],[129.09091138235067,33.012278831869615]]]},"properties":{"KEY_CODE":"42411026032","PREF":"42","CITY":"411","CITY_NAME":"新上五島町","S_NAME":"丸尾郷","SETAI":"56"}},{"type":"Feature","geometry":{"type":"Polygon","coordinates":[[[129.09209910964378,33.0119294668809],[129.09154124279775,33.01192433493866],[129.09091138235067,33.012278831869615],[129.09080571051402,33.01154556235876],[129.09115707279844,33.010683392268945],[129.0908887955237,33.01010343141386],[129.09127171804056,33.009331439606235],[129.0914532954096,33.008196620613404],[129.09149923524367,33.007300184960606],[129.091872021045,33.00721016648347],[129.09239149795619,33.006958026082515],[129.09260416369005,33.006640525979904],[129.09281873798133,33.0065078718969],[129.09300504809823,33.006485083477926],[129.09352215645177,33.00673829516991],[129.0942699365166,33.007196104931715],[129.09393367725048,33.007243697601126],[129.09438352411874,33.00809912856868],[129.09407758800359,33.00829831442099],[129.09365435670415,33.00771078940313],[129.09287453815227,33.00808335516531],[129.09292628386123,33.00846766979699],[129.0925529141892,33.00843848768951],[129.09212393679252,33.00886450377874],[129.09247613434573,33.0090793774176],[129.0921427507865,33.009190997887316],[129.09235791099033,33.00964979480542],[129.09296790999022,33.00966172136571],[129.09290335983164,33.00996179102264],[129.09235027660506,33.01014573076789],[129.09205303319524,33.00984446902357],[129.09172437899156,33.01009948164849],[129.09189689551843,33.01052206816062],[129.0915837420285,33.011123401656675],[129.0916878854135,33.01151330008647],[129.09219862315277,33.011701647616285],[129.09209910964378,33.0119294668809]]]},"properties":{"KEY_CODE":"42411026033","PREF":"42","CITY":"411","CITY_NAME":"新上五島町","S_NAME":"丸尾郷","SETAI":"17"}},{"type":"Feature","geometry":{"type":"Polygon","coordinates":[[[129.09092650173264,33.00822960062112],[129.09083579400206,33.00836270534379],[129.09051510457337,33.00827881985239],[129.09001359665746,33.00832229278107],[129.08967747833563,33.008392597508994],[129.0896304872877,33.00836566020717],[129.08960750155197,33.008300559181],[129.08947895875056,33.00815335566085],[129.08926939874848,33.00800501815616],[129.0892183211004,33.00796685810066],[129.08921146124428,33.00745311140991],[129.0882782563003,33.006894529105494],[129.0879150635995,33.006314059249036],[129.08884987076152,33.006291068005666],[129.08968262516905,33.0066032539519],[129.09140544506823,33.00608958497963],[129.0917766074034,33.00616922647237],[129.09235082426227,33.00583988711113],[129.0926485266479,33.00626649094249],[129.09301792231912,33.00623073350689],[129.09431581720654,33.006526255409646],[129.0947223011555,33.00540310354584],[129.0948809436997,33.00535041936794],[129.094758032201,33.003918038179606],[129.09483078860418,33.003914668772275],[129.09494324720328,33.00530192830349],[129.09461094222988,33.00634957673507],[129.09469572961586,33.00653110623205],[129.0942887257956,33.00683636875521],[129.0942699365166,33.007196104931715],[129.09352215645177,33.00673829516991],[129.09300504809823,33.006485083477926],[129.09281873798133,33.0065078718969],[129.09260416369005,33.006640525979904],[129.09239149795619,33.00695802608249],[129.091872021045,33.00721016648347],[129.09149923524367,33.007300184960606],[129.0914532954096,33.008196620613404],[129.09092650173264,33.00822960062112]]]},"properties":{"KEY_CODE":"42411026034","PREF":"42","CITY":"411","CITY_NAME":"新上五島町","S_NAME":"丸尾郷","SETAI":"59"}},{"type":"Feature","geometry":{"type":"Polygon","coordinates":[[[129.0879150635995,33.006314059249036],[129.0882782563003,33.006894529105494],[129.08921146124428,33.00745311140991],[129.0892183211004,33.00796685810066],[129.08894108287916,33.00819600969441],[129.08827292268023,33.0087731606019],[129.0881429935301,33.00887980121801],[129.0875590294717,33.009177110196624],[129.08660473492444,33.00968039969795],[129.0856459064493,33.01028415682288],[129.08434331325347,33.01092482718377],[129.08334189018072,33.01143902302375],[129.0825683623383,33.01201268264194],[129.08241868081697,33.01193352863119],[129.08087543457248,33.010710953067786],[129.07931095308996,33.009099945492636],[129.07907415354074,33.008711570135546],[129.07910613381,33.00772697755398],[129.08067254757543,33.00658123807913],[129.08148023583374,33.00611895521528],[129.08180000423062,33.00558137200775],[129.0818078734316,33.00505631848209],[129.08226167858683,33.004596142234035],[129.08375430318512,33.00503118301866],[129.08444300153883,33.00492937581855],[129.08563909097154,33.004962798206066],[129.08656542258188,33.00490818184608],[129.08665615366235,33.005057858253004],[129.08631809636205,33.00592298985327],[129.08752048859895,33.00639710424561],[129.0879150635995,33.006314059249036]]]},"properties":{"KEY_CODE":"42411026035","PREF":"42","CITY":"411","CITY_NAME":"新上五島町","S_NAME":"丸尾郷","SETAI":"16"}},{"type":"Feature","geometry":{"type":"Polygon","coordinates":[[[129.09235082426227,33.00583988711113],[129.0917766074034,33.00616922647237],[129.09140544506823,33.00608958497963],[129.08968262516905,33.0066032539519],[129.08884987076152,33.006291068005666],[129.0879150635995,33.006314059249036],[129.08752048859895,33.00639710424561],[129.08631809636205,33.00592298985327],[129.08665615366235,33.005057858253004],[129.0867262369537,33.00458739992774],[129.08724171755938,33.00422355942362],[129.08731704694281,33.003981619496614],[129.0881293773048,33.00358220610208],[129.089327137214,33.00277889195699],[129.08986580431093,33.002875116146114],[129.09032601952956,33.00272431322175],[129.09044849894732,33.00323194724334],[129.090987479688,33.00326114013402],[129.0914747014327,33.00274790668169],[129.09172618768451,33.002741124486555],[129.09330482937204,33.00318376339327],[129.09267496163125,33.00400950166372],[129.0929291382936,33.00551896200457],[129.09235082426227,33.00583988711113]]]},"properties":{"KEY_CODE":"42411026036","PREF":"42","CITY":"411","CITY_NAME":"新上五島町","S_NAME":"丸尾郷","SETAI":"111"}},{"type":"Feature","geometry":{"type":"Polygon","coordinates":[[[129.08665615366235,33.005057858253004],[129.08656542258188,33.00490818184608],[129.08563909097154,33.004962798206066],[129.08444300153883,33.00492937581855],[129.08375430318512,33.00503118301866],[129.08226167858683,33.004596142234035],[129.0818078734316,33.00505631848209],[129.08180000423062,33.00558137200775],[129.08148023583374,33.00611895521528],[129.08067254757543,33.00658123807913],[129.07910613381,33.00772697755398],[129.07893075283926,33.00742722806099],[129.07885320447332,33.00650282750824],[129.07928168639418,33.00557045736572],[129.07919191114155,33.005107479862545],[129.07876155157228,33.00461549170135],[129.07824447134385,33.00453136835834],[129.0773225656979,33.00403043308622],[129.07679545592038,33.00357091029604],[129.07727821694513,33.00356504537256],[129.07784975860378,33.00329901698601],[129.07897113528588,33.001756343803066],[129.08012537306018,33.001315020891404],[129.0806097269284,33.00125245439845],[129.08092834950247,33.000769762754274],[129.081515872618,33.00038878541774],[129.08159954097204,32.99998690816053],[129.0823707344633,32.998880833271315],[129.08293519106246,32.998716067437435],[129.08261254419406,32.99823854466819],[129.08304550898407,32.99826362659757],[129.08334726828724,32.99827651669775],[129.08349159158698,32.998174876234394],[129.0836320888787,32.99798891615311],[129.08389453363745,32.99796130044761],[129.08413372114188,32.99808797086968],[129.08445785561105,32.99813418146809],[129.08462517510003,32.99824517173617],[129.08475780924888,32.998228995998744],[129.08491577099065,32.99823189731249],[129.0850798225831,32.998130320905496],[129.0856413821232,32.99837563244897],[129.0860664808665,32.99855280040341],[129.08628379912187,32.99852028036306],[129.08641586546406,32.99832953900434],[129.08647549870562,32.99824424139415],[129.0865724670742,32.99801420066968],[129.08669102204843,32.99799559684531],[129.08677257328378,32.99805048929866],[129.08708866930056,32.99860965553565],[129.08713922563183,32.998659700871656],[129.0872350636384,32.99867189707114],[129.08771708847107,32.99843007434704],[129.08779971371533,32.99825460458565],[129.08774914554525,32.99820693113606],[129.08751514304598,32.997881975813065],[129.08756972902435,32.99766841301801],[129.08771345789495,32.997692645117105],[129.08809687222555,32.997736666505666],[129.08845238110547,32.99771410703002],[129.08854650206192,32.99748404734623],[129.08863700306605,32.99743922414209],[129.08875028324013,32.99763790757104],[129.0890876386223,32.99787889681631],[129.0893169825654,32.99799246960905],[129.08952310743427,32.997948030268645],[129.0904201252418,32.99793438529068],[129.09170336472937,32.99795524896609],[129.09221367567028,32.99846604681983],[129.09246785197305,32.99825369913971],[129.0928266943557,32.99785196081237],[129.09288316050342,32.99769012870675],[129.09319826669736,32.99743533732901],[129.09347710443916,32.997368037018084],[129.09362848214028,32.997483652568924],[129.0942144122754,32.99780535727168],[129.09481532895052,32.997712373530526],[129.09517223863006,32.99782175296652],[129.0952468611676,32.99812228131281],[129.09562953952255,32.99821911817149],[129.0957939132852,32.99877603538899],[129.0961931821004,32.999222803313195],[129.09597597634047,32.9994511387479],[129.09620704316427,33.00040864963518],[129.09670514495886,33.000543730880565],[129.09675548067077,33.00076302006164],[129.09646668022984,33.001436586881425],[129.0966889245347,33.00175472616127],[129.09625988503274,33.00196614109265],[129.0962008609529,33.00246912550138],[129.09587611498347,33.00280982955524],[129.09429009378584,33.00257109520433],[129.0936464180619,33.00267358959584],[129.09330482937204,33.00318376339327],[129.09172618768451,33.002741124486555],[129.0914747014327,33.00274790668169],[129.090987479688,33.00326114013402],[129.09044849894732,33.00323194724334],[129.09032601952956,33.00272431322175],[129.08986580431093,33.002875116146114],[129.089327137214,33.00277889195699],[129.0881293773048,33.00358220610208],[129.08731704694281,33.003981619496614],[129.08724171755938,33.00422355942362],[129.0867262369537,33.00458739992774],[129.08665615366235,33.005057858253004]]]},"properties":{"KEY_CODE":"42411027037","PREF":"42","CITY":"411","CITY_NAME":"新上五島町","S_NAME":"榎津郷","SETAI":"73"}},{"type":"Feature","geometry":{"type":"Polygon","coordinates":[[[129.09327533667977,32.997192559335865],[129.09319826669736,32.99743533732901],[129.09288316050342,32.99769012870675],[129.0928266943557,32.99785196081237],[129.09246785197305,32.99825369913971],[129.09221367567028,32.99846604681983],[129.09170336472937,32.99795524896612],[129.0904201252418,32.99793438529068],[129.08952310743427,32.997948030268645],[129.0893169825654,32.99799246960905],[129.0890876386223,32.99787889681631],[129.08875028324013,32.99763790757104],[129.08863700306605,32.99743922414209],[129.08854650206192,32.99748404734623],[129.08845238110547,32.99771410703002],[129.08809687222555,32.997736666505666],[129.08771345789495,32.997692645117105],[129.08756972902435,32.99766841301801],[129.08751514304598,32.997881975813065],[129.08774914554525,32.99820693113606],[129.08779971371533,32.99825460458565],[129.08771708847107,32.99843007434704],[129.0872350636384,32.99867189707114],[129.08713922563183,32.998659700871656],[129.08708866930056,32.99860965553565],[129.08677257328378,32.99805048929866],[129.08669102204843,32.99799559684531],[129.0865724670742,32.99801420066968],[129.08647549870562,32.99824424139415],[129.08641586546406,32.99832953900434],[129.08628379912187,32.99852028036306],[129.0860664808665,32.99855280040341],[129.0856413821232,32.99837563244897],[129.0850798225831,32.998130320905496],[129.08491577099065,32.99823189731249],[129.08475780924888,32.998228995998744],[129.08462517510003,32.99824517173617],[129.08445785561105,32.99813418146809],[129.08413372114188,32.99808797086968],[129.08389453363745,32.99796130044761],[129.0836320888787,32.99798891615311],[129.08349159158698,32.998174876234394],[129.08334726828724,32.99827651669775],[129.08304550898407,32.99826362659757],[129.08261254419406,32.99823854466816],[129.08273214226048,32.997972654943375],[129.0826085401001,32.99772224274978],[129.08260519079695,32.997519334380584],[129.08276375340412,32.99719922696222],[129.08335558188256,32.99670484862465],[129.08335597393526,32.996621516992235],[129.08273510982164,32.99642922173878],[129.08272664515073,32.995945505571655],[129.08290082454283,32.99550407184179],[129.08403526443817,32.995375633977034],[129.08501239759465,32.99483724996895],[129.08534143706976,32.99440358314016],[129.08540014896025,32.994264286480174],[129.0867072714463,32.994467938458904],[129.08799076464163,32.99508005471438],[129.08877784488166,32.994411192610485],[129.08943069429876,32.994681209607165],[129.08930994680205,32.99512028572989],[129.09073547169572,32.99541360066415],[129.0911814825537,32.996329856137656],[129.09262590924826,32.99660022163209],[129.09327533667977,32.997192559335865]]]},"properties":{"KEY_CODE":"42411027038","PREF":"42","CITY":"411","CITY_NAME":"新上五島町","S_NAME":"榎津郷","SETAI":"14"}},{"type":"Feature","geometry":{"type":"Polygon","coordinates":[[[129.0942144122754,32.99780535727168],[129.09362848214028,32.997483652568924],[129.09347710443916,32.997368037018084],[129.09327533667977,32.997192559335865],[129.09262590924826,32.99660022163209],[129.0911814825537,32.996329856137656],[129.09073547169572,32.99541360066415],[129.09216371049862,32.995755149441216],[129.09279621283176,32.99594490991139],[129.09317066879743,32.996281911993044],[129.09367982856259,32.99732606901784],[129.09410389101768,32.99761312820052],[129.0942144122754,32.99780535727168]]]},"properties":{"KEY_CODE":"42411027039","PREF":"42","CITY":"411","CITY_NAME":"新上五島町","S_NAME":"榎津郷","SETAI":"17"}},{"type":"Feature","geometry":{"type":"Polygon","coordinates":[[[129.10217460920947,32.99677297327916],[129.10158763016662,32.99665208402434],[129.10146243417887,32.99593749699479],[129.10082124547546,32.99526997049736],[129.1003997894948,32.99499630370872],[129.1005834970336,32.99459919565016],[129.10098982606223,32.99442643844541],[129.10146910416034,32.99445591269582],[129.10247983944666,32.99481080883243],[129.1028218087411,32.9953890198001],[129.10261301872018,32.99636496232199],[129.10217460920947,32.99677297327916]]]},"properties":{"KEY_CODE":"42411027040","PREF":"42","CITY":"411","CITY_NAME":"新上五島町","S_NAME":"榎津郷","SETAI":"0"}},{"type":"Feature","geometry":{"type":"Polygon","coordinates":[[[129.09349860085638,32.99454287885252],[129.09375058256762,32.9939665654493],[129.09432693248212,32.99312528657997],[129.09441757908613,32.9931932180989],[129.09384655105134,32.99404082650949],[129.09370324796032,32.994727517044545],[129.09431704232756,32.99505868546857],[129.0942494886976,32.99555172231377],[129.09382379011777,32.99596963806521],[129.0941787227525,32.99698257088768],[129.09468138109148,32.99728630748208],[129.09481532895052,32.997712373530526],[129.0942144122754,32.99780535727168],[129.09410389101768,32.99761312820052],[129.0936798285626,32.99732606901786],[129.09317066879743,32.996281911993044],[129.09279621283176,32.99594490991139],[129.09300950325442,32.99581344236718],[129.0934838900941,32.99560821561824],[129.0935872653516,32.995434805374515],[129.0936411871783,32.9952623055985],[129.09361687753426,32.99477509067883],[129.09349860085638,32.99454287885252]]]},"properties":{"KEY_CODE":"42411027040","PREF":"42","CITY":"411","CITY_NAME":"新上五島町","S_NAME":"榎津郷","SETAI":"12"}},{"type":"Feature","geometry":{"type":"Polygon","coordinates":[[[129.09279621283176,32.99594490991139],[129.09216371049862,32.995755149441216],[129.09263600128534,32.99469705608145],[129.0927857680706,32.9948074588808],[129.09361373148863,32.994877820912755],[129.09349860085638,32.99454287885252],[129.09361687753426,32.99477509067883],[129.09364118717826,32.99526230559852],[129.0935872653516,32.995434805374515],[129.0934838900941,32.99560821561824],[129.09300950325442,32.99581344236718],[129.09279621283176,32.99594490991139]]]},"properties":{"KEY_CODE":"42411027041","PREF":"42","CITY":"411","CITY_NAME":"新上五島町","S_NAME":"榎津郷","SETAI":"14"}},{"type":"Feature","geometry":{"type":"Polygon","coordinates":[[[129.09216371049862,32.995755149441216],[129.09073547169572,32.99541360066415],[129.08930994680205,32.99512028572989],[129.08943069429876,32.994681209607165],[129.08877784488166,32.994411192610485],[129.08799076464163,32.99508005471438],[129.0867072714463,32.994467938458904],[129.08707760618313,32.994400335685434],[129.08739586341437,32.99397205819238],[129.08794949271672,32.99301272594072],[129.08843056625435,32.99280671359945],[129.09133279640943,32.99196085163468],[129.0914302859558,32.99264772550877],[129.0921485026354,32.99260049712024],[129.09234357140326,32.99463105353879],[129.09263600128534,32.99469705608145],[129.09216371049862,32.995755149441216]]]},"properties":{"KEY_CODE":"42411027042","PREF":"42","CITY":"411","CITY_NAME":"新上五島町","S_NAME":"榎津郷","SETAI":"30"}},{"type":"Feature","geometry":{"type":"Polygon","coordinates":[[[129.09687930210498,32.98832558827645],[129.0969043004166,32.98877554952044],[129.09714175730872,32.988867220375],[129.09691675799195,32.98922553226836],[129.09649180320818,32.988708883527885],[129.0966793095637,32.98825891932932],[129.09687930210498,32.98832558827645]]]},"properties":{"KEY_CODE":"42411028043","PREF":"42","CITY":"411","CITY_NAME":"新上五島町","S_NAME":"浦桑郷","SETAI":"0"}},{"type":"Feature","geometry":{"type":"Polygon","coordinates":[[[129.0913326874999,32.98972491249615],[129.09121358803014,32.99090747557624],[129.09133279640943,32.99196085163468],[129.08843056625435,32.992806713599464],[129.08794949271672,32.993012725940694],[129.08756364591335,32.99351429378271],[129.08688371302128,32.993533765466594],[129.08662008553483,32.9928589847061],[129.0859774893935,32.99224129089466],[129.08588504711537,32.99186986058258],[129.08628136289596,32.99062037321626],[129.08679184551386,32.99046982035343],[129.0868400117713,32.98982924839812],[129.08712948643225,32.98969064426293],[129.08698369483656,32.989142029251674],[129.0871766805569,32.9887462080905],[129.0870102699241,32.98844340821348],[129.08830994369896,32.98712683284362],[129.0883493351503,32.98691576820021],[129.0890842444219,32.986964189134056],[129.08978594082637,32.98724425208724],[129.08956460845607,32.98739190816757],[129.0895893630619,32.98786868677344],[129.08899277383586,32.98801486812617],[129.08933463650104,32.988648016491],[129.0892144119805,32.98948155318316],[129.08953550697822,32.98938225671679],[129.0913326874999,32.98972491249615]]]},"properties":{"KEY_CODE":"42411028043","PREF":"42","CITY":"411","CITY_NAME":"新上五島町","S_NAME":"浦桑郷","SETAI":"25"}},{"type":"Feature","geometry":{"type":"Polygon","coordinates":[[[129.08978594082637,32.98724425208724],[129.09073477559113,32.988225808741355],[129.09127237587734,32.989061724499166],[129.0913326874999,32.98972491249615],[129.08953550697822,32.98938225671679],[129.0892144119805,32.98948155318316],[129.08933463650104,32.988648016491],[129.08899277383586,32.98801486812617],[129.0895893630619,32.98786868677344],[129.08956460845607,32.98739190816757],[129.08978594082637,32.98724425208724]]]},"properties":{"KEY_CODE":"42411028044","PREF":"42","CITY":"411","CITY_NAME":"新上五島町","S_NAME":"浦桑郷","SETAI":"29"}},{"type":"Feature","geometry":{"type":"Polygon","coordinates":[[[129.08290082454283,32.99550407184179],[129.08272664515073,32.995945505571655],[129.08273510982164,32.99642922173878],[129.08335597393526,32.996621516992235],[129.08335558188256,32.99670484862465],[129.08276375340412,32.99719922696222],[129.08260519079695,32.997519334380584],[129.0826085401001,32.99772224274978],[129.08273214226048,32.997972654943375],[129.08261254419406,32.99823854466819],[129.08293519106246,32.998716067437435],[129.0823707344633,32.998880833271315],[129.08159954097204,32.99998690816053],[129.081515872618,33.00038878541774],[129.08092834950247,33.000769762754274],[129.08124532395692,33.000059847442564],[129.08122262094915,32.99890269891495],[129.0816886272045,32.99815475162978],[129.08134402993403,32.996707601367184],[129.0806214257468,32.995631828228056],[129.08053663289243,32.99533564602429],[129.0806167315942,32.994362598130756],[129.08115253738805,32.993230746019876],[129.08113554186602,32.992563284614],[129.08139769934184,32.99222981292111],[129.08130166894992,32.991542499189435],[129.0816368863508,32.99117401353647],[129.08234734000786,32.99082246352021],[129.08242388041955,32.9903239923793],[129.08301903335413,32.989823015261734],[129.0833196355768,32.98928340006312],[129.08382157703136,32.98880635486855],[129.08424024508838,32.98869645407865],[129.0845572599505,32.98897009979994],[129.08465253231657,32.98965529014258],[129.08452276659781,32.98999899672994],[129.0848880607841,32.990336405387986],[129.0857091755112,32.99010972276014],[129.08592342830875,32.98986965680386],[129.08557979818676,32.98951187162297],[129.08594401997777,32.989209840552476],[129.08610720370635,32.9877656743409],[129.0849148841903,32.98771058582835],[129.0850930713643,32.986734976337374],[129.08744426210112,32.986832936230066],[129.08794388394,32.986523262619805],[129.0883493351503,32.98691576820021],[129.08830994369896,32.98712683284362],[129.0870102699241,32.98844340821348],[129.0871766805569,32.9887462080905],[129.08698369483656,32.989142029251674],[129.08712948643225,32.98969064426293],[129.0868400117713,32.98982924839812],[129.08679184551386,32.99046982035343],[129.08628136289596,32.99062037321626],[129.08588504711537,32.99186986058258],[129.0859774893935,32.99224129089466],[129.08662008553483,32.9928589847061],[129.08688371302128,32.993533765466594],[129.08756364591335,32.99351429378271],[129.08739586341437,32.99397205819238],[129.08707760618313,32.994400335685434],[129.08670727144627,32.994467938458904],[129.08540014896025,32.994264286480174],[129.08534143706976,32.99440358314016],[129.08501239759465,32.99483724996895],[129.08403526443817,32.995375633977034],[129.08290082454283,32.99550407184179]]]},"properties":{"KEY_CODE":"42411028045","PREF":"42","CITY":"411","CITY_NAME":"新上五島町","S_NAME":"浦桑郷","SETAI":"33"}},{"type":"Feature","geometry":{"type":"Polygon","coordinates":[[[129.08794388394,32.986523262619805],[129.08744426210112,32.986832936230066],[129.0850930713643,32.986734976337374],[129.0849148841903,32.98771058582835],[129.08610720370635,32.9877656743409],[129.08594401997777,32.989209840552476],[129.08557979818676,32.98951187162297],[129.08592342830875,32.98986965680386],[129.0857091755112,32.99010972276014],[129.0848880607841,32.990336405387986],[129.08452276659781,32.98999899672994],[129.08465253231657,32.98965529014258],[129.0845572599505,32.98897009979994],[129.08424024508838,32.98869645407865],[129.08382157703136,32.98880635486855],[129.0833196355768,32.98928340006312],[129.08301903335413,32.989823015261734],[129.08242388041955,32.9903239923793],[129.08234734000786,32.99082246352021],[129.0816368863508,32.99117401353647],[129.08130166894992,32.991542499189435],[129.08139769934184,32.99222981292111],[129.08113554186602,32.992563284614],[129.08115253738805,32.993230746019876],[129.0806167315942,32.994362598130756],[129.08053663289243,32.99533564602429],[129.0806214257468,32.995631828228056],[129.08134402993403,32.996707601367184],[129.0816886272045,32.99815475162978],[129.08122262094915,32.99890269891495],[129.08124532395692,33.000059847442564],[129.08092834950247,33.000769762754274],[129.0806097269284,33.00125245439845],[129.08012537306018,33.001315020891404],[129.07897113528588,33.001756343803066],[129.07784975860378,33.00329901698601],[129.07727821694513,33.00356504537256],[129.07679545592038,33.00357091029604],[129.076618637909,33.0032170235337],[129.0770363823999,33.001366330616406],[129.0762419105895,33.0003999617911],[129.07582739746488,32.999401647549504],[129.07594120040395,32.99861326661717],[129.0764391775119,32.997343492879416],[129.07660692208003,32.99655879407081],[129.07664616784263,32.9952927001377],[129.07680480153812,32.994672368706134],[129.07621328141101,32.99380463048402],[129.07611975023917,32.993398553825905],[129.07662548201623,32.992676218182496],[129.0770945902507,32.99222484299889],[129.07755495614543,32.99099340935169],[129.07776593046296,32.9898415741112],[129.07702591939648,32.98921992977115],[129.076919821506,32.98797083308165],[129.07747390719484,32.98753898051381],[129.07695384620183,32.98692857211725],[129.07757109128775,32.98609161781248],[129.0777997950843,32.985339897960365],[129.07871579232255,32.98473786956736],[129.07864661364002,32.98444030973691],[129.079003587256,32.984002525659356],[129.07899769796586,32.98349180966258],[129.07876667146724,32.98319719972341],[129.07853373067624,32.98200536472001],[129.07902970788408,32.98112730578053],[129.07910238292493,32.98067981995391],[129.07869977276798,32.98024995585815],[129.07842900282984,32.979148940187535],[129.07854075523153,32.97863165123596],[129.07892895055105,32.97743140447886],[129.07956356247092,32.97782221388269],[129.08065430096798,32.97785297308869],[129.08114253218358,32.9781796183885],[129.0815724015016,32.97882064412592],[129.08268336191279,32.97981396701171],[129.08292574160953,32.98035228804146],[129.083843073524,32.98070223079314],[129.08405990689457,32.980888381391274],[129.08468902559295,32.98098110550557],[129.08584719358998,32.981947478040475],[129.08715354103097,32.982700774537406],[129.08738427629277,32.9836202961487],[129.08804160565995,32.984293258646275],[129.08683326344936,32.9841350502561],[129.0878378886025,32.984383665854665],[129.0881635468818,32.98614142377762],[129.08794388394,32.986523262619805]],[[129.08196035058484,32.98571651763418],[129.08267148886685,32.98557344304213],[129.08253133072392,32.98506193293627],[129.08177605868062,32.985213811870146],[129.08196035058484,32.98571651763418]]]},"properties":{"KEY_CODE":"42411028046","PREF":"42","CITY":"411","CITY_NAME":"新上五島町","S_NAME":"浦桑郷","SETAI":"292"}},{"type":"Feature","geometry":{"type":"Polygon","coordinates":[[[129.08196035058484,32.98571651763418],[129.08177605868062,32.98521381187015],[129.08253133072392,32.98506193293626],[129.08267148886685,32.98557344304212],[129.08196035058484,32.98571651763418]]]},"properties":{"KEY_CODE":"42411028047","PREF":"42","CITY":"411","CITY_NAME":"新上五島町","S_NAME":"浦桑郷","SETAI":"1"}},{"type":"Feature","geometry":{"type":"Polygon","coordinates":[[[129.11759272836198,32.98405228959479],[129.1173401393947,32.98380470161721],[129.1168441724021,32.9838570872497],[129.11629555637717,32.984186121890616],[129.11591753891022,32.98470039095844],[129.1155602964326,32.984674199984006],[129.11441526154456,32.98559271221429],[129.1141530503001,32.98529053180163],[129.11387865523534,32.985463252768376],[129.11296831664706,32.9844324070117],[129.11212180142851,32.9849618500561],[129.11153717074163,32.98431976859319],[129.1126347519682,32.98363689816523],[129.1124423842811,32.98342264288752],[129.1162244938208,32.98220111487709],[129.11650360904198,32.98251798277705],[129.11686383721968,32.982122839050334],[129.11747630530763,32.982402361260256],[129.117729237864,32.982124337105766],[129.11839403013,32.982725551841895],[129.11875310257454,32.982558337899654],[129.119595443038,32.98337576364245],[129.1196125073904,32.98372321120887],[129.11926252043446,32.98359434798178],[129.1187815856851,32.98414594340837],[129.1181272564016,32.98424624243252],[129.1177834112115,32.983856271669396],[129.11759272836198,32.98405228959479]]]},"properties":{"KEY_CODE":"42411029001","PREF":"42","CITY":"411","CITY_NAME":"新上五島町","S_NAME":"有川郷","SETAI":"147"}},{"type":"Feature","geometry":{"type":"Polygon","coordinates":[[[129.11856322691105,32.98576081591243],[129.11824965744793,32.98618993385555],[129.11914635617885,32.98766887251047],[129.12018945139246,32.987465523645334],[129.1182324659178,32.9879465522827],[129.1178849006239,32.987902210100756],[129.11729378044353,32.98825390817033],[129.11773861432826,32.988326503509406],[129.1180120132774,32.988694359962075],[129.1185533856837,32.988703219040815],[129.11898966419614,32.98926815548814],[129.118637307399,32.99009131370024],[129.1183111850574,32.990035315685645],[129.1183147640332,32.98944826728736],[129.1177289033182,32.989577243781305],[129.1172024538314,32.989325847573326],[129.1168776980932,32.98895512748411],[129.11656353691959,32.98960254983715],[129.11578092004342,32.98969484603271],[129.11572605958025,32.990007595948164],[129.11532647573446,32.990360773820036],[129.1149119960794,32.9904478787565],[129.11470149744045,32.990870168764246],[129.11435396619254,32.990815897915624],[129.1147001599474,32.990438211561205],[129.11487854211484,32.98976963628246],[129.11473988492926,32.98942653409485],[129.11207893860194,32.98912616801382],[129.10941350604344,32.98984655019434],[129.10944497632775,32.989752862216115],[129.1120021861898,32.989061904601826],[129.1146321728418,32.98933963290626],[129.11576846744256,32.98837550123377],[129.115381864603,32.98820568536116],[129.11531597463474,32.987853788688675],[129.1149060318175,32.9873908199894],[129.1137985559801,32.98785306203191],[129.11153497083006,32.987946467583654],[129.11117335207987,32.98711549516438],[129.11218231407472,32.98662481236141],[129.11207951612454,32.98644795298389],[129.11338092885254,32.985859002723366],[129.1136644424894,32.985598656373575],[129.11316407571795,32.985450158731936],[129.1135351962969,32.985294802502885],[129.11387865523534,32.985463252768376],[129.1141530503001,32.98529053180163],[129.11441526154456,32.98559271221429],[129.1155602964326,32.984674199984006],[129.11591753891022,32.98470039095844],[129.11629555637717,32.984186121890616],[129.1168441724021,32.9838570872497],[129.1173401393947,32.98380470161721],[129.11759272836198,32.98405228959479],[129.11694499942988,32.98497453722292],[129.11782003849132,32.985606163555374],[129.11812301751388,32.98540384110063],[129.11856322691105,32.98576081591243]]]},"properties":{"KEY_CODE":"42411029002","PREF":"42","CITY":"411","CITY_NAME":"新上五島町","S_NAME":"有川郷","SETAI":"112"}},{"type":"Feature","geometry":{"type":"Polygon","coordinates":[[[129.1281993434365,32.98710855413711],[129.12670989131362,32.98769410618168],[129.12537536038948,32.98832967247349],[129.12535340020096,32.98795897553713],[129.12573026997217,32.98740099604537],[129.1254818818143,32.986924118199234],[129.12525521963667,32.986883763563824],[129.1243631348019,32.987318460568964],[129.12313506362406,32.98750054732324],[129.12175471489803,32.98750722069525],[129.12141566132243,32.987222138806025],[129.12193655098844,32.98701449378322],[129.12175153016932,32.98649270932911],[129.12190045562826,32.98619827438503],[129.12301617862994,32.98526648446629],[129.12260518768585,32.98478730606543],[129.12124985052378,32.98395899432324],[129.12043352057913,32.983943000214715],[129.11989692751854,32.98407393766128],[129.11911413489386,32.98471453526403],[129.11884804079094,32.985136664306594],[129.11914364739522,32.98531611478512],[129.11916876039493,32.98569674383981],[129.11856322691105,32.98576081591243],[129.11812301751388,32.98540384110063],[129.11782003849132,32.985606163555374],[129.11694499942988,32.98497453722292],[129.11759272836198,32.98405228959479],[129.1177834112115,32.983856271669396],[129.1181272564016,32.98424624243252],[129.1187815856851,32.98414594340837],[129.11926252043446,32.98359434798178],[129.1196125073904,32.98372321120887],[129.12023937730373,32.98307598783152],[129.12100664705292,32.982883219543616],[129.1205799375854,32.9821659217565],[129.12103018718884,32.98208006460155],[129.1216235494377,32.98256932273112],[129.1217968681623,32.98293301952224],[129.12236580453322,32.98334040990664],[129.12380261276712,32.98468751357044],[129.12425222684428,32.98482234196666],[129.125741717532,32.984970950255224],[129.12689145682413,32.98448317746394],[129.12749358617566,32.98454903742579],[129.12797048347448,32.98498558485954],[129.12809547522855,32.98541841893157],[129.12804747723715,32.9862778749218],[129.1281993434365,32.98710855413711]]]},"properties":{"KEY_CODE":"42411029003","PREF":"42","CITY":"411","CITY_NAME":"新上五島町","S_NAME":"有川郷","SETAI":"100"}},{"type":"Feature","geometry":{"type":"Polygon","coordinates":[[[129.12201097695728,32.990381058394185],[129.1213258707067,32.99020134531546],[129.12146728955807,32.989905087031154],[129.1211891964748,32.98963371530573],[129.12153011532357,32.98923074469123],[129.1224712290266,32.98885302642054],[129.12274064410778,32.98915051989755],[129.12254111958435,32.98977214777614],[129.12201097695728,32.990381058394185]]]},"properties":{"KEY_CODE":"42411029003","PREF":"42","CITY":"411","CITY_NAME":"新上五島町","S_NAME":"有川郷","SETAI":"0"}},{"type":"Feature","geometry":{"type":"Polygon","coordinates":[[[129.15293882967845,32.97726817257036],[129.15240126955874,32.97871436201925],[129.1518440160816,32.97975534293172],[129.15175178294155,32.98024308747246],[129.15252116175034,32.9845959341555],[129.15249777532648,32.98479866746392],[129.15188443906695,32.98597161502228],[129.1513377921956,32.98693753868489],[129.14991156451984,32.98875467469212],[129.14865164664243,32.988013071190785],[129.14751801500822,32.98677730675906],[129.1470160447752,32.98639764849201],[129.1463664867151,32.98613496418861],[129.1435429461192,32.98526615484609],[129.1420795666492,32.98514462087127],[129.14032796700533,32.984477689514215],[129.13766956516065,32.983022272467906],[129.13697575065524,32.98223115393822],[129.13646229728658,32.981835122537916],[129.13548813796197,32.981421440386086],[129.13492325947797,32.981295886276165],[129.13422995581192,32.98132973753868],[129.13316316428242,32.98177986697606],[129.13056986290567,32.982395068494355],[129.1304527219198,32.982622980004734],[129.13088700927287,32.9834166360642],[129.13110253813298,32.98467269018571],[129.13090910165306,32.985555803509705],[129.130479779995,32.986143569621376],[129.12971033425433,32.98667520508345],[129.1281993434365,32.98710855413711],[129.12804747723715,32.9862778749218],[129.12809547522855,32.98541841893157],[129.12797048347448,32.98498558485954],[129.12749358617566,32.98454903742579],[129.12689145682413,32.98448317746394],[129.125741717532,32.984970950255224],[129.12425222684428,32.98482234196666],[129.12380261276712,32.98468751357044],[129.12236580453322,32.98334040990664],[129.1217968681623,32.98293301952224],[129.1216235494377,32.98256932273112],[129.12103018718884,32.98208006460155],[129.1205799375854,32.9821659217565],[129.12100664705292,32.982883219543616],[129.12023937730373,32.98307598783152],[129.1197807277909,32.98245943019942],[129.12021337030635,32.982064525149084],[129.12016260315545,32.981788434711454],[129.11943783966046,32.98128240050165],[129.12017166763812,32.98044459715879],[129.12001994281565,32.97973612956246],[129.11939178760142,32.97886883238607],[129.11943925658863,32.97862757711483],[129.12008925810161,32.978688837139586],[129.12106428127854,32.978565425081676],[129.1211270158569,32.97753832095988],[129.12138741785833,32.97642523301582],[129.12186448034655,32.97577770051974],[129.12342753197805,32.974147486221455],[129.12445989918305,32.97271845577026],[129.12492026784068,32.971612203465305],[129.12541973844594,32.97003179819734],[129.12588262113957,32.96920324279427],[129.1261263516676,32.96851443738138],[129.12620059468316,32.96759423749098],[129.1263959131175,32.96695833033889],[129.12726467989094,32.965634890186024],[129.12808281768935,32.96312255449917],[129.12847374288373,32.962658823695776],[129.12910112837778,32.962345564704094],[129.13055821606386,32.961164257262425],[129.13199991581303,32.95921845782994],[129.13220889433728,32.95885090339758],[129.1332796248516,32.9561208688681],[129.13439099747075,32.95636600872368],[129.13504632359565,32.956772457179795],[129.13581911369627,32.957583757219595],[129.13648713919602,32.958656886474444],[129.1366893877894,32.959676145943384],[129.13731783157658,32.96148735560023],[129.13850092665365,32.96384518867266],[129.13790979569583,32.96580495653029],[129.13775317263037,32.96730650333772],[129.13836774216801,32.968851475799866],[129.13848764527265,32.96897223332234],[129.14006278515373,32.96962492061847],[129.14099231627486,32.97023111051521],[129.1430237924642,32.97033198892807],[129.14472128113997,32.97020690400143],[129.145685269849,32.970032188506906],[129.14788124237697,32.96944583039138],[129.14833594535764,32.96958969065723],[129.149813761678,32.97075992319005],[129.15058951791764,32.97154476651428],[129.15104125722848,32.97243645031994],[129.15121078900594,32.973343183256326],[129.15211657968442,32.97455616269806],[129.15298215661252,32.975480660215375],[129.15330369473247,32.976007562579234],[129.15293882967845,32.97726817257036]]]},"properties":{"KEY_CODE":"42411029004","PREF":"42","CITY":"411","CITY_NAME":"新上五島町","S_NAME":"有川郷","SETAI":"215"}},{"type":"Feature","geometry":{"type":"Polygon","coordinates":[[[129.12023937730373,32.98307598783152],[129.1196125073904,32.98372321120887],[129.119595443038,32.98337576364245],[129.11875310257454,32.982558337899654],[129.11839403013,32.982725551841895],[129.117729237864,32.982124337105766],[129.11747630530763,32.982402361260256],[129.11686383721968,32.982122839050334],[129.11650360904198,32.98251798277705],[129.1162244938208,32.98220111487709],[129.11593558392147,32.982013703370335],[129.1157440789298,32.981358510173344],[129.1163578332207,32.98076980966694],[129.1165536371707,32.980944210237034],[129.11740930937304,32.980466814380115],[129.11762644689668,32.98019187341634],[129.118052416361,32.979221454915226],[129.11875952009035,32.97843565570494],[129.1189940363699,32.9771490581805],[129.1194151338224,32.97607973700666],[129.11939126050996,32.975547114152874],[129.11910003412206,32.97531851632084],[129.1176142076761,32.975503115787596],[129.11720053915803,32.975351267268884],[129.11664308197265,32.97466458086434],[129.11578102250763,32.974324036670914],[129.1148416035537,32.97421646109428],[129.11427651736756,32.974290016738074],[129.11265021911288,32.97467980601799],[129.11154915685438,32.974637813442854],[129.11057600030676,32.9737541603954],[129.1097478387992,32.97329527031986],[129.10986932108963,32.97231892780491],[129.10899943737675,32.970948180112714],[129.10875596155094,32.970182928023426],[129.10900641117323,32.96936558853775],[129.1098950208671,32.96828872095946],[129.11014123213275,32.96756620714933],[129.11045057811825,32.96688222753005],[129.1111871842944,32.96595241997589],[129.11292241265514,32.96426125581323],[129.11468425974024,32.962835008343056],[129.11712545305795,32.9605814043667],[129.11980292386556,32.958429551991586],[129.12229924531525,32.95646918095958],[129.12293035688185,32.95623808543936],[129.123475838761,32.95626562214817],[129.12429986187558,32.9567438266781],[129.1261925151453,32.95710871930251],[129.1279843348362,32.95769982825981],[129.12898280939098,32.95782577118423],[129.12950186745098,32.957739931006834],[129.13299320858613,32.9561806816074],[129.1332796248516,32.9561208688681],[129.13220889433728,32.95885090339758],[129.13199991581303,32.95921845782994],[129.13055821606386,32.961164257262425],[129.12910112837778,32.962345564704094],[129.12847374288373,32.962658823695776],[129.12808281768935,32.96312255449917],[129.12726467989094,32.965634890186024],[129.1263959131175,32.96695833033889],[129.12620059468316,32.96759423749098],[129.1261263516676,32.96851443738138],[129.12588262113957,32.96920324279427],[129.12541973844594,32.97003179819734],[129.12492026784068,32.971612203465305],[129.12445989918305,32.97271845577026],[129.12342753197805,32.974147486221455],[129.12186448034655,32.97577770051974],[129.12138741785833,32.97642523301582],[129.1211270158569,32.97753832095988],[129.12106428127854,32.978565425081676],[129.12008925810161,32.978688837139586],[129.11943925658863,32.97862757711483],[129.11939178760142,32.97886883238607],[129.12001994281565,32.97973612956246],[129.12017166763812,32.98044459715879],[129.11943783966046,32.98128240050165],[129.12016260315545,32.981788434711454],[129.12021337030635,32.982064525149084],[129.1197807277909,32.98245943019942],[129.12023937730373,32.98307598783152]]]},"properties":{"KEY_CODE":"42411029005","PREF":"42","CITY":"411","CITY_NAME":"新上五島町","S_NAME":"有川郷","SETAI":"160"}},{"type":"Feature","geometry":{"type":"Polygon","coordinates":[[[129.1097478387992,32.97329527031986],[129.11057600030676,32.9737541603954],[129.11154915685438,32.974637813442854],[129.11265021911288,32.97467980601799],[129.11427651736756,32.974290016738074],[129.1148416035537,32.97421646109428],[129.11578102250763,32.974324036670914],[129.11664308197265,32.97466458086434],[129.11720053915803,32.975351267268884],[129.1176142076761,32.975503115787596],[129.11910003412206,32.97531851632084],[129.11939126050996,32.975547114152874],[129.1194151338224,32.97607973700666],[129.1189940363699,32.9771490581805],[129.11875952009035,32.97843565570494],[129.118052416361,32.979221454915226],[129.11762644689668,32.98019187341634],[129.11740930937304,32.980466814380115],[129.1165536371707,32.980944210237034],[129.1163578332207,32.98076980966694],[129.1157440789298,32.981358510173344],[129.11593558392147,32.982013703370335],[129.1162244938208,32.98220111487709],[129.1124423842811,32.98342264288752],[129.11116614424222,32.98207315319317],[129.11101585444788,32.9824243864321],[129.1107116465775,32.982258412696154],[129.11095285792922,32.981912873644745],[129.11010720490896,32.98248649192134],[129.10868563646423,32.98094089815243],[129.1082920783952,32.981380646430125],[129.10844982728912,32.97954199015885],[129.10874870433253,32.979038298487254],[129.1088591391395,32.977472774683754],[129.1091509830434,32.97630682270801],[129.10942638773534,32.9743461447841],[129.1097478387992,32.97329527031986]]]},"properties":{"KEY_CODE":"42411029006","PREF":"42","CITY":"411","CITY_NAME":"新上五島町","S_NAME":"有川郷","SETAI":"339"}},{"type":"Feature","geometry":{"type":"Polygon","coordinates":[[[129.1082920783952,32.981380646430125],[129.10799549194036,32.98143022116316],[129.10785570599558,32.98110513799704],[129.10709196394328,32.98130023985258],[129.10644465124525,32.9820241551367],[129.10624563071573,32.98267189196423],[129.10688234664758,32.98271735428749],[129.1077719067915,32.98329603913988],[129.1084660659368,32.983178682870694],[129.10771707990725,32.983454513946626],[129.10795578727493,32.983631377237685],[129.1077352365612,32.98390393127466],[129.10790495824716,32.984482512038575],[129.10737904841423,32.984847898358204],[129.10706099256984,32.984665640733105],[129.10676137872517,32.98418945587438],[129.1068726518325,32.98467677373757],[129.10660366243332,32.985013201639404],[129.1059214349868,32.98515083800163],[129.10552771440015,32.98490611576783],[129.1048934744951,32.98484550265914],[129.1044745257983,32.98449518753078],[129.1043157509187,32.984830154372084],[129.10386526282943,32.9848413581723],[129.10355185163183,32.98457523947742],[129.10225499879255,32.98505990546355],[129.10162540954727,32.984922637966264],[129.10112123326695,32.98425100323048],[129.10078993650785,32.98440415519185],[129.10079157478935,32.98379905693671],[129.10177823247463,32.983290876066796],[129.10142549298072,32.98273875797329],[129.1014972811885,32.982481974564855],[129.10235180870063,32.981609945901894],[129.10271630098,32.981451484375434],[129.1026451950209,32.980745648482774],[129.10346425104285,32.97910819115565],[129.10391059227965,32.978353761847714],[129.10385950666267,32.977187881656285],[129.10354962551966,32.97635327406061],[129.10258995962073,32.97518451180147],[129.10181998101075,32.97386386545702],[129.10170186824058,32.97330773077459],[129.10216161433073,32.97299064613939],[129.1042142507493,32.972468484103054],[129.10555423778146,32.97218465890987],[129.1063277071211,32.971834651761725],[129.1066506035081,32.97153745441549],[129.1069558581914,32.97069461041332],[129.10710333114366,32.96916562901314],[129.10793884911868,32.96866695209646],[129.11014123213275,32.96756620714933],[129.1098950208671,32.96828872095946],[129.10900641117323,32.96936558853775],[129.10875596155094,32.970182928023426],[129.10899943737675,32.970948180112714],[129.10986932108963,32.97231892780491],[129.1097478387992,32.97329527031986],[129.10942638773534,32.9743461447841],[129.1091509830434,32.97630682270801],[129.1088591391395,32.977472774683754],[129.10874870433253,32.979038298487254],[129.10844982728912,32.97954199015885],[129.1082920783952,32.981380646430125]]]},"properties":{"KEY_CODE":"42411029007","PREF":"42","CITY":"411","CITY_NAME":"新上五島町","S_NAME":"有川郷","SETAI":"138"}},{"type":"Feature","geometry":{"type":"Polygon","coordinates":[[[129.10271630098,32.981451484375434],[129.10162741099646,32.98113781076954],[129.0996565753496,32.980427234448264],[129.0978724879643,32.98031060433568],[129.09766187056945,32.98003758503713],[129.09766303759238,32.97954069871764],[129.09744848524565,32.97990523309905],[129.09764557071733,32.98032340051626],[129.09748919687112,32.98059523781731],[129.09770803392888,32.980944938165706],[129.09733569495276,32.981412668900866],[129.09726868065158,32.98180293042191],[129.09645392161337,32.98191482086386],[129.0959929121133,32.98258696834879],[129.0961934754159,32.98318640885483],[129.09653508563608,32.98312799672331],[129.09653394043275,32.98360955283564],[129.09604766964932,32.98372340584336],[129.09585648856677,32.98434862918386],[129.09555813743475,32.98455236749758],[129.0956407537794,32.985206435793046],[129.09462604712306,32.98621404527133],[129.0940278352329,32.98599746779852],[129.0939099627698,32.98556963381478],[129.09353917981787,32.98522393968333],[129.0925404298238,32.98509171796034],[129.0930877260786,32.98464290160389],[129.0944490839936,32.98436686014094],[129.09488758826672,32.983392717554615],[129.0950945680246,32.982430007945254],[129.09491185414512,32.98124652956215],[129.0950295721167,32.98082009612617],[129.0949644675913,32.97923457459659],[129.09538457030422,32.977862013722905],[129.09516979183812,32.97708426439051],[129.09536937692698,32.975878445685616],[129.09616675168118,32.973917949633346],[129.0970090316019,32.972744871405254],[129.09759324431596,32.97230711379642],[129.0990830340931,32.971447913674346],[129.0995321756285,32.970933935381055],[129.10032887650226,32.97098608625749],[129.10311985264428,32.970877418933824],[129.1053216869188,32.9703605067683],[129.1056796154335,32.970182217707716],[129.10710333114366,32.96916562901314],[129.1069558581914,32.97069461041332],[129.1066506035081,32.97153745441549],[129.1063277071211,32.971834651761725],[129.10555423778146,32.97218465890987],[129.1042142507493,32.972468484103054],[129.10216161433073,32.97299064613939],[129.10170186824058,32.97330773077459],[129.10181998101075,32.97386386545702],[129.10258995962073,32.97518451180147],[129.10354962551966,32.97635327406061],[129.10385950666267,32.977187881656285],[129.10391059227965,32.978353761847714],[129.10346425104285,32.97910819115565],[129.1026451950209,32.980745648482774],[129.10271630098,32.981451484375434]]]},"properties":{"KEY_CODE":"42411030008","PREF":"42","CITY":"411","CITY_NAME":"新上五島町","S_NAME":"七目郷","SETAI":"86"}},{"type":"Feature","geometry":{"type":"Polygon","coordinates":[[[129.0925404298238,32.98509171796034],[129.09203251481532,32.985019715993474],[129.09188808574208,32.984779365527295],[129.09119830369988,32.98442943728677],[129.09178307940047,32.983529881150055],[129.0920826785085,32.98351025718809],[129.09164942143,32.9807065369529],[129.09041830329835,32.98099153255257],[129.08968892345172,32.981619484427235],[129.08964621218908,32.98206122031347],[129.0893848710055,32.98188901939102],[129.08855989526566,32.982587887043245],[129.08858231484925,32.98306139974612],[129.08832468784084,32.98300734390288],[129.08822981655186,32.98385200535033],[129.08804160565995,32.984293258646275],[129.08738427629277,32.9836202961487],[129.08715354103097,32.982700774537406],[129.08584719358998,32.981947478040475],[129.08468902559295,32.98098110550557],[129.08405990689457,32.980888381391274],[129.083843073524,32.98070223079314],[129.08292574160953,32.98035228804146],[129.08268336191279,32.97981396701171],[129.0815724015016,32.97882064412592],[129.08114253218358,32.9781796183885],[129.08065430096798,32.97785297308869],[129.07956356247092,32.97782221388269],[129.07892895055105,32.97743140447886],[129.0783541599313,32.97656371909448],[129.07801952612928,32.976247777099516],[129.0786341015243,32.975733916244934],[129.0792240588042,32.97476960499672],[129.0797031118415,32.974409086933434],[129.08007426788205,32.973657905936555],[129.0801729163969,32.972982259588896],[129.08139893102842,32.97214139668262],[129.0816779551797,32.97169167203219],[129.08266451885265,32.97100289620766],[129.0826941717674,32.970793766607606],[129.0823399709184,32.96998381107626],[129.082219993767,32.96910622928198],[129.0826759605833,32.96895367450807],[129.0835745740107,32.96817359860443],[129.0838376635148,32.96756154343172],[129.08404483309022,32.96539134685203],[129.0845259075102,32.964771191565816],[129.0851405614493,32.96430384676484],[129.08530310888656,32.96309763307299],[129.08669285417346,32.96299295042498],[129.08692614656306,32.963073037539786],[129.09076302200828,32.96685937434708],[129.09120996381967,32.96720857975311],[129.0934440515683,32.968563993811756],[129.09506911596446,32.969400576038645],[129.0959898664093,32.970187861450135],[129.098027631144,32.97079074542642],[129.0995321756285,32.970933935381055],[129.0990830340931,32.971447913674346],[129.09759324431596,32.97230711379642],[129.0970090316019,32.972744871405254],[129.09616675168118,32.973917949633346],[129.09536937692698,32.975878445685616],[129.09516979183812,32.97708426439051],[129.09538457030422,32.977862013722905],[129.0949644675913,32.97923457459659],[129.0950295721167,32.98082009612617],[129.09491185414512,32.98124652956215],[129.0950945680246,32.982430007945254],[129.09488758826672,32.983392717554615],[129.0944490839936,32.98436686014094],[129.0930877260786,32.98464290160389],[129.0925404298238,32.98509171796034]]]},"properties":{"KEY_CODE":"42411030009","PREF":"42","CITY":"411","CITY_NAME":"新上五島町","S_NAME":"七目郷","SETAI":"194"}},{"type":"Feature","geometry":{"type":"Polygon","coordinates":[[[129.14399270067491,33.00236032277932],[129.14342375091908,33.00199890611647],[129.1430239347541,33.001371941840794],[129.1428424284577,33.00047506540547],[129.1417665408975,32.99950981656091],[129.14153050968994,32.999133106649914],[129.14069217733882,32.99897471030947],[129.1405270059256,32.99932502883853],[129.13985125540344,32.99970545065855],[129.13913694342506,32.99956904113754],[129.13818790099043,32.99874300064004],[129.13785296463925,32.998736627105465],[129.13772701841302,32.999182641929956],[129.13709866183135,32.99896440776877],[129.13643000034807,32.99943771397669],[129.1360263300551,33.00027339025124],[129.13633324567814,33.00110480842705],[129.13600367163443,33.00187306642454],[129.13560131269682,33.00212530084756],[129.13450218725097,33.00239083916519],[129.1341546692737,33.00180638383446],[129.13322678129268,33.002069704065065],[129.13312889452635,33.001683460295204],[129.13319518272877,33.000922559388854],[129.13347356688294,33.000627590181274],[129.1343264123859,33.00065442095776],[129.1349397490971,33.00036222551356],[129.13489363859608,32.99986792030982],[129.13393495859776,32.99956845094937],[129.13381007986015,32.99896750815105],[129.13417048127272,32.9987710688882],[129.1340090501655,32.9984766220738],[129.1342718594002,32.997801959792206],[129.13426140425614,32.997228403116054],[129.13367689877524,32.996763191190986],[129.13332334648965,32.99686225777193],[129.13301977194013,32.99652320794395],[129.1328643647534,32.99581756939459],[129.13306996052012,32.995270793429455],[129.1327299572423,32.99416422711519],[129.13315450415814,32.994752520903305],[129.13353036447734,32.99468508235032],[129.13382255802514,32.99415929779667],[129.13284154237965,32.99332500242561],[129.1326507144197,32.991870784052615],[129.1328573215559,32.9915909362432],[129.13259315282318,32.991298891309796],[129.13162189398582,32.99096148935177],[129.1310346639088,32.99090024963093],[129.13101028806503,32.99059177202969],[129.13035799918657,32.99048615074401],[129.12972132575828,32.99022546541359],[129.12993103460067,32.98972559787142],[129.12953960164933,32.99018164573028],[129.12866378809642,32.99030260268106],[129.12810750335757,32.990269395231316],[129.12786634308182,32.99062217756994],[129.12702850496862,32.99087489600491],[129.1269066382924,32.99059318092949],[129.1275134613775,32.98955523216933],[129.127309242075,32.98925613868327],[129.12664245782693,32.98930014914448],[129.12628691707886,32.98911332612007],[129.12606930291676,32.98870146894228],[129.12556943924332,32.98874146089146],[129.12537536038948,32.98832967247349],[129.12670989131362,32.98769410618168],[129.1281993434365,32.98710855413711],[129.12971033425433,32.98667520508345],[129.130479779995,32.986143569621376],[129.13090910165306,32.985555803509705],[129.13110253813298,32.98467269018571],[129.13088700927287,32.9834166360642],[129.1304527219198,32.982622980004734],[129.13056986290567,32.982395068494355],[129.13316316428242,32.98177986697606],[129.13422995581192,32.98132973753868],[129.13492325947797,32.981295886276165],[129.13548813796197,32.981421440386086],[129.13646229728658,32.981835122537916],[129.13697575065524,32.98223115393822],[129.13766956516065,32.983022272467906],[129.14032796700533,32.984477689514215],[129.1420795666492,32.98514462087127],[129.1435429461192,32.98526615484609],[129.1463664867151,32.98613496418861],[129.1470160447752,32.98639764849201],[129.14751801500822,32.98677730675906],[129.14865164664243,32.988013071190785],[129.14991156451984,32.98875467469212],[129.14871298523022,32.99022576417067],[129.14735610633747,32.99167009803339],[129.14648573563574,32.991911660375756],[129.14524495039942,32.99348622858045],[129.14499477588998,32.993922818588615],[129.1448111094019,32.99467013076633],[129.14468392626492,32.996342905826424],[129.1447250505093,32.99733802132148],[129.14488715913942,32.99820673398652],[129.14535361847146,32.99972199204555],[129.14528099571652,33.00048072052784],[129.14485614571927,33.00122651784511],[129.14399270067491,33.00236032277932]]]},"properties":{"KEY_CODE":"424110310","PREF":"42","CITY":"411","CITY_NAME":"新上五島町","S_NAME":"小河原郷","SETAI":"89"}},{"type":"Feature","geometry":{"type":"Polygon","coordinates":[[[129.16019208153244,33.03476385267772],[129.15921790389768,33.03475398079324],[129.15866546126992,33.03448283788514],[129.15918374568378,33.03444998703656],[129.15858867900812,33.034133637815344],[129.15816639390317,33.033429091449136],[129.15817736888664,33.03308554260265],[129.1590073453786,33.03328259761628],[129.15929097858626,33.03302365867411],[129.1602875981347,33.03303809800512],[129.16108441509695,33.03268225181479],[129.16192520203748,33.03258082460926],[129.16229340569262,33.03232301050017],[129.16288278199517,33.032453557474845],[129.16326222027843,33.032891944415226],[129.1632675608807,33.03345196439269],[129.162090768851,33.03379236730368],[129.16119695385413,33.03431388435082],[129.16073576481796,33.03425401799284],[129.16017585311715,33.034532049927876],[129.16019208153244,33.03476385267772]]]},"properties":{"KEY_CODE":"424110320","PREF":"42","CITY":"411","CITY_NAME":"新上五島町","S_NAME":"赤尾郷","SETAI":"0"}},{"type":"Feature","geometry":{"type":"Polygon","coordinates":[[[129.1487351063729,33.007074582981595],[129.14888986446422,33.007715271595224],[129.14849221240652,33.008131681081935],[129.14795061703632,33.00787947527613],[129.1480381243066,33.0071411695062],[129.14829582775064,33.006929072494714],[129.1487351063729,33.007074582981595]]]},"properties":{"KEY_CODE":"424110320","PREF":"42","CITY":"411","CITY_NAME":"新上五島町","S_NAME":"赤尾郷","SETAI":"0"}},{"type":"Feature","geometry":{"type":"Polygon","coordinates":[[[129.1700822019313,33.004347104098564],[129.1691153321994,33.004307614698575],[129.16866511543142,33.004501198640696],[129.1674316103421,33.00353120169102],[129.1671609461635,33.0035088353721],[129.16709167976651,33.0042769601606],[129.16681418249206,33.004645943189985],[129.16717200357203,33.00483176576002],[129.1668559296053,33.00520876131973],[129.1669800078307,33.00578983588437],[129.1673031388859,33.00581414838057],[129.16731346112024,33.00647968455558],[129.1667764959642,33.0072492581419],[129.16622864317657,33.007220730994604],[129.1660492922921,33.00738617388275],[129.16624596864892,33.00773478693251],[129.16616035200815,33.008296359129936],[129.16563019353265,33.00867637760536],[129.16514538484563,33.00838740295256],[129.16531818237442,33.00826432770552],[129.1648085418402,33.007750745554645],[129.16482137926522,33.00718988073646],[129.1646494304539,33.00681608436881],[129.1648877750117,33.00605653794762],[129.16458274650816,33.00521436500673],[129.16476450743687,33.00470084815645],[129.16470644056633,33.00420652283366],[129.16439000571316,33.00411639365409],[129.16396749583765,33.004622044898824],[129.16411744467908,33.00487043611985],[129.16404063753504,33.00536619983942],[129.16351116428214,33.00556946688058],[129.16336023354742,33.00585672084548],[129.16357693299415,33.00628384319501],[129.1628646564894,33.0067102473718],[129.16271661541487,33.007082272898856],[129.16235419822186,33.006977583770386],[129.16181135672804,33.006478332114135],[129.1611621164597,33.00693104756628],[129.1609466751128,33.00645703506226],[129.1611830149849,33.00622682993572],[129.16167244366756,33.00475288463605],[129.16131081964585,33.00444530081491],[129.16039109056882,33.005109190477036],[129.16017579242637,33.004876853321804],[129.16045976450516,33.004506101589435],[129.15983843092616,33.00411395500479],[129.15953297921578,33.00284615078168],[129.15807178786133,33.001844823273665],[129.1593811118169,33.00254184145581],[129.15971808077632,33.0023010804684],[129.16029550409849,33.002699422116535],[129.16064891669905,33.00263455748263],[129.1608204741663,33.00227251478284],[129.1601424497007,33.00242577183546],[129.1605255690191,33.00215267684774],[129.15924050580395,33.001266357592215],[129.15930052971487,33.00068938751922],[129.1583032279856,32.999841719777784],[129.15827484216308,32.999982318546316],[129.15711210128862,32.99985560544056],[129.1564167925387,33.00005660331727],[129.15567850231008,33.00057941277792],[129.15529187296542,33.00065319845193],[129.1552228556089,33.001064216747274],[129.15447139346597,33.001115356186205],[129.15416958102844,33.000582479719895],[129.15371087243884,33.00075435655034],[129.15292631716187,32.99970613389007],[129.15274748806215,33.00000232186581],[129.15233415506967,33.00006881210075],[129.15171872163893,33.00063792781958],[129.1512989004589,33.0007161186241],[129.15076761948737,33.00110781581339],[129.15046999224515,33.00114215768089],[129.15038326104207,33.00061437737842],[129.1496210652562,33.0004066483551],[129.1489109482075,33.00056247633641],[129.14822896645688,33.00143709274921],[129.14778164620714,33.00223571226763],[129.14751417072202,33.00248385343278],[129.14730745026648,33.00306131297943],[129.14669860138818,33.00330308504637],[129.1464116602612,33.00280359736223],[129.14585426769204,33.003025671757584],[129.14582882569727,33.00270005997553],[129.1449314220697,33.00284361988901],[129.1441348899334,33.00265650633787],[129.14399270067491,33.00236032277932],[129.14485614571927,33.00122651784511],[129.14528099571652,33.00048072052784],[129.14535361847146,32.99972199204555],[129.14488715913942,32.99820673398652],[129.1447250505093,32.99733802132148],[129.14468392626492,32.996342905826424],[129.1448111094019,32.99467013076633],[129.14499477588998,32.993922818588615],[129.14524495039942,32.99348622858045],[129.14648573563574,32.991911660375756],[129.14735610633747,32.99167009803339],[129.14871298523022,32.99022576417067],[129.14991156451984,32.98875467469212],[129.1513377921956,32.98693753868489],[129.15188443906695,32.98597161502228],[129.1532574214487,32.986610115816724],[129.15446093354376,32.98710041994141],[129.15525758283692,32.98718657556844],[129.15587559616097,32.98709591419576],[129.15769971866328,32.98812104156145],[129.1598203760878,32.98847106100042],[129.1609296010885,32.988889678076774],[129.161574617738,32.98955473289275],[129.1616809330217,32.99126988446468],[129.16251748076982,32.99181812721429],[129.1647348228591,32.99303902585429],[129.1664118588828,32.993745734279905],[129.16698862108035,32.99377576255195],[129.16804146421427,32.99577275966646],[129.16889871666382,32.997865680991374],[129.16970115951062,32.99843231420451],[129.1695715314819,32.99888583437367],[129.16955488155386,33.00064170085651],[129.17002676318427,33.00228822475005],[129.1700822019313,33.004347104098564]]]},"properties":{"KEY_CODE":"424110320","PREF":"42","CITY":"411","CITY_NAME":"新上五島町","S_NAME":"赤尾郷","SETAI":"64"}},{"type":"Feature","geometry":{"type":"Polygon","coordinates":[[[129.160189106505,33.02805456767639],[129.158703604777,33.02797026163054],[129.1581407144875,33.02764317798638],[129.1582374210018,33.0270004659794],[129.15786075966568,33.02613642415317],[129.15656968380068,33.0250624635155],[129.15617234786492,33.02456268372184],[129.15679282057513,33.02438853783362],[129.15772108641218,33.02461742853966],[129.1582297583203,33.02511299764573],[129.15826097543686,33.0253439430805],[129.1589131108511,33.02639270068889],[129.1604308471956,33.027274272600565],[129.16048102345593,33.02786598615662],[129.160189106505,33.02805456767639]]]},"properties":{"KEY_CODE":"424110320","PREF":"42","CITY":"411","CITY_NAME":"新上五島町","S_NAME":"赤尾郷","SETAI":"0"}},{"type":"Feature","geometry":{"type":"Polygon","coordinates":[[[129.184085771419,32.999420214831176],[129.1838898724692,32.99943504609468],[129.18340612764547,32.9988431395398],[129.18367788145127,32.99856247428327],[129.18325007108544,32.99819435405894],[129.18350503137702,32.99781625289496],[129.18427839499202,32.99791471475157],[129.18453600284894,32.99829682753892],[129.1840218847844,32.99872386966064],[129.18441701463507,32.99895573501467],[129.184085771419,32.999420214831176]]]},"properties":{"KEY_CODE":"42411033012","PREF":"42","CITY":"411","CITY_NAME":"新上五島町","S_NAME":"友住郷","SETAI":"0"}},{"type":"Feature","geometry":{"type":"Polygon","coordinates":[[[129.178794438836,33.006310959050055],[129.17850943071122,33.00585365183055],[129.1779552601972,33.0057926925087],[129.1778913070258,33.006312857826956],[129.1773109168692,33.00669460475432],[129.17694137067113,33.00618954059049],[129.17668605865978,33.00693916065343],[129.17615640968518,33.00719568569917],[129.17583234200072,33.00713892629877],[129.17589655151556,33.00655293317396],[129.17540333824792,33.00708820276554],[129.1750765021607,33.00719916566388],[129.17438758153241,33.006530934248424],[129.17470364273115,33.005274675630616],[129.17453164362846,33.0051921609792],[129.17397461094438,33.005914828433156],[129.1736732535443,33.00607815897472],[129.17264943543333,33.0059717498308],[129.17233143475016,33.006299159536155],[129.17189989940277,33.00635843842514],[129.17067745394166,33.00441186161253],[129.1700822019313,33.004347104098564],[129.17002676318427,33.00228822475005],[129.16955488155386,33.00064170085651],[129.1695715314819,32.99888583437367],[129.16970115951062,32.99843231420451],[129.16889871666382,32.997865680991374],[129.16804146421427,32.99577275966646],[129.16698862108035,32.99377576255195],[129.16762789135825,32.99385689611848],[129.17229724432812,32.99551170328526],[129.17483475597297,32.996378944123194],[129.17480379756057,32.99693886913432],[129.17452781420542,32.99662252345079],[129.17447134334805,32.9974303696798],[129.17492421900573,32.997956392884895],[129.17547036271029,32.99755652966137],[129.17585793895228,32.997507944415496],[129.17628704827598,32.99780214343635],[129.17698327007565,32.9976272082553],[129.17797922233865,32.99771907257704],[129.1782013287045,32.99814799616179],[129.17898299926225,32.99831234222871],[129.17827644711093,32.99838445852916],[129.17814929838627,32.99862851310835],[129.17750656180598,32.99910118114373],[129.17756289988924,32.9997947997126],[129.17832294261115,32.99973094272517],[129.17907880701878,32.9999321962545],[129.17905256313492,33.00009174489242],[129.17975544213886,33.00014947239784],[129.18149315481477,33.000511959375196],[129.18150973862873,33.00095838789084],[129.18221041747293,33.00103774052529],[129.1824561883432,33.00144507648035],[129.1832065928616,33.00168416939952],[129.18298203585664,33.002230980283784],[129.18248772645796,33.00279693773766],[129.18199666079374,33.003056295226564],[129.18185752659588,33.0033562329379],[129.18080966894897,33.00398929697697],[129.18052090268236,33.00393624809998],[129.17969688083411,33.00421998484172],[129.1799200876128,33.00464620715159],[129.17969158078597,33.005091099944735],[129.17890576423008,33.00546420686796],[129.1785834933347,33.0057952280446],[129.17887812185302,33.006268548893175],[129.178794438836,33.006310959050055]]]},"properties":{"KEY_CODE":"42411033012","PREF":"42","CITY":"411","CITY_NAME":"新上五島町","S_NAME":"友住郷","SETAI":"49"}},{"type":"Feature","geometry":{"type":"Polygon","coordinates":[[[129.17887812185302,33.006268548893175],[129.1791474397951,33.00670118670687],[129.17967249990542,33.006524895293836],[129.180022181719,33.006898239365306],[129.17970986917342,33.007434896855656],[129.1811297428945,33.0078362564542],[129.18221568798091,33.007345773267765],[129.1831841171046,33.00738974082028],[129.18352921450114,33.00755384920714],[129.1835395860583,33.00794615489769],[129.18450940894826,33.00820654614013],[129.18531237499425,33.0087352389918],[129.18595033735417,33.009016396974296],[129.1863554483638,33.008855992044715],[129.18689846931863,33.00904853150513],[129.18750216645427,33.00841698353254],[129.18771647757958,33.00773576554019],[129.1884947640854,33.00767097336362],[129.18841478964734,33.007283004695694],[129.18912724345606,33.007070151865385],[129.18943094340602,33.007142147927176],[129.1897253331891,33.006815528951485],[129.19012788774876,33.006772339806595],[129.19039663795417,33.00643032604744],[129.19105972648055,33.00656092166209],[129.19135467367715,33.006378587354284],[129.1916620488285,33.00662012293745],[129.1915200217661,33.007147318010574],[129.19260877727518,33.007365525127604],[129.19288345411871,33.00716329805734],[129.19360483022064,33.00715424577981],[129.1941098926314,33.007487339223665],[129.19504400687694,33.007550039054884],[129.19515353378281,33.0077586183867],[129.19595759526894,33.00766769154555],[129.1961773184385,33.00788465324678],[129.1963932837492,33.00763628517014],[129.1968290634839,33.00789615364078],[129.19675754728124,33.00815479195645],[129.19717604812016,33.00845609876481],[129.19752168569698,33.01035608621959],[129.19725616331377,33.01069361269139],[129.19686123840822,33.01069626483547],[129.19637934390335,33.011086471291506],[129.19645700743771,33.01184776096105],[129.1966612405549,33.01252368244037],[129.19644578147918,33.01262055168121],[129.19603230839226,33.01333916195962],[129.19672734781034,33.01415965490245],[129.1964642380555,33.0147262313975],[129.19522400332528,33.014953169635994],[129.19477083219223,33.01476990793922],[129.19440820539998,33.01563021312547],[129.19448300469034,33.01598028215147],[129.19496186157505,33.01585880975356],[129.19538327684708,33.01594730793611],[129.19547126888008,33.01618919630986],[129.19506339273283,33.016520054247586],[129.1954660518485,33.01677443249247],[129.1956369503725,33.017187858823135],[129.19613664718318,33.01754887940449],[129.1962405778236,33.01782597535458],[129.1960285914833,33.01815460645935],[129.19468295391033,33.01820092633893],[129.1944542128691,33.01842130118294],[129.1935154453224,33.01812322429906],[129.19289030223075,33.018134315909684],[129.1925525766063,33.01829400080763],[129.19252234856023,33.018677177849504],[129.1919548942038,33.01933046436791],[129.1914916827967,33.01925718096826],[129.19068479178944,33.019810676142015],[129.1902482394334,33.01946241525108],[129.18857247027228,33.01993348245508],[129.18753767691797,33.01894887883115],[129.18767374067085,33.0186110568657],[129.18817809039953,33.01855370067843],[129.18849195470216,33.018788941889305],[129.18855459445942,33.018326492287954],[129.18906459031274,33.0178831901938],[129.18919592578405,33.01737221568204],[129.1885311974625,33.017074782837234],[129.18869559041258,33.016598158172364],[129.18816485827432,33.01624604956105],[129.1880805773683,33.015565006432965],[129.18849088681318,33.01546322734293],[129.1885001670555,33.014955555737586],[129.18924188242735,33.014355019327006],[129.189147539996,33.01409417492683],[129.1882685236054,33.01447614159564],[129.18780866448463,33.01436858745994],[129.18746532112883,33.014604895043774],[129.18728422566778,33.01436276978896],[129.1867679212146,33.01447961010482],[129.18588829111448,33.01382903771984],[129.1855437879579,33.014090586248734],[129.18537558586544,33.01473402361268],[129.18501577801766,33.01508029003228],[129.18440620008977,33.01523023307692],[129.18409562197817,33.01587780964138],[129.1836427839008,33.01559890925944],[129.18344187116733,33.01521243962947],[129.18360385784618,33.014814273151266],[129.18350677634203,33.01442987255033],[129.18241456142184,33.01395905521326],[129.18185566061427,33.014010823118205],[129.1807576633979,33.01454995695807],[129.18040445482893,33.01484121869561],[129.1797632036671,33.01486931891951],[129.17913850065685,33.01417694345648],[129.17875227025357,33.01471700427683],[129.17786512279113,33.01525576156865],[129.17748647493397,33.01577149162396],[129.17690147232327,33.015634699991544],[129.17669214387462,33.014632281347005],[129.17628122332317,33.014900837888646],[129.17584039961133,33.01485279140011],[129.17544561733988,33.01509793972455],[129.17504406070617,33.014855211543875],[129.17456394705528,33.015013564498595],[129.17406906107792,33.014536123390606],[129.17445311834396,33.014014103510966],[129.17420397144627,33.013657245188405],[129.17438291048103,33.01244302151581],[129.17486842285118,33.01226845316452],[129.17452264757208,33.01199340223383],[129.17464431816396,33.011510368771354],[129.17524469168853,33.01094382344072],[129.1751432657997,33.010584646169626],[129.17567062612088,33.01008193281581],[129.17632466272224,33.010355085696446],[129.17659627348633,33.00983456368728],[129.1759241729546,33.009528901474276],[129.17628991324173,33.00902576096994],[129.17714905883483,33.008816087978566],[129.1778143882526,33.00921280678955],[129.1781141764307,33.008889846420686],[129.177853777156,33.00838957743627],[129.1780549750689,33.00810243102928],[129.1788810861797,33.00754997970989],[129.17909040170002,33.00678580651695],[129.178794438836,33.006310959050055],[129.17887812185302,33.006268548893175]]]},"properties":{"KEY_CODE":"42411033014","PREF":"42","CITY":"411","CITY_NAME":"新上五島町","S_NAME":"友住郷","SETAI":"7"}},{"type":"Feature","geometry":{"type":"Polygon","coordinates":[[[129.18393689092318,33.02281828840731],[129.18329376967733,33.02305471840528],[129.18228136674685,33.02239113914312],[129.18220653560738,33.02206811488969],[129.18149609028424,33.02227099447889],[129.1807225702566,33.02186141078864],[129.18028561190118,33.021925212348364],[129.17969505365997,33.021539538624424],[129.17924986612582,33.02150953259013],[129.1790658906965,33.02117540219706],[129.17841125069202,33.02075889336452],[129.17768570551604,33.01982728447476],[129.17774402820194,33.019389174072145],[129.17891768374042,33.01955273320815],[129.17941442538117,33.01982725507277],[129.17981114102997,33.0196452198625],[129.1802776358678,33.01970052935206],[129.18030191340137,33.01949769375297],[129.18079001211072,33.01949895092479],[129.1812976682872,33.02001697016136],[129.18204186188146,33.01994673833066],[129.1826445085638,33.02053983990674],[129.18269925475428,33.02079157285678],[129.18312647665852,33.021055077941895],[129.18315661288602,33.02070977879753],[129.18355755187852,33.02084065563359],[129.18397662624628,33.02069563803944],[129.18415455225315,33.020028785349496],[129.1849547019375,33.01987932320938],[129.1856957327979,33.020393396907714],[129.18612063449623,33.02100315459074],[129.185560454059,33.02170241618104],[129.18468699927058,33.022293566640855],[129.1846814710015,33.02264614191028],[129.18402398854246,33.023005176914324],[129.18393689092318,33.02281828840731]]]},"properties":{"KEY_CODE":"42411033014","PREF":"42","CITY":"411","CITY_NAME":"新上五島町","S_NAME":"友住郷","SETAI":"0"}},{"type":"Feature","geometry":{"type":"Polygon","coordinates":[[[129.1802634631194,32.984171128163474],[129.17969222788517,32.98443748664499],[129.17958111756005,32.984686093308994],[129.17995107635048,32.98564835199261],[129.179953170155,32.98595496384742],[129.17925713613317,32.986407672044784],[129.17920806644054,32.98666275181338],[129.17872086395545,32.9867615923821],[129.17845977859253,32.98646783668309],[129.17824367494282,32.986749538398705],[129.17714147699897,32.986779145778044],[129.17650053804712,32.987080480305536],[129.17679415743441,32.98783964548816],[129.1771506087953,32.98927621580122],[129.17702210244613,32.98930473824116],[129.1767316311541,32.98826422448249],[129.17527972077883,32.98853278012177],[129.17484415770664,32.988547875172046],[129.17466081771562,32.990401466941535],[129.17557758166836,32.990767280655355],[129.17541544122986,32.990922866744526],[129.1762054756067,32.99111790964506],[129.1771494035888,32.99108068515141],[129.1779414953743,32.99159765905545],[129.17761315412778,32.991848406407485],[129.17798352662786,32.992104571611584],[129.17748137011688,32.992191644646994],[129.17738648424103,32.99297505019949],[129.17787456578745,32.99323783385624],[129.17765776609144,32.99341221893474],[129.17766354526424,32.99388747381758],[129.1780309095476,32.994388015373225],[129.17798090266936,32.99460521585051],[129.17748177724914,32.99472836776475],[129.17780654328777,32.99487890686283],[129.17708373256627,32.995015905284305],[129.1766776841108,32.99573807946042],[129.1756859980582,32.99624139379835],[129.17483475597297,32.996378944123194],[129.17229724432812,32.99551170328526],[129.16762789135825,32.99385689611848],[129.16698862108035,32.99377576255195],[129.1664118588828,32.993745734279905],[129.1647348228591,32.99303902585429],[129.16251748076982,32.99181812721429],[129.1616809330217,32.99126988446468],[129.161574617738,32.98955473289275],[129.1609296010885,32.988889678076774],[129.1598203760878,32.98847106100042],[129.15769971866328,32.98812104156145],[129.15587559616097,32.98709591419576],[129.15525758283692,32.98718657556844],[129.15446093354376,32.98710041994141],[129.1532574214487,32.986610115816724],[129.15188443906695,32.98597161502228],[129.15249777532648,32.98479866746392],[129.15252116175034,32.9845959341555],[129.15175178294155,32.98024308747246],[129.1518440160816,32.97975534293172],[129.15240126955874,32.97871436201925],[129.15293882967845,32.97726817257036],[129.15611942296553,32.976316207300705],[129.1581851448266,32.977765525703866],[129.16050675797524,32.97899908899342],[129.1620768066198,32.97974432171635],[129.1658864927113,32.98084148125854],[129.16618808469846,32.980870516722206],[129.17132900613086,32.98077384786525],[129.17208773424724,32.98084066829963],[129.17296126384747,32.98109768001564],[129.17357616813078,32.98139570059926],[129.1748491447043,32.98221416466774],[129.1761182388544,32.98260188884728],[129.17779995088975,32.982958250631484],[129.17851066009624,32.98320372698193],[129.1802634631194,32.984171128163474]]]},"properties":{"KEY_CODE":"424110340","PREF":"42","CITY":"411","CITY_NAME":"新上五島町","S_NAME":"江ノ浜郷","SETAI":"52"}},{"type":"Feature","geometry":{"type":"Polygon","coordinates":[[[129.1920073646,32.925103849681996],[129.19177922846492,32.925527123674776],[129.19130784922697,32.92516704766819],[129.19165468907048,32.9247440669442],[129.1907872873441,32.92419364830118],[129.18951118623096,32.92464498926599],[129.1885585420583,32.9240131836322],[129.18778229936277,32.92370193311049],[129.18779819016444,32.923439558867166],[129.18678617120344,32.92267232469839],[129.18629366270343,32.92286136307118],[129.1860151011135,32.92271818547312],[129.1857754408029,32.922154870959865],[129.18591997919748,32.92179092055656],[129.18551404497876,32.921686196854765],[129.18486354862137,32.92120022739474],[129.18568080536954,32.920484546818614],[129.18568067608248,32.92021852182572],[129.1851256787129,32.91963457338668],[129.1854609066046,32.91947490113819],[129.1848453241681,32.919103624837945],[129.18457870996508,32.918309389227],[129.18480376395743,32.91785996485173],[129.1852840407606,32.91749595214251],[129.18548559542043,32.91763714136869],[129.18573759523585,32.91712646425489],[129.1859748412435,32.91716042716418],[129.18652389990055,32.91669197147775],[129.18615100427985,32.91753149627178],[129.18645246965508,32.91723917378536],[129.18719013197924,32.91695425545931],[129.18749147486932,32.917299489172635],[129.187985547627,32.917269159339675],[129.18876435927746,32.9177472352725],[129.1887929544378,32.918126053270946],[129.18962656996422,32.91791890853107],[129.1897614576183,32.91756394746278],[129.19022083338885,32.91766878958647],[129.1905221089416,32.917426952798365],[129.1914235841805,32.91768708327595],[129.19155271166565,32.91806795382245],[129.19185966305844,32.91803714750664],[129.19247731656864,32.91874926608322],[129.19279949238611,32.91864635259328],[129.19305654848864,32.919137554203864],[129.19364620385343,32.919290495687264],[129.19424838746622,32.91984475645027],[129.19451140859888,32.91953428501179],[129.19449041202458,32.92004103505751],[129.1948058716912,32.92034480734771],[129.1952622780195,32.92007267341797],[129.19549904370834,32.92055660798549],[129.19562156134026,32.920373846742805],[129.1962447313311,32.921052592302594],[129.19661265128167,32.921021024043576],[129.19663552786085,32.922465720731836],[129.1955581332728,32.923603854115],[129.1955776511699,32.924150384143886],[129.1953657715974,32.9238919550267],[129.19471831460686,32.92405720666806],[129.19422658714157,32.92370431324259],[129.1938319123182,32.92374573391256],[129.19386187841616,32.92404430091639],[129.19327306148676,32.92425748092736],[129.19277296965808,32.92416967866288],[129.1923960451547,32.92432566590135],[129.19195617570034,32.92475382695338],[129.1920073646,32.925103849681996]]]},"properties":{"KEY_CODE":"42411035015","PREF":"42","CITY":"411","CITY_NAME":"新上五島町","S_NAME":"太田郷","SETAI":"0"}},{"type":"Feature","geometry":{"type":"Polygon","coordinates":[[[129.13683750008587,32.93729331473337],[129.13726705205346,32.937118714604885],[129.13741230304302,32.93742483289806],[129.1381662982309,32.9371384471961],[129.13833470344875,32.93754563126153],[129.13902223051826,32.938095887111686],[129.13887766495736,32.937608515892414],[129.13914345597888,32.937208897637646],[129.1392667108248,32.936604046422545],[129.13960796713513,32.936837805896516],[129.13940015656894,32.93745491935703],[129.13992509285345,32.936964965103975],[129.14042603757096,32.937377611143084],[129.14035479792867,32.93673985411646],[129.14060296706586,32.93671982710283],[129.1407407688694,32.93756066875366],[129.14098624609414,32.93768040777161],[129.1413987624724,32.93748139449096],[129.1413485211166,32.93800788349309],[129.14186091929497,32.93796426095718],[129.1420060288869,32.938310056508676],[129.14192886738994,32.93888336283176],[129.14242197861833,32.93938976351372],[129.1422390166365,32.94020985206813],[129.14259191079046,32.94315063251694],[129.14260661886846,32.944816241699556],[129.14298162545214,32.94597879963723],[129.14298645346767,32.94636927939067],[129.14334120794905,32.947250424058446],[129.14387927687807,32.948302524801285],[129.14418160877838,32.94918531867795],[129.14523285094268,32.95028486636894],[129.14626073711847,32.951085851757554],[129.14701497776537,32.951298097731],[129.14707746827932,32.951997148750635],[129.14778196948032,32.95262406991113],[129.14813578158032,32.953222034137596],[129.1480101747237,32.953337111415394],[129.1483085827179,32.95469601680738],[129.14854977315105,32.95510699853154],[129.14933907205048,32.955119122839534],[129.15023015198344,32.95536508812914],[129.1502669086575,32.95553833236882],[129.14931274935898,32.95528407602383],[129.1485436119953,32.95531348599037],[129.1485217478369,32.955974421205745],[129.1488203927502,32.95645951018119],[129.14932363786826,32.956324749309864],[129.14959025725227,32.956523883737106],[129.149893386766,32.95723081463255],[129.15045516559738,32.95772114219369],[129.1509533561565,32.95778475018063],[129.15147000318424,32.957503933740725],[129.15149912995273,32.95717126217857],[129.15293371927748,32.95738354348472],[129.153624330184,32.957201491302946],[129.1540421508815,32.95757778117306],[129.15437847025467,32.95746057509322],[129.15455120993633,32.957877670303915],[129.15507833721813,32.95765007146098],[129.15484820035198,32.9579686644758],[129.1551185416682,32.95804154930111],[129.15516101109154,32.95867380767552],[129.15537339564858,32.95935342204385],[129.1558351108687,32.95999855175123],[129.1566017483794,32.96035594796886],[129.1568271975419,32.96069563081329],[129.1573204857152,32.96009459826955],[129.1570313634787,32.96073586583549],[129.15768878929168,32.96084316928431],[129.1583387685583,32.96065917484445],[129.15838775009294,32.96099386546869],[129.15877179801416,32.96070634392072],[129.15886349791447,32.96105918584655],[129.15918896035015,32.960428831465045],[129.15943577079813,32.96050074026126],[129.15990750872993,32.96021525845212],[129.16004647712654,32.9605168249531],[129.15950756644818,32.960748921584084],[129.15959013466195,32.96125053008465],[129.1590873528851,32.961544944098094],[129.1586373023762,32.96146797325491],[129.15958968682085,32.96193045927466],[129.16037251205162,32.9614149677209],[129.16060253851035,32.961681611289066],[129.16182535135366,32.96191576166921],[129.1624482160441,32.96182996491259],[129.16316743465842,32.96257133977259],[129.16379560458068,32.96221592502414],[129.16345412453765,32.96285075161091],[129.16423179609848,32.96284471849978],[129.16418502962185,32.963051998425705],[129.16460634559058,32.963372346932026],[129.16511874601701,32.96279658748666],[129.16578075969116,32.96282901019749],[129.16569524618654,32.96366832307911],[129.1660489497215,32.96376394921541],[129.1657621358659,32.96408151036383],[129.16593884889275,32.96431373060595],[129.16633175699624,32.96422369662983],[129.1660895128355,32.96463966800902],[129.1666845534412,32.96484595068658],[129.1660894010621,32.96523663525687],[129.1670116858818,32.96575579226079],[129.16721437201352,32.965336108118464],[129.16753371627294,32.96518004862197],[129.167577124182,32.96558956232283],[129.16828574102865,32.964605813069845],[129.16871132742264,32.9643580496099],[129.16935108988636,32.96462395045327],[129.16925906142836,32.964920391233804],[129.169817051037,32.96473789691501],[129.16957753202405,32.96499787952378],[129.1702358845891,32.9657336437846],[129.17051487841204,32.966366510669424],[129.1704423868922,32.967737900977134],[129.1707691944482,32.96759267308817],[129.17055478285567,32.96800511562923],[129.17075193306724,32.968207629445736],[129.17041787556855,32.96857737483687],[129.1710162482318,32.96847434224969],[129.17074757765752,32.96880728953561],[129.17093557859764,32.96916758462377],[129.17141614012084,32.969390678018],[129.17158718309295,32.96971034851047],[129.17207592031687,32.9694636420558],[129.172441058538,32.969944331984635],[129.17201842359262,32.97025433188501],[129.17238365887107,32.97071517694448],[129.173016779226,32.9710585952468],[129.17408992435472,32.97101721525287],[129.174699684287,32.97073295228576],[129.174307873583,32.970516413083146],[129.1750883927992,32.970336292944694],[129.17755871568443,32.970286786163875],[129.1780929763807,32.97046130405086],[129.1777968315041,32.97070581832446],[129.17818688362337,32.97082224960557],[129.17901202808895,32.970728787119995],[129.1801929954767,32.9713450175205],[129.18081171530906,32.97124289938371],[129.18154223126135,32.97128895200446],[129.18198539994964,32.97151191808278],[129.18171705630726,32.97205860570616],[129.1819120066433,32.972285447600484],[129.18163491137486,32.97259134044998],[129.18176123397157,32.97286760172873],[129.18227541342742,32.97268134854762],[129.18268058317986,32.972758128862594],[129.18232169097988,32.97320268629093],[129.1819974805827,32.97321538522584],[129.18219504562552,32.97361176718403],[129.18215370995114,32.97440160744988],[129.18184349810053,32.974687576905986],[129.18224187322076,32.97607641538579],[129.18213695657988,32.97668934802177],[129.18221196637307,32.9772576529809],[129.18258319448853,32.97786278749239],[129.18292979910512,32.97817297907201],[129.1834470468099,32.97833030837453],[129.18357474321354,32.979429007643986],[129.18306892332325,32.97935827915042],[129.18257754569586,32.980042378697796],[129.18162518132027,32.98067840173755],[129.18096431570655,32.98178048972795],[129.18055166106674,32.9819841340075],[129.18028820795567,32.98324054763417],[129.18067259560118,32.983461571646515],[129.18073397156704,32.98395049780495],[129.1802634631194,32.984171128163474],[129.17851066009624,32.98320372698193],[129.17779995088975,32.982958250631484],[129.1761182388544,32.98260188884728],[129.1748491447043,32.98221416466774],[129.17357616813078,32.98139570059926],[129.17296126384747,32.98109768001564],[129.17208773424724,32.98084066829963],[129.17132900613086,32.98077384786525],[129.16618808469846,32.980870516722206],[129.1658864927113,32.98084148125854],[129.1620768066198,32.97974432171635],[129.16050675797524,32.97899908899342],[129.1581851448266,32.977765525703866],[129.15611942296553,32.976316207300705],[129.15293882967845,32.97726817257036],[129.15330369473247,32.976007562579234],[129.15298215661252,32.975480660215375],[129.15211657968442,32.97455616269806],[129.15121078900594,32.973343183256326],[129.15104125722848,32.97243645031994],[129.15058951791764,32.97154476651428],[129.149813761678,32.97075992319005],[129.14833594535764,32.96958969065723],[129.14788124237697,32.96944583039138],[129.14816111980383,32.9676963714807],[129.14861009973,32.96669495664269],[129.14884192085628,32.9657444772099],[129.14890546095293,32.964439774417336],[129.14876800979343,32.963317234321664],[129.14842283494758,32.96197625803236],[129.14779626368278,32.9600487962079],[129.147220151371,32.95801838476606],[129.14723429481427,32.9576749150905],[129.1469530152607,32.957495021086054],[129.1478683670595,32.956425606518664],[129.1473095597629,32.956667028490806],[129.14692454577306,32.9561894284443],[129.14200408898972,32.95382760869181],[129.13978820314952,32.95156467314478],[129.13862670421906,32.950509806803986],[129.13679577402883,32.94917778211732],[129.1342237906241,32.94791536505863],[129.13482317856375,32.946909082967046],[129.13552343417066,32.94525174239689],[129.135710670526,32.9444768796876],[129.13613453333488,32.94217550268816],[129.13630078090222,32.94039929456851],[129.13683750008587,32.93729331473337]]]},"properties":{"KEY_CODE":"42411035015","PREF":"42","CITY":"411","CITY_NAME":"新上五島町","S_NAME":"太田郷","SETAI":"93"}},{"type":"Feature","geometry":{"type":"Polygon","coordinates":[[[129.1342237906241,32.94791536505863],[129.13679577402883,32.94917778211732],[129.13862670421906,32.950509806803986],[129.13978820314952,32.95156467314478],[129.14200408898972,32.95382760869181],[129.14692454577306,32.9561894284443],[129.1473095597629,32.956667028490806],[129.1478683670595,32.956425606518664],[129.1469530152607,32.957495021086054],[129.14723429481427,32.9576749150905],[129.147220151371,32.95801838476606],[129.14779626368278,32.9600487962079],[129.14842283494758,32.96197625803236],[129.14876800979343,32.963317234321664],[129.14890546095293,32.964439774417336],[129.14884192085628,32.9657444772099],[129.14861009973,32.96669495664269],[129.14816111980383,32.9676963714807],[129.14788124237697,32.96944583039138],[129.145685269849,32.970032188506906],[129.14472128113997,32.97020690400143],[129.1430237924642,32.97033198892807],[129.14099231627486,32.97023111051521],[129.14006278515373,32.96962492061847],[129.13848764527265,32.96897223332234],[129.13836774216801,32.968851475799866],[129.13775317263037,32.96730650333772],[129.13790979569583,32.96580495653029],[129.13850092665365,32.96384518867266],[129.13731783157658,32.96148735560023],[129.1366893877894,32.959676145943384],[129.13648713919602,32.958656886474444],[129.13581911369627,32.957583757219595],[129.13504632359565,32.956772457179795],[129.13439099747075,32.95636600872368],[129.1332796248516,32.9561208688681],[129.13364856720037,32.9542333070466],[129.13399016007222,32.95144270341819],[129.13399734158276,32.94925875354771],[129.1342237906241,32.94791536505863]]]},"properties":{"KEY_CODE":"42411035017","PREF":"42","CITY":"411","CITY_NAME":"新上五島町","S_NAME":"太田郷","SETAI":"62"}},{"type":"Feature","geometry":{"type":"Polygon","coordinates":[[[129.10850740307666,32.96548428290193],[129.10935611734,32.96625202918926],[129.11014123213275,32.96756620714933],[129.10793884911868,32.96866695209646],[129.10710333114366,32.96916562901314],[129.1056796154335,32.970182217707716],[129.1053216869188,32.9703605067683],[129.10311985264428,32.970877418933824],[129.10032887650226,32.97098608625749],[129.0995321756285,32.970933935381055],[129.098027631144,32.97079074542642],[129.0959898664093,32.970187861450135],[129.09506911596446,32.969400576038645],[129.0934440515683,32.968563993811756],[129.09120996381967,32.96720857975311],[129.09076302200828,32.96685937434708],[129.08692614656306,32.963073037539786],[129.08669285417346,32.96299295042498],[129.08530310888656,32.96309763307299],[129.08542453134328,32.9621961652798],[129.08542543588467,32.96139460088427],[129.08523874948267,32.960597207733],[129.0872592583713,32.95915775429494],[129.0875852395798,32.95917949948566],[129.08825303995084,32.95959220038341],[129.0887955791206,32.960544923737544],[129.08930877185367,32.961033888058864],[129.0900413252548,32.961092400285665],[129.0923884521968,32.96079590376693],[129.0935890610461,32.96047496782928],[129.09486177689422,32.96049386616237],[129.0966685851026,32.961037202133305],[129.09820792010913,32.96103329441207],[129.09887732296497,32.96109746276356],[129.10006010787407,32.96084430601933],[129.10117435027942,32.96029520090318],[129.10172735713326,32.960298765136805],[129.1019863704373,32.960982233984744],[129.10158801471798,32.961554494391194],[129.10216468453876,32.961771853249765],[129.10226736840622,32.96225372528701],[129.10246650957959,32.962835406079506],[129.10244004709492,32.962987386390125],[129.10231675797547,32.96318793523859],[129.1022766305958,32.96336815833736],[129.1023680368614,32.9636813833198],[129.10226338038055,32.96402296326395],[129.10191316172816,32.964368793686454],[129.10135031455664,32.9649881486565],[129.1013767299569,32.96528479266841],[129.1015555015761,32.96560060227841],[129.103076078984,32.96577494010988],[129.10346203789499,32.96580117252734],[129.10443025065692,32.96577421547033],[129.10619702939067,32.965802275839],[129.10836351197153,32.965431063094904],[129.10850740307666,32.96548428290193]]]},"properties":{"KEY_CODE":"42411036018","PREF":"42","CITY":"411","CITY_NAME":"新上五島町","S_NAME":"鯛ノ浦阿瀬津郷","SETAI":"145"}},{"type":"Feature","geometry":{"type":"Polygon","coordinates":[[[129.11045057811825,32.96688222753005],[129.11014123213278,32.967566207149304],[129.10935611734,32.966252029189306],[129.10850740307666,32.96548428290193],[129.10836351197153,32.965431063094904],[129.10619702939067,32.965802275839],[129.10443025065692,32.96577421547033],[129.10346203789499,32.96580117252734],[129.103076078984,32.96577494010988],[129.1015555015761,32.965600602278414],[129.1013767299569,32.96528479266841],[129.10135031455664,32.9649881486565],[129.10191316172816,32.964368793686454],[129.10226338038055,32.96402296326395],[129.1023680368614,32.9636813833198],[129.1022766305958,32.96336815833736],[129.10231675797547,32.96318793523859],[129.10244004709492,32.962987386390125],[129.10246650957959,32.962835406079506],[129.10226736840622,32.96225372528702],[129.1025607489141,32.96195436221654],[129.10270822106568,32.96198008182926],[129.10337906057742,32.961471801111706],[129.10364201232895,32.96104158676885],[129.10776467437438,32.9619600345453],[129.10966032298316,32.96220811798346],[129.11228749059288,32.9623292455368],[129.1134900661979,32.96261207797322],[129.11468425974024,32.962835008343056],[129.11292241265514,32.96426125581323],[129.1111871842944,32.96595241997589],[129.11045057811825,32.96688222753005]]]},"properties":{"KEY_CODE":"42411036019","PREF":"42","CITY":"411","CITY_NAME":"新上五島町","S_NAME":"鯛ノ浦阿瀬津郷","SETAI":"12"}},{"type":"Feature","geometry":{"type":"Polygon","coordinates":[[[129.1332796248516,32.9561208688681],[129.13299320858613,32.9561806816074],[129.12950186745098,32.957739931006834],[129.12898280939098,32.95782577118423],[129.1279843348362,32.95769982825981],[129.1261925151453,32.95710871930251],[129.12429986187558,32.9567438266781],[129.123475838761,32.95626562214817],[129.12293035688185,32.95623808543936],[129.12229924531525,32.95646918095958],[129.11980292386556,32.958429551991586],[129.11712545305795,32.9605814043667],[129.11468425974024,32.962835008343056],[129.1134900661979,32.96261207797322],[129.11228749059288,32.9623292455368],[129.10966032298316,32.96220811798346],[129.10776467437438,32.9619600345453],[129.10364201232895,32.96104158676885],[129.10375620694256,32.960620817892355],[129.10410852930207,32.96052905049351],[129.10443809946423,32.96002870474372],[129.10446902020223,32.959324517047946],[129.1047255649032,32.95888526372987],[129.1052539758667,32.95840357988512],[129.1051750772295,32.95786948033164],[129.10492852503845,32.95774425960663],[129.10443735791765,32.9585146268598],[129.10393687547773,32.95871954998849],[129.10292150615925,32.95805894145442],[129.10252457553045,32.95736421304521],[129.1025322667908,32.956840309490346],[129.1027532966999,32.956205259922555],[129.10312842550067,32.95555897372285],[129.10424427335664,32.95551111164183],[129.10495551977934,32.95527979794171],[129.1048642239221,32.95512981870348],[129.10518871778834,32.95455280678616],[129.10546718302473,32.954470721227345],[129.10558064789748,32.95518077561872],[129.10637569983072,32.955101219095575],[129.1063901609239,32.95474145889346],[129.10606107244865,32.95465926283831],[129.1064542664339,32.953303335897694],[129.1069883037375,32.95347635350887],[129.1069577029977,32.954350071880526],[129.10755681241218,32.95456837914645],[129.1087490298069,32.95416722350611],[129.10888817020492,32.953908849841945],[129.1086453578512,32.953419333842575],[129.10928631272103,32.95263318699346],[129.10968117095936,32.95283642209074],[129.11017671343797,32.952279768094776],[129.10971780474196,32.952048382978475],[129.11036135406098,32.95090424075499],[129.11085706866464,32.95103112819736],[129.1115870106316,32.950678995287646],[129.112821503831,32.949891063856974],[129.1128893001925,32.94905893831311],[129.11309774638985,32.948845860611385],[129.1136288117052,32.948960222492225],[129.1141478737877,32.94888517267996],[129.11421303999475,32.94865632394134],[129.1135777048574,32.9484144917514],[129.11355084874558,32.94770110501673],[129.11336495391402,32.947167581823486],[129.11359208247032,32.94682651176656],[129.11417392738758,32.94657761518958],[129.114788982528,32.94581751064941],[129.11453849143004,32.94513048870069],[129.11478870053935,32.944647907570385],[129.11530462959124,32.94430591820194],[129.11564791491162,32.94430607479889],[129.11625025601398,32.94351346136189],[129.11622264198544,32.94272883487845],[129.1164200272501,32.942343479293754],[129.11706342443802,32.942441039726084],[129.11712207412242,32.941985824698214],[129.11809414483045,32.94100767256835],[129.11773212522036,32.94063593721033],[129.11836156882228,32.93974691307173],[129.11834180431123,32.93936810898424],[129.1177137518171,32.938932435920194],[129.1182745432411,32.9385896725642],[129.11873271469761,32.937987788297356],[129.1204546061644,32.93820404650474],[129.12083461044992,32.93837473593087],[129.121023093888,32.93881717454963],[129.121480783272,32.93882577466526],[129.12136497642675,32.93914194518561],[129.12193665818322,32.93925188864591],[129.12280235816658,32.93963685364223],[129.1227562387629,32.94016965937734],[129.12321852156458,32.94061382442353],[129.1239543753056,32.94059800915946],[129.12351852673845,32.939463172442764],[129.12480055922475,32.939014346330744],[129.124305404871,32.93901466138475],[129.1245941771334,32.93875041226888],[129.12525744579446,32.93869649526399],[129.1254797052838,32.93823455839331],[129.12556313512442,32.938739797983274],[129.12667578062008,32.93914171070299],[129.12738156732348,32.9391501349874],[129.1283050791978,32.93951991042867],[129.12874849409894,32.939876525486845],[129.1290608895753,32.94035719123097],[129.1293686291408,32.9411949465114],[129.1289408237507,32.94171218989887],[129.12944149432656,32.94167489928611],[129.12931375987972,32.94204244262053],[129.12960582359213,32.94227145469289],[129.12967882582836,32.942718947597044],[129.1299124070444,32.942877449404435],[129.13019430804428,32.94349238771785],[129.1300766890782,32.94426124248678],[129.13039320103795,32.94479242035687],[129.13109641399876,32.94491894262009],[129.13176536058575,32.94426984271412],[129.1317037670605,32.94417227219691],[129.13238990923253,32.94350428631607],[129.1322378071554,32.943047544629934],[129.13243470563287,32.942752343484486],[129.13275307574634,32.94153770453753],[129.132998913973,32.9415708922867],[129.13309229391194,32.94096968842229],[129.13337677726966,32.94045381556387],[129.13387503978012,32.9399529943775],[129.13405980290153,32.93949724290358],[129.1341649711221,32.939929499942885],[129.13459904582317,32.939697211685825],[129.13505469705072,32.93967329786088],[129.1357703866023,32.93883223480286],[129.13589327667947,32.93780187684766],[129.1360492391341,32.93758139763761],[129.13683750008587,32.93729331473337],[129.13630078090222,32.94039929456851],[129.13613453333488,32.94217550268816],[129.135710670526,32.9444768796876],[129.13552343417066,32.94525174239689],[129.13482317856375,32.946909082967046],[129.1342237906241,32.94791536505863],[129.13399734158276,32.94925875354771],[129.13399016007222,32.95144270341819],[129.13364856720037,32.9542333070466],[129.1332796248516,32.9561208688681]]]},"properties":{"KEY_CODE":"42411036020","PREF":"42","CITY":"411","CITY_NAME":"新上五島町","S_NAME":"鯛ノ浦阿瀬津郷","SETAI":"87"}},{"type":"Feature","geometry":{"type":"Polygon","coordinates":[[[129.1033630065564,32.95524680484035],[129.1031857112909,32.9554274955125],[129.10277886409133,32.95503754209787],[129.10260668574145,32.953830416422065],[129.10296642754017,32.953268853084275],[129.10408937858458,32.95378642801068],[129.10428823190958,32.954045868712676],[129.10406404450603,32.9544275098892],[129.10405454963305,32.95488016765258],[129.10364935829597,32.95531804952051],[129.1033630065564,32.95524680484035]]]},"properties":{"KEY_CODE":"42411036020","PREF":"42","CITY":"411","CITY_NAME":"新上五島町","S_NAME":"鯛ノ浦阿瀬津郷","SETAI":"0"}},{"type":"Feature","geometry":{"type":"Polygon","coordinates":[[[129.10117435027942,32.96029520090318],[129.10006010787407,32.96084430601933],[129.09887732296497,32.96109746276356],[129.09820792010913,32.96103329441207],[129.0966685851026,32.961037202133305],[129.09486177689422,32.96049386616237],[129.0935890610461,32.96047496782928],[129.0923884521968,32.96079590376693],[129.0900413252548,32.961092400285665],[129.08930877185367,32.961033888058864],[129.0887955791206,32.960544923737544],[129.08825303995084,32.95959220038341],[129.0875852395798,32.95917949948566],[129.0872592583713,32.95915775429494],[129.08523874948267,32.960597207733],[129.08501691327587,32.95955244842584],[129.085130573855,32.95729010611607],[129.08542136035155,32.95505963951533],[129.08535467821116,32.95432603285109],[129.0850134695271,32.95324046525683],[129.08378823308718,32.95077555807436],[129.08336293093822,32.95012273159505],[129.0852363134956,32.949132455163706],[129.08805794973688,32.94822214455611],[129.08872169652943,32.94786833595304],[129.09098022486384,32.94609282646168],[129.09139684472208,32.945862792220694],[129.0919892912053,32.94568080150245],[129.0930677079878,32.94551225577627],[129.09595293484983,32.94528131804333],[129.0965138644805,32.945117961095455],[129.09671541910097,32.943372217817235],[129.0967620193362,32.942492441207364],[129.09708934343428,32.941604584183764],[129.097069939456,32.9408439618882],[129.09659709987324,32.93969048488395],[129.09587879562076,32.93867850660907],[129.09688525116132,32.93868725498268],[129.097942633339,32.93879761542146],[129.09895077459555,32.93844690956829],[129.0995445679806,32.93813815088519],[129.09993669442156,32.93764795534449],[129.10032138725637,32.93746330561647],[129.10078922635552,32.93693005350099],[129.10104653866003,32.93617205815579],[129.10110394974276,32.93551017558024],[129.10205791792376,32.93520436134003],[129.10263617016574,32.934712968871445],[129.10319623308496,32.93456002126386],[129.10508332292335,32.93315067518661],[129.10546171025433,32.932818146732856],[129.1062908414977,32.93273239098127],[129.10693500989748,32.93312669388521],[129.10748680999913,32.93311850910431],[129.1072771979431,32.93360931942375],[129.1074868636036,32.93407890355022],[129.10737569294335,32.93430850756029],[129.10662787754703,32.93437559250377],[129.10666738332154,32.934877106569736],[129.10687470011675,32.93490571112346],[129.10748175875193,32.93571381452302],[129.10807196811342,32.935733704373355],[129.10850816021065,32.935516840787045],[129.1088554095482,32.93558556262356],[129.10897694948707,32.93591238903329],[129.10952058488647,32.9358275189655],[129.10968435603024,32.93627892056671],[129.11042183144968,32.936620294032245],[129.1106524020641,32.936958277569644],[129.11066549232234,32.93738395497298],[129.1104159613186,32.9377114274108],[129.11077814835994,32.93803448890574],[129.11082026998628,32.93843230503228],[129.11040690971342,32.93904242007831],[129.11014766745924,32.93914441725986],[129.1102480117609,32.939677677860054],[129.11059948070996,32.94000792266162],[129.11110078213383,32.93981740698938],[129.11147835987296,32.94005304354662],[129.11114328361415,32.94012865238639],[129.11138643700522,32.94052528794228],[129.11113067731978,32.940813963769024],[129.1113831682353,32.941272849889764],[129.11092580275036,32.94241848952637],[129.11026916134955,32.94289438690961],[129.11024139392242,32.94337675119813],[129.1098250587869,32.94345029672539],[129.1097437275836,32.9437052482334],[129.11002055865146,32.944224635126545],[129.10945892997182,32.944742304525796],[129.10914338179634,32.945731464795024],[129.1091741590816,32.946029146712824],[129.1085234089844,32.94662137701618],[129.1082625484701,32.94756922755603],[129.10779195641874,32.947814835938836],[129.10799573030107,32.948170773919564],[129.10773237268654,32.948716423210584],[129.10733766849538,32.948965874475604],[129.10687543848934,32.94900950919941],[129.1065495562359,32.94965235353315],[129.10653157392176,32.950090555697884],[129.1069648905935,32.950303836852314],[129.10674766492977,32.950570981865496],[129.1054097900042,32.951256620162745],[129.10495789710285,32.95161319807869],[129.10419539682118,32.95159545251223],[129.1039983541169,32.95140906160522],[129.10365943124137,32.95185887398912],[129.1025106957894,32.95157292633558],[129.10258918567106,32.95131457301277],[129.1020975654186,32.95116305657691],[129.10197518820397,32.95086494395041],[129.10161382213624,32.9509789708299],[129.1012384063364,32.95076914944149],[129.1012895197386,32.95202322499094],[129.10152329450406,32.952197826189],[129.1014231396094,32.95440761505117],[129.10117564229282,32.9544220386472],[129.10116564838734,32.95580162045081],[129.10130595399588,32.95647208640165],[129.1009903788899,32.95672087434524],[129.10068789346272,32.957617178056076],[129.1010425739667,32.959147723887874],[129.10088526898568,32.959163452922496],[129.10117435027942,32.96029520090318]]]},"properties":{"KEY_CODE":"42411036021","PREF":"42","CITY":"411","CITY_NAME":"新上五島町","S_NAME":"鯛ノ浦阿瀬津郷","SETAI":"114"}},{"type":"Feature","geometry":{"type":"Polygon","coordinates":[[[129.11450238531654,32.923872767272464],[129.1139556051112,32.923720477658485],[129.1137887935929,32.92347918383596],[129.11307998105448,32.92369611965107],[129.1128357587019,32.92355468764138],[129.11218116961408,32.92262201334789],[129.11164961470422,32.92265823688008],[129.11120889530923,32.92221949964669],[129.11099677204018,32.92157947058231],[129.11137040898114,32.92147513325762],[129.1115976596894,32.9218275363451],[129.1121113440718,32.921721818520865],[129.11281413924368,32.92090878583774],[129.11292903759744,32.921291501894665],[129.1132470066218,32.9209453014286],[129.11350755980197,32.92126714001707],[129.11330433583342,32.921533443393606],[129.11384419298108,32.92155495629998],[129.1148974297707,32.922281433975485],[129.11539353192575,32.92228116754068],[129.11607745506006,32.92261963667346],[129.11618737356173,32.922912146932376],[129.11603402810647,32.923515869193814],[129.11526157071427,32.92386699049771],[129.1152560418824,32.92365866528934],[129.11450238531654,32.923872767272464]]]},"properties":{"KEY_CODE":"42411036021","PREF":"42","CITY":"411","CITY_NAME":"新上五島町","S_NAME":"鯛ノ浦阿瀬津郷","SETAI":"0"}},{"type":"Feature","geometry":{"type":"Polygon","coordinates":[[[129.1148420616464,32.92518590912086],[129.11424471443115,32.92534547806195],[129.1142000061852,32.92505136239414],[129.11475663099074,32.92466982431678],[129.1149397034474,32.92437009758141],[129.1154972982969,32.924244660150954],[129.11564061008673,32.924484073833646],[129.11533870100118,32.925065700153056],[129.1148420616464,32.92518590912086]]]},"properties":{"KEY_CODE":"42411036021","PREF":"42","CITY":"411","CITY_NAME":"新上五島町","S_NAME":"鯛ノ浦阿瀬津郷","SETAI":"0"}},{"type":"Feature","geometry":{"type":"Polygon","coordinates":[[[129.11581983125197,32.93545659133887],[129.115576958624,32.93597887566629],[129.11560870704355,32.93655791750526],[129.11508799853468,32.937272321303105],[129.1140403629149,32.93743321192426],[129.11342236126706,32.936663888182245],[129.11312354305912,32.93554475619707],[129.11335713207822,32.93519108240764],[129.1144868513446,32.934350509959806],[129.11540286308747,32.93445072590886],[129.1158308741028,32.93488309710721],[129.11635806488638,32.93488832467443],[129.11634537847587,32.93509839854975],[129.11581983125197,32.93545659133887]]]},"properties":{"KEY_CODE":"42411036021","PREF":"42","CITY":"411","CITY_NAME":"新上五島町","S_NAME":"鯛ノ浦阿瀬津郷","SETAI":"0"}},{"type":"Feature","geometry":{"type":"Polygon","coordinates":[[[129.08805794973688,32.94822214455611],[129.08523631349559,32.949132455163706],[129.08336293093822,32.950122731595],[129.08107882173636,32.94661646868877],[129.08069716557415,32.94617811447075],[129.08219942973278,32.94347670563345],[129.08290302050264,32.94159544822458],[129.08316373818064,32.94110711173904],[129.08404086085568,32.94013419731975],[129.08583789453337,32.93947772690336],[129.08649464590144,32.93912350872279],[129.08920494497323,32.93827328264539],[129.0902182524051,32.938063391004896],[129.09079903707683,32.937979545017846],[129.09148708093142,32.93791690931699],[129.0932169960078,32.93799902133652],[129.09358021573522,32.93797147107753],[129.09482911151255,32.937971812918825],[129.09587879562076,32.93867850660909],[129.09659709987318,32.939690484883954],[129.09706993945593,32.94084396188819],[129.0970893434342,32.941604584183764],[129.0967620193362,32.942492441207364],[129.09671541910097,32.943372217817235],[129.0965138644805,32.945117961095455],[129.09595293484983,32.94528131804333],[129.09306770798776,32.94551225577628],[129.0919892912053,32.94568080150245],[129.09139684472208,32.945862792220694],[129.09098022486378,32.94609282646168],[129.08872169652943,32.94786833595304],[129.08805794973688,32.94822214455611]]]},"properties":{"KEY_CODE":"42411036025","PREF":"42","CITY":"411","CITY_NAME":"新上五島町","S_NAME":"鯛ノ浦阿瀬津郷","SETAI":"10"}},{"type":"Feature","geometry":{"type":"Polygon","coordinates":[[[129.09079903707683,32.937979545017846],[129.0902182524051,32.938063391004896],[129.08920494497323,32.93827328264539],[129.08649464590144,32.93912350872279],[129.08583789453337,32.93947772690336],[129.08404086085562,32.94013419731975],[129.0831637381807,32.94110711173904],[129.08290302050264,32.94159544822458],[129.08219942973278,32.94347670563345],[129.08069716557415,32.94617811447075],[129.08014403080657,32.9455428070723],[129.07983160483016,32.94536101434864],[129.07848146930885,32.94495328905957],[129.07788939355015,32.94463152362614],[129.07782486082556,32.94433933939377],[129.07799328357652,32.94358915547788],[129.07859057428226,32.94281259649681],[129.0787470200065,32.94111696543607],[129.07858831593066,32.94104676409406],[129.0792183257092,32.94060655177327],[129.08164143612595,32.93526728073056],[129.081792835666,32.93515724504417],[129.08305241231295,32.93515329252997],[129.08321354000654,32.93507078531555],[129.0834128955802,32.93425685814297],[129.08234977132815,32.93343859078388],[129.08082976770734,32.93190627226263],[129.08039397464725,32.931623714863655],[129.080169269367,32.931601922955274],[129.0799541650171,32.931440353114375],[129.07968086347924,32.930752475917],[129.0793169994161,32.93073622056119],[129.0792208373018,32.93069381227126],[129.07890656687718,32.93037558591985],[129.07871042129108,32.93035688077028],[129.07823117494473,32.93058977049555],[129.07768571067155,32.930482702764934],[129.07583827566611,32.93029005693948],[129.07531326124376,32.93002220429694],[129.07499791251809,32.929558155627234],[129.07497105661975,32.92913090283598],[129.073812668146,32.92835922348025],[129.07240211261004,32.92785370846475],[129.07164025620702,32.927698102764936],[129.0698013782918,32.92769456165379],[129.06896922525152,32.92786677737163],[129.06876091100088,32.927122855200295],[129.0676797409218,32.926917792010855],[129.06764384892963,32.92628696611268],[129.06690372050977,32.92573198705097],[129.06701361490516,32.92544907619472],[129.06670008547317,32.92510369599735],[129.06661839755628,32.92436686646484],[129.06689080695068,32.924143364647435],[129.0669411693027,32.92361508715916],[129.06675356573552,32.923416135607454],[129.06704722071146,32.923066317054904],[129.06829702791063,32.922415811517844],[129.06855737099403,32.92201793192849],[129.0695660021346,32.921547443856035],[129.0697422780826,32.92143038036282],[129.07070235660078,32.92165159685091],[129.07107083605348,32.92158640082118],[129.07127210822907,32.921645927109545],[129.07191770815382,32.92170916042838],[129.0721548041309,32.921832003230264],[129.07274760993033,32.92186997920831],[129.07324557148365,32.9220198727836],[129.07343830270037,32.922231900910226],[129.07390154623184,32.922610472122216],[129.07412718793734,32.922701673241896],[129.07458416486972,32.9227773250007],[129.07474504677208,32.922629686845774],[129.0748468821573,32.922409935370695],[129.0752733330182,32.92210957057271],[129.07541060485312,32.92204248264732],[129.0753901294653,32.922001014300385],[129.07535674907828,32.9214190713223],[129.07549337757922,32.92121578190245],[129.07536395406524,32.9204559138492],[129.07536271170628,32.920174801196865],[129.0757904165119,32.91953986865209],[129.07713895316758,32.92055624085588],[129.077805422972,32.920770867535644],[129.0785382979028,32.92066130232784],[129.08004886429316,32.92015009527001],[129.0806602172655,32.92005387498581],[129.08132333102674,32.92016606090349],[129.0839841889492,32.92120446775546],[129.08415957036974,32.921113806733345],[129.08513061294764,32.919349029478646],[129.08535079289814,32.91917991100563],[129.08658969067187,32.91887665949084],[129.08739975587017,32.918265741753686],[129.08788899683705,32.91744447871661],[129.0883278893571,32.917139126660345],[129.08941526177688,32.91696432598129],[129.08987992945333,32.91701729639097],[129.0906126621387,32.917272191605925],[129.0910933251132,32.91757017654175],[129.09327667902642,32.91920388105531],[129.09435679471363,32.91967895869574],[129.09384994829648,32.91992259834627],[129.0933253843494,32.919830717430955],[129.09290167723455,32.920131433377726],[129.09290579107852,32.92086367922983],[129.09331997807567,32.921009309302775],[129.0931640736907,32.92119908193297],[129.0925466463732,32.92107352897776],[129.09223027969105,32.92128080482072],[129.09180494935742,32.92193140785823],[129.09033573300994,32.92242258503277],[129.0896028646892,32.92252117691957],[129.08908099255183,32.92231476935949],[129.08878752632182,32.92080693285338],[129.088456538068,32.920707556575415],[129.087999098511,32.921135293748314],[129.08801429650927,32.921540245037086],[129.08728935314804,32.92292388153642],[129.08602746846745,32.92365557261216],[129.08484248067523,32.92462286561214],[129.0845106603174,32.92561551615367],[129.0844894198217,32.92627014166133],[129.08515826151847,32.926828761239946],[129.08494776671932,32.92703005567164],[129.08573625975131,32.92716612804159],[129.0859532002906,32.92672948253489],[129.08633853459307,32.926876844334295],[129.08620349117896,32.927173086946],[129.08681411383478,32.92738611128789],[129.08669388067383,32.92680046704752],[129.08613290851687,32.92648389246272],[129.0861772421606,32.92614948289768],[129.0858444495158,32.925753406774874],[129.08584403024454,32.924700121716036],[129.0856461116353,32.92449116008088],[129.08629061581024,32.92409019363958],[129.0876286556874,32.92422627012627],[129.08938632424918,32.92449084597769],[129.09037764395032,32.92422536404165],[129.091485088679,32.923828598058044],[129.0921248001712,32.92376304970101],[129.09469856604326,32.92373352769315],[129.09478117014197,32.92390964024221],[129.09562079708124,32.92431544640505],[129.09704850452215,32.92401614858111],[129.09739217191893,32.92439148748638],[129.09722700790056,32.92473543401974],[129.09773307083356,32.924908395669526],[129.09800603547382,32.925541408806666],[129.0982705319907,32.92522302896273],[129.0990683363534,32.924955964598055],[129.0995123725591,32.92536227629257],[129.09936591790915,32.925597174559215],[129.1002518022378,32.92547105748591],[129.1009432446954,32.9248456267856],[129.10104142730322,32.925127294531904],[129.10141673375034,32.92512217667243],[129.10167954478467,32.92612488848447],[129.1016386254594,32.926902986070154],[129.1023892014385,32.927631303158705],[129.10277225968446,32.927819190233635],[129.10330802103985,32.92780285667411],[129.10375798236635,32.92737683942689],[129.10439317190455,32.92712184548629],[129.10501905167456,32.9265647233144],[129.10586509254483,32.925310311613075],[129.10663029817812,32.92515581601205],[129.1069171483861,32.92484740919012],[129.10764093904274,32.924866809559674],[129.10937895401844,32.92597242179152],[129.10958657937144,32.92641945228374],[129.10914701482713,32.92692037306674],[129.10918673754242,32.92761216541527],[129.10904333936375,32.92812482512723],[129.1091838524936,32.9287601216043],[129.10945037678474,32.928942213734345],[129.11022171386745,32.92909972628007],[129.10990563340442,32.92972908736903],[129.10977554321738,32.93061693414617],[129.1095544062031,32.93081733818341],[129.10950951153072,32.93153681617501],[129.10884543072777,32.932030716727105],[129.10815184499603,32.93193024942219],[129.10701798751268,32.932254933314724],[129.10639298394747,32.932127618692235],[129.10534464078953,32.93245796819062],[129.10546171025433,32.932818146732856],[129.10508332292335,32.93315067518661],[129.10319623308496,32.93456002126386],[129.10263617016574,32.934712968871445],[129.10205791792376,32.93520436134003],[129.10110394974276,32.93551017558024],[129.10104653866003,32.93617205815579],[129.10078922635552,32.93693005350099],[129.10032138725637,32.93746330561647],[129.09993669442156,32.93764795534449],[129.0995445679806,32.93813815088519],[129.09895077459555,32.93844690956829],[129.097942633339,32.93879761542146],[129.09688525116132,32.93868725498268],[129.09587879562076,32.93867850660907],[129.09482911151255,32.937971812918825],[129.09358021573522,32.93797147107753],[129.0932169960078,32.93799902133652],[129.09148708093142,32.937916909316996],[129.09079903707683,32.937979545017846]]]},"properties":{"KEY_CODE":"42411037022","PREF":"42","CITY":"411","CITY_NAME":"新上五島町","S_NAME":"東神ノ浦郷","SETAI":"39"}},{"type":"Feature","geometry":{"type":"Polygon","coordinates":[[[129.09435679471363,32.91967895869574],[129.09327667902642,32.91920388105531],[129.09109332511318,32.91757017654175],[129.0906126621387,32.917272191605925],[129.08987992945333,32.91701729639097],[129.08941526177688,32.91696432598129],[129.0883278893571,32.917139126660345],[129.08788899683705,32.91744447871661],[129.08739975587017,32.918265741753686],[129.08658969067187,32.91887665949084],[129.08535079289814,32.91917991100563],[129.08513061294764,32.919349029478646],[129.08415957036974,32.921113806733345],[129.0839841889492,32.92120446775546],[129.08132333102674,32.92016606090349],[129.0806602172655,32.92005387498581],[129.08004886429316,32.92015009527001],[129.0785382979028,32.92066130232784],[129.077805422972,32.920770867535644],[129.07713895316758,32.92055624085588],[129.0757904165119,32.91953986865209],[129.0759227239509,32.91896401182211],[129.07549711223518,32.918543077802234],[129.07562328663641,32.91809678587681],[129.0761172129135,32.91773345456146],[129.07619176374564,32.91726955935768],[129.0766035957355,32.91650825193028],[129.07659324035637,32.91570302646834],[129.0768657616357,32.91408811247122],[129.07665391588245,32.91381391518053],[129.07674956957686,32.913258566204604],[129.07677091671013,32.91316972938004],[129.07759382205182,32.91279463712487],[129.07778632467634,32.91259667622323],[129.07791061461165,32.91248095712928],[129.07840269816967,32.912022263018024],[129.07877000096687,32.91199321458307],[129.07896801544138,32.91210244565411],[129.0800827029319,32.9124739615709],[129.08023867329953,32.91240546982233],[129.0806343514558,32.91228392977903],[129.08102451195904,32.91206641587027],[129.081183877011,32.911906214914865],[129.08140690690976,32.911582103690215],[129.0814750606471,32.911520054030504],[129.0815724971642,32.91137647612936],[129.08149920291496,32.911261784495025],[129.0814264727282,32.91102757512462],[129.08117958539088,32.910175700719236],[129.0811584726545,32.910100943338094],[129.082767985644,32.9088043426229],[129.08339002010143,32.90817544261734],[129.08347454516826,32.908121089555294],[129.08375064062045,32.907990890203465],[129.08408884073862,32.90775164664035],[129.08510396490976,32.90796670949346],[129.08531800568275,32.907934640953705],[129.08559089673386,32.90780169700187],[129.08569988116932,32.907713281109544],[129.08587527261372,32.90763191890956],[129.08642413139805,32.90705329104014],[129.08658979069276,32.906971885141566],[129.08735290541915,32.9070140123187],[129.08740808520034,32.90699234502759],[129.08755337706114,32.90676474030855],[129.08799298039963,32.90632094731322],[129.0882723206842,32.906190757529814],[129.08865793237248,32.9058628787656],[129.0892227917906,32.90566532173456],[129.08997511515133,32.904875654724016],[129.09082440287918,32.90414638625445],[129.0910158968472,32.90408417740576],[129.09179440837372,32.903941947541476],[129.0924392467812,32.9039740930031],[129.0933858679716,32.904270797940235],[129.09373893238066,32.904315656936774],[129.0941803062368,32.904188698805406],[129.09464256495582,32.90373950371035],[129.09544404665704,32.9030348606517],[129.09537983931222,32.90351800903491],[129.09506122480528,32.90376677277945],[129.0947652143106,32.90445206070735],[129.09530888172642,32.904318551445286],[129.0952915334609,32.90483611581311],[129.09462988084252,32.905531943143686],[129.09560088540258,32.90521946020501],[129.0957379468415,32.90563922620189],[129.09515457008794,32.90627489698084],[129.09478789388385,32.906273711745015],[129.09440264752115,32.905894619820785],[129.0936380203969,32.90571900972728],[129.0932425366666,32.9054796557806],[129.09350602833626,32.90630202003412],[129.09342562736288,32.90657951146781],[129.0938967207004,32.90665858797913],[129.09436375166158,32.90715246412639],[129.09423795820376,32.907777889063595],[129.09356861541187,32.907810891748504],[129.09238990212833,32.90747791597956],[129.09235916491562,32.90788812110207],[129.09299146844293,32.908010110778704],[129.09327660837337,32.90830951926794],[129.09169464760612,32.90919803083491],[129.09075837487003,32.90914717403317],[129.09049678750017,32.90931134960582],[129.08971752535066,32.90928895838346],[129.08950032657216,32.90979683834632],[129.0896141347567,32.910147104312365],[129.0902599604548,32.91035482068554],[129.09070912718536,32.91032021902098],[129.09108289852887,32.91064337335796],[129.0910504872951,32.91141607593695],[129.0907527212703,32.91177220885073],[129.09190562197955,32.91167136178883],[129.09183018931006,32.911110222729846],[129.0925504366068,32.91047231277634],[129.09291620839315,32.91067459535173],[129.09257001501538,32.91156711896889],[129.09335531879142,32.91143260168872],[129.09356369317481,32.91239276750367],[129.09409877375367,32.91203830336503],[129.09413695631497,32.912336910530044],[129.0946746236846,32.91259475974688],[129.09488900424836,32.912938127512625],[129.09456532616164,32.913117434142166],[129.09509660671517,32.91312906982127],[129.0950907387042,32.91348164938031],[129.0945459479727,32.913848705700964],[129.09453422680457,32.91407411094799],[129.09569173657195,32.914149997084344],[129.09582368524778,32.914521057214365],[129.09640870379593,32.91447244039512],[129.0966755273259,32.914802447648015],[129.09662450357712,32.91521349699413],[129.0958758399327,32.91527420600657],[129.09590822280006,32.91543572262008],[129.0950327084472,32.91588377918243],[129.09527004017792,32.91636158815193],[129.09552951173953,32.91642644931988],[129.09546140431902,32.91706558948279],[129.095917664601,32.917122068101804],[129.09552936026643,32.917403075579934],[129.09583579126758,32.91749243752946],[129.09614149849935,32.91797947456804],[129.09571105928265,32.918588586410934],[129.09579975535206,32.91906771932882],[129.09532968368697,32.91945486038352],[129.09482721518896,32.91944511497415],[129.09435679471363,32.91967895869574]]]},"properties":{"KEY_CODE":"42411037023","PREF":"42","CITY":"411","CITY_NAME":"新上五島町","S_NAME":"東神ノ浦郷","SETAI":"25"}},{"type":"Feature","geometry":{"type":"Polygon","coordinates":[[[129.07858831593066,32.941046764094025],[129.07727446367213,32.94046551343838],[129.07592070613,32.93972377333194],[129.07498622606948,32.93954672935912],[129.07443645771238,32.93901078830854],[129.07365598801726,32.938977087293836],[129.07301036888384,32.93846566670776],[129.07050013785144,32.93748517788651],[129.06995558578998,32.93581538504054],[129.0698630132142,32.935085522482545],[129.0698955678473,32.93411078002173],[129.0698313546136,32.93378631663233],[129.069802334253,32.933517431661734],[129.06956762473158,32.93288093717487],[129.0696046216958,32.932556822562034],[129.06965099344512,32.931859431527734],[129.06983058361988,32.93134809559771],[129.06966510375995,32.93104460702083],[129.06971053934672,32.9305392014702],[129.06948971490777,32.930175800609426],[129.06948511777549,32.93008192612881],[129.06956745495415,32.929796368107795],[129.06943675564045,32.9296252662577],[129.06916801489004,32.92922969308185],[129.06907918019877,32.928772889396846],[129.06897954762843,32.92793420807105],[129.06896922525152,32.92786677737163],[129.0698013782918,32.92769456165379],[129.07164025620702,32.927698102764936],[129.07240211261004,32.92785370846472],[129.073812668146,32.92835922348025],[129.07497105661975,32.92913090283598],[129.07499791251809,32.929558155627234],[129.07531326124376,32.93002220429694],[129.07583827566611,32.93029005693948],[129.07768571067155,32.930482702764934],[129.07823117494473,32.93058977049555],[129.07871042129108,32.93035688077028],[129.07890656687718,32.93037558591985],[129.0792208373018,32.93069381227126],[129.0793169994161,32.93073622056119],[129.07968086347924,32.930752475917],[129.0799541650171,32.931440353114375],[129.080169269367,32.931601922955274],[129.08039397464725,32.931623714863655],[129.08082976770734,32.93190627226263],[129.08234977132815,32.93343859078388],[129.0834128955802,32.93425685814297],[129.08321354000654,32.93507078531555],[129.08305241231295,32.93515329252997],[129.081792835666,32.93515724504417],[129.08164143612595,32.93526728073056],[129.0792183257092,32.94060655177327],[129.07858831593066,32.941046764094025]]]},"properties":{"KEY_CODE":"42411037024","PREF":"42","CITY":"411","CITY_NAME":"新上五島町","S_NAME":"東神ノ浦郷","SETAI":"17"}},{"type":"Feature","geometry":{"type":"Polygon","coordinates":[[[129.07850102697483,32.88462800771959],[129.07841048492344,32.884890437107835],[129.07760812217174,32.88571711611927],[129.07768073022964,32.88604116776354],[129.07711936438005,32.88648236654953],[129.07738619272172,32.887051336630236],[129.07724905047746,32.88755078284412],[129.0774022671031,32.887920537688146],[129.07723229587793,32.888238089305204],[129.07614930545222,32.8885610651661],[129.07572670072204,32.88881674059071],[129.0735869233115,32.88830185171152],[129.0729832226834,32.888318132277135],[129.0727198810385,32.888479475499],[129.0719215834786,32.888460521950236],[129.07141197532704,32.88785565757145],[129.07127055001828,32.88719279472517],[129.0708289784285,32.88652396865253],[129.07047217280007,32.88562828936188],[129.070780146361,32.88521456803948],[129.0706804215329,32.88439877480582],[129.07021944748226,32.88377431210577],[129.0704426997255,32.88341460999326],[129.0703469668745,32.88211915572981],[129.07002760555818,32.88154793084445],[129.07021916627392,32.88051403092234],[129.06981032959786,32.87981766572897],[129.06983349041826,32.879344332326696],[129.06965542812728,32.878475904231834],[129.06990564694385,32.878079543923995],[129.06960381742854,32.87670197488675],[129.0696089965952,32.87614955484953],[129.07002719695018,32.87559573000879],[129.07008703472707,32.87463356936508],[129.0697374378831,32.8741405972349],[129.0696299986724,32.87363848941187],[129.06770976134464,32.87340926766924],[129.066883487504,32.87318072103593],[129.06774950788332,32.87296141336893],[129.06907843297532,32.87282302708169],[129.06991237373373,32.87203652935125],[129.07023229309317,32.87162060307321],[129.07033441472592,32.870959675954175],[129.07121493246646,32.870757163506845],[129.0718154324474,32.87076518422389],[129.0728342891479,32.870446967476376],[129.07329567731045,32.8699898179363],[129.07305041926776,32.869577921112054],[129.07357764503027,32.86921254561149],[129.07451361946949,32.869426449121434],[129.07471475948174,32.87091379936446],[129.0749718705445,32.871214643673035],[129.07528829820052,32.87218001276921],[129.07550907805427,32.87245877728423],[129.07548928126144,32.872898721156254],[129.07605813402782,32.87220066248985],[129.0768286448363,32.871772280583286],[129.07722615114307,32.87203651102173],[129.07741947950223,32.87177733645421],[129.07802442734211,32.87195746619333],[129.07972477649022,32.87189862733801],[129.08156263398973,32.87141989904571],[129.08102179288227,32.87264256346673],[129.08094812071013,32.87344018698711],[129.0810669724411,32.87394368433639],[129.08171960521784,32.874916683349575],[129.08204170487164,32.87581390113946],[129.08247663669204,32.876499249566656],[129.08292291420355,32.87676014262488],[129.0835653030784,32.87695094416442],[129.08455328758458,32.877001396266536],[129.08556509567367,32.87693792824858],[129.08691674451555,32.87664989071182],[129.08673146368858,32.87722067017785],[129.08659251339122,32.87858408853329],[129.08518760009633,32.879116043739806],[129.08475162464478,32.8790947221385],[129.08424981750986,32.879296766657546],[129.0837786226679,32.879245515399845],[129.08319127983793,32.87883117107216],[129.08269326657052,32.87884690457145],[129.0822113748438,32.878567047455086],[129.0818455118565,32.87867514061536],[129.08136889882363,32.87853442307866],[129.08108549852668,32.87864775617624],[129.08060305275768,32.87848714863291],[129.08031372744156,32.87869712087603],[129.07984695926874,32.878647004692226],[129.0795014230696,32.87901112880149],[129.0791916544308,32.87821110832968],[129.07875820908447,32.87797390810279],[129.0791393017642,32.878591549878074],[129.07914968365935,32.879247705382],[129.0780473578255,32.8797651990024],[129.07625263846504,32.87995370031906],[129.07632263899058,32.88011300072474],[129.07734223503044,32.88034367287489],[129.07754765887626,32.88071504122069],[129.07868067784324,32.88083388813379],[129.07908308920733,32.881218685282654],[129.07899785187846,32.881790733586065],[129.07932227709802,32.882645350149275],[129.07869116373388,32.88288750401416],[129.07870453585176,32.88326389498012],[129.07842978922042,32.884014245349114],[129.07850102697483,32.88462800771959]]]},"properties":{"KEY_CODE":"42411038001","PREF":"42","CITY":"411","CITY_NAME":"新上五島町","S_NAME":"岩瀬浦郷","SETAI":"25"}},{"type":"Feature","geometry":{"type":"Polygon","coordinates":[[[129.09768397286095,32.865827386529894],[129.0976455482748,32.86629438832794],[129.0984778119606,32.86655948612823],[129.09829277471277,32.86682852246938],[129.09875478062466,32.866979705994204],[129.0979743175796,32.86802508404594],[129.09724061040194,32.86841049451168],[129.09669199138244,32.86850701714084],[129.09647824931875,32.869222352132496],[129.0972311322966,32.869323974786504],[129.09781303053202,32.86965950857913],[129.09777718554798,32.87002642330004],[129.0971303085919,32.87035168832762],[129.09669170971358,32.87092741781047],[129.09558853903167,32.871014035395156],[129.09492190905968,32.87074134330487],[129.09464475110792,32.87106057939736],[129.0939995774728,32.87099896435568],[129.09381227678287,32.87083513682617],[129.09324077039798,32.87125982273552],[129.0931168158098,32.87195921019432],[129.09359179620535,32.87254600713776],[129.09402871536392,32.87234452399251],[129.09456671215491,32.872477934407094],[129.09433227593044,32.873029966893],[129.09462050658988,32.87309492431011],[129.09559328172375,32.87255249250121],[129.09590898459052,32.87268968734958],[129.09470833084382,32.87371907891886],[129.09338065664286,32.87477803985887],[129.09292617029482,32.87526721612145],[129.091993849637,32.87587158870083],[129.0908252199434,32.876290096812355],[129.0892384828583,32.87599920620591],[129.08850690469805,32.8762005051323],[129.0877331425401,32.87659544755197],[129.08691674451555,32.87664989071178],[129.08556509567367,32.876937928248594],[129.08455328758458,32.87700139626651],[129.0835653030784,32.87695094416444],[129.08292291420355,32.87676014262488],[129.08247663669204,32.876499249566635],[129.08204170487164,32.87581390113946],[129.08171960521784,32.874916683349575],[129.0810669724411,32.87394368433639],[129.08094812071013,32.873440186987054],[129.08102179288227,32.87264256346673],[129.0815626339897,32.87141989904571],[129.08162114278758,32.87107632359575],[129.0815749571604,32.869000905461476],[129.08172405424742,32.868512063417576],[129.08234281779497,32.867763431938215],[129.08265216870527,32.86739499745599],[129.08284865168736,32.86674124147097],[129.08320348033496,32.86610765324872],[129.08357315044998,32.86579838432407],[129.08410464598222,32.86576478745593],[129.0852324851675,32.865772462105824],[129.08541786703242,32.86549990714923],[129.08555854972553,32.865315648073164],[129.0859700854484,32.86502222016059],[129.08663440828283,32.86448201352625],[129.08680621010444,32.86461622041813],[129.087699162362,32.86468180617035],[129.08860129416198,32.864477495115246],[129.08930303380652,32.86412806709488],[129.0893575972584,32.865221146291894],[129.0899380948461,32.86532353991025],[129.09073113284737,32.86455357416441],[129.0919707175898,32.864667545357875],[129.0936770133613,32.86492276144594],[129.09430498950744,32.86482901055459],[129.0945020852879,32.864883034540945],[129.0954404350218,32.86490806127133],[129.09577728050027,32.864951552632554],[129.0966167188859,32.865434754748286],[129.09768397286095,32.865827386529894]]]},"properties":{"KEY_CODE":"42411038002","PREF":"42","CITY":"411","CITY_NAME":"新上五島町","S_NAME":"岩瀬浦郷","SETAI":"6"}},{"type":"Feature","geometry":{"type":"Polygon","coordinates":[[[129.08156263398973,32.87141989904571],[129.07972477649022,32.87189862733801],[129.07802442734211,32.87195746619333],[129.07741947950223,32.87177733645421],[129.07722615114307,32.87203651102173],[129.0768286448363,32.871772280583286],[129.07605813402782,32.87220066248985],[129.07548928126144,32.872898721156254],[129.07550907805427,32.87245877728423],[129.07528829820052,32.87218001276921],[129.0749718705445,32.871214643673035],[129.07471475948174,32.87091379936446],[129.07451361946949,32.869426449121434],[129.07357764503027,32.86921254561149],[129.07384281891098,32.86855059723003],[129.07325701331135,32.86804085277222],[129.07414621115183,32.86751565788892],[129.07494481008825,32.867430575831925],[129.07499962349183,32.866851323784026],[129.0745347570712,32.866591712687736],[129.07453665057787,32.86619527852418],[129.07491872642373,32.865199360559615],[129.0746493321971,32.86499202011342],[129.0746159781632,32.864223824158834],[129.07439242150508,32.86395422891972],[129.07369064396815,32.864292674799565],[129.07361591073803,32.86384357161476],[129.07305645069167,32.86358242741935],[129.0730207605248,32.86331347073319],[129.07376978126354,32.863027226713875],[129.0739611615894,32.86271929089439],[129.07464253862148,32.86261224260165],[129.0755375611613,32.86190241680213],[129.07541396223252,32.86135417427071],[129.0758432290981,32.86166029863732],[129.07577458609896,32.86117574646605],[129.07742596687478,32.86127782813901],[129.0782792405368,32.8611364230283],[129.07920404897897,32.860562398593935],[129.07978039272297,32.860014250498864],[129.08067951131906,32.859900934557764],[129.08071545370439,32.85975767734919],[129.0819472713622,32.85955078009115],[129.08285778817444,32.859052433585276],[129.0833317557269,32.85846154199922],[129.08465849731607,32.857825690210504],[129.08505593334792,32.85737161013101],[129.08547261720523,32.85737208390416],[129.0856098560238,32.85703798113229],[129.0858865598901,32.8572715540495],[129.08681485909634,32.8563872734288],[129.08717203694763,32.85632261427352],[129.08734314909947,32.85581908789315],[129.0889137706397,32.85534630872954],[129.08916520313207,32.85550403842807],[129.08965871370407,32.85506107958113],[129.08970586812737,32.855261431380846],[129.09028474348125,32.85506763784344],[129.0916529331291,32.854929625949644],[129.09278001840005,32.854946822017865],[129.09362451456903,32.85508393388755],[129.09414655822414,32.8549404341434],[129.09476259212573,32.85527248664583],[129.0951185271555,32.8559373467095],[129.09513424383766,32.85624400382023],[129.09480271210307,32.85654413072387],[129.09536032810487,32.85750993454314],[129.09583658459215,32.85804082105876],[129.09586491288024,32.85839260791823],[129.09619729661566,32.85860470104702],[129.09632014845084,32.85836972646595],[129.09683498060437,32.858402947583876],[129.09703446373035,32.85918092877078],[129.09731993351394,32.85914577587209],[129.09759591782594,32.859547058560246],[129.0979511837605,32.859185681139884],[129.09832330933085,32.85912014000033],[129.09831573935074,32.85937352222993],[129.0988557843972,32.85950871592965],[129.09899412652868,32.85987347452162],[129.09922279247309,32.85962531787988],[129.09969620131767,32.859608796737774],[129.10008790975172,32.85994100514352],[129.1000337190846,32.860585607738834],[129.09954229603693,32.86128381748267],[129.09956967367617,32.86185022477619],[129.09862441086813,32.862717424639705],[129.09903084373536,32.86286842958643],[129.0983764212187,32.86298175904153],[129.09826393389372,32.86327809055191],[129.0984685772289,32.86362953813017],[129.0982792529501,32.8639066803003],[129.09836747401474,32.86448321062168],[129.0980939676181,32.86471228935232],[129.09842462181115,32.864842304520735],[129.0990911859557,32.86464965764374],[129.09948797550464,32.864803324729145],[129.09937788727828,32.86504916810367],[129.09991633562956,32.865074332826374],[129.1000122997614,32.865351490514136],[129.09879817069577,32.86517896959872],[129.09829421494547,32.86532614906333],[129.09768397286095,32.865827386529894],[129.0966167188859,32.865434754748286],[129.09577728050027,32.864951552632554],[129.0954404350218,32.86490806127133],[129.0945020852879,32.864883034540945],[129.09430498950744,32.86482901055459],[129.0936770133613,32.86492276144594],[129.0919707175898,32.864667545357875],[129.09073113284737,32.86455357416441],[129.0899380948461,32.86532353991025],[129.0893575972584,32.865221146291894],[129.08930303380652,32.86412806709488],[129.08860129416198,32.864477495115246],[129.087699162362,32.86468180617035],[129.08680621010444,32.86461622041813],[129.08663440828283,32.86448201352625],[129.0859700854484,32.86502222016059],[129.08555854972553,32.865315648073164],[129.08541786703242,32.86549990714923],[129.0852324851675,32.86577246210584],[129.08410464598222,32.86576478745593],[129.08357315044998,32.86579838432407],[129.08320348033496,32.86610765324872],[129.08284865168736,32.86674124147097],[129.08265216870527,32.86739499745599],[129.08234281779497,32.867763431938215],[129.08172405424742,32.868512063417576],[129.0815749571604,32.869000905461476],[129.08162114278758,32.87107632359575],[129.08156263398973,32.87141989904571]]]},"properties":{"KEY_CODE":"42411038003","PREF":"42","CITY":"411","CITY_NAME":"新上五島町","S_NAME":"岩瀬浦郷","SETAI":"57"}},{"type":"Feature","geometry":{"type":"Polygon","coordinates":[[[129.08408884073862,32.90775164664035],[129.08375064062045,32.907990890203465],[129.08347454516826,32.908121089555294],[129.08339002010143,32.90817544261734],[129.082767985644,32.9088043426229],[129.08115847265444,32.910100943338094],[129.0804841182425,32.90839450853493],[129.079344729001,32.9073395571476],[129.07963393470092,32.906733757016],[129.0793810092781,32.905151595894964],[129.07889072229676,32.904403464514786],[129.07876025592216,32.90393932176746],[129.07957628991076,32.903248144907224],[129.0796446782149,32.903073743464226],[129.07928745471955,32.902348394873584],[129.0792901065778,32.90178806269062],[129.0795198609462,32.900894273459286],[129.07879268879617,32.899914287223154],[129.07886716271608,32.89928340076449],[129.0777316179375,32.89857418591715],[129.07735267796122,32.8984278663406],[129.0773670974218,32.89798588785123],[129.0768142463967,32.896902428544074],[129.07686978114845,32.89596359050311],[129.0766495937482,32.89438970362822],[129.0762235285517,32.89392098246728],[129.07617346729515,32.89346589778455],[129.07582958908336,32.89274102834087],[129.07612229512065,32.892263343354855],[129.07619335098101,32.89117885652848],[129.07646969302675,32.89039255496935],[129.07646019548466,32.88974849717638],[129.07666384001348,32.88947125293468],[129.07572670072204,32.88881674059071],[129.07614930545222,32.8885610651661],[129.07723229587793,32.888238089305204],[129.0774022671031,32.887920537688146],[129.07724905047746,32.88755078284412],[129.07738619272172,32.887051336630236],[129.07711936438005,32.88648236654953],[129.07768073022964,32.88604116776354],[129.07760812217174,32.88571711611927],[129.07841048492344,32.884890437107835],[129.07850102697483,32.88462800771959],[129.07914848340656,32.88487015115601],[129.07959805224726,32.88550202944604],[129.08040604817592,32.88552144046726],[129.08171378157516,32.88541559628475],[129.0822428925146,32.88598762384509],[129.08276964327635,32.88600440113832],[129.0832067175763,32.88634233180439],[129.08440121889356,32.88660700984779],[129.08607075582088,32.88669945733502],[129.0867131016905,32.88688930062605],[129.08787510061902,32.88750323953495],[129.08884040511333,32.88874573508034],[129.08959788325356,32.88901590282805],[129.09039735878397,32.88911585976403],[129.0911577394884,32.89010041648711],[129.0911453564076,32.89055056362084],[129.0915617855902,32.8905588706581],[129.09170914802837,32.890799222326265],[129.09220279612785,32.89093965454623],[129.09156884833772,32.89120271662389],[129.09143430947157,32.89140607725131],[129.09100901036015,32.89114678303547],[129.09015142061682,32.892391145090556],[129.0900543610818,32.89234303482195],[129.09068328011318,32.89132516868687],[129.0878409686925,32.89091997056586],[129.08618487284951,32.890335561004],[129.08575882993784,32.890016721516496],[129.08495765598494,32.89015474513605],[129.08529295352128,32.89045074128962],[129.08509586560757,32.89076841833204],[129.08538263551648,32.89115713624657],[129.0863213844529,32.89177345506942],[129.08613221170674,32.89200549836348],[129.08639293615818,32.892475288408875],[129.08693760949615,32.893037090736996],[129.08695460956528,32.89328694327488],[129.0874154269498,32.89371951284312],[129.08787445132785,32.89384637452152],[129.08677486834765,32.89447129250549],[129.08648273222778,32.89477423305363],[129.08595231531612,32.89482478451169],[129.08516516057406,32.894695931971874],[129.08488227813487,32.89484920539394],[129.08389151427875,32.89436886849952],[129.08317079186332,32.894436809238314],[129.08301338421427,32.89426765831049],[129.08251442149034,32.89444905665031],[129.08185991447453,32.894978926135025],[129.08153343284175,32.89599322980101],[129.08241053220127,32.89677078516872],[129.0827569951874,32.896746692177494],[129.08296451295996,32.89716490295712],[129.08290224722555,32.897905955301994],[129.08360095938392,32.898665770414866],[129.0839478948281,32.89876521158643],[129.08456505211183,32.89845705573687],[129.08475574150165,32.89882470294497],[129.08439032261558,32.89924912950148],[129.0838390333434,32.89941773732908],[129.0839222303077,32.89991308205838],[129.08453521842242,32.90026680880668],[129.08471971006676,32.900129451207],[129.08508790499894,32.9004886773734],[129.08557451050137,32.89998168398166],[129.08531919874275,32.90063011647657],[129.08450625746795,32.901657248620495],[129.08471964061414,32.9019771875557],[129.08461306375997,32.902364596455584],[129.08521671186418,32.902665987584776],[129.084927567078,32.90277775119294],[129.08522472609883,32.90323953809997],[129.08467784822878,32.904059231893314],[129.0854832309656,32.90442531863586],[129.08599502718917,32.90401850284272],[129.08633779951677,32.90432714227315],[129.08674090916668,32.90431314019589],[129.0871487553181,32.90372833547318],[129.08772190091835,32.90346149677829],[129.08875874472966,32.903711981556626],[129.0888395405468,32.90334252159701],[129.08912910234596,32.903375032831306],[129.0901389626325,32.90274890272355],[129.09062113501057,32.902729739111805],[129.09269594013904,32.90321533514825],[129.093332092692,32.9036574717824],[129.09348473778658,32.90394472817851],[129.09389116864017,32.903660182397346],[129.094252119115,32.90374251056892],[129.09486417070755,32.90314391334004],[129.09544404665704,32.9030348606517],[129.09464256495582,32.90373950371035],[129.0941803062368,32.904188698805406],[129.09373893238066,32.904315656936774],[129.0933858679716,32.904270797940235],[129.0924392467812,32.9039740930031],[129.09179440837372,32.903941947541476],[129.0910158968472,32.90408417740576],[129.09082440287918,32.90414638625445],[129.08997511515133,32.904875654724016],[129.0892227917906,32.90566532173456],[129.08865793237248,32.9058628787656],[129.0882723206842,32.906190757529814],[129.08799298039963,32.90632094731322],[129.08755337706114,32.90676474030855],[129.08740808520034,32.90699234502759],[129.08735290541915,32.9070140123187],[129.08658979069276,32.906971885141566],[129.08642413139805,32.90705329104014],[129.08587527261372,32.90763191890956],[129.08569988116932,32.907713281109544],[129.08559089673386,32.90780169700187],[129.08531800568275,32.907934640953705],[129.08510396490976,32.90796670949346],[129.08408884073862,32.90775164664035]]]},"properties":{"KEY_CODE":"42411038004","PREF":"42","CITY":"411","CITY_NAME":"新上五島町","S_NAME":"岩瀬浦郷","SETAI":"94"}},{"type":"Feature","geometry":{"type":"Polygon","coordinates":[[[129.1038809195327,32.883483338359184],[129.10342248229367,32.88370913884966],[129.1028873826681,32.88339452450833],[129.10310325834664,32.88315172762416],[129.10322912676338,32.883451519236246],[129.10353379118047,32.88295740233535],[129.1046630722622,32.882316196877376],[129.104529608799,32.882766666197256],[129.1038809195327,32.883483338359184]]]},"properties":{"KEY_CODE":"42411038004","PREF":"42","CITY":"411","CITY_NAME":"新上五島町","S_NAME":"岩瀬浦郷","SETAI":"0"}},{"type":"Feature","geometry":{"type":"Polygon","coordinates":[[[129.10562615095563,32.88228586396577],[129.1054841885658,32.88296897404972],[129.10510769293816,32.88327348655703],[129.1051486940866,32.883667695717236],[129.1048479158327,32.884012127855776],[129.10449330831565,32.883720633974235],[129.10483091656675,32.88278205053659],[129.10529237025744,32.88235425192647],[129.10562615095563,32.88228586396577]]]},"properties":{"KEY_CODE":"42411038004","PREF":"42","CITY":"411","CITY_NAME":"新上五島町","S_NAME":"岩瀬浦郷","SETAI":"0"}},{"type":"Feature","geometry":{"type":"Polygon","coordinates":[[[129.08246809455008,32.88162377063885],[129.0822394971337,32.88221813216416],[129.0832192268437,32.882510863790564],[129.08358641483477,32.88283672621557],[129.0845326292455,32.88297784654285],[129.08502166510806,32.88284239443452],[129.0851102938613,32.88309338123711],[129.086216460083,32.883546128607925],[129.0871164959634,32.88305131735592],[129.0881518302388,32.883340596089106],[129.08926631110427,32.88408552538013],[129.08967420120553,32.884626126882836],[129.09019439797234,32.88468644764238],[129.0906741390168,32.88541034967888],[129.0906149249403,32.88597647232077],[129.09023560609992,32.88618264002627],[129.0903855901417,32.886568193162766],[129.09003020917748,32.88738584716761],[129.09051744878087,32.88741719966332],[129.09149025735653,32.887834301248674],[129.0915465669841,32.888136582368816],[129.0919511683355,32.8884724599728],[129.09237082766927,32.88925837789612],[129.09214974183485,32.88945334641397],[129.09236296912135,32.890034783225175],[129.09209796043206,32.89025666227568],[129.09197282144143,32.89074141176568],[129.09220279612785,32.89093965454623],[129.09170914802837,32.890799222326265],[129.0915617855902,32.8905588706581],[129.0911453564076,32.89055056362084],[129.0911577394884,32.89010041648711],[129.09039735878397,32.88911585976403],[129.08959788325356,32.88901590282805],[129.08884040511333,32.88874573508034],[129.08787510061902,32.88750323953495],[129.0867131016905,32.88688930062605],[129.08607075582088,32.88669945733502],[129.08440121889356,32.88660700984779],[129.0832067175763,32.88634233180439],[129.08276964327635,32.88600440113832],[129.0822428925146,32.88598762384509],[129.08171378157516,32.88541559628475],[129.08040604817592,32.88552144046726],[129.07959805224726,32.88550202944604],[129.07914848340656,32.88487015115601],[129.07850102697483,32.88462800771959],[129.07842978922042,32.884014245349114],[129.07870453585176,32.88326389498012],[129.07869116373388,32.88288750401416],[129.07932227709802,32.882645350149275],[129.07899785187846,32.881790733586065],[129.07908308920733,32.881218685282654],[129.07868067784324,32.88083388813379],[129.07754765887626,32.88071504122069],[129.07734223503044,32.88034367287489],[129.07632263899058,32.88011300072474],[129.07625263846504,32.87995370031906],[129.0780473578255,32.8797651990024],[129.07914968365935,32.879247705382],[129.0791393017642,32.878591549878074],[129.07927619943413,32.87915379479233],[129.0799748097607,32.87980933651101],[129.08120597784904,32.880103000392246],[129.08161534405278,32.88054636640453],[129.08176289958007,32.88126999545889],[129.08246809455008,32.88162377063885]]]},"properties":{"KEY_CODE":"42411038005","PREF":"42","CITY":"411","CITY_NAME":"新上五島町","S_NAME":"岩瀬浦郷","SETAI":"49"}},{"type":"Feature","geometry":{"type":"Polygon","coordinates":[[[129.09470833084382,32.87371907891886],[129.09590898459052,32.872689687349585],[129.09599688118269,32.872867615784514],[129.09519869094174,32.87426009868798],[129.0957031998647,32.87423287109928],[129.09653942011434,32.87363949426688],[129.0972183126791,32.87380941009876],[129.09731886814495,32.87402256025767],[129.09704857706768,32.874475285981546],[129.09721052970457,32.874819383891484],[129.09708750177197,32.87579021147832],[129.0969055307418,32.87609623205539],[129.09631849448584,32.876176407047026],[129.0953193893275,32.87662586819685],[129.0941665169855,32.876812415753285],[129.0942849642254,32.87708333519542],[129.0937573478918,32.87724935152354],[129.09377444581753,32.87749108345741],[129.09447912507943,32.878099370166105],[129.09451289273312,32.878659491933604],[129.09491446557863,32.87871850148223],[129.09476964754955,32.8790679220054],[129.0950767519229,32.87921861731106],[129.0950597594671,32.87989850025726],[129.09525056298384,32.88048076664695],[129.09494634675914,32.88063939918092],[129.0951962672719,32.88090893710697],[129.09475581851768,32.88117083315318],[129.09502484280208,32.88123302359836],[129.0942438687631,32.88211695116863],[129.09368774325233,32.88196454714601],[129.0936668690273,32.88138823768661],[129.0930260123802,32.881306799739406],[129.0931834084285,32.88077436244965],[129.0929334201588,32.88029289287599],[129.09322770568767,32.87996920872109],[129.09306985340635,32.879670209295334],[129.09215820392262,32.87967986933494],[129.09175451210203,32.88008254903487],[129.09132778791408,32.87991792820966],[129.089824369725,32.8798679193571],[129.08935702855692,32.880165779494384],[129.08804370321934,32.8801461300208],[129.08695583596432,32.88036347971154],[129.08690707025028,32.88073395604628],[129.08487035224468,32.88183460189065],[129.08387694940524,32.88172579585408],[129.08285167009052,32.88134634068769],[129.08246809455008,32.88162377063885],[129.08176289958007,32.88126999545889],[129.08161534405278,32.88054636640453],[129.08120597784904,32.880103000392246],[129.0799748097607,32.87980933651101],[129.07927619943413,32.87915379479233],[129.0791393017642,32.878591549878074],[129.07875820908447,32.87797390810279],[129.0791916544308,32.87821110832968],[129.0795014230696,32.87901112880149],[129.07984695926874,32.878647004692226],[129.08031372744156,32.87869712087603],[129.08060305275768,32.87848714863291],[129.08108549852668,32.87864775617624],[129.08136889882363,32.87853442307866],[129.0818455118565,32.87867514061536],[129.0822113748438,32.878567047455086],[129.08269326657052,32.87884690457145],[129.08319127983793,32.87883117107216],[129.0837786226679,32.879245515399845],[129.08424981750986,32.879296766657546],[129.08475162464478,32.8790947221385],[129.08518760009633,32.879116043739806],[129.08659251339122,32.87858408853329],[129.08673146368858,32.87722067017785],[129.08691674451555,32.87664989071182],[129.0877331425401,32.87659544755197],[129.08850690469805,32.8762005051323],[129.0892384828583,32.87599920620591],[129.0908252199434,32.876290096812355],[129.09199384963696,32.87587158870083],[129.09292617029482,32.87526721612146],[129.09338065664286,32.87477803985887],[129.09470833084382,32.87371907891886]]]},"properties":{"KEY_CODE":"42411038006","PREF":"42","CITY":"411","CITY_NAME":"新上五島町","S_NAME":"岩瀬浦郷","SETAI":"63"}},{"type":"Feature","geometry":{"type":"Polygon","coordinates":[[[129.066883487504,32.87318072103593],[129.06619909718506,32.87304708462701],[129.06522037295082,32.873068703529434],[129.06436933098325,32.872836557526604],[129.06228024520914,32.872664618419066],[129.06178357087356,32.8721017727607],[129.06120337049273,32.87170063884733],[129.06030961545116,32.87127336961627],[129.0596314018787,32.870495184494686],[129.05878409616807,32.8701392070872],[129.05923653829157,32.86923855260936],[129.05923626147572,32.86835211285239],[129.05869963061238,32.86672353640818],[129.0583919422976,32.86645903005156],[129.05890083528303,32.86549271788986],[129.05895183329562,32.86496471108198],[129.05924398106777,32.86459167579391],[129.05952120144053,32.863129285973216],[129.05973130218763,32.86261765250437],[129.05911327766637,32.86167635438824],[129.05902757885468,32.861021452245765],[129.0587096566336,32.86029856029768],[129.05875234323995,32.85955981486837],[129.0582869264887,32.85925026440094],[129.05777924397879,32.858644634923444],[129.05772888252707,32.857910729300855],[129.05752476170758,32.85711931365615],[129.05731184299955,32.85685586077484],[129.05739279833054,32.85620332166106],[129.0577929430218,32.855567372857244],[129.05812821009778,32.8554223783848],[129.05919327452048,32.85563518005725],[129.05997625816315,32.8562362139999],[129.06060045824617,32.856343775752336],[129.06175117838532,32.85634953504057],[129.06229607444865,32.85577866709281],[129.0619115528803,32.85529121513177],[129.0632239649739,32.85543606974729],[129.06324847633127,32.85511837765638],[129.06372856492314,32.855139432765526],[129.06462304941385,32.85568607001263],[129.06541979991042,32.85576280572275],[129.06473743706144,32.857445832244856],[129.06499310165458,32.85869388303892],[129.06537459957934,32.85890081709878],[129.06566936020585,32.859358138754274],[129.06557009974995,32.859993542178046],[129.0658334730573,32.85988715513071],[129.06600651650604,32.860331423583936],[129.06579940954637,32.86052187903266],[129.06610833321972,32.86071232839152],[129.0659971191434,32.86160830632231],[129.06719742662102,32.86217610405725],[129.06868089286033,32.862314716004526],[129.06909988925153,32.861617282676924],[129.06981069284035,32.86133658052078],[129.07006261130059,32.86094878885317],[129.07121146210036,32.86022862606388],[129.0718169898118,32.86006928828],[129.07195538117364,32.859723486491106],[129.0728358175347,32.85993842757088],[129.07338242620816,32.85958409008854],[129.07362852364776,32.85973642630737],[129.07353073677916,32.86030240861217],[129.07405029997616,32.86023564714864],[129.0747343920623,32.86040389678505],[129.07460996103973,32.86072991956447],[129.07577458609896,32.86117574646605],[129.0758432290981,32.86166029863732],[129.07541396223252,32.86135417427071],[129.0755375611613,32.86190241680213],[129.07464253862148,32.86261224260165],[129.0739611615894,32.86271929089439],[129.07376978126354,32.863027226713875],[129.0730207605248,32.86331347073319],[129.07305645069167,32.86358242741935],[129.07361591073803,32.86384357161476],[129.07369064396815,32.864292674799565],[129.07439242150508,32.86395422891972],[129.0746159781632,32.864223824158834],[129.0746493321971,32.86499202011342],[129.07491872642373,32.865199360559615],[129.07453665057787,32.86619527852418],[129.0745347570712,32.866591712687736],[129.07499962349183,32.866851323784026],[129.07494481008825,32.867430575831925],[129.07414621115183,32.86751565788892],[129.07325701331135,32.86804085277222],[129.07384281891098,32.86855059723003],[129.07357764503027,32.86921254561149],[129.07305041926776,32.869577921112054],[129.07329567731045,32.8699898179363],[129.0728342891479,32.870446967476376],[129.0718154324474,32.87076518422389],[129.07121493246646,32.870757163506845],[129.07033441472592,32.870959675954175],[129.07023229309317,32.87162060307321],[129.06991237373373,32.87203652935125],[129.06907843297532,32.87282302708169],[129.06774950788332,32.87296141336893],[129.066883487504,32.87318072103593]]]},"properties":{"KEY_CODE":"42411039001","PREF":"42","CITY":"411","CITY_NAME":"新上五島町","S_NAME":"奈良尾郷","SETAI":"30"}},{"type":"Feature","geometry":{"type":"Polygon","coordinates":[[[129.05731184299955,32.85685586077484],[129.0564464713772,32.85644226005346],[129.05517069583257,32.856235134627795],[129.0533937606157,32.85572229455643],[129.05270525299824,32.855656707919906],[129.0520356475682,32.85580774345143],[129.05183328576362,32.85557358005012],[129.05117192795726,32.85558682879398],[129.0511463083368,32.85513084667328],[129.05133434634402,32.854364726146436],[129.0510085498915,32.85249106695372],[129.05086650837518,32.85111502758639],[129.05065942596127,32.85083524433406],[129.05051174037783,32.850164843479725],[129.0499422988507,32.84952219773181],[129.04995941785216,32.84900084704946],[129.05036929774735,32.848663908108854],[129.05034237115754,32.84836032358742],[129.05101121532016,32.847348312791866],[129.05072696757543,32.84688091989947],[129.0509934131262,32.846468327127305],[129.05116385887277,32.84559602783423],[129.0517138616047,32.84485828012554],[129.05263552105322,32.84483803655403],[129.05344492516355,32.844535455494366],[129.05413869205398,32.84472443830393],[129.0561940509814,32.8449065328578],[129.056847812783,32.844734082435245],[129.05792962184384,32.84496702535915],[129.05896046043162,32.84459910870661],[129.0595313880145,32.843928504434345],[129.06012528383647,32.843927392490556],[129.06034077628885,32.84448373282514],[129.05872701073724,32.84569633369707],[129.0594564805572,32.84637433604016],[129.0590641218958,32.84665429650862],[129.05847910930663,32.846139120856606],[129.05689525671013,32.847342802121034],[129.05747404281462,32.848463945565335],[129.0568723219516,32.84873144785182],[129.05706585605876,32.84912079290662],[129.05733535126961,32.8490721494961],[129.05771033735883,32.84971373219454],[129.05820662229615,32.84959464491056],[129.05822289144658,32.84933498592903],[129.06236038287258,32.848492855294516],[129.06220029194984,32.84759503516537],[129.06236277388618,32.84757305961301],[129.06257537764046,32.84887596123416],[129.06316612990653,32.84888343421883],[129.06292748907728,32.84918560858271],[129.06316726498704,32.84974103512749],[129.06274201841137,32.85061695831157],[129.06274327409582,32.85101555507725],[129.06299469433384,32.851163412891054],[129.06255706422894,32.8512962477031],[129.06266842776253,32.85168260177266],[129.06332237920464,32.852311620436076],[129.06298348483412,32.85235911579111],[129.06329596087758,32.852907593966975],[129.0636861505476,32.852859361519485],[129.0635874028362,32.85316741437465],[129.0639608041845,32.85327513574629],[129.0642646896842,32.85405441608552],[129.06470616008806,32.85400907233254],[129.06504103286804,32.85435020177965],[129.06490613019895,32.85462748427953],[129.06513492312504,32.85524960724061],[129.06549117991136,32.85515255239216],[129.06541979991042,32.85576280572275],[129.06462304941385,32.85568607001263],[129.06372856492314,32.855139432765526],[129.06324847633127,32.85511837765638],[129.0632239649739,32.85543606974729],[129.0619115528803,32.85529121513177],[129.06229607444865,32.85577866709281],[129.06175117838532,32.85634953504057],[129.06060045824617,32.856343775752336],[129.05997625816315,32.8562362139999],[129.05919327452048,32.85563518005725],[129.05812821009778,32.8554223783848],[129.0577929430218,32.855567372857244],[129.05739279833054,32.85620332166106],[129.05731184299955,32.85685586077484]]]},"properties":{"KEY_CODE":"42411039002","PREF":"42","CITY":"411","CITY_NAME":"新上五島町","S_NAME":"奈良尾郷","SETAI":"219"}},{"type":"Feature","geometry":{"type":"Polygon","coordinates":[[[129.06164500002657,32.83952850429645],[129.0619649280323,32.83963693891488],[129.06357579177265,32.83962903394235],[129.06453003657322,32.8397838434556],[129.06517808200587,32.839198138337835],[129.06426532732445,32.840174300576585],[129.0645968093364,32.840540675395694],[129.06410825339108,32.84170949794126],[129.062788427665,32.84312971412224],[129.0646694681123,32.84687503315568],[129.0645440184671,32.84696206137242],[129.0630195262354,32.84392678401506],[129.06135926898025,32.8448290837633],[129.06173403225603,32.845305623593106],[129.0617426608825,32.84572317953005],[129.06220639715374,32.84656524383255],[129.06189261897768,32.84672826031905],[129.06062161005084,32.84515203443126],[129.06034077628885,32.84448373282514],[129.06012528383647,32.843927392490556],[129.0595313880145,32.843928504434345],[129.05896046043162,32.84459910870661],[129.05792962184384,32.84496702535915],[129.056847812783,32.844734082435245],[129.0561940509814,32.8449065328578],[129.05413869205398,32.84472443830393],[129.05344492516355,32.844535455494366],[129.05263552105322,32.84483803655403],[129.0517138616047,32.84485828012554],[129.05172017123357,32.84422686236981],[129.05200159215488,32.84391214332095],[129.05273054008114,32.84346756409346],[129.05359965018854,32.843721816677856],[129.05399856953585,32.84420694557315],[129.05448109668615,32.84424655405831],[129.05732984527,32.84339812615473],[129.05777162104158,32.8431902211307],[129.05978420470825,32.84160637645177],[129.06006567276788,32.841013812402934],[129.06164500002657,32.83952850429645]]]},"properties":{"KEY_CODE":"42411039003","PREF":"42","CITY":"411","CITY_NAME":"新上五島町","S_NAME":"奈良尾郷","SETAI":"142"}},{"type":"Feature","geometry":{"type":"Polygon","coordinates":[[[129.06164500002657,32.83952850429645],[129.06006567276788,32.841013812402934],[129.05978420470825,32.84160637645177],[129.05777162104158,32.8431902211307],[129.05732984527,32.84339812615473],[129.05448109668615,32.84424655405831],[129.05399856953585,32.84420694557315],[129.05359965018854,32.843721816677856],[129.05273054008114,32.84346756409346],[129.05314464518858,32.84302148550015],[129.0538686619978,32.84295901170882],[129.05430393318852,32.842192872466875],[129.05429467140294,32.84176752322078],[129.05495821081325,32.84072102176523],[129.05474866169155,32.83998551646044],[129.05472438273438,32.83936702304787],[129.05541265531758,32.839312215265245],[129.0556608440812,32.83954733350778],[129.05591401046732,32.83932851231504],[129.05645433548827,32.839328918572605],[129.05669065136632,32.83958565540424],[129.0573825189742,32.8394877171486],[129.05857572362385,32.83908185857583],[129.05976630524404,32.839448271027486],[129.06044563173248,32.83957351265702],[129.06153751022015,32.839156302531656],[129.06164500002657,32.83952850429645]]]},"properties":{"KEY_CODE":"42411039004","PREF":"42","CITY":"411","CITY_NAME":"新上五島町","S_NAME":"奈良尾郷","SETAI":"111"}},{"type":"Feature","geometry":{"type":"Polygon","coordinates":[[[129.06153751022015,32.839156302531656],[129.06044563173248,32.83957351265702],[129.05976630524404,32.839448271027486],[129.05857572362385,32.83908185857583],[129.0573825189742,32.8394877171486],[129.05669065136632,32.83958565540424],[129.05645433548827,32.839328918572605],[129.05591401046732,32.83932851231504],[129.0556608440812,32.83954733350778],[129.05541265531758,32.839312215265245],[129.05472438273438,32.83936702304787],[129.05441170824565,32.838635780913776],[129.05445566008189,32.83799956558696],[129.05478444183657,32.837262033781606],[129.0548009474627,32.83675700713005],[129.05558613228862,32.836392164875946],[129.05626946482627,32.83576615409724],[129.05673938869538,32.83486623432058],[129.0577018158286,32.834379910009],[129.05851025370367,32.83424196807953],[129.05879801859078,32.83393241024066],[129.05949932591972,32.83395859246009],[129.06001355075043,32.834362779758465],[129.06004072034656,32.835587863615736],[129.06046325014535,32.835914049978186],[129.06017801209148,32.83651535133467],[129.06056877392245,32.83670964238888],[129.0608409391002,32.83720174968963],[129.06079299549125,32.8377341616709],[129.06139433822383,32.83824445403799],[129.06158595695615,32.83893581606494],[129.06153751022015,32.839156302531656]]]},"properties":{"KEY_CODE":"42411039005","PREF":"42","CITY":"411","CITY_NAME":"新上五島町","S_NAME":"奈良尾郷","SETAI":"68"}},{"type":"Feature","geometry":{"type":"Polygon","coordinates":[[[129.05353203810557,32.818799027055746],[129.0547582656647,32.81897924445883],[129.05488979780714,32.818729005087214],[129.05546356283253,32.81846501309459],[129.05573449989402,32.81852730414225],[129.0561585597011,32.81958481003106],[129.05685837198834,32.81952777348948],[129.05750856852583,32.81892586869768],[129.05736603911797,32.81859349642178],[129.05756894957395,32.8181649616293],[129.0582469476712,32.818408128627944],[129.0586050636021,32.81812713988208],[129.05842421954625,32.817763969179076],[129.05880855565965,32.817359515722856],[129.0597135038127,32.81727884550221],[129.05924209031434,32.816934503722486],[129.05909044338438,32.816504717859196],[129.0593303941563,32.81635315574545],[129.0601662558978,32.81685569466406],[129.06043780123082,32.81680254107105],[129.0609504741457,32.81722276095549],[129.06103578963814,32.81702647928467],[129.0625099232701,32.81673766108108],[129.06270950214264,32.81632712507669],[129.06269914242975,32.81560565070489],[129.062488637882,32.81541102832671],[129.06250569707854,32.814977326800665],[129.06276873666445,32.8146914849792],[129.0628936215771,32.81405433946594],[129.06318766210745,32.81397961146964],[129.06306029229094,32.81359861507529],[129.0634046959448,32.813051516346874],[129.06362825454323,32.813194787094034],[129.06374767441002,32.814546104665915],[129.06391261481184,32.8148884470915],[129.06370979549735,32.81508433923245],[129.0640069195561,32.81547224991621],[129.06394779854918,32.81577324810158],[129.06344740416944,32.81589504247707],[129.0633175307017,32.81624718876602],[129.06283778064392,32.81651425608121],[129.06321602869812,32.81734884200427],[129.06384889989167,32.81765044026816],[129.0644348302428,32.81816830369647],[129.0641209222779,32.818157293803004],[129.06434958022928,32.81878845101625],[129.06432191869018,32.819199571090444],[129.06459599132907,32.819723568709016],[129.06512913009033,32.82033414000078],[129.06533897976794,32.82088046084049],[129.06481361933456,32.821086048283156],[129.0647042938934,32.82138146638383],[129.06493802796845,32.821854828388645],[129.06551400428825,32.82178468666906],[129.06562589348206,32.822495685723176],[129.06550277282994,32.82299396220951],[129.0659426392679,32.82280972169332],[129.0657524854901,32.82369191261814],[129.06604474181347,32.82464975374773],[129.0657912848034,32.82494285839245],[129.06615122343436,32.82515331838444],[129.06556490627216,32.82580870133998],[129.0646305991754,32.826196839505826],[129.0647504944832,32.82657511559617],[129.0643388733876,32.82688299087813],[129.0647240310885,32.82806479467123],[129.06542647697577,32.82835130373175],[129.06637411215166,32.828297770341536],[129.0676307168413,32.82752567050651],[129.0681257596981,32.8276337996672],[129.06855348578077,32.82819439195228],[129.06863577148636,32.82863204791213],[129.06798352814693,32.829881482392565],[129.0677345554156,32.83011690440131],[129.06831507284127,32.83023073396782],[129.0684963585342,32.83050640705594],[129.06844121490678,32.83152884062631],[129.0688698865771,32.83145817358697],[129.06899906485157,32.83169039058273],[129.06862117448097,32.832303209361285],[129.06882890065322,32.83241844583992],[129.06820970767683,32.83323966003741],[129.06842421386693,32.83349741136284],[129.06821619907257,32.83454367686138],[129.06776822995855,32.83484784477856],[129.0681740123593,32.83509544151489],[129.06842909408974,32.83557427244573],[129.06864705862944,32.835566903269154],[129.06818315298304,32.836076616970495],[129.06788197422847,32.836723075109724],[129.067967917717,32.83706064260503],[129.0674955345758,32.83755138436813],[129.06637344299764,32.83765390670878],[129.06612203875176,32.83882717031248],[129.06602706155815,32.83881150049105],[129.06628130613583,32.83771491624615],[129.06508632517625,32.83764493738968],[129.06409819239255,32.83810051550297],[129.0633606909761,32.8388383083448],[129.06217234586265,32.83873137235498],[129.06158595695615,32.83893581606494],[129.06139433822383,32.83824445403799],[129.06079299549125,32.8377341616709],[129.0608409391002,32.83720174968963],[129.06056877392245,32.83670964238888],[129.06017801209148,32.83651535133467],[129.06046325014535,32.835914049978186],[129.06004072034656,32.835587863615736],[129.06001355075043,32.834362779758465],[129.05949932591972,32.83395859246009],[129.05879801859078,32.83393241024066],[129.05892223363267,32.83362880775827],[129.05880754951679,32.83306888268295],[129.0584869477841,32.83280575211883],[129.0583696850892,32.832177247510685],[129.0580539854847,32.8320879770141],[129.05714327597354,32.831214252438876],[129.05727998043778,32.830260995990606],[129.05731148735566,32.82888128325597],[129.05722993385297,32.82807171573464],[129.05764993909756,32.82700556939918],[129.05740461431552,32.82618194781195],[129.0574833764851,32.825477093869274],[129.0571600248713,32.82455593395228],[129.05730632489454,32.824306342661245],[129.05706388406028,32.8235258471543],[129.05564929793735,32.823238843359434],[129.05472452709017,32.822087361781925],[129.05481994863868,32.82129959334532],[129.05477007054887,32.820643883080535],[129.05450609185175,32.82015598790097],[129.05353203810557,32.818799027055746]]]},"properties":{"KEY_CODE":"42411039006","PREF":"42","CITY":"411","CITY_NAME":"新上五島町","S_NAME":"奈良尾郷","SETAI":"39"}}]}