{"type":"FeatureCollection","features":[{"type":"Feature","geometry":{"type":"Polygon","coordinates":[[[131.44073853895063,33.561343771466504],[131.43900741903997,33.562261487173764],[131.4358508646894,33.564485880664535],[131.43360194254439,33.5673317095185],[131.42910104406724,33.57235701023586],[131.42612052903579,33.57062170429249],[131.42733029616448,33.56914464688594],[131.42766011293494,33.56770700377355],[131.4274200012936,33.56700628249752],[131.42601503393638,33.5664393013272],[131.42479950517492,33.566217888330826],[131.42432240543337,33.56443693305928],[131.42398285162088,33.56224942382907],[131.42408465522928,33.560644450279845],[131.42426445810023,33.56005702729555],[131.42487130671577,33.55948589127911],[131.42459098394596,33.55865718994005],[131.42406146972132,33.558669715652705],[131.42403420488293,33.557350095280476],[131.4268550140565,33.555282765605064],[131.4279961178742,33.55508707071351],[131.42878924914353,33.55608090483854],[131.42798018618956,33.557448187947166],[131.4330641703054,33.55648620988973],[131.43398390708768,33.55769833194122],[131.4339204431475,33.55879023401575],[131.43445439821576,33.55884158012871],[131.43403379593687,33.56020165124921],[131.4347747745248,33.56037713109111],[131.43642155020163,33.55984404765557],[131.43650590247512,33.5603726471593],[131.43741321722484,33.56025285018346],[131.4378437689037,33.559610665747975],[131.43954951937607,33.55960816458628],[131.44022269358155,33.56020134213103],[131.44073853895063,33.561343771466504]]]},"properties":{"KEY_CODE":"442090010","PREF":"44","CITY":"209","CITY_NAME":"豊後高田市","S_NAME":"高田","SETAI":"603"}},{"type":"Feature","geometry":{"type":"Polygon","coordinates":[[[131.4320806164767,33.549863373906845],[131.4316895482138,33.55064717059208],[131.43222307966383,33.550995944794295],[131.43198154740725,33.551845930208025],[131.43009093482453,33.55323108530927],[131.42967937125252,33.555100394535344],[131.42878924914353,33.55608090483854],[131.4279961178742,33.55508707071351],[131.42638538780236,33.552611428607015],[131.42656802186676,33.55196408010232],[131.4261003274074,33.551114930796594],[131.42516026735453,33.55088161402733],[131.42548980336687,33.54968468145578],[131.4252910567857,33.54893047854701],[131.42531954249787,33.548648320360606],[131.4251648095782,33.547965150741554],[131.42572583222926,33.54715810669444],[131.42536462811316,33.54631573799233],[131.4230685518644,33.54424951096221],[131.42366459627456,33.54381117430681],[131.423433601808,33.54354649396167],[131.42345393254732,33.54347200092735],[131.4237507794849,33.54305955239984],[131.42393119197584,33.542991661294835],[131.42424096639823,33.542428275119654],[131.42429005320366,33.54193725032308],[131.42465381653136,33.541560567283845],[131.42471817579346,33.541191639874874],[131.42446469990782,33.5409476101166],[131.4244612516966,33.540758407557306],[131.42470608731853,33.540258328392696],[131.4247646332333,33.53991337194335],[131.4248742132877,33.53947680309218],[131.42499687978386,33.539402801611786],[131.4251072264823,33.539381395068666],[131.42484837801328,33.539070145353335],[131.42483721613004,33.53884313998719],[131.42499197753096,33.538400110826466],[131.42512959465128,33.53797806348417],[131.42517999619696,33.53777462190232],[131.4251859622814,33.53775544046897],[131.42604662940784,33.53803855427168],[131.4276868799727,33.53687523636348],[131.42959443464986,33.53751988123767],[131.4303809896153,33.53681456677441],[131.43095138491543,33.537337778337275],[131.4312574229738,33.538382072945495],[131.4332274636982,33.537729666182855],[131.43360762914554,33.5375251710776],[131.4336987944627,33.537537848280536],[131.4338751637092,33.537591047434496],[131.43425980647896,33.53779398806747],[131.43515594913774,33.538527439533375],[131.4360917475388,33.54008761893544],[131.43605508024737,33.54067529114407],[131.43536575276937,33.54132180572906],[131.43247916630963,33.54209344655075],[131.43127106951977,33.54356027134753],[131.43107327654994,33.54445602942323],[131.43136721168096,33.545582895192084],[131.43196584612969,33.5458422249575],[131.4332665771478,33.545569070272954],[131.4346615014998,33.54487040114681],[131.43560218656296,33.543887869460505],[131.4358886447086,33.54280225435771],[131.43641293024305,33.54279187543863],[131.43614399714542,33.54465186359439],[131.4367213175334,33.54678394457571],[131.4351957174113,33.54687644370745],[131.43453317344873,33.54686133916963],[131.43442908344275,33.54789417936215],[131.4340814691824,33.547735664660685],[131.4326524973844,33.54739947265487],[131.43260333496994,33.5475456413562],[131.43264106010542,33.54773035643199],[131.43264542699836,33.547940408495776],[131.43262963063896,33.54813094633907],[131.43271037361924,33.548219669731786],[131.4326735773579,33.54849280759916],[131.4324769585901,33.54871131036038],[131.43265647134555,33.548927299583106],[131.4331634740798,33.54909399366479],[131.43314077864883,33.54909812371488],[131.43278172531433,33.54927105545676],[131.4320806164767,33.549863373906845]]]},"properties":{"KEY_CODE":"442090020","PREF":"44","CITY":"209","CITY_NAME":"豊後高田市","S_NAME":"界","SETAI":"325"}},{"type":"Feature","geometry":{"type":"Polygon","coordinates":[[[131.4560958845801,33.550723203036206],[131.45495590497464,33.55173626685062],[131.45347006537875,33.55270018323108],[131.45208542320623,33.55307665295274],[131.4490226799348,33.55259844994399],[131.44728353857494,33.55268331007707],[131.44675762497238,33.553003063360954],[131.44572999908843,33.55287508257962],[131.44617284421662,33.55198365431805],[131.44617257641312,33.55107822443384],[131.4451877698553,33.55191514647253],[131.44511845778985,33.55182695267537],[131.44468014384464,33.551237358843174],[131.4445036026716,33.551057900427736],[131.44437298954128,33.55098362920555],[131.443962601509,33.550844182251026],[131.44302776115666,33.550741557331904],[131.44266035185976,33.55071469802465],[131.4421813599755,33.55075748391037],[131.44206427453673,33.5507542067567],[131.4417252696873,33.55070459375334],[131.44155642606574,33.550738871369866],[131.44111597588883,33.55073431869807],[131.4402024102511,33.55103563339359],[131.43697310165223,33.54920529695366],[131.4365260527922,33.548906082281306],[131.43520134381157,33.54944209129814],[131.43323301735816,33.54903665519728],[131.43265647134555,33.548927299583106],[131.4324769585901,33.54871131036038],[131.4326735773579,33.54849280759916],[131.43271037361924,33.548219669731786],[131.43262963063896,33.54813094633907],[131.43264542699836,33.547940408495776],[131.43264106010542,33.54773035643199],[131.43260333496994,33.5475456413562],[131.4326524973844,33.54739947265487],[131.4340814691824,33.547735664660685],[131.43442908344275,33.54789417936215],[131.43453317344867,33.54686133916963],[131.4351957174113,33.54687644370745],[131.4367213175334,33.54678394457571],[131.43614399714542,33.54465186359439],[131.43641293024305,33.54279187543863],[131.4358886447086,33.54280225435771],[131.43560218656296,33.543887869460505],[131.4346615014998,33.54487040114681],[131.4332665771478,33.545569070272954],[131.43196584612969,33.5458422249575],[131.43136721168096,33.545582895192084],[131.43107327654994,33.54445602942323],[131.43127106951977,33.54356027134753],[131.43247916630963,33.54209344655075],[131.43536575276937,33.54132180572906],[131.43605508024737,33.54067529114407],[131.4360917475388,33.54008761893544],[131.43787913680183,33.537917845746755],[131.43909274365723,33.53601732164932],[131.44043073695804,33.53527632550569],[131.44154464658286,33.53425764822221],[131.44212824368407,33.53244652712418],[131.44465563416185,33.53077371845256],[131.44590757282805,33.53075221033803],[131.44679072775682,33.52930565690313],[131.44848498590252,33.527427203371836],[131.44853022882728,33.52739346906139],[131.45061322790667,33.52965989564454],[131.4521149719653,33.53194031792314],[131.45378130784468,33.53381419702844],[131.45469659203224,33.53447953772244],[131.45534083707872,33.5354603700864],[131.4562417905268,33.538823280971386],[131.45630324822906,33.54238262095031],[131.45556422256567,33.543962611087565],[131.45500524121223,33.546636970714594],[131.4551629927526,33.547587829361426],[131.45549196723726,33.547457698493666],[131.45557301038863,33.54739899928976],[131.45576220369225,33.54726850206796],[131.45575870890178,33.54919425830821],[131.45502410632906,33.54913367775368],[131.4552993105951,33.54989192506307],[131.4560958845801,33.550723203036206]]]},"properties":{"KEY_CODE":"442090030","PREF":"44","CITY":"209","CITY_NAME":"豊後高田市","S_NAME":"来縄","SETAI":"604"}},{"type":"Feature","geometry":{"type":"Polygon","coordinates":[[[131.44517956716155,33.57339890439625],[131.44441519885353,33.57399697156616],[131.44211012024695,33.57376861977488],[131.44118308133753,33.57239328446463],[131.4405719348592,33.57246925448749],[131.43822996027802,33.566706815344986],[131.4375392385209,33.56624602151411],[131.43574408614168,33.56889377439955],[131.43360194254439,33.5673317095185],[131.4358508646894,33.564485880664535],[131.43900741903997,33.562261487173764],[131.44073853895063,33.561343771466504],[131.4422302982113,33.560461543618],[131.44228008686932,33.56041561148215],[131.4425178600845,33.56018278471088],[131.443082916848,33.5593759978844],[131.4432121613335,33.559178921659985],[131.4432920029466,33.558987483742534],[131.44434265889177,33.56060439716272],[131.44642416258864,33.559914279893654],[131.44702034852816,33.560579624229206],[131.44727689638626,33.559827753881464],[131.44882026786667,33.55903444150264],[131.44989028101054,33.560216067491616],[131.45031741837033,33.560004550284624],[131.45085829397047,33.5612338139296],[131.44988982919165,33.56251732662433],[131.44990085265744,33.56275293202475],[131.44951642116953,33.5627797262819],[131.44909590840535,33.56257927167318],[131.448961488986,33.56241114408739],[131.44898047492575,33.56210264329069],[131.44854005964004,33.561723783437294],[131.4484570898788,33.561925161765494],[131.44848239975644,33.56202966568478],[131.44842747431568,33.56244824916583],[131.44872384244155,33.56316982643122],[131.4491895597689,33.563801888557975],[131.4488876631235,33.56450584531621],[131.44944585192167,33.56545344247159],[131.44898167423662,33.565806577528235],[131.44786923002718,33.56602184358733],[131.44768764360902,33.56524493513247],[131.44699667980532,33.56581722665574],[131.4457479904094,33.56617600166985],[131.44653990480782,33.56871319427209],[131.44631664873376,33.570236124282914],[131.44576495750883,33.56948813244173],[131.44471635155625,33.5691785024367],[131.44334377889655,33.56928142109259],[131.44265262309474,33.56983529988204],[131.443328818357,33.57029143110048],[131.44470474010495,33.56945074069086],[131.44477112990643,33.57025543111615],[131.44538191893037,33.57052387491798],[131.4446403897495,33.571345026088146],[131.44667758325423,33.571807889952275],[131.44688450335397,33.57261470548616],[131.44641491742394,33.57320798553832],[131.44517956716155,33.57339890439625]]]},"properties":{"KEY_CODE":"442090040","PREF":"44","CITY":"209","CITY_NAME":"豊後高田市","S_NAME":"玉津","SETAI":"732"}},{"type":"Feature","geometry":{"type":"Polygon","coordinates":[[[131.44882026786667,33.55903444150264],[131.44727689638626,33.559827753881464],[131.44702034852816,33.560579624229206],[131.44642416258864,33.559914279893654],[131.44434265889177,33.56060439716272],[131.4432920029466,33.558987483742534],[131.4434723955247,33.55853338355269],[131.44383842502216,33.55665834180513],[131.44393203491543,33.556297327784996],[131.44445739960233,33.55638289495419],[131.446338188056,33.556087778812696],[131.44996984702567,33.55509467293702],[131.45111472945925,33.55767575798685],[131.45262285295897,33.5570188713631],[131.4528349942184,33.55833400667242],[131.4501646537275,33.558531363094296],[131.44882026786667,33.55903444150264]]]},"properties":{"KEY_CODE":"442090050","PREF":"44","CITY":"209","CITY_NAME":"豊後高田市","S_NAME":"御玉","SETAI":"288"}},{"type":"Feature","geometry":{"type":"Polygon","coordinates":[[[131.45109294123992,33.57838065412596],[131.4489781318623,33.5785370990211],[131.44826469388158,33.57656259443635],[131.44719460315716,33.57525774389439],[131.44665485653434,33.575605502080506],[131.44517956716155,33.57339890439625],[131.44641491742394,33.57320798553832],[131.44688450335397,33.57261470548616],[131.44667758325423,33.571807889952275],[131.4446403897495,33.571345026088146],[131.44538191893037,33.57052387491798],[131.44477112990643,33.57025543111615],[131.44470474010495,33.56945074069086],[131.443328818357,33.57029143110048],[131.44265262309474,33.56983529988204],[131.44334377889655,33.56928142109259],[131.44471635155625,33.5691785024367],[131.44576495750883,33.56948813244173],[131.44631664873376,33.570236124282914],[131.44653990480782,33.56871319427209],[131.4457479904094,33.56617600166985],[131.44699667980532,33.56581722665574],[131.44768764360902,33.56524493513247],[131.44786923002718,33.56602184358733],[131.44898167423662,33.565806577528235],[131.44930503795516,33.56626892634003],[131.44893916068713,33.56740120660272],[131.4475639095363,33.56874703699651],[131.44716127735907,33.569471042688704],[131.4480857002179,33.56985422222306],[131.44816059605205,33.5694218796542],[131.4497352361764,33.568995038435396],[131.4499874562966,33.56828382955968],[131.45083014846472,33.5688165919918],[131.45201169556736,33.57006382273367],[131.44954959673555,33.57114002535968],[131.44944871961835,33.57195595015623],[131.44816876058331,33.57277017105557],[131.44940504393074,33.57274345464456],[131.4519397199982,33.57348298176249],[131.4519979683875,33.57472884137882],[131.45109294123992,33.57838065412596]]]},"properties":{"KEY_CODE":"442090060","PREF":"44","CITY":"209","CITY_NAME":"豊後高田市","S_NAME":"新栄","SETAI":"191"}},{"type":"Feature","geometry":{"type":"Polygon","coordinates":[[[131.4698391370022,33.562136673665734],[131.46945519956986,33.56253486586919],[131.4673222995909,33.56240289844759],[131.46518430712192,33.56196370666355],[131.46423415643832,33.56294538574797],[131.46391277254438,33.562811973785465],[131.462958873696,33.56371874151046],[131.46116336783098,33.564101692579165],[131.45864349254634,33.564246321809506],[131.45719876718874,33.564909732449124],[131.45525884277194,33.564838208650045],[131.45485720578125,33.563718425128755],[131.45291935807336,33.56441177675965],[131.45164945485,33.564109369551076],[131.45165959335958,33.56409919179853],[131.4517698202051,33.56396263409535],[131.45195924092397,33.563728403864744],[131.4520265966937,33.563632578726036],[131.45207145224558,33.56355937753313],[131.45217561012922,33.563294848596854],[131.45212266085522,33.5633256097137],[131.45211689376418,33.56317372348909],[131.45184499440577,33.56301354832772],[131.4517408529114,33.56294743834992],[131.45166711978095,33.56285212909451],[131.4516496958895,33.562815223763046],[131.45090777561433,33.56263759541434],[131.45036969949942,33.562722512559795],[131.45031172781714,33.562729688471364],[131.45026250274537,33.5627317203104],[131.45019943840254,33.56270509918538],[131.45015679624564,33.562581723569416],[131.44988982919165,33.56251732662433],[131.45085829397047,33.5612338139296],[131.45031741837033,33.560004550284624],[131.44989028101054,33.560216067491616],[131.44882026786667,33.55903444150264],[131.4501646537275,33.558531363094296],[131.4528349942184,33.55833400667242],[131.45262285295897,33.5570188713631],[131.45111472945925,33.55767575798685],[131.44996984702567,33.55509467293702],[131.44946220888215,33.553928791602154],[131.44791382184087,33.55313275578591],[131.4470450531858,33.55348337388768],[131.44675762497238,33.553003063360954],[131.44728353857494,33.55268331007707],[131.4490226799348,33.55259844994399],[131.45208542320623,33.55307665295274],[131.45347006537875,33.55270018323108],[131.45495590497464,33.55173626685062],[131.4560958845801,33.550723203036206],[131.4574692947201,33.54972525150861],[131.45836918658014,33.54956396974905],[131.45993809144213,33.549724028459366],[131.46231793912668,33.55033766312862],[131.46451275213388,33.5510891430017],[131.46778398206055,33.5525326853931],[131.47026405624334,33.55293934257528],[131.47159457225965,33.551684762532794],[131.4721341851245,33.551782202867564],[131.4721573179291,33.552866594390764],[131.47382004061384,33.55361440100546],[131.47306330817696,33.55524772156497],[131.47154911533715,33.55477869301559],[131.47091122151855,33.554946994626846],[131.4715422638136,33.556147077421365],[131.47614797110418,33.55812581236369],[131.47444721117222,33.557785679257854],[131.47352432890315,33.55816105369372],[131.47350932590015,33.55862834983307],[131.47185582438257,33.560530310798804],[131.471251645412,33.56045223435776],[131.4698391370022,33.562136673665734]]]},"properties":{"KEY_CODE":"442090070","PREF":"44","CITY":"209","CITY_NAME":"豊後高田市","S_NAME":"美和","SETAI":"449"}},{"type":"Feature","geometry":{"type":"Polygon","coordinates":[[[131.48688342288338,33.55890409042561],[131.48651364266104,33.55965153908055],[131.4850144928645,33.561064004283],[131.48407187219814,33.5632171237261],[131.48397010296617,33.56416207980631],[131.48521139958095,33.565907289115394],[131.48439549774466,33.56564510436276],[131.48092479986113,33.56500634520682],[131.47555696805713,33.56451644818151],[131.47152079202988,33.56276708131783],[131.4698391370022,33.562136673665734],[131.471251645412,33.56045223435776],[131.47185582438257,33.560530310798804],[131.47350932590015,33.55862834983307],[131.47352432890315,33.55816105369372],[131.47444721117222,33.557785679257854],[131.47614797110418,33.55812581236369],[131.47720322093667,33.55813094501231],[131.4796996576588,33.55852623244855],[131.4830074266138,33.55874061876606],[131.48446839320172,33.55859057871315],[131.48688342288338,33.55890409042561]]]},"properties":{"KEY_CODE":"442090080","PREF":"44","CITY":"209","CITY_NAME":"豊後高田市","S_NAME":"払田","SETAI":"43"}},{"type":"Feature","geometry":{"type":"Polygon","coordinates":[[[131.48901311877512,33.54957498587178],[131.49228331655337,33.551119162850014],[131.49357212636446,33.55234541678503],[131.49272140378037,33.554079713559375],[131.49047681614405,33.55364418648191],[131.49094000572543,33.5529633519301],[131.4889728653131,33.551448464855795],[131.48765607672465,33.55188202441942],[131.48828779825078,33.5505658448474],[131.48558998550223,33.54870849414876],[131.48637652525971,33.548858095836366],[131.48787099821476,33.549226026997765],[131.48901311877512,33.54957498587178]]]},"properties":{"KEY_CODE":"442090090","PREF":"44","CITY":"209","CITY_NAME":"豊後高田市","S_NAME":"鼎","SETAI":"0"}},{"type":"Feature","geometry":{"type":"Polygon","coordinates":[[[131.49028811032773,33.55609741867377],[131.48876085835613,33.55742009421711],[131.48714857569917,33.558450634768704],[131.48688342288338,33.55890409042561],[131.48446839320172,33.55859057871315],[131.4830074266138,33.55874061876606],[131.4796996576588,33.55852623244855],[131.47720322093667,33.55813094501231],[131.47614797110418,33.55812581236369],[131.4715422638136,33.556147077421365],[131.47091122151855,33.554946994626846],[131.47154911533715,33.55477869301559],[131.47306330817696,33.55524772156497],[131.47382004061384,33.55361440100546],[131.4721573179291,33.552866594390764],[131.4721341851245,33.551782202867564],[131.47159457225965,33.551684762532794],[131.4715981633339,33.55023606518578],[131.4709010486484,33.54870568239734],[131.47223935056812,33.54813897246982],[131.47414844532906,33.54779811727431],[131.47619745603936,33.54770669300148],[131.47544360337585,33.54827642453699],[131.47539130790355,33.548421111147086],[131.4764191770832,33.54939514555534],[131.47730005792215,33.550638803781496],[131.47814958291565,33.55130883457721],[131.4795155660109,33.55209764478583],[131.47994976418352,33.55226860003116],[131.4812089115682,33.55239312658203],[131.48017237676862,33.55335539147158],[131.48011292525703,33.55379591108648],[131.48036292673316,33.55423517657989],[131.48078769536343,33.55457016367525],[131.48443993543853,33.554574249026246],[131.48587373260312,33.55495880870031],[131.48697613353505,33.55562342430064],[131.4877269673713,33.5559270335852],[131.48909247802678,33.55600518320862],[131.49028811032773,33.55609741867377]]]},"properties":{"KEY_CODE":"442090090","PREF":"44","CITY":"209","CITY_NAME":"豊後高田市","S_NAME":"鼎","SETAI":"52"}},{"type":"Feature","geometry":{"type":"Polygon","coordinates":[[[131.47619745603936,33.54770669300148],[131.47414844532906,33.54779811727431],[131.47223935056812,33.54813897246982],[131.4709010486484,33.54870568239734],[131.4715981633339,33.55023606518578],[131.47159457225965,33.551684762532794],[131.47026405624334,33.55293934257528],[131.46778398206055,33.5525326853931],[131.46451275213388,33.5510891430017],[131.46231793912668,33.55033766312862],[131.45993809144213,33.549724028459366],[131.45836918658014,33.54956396974905],[131.4574692947201,33.54972525150861],[131.4560958845801,33.550723203036206],[131.4552993105951,33.54989192506307],[131.45502410632906,33.54913367775368],[131.45575870890178,33.54919425830821],[131.45576220369225,33.54726850206796],[131.45575431997977,33.54698375433037],[131.45628191090145,33.54631541958416],[131.456912911423,33.5456515930611],[131.4570377714854,33.54559068658546],[131.45823883712512,33.545533669898745],[131.4598294304165,33.54549741568735],[131.46215394792074,33.54581313412872],[131.46274888043015,33.54584119677159],[131.46383513944997,33.54554159498501],[131.46406846187506,33.54517799220459],[131.4650746296767,33.54393706990689],[131.4655152797959,33.54335528820077],[131.4656107663313,33.54183227818239],[131.466423666854,33.541567614266256],[131.4665059367205,33.53953624964003],[131.46692937612065,33.538081430807274],[131.46740931433786,33.53935514191813],[131.46915951025082,33.54082159981881],[131.4720949520567,33.54237377689537],[131.4721637450422,33.54084330905836],[131.4731803964295,33.53984152623736],[131.47324535868813,33.539404694667404],[131.4724074032288,33.53869698073703],[131.47191807103505,33.53777415158778],[131.4719395921939,33.53700431688364],[131.47249226900712,33.53608516890996],[131.47385556716034,33.53555742740031],[131.47433877971105,33.535988234818014],[131.47565611833858,33.53911725772209],[131.4767440938113,33.53980477790079],[131.4784101156402,33.54003690954766],[131.4810948644556,33.53922582171292],[131.48223333042588,33.53824058888524],[131.48262527763552,33.53710981551191],[131.482612748303,33.536118378524556],[131.48205875366395,33.53460334506549],[131.48230651531821,33.53272894874152],[131.4835400784224,33.53215550895744],[131.48612809525403,33.533558854150776],[131.48719449162223,33.53435935637022],[131.48812919471496,33.53545414838239],[131.48921478061845,33.537764310927024],[131.489250766584,33.53846253106999],[131.4887506097968,33.53959440766411],[131.48779233797734,33.54091117665577],[131.48765164171104,33.5426253140665],[131.48806817840835,33.543432342622495],[131.490234912164,33.545635542528856],[131.49104558916383,33.547526106610974],[131.48949000220796,33.54873632777911],[131.48901311877512,33.54957498587178],[131.48787099821476,33.549226026997765],[131.48637652525971,33.548858095836366],[131.48558998550223,33.54870849414876],[131.48409214539151,33.54765829165665],[131.48061004470108,33.545966813151786],[131.47873350690577,33.54521841712783],[131.4778978889548,33.54539947757707],[131.47569686338284,33.54601932144718],[131.47619745603936,33.54770669300148]]]},"properties":{"KEY_CODE":"442090100","PREF":"44","CITY":"209","CITY_NAME":"豊後高田市","S_NAME":"森","SETAI":"297"}},{"type":"Feature","geometry":{"type":"Polygon","coordinates":[[[131.4570377714854,33.54559068658546],[131.456912911423,33.5456515930611],[131.45628191090145,33.54631541958416],[131.45575431997977,33.54698375433037],[131.45557301038863,33.54739899928976],[131.45549196723726,33.547457698493666],[131.4551629927526,33.547587829361426],[131.45500524121223,33.546636970714594],[131.45556422256567,33.543962611087565],[131.45630324822906,33.54238262095031],[131.4562417905268,33.538823280971386],[131.45534083707872,33.5354603700864],[131.45469659203224,33.53447953772244],[131.45378130784468,33.53381419702844],[131.4521149719653,33.53194031792314],[131.45061322790667,33.52965989564454],[131.44853022882728,33.52739346906139],[131.4484823192572,33.52707400710425],[131.4483770986193,33.526292186647936],[131.4481676699452,33.52605562409289],[131.44802734366218,33.52575583210354],[131.44787914432607,33.52505412004249],[131.44793584029227,33.524835963447906],[131.4486824539562,33.52383552996589],[131.44884918800864,33.52365571656594],[131.44901961914294,33.52306904514183],[131.4488809350755,33.52252466873076],[131.44874731081123,33.521844670842825],[131.44894809918256,33.521533990721025],[131.44904864370858,33.52085071335718],[131.44943459925676,33.520568382000775],[131.44997751499295,33.52044531282532],[131.4502171908594,33.519834190648275],[131.4502574560748,33.51923105121347],[131.45179074405686,33.51831008007886],[131.45236770200543,33.518065784574375],[131.45281253960667,33.517427278536545],[131.45290883823532,33.517049138637326],[131.45319140306623,33.51690281419476],[131.4536001032729,33.51655258420815],[131.45363900051882,33.51624731705152],[131.4536452978168,33.51579444849445],[131.45375860251107,33.51534844460318],[131.4538603169595,33.51489762034108],[131.45395804346202,33.51423132628745],[131.45435963552228,33.51363410917351],[131.45443050778925,33.513365071956564],[131.45494387986244,33.513125858794375],[131.4551502856802,33.51279573967964],[131.45585806298493,33.5121441329169],[131.456324240872,33.511735565808564],[131.45665288499558,33.51155996935042],[131.45690814228885,33.51117398491651],[131.45701060146908,33.51086848347947],[131.4572426855158,33.5099232000166],[131.45732702950048,33.509467616996496],[131.45735704175036,33.50913089578334],[131.45780067602644,33.508828989900465],[131.45821735414282,33.50890975521233],[131.4591713644617,33.50891589829191],[131.4597089485296,33.50888970075238],[131.45998887220665,33.508799054661075],[131.46105121142475,33.50851416063693],[131.46134574151844,33.50845011672512],[131.46193459211057,33.50828321609441],[131.46228729508852,33.50828675506825],[131.46326698677416,33.508227354274574],[131.46338248193626,33.508202722816236],[131.46376098050018,33.50762010795727],[131.46414601313293,33.507182755388975],[131.46473923889164,33.50675916229779],[131.46502726985432,33.506024300845766],[131.4650668519782,33.505854631060664],[131.46529194545624,33.50578111786845],[131.46583084943546,33.506011575971904],[131.46601624925185,33.50607867703807],[131.46631098438866,33.50606301468707],[131.46687176093124,33.50605120278141],[131.46715521000021,33.506079184698535],[131.46784734460795,33.50631148505646],[131.46811334334964,33.506315299754796],[131.46857951864885,33.505921224331445],[131.468815309251,33.5056878257698],[131.46931125415549,33.5049134473753],[131.4698073736705,33.50471779604139],[131.47079051406874,33.50476732828951],[131.4711430174815,33.504736920823255],[131.47180146253774,33.504618163685365],[131.47263797837306,33.50428559087346],[131.47368794735297,33.50440508126847],[131.4740752056624,33.5043890924674],[131.47427092429103,33.504228506949886],[131.47476169659728,33.504582691752276],[131.47503084891645,33.50481176885132],[131.4777210666073,33.50735189728043],[131.48073570475097,33.50994013057047],[131.4874831048356,33.51490899564436],[131.48935604342967,33.51613666265345],[131.4864205848044,33.51907995681844],[131.4850336073096,33.52060894634689],[131.48344534524708,33.52440280344926],[131.48213437659845,33.52686178240994],[131.48093558715365,33.52855107161967],[131.48057631045234,33.530021206912195],[131.48346581080662,33.530840209633226],[131.48393668129904,33.531649303257645],[131.4835400784224,33.53215550895744],[131.48230651531821,33.53272894874152],[131.48205875366395,33.53460334506549],[131.482612748303,33.536118378524556],[131.48262527763552,33.53710981551191],[131.48223333042588,33.53824058888524],[131.4810948644556,33.53922582171292],[131.4784101156402,33.54003690954766],[131.4767440938113,33.53980477790079],[131.47565611833858,33.53911725772209],[131.47433877971105,33.535988234818014],[131.47385556716034,33.53555742740031],[131.47249226900712,33.53608516890996],[131.4719395921939,33.53700431688364],[131.47191807103505,33.53777415158778],[131.4724074032288,33.53869698073703],[131.47324535868813,33.539404694667404],[131.4731803964295,33.53984152623736],[131.4721637450422,33.54084330905836],[131.4720949520567,33.54237377689537],[131.46915951025082,33.54082159981881],[131.46740931433786,33.53935514191813],[131.46692937612065,33.538081430807274],[131.4665059367205,33.53953624964003],[131.466423666854,33.541567614266256],[131.4656107663313,33.54183227818239],[131.4655152797959,33.54335528820077],[131.4650746296767,33.54393706990689],[131.46406846187506,33.54517799220459],[131.46383513944997,33.54554159498501],[131.46274888043015,33.54584119677159],[131.46215394792074,33.54581313412872],[131.4598294304165,33.54549741568735],[131.45823883712512,33.545533669898745],[131.4570377714854,33.54559068658546]]]},"properties":{"KEY_CODE":"442090110","PREF":"44","CITY":"209","CITY_NAME":"豊後高田市","S_NAME":"佐野","SETAI":"161"}},{"type":"Feature","geometry":{"type":"Polygon","coordinates":[[[131.5196911190722,33.546815588386806],[131.51561655492077,33.54783801825541],[131.50942676817613,33.550353260898184],[131.50804193578028,33.55260406395149],[131.4989881501159,33.552222473383395],[131.49357212636446,33.55234541678503],[131.49228331655337,33.551119162850014],[131.48901311877512,33.54957498587178],[131.48949000220796,33.54873632777911],[131.49104558916383,33.547526106610974],[131.490234912164,33.545635542528856],[131.48806817840835,33.543432342622495],[131.48765164171104,33.5426253140665],[131.48779233797734,33.54091117665577],[131.4887506097968,33.53959440766411],[131.489250766584,33.53846253106999],[131.48921478061845,33.537764310927024],[131.48812919471496,33.53545414838239],[131.48719449162223,33.53435935637022],[131.48612809525403,33.533558854150776],[131.4835400784224,33.53215550895744],[131.48393668129904,33.531649303257645],[131.48346581080662,33.530840209633226],[131.48057631045234,33.530021206912195],[131.48093558715365,33.52855107161967],[131.48213437659845,33.52686178240994],[131.48344534524708,33.52440280344926],[131.4850336073096,33.52060894634689],[131.4864205848044,33.51907995681844],[131.48935604342967,33.51613666265345],[131.48940758183352,33.51617900736255],[131.4967809118955,33.52178620281212],[131.50199802194837,33.52610072161734],[131.5045287441674,33.52765799826955],[131.50444042826726,33.52816451963015],[131.5045830024126,33.52876713848656],[131.5037923531942,33.52921976792198],[131.50298130262897,33.530276200834855],[131.5035160708338,33.532016601991685],[131.50350968130138,33.53351926618724],[131.5015136288562,33.5359038566201],[131.50138545568248,33.53646854598042],[131.50255808032267,33.537476153795],[131.50419932818775,33.53835526448012],[131.50784781778535,33.539850236765766],[131.51068342508287,33.541308451574025],[131.51398560012765,33.54323506003908],[131.51543410853543,33.544234219291155],[131.51819282252342,33.54577184638903],[131.5196911190722,33.546815588386806]]]},"properties":{"KEY_CODE":"442090120","PREF":"44","CITY":"209","CITY_NAME":"豊後高田市","S_NAME":"小田原","SETAI":"102"}},{"type":"Feature","geometry":{"type":"Polygon","coordinates":[[[131.59538865300988,33.581286527750855],[131.59444290107922,33.58107943430289],[131.5927895535815,33.58123979677321],[131.59192724886384,33.582364169210976],[131.59177008076225,33.581914604331786],[131.589813453226,33.581552089118304],[131.58792122335836,33.579927594543804],[131.58752443861374,33.578669901463485],[131.58657011298456,33.57757354769356],[131.58389731096474,33.5759363335731],[131.58330126044504,33.57539597497761],[131.58139892710133,33.57461239654522],[131.5798827651869,33.57469643765677],[131.57752059111638,33.57433890949435],[131.57704894307295,33.57330135611274],[131.5763906991655,33.57295392100777],[131.57531249053574,33.57138803280925],[131.57349822472966,33.57012319573986],[131.57191582399204,33.569312843599256],[131.57367280728764,33.56838590295003],[131.57489460146533,33.568575527561016],[131.57580912723293,33.56809237639498],[131.57753660785974,33.567622986972125],[131.57926776401223,33.567423954437736],[131.58240972143528,33.56736731941488],[131.58397430798328,33.56687704855955],[131.58432548600854,33.565413088890004],[131.58403137125336,33.5645779478151],[131.5831947520427,33.563831858386365],[131.582249068346,33.563582973222665],[131.57924581829218,33.563863456306976],[131.57619901709114,33.56447600142138],[131.57404010812746,33.56355915140162],[131.5739338335688,33.562056041636374],[131.57112485957546,33.56235112244508],[131.57079794031765,33.562219418088205],[131.56978732685306,33.56299958672323],[131.56694935026312,33.56606947385588],[131.56629892423015,33.56605391743208],[131.56528653955158,33.56532109036528],[131.56368406385494,33.565022760603554],[131.56329656413024,33.56441845642988],[131.56212017629824,33.563574666028146],[131.5617308911236,33.56283515145524],[131.56185708210194,33.56153834695826],[131.5624510818894,33.56122643903535],[131.56276105146355,33.55938961440913],[131.5630915900784,33.558889367742744],[131.564112922542,33.55870804945574],[131.56628073932728,33.5587523654774],[131.56803062900744,33.558191754482245],[131.5699348194733,33.556549538029074],[131.5711462530477,33.55401238529708],[131.5719772108817,33.55337239602568],[131.5730998224303,33.55193129104297],[131.57405919737562,33.553691253516035],[131.57471032261478,33.554360436696825],[131.57554256230773,33.55431925857766],[131.57617033406524,33.55482669448026],[131.57636010153087,33.555980330673606],[131.57692753968132,33.55635736285665],[131.57940380807236,33.55649521058663],[131.58245432031666,33.55746744323236],[131.583061242458,33.5581803462026],[131.5864929862227,33.55944939862188],[131.58896702448166,33.55870021106327],[131.5903843237277,33.55942167123911],[131.5917689294172,33.561341298763],[131.5914453218698,33.56185319913966],[131.59286352283027,33.56323743655293],[131.59256384225841,33.564530275649545],[131.5935010229884,33.5656896466277],[131.59373020202563,33.56712934010074],[131.59490376885475,33.5680572908352],[131.59461195691395,33.568924264530516],[131.5943998605051,33.571551173082504],[131.59490400284372,33.57242631523327],[131.5948688929382,33.573269800007445],[131.5954247985137,33.57410108706563],[131.59528803490062,33.57529981076317],[131.59604320709016,33.575912331522495],[131.59604950049746,33.57682718737334],[131.59663865824052,33.577624108205846],[131.59564923736383,33.578630878148985],[131.59531975249786,33.579917636060834],[131.59538865300988,33.581286527750855]]]},"properties":{"KEY_CODE":"442090130","PREF":"44","CITY":"209","CITY_NAME":"豊後高田市","S_NAME":"一畑","SETAI":"19"}},{"type":"Feature","geometry":{"type":"Polygon","coordinates":[[[131.59192724886384,33.582364169210976],[131.59120833974436,33.583254472855565],[131.59044924554428,33.58315850294434],[131.58888161259046,33.584447966657706],[131.58831515556395,33.58425149942975],[131.5862111830161,33.58265883145417],[131.58436995609142,33.58308448050148],[131.582775176585,33.583113726689824],[131.58204357278495,33.5837893229249],[131.57990227045372,33.58347295599647],[131.57891339518795,33.58327802876508],[131.5787142304876,33.58240140756021],[131.57698622855565,33.58140431290996],[131.5760273820269,33.57978127022517],[131.5737122418824,33.578242286688834],[131.57338987764737,33.57728222573499],[131.5720224018229,33.576249178276214],[131.56833600827076,33.57560751792762],[131.56754276968798,33.574882764171946],[131.56592837148298,33.57266098376235],[131.56407028495784,33.571509052433946],[131.5612090673938,33.57030019400009],[131.55996168980198,33.570219142184854],[131.55872156478566,33.57050651744198],[131.5582237324912,33.571667147285666],[131.5568767336111,33.57243876313312],[131.55568768084098,33.57272545685553],[131.5533127827095,33.57271516187045],[131.5489481928344,33.57121959702468],[131.54593351909077,33.569712126543244],[131.54621420083603,33.56937804438056],[131.54439617898493,33.56714368245392],[131.5426110559601,33.56533709708461],[131.54121573387042,33.56431517920683],[131.5393058152711,33.56329862197129],[131.53381124988067,33.5616210786537],[131.53022422446864,33.56077967284884],[131.5306197850633,33.55996426222618],[131.5319356456984,33.559094160198164],[131.53395899992353,33.558464492501344],[131.53615640858732,33.55706525097846],[131.53868089310606,33.556311764711786],[131.54094277094657,33.55529309999492],[131.54351140903236,33.55474713150434],[131.5455647116637,33.55477255590099],[131.5494917006113,33.55521325208714],[131.55063555570322,33.55433692844855],[131.55026122353055,33.55344012784561],[131.55192281193763,33.553383591224986],[131.55410433885478,33.55376695172793],[131.55549249605775,33.5542753165939],[131.55623695629492,33.55511986740054],[131.5556447894292,33.555721015198834],[131.55592256427877,33.55627838597406],[131.55687292565764,33.55670304534587],[131.55838258654373,33.55790319563857],[131.5593195825185,33.55717079069345],[131.56075119768582,33.55735384508088],[131.56123148181857,33.55789032029457],[131.5615617628106,33.55919555812754],[131.56276105146355,33.55938961440913],[131.5624510818894,33.56122643903535],[131.56185708210194,33.56153834695826],[131.5617308911236,33.56283515145524],[131.56212017629824,33.563574666028146],[131.56329656413024,33.56441845642988],[131.56368406385494,33.565022760603554],[131.56528653955158,33.56532109036528],[131.56629892423015,33.56605391743208],[131.56694935026312,33.56606947385588],[131.56978732685306,33.56299958672323],[131.57079794031765,33.562219418088205],[131.57112485957546,33.56235112244508],[131.5739338335688,33.562056041636374],[131.57404010812746,33.56355915140162],[131.57619901709114,33.56447600142138],[131.57924581829218,33.563863456306976],[131.582249068346,33.563582973222665],[131.5831947520427,33.563831858386365],[131.58403137125336,33.5645779478151],[131.58432548600854,33.565413088890004],[131.58397430798328,33.56687704855955],[131.58240972143528,33.56736731941488],[131.57926776401223,33.567423954437736],[131.57753660785974,33.567622986972125],[131.57580912723293,33.56809237639498],[131.57489460146533,33.568575527561016],[131.57367280728764,33.56838590295003],[131.57191582399204,33.569312843599256],[131.57349822472966,33.57012319573986],[131.57531249053574,33.57138803280925],[131.5763906991655,33.57295392100777],[131.57704894307295,33.57330135611274],[131.57752059111638,33.57433890949435],[131.5798827651869,33.57469643765677],[131.58139892710133,33.57461239654522],[131.58330126044504,33.57539597497761],[131.58389731096474,33.5759363335731],[131.58657011298456,33.57757354769356],[131.58752443861374,33.578669901463485],[131.58792122335836,33.579927594543804],[131.589813453226,33.581552089118304],[131.59177008076225,33.581914604331786],[131.59192724886384,33.582364169210976]]]},"properties":{"KEY_CODE":"442090140","PREF":"44","CITY":"209","CITY_NAME":"豊後高田市","S_NAME":"加礼川","SETAI":"60"}},{"type":"Feature","geometry":{"type":"Polygon","coordinates":[[[131.5730998224303,33.55193129104297],[131.5719772108817,33.55337239602568],[131.5711462530477,33.55401238529708],[131.5699348194733,33.556549538029074],[131.56803062900744,33.558191754482245],[131.56628073932728,33.5587523654774],[131.564112922542,33.55870804945574],[131.5630915900784,33.558889367742744],[131.56276105146355,33.55938961440913],[131.5615617628106,33.55919555812754],[131.56123148181857,33.55789032029457],[131.56075119768582,33.55735384508088],[131.5593195825185,33.55717079069345],[131.55838258654373,33.55790319563857],[131.55687292565764,33.55670304534587],[131.55592256427877,33.55627838597406],[131.5556447894292,33.555721015198834],[131.55623695629492,33.55511986740054],[131.55549249605775,33.5542753165939],[131.55410433885478,33.55376695172793],[131.55192281193763,33.553383591224986],[131.55026122353055,33.55344012784561],[131.54831552807002,33.55314029298107],[131.54782937759225,33.55260376175898],[131.5452448993464,33.55292440896489],[131.54406018995047,33.55218146765574],[131.54155284250365,33.55245182312191],[131.53894259309277,33.55247316907315],[131.5383270734204,33.55316411407956],[131.53791776864406,33.554432702358625],[131.53672683018186,33.55460745725417],[131.53537404222087,33.55365570471999],[131.5348740024342,33.554298046830986],[131.53257566543155,33.55219148753434],[131.52838938323595,33.54901260290488],[131.52665884407887,33.547182714496],[131.52651420197785,33.5463818717741],[131.52704557487885,33.54592304113538],[131.5290089003012,33.545439049786566],[131.53261771540207,33.54513731351522],[131.53792948435682,33.54492842239186],[131.54458616760346,33.54489864669532],[131.54678246152685,33.54507821093995],[131.54859630930702,33.545013899770254],[131.55051271380916,33.5445202817877],[131.5540807572959,33.543986530272136],[131.55707881594458,33.54336863160304],[131.55967404717657,33.54249761905484],[131.56078244090043,33.54322163146343],[131.5615927594797,33.54496993059129],[131.56296836655466,33.54506327424557],[131.5639763740444,33.546343868992196],[131.564586323268,33.54755472686189],[131.56683877702395,33.54816991755141],[131.56830524552976,33.54907494611035],[131.56951075919247,33.54928725788813],[131.57093098055012,33.55049430339362],[131.5730998224303,33.55193129104297]]]},"properties":{"KEY_CODE":"442090150","PREF":"44","CITY":"209","CITY_NAME":"豊後高田市","S_NAME":"梅ノ木","SETAI":"35"}},{"type":"Feature","geometry":{"type":"Polygon","coordinates":[[[131.55026122353055,33.55344012784561],[131.55063555570322,33.55433692844855],[131.5494917006113,33.55521325208714],[131.5455647116637,33.55477255590099],[131.54351140903236,33.55474713150434],[131.54094277094657,33.55529309999492],[131.53868089310606,33.556311764711786],[131.53615640858732,33.55706525097846],[131.53395899992353,33.558464492501344],[131.5319356456984,33.559094160198164],[131.5306197850633,33.55996426222618],[131.53022422446864,33.56077967284884],[131.53381124988067,33.5616210786537],[131.5393058152711,33.56329862197129],[131.54121573387042,33.56431517920683],[131.5426110559601,33.56533709708461],[131.54439617898493,33.56714368245392],[131.54621420083603,33.56937804438056],[131.54593351909077,33.569712126543244],[131.54171710516803,33.56737478485303],[131.53585509140973,33.56457438997277],[131.53386756622868,33.56382899574486],[131.5321283409493,33.56341904306299],[131.5287159641192,33.563499753442116],[131.52395665328845,33.56415777545278],[131.5233922725898,33.5645016631046],[131.52123906917024,33.563509871001045],[131.51951541029172,33.563422633809274],[131.5202554158685,33.56233838229104],[131.52278490939068,33.561537215181005],[131.5238847515736,33.56071389132629],[131.5256957140938,33.55898757087966],[131.52672929211624,33.55894258556733],[131.52905735760817,33.55757025692336],[131.5304846824127,33.557223581923296],[131.53359617758602,33.55713499623748],[131.53404263119612,33.55687254496275],[131.5348740024342,33.554298046830986],[131.53537404222087,33.55365570471999],[131.53672683018186,33.55460745725417],[131.53791776864406,33.554432702358625],[131.5383270734204,33.55316411407956],[131.53894259309277,33.55247316907315],[131.54155284250365,33.55245182312191],[131.54406018995047,33.55218146765574],[131.5452448993464,33.55292440896489],[131.54782937759225,33.55260376175898],[131.54831552807002,33.55314029298107],[131.55026122353055,33.55344012784561]]]},"properties":{"KEY_CODE":"442090160","PREF":"44","CITY":"209","CITY_NAME":"豊後高田市","S_NAME":"新城","SETAI":"73"}},{"type":"Feature","geometry":{"type":"Polygon","coordinates":[[[131.56833600827076,33.57560751792762],[131.56672928961578,33.57713993925468],[131.5680951009332,33.577753095918276],[131.56941045323254,33.578728195528065],[131.56882810995637,33.58000610452742],[131.56651205586735,33.58054239968058],[131.56704714233433,33.582010386921915],[131.5662535575495,33.582859794814496],[131.56628892269373,33.584404807778405],[131.56752252755476,33.58416616953782],[131.56958266913492,33.5840954284246],[131.5696353840356,33.586184109375836],[131.56786121708444,33.58613030248267],[131.5665945055034,33.587232156571105],[131.56570975840373,33.58751360338164],[131.56183367181296,33.58716023267018],[131.56061980018103,33.586527696375974],[131.5605643976681,33.58553997892922],[131.55982579043834,33.5846441802315],[131.5590002651748,33.58460621157739],[131.5576292610151,33.58327555507398],[131.5548791433121,33.58322540067728],[131.5542925523802,33.582721856075814],[131.55301268159883,33.58284075107704],[131.55169487165688,33.58258461668548],[131.5502920490493,33.582945160973274],[131.54843717548073,33.58213758116907],[131.54584950399234,33.58188402362377],[131.5440074542249,33.580838085398284],[131.54102947778117,33.580735012233596],[131.5387753896673,33.580342863691286],[131.5374738077176,33.58039612837861],[131.53667294113893,33.58089383405888],[131.5358656903734,33.580349473473966],[131.53527575239585,33.58043539174832],[131.53460764045604,33.57937832465325],[131.53212360336389,33.57918057613261],[131.53172944620397,33.578711798206214],[131.5300224746268,33.57819209272763],[131.52934333191433,33.577647145135394],[131.5281432406295,33.57800358906397],[131.5276199555976,33.57852389334706],[131.52635263599396,33.57718346962783],[131.52597773297515,33.57733115779977],[131.52456854240302,33.57683671353341],[131.52430767823498,33.57605176575753],[131.52355014885177,33.57547735369142],[131.5228645614315,33.57562014097225],[131.5220539478466,33.567805797525295],[131.52344292035465,33.56513508811744],[131.5233922725898,33.5645016631046],[131.52395665328845,33.56415777545278],[131.5287159641192,33.563499753442116],[131.5321283409493,33.56341904306299],[131.53386756622868,33.56382899574486],[131.53585509140973,33.56457438997277],[131.54171710516803,33.56737478485303],[131.54593351909077,33.569712126543244],[131.5489481928344,33.57121959702468],[131.5533127827095,33.57271516187045],[131.55568768084098,33.57272545685553],[131.5568767336111,33.57243876313312],[131.5582237324912,33.571667147285666],[131.55872156478566,33.57050651744198],[131.55996168980198,33.570219142184854],[131.5612090673938,33.57030019400009],[131.56407028495784,33.571509052433946],[131.56592837148298,33.57266098376235],[131.56754276968798,33.574882764171946],[131.56833600827076,33.57560751792762]]]},"properties":{"KEY_CODE":"442090170","PREF":"44","CITY":"209","CITY_NAME":"豊後高田市","S_NAME":"長岩屋","SETAI":"53"}},{"type":"Feature","geometry":{"type":"Polygon","coordinates":[[[131.52276785035903,33.575624422690574],[131.5207207573415,33.57519446090016],[131.51986090582773,33.57534694201477],[131.51708672614797,33.57477790371337],[131.51542840822017,33.57463590034104],[131.51365135076767,33.57486356598487],[131.51238093041124,33.57536308150253],[131.51140032715594,33.576150183309664],[131.51125310683108,33.57773477948285],[131.51071602319365,33.57834439920732],[131.50904102571715,33.57901228419326],[131.50881309047713,33.57957597539541],[131.50701798959648,33.578282502806886],[131.50561740139304,33.576832015851416],[131.50521951609747,33.5753937586539],[131.50550772207006,33.57252863429905],[131.50861662407,33.57200090807917],[131.51052835497438,33.570717872222005],[131.51078135816175,33.56970250168927],[131.5105012575494,33.566910906377146],[131.5099624983805,33.56407239700343],[131.5099182926831,33.56374497998415],[131.51273705562627,33.563845530115195],[131.515539231835,33.564120292581364],[131.51951541029172,33.563422633809274],[131.52123906917024,33.563509871001045],[131.5233922725898,33.5645016631046],[131.52344292035465,33.56513508811744],[131.5220539478466,33.567805797525295],[131.5228645614315,33.57562014097225],[131.52276785035903,33.575624422690574]]]},"properties":{"KEY_CODE":"442090180","PREF":"44","CITY":"209","CITY_NAME":"豊後高田市","S_NAME":"松行","SETAI":"42"}},{"type":"Feature","geometry":{"type":"Polygon","coordinates":[[[131.49784645729346,33.56877564703367],[131.4979555164296,33.56672375758703],[131.5005755656609,33.56500402901645],[131.49997761160094,33.56352821411543],[131.49835586840143,33.5635316275527],[131.49777055374273,33.56306763851786],[131.50283185425621,33.56338426538504],[131.50583446772364,33.56385905755073],[131.50824756129234,33.56394663565268],[131.5099624983805,33.56407239700343],[131.5105012575494,33.566910906377146],[131.51078135816175,33.56970250168927],[131.51052835497438,33.570717872222005],[131.50861662407,33.57200090807917],[131.50550772207006,33.57252863429905],[131.5042130169754,33.57087414987265],[131.5021913276135,33.56956517706327],[131.5009391567109,33.56910470265872],[131.49784645729346,33.56877564703367]]]},"properties":{"KEY_CODE":"442090190","PREF":"44","CITY":"209","CITY_NAME":"豊後高田市","S_NAME":"築地","SETAI":"36"}},{"type":"Feature","geometry":{"type":"Polygon","coordinates":[[[131.49784645729346,33.56877564703367],[131.49312709952227,33.56874500155513],[131.4904476312246,33.56860340449659],[131.48915847392283,33.56836798266754],[131.48740090818774,33.56766357312905],[131.4862665245193,33.566983701634065],[131.48521139958095,33.565907289115394],[131.48397010296617,33.56416207980631],[131.48407187219814,33.5632171237261],[131.4850144928645,33.561064004283],[131.48651364266104,33.55965153908055],[131.48688342288338,33.55890409042561],[131.48714857569917,33.558450634768704],[131.48876085835613,33.55742009421711],[131.49028811032773,33.55609741867377],[131.49092434070658,33.556129378218465],[131.49269021806694,33.55635310561772],[131.49318533828819,33.555598467342534],[131.49363186440286,33.555080966716524],[131.49536921115066,33.554177889718865],[131.4938756676759,33.55421818721363],[131.49272140378037,33.554079713559375],[131.49357212636446,33.55234541678503],[131.4989881501159,33.552222473383395],[131.4986396878004,33.55461480571368],[131.49921075553195,33.55900361871914],[131.50005274905376,33.55917532996023],[131.50199004358615,33.56025984580375],[131.50329308015603,33.560471900400195],[131.50684339120573,33.56059329485235],[131.50534463777586,33.56200587930395],[131.50682046388545,33.56300488982405],[131.50820800392907,33.56346390595331],[131.50824756129234,33.56394663565268],[131.50583446772364,33.56385905755073],[131.50283185425621,33.56338426538504],[131.49777055374273,33.56306763851786],[131.49835586840143,33.5635316275527],[131.49997761160094,33.56352821411543],[131.5005755656609,33.56500402901645],[131.4979555164296,33.56672375758703],[131.49784645729346,33.56877564703367]]]},"properties":{"KEY_CODE":"442090200","PREF":"44","CITY":"209","CITY_NAME":"豊後高田市","S_NAME":"荒尾","SETAI":"65"}},{"type":"Feature","geometry":{"type":"Polygon","coordinates":[[[131.51951541029172,33.563422633809274],[131.515539231835,33.564120292581364],[131.51273705562627,33.563845530115195],[131.5099182926831,33.56374497998415],[131.5099624983805,33.56407239700343],[131.50824756129234,33.56394663565268],[131.50820800392907,33.56346390595331],[131.50682046388545,33.56300488982405],[131.50534463777586,33.56200587930395],[131.50684339120573,33.56059329485235],[131.50329308015603,33.560471900400195],[131.50199004358615,33.56025984580375],[131.50005274905376,33.55917532996023],[131.49921075553195,33.55900361871914],[131.4986396878004,33.55461480571368],[131.4989881501159,33.552222473383395],[131.50804193578028,33.55260406395149],[131.50942676817613,33.550353260898184],[131.51561655492077,33.54783801825541],[131.5196911190722,33.546815588386806],[131.52302512838756,33.54685996874247],[131.52665884407887,33.547182714496],[131.52838938323595,33.54901260290488],[131.53257566543155,33.55219148753434],[131.5348740024342,33.554298046830986],[131.53404263119612,33.55687254496275],[131.53359617758602,33.55713499623748],[131.5304846824127,33.557223581923296],[131.52905735760817,33.55757025692336],[131.52672929211624,33.55894258556733],[131.5256957140938,33.55898757087966],[131.5238847515736,33.56071389132629],[131.52278490939068,33.561537215181005],[131.5202554158685,33.56233838229104],[131.51951541029172,33.563422633809274]]]},"properties":{"KEY_CODE":"442090210","PREF":"44","CITY":"209","CITY_NAME":"豊後高田市","S_NAME":"大力","SETAI":"46"}},{"type":"Feature","geometry":{"type":"Polygon","coordinates":[[[131.47302761749083,33.592354052068586],[131.47114862392877,33.59231182494247],[131.4683156737737,33.59245704651271],[131.46713076784505,33.592313429540056],[131.46462477811824,33.59302456945074],[131.46470636628987,33.5945301226995],[131.46122976891255,33.595488573443525],[131.45780338870748,33.59669278183593],[131.45424954987527,33.598225763355124],[131.45237715280382,33.59301953812298],[131.4516693712577,33.58898516320123],[131.45189307374173,33.588513469751796],[131.44982110129746,33.58066936858953],[131.45090575967745,33.57994812919854],[131.45189479340132,33.578774669160396],[131.45109294123992,33.57838065412596],[131.4519979683875,33.57472884137882],[131.4519397199982,33.57348298176249],[131.44940504393074,33.57274345464456],[131.44816876058331,33.57277017105557],[131.44944871961835,33.57195595015623],[131.44954959673555,33.57114002535968],[131.45201169556736,33.57006382273367],[131.45083014846472,33.5688165919918],[131.4499874562966,33.56828382955968],[131.4497352361764,33.568995038435396],[131.44816059605205,33.5694218796542],[131.4480857002179,33.56985422222306],[131.44716127735907,33.569471042688704],[131.4475639095363,33.56874703699651],[131.44893916068713,33.56740120660272],[131.44930503795516,33.56626892634003],[131.44898167423662,33.565806577528235],[131.44944585192167,33.56545344247159],[131.4488876631235,33.56450584531621],[131.4491895597689,33.563801888557975],[131.44931583398954,33.563933519966135],[131.45014111537395,33.564342703141115],[131.45059028255955,33.56432470028296],[131.45076285342483,33.56449072474245],[131.45080482505574,33.564583660069275],[131.45123145761028,33.56440913363403],[131.45155136522698,33.564205986493945],[131.45164945485,33.564109369551076],[131.45291935807336,33.56441177675965],[131.45485720578125,33.563718425128755],[131.45525884277194,33.564838208650045],[131.45719876718874,33.564909732449124],[131.45864349254634,33.564246321809506],[131.46116336783098,33.564101692579165],[131.462958873696,33.56371874151046],[131.46391277254438,33.562811973785465],[131.46423415643832,33.56294538574797],[131.46518430712192,33.56196370666355],[131.4673222995909,33.56240289844759],[131.46945519956986,33.56253486586919],[131.4698391370022,33.562136673665734],[131.47152079202988,33.56276708131783],[131.47555696805713,33.56451644818151],[131.48092479986113,33.56500634520682],[131.48439549774466,33.56564510436276],[131.48521139958095,33.565907289115394],[131.4862665245193,33.566983701634065],[131.48740090818774,33.56766357312905],[131.48915847392283,33.56836798266754],[131.4904476312246,33.56860340449659],[131.49312709952227,33.56874500155513],[131.49784645729346,33.56877564703367],[131.5009391567109,33.56910470265872],[131.5021913276135,33.56956517706327],[131.5042130169754,33.57087414987265],[131.50550772207006,33.57252863429905],[131.50521951609747,33.5753937586539],[131.50561740139304,33.576832015851416],[131.50701798959648,33.578282502806886],[131.50881309047713,33.57957597539541],[131.50644453141098,33.57965121610322],[131.50489622388076,33.580714554192134],[131.50463124291352,33.5811941389089],[131.5043732501771,33.58131811939954],[131.5034618610699,33.581184888861614],[131.50270443609108,33.581232635589195],[131.50242034122473,33.58131117570415],[131.50142100525517,33.58197626352554],[131.50055183865294,33.5817653850954],[131.49997953324606,33.58183022297736],[131.49934857276168,33.58221987619935],[131.49880863579594,33.58235304992548],[131.49843791969414,33.58222355340141],[131.49744243482854,33.582191360484714],[131.49685237440087,33.58232685982112],[131.49602024591684,33.582409234965965],[131.49537350442742,33.58254650784764],[131.4944571165369,33.58286516974376],[131.49340654440329,33.58284552150777],[131.49262068741376,33.58280662598156],[131.4921183370302,33.582849290694995],[131.49152962435576,33.58290490887467],[131.49095430731333,33.58288868740007],[131.49032267388935,33.58318518380722],[131.48938882539844,33.58383934059888],[131.48828757333126,33.58422565373239],[131.48694898792,33.58421709828313],[131.4868581768789,33.58430851155849],[131.48497079458565,33.58555819041182],[131.4839859744605,33.58582433229378],[131.4835950053796,33.58581360946451],[131.48339651429333,33.58593009476854],[131.4833031180023,33.58604158799022],[131.48312740395968,33.58627372538501],[131.4830058546689,33.58630199190387],[131.4826058825993,33.58648178663637],[131.48224364291428,33.586992407721716],[131.48202416256677,33.58730807697526],[131.48192320761416,33.58743734836655],[131.48171901976298,33.58754391659686],[131.4813095187219,33.58760018072754],[131.48105498242873,33.58758268289803],[131.48010471565794,33.58778542519748],[131.4796629472446,33.58791214555402],[131.47902211415624,33.58805351701258],[131.47842809572785,33.58815997489006],[131.47746337505401,33.58875163580967],[131.4754621574276,33.58944679124445],[131.47522120290793,33.589896761172085],[131.47402235583448,33.59015599309986],[131.4738154043164,33.5907539732848],[131.47374625317784,33.5912541738719],[131.47335068189088,33.59174640231164],[131.47302761749083,33.592354052068586]]]},"properties":{"KEY_CODE":"442090220","PREF":"44","CITY":"209","CITY_NAME":"豊後高田市","S_NAME":"草地","SETAI":"366"}},{"type":"Feature","geometry":{"type":"Polygon","coordinates":[[[131.45109294123992,33.57838065412596],[131.45189479340132,33.578774669160396],[131.45090575967745,33.57994812919854],[131.44982110129746,33.58066936858953],[131.45189307374173,33.588513469751796],[131.4516693712577,33.58898516320123],[131.45237715280382,33.59301953812298],[131.45424954987527,33.598225763355124],[131.44525577637785,33.60707892521396],[131.43307045109108,33.5983734526255],[131.42395137757222,33.5919076557077],[131.423593155035,33.588041619726724],[131.42436572110478,33.58276963470271],[131.42558327360473,33.57928859328531],[131.42613764267526,33.578492155624076],[131.42095313565676,33.577749491467856],[131.42910104406724,33.57235701023586],[131.43360194254439,33.5673317095185],[131.43574408614168,33.56889377439955],[131.4375392385209,33.56624602151411],[131.43822996027802,33.566706815344986],[131.4405719348592,33.57246925448749],[131.44118308133753,33.57239328446463],[131.44211012024695,33.57376861977488],[131.44441519885353,33.57399697156616],[131.44517956716155,33.57339890439625],[131.44665485653434,33.575605502080506],[131.44719460315716,33.57525774389439],[131.44826469388158,33.57656259443635],[131.4489781318623,33.5785370990211],[131.45109294123992,33.57838065412596]]]},"properties":{"KEY_CODE":"442090230","PREF":"44","CITY":"209","CITY_NAME":"豊後高田市","S_NAME":"呉崎","SETAI":"566"}},{"type":"Feature","geometry":{"type":"Polygon","coordinates":[[[131.51498560150208,33.521536785189525],[131.5144910725095,33.52269307366545],[131.51224198882826,33.525233867166165],[131.51085036171085,33.52572491312269],[131.50947163470667,33.52574367594344],[131.5080878522867,33.52623465408008],[131.5074250190342,33.526762016030595],[131.50699294776788,33.527904910874035],[131.5064148097176,33.528182696715426],[131.50547257400956,33.52781928060471],[131.50444042826726,33.52816451963015],[131.5045287441674,33.52765799826955],[131.50199802194837,33.52610072161734],[131.4967809118955,33.52178620281212],[131.48940758183352,33.51617900736255],[131.49045772375533,33.515573134024955],[131.49288407839924,33.51454487867259],[131.4957895100007,33.51409039360366],[131.50075950794755,33.51407044298036],[131.5022873882965,33.51388763682764],[131.50435198123344,33.51289137864064],[131.50592012418406,33.51290507268788],[131.50905423015138,33.51338567569547],[131.50915423696728,33.51551373795649],[131.51039198594742,33.51627595827013],[131.5110212421411,33.51787070140482],[131.51051360563017,33.51904228538113],[131.51164804022773,33.519301459205636],[131.51498560150208,33.521536785189525]]]},"properties":{"KEY_CODE":"442090240","PREF":"44","CITY":"209","CITY_NAME":"豊後高田市","S_NAME":"田染横嶺","SETAI":"39"}},{"type":"Feature","geometry":{"type":"Polygon","coordinates":[[[131.5201737886323,33.51073525793268],[131.52035547624448,33.51172919705928],[131.51949601292338,33.51275182441237],[131.51895687152447,33.51551234528938],[131.51841345140653,33.51636116519649],[131.51744440922766,33.51690025800772],[131.5161004316999,33.51711161670182],[131.51490698068318,33.51921848852376],[131.5147583419517,33.52019984720231],[131.51498560150208,33.521536785189525],[131.51164804022773,33.519301459205636],[131.51051360563017,33.51904228538113],[131.5110212421411,33.51787070140482],[131.51039198594742,33.51627595827013],[131.50915423696728,33.51551373795649],[131.50905423015138,33.51338567569547],[131.51043299608295,33.51342034197852],[131.5123955348006,33.51019609138715],[131.51674704592673,33.510036112589994],[131.5201737886323,33.51073525793268]]]},"properties":{"KEY_CODE":"442090250","PREF":"44","CITY":"209","CITY_NAME":"豊後高田市","S_NAME":"田染真中","SETAI":"53"}},{"type":"Feature","geometry":{"type":"Polygon","coordinates":[[[131.5310015422964,33.49855522752584],[131.5301888836268,33.50027691315129],[131.52950047440976,33.50077807857198],[131.52615060619866,33.49881164023268],[131.52459552332422,33.498290871061776],[131.52308663662566,33.49826501362336],[131.5217059523849,33.49878613095177],[131.52051659629015,33.49811816396327],[131.51734731275877,33.4977998316291],[131.51675770921238,33.49715521631868],[131.514614625624,33.49867805008059],[131.51301633542136,33.49934420539696],[131.5125375215523,33.4977533593634],[131.511263107907,33.49564196579135],[131.51001116607026,33.49473940117348],[131.50871500482575,33.49445615002129],[131.50701127327625,33.494577290817936],[131.5045265836607,33.49410228373328],[131.50088380078026,33.492778426819086],[131.49814418046287,33.4913740705882],[131.49803005373167,33.49014343058468],[131.49729917997183,33.488922464220366],[131.49742994533597,33.48883219186411],[131.49773501969474,33.488753650096136],[131.49812336818002,33.48877075108395],[131.49866100574317,33.48873923951131],[131.49945631396272,33.48840405829046],[131.50041801613725,33.487954852755976],[131.50096159487518,33.487567318644246],[131.50106265561854,33.48743623422736],[131.50114057587422,33.48714794269931],[131.50132940366868,33.48678185308591],[131.5018165072671,33.48653856493808],[131.50207648093914,33.486366817543754],[131.50250694674293,33.48595975970662],[131.50279556459162,33.485733017878786],[131.50324447193165,33.485544752149856],[131.5033046212684,33.48548586155676],[131.50355454698595,33.48523416169786],[131.50405531227113,33.48543210521227],[131.50486763475234,33.485299439459546],[131.50494915656444,33.48508312150811],[131.5054927099048,33.48414893457716],[131.50604829096466,33.48391731593217],[131.50620463203128,33.483439369576665],[131.50618346173988,33.48280080064747],[131.50608950276947,33.48223720029858],[131.5061811862865,33.48157551721189],[131.50611758330746,33.48085286935807],[131.50662741108655,33.48027924316307],[131.50776156156493,33.479839130148704],[131.51001808190344,33.4807644526852],[131.51086236335763,33.480848856420266],[131.51204025707062,33.48076869336444],[131.51259967960385,33.4808082274356],[131.51401566367042,33.48045926310255],[131.51491141530033,33.47995344530956],[131.51606545335974,33.47837122596279],[131.5169023633124,33.47804975803237],[131.5179770406973,33.477409309330014],[131.51850729635098,33.47674181951719],[131.51900383207212,33.476279498306596],[131.52035338947428,33.47653325288447],[131.5212514463451,33.47642906473146],[131.5216482027523,33.475983914513044],[131.52312169809758,33.47525804077682],[131.52383684336925,33.47546000821593],[131.5246172998369,33.47572449457791],[131.52558878696067,33.476214081164485],[131.5262198724847,33.47654611340778],[131.52651101501402,33.47681266872734],[131.52686142825146,33.47696182141418],[131.5276774658968,33.47733071286995],[131.52853700920903,33.47746930605956],[131.5292350258378,33.477307327151166],[131.5296850095459,33.47741416822943],[131.5307997428179,33.47763953082498],[131.53385266541537,33.47720798863516],[131.53524963596817,33.47704296023256],[131.53551971788795,33.47712544518083],[131.5347773905688,33.47983160168858],[131.53420143722045,33.48036130531591],[131.53464146516657,33.481284078039586],[131.53437651187548,33.4828626455463],[131.5348243026963,33.484241485173285],[131.53569288494342,33.48502017267335],[131.53442138074266,33.48612190945691],[131.5342051983255,33.48670025258808],[131.53410555772186,33.489190258628966],[131.53342326969172,33.490306216941384],[131.53356714498386,33.49424706714079],[131.53311292460307,33.49510262095397],[131.53361703766592,33.49587867072272],[131.53201119165882,33.496237065550396],[131.53055357370192,33.49715125501429],[131.5310015422964,33.49855522752584]]]},"properties":{"KEY_CODE":"442090260","PREF":"44","CITY":"209","CITY_NAME":"豊後高田市","S_NAME":"田染平野","SETAI":"35"}},{"type":"Feature","geometry":{"type":"Polygon","coordinates":[[[131.53288623735236,33.50297398179391],[131.53221804331773,33.50354396328117],[131.53089228430733,33.503759308607826],[131.5290734382721,33.50535309649535],[131.52819273043383,33.50533469056799],[131.52817388924805,33.506909391417224],[131.5266395601159,33.5074981583683],[131.52660266394545,33.508350891674496],[131.5246423031104,33.50880700412606],[131.52252909333612,33.50791054028456],[131.52149503346666,33.50771937019215],[131.52113682781786,33.50817178482596],[131.5214584972751,33.509019141102904],[131.5201737886323,33.51073525793268],[131.51674704592673,33.510036112589994],[131.51698495126521,33.508890057592104],[131.51895103270212,33.50577006935503],[131.5202298145516,33.504259158352035],[131.521303092917,33.503739359491135],[131.5217344311078,33.5027512909697],[131.5218063770833,33.50031144261938],[131.52135484733927,33.49952833567005],[131.5217059523849,33.49878613095177],[131.52308663662566,33.49826501362336],[131.52459552332422,33.498290871061776],[131.52615060619866,33.49881164023268],[131.52950047440976,33.50077807857198],[131.5301888836268,33.50027691315129],[131.5310015422964,33.49855522752584],[131.53182335886856,33.49983625607552],[131.53205267784492,33.50140850946461],[131.53162833616517,33.50225550368924],[131.53288623735236,33.50297398179391]]]},"properties":{"KEY_CODE":"442090270","PREF":"44","CITY":"209","CITY_NAME":"豊後高田市","S_NAME":"田染上野","SETAI":"34"}},{"type":"Feature","geometry":{"type":"Polygon","coordinates":[[[131.55069330176923,33.52864759449959],[131.54713202740962,33.52930253636244],[131.54510348561737,33.528915185434556],[131.54349860438307,33.53002260867862],[131.540956597449,33.530671762237],[131.53952471559495,33.530688304184274],[131.53732116768873,33.53016922609732],[131.53225338371482,33.5298844139815],[131.5307371055122,33.52990028770237],[131.5308064514851,33.528998107946386],[131.53030420488975,33.52787658789419],[131.52940679009762,33.52703736922193],[131.52710196527036,33.525429940463724],[131.5260421550323,33.525013972868614],[131.52298661205566,33.52474809683268],[131.52153203217185,33.523027562449116],[131.52054203006367,33.52100285945473],[131.52079213406518,33.52031266948833],[131.5205119214278,33.51833330738406],[131.5206746944269,33.51723051032087],[131.51841345140653,33.51636116519649],[131.51895687152447,33.51551234528938],[131.51949601292338,33.51275182441237],[131.52035547624448,33.51172919705928],[131.5201737886323,33.51073525793268],[131.5214584972751,33.509019141102904],[131.52113682781786,33.50817178482596],[131.52149503346666,33.50771937019215],[131.52252909333612,33.50791054028456],[131.5246423031104,33.50880700412606],[131.52660266394545,33.508350891674496],[131.5266395601159,33.5074981583683],[131.52817388924805,33.506909391417224],[131.52819273043383,33.50533469056799],[131.5290734382721,33.50535309649535],[131.53089228430733,33.503759308607826],[131.53221804331773,33.50354396328117],[131.53288623735236,33.50297398179391],[131.53500991408424,33.50396903770449],[131.5356363673051,33.50513781844475],[131.53722131116564,33.505427976228134],[131.53799841614008,33.506721615622155],[131.5390622866222,33.5075454119531],[131.53905355042514,33.50855376946579],[131.53967341527496,33.50864312643254],[131.54043767932222,33.50946818723944],[131.5404817595484,33.51093658903765],[131.54101284350932,33.511202013942636],[131.54109735160432,33.51194640044414],[131.5423143581703,33.51327992654184],[131.54306000745595,33.515105027791414],[131.54399384628158,33.515879132329495],[131.54480084503643,33.51553247900544],[131.54479497741306,33.51459529573568],[131.54546163447338,33.514165605129996],[131.5465293208931,33.516365820038004],[131.54615083859196,33.51813315014909],[131.54711015148015,33.51896988730587],[131.5465954808047,33.51974200311067],[131.54655105453836,33.52062083862473],[131.54799978516195,33.52143029115845],[131.54776577536205,33.52234346500323],[131.5498796129104,33.52326289906239],[131.5493847178773,33.52400148192719],[131.54958608221446,33.525034024306876],[131.5503214683853,33.52598473087259],[131.55033012007755,33.52734865297088],[131.55069330176923,33.52864759449959]]]},"properties":{"KEY_CODE":"442090280","PREF":"44","CITY":"209","CITY_NAME":"豊後高田市","S_NAME":"田染相原","SETAI":"56"}},{"type":"Feature","geometry":{"type":"Polygon","coordinates":[[[131.51841345140653,33.51636116519649],[131.5206746944269,33.51723051032087],[131.5205119214278,33.51833330738406],[131.52079213406518,33.52031266948833],[131.52054203006367,33.52100285945473],[131.52153203217185,33.523027562449116],[131.52298661205566,33.52474809683268],[131.5260421550323,33.525013972868614],[131.52710196527036,33.525429940463724],[131.52940679009762,33.52703736922193],[131.53030420488975,33.52787658789419],[131.5308064514851,33.528998107946386],[131.5307371055122,33.52990028770237],[131.52997787813382,33.5307746012789],[131.5283983959568,33.53120925291933],[131.52704336564912,33.53113327502679],[131.52394512501468,33.52968821409927],[131.52104232522018,33.52880447860402],[131.51811532152058,33.52836652536682],[131.51620500396095,33.528586581077036],[131.51399500751455,33.529398153381955],[131.51012894589556,33.52982782812038],[131.50627515718375,33.52969939407803],[131.50543535598976,33.52849155780587],[131.5045830024126,33.52876713848656],[131.50444042826726,33.52816451963015],[131.50547257400956,33.52781928060471],[131.5064148097176,33.528182696715426],[131.50699294776788,33.527904910874035],[131.5074250190342,33.526762016030595],[131.5080878522867,33.52623465408008],[131.50947163470667,33.52574367594344],[131.51085036171085,33.52572491312269],[131.51224198882826,33.525233867166165],[131.5144910725095,33.52269307366545],[131.51498560150208,33.521536785189525],[131.5147583419517,33.52019984720231],[131.51490698068318,33.51921848852376],[131.5161004316999,33.51711161670182],[131.51744440922766,33.51690025800772],[131.51841345140653,33.51636116519649]]]},"properties":{"KEY_CODE":"442090290","PREF":"44","CITY":"209","CITY_NAME":"豊後高田市","S_NAME":"田染池部","SETAI":"50"}},{"type":"Feature","geometry":{"type":"Polygon","coordinates":[[[131.55967404717657,33.54249761905484],[131.55707881594458,33.54336863160304],[131.5540807572959,33.543986530272136],[131.55051271380916,33.5445202817877],[131.54859630930702,33.545013899770254],[131.54678246152685,33.54507821093995],[131.54458616760346,33.54489864669532],[131.53792948435682,33.54492842239186],[131.53261771540207,33.54513731351522],[131.5290089003012,33.545439049786566],[131.52704557487885,33.54592304113538],[131.52651420197785,33.5463818717741],[131.52665884407887,33.547182714496],[131.52302512838756,33.54685996874247],[131.5196911190722,33.546815588386806],[131.51819282252342,33.54577184638903],[131.51543410853543,33.544234219291155],[131.51398560012765,33.54323506003908],[131.51068342508287,33.541308451574025],[131.50784781778535,33.539850236765766],[131.50419932818775,33.53835526448012],[131.50255808032267,33.537476153795],[131.50138545568248,33.53646854598042],[131.5015136288562,33.5359038566201],[131.50350968130138,33.53351926618724],[131.5035160708338,33.532016601991685],[131.50298130262897,33.530276200834855],[131.5037923531942,33.52921976792198],[131.5045830024126,33.52876713848656],[131.50543535598976,33.52849155780587],[131.50627515718375,33.52969939407803],[131.51012894589556,33.52982782812038],[131.51399500751455,33.529398153381955],[131.51620500396095,33.528586581077036],[131.51811532152058,33.52836652536682],[131.52104232522018,33.52880447860402],[131.52394512501468,33.52968821409927],[131.52704336564912,33.53113327502679],[131.5283983959568,33.53120925291933],[131.52997787813382,33.5307746012789],[131.5307371055122,33.52990028770237],[131.53225338371482,33.5298844139815],[131.53732116768873,33.53016922609732],[131.53952471559495,33.530688304184274],[131.540956597449,33.530671762237],[131.54349860438307,33.53002260867862],[131.54510348561737,33.528915185434556],[131.54713202740962,33.52930253636244],[131.55069330176923,33.52864759449959],[131.55095216908742,33.529623559120765],[131.55201518471938,33.530262951145154],[131.55334072283674,33.53186894487613],[131.5533455744585,33.53262819562525],[131.55416979068625,33.53310686473867],[131.55425593731246,33.53494867549677],[131.5545400053355,33.53579071449752],[131.5542118378746,33.53695548496097],[131.55634239183752,33.53813824965098],[131.5570754779372,33.53887559345806],[131.55719810241453,33.540035737385494],[131.55881998769559,33.54029603741366],[131.5590439022217,33.54159576275991],[131.55967404717657,33.54249761905484]]]},"properties":{"KEY_CODE":"442090300","PREF":"44","CITY":"209","CITY_NAME":"豊後高田市","S_NAME":"田染蕗","SETAI":"65"}},{"type":"Feature","geometry":{"type":"Polygon","coordinates":[[[131.42459098394596,33.55865718994005],[131.42487130671577,33.55948589127911],[131.42426445810023,33.56005702729555],[131.42408465522928,33.560644450279845],[131.42398285162088,33.56224942382907],[131.42432240543337,33.56443693305928],[131.42479950517492,33.566217888330826],[131.42025923571074,33.56590725319228],[131.41847962298735,33.56532623500664],[131.41816858580577,33.565197354488404],[131.41768409418887,33.56486212089575],[131.4160678461862,33.56407111210983],[131.4158020606661,33.563490374401994],[131.41545731339127,33.56261976880959],[131.41523305328062,33.56200215183415],[131.41518382743402,33.55907482612473],[131.41523517978544,33.557646870555],[131.41462871947283,33.55582979248663],[131.41397015309994,33.5551389854094],[131.4133155473352,33.5544384423251],[131.4124235337898,33.55364372292181],[131.4140042988202,33.5524368457452],[131.41722033587348,33.551536113775384],[131.41836509685467,33.54954103578591],[131.41859063152842,33.54659308030591],[131.42001488145036,33.54661404888885],[131.42004674377787,33.54671390261044],[131.4200676504452,33.546931435571445],[131.42005610011785,33.54724826461282],[131.42005531846544,33.54756523328078],[131.42004384579852,33.547854905034434],[131.42009653831005,33.54820849995451],[131.42024545533008,33.54864443633145],[131.42033079992558,33.54880810725885],[131.42045885373642,33.54902654504183],[131.42075017921772,33.54914326936938],[131.42232289274338,33.54943520292859],[131.42260033628304,33.54965513863957],[131.42287862528406,33.54971205784858],[131.42396178650495,33.549567882435014],[131.4242301963495,33.5494706630414],[131.42497122812335,33.54919637965943],[131.42510043052297,33.54907973650705],[131.4252910567857,33.54893047854701],[131.42548980336687,33.54968468145578],[131.42516026735453,33.55088161402733],[131.4261003274074,33.551114930796594],[131.42656802186676,33.55196408010232],[131.42638538780236,33.552611428607015],[131.4279961178742,33.55508707071351],[131.4268550140565,33.555282765605064],[131.42403420488293,33.557350095280476],[131.42406146972132,33.558669715652705],[131.42459098394596,33.55865718994005]]]},"properties":{"KEY_CODE":"442090310","PREF":"44","CITY":"209","CITY_NAME":"豊後高田市","S_NAME":"水崎","SETAI":"204"}},{"type":"Feature","geometry":{"type":"Polygon","coordinates":[[[131.49272140378037,33.554079713559375],[131.4938756676759,33.55421818721363],[131.4953692111506,33.554177889718865],[131.49363186440286,33.55508096671654],[131.49318533828819,33.555598467342534],[131.49269021806694,33.55635310561772],[131.49092434070658,33.556129378218465],[131.49028811032773,33.55609741867377],[131.48909247802678,33.55600518320862],[131.4877269673713,33.5559270335852],[131.48697613353505,33.55562342430064],[131.48587373260312,33.55495880870031],[131.48443993543853,33.554574249026246],[131.48078769536343,33.55457016367525],[131.48036292673316,33.55423517657989],[131.48011292525703,33.55379591108648],[131.48017237676862,33.55335539147158],[131.48120891156816,33.55239312658204],[131.47994976418352,33.55226860003116],[131.4795155660109,33.55209764478583],[131.47814958291565,33.55130883457721],[131.47730005792215,33.550638803781496],[131.4764191770832,33.54939514555534],[131.47539130790355,33.548421111147086],[131.47614499786818,33.54782915475457],[131.47619745603936,33.54770669300147],[131.47607472739213,33.54711814102447],[131.47569686338284,33.54601932144718],[131.4778978889548,33.54539947757707],[131.4787335069058,33.54521841712783],[131.48061004470108,33.545966813151765],[131.48409214539151,33.54765829165664],[131.48558998550223,33.54870849414878],[131.4859433061188,33.548913317661466],[131.48828779825078,33.5505658448474],[131.48765607672468,33.551882024419434],[131.4889728653131,33.551448464855795],[131.49094000572543,33.5529633519301],[131.49047681614405,33.55364418648192],[131.49272140378037,33.554079713559375]]]},"properties":{"KEY_CODE":"442090320","PREF":"44","CITY":"209","CITY_NAME":"豊後高田市","S_NAME":"かなえ台","SETAI":"0"}},{"type":"Feature","geometry":{"type":"Polygon","coordinates":[[[131.44675762497238,33.553003063360954],[131.444895021105,33.55469332035604],[131.44398813600742,33.554133625320524],[131.4435859704196,33.55468566688244],[131.4430607247754,33.55384450575191],[131.44422581034112,33.552797733117494],[131.4451877698553,33.55191514647253],[131.44617257641312,33.55107822443384],[131.44617284421662,33.55198365431805],[131.44572999908843,33.55287508257962],[131.44675762497238,33.553003063360954]]]},"properties":{"KEY_CODE":"442090330","PREF":"44","CITY":"209","CITY_NAME":"豊後高田市","S_NAME":"水取","SETAI":"59"}},{"type":"Feature","geometry":{"type":"Polygon","coordinates":[[[131.4430607247754,33.55384450575191],[131.44294080459355,33.55375624718329],[131.44225020368467,33.553402870287385],[131.4416906763273,33.55288949704937],[131.44082166292955,33.552033636528975],[131.44026047765877,33.55118892512605],[131.4402024102511,33.55103563339359],[131.44111597588883,33.55073431869807],[131.44155642606574,33.550738871369866],[131.4417252696873,33.55070459375334],[131.44206427453673,33.5507542067567],[131.4421813599755,33.55075748391037],[131.44266035185976,33.55071469802465],[131.44302776115666,33.550741557331904],[131.443962601509,33.550844182251026],[131.44437298954128,33.55098362920555],[131.4445036026716,33.551057900427736],[131.44468014384464,33.551237358843174],[131.44511845778985,33.55182695267537],[131.4451877698553,33.55191514647253],[131.44422581034112,33.552797733117494],[131.4430607247754,33.55384450575191]]]},"properties":{"KEY_CODE":"442090340","PREF":"44","CITY":"209","CITY_NAME":"豊後高田市","S_NAME":"今町","SETAI":"80"}},{"type":"Feature","geometry":{"type":"Polygon","coordinates":[[[131.44342808587925,33.556211752496026],[131.44246698891246,33.556532977002696],[131.4408566728159,33.55628735412294],[131.44095595095357,33.555730204204735],[131.44305745700257,33.55384740626934],[131.4430607247754,33.55384450575191],[131.4435859704196,33.55468566688244],[131.44398813600742,33.554133625320524],[131.444895021105,33.55469332035604],[131.44394966359877,33.55621516205655],[131.44393203491543,33.556297327784996],[131.44342808587925,33.556211752496026]]]},"properties":{"KEY_CODE":"442090350","PREF":"44","CITY":"209","CITY_NAME":"豊後高田市","S_NAME":"本町","SETAI":"59"}},{"type":"Feature","geometry":{"type":"Polygon","coordinates":[[[131.4439320349155,33.556297327784996],[131.44394966359877,33.55621516205655],[131.444895021105,33.55469332035604],[131.44675762497238,33.553003063360954],[131.4470450531858,33.55348337388768],[131.44791382184087,33.55313275578591],[131.44946220888215,33.553928791602154],[131.44996984702567,33.55509467293702],[131.446338188056,33.556087778812696],[131.44445739960233,33.55638289495419],[131.4439320349155,33.556297327784996]]]},"properties":{"KEY_CODE":"442090360","PREF":"44","CITY":"209","CITY_NAME":"豊後高田市","S_NAME":"是永町","SETAI":"69"}},{"type":"Feature","geometry":{"type":"Polygon","coordinates":[[[131.4439320349155,33.556297327784996],[131.44383842502216,33.55665834180513],[131.4434723955247,33.55853338355269],[131.44252909020693,33.558163868655086],[131.44317535215419,33.55695754383615],[131.44246698891246,33.556532977002696],[131.44342808587925,33.556211752496026],[131.4439320349155,33.556297327784996]]]},"properties":{"KEY_CODE":"442090360","PREF":"44","CITY":"209","CITY_NAME":"豊後高田市","S_NAME":"是永町","SETAI":"0"}},{"type":"Feature","geometry":{"type":"Polygon","coordinates":[[[131.44246698891246,33.556532977002696],[131.44317535215419,33.55695754383615],[131.44252909020693,33.558163868655086],[131.4420024813747,33.55781860292038],[131.44122284130935,33.557226203486856],[131.44068665127875,33.5573540377533],[131.4408566728159,33.55628735412294],[131.44246698891246,33.556532977002696]]]},"properties":{"KEY_CODE":"442090370","PREF":"44","CITY":"209","CITY_NAME":"豊後高田市","S_NAME":"是永町","SETAI":"63"}},{"type":"Feature","geometry":{"type":"Polygon","coordinates":[[[131.4420024813747,33.55781860292038],[131.44194093746034,33.557935267840314],[131.44151326888613,33.55827588295364],[131.44168944370887,33.55916046271542],[131.44124032939942,33.55950492211472],[131.44055270715506,33.55879172906479],[131.44063677162364,33.55770541964541],[131.4401077248963,33.558323591478704],[131.43919954892368,33.55835119765985],[131.4384678858673,33.55795138199178],[131.4382960442093,33.557293475721984],[131.43912823243116,33.55558174146602],[131.44095595095357,33.555730204204735],[131.4408566728159,33.55628735412294],[131.44068665127875,33.5573540377533],[131.44122284130935,33.557226203486856],[131.4420024813747,33.55781860292038]]]},"properties":{"KEY_CODE":"442090380","PREF":"44","CITY":"209","CITY_NAME":"豊後高田市","S_NAME":"金谷町","SETAI":"46"}},{"type":"Feature","geometry":{"type":"Polygon","coordinates":[[[131.44252909020693,33.558163868655086],[131.4434723955247,33.55853338355269],[131.4432920029466,33.558987483742534],[131.4432121613335,33.559178921659985],[131.443082916848,33.5593759978844],[131.4425178600845,33.56018278471088],[131.44228008686932,33.56041561148215],[131.44198899640952,33.56022409172173],[131.44124032939942,33.55950492211472],[131.44168944370887,33.55916046271542],[131.44151326888613,33.55827588295364],[131.44194093746034,33.557935267840314],[131.44252909020693,33.558163868655086]]]},"properties":{"KEY_CODE":"442090390","PREF":"44","CITY":"209","CITY_NAME":"豊後高田市","S_NAME":"浜町","SETAI":"26"}},{"type":"Feature","geometry":{"type":"Polygon","coordinates":[[[131.44124032939942,33.55950492211472],[131.44198899640952,33.56022409172173],[131.4422302982113,33.560461543618],[131.44073853895063,33.561343771466504],[131.44022269358155,33.56020134213103],[131.4408355171539,33.55979205630752],[131.4400710748425,33.55896226652281],[131.44055270715506,33.55879172906479],[131.44124032939942,33.55950492211472]]]},"properties":{"KEY_CODE":"442090400","PREF":"44","CITY":"209","CITY_NAME":"豊後高田市","S_NAME":"中央通","SETAI":"46"}},{"type":"Feature","geometry":{"type":"Polygon","coordinates":[[[131.44022269358155,33.56020134213103],[131.43954951937607,33.55960816458628],[131.4378437689037,33.559610665747975],[131.43741321722484,33.56025285018346],[131.43650590247512,33.5603726471593],[131.43642155020163,33.55984404765557],[131.4347747745248,33.56037713109111],[131.43403379593687,33.56020165124921],[131.43445439821576,33.55884158012871],[131.4339204431475,33.55879023401575],[131.43398390708768,33.55769833194122],[131.43464561765043,33.557454346629775],[131.4354747853964,33.55851116123708],[131.4362267367594,33.55847028987076],[131.43598868063236,33.556852631104],[131.43708913635314,33.55713453317438],[131.43738615830907,33.55784930535642],[131.4384678858673,33.55795138199178],[131.43919954892368,33.55835119765985],[131.4401077248963,33.558323591478704],[131.44063677162364,33.55770541964541],[131.44055270715506,33.55879172906479],[131.4400710748425,33.55896226652281],[131.4408355171539,33.55979205630752],[131.44022269358155,33.56020134213103]]]},"properties":{"KEY_CODE":"442090410","PREF":"44","CITY":"209","CITY_NAME":"豊後高田市","S_NAME":"新町","SETAI":"288"}},{"type":"Feature","geometry":{"type":"Polygon","coordinates":[[[131.4384678858673,33.55795138199178],[131.43738615830907,33.55784930535642],[131.43708913635314,33.55713453317438],[131.43598868063236,33.556852631104],[131.4362267367594,33.55847028987076],[131.4354747853964,33.55851116123708],[131.43464561765043,33.557454346629775],[131.43398390708768,33.55769833194122],[131.4330641703054,33.55648620988973],[131.42798018618956,33.557448187947166],[131.42878924914353,33.55608090483854],[131.42967937125252,33.555100394535344],[131.43009093482453,33.55323108530927],[131.43198154740725,33.551845930208025],[131.43222307966383,33.550995944794295],[131.4316895482138,33.55064717059208],[131.4320806164767,33.549863373906845],[131.43278172531433,33.54927105545676],[131.43314077864883,33.54909812371488],[131.4331634740798,33.54909399366479],[131.43323301735816,33.54903665519728],[131.43520134381157,33.54944209129814],[131.4365260527922,33.548906082281306],[131.43697310165223,33.54920529695366],[131.4402024102511,33.55103563339359],[131.44026047765877,33.55118892512605],[131.44082166292955,33.552033636528975],[131.4416906763273,33.55288949704937],[131.44225020368467,33.553402870287385],[131.44294080459355,33.55375624718329],[131.44305745700257,33.55384740626934],[131.44095595095357,33.555730204204735],[131.43912823243116,33.55558174146602],[131.4382960442093,33.557293475721984],[131.4384678858673,33.55795138199178]]]},"properties":{"KEY_CODE":"442090420","PREF":"44","CITY":"209","CITY_NAME":"豊後高田市","S_NAME":"新地","SETAI":"502"}},{"type":"Feature","geometry":{"type":"Polygon","coordinates":[[[131.50905423015138,33.51338567569547],[131.50592012418406,33.51290507268788],[131.50435198123344,33.51289137864064],[131.5022873882965,33.51388763682764],[131.50075950794755,33.51407044298036],[131.4957895100007,33.51409039360366],[131.49288407839924,33.51454487867259],[131.49045772375533,33.515573134024955],[131.48940758183352,33.51617900736255],[131.48935604342967,33.51613666265345],[131.4874831048356,33.51490899564436],[131.48073570475097,33.50994013057047],[131.4777210666073,33.50735189728043],[131.47503084891645,33.50481176885132],[131.47476169659728,33.504582691752276],[131.47427092429103,33.504228506949886],[131.47462204305606,33.503946235326566],[131.47488005953667,33.50355294621736],[131.47513702832234,33.50319213888593],[131.47535550602308,33.50295113432954],[131.47554953491252,33.50261417343669],[131.47583094031884,33.50252504457118],[131.47611740364232,33.50248393674964],[131.47631193380397,33.50223900550624],[131.47661224779907,33.502109789873074],[131.47714598484507,33.50185957387339],[131.47721592672002,33.501543091038336],[131.4776586073452,33.50124116559261],[131.47778076792008,33.50086446429025],[131.47769548443972,33.500562597160666],[131.4777754716705,33.500338108102696],[131.47807399555356,33.499892678344025],[131.47851367913532,33.49991098859315],[131.47872856451116,33.49989015309523],[131.47974608700795,33.49986621675362],[131.4805441008432,33.499460863772704],[131.48077287655494,33.49935987733055],[131.48084544283682,33.499314900605484],[131.48091574694618,33.49927127045588],[131.48101541138993,33.49915479432759],[131.48109092807002,33.49898241101693],[131.48116458626012,33.49848177102572],[131.48119899710397,33.49822747920972],[131.481359243839,33.49783058127691],[131.48130960062898,33.49749053613394],[131.48093055403675,33.497199813820515],[131.48072831910204,33.4964821204093],[131.48114161054357,33.49605620242744],[131.4819948767368,33.49571267703441],[131.4823549127637,33.49559317392133],[131.48271711275302,33.495431644057064],[131.48284452775428,33.495142965327034],[131.48314307815807,33.49470949265873],[131.48356642673807,33.4943716177617],[131.48358952929368,33.49433042444656],[131.48361371528543,33.49428739484485],[131.48348804907062,33.49359741473808],[131.48404979226598,33.49323899075359],[131.48467368373707,33.492884300594966],[131.48477391867374,33.49287189606079],[131.484861511724,33.49315575140821],[131.48486450216217,33.49369208523218],[131.48577412886965,33.494467037578744],[131.48645968341575,33.49403605157411],[131.4875011671068,33.494031945174434],[131.48778784714156,33.49404282315412],[131.4885540187368,33.4939337093594],[131.4889789377031,33.4938800055835],[131.4894737534774,33.49351780214278],[131.4897166393285,33.49338074615089],[131.4900551664856,33.493267328195074],[131.49030610111555,33.492858048209605],[131.49048736564228,33.492387018573254],[131.4914698007549,33.492082920456134],[131.4921937314234,33.491687741188365],[131.49249102634738,33.491777778544],[131.49280671933224,33.49183576192614],[131.49313600815404,33.49152460352878],[131.4933197229575,33.491303736440045],[131.4937017597512,33.49056097494011],[131.49405799878207,33.48977700068933],[131.49435877268363,33.48973979946902],[131.49479359796658,33.48975404616707],[131.4949650922392,33.48966931931384],[131.49526148055568,33.48970412605703],[131.49553397428352,33.48974307856651],[131.49586816050058,33.489697708892685],[131.4970237007185,33.489178684145344],[131.49729917997183,33.488922464220366],[131.49803005373167,33.49014343058468],[131.49814418046287,33.4913740705882],[131.50088380078026,33.492778426819086],[131.5045265836607,33.49410228373328],[131.50701127327625,33.494577290817936],[131.50871500482575,33.49445615002129],[131.51001116607026,33.49473940117348],[131.511263107907,33.49564196579135],[131.5082996485736,33.4964472147703],[131.50650905405243,33.49772360581295],[131.50547471612316,33.49914260386457],[131.5047870494615,33.50151660647562],[131.50488951831062,33.50265084021076],[131.50671565164114,33.5051374211667],[131.5071970987803,33.50618425519884],[131.50906578944839,33.50554320004328],[131.5123955348006,33.51019609138715],[131.51043299608295,33.51342034197852],[131.50905423015138,33.51338567569547]]]},"properties":{"KEY_CODE":"442090430","PREF":"44","CITY":"209","CITY_NAME":"豊後高田市","S_NAME":"田染小崎","SETAI":"40"}},{"type":"Feature","geometry":{"type":"Polygon","coordinates":[[[131.5217059523849,33.49878613095177],[131.52135484733927,33.49952833567005],[131.5218063770833,33.50031144261938],[131.5217344311078,33.5027512909697],[131.521303092917,33.503739359491135],[131.5202298145516,33.504259158352035],[131.51895103270212,33.50577006935503],[131.51698495126521,33.508890057592104],[131.51674704592673,33.510036112589994],[131.5123955348006,33.51019609138715],[131.50906578944839,33.50554320004328],[131.5071970987803,33.50618425519884],[131.50671565164114,33.5051374211667],[131.50488951831062,33.50265084021076],[131.5047870494615,33.50151660647562],[131.50547471612316,33.49914260386457],[131.50650905405243,33.49772360581295],[131.5082996485736,33.4964472147703],[131.511263107907,33.49564196579135],[131.5125375215523,33.4977533593634],[131.51301633542136,33.49934420539696],[131.514614625624,33.49867805008059],[131.51675770921238,33.49715521631868],[131.51734731275877,33.4977998316291],[131.52051659629015,33.49811816396327],[131.5217059523849,33.49878613095177]]]},"properties":{"KEY_CODE":"442090440","PREF":"44","CITY":"209","CITY_NAME":"豊後高田市","S_NAME":"田染真木","SETAI":"50"}},{"type":"Feature","geometry":{"type":"Polygon","coordinates":[[[131.48147199976896,33.59300740983266],[131.47857237902053,33.59476467025441],[131.47848367228957,33.59497317493181],[131.47711629236383,33.595386481610866],[131.4753561412915,33.59600057203109],[131.47514287202472,33.59570637733705],[131.4750476036344,33.59525640206388],[131.47462771894013,33.59418340662469],[131.47433313091668,33.59394848564565],[131.4737576940833,33.59362771549189],[131.47337670125748,33.59320676665093],[131.4730276174908,33.592354052068586],[131.47335068189088,33.59174640231164],[131.47374625317784,33.5912541738719],[131.4738154043164,33.5907539732848],[131.47402235583448,33.59015599309986],[131.47522120290793,33.589896761172085],[131.4754621574276,33.58944679124445],[131.47746337505401,33.58875163580967],[131.47842809572785,33.58815997489006],[131.47902211415624,33.58805351701258],[131.4796629472446,33.58791214555402],[131.48010471565794,33.58778542519748],[131.48105498242873,33.58758268289803],[131.4813095187219,33.58760018072754],[131.48171901976298,33.58754391659686],[131.48192320761416,33.58743734836655],[131.48202416256677,33.58730807697526],[131.48224364291428,33.586992407721716],[131.4826058825993,33.58648178663637],[131.4830058546689,33.58630199190387],[131.48312740395968,33.58627372538501],[131.4833031180023,33.58604158799022],[131.48339651429333,33.58593009476854],[131.4835950053796,33.58581360946451],[131.4839859744605,33.58582433229378],[131.48497079458565,33.58555819041182],[131.4868581768789,33.58430851155849],[131.48694898792,33.58421709828313],[131.48828757333126,33.58422565373239],[131.48938882539844,33.58383934059888],[131.49032267388935,33.58318518380722],[131.49095430731333,33.58288868740007],[131.49152962435576,33.58290490887467],[131.4921183370302,33.582849290694995],[131.49262068741376,33.58280662598156],[131.49340654440329,33.58284552150777],[131.4944571165369,33.58286516974376],[131.49537350442742,33.58254650784764],[131.49602024591684,33.582409234965965],[131.49685237440087,33.58232685982112],[131.49744243482854,33.582191360484714],[131.49843791969414,33.58222355340141],[131.49880863579594,33.58235304992548],[131.49934857276168,33.58221987619935],[131.49997953324606,33.58183022297736],[131.50055183865294,33.5817653850954],[131.50142100525517,33.58197626352554],[131.50242034122473,33.58131117570415],[131.50270443609108,33.581232635589195],[131.5034618610699,33.581184888861614],[131.5043732501771,33.58131811939954],[131.50514326554526,33.58220931765941],[131.50591702409497,33.5833221149264],[131.50532951398745,33.58352377629048],[131.50579405095817,33.584720576429966],[131.5039346359068,33.58505356699923],[131.50359949382815,33.585031933655266],[131.50311393282823,33.58494183971048],[131.5026308473999,33.585062014869],[131.50313631233243,33.5851374115623],[131.50324426350198,33.58521227816533],[131.50355204950597,33.585911008340865],[131.50369791005073,33.58605690411693],[131.50398751607685,33.58641982189708],[131.5044306624312,33.5871703328772],[131.50465014748366,33.587079441079496],[131.50462655998328,33.587540954439156],[131.5046903265012,33.587760412237785],[131.50470162891997,33.58798219619072],[131.50428625636212,33.58792320619834],[131.5031677302035,33.58754796552618],[131.50342375842132,33.58815796312546],[131.5032782124332,33.58806021345445],[131.50267986461077,33.58771003852896],[131.5024949882669,33.58773171448807],[131.50238070032285,33.587857748140195],[131.50212504793717,33.5881873092748],[131.50079265270594,33.58844068842453],[131.5005252874622,33.58846899868686],[131.49956217204306,33.58859737755475],[131.49944934036296,33.588545528552906],[131.499213282039,33.58836026098468],[131.49900283648918,33.58828996218041],[131.49847738929353,33.58843959719618],[131.49783070654902,33.58859077617651],[131.4976185681923,33.58865858962346],[131.4973006609637,33.58881369195251],[131.49641965165625,33.588872698286046],[131.496051862191,33.58883445180987],[131.49531335846657,33.589064899608076],[131.4951435452186,33.58936856804794],[131.4946412392854,33.58985398357578],[131.49461402393754,33.58990851224513],[131.49452251405037,33.590305413911615],[131.494390291433,33.59035198095073],[131.4941807586745,33.59044281617837],[131.49406615665234,33.59051650523633],[131.4936893700519,33.5908664376601],[131.49320605498954,33.591178087030805],[131.4929519072802,33.59133605601647],[131.49257825572184,33.591586574474846],[131.49232768524564,33.59171490720933],[131.49007468153445,33.59190209306868],[131.4894858428209,33.59234911548671],[131.48912343796815,33.5925361067417],[131.48898017688742,33.59253667620795],[131.48818842484954,33.59218161330433],[131.48680834755677,33.59198307820827],[131.48584385125324,33.592095691821264],[131.48543884881678,33.59210986560217],[131.48499966138203,33.59203939300327],[131.4846197658667,33.59207226883406],[131.4830406607307,33.59249591407956],[131.48191550889666,33.59272738965329],[131.48151915452593,33.59294238261746],[131.48147199976896,33.59300740983266]]]},"properties":{"KEY_CODE":"442090450","PREF":"44","CITY":"209","CITY_NAME":"豊後高田市","S_NAME":"大平","SETAI":"19"}},{"type":"Feature","geometry":{"type":"Polygon","coordinates":[[[131.46945728859254,33.612076679660454],[131.4678933144701,33.61372273278981],[131.46223124046713,33.61917383808077],[131.44773700233787,33.608790386651435],[131.44525577637785,33.60707892521396],[131.45424954987527,33.598225763355124],[131.45780338870748,33.59669278183593],[131.46122976891255,33.595488573443525],[131.46470636628987,33.5945301226995],[131.46462477811824,33.59302456945074],[131.46713076784505,33.592313429540056],[131.4683156737737,33.59245704651271],[131.47114862392877,33.59231182494247],[131.47302761749083,33.592354052068586],[131.47337670125748,33.59320676665093],[131.4737576940833,33.59362771549189],[131.47433313091668,33.59394848564565],[131.47462771894013,33.59418340662469],[131.4750476036344,33.59525640206388],[131.47514287202472,33.59570637733705],[131.4753561412915,33.59600057203109],[131.47711629236383,33.595386481610866],[131.47848367228957,33.59497317493181],[131.47857237902053,33.59476467025441],[131.48147199976896,33.59300740983266],[131.48151915452593,33.59294238261746],[131.48191550889666,33.59272738965329],[131.4830406607307,33.59249591407956],[131.4846197658667,33.59207226883406],[131.48499966138203,33.59203939300327],[131.48543884881678,33.59210986560217],[131.48584385125324,33.592095691821264],[131.48680834755677,33.59198307820827],[131.48818842484954,33.59218161330433],[131.48898017688742,33.59253667620795],[131.48912343796815,33.5925361067417],[131.4894858428209,33.59234911548671],[131.49007468153445,33.59190209306868],[131.49232768524564,33.59171490720933],[131.49257825572184,33.591586574474846],[131.4929519072802,33.59133605601647],[131.49320605498954,33.591178087030805],[131.4936893700519,33.5908664376601],[131.49406615665234,33.59051650523633],[131.4941807586745,33.59044281617837],[131.494390291433,33.59035198095073],[131.49452251405037,33.590305413911615],[131.49461402393754,33.58990851224513],[131.4946412392854,33.58985398357578],[131.4951435452186,33.58936856804794],[131.49531335846657,33.589064899608076],[131.496051862191,33.58883445180987],[131.49641965165625,33.588872698286046],[131.4973006609637,33.58881369195251],[131.4976185681923,33.58865858962346],[131.49783070654902,33.58859077617651],[131.49847738929353,33.58843959719618],[131.49900283648918,33.58828996218041],[131.499213282039,33.58836026098468],[131.49944934036296,33.588545528552906],[131.49956217204306,33.58859737755475],[131.5005252874622,33.58846899868686],[131.50079265270594,33.58844068842453],[131.50212504793717,33.5881873092748],[131.50238070032285,33.587857748140195],[131.5024949882669,33.58773171448807],[131.50267986461077,33.58771003852896],[131.5032782124332,33.58806021345445],[131.50342375842132,33.58815796312546],[131.5031677302035,33.58754796552618],[131.50428625636212,33.58792320619834],[131.50470162891997,33.58798219619072],[131.5046903265012,33.587760412237785],[131.50462655998328,33.587540954439156],[131.50465014748366,33.587079441079496],[131.5044306624312,33.5871703328772],[131.50398751607685,33.58641982189708],[131.50369791005073,33.58605690411693],[131.50355204950597,33.585911008340865],[131.50324426350198,33.58521227816533],[131.50313631233243,33.5851374115623],[131.5026308473999,33.585062014869],[131.50311393282823,33.58494183971048],[131.50359949382815,33.585031933655266],[131.5039346359068,33.58505356699923],[131.50579405095817,33.584720576429966],[131.50532951398745,33.58352377629048],[131.50591702409497,33.5833221149264],[131.50514326554526,33.58220931765941],[131.50463124291352,33.5811941389089],[131.50489622388076,33.580714554192134],[131.50644453141098,33.57965121610322],[131.50881309047713,33.57957597539541],[131.50904102571715,33.57901228419326],[131.51071602319365,33.57834439920732],[131.51125310683108,33.57773477948285],[131.51140032715594,33.576150183309664],[131.51238093041124,33.57536308150253],[131.51365135076767,33.57486356598487],[131.51542840822017,33.57463590034104],[131.51708672614797,33.57477790371337],[131.51986090582773,33.57534694201477],[131.5207207573415,33.57519446090016],[131.52276785035903,33.575624422690574],[131.52257017763833,33.577143813006025],[131.52150186011548,33.58022539379131],[131.52075272382896,33.58202735176359],[131.52027899323215,33.581796059124976],[131.5204198709862,33.579970940088195],[131.51985979334341,33.579702353493545],[131.51873314793392,33.5801578395742],[131.5169710532479,33.578805768697585],[131.51523748438638,33.578931070143526],[131.51537759556274,33.5794199786844],[131.51488314687,33.581147057597796],[131.51616349651277,33.58312710156742],[131.51621034458785,33.58471981493007],[131.51688448285097,33.58580376832892],[131.51688048846222,33.587030618303835],[131.51501017632816,33.589634766101085],[131.51443968699698,33.59004786133232],[131.51268324682522,33.589745954661105],[131.51182600706377,33.589919971969685],[131.50988021514664,33.59136753770544],[131.5092151456248,33.59207399410176],[131.50883388301,33.59335506031048],[131.50809574102635,33.59391968992639],[131.50670871469282,33.593946030941964],[131.50576878091286,33.59392973826146],[131.5037472349224,33.59496417683519],[131.5002845914531,33.594686334467575],[131.4965047942476,33.59522042898333],[131.49541223069733,33.59558775339663],[131.49412304839527,33.59667698916151],[131.49306953282394,33.5970474462788],[131.49225875916434,33.59695481272734],[131.49080205636795,33.596170458107316],[131.4893673818052,33.5966608874098],[131.48857537396253,33.597380793874386],[131.48747274844516,33.59914455849683],[131.48647364085332,33.601152201478826],[131.48585883720546,33.60178587038307],[131.48366559202782,33.60217488630588],[131.48125589111496,33.60306323009088],[131.48097737473375,33.6022055417903],[131.47587823515227,33.6056128467809],[131.4733402265955,33.60722567767171],[131.47308762858347,33.606941282803504],[131.4694471941957,33.6079885671267],[131.46746826438698,33.60910772775359],[131.46693229758287,33.60972091795743],[131.46945728859254,33.612076679660454]]]},"properties":{"KEY_CODE":"442090460","PREF":"44","CITY":"209","CITY_NAME":"豊後高田市","S_NAME":"西真玉","SETAI":"435"}},{"type":"Feature","geometry":{"type":"Polygon","coordinates":[[[131.51660951186403,33.60642684382303],[131.5165106325751,33.60736344383543],[131.5160023205027,33.60811183810514],[131.51369784628673,33.60880092318868],[131.51177221058867,33.609787290197374],[131.51044562541304,33.61216727566986],[131.51054255200594,33.61268484848922],[131.50873433817972,33.614256722471204],[131.50936875766152,33.616284219725486],[131.5079392048753,33.61682371686518],[131.50795076599124,33.617516552169526],[131.5045073936138,33.618078080561425],[131.5031827044434,33.61709164219001],[131.50013819279766,33.615115960355446],[131.49932953003386,33.613719457220604],[131.49694682149342,33.612561197515824],[131.4950884117748,33.611995400204506],[131.49394787033378,33.611339003833955],[131.49110940547737,33.61174650404841],[131.4874294010134,33.61105081915318],[131.48683906501333,33.61070798013074],[131.48421733769956,33.61134108064669],[131.4824730231449,33.61135524009022],[131.48041617789104,33.611594458953476],[131.47901234786784,33.612077027071905],[131.4780852700513,33.613046185744544],[131.477039688068,33.61326902793194],[131.47762463900017,33.61551981430442],[131.47753920887297,33.61657911466649],[131.47692732126865,33.6176133976183],[131.47237246680993,33.61952595997495],[131.47183443467128,33.61770030596115],[131.47156630599028,33.61793935497187],[131.46978934400084,33.61697866207691],[131.46967101085102,33.61642007778045],[131.4688662277871,33.61606965053567],[131.4697175141508,33.61445968887191],[131.46888169108004,33.61414995533331],[131.47011714112372,33.612837842635024],[131.47105003218354,33.61237352293895],[131.4712070509462,33.61271471304467],[131.47214577043505,33.61233242928724],[131.47153381726372,33.61216070208569],[131.47540075094562,33.61006033892517],[131.47508671399927,33.60978203121749],[131.47258849041825,33.61091145422302],[131.46945728859254,33.612076679660454],[131.46693229758287,33.60972091795743],[131.46746826438698,33.60910772775359],[131.4694471941957,33.6079885671267],[131.47308762858347,33.606941282803504],[131.4733402265955,33.60722567767171],[131.47587823515227,33.6056128467809],[131.48097737473375,33.6022055417903],[131.48125589111496,33.60306323009088],[131.48366559202782,33.60217488630588],[131.48585883720546,33.60178587038307],[131.48647364085332,33.601152201478826],[131.48747274844516,33.59914455849683],[131.48857537396253,33.597380793874386],[131.4893673818052,33.5966608874098],[131.49080205636795,33.596170458107316],[131.49225875916434,33.59695481272734],[131.49306953282394,33.5970474462788],[131.49412304839527,33.59667698916151],[131.49541223069733,33.59558775339663],[131.4965047942476,33.59522042898333],[131.5002845914531,33.594686334467575],[131.5037472349224,33.59496417683519],[131.50576878091286,33.59392973826146],[131.50670871469282,33.593946030941964],[131.507188662015,33.59481116784401],[131.50687784573705,33.5958060564562],[131.5077163383919,33.597687401078595],[131.50785837985714,33.60008809980276],[131.50937357802906,33.60123670712651],[131.509945567588,33.60106147712189],[131.5115249423585,33.60213225350948],[131.51429177579786,33.6028909490387],[131.5160633398461,33.60382610806628],[131.5155069602498,33.605652481801265],[131.51660951186403,33.60642684382303]]]},"properties":{"KEY_CODE":"442090470","PREF":"44","CITY":"209","CITY_NAME":"豊後高田市","S_NAME":"中真玉","SETAI":"238"}},{"type":"Feature","geometry":{"type":"Polygon","coordinates":[[[131.4856247944067,33.64780402762589],[131.48540476957132,33.64683292480961],[131.48606644182405,33.644480573757704],[131.48559220979914,33.643737647856746],[131.48307170475957,33.643156016381006],[131.48210140154956,33.6431445176982],[131.48035861894365,33.641278516669985],[131.48075274309247,33.6398433365484],[131.48015743762238,33.6392135683487],[131.48470710061218,33.63681724454841],[131.4841426204556,33.636685121675555],[131.4833113483403,33.635115810097055],[131.48114099911783,33.634264102699596],[131.47995585911747,33.63436881102708],[131.47947817972812,33.633173278354654],[131.48030029612025,33.632914871932265],[131.47967583306325,33.63227168913853],[131.47872525491138,33.63249177590552],[131.47776402621523,33.63214927085885],[131.47514730284453,33.63065632492216],[131.47479020758794,33.63001117575648],[131.47495054304403,33.62897631840596],[131.47459446256875,33.628314961866224],[131.47527592953153,33.62777409031832],[131.47514630103436,33.62673943264716],[131.47536667215093,33.62525985156713],[131.47369791150726,33.623234836849434],[131.472914464972,33.62265893968715],[131.47379780504204,33.62080805304372],[131.47237246680993,33.61952595997495],[131.47692732126865,33.6176133976183],[131.47753920887297,33.61657911466649],[131.47762463900017,33.61551981430442],[131.477039688068,33.61326902793194],[131.4780852700513,33.613046185744544],[131.47901234786784,33.612077027071905],[131.48041617789104,33.611594458953476],[131.4824730231449,33.61135524009022],[131.48421733769956,33.61134108064669],[131.48683906501333,33.61070798013074],[131.4874294010134,33.61105081915318],[131.49110940547737,33.61174650404841],[131.49394787033378,33.611339003833955],[131.4950884117748,33.611995400204506],[131.49694682149342,33.612561197515824],[131.49932953003386,33.613719457220604],[131.50013819279766,33.615115960355446],[131.5031827044434,33.61709164219001],[131.5045073936138,33.618078080561425],[131.50795076599124,33.617516552169526],[131.5079392048753,33.61682371686518],[131.50936875766152,33.616284219725486],[131.50873433817972,33.614256722471204],[131.51054255200594,33.61268484848922],[131.51044562541304,33.61216727566986],[131.51177221058867,33.609787290197374],[131.51369784628673,33.60880092318868],[131.5160023205027,33.60811183810514],[131.5165106325751,33.60736344383543],[131.51660951186403,33.60642684382303],[131.5171813786887,33.606300051593315],[131.51865633555042,33.60722605060317],[131.52034628973266,33.607081168945285],[131.52501646151126,33.6053412193683],[131.52512125223464,33.606037522487355],[131.5263803521268,33.60713283230732],[131.5268000002957,33.606804542605744],[131.52768083535082,33.607272114480025],[131.52875929181047,33.607296668190905],[131.52952772812793,33.60671652548046],[131.5324611013077,33.607322685353914],[131.53442964560827,33.60659532832903],[131.5360764878867,33.606420562460784],[131.53672220513087,33.60752145429894],[131.53762120440172,33.609716620875304],[131.5361278494055,33.61071440615724],[131.53510251954316,33.61088436409346],[131.53526840114557,33.61370838343174],[131.5339221371467,33.613650388559726],[131.53166363211537,33.615410563472054],[131.53078114675907,33.61536258788532],[131.52889842874055,33.61657270503844],[131.52742076316596,33.61796033793318],[131.52742014800654,33.61887264275518],[131.52598118968453,33.61951340474429],[131.52382628874363,33.62073490269855],[131.52301293126422,33.621557541566034],[131.52191343375927,33.621765708561334],[131.52107188695155,33.622365918082586],[131.52003914076366,33.62242676841587],[131.51879421301336,33.623623977475276],[131.51554089712138,33.62455935286435],[131.5141869578742,33.62531852611888],[131.5134570354717,33.62570836551926],[131.5108009850203,33.62601094261168],[131.5097560813003,33.62646024753134],[131.5090010350447,33.62741567995454],[131.5076160207827,33.628437875005936],[131.50626766308744,33.629901020423695],[131.5052822904169,33.63052129314852],[131.50415168857256,33.630811207891476],[131.5033243353333,33.63163045366172],[131.50216740538923,33.63326133549972],[131.50130923029656,33.63406646206958],[131.50080684880794,33.63505314782293],[131.49960828799547,33.63643360581655],[131.49856654773228,33.63647958493744],[131.497745049051,33.6376766951656],[131.49624651019195,33.63868640097579],[131.49586221930386,33.63965533926599],[131.4949474846095,33.63994451327698],[131.4933317613928,33.641875056508816],[131.48884736684275,33.644758914293746],[131.48802998158723,33.644947339053786],[131.486302161215,33.64678840093677],[131.4856247944067,33.64780402762589]]]},"properties":{"KEY_CODE":"442090480","PREF":"44","CITY":"209","CITY_NAME":"豊後高田市","S_NAME":"臼野","SETAI":"410"}},{"type":"Feature","geometry":{"type":"Polygon","coordinates":[[[131.52501646151126,33.6053412193683],[131.52034628973266,33.607081168945285],[131.51865633555042,33.60722605060317],[131.5171813786887,33.606300051593315],[131.51660951186403,33.60642684382303],[131.5155069602498,33.605652481801265],[131.5160633398461,33.60382610806628],[131.51429177579786,33.6028909490387],[131.5115249423585,33.60213225350948],[131.509945567588,33.60106147712189],[131.50937357802906,33.60123670712651],[131.50785837985714,33.60008809980276],[131.5077163383919,33.597687401078595],[131.50687784573705,33.5958060564562],[131.507188662015,33.59481116784401],[131.50670871469282,33.593946030941964],[131.50809574102635,33.59391968992639],[131.50883388301,33.59335506031048],[131.5092151456248,33.59207399410176],[131.50988021514664,33.59136753770544],[131.51182600706377,33.589919971969685],[131.51268324682522,33.589745954661105],[131.51443968699698,33.59004786133232],[131.51501017632816,33.589634766101085],[131.51688048846222,33.587030618303835],[131.51688448285097,33.58580376832892],[131.51621034458785,33.58471981493007],[131.51616349651277,33.58312710156742],[131.51488314687,33.581147057597796],[131.51537759556274,33.5794199786844],[131.51523748438638,33.578931070143526],[131.5169710532479,33.578805768697585],[131.51873314793392,33.5801578395742],[131.51985979334341,33.579702353493545],[131.5204198709862,33.579970940088195],[131.52027899323215,33.581796059124976],[131.52075272382896,33.58202735176359],[131.52150186011548,33.58022539379131],[131.52257017763833,33.577143813006025],[131.52276785035903,33.575624422690574],[131.5228645614315,33.57562014097225],[131.52355014885177,33.57547735369142],[131.52430767823498,33.57605176575753],[131.52456854240302,33.57683671353341],[131.52597773297515,33.57733115779977],[131.52423860828543,33.583096556922854],[131.5245999882146,33.585504457456864],[131.52376824359374,33.58575040575648],[131.52396062426092,33.587249708277476],[131.52055841463746,33.587548439135546],[131.52142778437604,33.5888772346795],[131.5195639441704,33.59064502787984],[131.51966343293637,33.59286289383156],[131.52083903321608,33.59374385740835],[131.52170801565777,33.59472288717075],[131.52334891892792,33.59560722204091],[131.52353598719642,33.59738598110566],[131.52495075916877,33.598649320356145],[131.5254298494339,33.60003178640806],[131.52529229332052,33.60089973890618],[131.52600578175816,33.60222900499646],[131.52577086131114,33.60490873640646],[131.52501646151126,33.6053412193683]]]},"properties":{"KEY_CODE":"442090490","PREF":"44","CITY":"209","CITY_NAME":"豊後高田市","S_NAME":"城前","SETAI":"56"}},{"type":"Feature","geometry":{"type":"Polygon","coordinates":[[[131.5360764878867,33.606420562460784],[131.53442964560827,33.60659532832903],[131.5324611013077,33.607322685353914],[131.52952772812793,33.60671652548046],[131.52875929181047,33.607296668190905],[131.52768083535082,33.607272114480025],[131.5268000002957,33.606804542605744],[131.5263803521268,33.60713283230732],[131.52512125223464,33.606037522487355],[131.52501646151126,33.6053412193683],[131.52577086131114,33.60490873640646],[131.52600578175816,33.60222900499646],[131.52529229332052,33.60089973890618],[131.5254298494339,33.60003178640806],[131.52495075916877,33.598649320356145],[131.52353598719642,33.59738598110566],[131.52334891892792,33.59560722204091],[131.52170801565777,33.59472288717075],[131.52083903321608,33.59374385740835],[131.51966343293637,33.59286289383156],[131.5195639441704,33.59064502787984],[131.52142778437604,33.5888772346795],[131.52055841463746,33.587548439135546],[131.52396062426092,33.587249708277476],[131.52413165905196,33.5877674518124],[131.52633857174624,33.5888555911806],[131.52887649938796,33.5897856495302],[131.5304600493105,33.590634252311446],[131.5308958741489,33.59133566211549],[131.53198427869145,33.591982005051946],[131.53367769088558,33.59221234110575],[131.53537325984072,33.59311136222186],[131.53575510724528,33.59355523391982],[131.53728492131415,33.593695423211],[131.53815010021196,33.59466872428487],[131.53893572891806,33.59500745666552],[131.54518166378182,33.59898163174772],[131.54246796192785,33.59959475310647],[131.54216364403396,33.60035833702849],[131.54046173045347,33.60139873025188],[131.5393121708751,33.60344557128647],[131.53824997160362,33.603643341196204],[131.53732743550185,33.60475617141229],[131.53597684463475,33.60597093870561],[131.5360764878867,33.606420562460784]]]},"properties":{"KEY_CODE":"442090500","PREF":"44","CITY":"209","CITY_NAME":"豊後高田市","S_NAME":"大岩屋","SETAI":"43"}},{"type":"Feature","geometry":{"type":"Polygon","coordinates":[[[131.57327616215986,33.60111811644704],[131.57147555681868,33.60059577587115],[131.56950004687684,33.60068632804803],[131.5670744280791,33.59954150927744],[131.5660847875918,33.59949321441862],[131.56409470491946,33.598958424532206],[131.56293535248824,33.599115658320805],[131.5625544676771,33.599723626297596],[131.5612592996686,33.60066478695675],[131.56038435749173,33.600826831320965],[131.55910144947399,33.60031227811799],[131.5591634024947,33.60137568380804],[131.5573783476287,33.60236507846149],[131.55544206159328,33.602881747270374],[131.5536572292692,33.60275759826149],[131.55313857361537,33.60312544433445],[131.55147268801335,33.60143522389508],[131.55109189366914,33.60072136960891],[131.5498715427901,33.5999825828537],[131.54695211171045,33.59976433515035],[131.54573712166288,33.59945037505152],[131.54518166378182,33.59898163174772],[131.53893572891806,33.59500745666552],[131.53815010021196,33.59466872428487],[131.53728492131415,33.593695423211],[131.53575510724528,33.59355523391982],[131.53537325984072,33.59311136222186],[131.53367769088558,33.59221234110575],[131.53198427869145,33.591982005051946],[131.5308958741489,33.59133566211549],[131.5304600493105,33.590634252311446],[131.52887649938796,33.5897856495302],[131.52633857174624,33.5888555911806],[131.52413165905196,33.5877674518124],[131.52396062426092,33.587249708277476],[131.52376824359374,33.58575040575648],[131.5245999882146,33.585504457456864],[131.52423860828543,33.583096556922854],[131.52597773297515,33.57733115779977],[131.52635263599396,33.57718346962783],[131.5276199555976,33.57852389334706],[131.5281432406295,33.57800358906397],[131.52934333191433,33.577647145135394],[131.5300224746268,33.57819209272763],[131.53172944620397,33.578711798206214],[131.53212360336389,33.57918057613261],[131.53460764045604,33.57937832465325],[131.53527575239585,33.58043539174832],[131.5358656903734,33.580349473473966],[131.53667294113893,33.58089383405888],[131.5374738077176,33.58039612837861],[131.5387753896673,33.580342863691286],[131.54102947778117,33.580735012233596],[131.5440074542249,33.580838085398284],[131.54584950399234,33.58188402362377],[131.54843717548073,33.58213758116907],[131.5502920490493,33.582945160973274],[131.55169487165688,33.58258461668548],[131.55301268159883,33.58284075107704],[131.5542925523802,33.582721856075814],[131.5548791433121,33.58322540067728],[131.5576292610151,33.58327555507398],[131.5590002651748,33.58460621157739],[131.55982579043834,33.5846441802315],[131.5605643976681,33.58553997892922],[131.56061980018103,33.586527696375974],[131.56183367181296,33.58716023267018],[131.56570975840373,33.58751360338164],[131.5665945055034,33.587232156571105],[131.56786121708444,33.58613030248267],[131.5696353840356,33.586184109375836],[131.56958266913492,33.5840954284246],[131.56752252755476,33.58416616953782],[131.56628892269373,33.584404807778405],[131.5662535575495,33.582859794814496],[131.56704714233433,33.582010386921915],[131.56651205586735,33.58054239968058],[131.56882810995637,33.58000610452742],[131.56941045323254,33.578728195528065],[131.5680951009332,33.577753095918276],[131.56672928961578,33.57713993925468],[131.56833600827076,33.57560751792762],[131.5720224018229,33.576249178276214],[131.57338987764737,33.57728222573499],[131.5737122418824,33.578242286688834],[131.5760273820269,33.57978127022517],[131.57698622855565,33.58140431290996],[131.5787142304876,33.58240140756021],[131.57891339518795,33.58327802876508],[131.57990227045372,33.58347295599647],[131.57934793815699,33.58518385950793],[131.57852066226224,33.58618514861176],[131.5781186719808,33.58784501954047],[131.57834785584913,33.58827988728485],[131.57780846896898,33.589064050833855],[131.57790088163475,33.591299908523894],[131.57690065093837,33.59180735439315],[131.57545445714644,33.59368845391769],[131.57378456960433,33.594070889258575],[131.5732821832876,33.59525443740271],[131.57262016640198,33.59794546342315],[131.57294006254907,33.59923262025704],[131.57368314149184,33.60052712481737],[131.57327616215986,33.60111811644704]]]},"properties":{"KEY_CODE":"442090510","PREF":"44","CITY":"209","CITY_NAME":"豊後高田市","S_NAME":"黒土","SETAI":"63"}},{"type":"Feature","geometry":{"type":"Polygon","coordinates":[[[131.54247480105778,33.64854616958664],[131.5415612568799,33.65123196013466],[131.54048527195417,33.65499354743462],[131.53959940672658,33.65613414516934],[131.53777036220882,33.65779517410349],[131.5368130072934,33.658922603033695],[131.53620015418983,33.658695044248645],[131.5351412805226,33.65907331462852],[131.53365241334902,33.6600464199052],[131.53287516490602,33.65968057147688],[131.5318442540527,33.65969964951237],[131.5306736999595,33.66034851339619],[131.53008285812288,33.66211049337266],[131.52817671276847,33.66136446654124],[131.52679680577637,33.661274814921754],[131.5255693091428,33.66075134901454],[131.5248855603854,33.6620587047645],[131.52544387434958,33.66315594940844],[131.5274044776434,33.6641063508979],[131.52680422968325,33.66510397307312],[131.52693582918516,33.667913365703114],[131.52766231517194,33.66880292499949],[131.52674404189207,33.670697989973085],[131.524354253158,33.67324218022055],[131.52183721165193,33.67503736242532],[131.52209699135074,33.67448442835624],[131.5216545491576,33.673358313903435],[131.5202685658357,33.67098111396615],[131.51881877033318,33.670180225365534],[131.51637442234147,33.669318518898834],[131.51520489751144,33.66922062060807],[131.513998051755,33.670456407838564],[131.51350343340314,33.670518900028966],[131.5122495910612,33.67147984917208],[131.5132226893435,33.67209161588747],[131.51229352913435,33.67197916876221],[131.51112475534586,33.67347081148254],[131.50996790379872,33.673517075884966],[131.5091968061053,33.674063917237035],[131.50800717680676,33.67440967192234],[131.50754186236708,33.674871423301035],[131.50647736266896,33.67485500495772],[131.50675804178525,33.673060485069094],[131.50806247943925,33.67206599688482],[131.50805652409954,33.671603503394465],[131.50663865696552,33.67053183941581],[131.50533239360635,33.671400086346736],[131.50450665565444,33.671636969167245],[131.5025720740473,33.67090364911434],[131.50161786099906,33.67093097629029],[131.5013567850983,33.6716605415591],[131.50006124719533,33.67140704947033],[131.49856227566474,33.66953405366567],[131.49816208897602,33.66839140017465],[131.49923599617063,33.66762066174432],[131.49880850021754,33.66697952967827],[131.49977094458933,33.666517629932464],[131.50021072922598,33.66604163621385],[131.50183592279313,33.66526371046825],[131.50348196353653,33.66404139783628],[131.50611212155596,33.66250466607537],[131.5072778147318,33.661356393596066],[131.50887112450533,33.66064732597028],[131.5108425364419,33.65832474278186],[131.5125355462453,33.657101760705864],[131.51440218451208,33.65542867810851],[131.5157871990761,33.65444016223546],[131.51653916059357,33.654203435331915],[131.51812415901642,33.65287176888485],[131.5201033180818,33.65208879265187],[131.52113413907452,33.652013795948456],[131.52173685071523,33.65237206456923],[131.5231808379522,33.65394023629203],[131.52613674798232,33.65545380868044],[131.52724762923464,33.65668987466792],[131.5283516704475,33.65702576769354],[131.52771024701133,33.658245120152046],[131.5279953925196,33.65837972167294],[131.52931223368844,33.65576595268522],[131.53034406126358,33.6547947821484],[131.53311117226752,33.649666055281735],[131.53353358302684,33.65004026582583],[131.53422593715285,33.64866286253655],[131.53575024655214,33.64816416800341],[131.53959958155613,33.647928600848964],[131.54102634397273,33.64805488425197],[131.54247480105778,33.64854616958664]]]},"properties":{"KEY_CODE":"442090520","PREF":"44","CITY":"209","CITY_NAME":"豊後高田市","S_NAME":"香々地","SETAI":"366"}},{"type":"Feature","geometry":{"type":"Polygon","coordinates":[[[131.5444822824936,33.67708885871346],[131.54329118956088,33.677002064184606],[131.54186972315674,33.67818676426035],[131.5422879705098,33.67867275438449],[131.54128822298694,33.67883940334536],[131.54017458766273,33.67958902130231],[131.53880940307175,33.67961205533883],[131.53774817167067,33.67994750774139],[131.53711723196253,33.679770816287444],[131.53574426728744,33.678016739526655],[131.53565096765473,33.67688189318565],[131.53420646570615,33.67661944262877],[131.53341741271868,33.677029496039744],[131.53248343201386,33.67876559961682],[131.53160481205848,33.67987022194628],[131.52916015672233,33.681491012471106],[131.52810404248717,33.68126198906611],[131.5265414072581,33.681810518586005],[131.52600265626742,33.6824169010268],[131.52523977776482,33.682358768937156],[131.5235311646283,33.68408902662373],[131.52217301149884,33.68403613702269],[131.52202914855462,33.68343088231851],[131.52266046086234,33.68170967249402],[131.52480090262077,33.68076562536842],[131.52635420601936,33.678872856648645],[131.52850717100915,33.676638396062664],[131.5297889521175,33.674103787842945],[131.52926850923376,33.67293293687299],[131.52870781756914,33.6724115199257],[131.5273524404519,33.67207733439419],[131.52587744847574,33.67264529411875],[131.5255519942605,33.67410108414688],[131.52473300550463,33.673661821820296],[131.52321486943038,33.67512798902393],[131.52262708709605,33.67476261857669],[131.52183721165193,33.67503736242532],[131.524354253158,33.67324218022055],[131.52674404189207,33.670697989973085],[131.52766231517194,33.66880292499949],[131.52693582918516,33.667913365703114],[131.52680422968325,33.66510397307312],[131.5274044776434,33.6641063508979],[131.52544387434958,33.66315594940844],[131.5248855603854,33.6620587047645],[131.5255693091428,33.66075134901454],[131.52679680577637,33.661274814921754],[131.52817671276847,33.66136446654124],[131.53008285812288,33.66211049337266],[131.5306736999595,33.66034851339619],[131.5318442540527,33.65969964951237],[131.53287516490602,33.65968057147688],[131.53365241334902,33.6600464199052],[131.5351412805226,33.65907331462852],[131.53620015418983,33.658695044248645],[131.5368130072934,33.658922603033695],[131.53777036220882,33.65779517410349],[131.53959940672658,33.65613414516934],[131.54048527195417,33.65499354743462],[131.5415612568799,33.65123196013466],[131.54247480105778,33.64854616958664],[131.54330446769856,33.647728555534705],[131.54396824258498,33.64602913891556],[131.5446853564754,33.64495643455405],[131.54519142015516,33.64276698608255],[131.54523535733438,33.641609182223604],[131.54645734084403,33.64054994606439],[131.54616354058632,33.63949633930695],[131.54682322507088,33.63895163732979],[131.54789654968732,33.63905932173974],[131.5484370400858,33.64022666229045],[131.54991319644893,33.641306939904226],[131.55176905623034,33.64188437024043],[131.55307246177424,33.64146167360696],[131.55453859161233,33.64198127390285],[131.55469187432973,33.64335516704901],[131.55606503247267,33.64342171576358],[131.55692809908476,33.64425457857177],[131.55680683576867,33.645104821581974],[131.55601544607958,33.64565677901639],[131.5550365366122,33.6468759738287],[131.5547090822541,33.64818298029969],[131.5534522987749,33.64887880924895],[131.55214069283997,33.64991701795221],[131.5505074826808,33.6528379944329],[131.55015677360495,33.65445778956059],[131.55017942491014,33.65585310885925],[131.54975358632817,33.65772900925319],[131.55010050759367,33.658568218019866],[131.5495091748839,33.65916524055461],[131.54958436493663,33.660584770053],[131.54902358670205,33.66226634047877],[131.54951930466842,33.66314216174914],[131.54955406861302,33.66505399224429],[131.54912593444922,33.666173749958965],[131.54930817796887,33.666771578036354],[131.54889813636942,33.66803608655901],[131.54714875251702,33.670459495222396],[131.54638002542745,33.672098131542285],[131.5444822824936,33.67708885871346]]]},"properties":{"KEY_CODE":"442090530","PREF":"44","CITY":"209","CITY_NAME":"豊後高田市","S_NAME":"見目","SETAI":"255"}},{"type":"Feature","geometry":{"type":"Polygon","coordinates":[[[131.54247480105778,33.64854616958664],[131.54102634397273,33.64805488425197],[131.53959958155613,33.647928600848964],[131.53575024655214,33.64816416800341],[131.53422593715285,33.64866286253655],[131.53353358302684,33.65004026582583],[131.53311117226752,33.649666055281735],[131.53034406126358,33.6547947821484],[131.52931223368844,33.65576595268522],[131.5279953925196,33.65837972167294],[131.52771024701133,33.658245120152046],[131.5283516704475,33.65702576769354],[131.52724762923464,33.65668987466792],[131.52613674798232,33.65545380868044],[131.5231808379522,33.65394023629203],[131.52173685071523,33.65237206456923],[131.52113413907452,33.652013795948456],[131.52205816307549,33.65134371435015],[131.5228054736623,33.65011688593065],[131.52443122783896,33.64864508064723],[131.52548278749362,33.64722274347442],[131.52505572050606,33.646682136843644],[131.52593488077355,33.64585711208969],[131.525813356994,33.64392346792833],[131.5264534834431,33.642415101008524],[131.52667750800754,33.64078726443504],[131.52855053336896,33.63848347091614],[131.53078665134674,33.63530140836171],[131.530755828694,33.63356439482058],[131.53019646783608,33.632005899431626],[131.5290712457562,33.63219563571923],[131.52821099857388,33.63138815373721],[131.52812169954373,33.63012745203419],[131.52844289002252,33.62962776025924],[131.529993441066,33.62913977791521],[131.5305382553201,33.62841130522043],[131.53157404780995,33.627885285586686],[131.53219367718816,33.6271458432128],[131.5324509614839,33.62615908220605],[131.53336894747812,33.62486514671736],[131.5341777362391,33.624635876833814],[131.53547225290254,33.62284832018671],[131.5354661209796,33.62168566374187],[131.53594808086862,33.619069144463865],[131.5367082310043,33.61937200557013],[131.53749886418876,33.620841207476545],[131.53810857099586,33.62142283022662],[131.53829749667705,33.62235560468299],[131.53966030720875,33.62527613628104],[131.5411301724469,33.62618479531968],[131.54288103890616,33.626472511950375],[131.5434321330854,33.62829493168572],[131.54394204483472,33.62886687870337],[131.5452853709345,33.62875192856395],[131.54646410631676,33.62967137352353],[131.55138586915282,33.63185796557771],[131.5519990596253,33.63291385995657],[131.55053409666445,33.63353619008023],[131.54937580539425,33.63506128307863],[131.54781364063152,33.63639421638763],[131.54744156340712,33.63800755457936],[131.54682322507088,33.63895163732979],[131.54616354058632,33.63949633930695],[131.54645734084403,33.64054994606439],[131.54523535733438,33.641609182223604],[131.54519142015516,33.64276698608255],[131.5446853564754,33.64495643455405],[131.54396824258498,33.64602913891556],[131.54330446769856,33.647728555534705],[131.54247480105778,33.64854616958664]]]},"properties":{"KEY_CODE":"442090540","PREF":"44","CITY":"209","CITY_NAME":"豊後高田市","S_NAME":"上香々地","SETAI":"128"}},{"type":"Feature","geometry":{"type":"Polygon","coordinates":[[[131.5747467975026,33.61859835975865],[131.57361278453638,33.61923899949501],[131.57287104375484,33.61867648146064],[131.57132266797618,33.618499424342474],[131.57052092278306,33.61877806328745],[131.56974932736296,33.61848209338244],[131.56859168388655,33.618601748480806],[131.56751316249756,33.61985051166734],[131.56601256123122,33.61976447032842],[131.56449855192963,33.62090333214304],[131.5646932833937,33.6220570743823],[131.56412457366645,33.6231473763066],[131.5628519698329,33.623209312561784],[131.56119854086464,33.623931391191825],[131.56082777213368,33.623413344282916],[131.5592608559335,33.624768986693276],[131.5582636562019,33.6253523135124],[131.55675052910695,33.62670859518847],[131.5561879108429,33.628682397571424],[131.55703289313323,33.62924954529088],[131.5577203071392,33.63074331096906],[131.55821954202224,33.63381029179121],[131.55799712831134,33.634371741879946],[131.5578409855553,33.63645348818673],[131.5573005754252,33.6370682897995],[131.55522960838937,33.63780174675495],[131.55488922486774,33.63877300688399],[131.5551372566161,33.63986441920755],[131.55453859161233,33.64198127390285],[131.55307246177424,33.64146167360696],[131.55176905623034,33.64188437024043],[131.54991319644893,33.641306939904226],[131.5484370400858,33.64022666229045],[131.54789654968732,33.63905932173974],[131.54682322507088,33.63895163732979],[131.54744156340712,33.63800755457936],[131.54781364063152,33.63639421638763],[131.54937580539425,33.63506128307863],[131.55053409666445,33.63353619008023],[131.5519990596253,33.63291385995657],[131.55138586915282,33.63185796557771],[131.54646410631676,33.62967137352353],[131.5452853709345,33.62875192856395],[131.54394204483472,33.62886687870337],[131.5434321330854,33.62829493168572],[131.54288103890616,33.626472511950375],[131.5411301724469,33.62618479531968],[131.53966030720875,33.62527613628104],[131.53829749667705,33.62235560468299],[131.53810857099586,33.62142283022662],[131.53749886418876,33.620841207476545],[131.5367082310043,33.61937200557013],[131.53594808086862,33.619069144463865],[131.5354789169175,33.61808067682469],[131.53591929074742,33.61717035451352],[131.535329350348,33.61583357605856],[131.53504182558038,33.614229013490146],[131.53526840114557,33.61370838343174],[131.53510251954316,33.61088436409346],[131.5361278494055,33.61071440615724],[131.53762120440172,33.609716620875304],[131.53672220513087,33.60752145429894],[131.5360764878867,33.606420562460784],[131.53597684463475,33.60597093870561],[131.53732743550185,33.60475617141229],[131.53824997160362,33.603643341196204],[131.5393121708751,33.60344557128647],[131.54046173045347,33.60139873025188],[131.54216364403396,33.60035833702849],[131.54246796192785,33.59959475310647],[131.54518166378182,33.59898163174772],[131.54573712166288,33.59945037505152],[131.54695211171045,33.59976433515035],[131.5498715427901,33.5999825828537],[131.55109189366914,33.60072136960891],[131.55147268801335,33.60143522389508],[131.55313857361537,33.60312544433445],[131.5536572292692,33.60275759826149],[131.55544206159328,33.602881747270374],[131.5573783476287,33.60236507846149],[131.5591634024947,33.60137568380804],[131.55910144947399,33.60031227811799],[131.56038435749173,33.600826831320965],[131.5612592996686,33.60066478695675],[131.5625544676771,33.599723626297596],[131.56293535248824,33.599115658320805],[131.56409470491946,33.598958424532206],[131.5660847875918,33.59949321441862],[131.5670744280791,33.59954150927744],[131.56950004687684,33.60068632804803],[131.57147555681868,33.60059577587115],[131.57327616215986,33.60111811644704],[131.57244575939248,33.60273227785102],[131.57222029968062,33.6039050050097],[131.57384315085403,33.606093167578955],[131.57524654170794,33.606887346334936],[131.57484391091893,33.60752030508695],[131.57558362380126,33.60864678891473],[131.57591886044273,33.60977704282218],[131.5752629543658,33.6110724947067],[131.57647408836382,33.61204752168243],[131.57777998974046,33.61231167878111],[131.5784511389051,33.61371777253226],[131.57729336881636,33.6149309052967],[131.57614975337222,33.615281946169105],[131.57608649240376,33.617153846185964],[131.5747467975026,33.61859835975865]]]},"properties":{"KEY_CODE":"442090550","PREF":"44","CITY":"209","CITY_NAME":"豊後高田市","S_NAME":"夷","SETAI":"71"}},{"type":"Feature","geometry":{"type":"Polygon","coordinates":[[[131.49977094458933,33.666517629932464],[131.49924442131203,33.66590571014384],[131.49754069543718,33.666467093169125],[131.49665133706887,33.665391349211916],[131.49713687065926,33.66487728449615],[131.49687496385496,33.66377105315648],[131.49795526169635,33.662808272710016],[131.4984682772243,33.66276203902566],[131.4987193076298,33.66179624850136],[131.499735409455,33.66054876446178],[131.50226856867502,33.659309492452074],[131.50220389046748,33.658564965483336],[131.50366642601134,33.65808930772475],[131.50324196062624,33.657220929070576],[131.5054255181963,33.65743652760539],[131.50611743103573,33.65683134339269],[131.50476482960164,33.657294959185045],[131.50440232701226,33.656884348531804],[131.50482761874042,33.656232498835806],[131.50434929024533,33.6553725149019],[131.50288177186167,33.65535954132409],[131.49982309422853,33.655948087592066],[131.49812300496853,33.6556149878516],[131.4972594866467,33.654840354072284],[131.4993216914142,33.65438727122269],[131.50025234467617,33.65371768773061],[131.5020091976578,33.65308179952087],[131.50347655334545,33.65211105104858],[131.50454586797508,33.65103567992646],[131.50631579165133,33.650912566472094],[131.50690592610192,33.65037696564317],[131.5076766148358,33.64877361847523],[131.5087825959623,33.64811162338105],[131.50873403283958,33.64738689215045],[131.50941424856015,33.64619867057755],[131.510420745394,33.64540541068651],[131.5111251803191,33.64424765760061],[131.51092313485248,33.64369361388783],[131.51142582199665,33.64311813106571],[131.51092739826353,33.64228636088727],[131.51227587630922,33.6410664835961],[131.51410902464696,33.63877701617351],[131.5146642312971,33.638635933372555],[131.51599023294685,33.63682481225039],[131.51615039010662,33.63569437445694],[131.51575267941305,33.63532663156027],[131.51653289260005,33.634709035591264],[131.51863793571096,33.634000647817594],[131.5215671492793,33.6324593464543],[131.52286913518185,33.63203513079397],[131.52383750076223,33.63181998193321],[131.52513365254558,33.631079970310694],[131.5261771280971,33.631101386763184],[131.52720296740992,33.630226402122965],[131.52812169954373,33.63012745203419],[131.52821099857388,33.63138815373721],[131.5290712457562,33.63219563571923],[131.53019646783608,33.632005899431626],[131.530755828694,33.63356439482058],[131.53078665134674,33.63530140836171],[131.52855053336896,33.63848347091614],[131.52667750800754,33.64078726443504],[131.5264534834431,33.642415101008524],[131.525813356994,33.64392346792833],[131.52593488077355,33.64585711208969],[131.52505572050606,33.646682136843644],[131.52548278749362,33.64722274347442],[131.52443122783896,33.64864508064723],[131.5228054736623,33.65011688593065],[131.52205816307549,33.65134371435015],[131.52113413907452,33.652013795948456],[131.5201033180818,33.65208879265187],[131.51812415901642,33.65287176888485],[131.51653916059357,33.654203435331915],[131.5157871990761,33.65444016223546],[131.51440218451208,33.65542867810851],[131.5125355462453,33.657101760705864],[131.5108425364419,33.65832474278186],[131.50887112450533,33.66064732597028],[131.5072778147318,33.661356393596066],[131.50611212155596,33.66250466607537],[131.50348196353653,33.66404139783628],[131.50183592279313,33.66526371046825],[131.50021072922598,33.66604163621385],[131.49977094458933,33.666517629932464]]]},"properties":{"KEY_CODE":"442090560","PREF":"44","CITY":"209","CITY_NAME":"豊後高田市","S_NAME":"羽根","SETAI":"138"}},{"type":"Feature","geometry":{"type":"Polygon","coordinates":[[[131.4972594866467,33.654840354072284],[131.495626220431,33.65491904459934],[131.49504931238633,33.65453096161132],[131.4940182063746,33.65257755843408],[131.49496490954553,33.65164773420959],[131.49658642107957,33.650897358777485],[131.4968177583288,33.65025265554307],[131.4973790742833,33.650554286619304],[131.49783808485876,33.64957497826619],[131.49690322883407,33.64880605601459],[131.49623029949885,33.64896204193396],[131.49579509235588,33.64827218248447],[131.49640052420827,33.64724636330748],[131.49783541789967,33.645551802328775],[131.49587490531346,33.64470669175923],[131.49458580314226,33.6436235108049],[131.49251004958592,33.64485898657948],[131.489838357676,33.646907364855906],[131.48768298301457,33.64820167440243],[131.48671864655464,33.64830374153912],[131.4856247944067,33.64780402762589],[131.486302161215,33.64678840093677],[131.48802998158723,33.644947339053786],[131.48884736684275,33.644758914293746],[131.4933317613928,33.641875056508816],[131.4949474846095,33.63994451327698],[131.49586221930386,33.63965533926599],[131.49624651019195,33.63868640097579],[131.497745049051,33.6376766951656],[131.49856654773228,33.63647958493744],[131.49960828799547,33.63643360581655],[131.50080684880794,33.63505314782293],[131.50130923029656,33.63406646206958],[131.50216740538923,33.63326133549972],[131.5033243353333,33.63163045366172],[131.50415168857256,33.630811207891476],[131.5052822904169,33.63052129314852],[131.50626766308744,33.629901020423695],[131.5076160207827,33.628437875005936],[131.5090010350447,33.62741567995454],[131.5097560813003,33.62646024753134],[131.5108009850203,33.62601094261168],[131.5134570354717,33.62570836551926],[131.5141869578742,33.62531852611888],[131.5147517904409,33.6264117037326],[131.5162339494673,33.62776676148022],[131.51683388466822,33.62861901050322],[131.5178124869508,33.62828622562546],[131.52013005331443,33.62936540406379],[131.52199220643047,33.63095513583168],[131.52286913518185,33.63203513079397],[131.5215671492793,33.6324593464543],[131.51863793571096,33.634000647817594],[131.51653289260005,33.634709035591264],[131.51575267941305,33.63532663156027],[131.51615039010662,33.63569437445694],[131.51599023294685,33.63682481225039],[131.5146642312971,33.638635933372555],[131.51410902464696,33.63877701617351],[131.51227587630922,33.6410664835961],[131.51092739826353,33.64228636088727],[131.51142582199665,33.64311813106571],[131.51092313485248,33.64369361388783],[131.5111251803191,33.64424765760061],[131.510420745394,33.64540541068651],[131.50941424856015,33.64619867057755],[131.50873403283958,33.64738689215045],[131.5087825959623,33.64811162338105],[131.5076766148358,33.64877361847523],[131.50690592610192,33.65037696564317],[131.50631579165133,33.650912566472094],[131.50454586797508,33.65103567992646],[131.50347655334545,33.65211105104858],[131.5020091976578,33.65308179952087],[131.50025234467617,33.65371768773061],[131.4993216914142,33.65438727122269],[131.4972594866467,33.654840354072284]]]},"properties":{"KEY_CODE":"442090570","PREF":"44","CITY":"209","CITY_NAME":"豊後高田市","S_NAME":"堅来","SETAI":"180"}},{"type":"Feature","geometry":{"type":"Polygon","coordinates":[[[131.52812169954373,33.63012745203419],[131.52720296740992,33.630226402122965],[131.5261771280971,33.631101386763184],[131.52513365254558,33.631079970310694],[131.52383750076223,33.63181998193321],[131.52286913518185,33.63203513079397],[131.52199220643047,33.63095513583168],[131.52013005331443,33.62936540406379],[131.5178124869508,33.62828622562546],[131.51683388466822,33.62861901050322],[131.5162339494673,33.62776676148022],[131.5147517904409,33.6264117037326],[131.5141869578742,33.62531852611888],[131.51554089712138,33.62455935286435],[131.51879421301336,33.623623977475276],[131.52003914076366,33.62242676841587],[131.52107188695155,33.622365918082586],[131.52191343375927,33.621765708561334],[131.52301293126422,33.621557541566034],[131.52382628874363,33.62073490269855],[131.52598118968453,33.61951340474429],[131.52742014800654,33.61887264275518],[131.52742076316596,33.61796033793318],[131.52889842874055,33.61657270503844],[131.53078114675907,33.61536258788532],[131.53166363211537,33.615410563472054],[131.5339221371467,33.613650388559726],[131.53526840114557,33.61370838343174],[131.53504182558038,33.614229013490146],[131.535329350348,33.61583357605856],[131.53591929074742,33.61717035451352],[131.5354789169175,33.61808067682469],[131.53594808086862,33.619069144463865],[131.5354661209796,33.62168566374187],[131.53547225290254,33.62284832018671],[131.5341777362391,33.624635876833814],[131.53336894747812,33.62486514671736],[131.5324509614839,33.62615908220605],[131.53219367718816,33.6271458432128],[131.53157404780995,33.627885285586686],[131.5305382553201,33.62841130522043],[131.529993441066,33.62913977791521],[131.52844289002252,33.62962776025924],[131.52812169954373,33.63012745203419]]]},"properties":{"KEY_CODE":"442090580","PREF":"44","CITY":"209","CITY_NAME":"豊後高田市","S_NAME":"小畑","SETAI":"30"}},{"type":"Feature","geometry":{"type":"Polygon","coordinates":[[[131.44872384244155,33.56316982643122],[131.44842747431568,33.56244824916583],[131.44848239975644,33.56202966568478],[131.4484570898788,33.561925161765494],[131.44854005964004,33.561723783437294],[131.44898047492575,33.56210264329069],[131.448961488986,33.56241114408739],[131.44909590840535,33.56257927167318],[131.44951642116953,33.5627797262819],[131.44990085265744,33.56275293202475],[131.44988982919165,33.56251732662433],[131.45015679624564,33.562581723569416],[131.45019943840254,33.56270509918538],[131.45026250274537,33.5627317203104],[131.45031172781714,33.562729688471364],[131.45036969949942,33.562722512559795],[131.45090777561433,33.56263759541434],[131.4516496958895,33.562815223763046],[131.45166711978095,33.56285212909451],[131.4517408529114,33.56294743834992],[131.45184499440577,33.56301354832772],[131.45211689376418,33.56317372348909],[131.45212266085522,33.5633256097137],[131.45217561012922,33.563294848596854],[131.45207145224558,33.56355937753313],[131.4520265966937,33.563632578726036],[131.45195924092397,33.563728403864744],[131.4517698202051,33.56396263409535],[131.45165959335958,33.56409919179853],[131.45164945485,33.564109369551076],[131.45155136522698,33.564205986493945],[131.45123145761028,33.56440913363403],[131.45080482505574,33.564583660069275],[131.45076285342483,33.56449072474245],[131.45059028255955,33.56432470028296],[131.45014111537395,33.564342703141115],[131.44931583398954,33.563933519966135],[131.4491895597689,33.563801888557975],[131.44872384244155,33.56316982643122]]]},"properties":{"KEY_CODE":"442090590","PREF":"44","CITY":"209","CITY_NAME":"豊後高田市","S_NAME":"城台","SETAI":"80"}}]}