{"type":"FeatureCollection","features":[{"type":"Feature","geometry":{"type":"Polygon","coordinates":[[[131.39076467124252,33.575933437610864],[131.38828990413876,33.57587355447044],[131.38688289661195,33.57632426884121],[131.38664397737455,33.57686514205737],[131.38552031554593,33.576851472984096],[131.38141105199125,33.57622667343125],[131.3790480275262,33.57632950108489],[131.37763841084856,33.5766926723961],[131.37787735983557,33.57936451779129],[131.375393941341,33.579545162664104],[131.37543305264165,33.58012123953776],[131.3742243725005,33.58013027510091],[131.37381579162744,33.57782232313817],[131.37250079840615,33.57790830542949],[131.37248385800606,33.57947904337188],[131.37196717258928,33.57731028839674],[131.3732984483687,33.576770706156964],[131.3723326502074,33.57563477542436],[131.37177080323283,33.575740155138305],[131.3720021806813,33.57668443014394],[131.37159592531947,33.57666039592297],[131.37101164988113,33.57530782367469],[131.3715438028472,33.57505914708452],[131.37088677008788,33.57356523722872],[131.3704515515986,33.5735638260961],[131.37028894459792,33.57131102061653],[131.3712502113117,33.56823258884682],[131.3701764322915,33.56791316885729],[131.37070635750808,33.565401555672885],[131.373880413637,33.565614693805855],[131.37438129231313,33.5648805293255],[131.37672891248255,33.563961766711365],[131.37853737168606,33.56344103560037],[131.378632888921,33.56384695995212],[131.38039795516022,33.56344936546983],[131.3822662124297,33.56235596227133],[131.38463420780607,33.56041903634927],[131.38552915602222,33.559736999502455],[131.3860031352186,33.55888970083928],[131.3869208851195,33.55972819392517],[131.3872558752111,33.55945523343029],[131.38811122806518,33.560105586449495],[131.38554232663427,33.56281115017039],[131.3872290332142,33.564381959275714],[131.38668469877462,33.564623324396784],[131.387855321171,33.56686992882903],[131.38727793222083,33.56709339000031],[131.38884317187714,33.568083973533206],[131.3897606834274,33.568031510459434],[131.39153817939,33.56854620806983],[131.3930533730729,33.571007085448905],[131.3932589053165,33.57151384346982],[131.39192515795335,33.57235534877423],[131.39208407740665,33.57276201502712],[131.3912820712388,33.573214711427816],[131.3915981526262,33.57390026622498],[131.39011615476983,33.57433100076526],[131.39076467124252,33.575933437610864]]]},"properties":{"KEY_CODE":"442110010","PREF":"44","CITY":"211","CITY_NAME":"宇佐市","S_NAME":"大字長洲","SETAI":"1486"}},{"type":"Feature","geometry":{"type":"Polygon","coordinates":[[[131.38463420780607,33.56041903634927],[131.3822662124297,33.56235596227133],[131.38039795516022,33.56344936546983],[131.378632888921,33.56384695995212],[131.37853737168606,33.56344103560037],[131.37672891248255,33.563961766711365],[131.37438129231313,33.5648805293255],[131.373880413637,33.565614693805855],[131.37070635750808,33.565401555672885],[131.37027843336443,33.56153305436798],[131.36924307318287,33.557529786000764],[131.36857526339423,33.55629380447651],[131.3673131861756,33.55502129912954],[131.3662483444299,33.554403001426905],[131.36858249178226,33.55347815997704],[131.36971788443782,33.55349091337718],[131.36970622531277,33.55266946190005],[131.37067764869272,33.552582850629946],[131.37222053813466,33.553430393626904],[131.37451368626174,33.55288187233336],[131.37609560291156,33.55339874530512],[131.37671143477286,33.554399428297955],[131.37655768038363,33.55531992364499],[131.3770609433718,33.55551795954707],[131.37803107242053,33.5551353125028],[131.3832241120865,33.557175366828076],[131.38360801983976,33.55718643626878],[131.38321618188604,33.55814554856299],[131.3825997320726,33.55862231511351],[131.38463420780607,33.56041903634927]]]},"properties":{"KEY_CODE":"442110020","PREF":"44","CITY":"211","CITY_NAME":"宇佐市","S_NAME":"大字金屋","SETAI":"226"}},{"type":"Feature","geometry":{"type":"Polygon","coordinates":[[[131.36473169728177,33.57003554176428],[131.363634103326,33.57051289349297],[131.36289517740389,33.57282426573243],[131.36246389507772,33.57343116370834],[131.36049070406133,33.57292855750492],[131.36268787267562,33.570731871958905],[131.36221352197722,33.56901562706441],[131.3628520351065,33.568778722863044],[131.36383403451154,33.56881899020017],[131.36410919407447,33.57002689338463],[131.36473169728177,33.57003554176428]]]},"properties":{"KEY_CODE":"442110030","PREF":"44","CITY":"211","CITY_NAME":"宇佐市","S_NAME":"大字江須賀","SETAI":"0"}},{"type":"Feature","geometry":{"type":"Polygon","coordinates":[[[131.360905639461,33.567182799299346],[131.36102823383592,33.56743392786371],[131.36140278804677,33.56789917381377],[131.36199066261207,33.56887775347277],[131.3614216209391,33.568995787375655],[131.3604002973243,33.56737932958383],[131.35786501050524,33.56644910761463],[131.3566857931084,33.56473537315527],[131.35808565135355,33.564807379338895],[131.3580764141806,33.563535294635216],[131.35683153376996,33.56334898719727],[131.35675285166815,33.56281000946618],[131.35457103699667,33.562798748169854],[131.35457347868243,33.56193277730973],[131.35346979819255,33.56193892309007],[131.35347686852236,33.56279884531431],[131.35234202498077,33.56280108969247],[131.3523536929401,33.564496953951895],[131.35010793214934,33.56438934073808],[131.35012255106207,33.56423221126274],[131.3501298735067,33.56365226510805],[131.35009360667146,33.5596168657985],[131.34893327692242,33.55962626926561],[131.34891234440073,33.552852511235656],[131.34971316860188,33.552856274511136],[131.34971885246983,33.55372312355692],[131.35481498464372,33.55374740438243],[131.35437450268097,33.55321307091271],[131.3543428261524,33.55120569913861],[131.35789513238566,33.550160994621336],[131.35811183524595,33.55094723463634],[131.3599340800643,33.55035992587699],[131.36034020543542,33.54892372859792],[131.36215399667586,33.54848818335263],[131.36271067724203,33.5500561496325],[131.36320854911716,33.55226777029851],[131.36377318030898,33.55303679580662],[131.3662483444299,33.554403001426905],[131.3673131861756,33.55502129912954],[131.36857526339423,33.55629380447651],[131.36924307318287,33.557529786000764],[131.37027843336443,33.56153305436798],[131.37070635750808,33.565401555672885],[131.3701764322915,33.56791316885729],[131.36887773610317,33.56753548297999],[131.36884222710614,33.56752625489173],[131.36803674327936,33.56710961517485],[131.36787964842165,33.56705319780969],[131.3675238642833,33.56697331397493],[131.36664643417973,33.56686102065283],[131.3661486819709,33.56678831692578],[131.3660792797449,33.56660441678596],[131.3657824842396,33.566304357216794],[131.36529989112555,33.56600445732558],[131.36498762021213,33.565894745464846],[131.36432044819932,33.56579291236532],[131.3635094903596,33.56567550557178],[131.3631463465611,33.56512172175358],[131.3602197050927,33.56497487097999],[131.36040174845957,33.56583452984644],[131.3603918089321,33.56596364640085],[131.36045454344438,33.56613643896969],[131.36055623349975,33.56669212021256],[131.360905639461,33.567182799299346]]]},"properties":{"KEY_CODE":"442110030","PREF":"44","CITY":"211","CITY_NAME":"宇佐市","S_NAME":"大字江須賀","SETAI":"787"}},{"type":"Feature","geometry":{"type":"Polygon","coordinates":[[[131.36844839443668,33.56868753497755],[131.3679713735222,33.57066240742397],[131.36677306324276,33.574100453638195],[131.3652970275924,33.576835110870775],[131.36432429993522,33.57659180695874],[131.3638911991742,33.57785722792339],[131.36125014510407,33.57794250940251],[131.35922457414753,33.57759673762926],[131.3571863704643,33.57653952139942],[131.36049070406133,33.57292855750492],[131.36246389507772,33.57343116370834],[131.36289517740389,33.57282426573243],[131.363634103326,33.57051289349297],[131.36473169728177,33.57003554176428],[131.36507183816792,33.570193978946804],[131.36713322174796,33.56942402674779],[131.3673939369913,33.56885441425819],[131.3680081930857,33.56864647354926],[131.36818295174476,33.56856219687249],[131.36829178672903,33.5686572876065],[131.36844839443668,33.56868753497755]]]},"properties":{"KEY_CODE":"442110040","PREF":"44","CITY":"211","CITY_NAME":"宇佐市","S_NAME":"大字神子山新田","SETAI":"265"}},{"type":"Feature","geometry":{"type":"Polygon","coordinates":[[[131.3571863704643,33.57653952139942],[131.3565372674152,33.57618487392602],[131.35877521314103,33.573376167206895],[131.35995688350644,33.5719005753047],[131.36024176266108,33.57158183308254],[131.36068262486373,33.5711529914407],[131.3611848080809,33.57059794534884],[131.36083911641137,33.57030916844626],[131.35941634864568,33.5703448615609],[131.35916370889979,33.57047469647397],[131.35579019969018,33.56976346786475],[131.35433380547164,33.569333287366426],[131.3540112520777,33.56928694307096],[131.3540300290358,33.56887890696957],[131.35360159838072,33.56894414732948],[131.3534302293482,33.56920786849196],[131.3529020834593,33.56904851766228],[131.35275984016388,33.56888563212949],[131.35262660104522,33.56889552943027],[131.35178629925542,33.56887869563305],[131.34961502979155,33.56864618165117],[131.34967901728973,33.568481142283396],[131.3496694696011,33.56846987458639],[131.34846281449904,33.56845376245158],[131.34852332709704,33.567963981554776],[131.34824984788446,33.56771852370437],[131.3479358881759,33.567527673064475],[131.34788197179142,33.56730755899982],[131.34770557496228,33.56614401721183],[131.34770457082914,33.56604030178887],[131.34887250312275,33.566041347523104],[131.34995818905037,33.566050402413204],[131.35010793214934,33.56438934073808],[131.3523536929401,33.564496953951895],[131.35234202498077,33.56280108969247],[131.35347686852236,33.56279884531431],[131.35346979819255,33.56193892309007],[131.35457347868243,33.56193277730973],[131.35457103699667,33.562798748169854],[131.35675285166815,33.56281000946618],[131.35683153376996,33.56334898719727],[131.3580764141806,33.563535294635216],[131.35808565135355,33.564807379338895],[131.3566857931084,33.56473537315527],[131.35786501050524,33.56644910761463],[131.3604002973243,33.56737932958383],[131.3614216209391,33.568995787375655],[131.36199066261207,33.56887775347277],[131.36221352197722,33.56901562706441],[131.36268787267562,33.570731871958905],[131.36049070406133,33.57292855750492],[131.3571863704643,33.57653952139942]]]},"properties":{"KEY_CODE":"442110050","PREF":"44","CITY":"211","CITY_NAME":"宇佐市","S_NAME":"大字住江","SETAI":"293"}},{"type":"Feature","geometry":{"type":"Polygon","coordinates":[[[131.35995688350644,33.5719005753047],[131.35877521314103,33.573376167206895],[131.3565372674152,33.57618487392602],[131.3546190784278,33.574895935616986],[131.35362894120948,33.57379508664001],[131.35410966148703,33.573584180702646],[131.35404998513965,33.57226476411153],[131.354088225325,33.57196333154668],[131.35408412916843,33.57154888842897],[131.3537271491803,33.57081956952434],[131.35294595181284,33.57087741152445],[131.35338159699236,33.57009968572027],[131.35302401501184,33.56934822549378],[131.3529020834593,33.56904851766228],[131.3534302293482,33.56920786849196],[131.35360159838072,33.56894414732948],[131.3540300290358,33.56887890696957],[131.3540112520777,33.56928694307096],[131.35433380547164,33.569333287366426],[131.35579019969018,33.56976346786475],[131.35916370889979,33.57047469647397],[131.35941634864568,33.5703448615609],[131.36083911641137,33.57030916844626],[131.3611848080809,33.57059794534884],[131.36068262486373,33.5711529914407],[131.36024176266108,33.57158183308254],[131.35995688350644,33.5719005753047]]]},"properties":{"KEY_CODE":"442110060","PREF":"44","CITY":"211","CITY_NAME":"宇佐市","S_NAME":"大字郡中新田","SETAI":"12"}},{"type":"Feature","geometry":{"type":"Polygon","coordinates":[[[131.35362894120948,33.57379508664001],[131.35043528781944,33.57331816500879],[131.3486971399596,33.57289297038109],[131.34471504799416,33.572681395931234],[131.3435433508176,33.57275227276442],[131.34363640582237,33.571636084211804],[131.34421302750454,33.571148531826765],[131.34475115014902,33.5711080828671],[131.34499412506275,33.56972220612153],[131.34530637765485,33.5697359980349],[131.3453645104398,33.56971543118737],[131.34553675798492,33.568037585076716],[131.3451777024643,33.56792968058347],[131.34405486436657,33.56782625608835],[131.34362093339328,33.5678523325755],[131.34291515100367,33.56778305602558],[131.3422610437871,33.56781424540764],[131.34207990352493,33.567592141083196],[131.34194719347448,33.56765474452563],[131.34176372455434,33.568059441363744],[131.34185620300406,33.56874530489126],[131.34101245258648,33.569044344366205],[131.34087412927306,33.566925757754916],[131.34428617755313,33.56694349771007],[131.34431301834852,33.56745367476743],[131.3454558033581,33.56744689129343],[131.34546021791553,33.56693786064275],[131.3465148870173,33.566932787715764],[131.34656999573627,33.56783330825424],[131.34824984788446,33.56771852370437],[131.34852332709704,33.567963981554776],[131.34846281449904,33.56845376245158],[131.3496694696011,33.56846987458639],[131.34967901728973,33.568481142283396],[131.34961502979155,33.56864618165117],[131.35178629925542,33.56887869563305],[131.35262660104522,33.56889552943027],[131.35275984016388,33.56888563212949],[131.3529020834593,33.56904851766228],[131.35302401501184,33.56934822549378],[131.35338159699236,33.57009968572027],[131.35294595181284,33.57087741152445],[131.3537271491803,33.57081956952434],[131.35408412916843,33.57154888842897],[131.354088225325,33.57196333154668],[131.35404998513965,33.57226476411153],[131.35410966148703,33.573584180702646],[131.35362894120948,33.57379508664001]]]},"properties":{"KEY_CODE":"442110070","PREF":"44","CITY":"211","CITY_NAME":"宇佐市","S_NAME":"大字高砂新田","SETAI":"50"}},{"type":"Feature","geometry":{"type":"Polygon","coordinates":[[[131.3435433508176,33.57275227276442],[131.342443936969,33.57257677428819],[131.34225442980195,33.571607959157674],[131.34111406316515,33.57161673649611],[131.34106476449156,33.570369697203944],[131.34101245258648,33.569044344366205],[131.34185620300406,33.56874530489126],[131.34176372455434,33.568059441363744],[131.34194719347448,33.56765474452563],[131.34207990352493,33.567592141083196],[131.3422610437871,33.56781424540764],[131.34291515100367,33.56778305602558],[131.34362093339328,33.5678523325755],[131.34405486436657,33.56782625608835],[131.3451777024643,33.56792968058347],[131.34553675798492,33.568037585076716],[131.3453645104398,33.56971543118737],[131.34530637765485,33.5697359980349],[131.34499412506275,33.56972220612153],[131.34475115014902,33.5711080828671],[131.34421302750454,33.571148531826765],[131.34363640582237,33.571636084211804],[131.3435433508176,33.57275227276442]]]},"properties":{"KEY_CODE":"442110080","PREF":"44","CITY":"211","CITY_NAME":"宇佐市","S_NAME":"大字順風新田","SETAI":"11"}},{"type":"Feature","geometry":{"type":"Polygon","coordinates":[[[131.36887773610317,33.56753548297999],[131.36867038366276,33.568125684711035],[131.36754656942813,33.567483754442804],[131.36627153855468,33.5673050817425],[131.36615225943694,33.56681873814496],[131.36664643417973,33.56686102065283],[131.3675238642833,33.56697331397493],[131.36787964842165,33.56705319780969],[131.36803674327936,33.56710961517485],[131.36884222710614,33.56752625489173],[131.36887773610317,33.56753548297999]]]},"properties":{"KEY_CODE":"44211009001","PREF":"44","CITY":"211","CITY_NAME":"宇佐市","S_NAME":"貴船町一丁目","SETAI":"14"}},{"type":"Feature","geometry":{"type":"Polygon","coordinates":[[[131.36844839443668,33.56868753497755],[131.36829178672903,33.5686572876065],[131.36818295174476,33.56856219687249],[131.3680081930857,33.56864647354926],[131.3673939369913,33.56885441425819],[131.36703238264136,33.56835882114686],[131.36679077132663,33.56802757116359],[131.36627153855468,33.5673050817425],[131.36754656942813,33.567483754442804],[131.36867038366276,33.568125684711035],[131.36844839443668,33.56868753497755]]]},"properties":{"KEY_CODE":"44211009002","PREF":"44","CITY":"211","CITY_NAME":"宇佐市","S_NAME":"貴船町二丁目","SETAI":"21"}},{"type":"Feature","geometry":{"type":"Polygon","coordinates":[[[131.36615225943694,33.56681873814496],[131.3646809098573,33.566745908421446],[131.36529989112555,33.56600445732558],[131.3657824842396,33.566304357216794],[131.3660792797449,33.56660441678596],[131.3661486819709,33.56678831692578],[131.36615225943694,33.56681873814496]]]},"properties":{"KEY_CODE":"44211010001","PREF":"44","CITY":"211","CITY_NAME":"宇佐市","S_NAME":"子安町一丁目","SETAI":"5"}},{"type":"Feature","geometry":{"type":"Polygon","coordinates":[[[131.36627153855468,33.5673050817425],[131.36510760247933,33.56795769498339],[131.3640360981946,33.56800177605003],[131.3646809098573,33.566745908421446],[131.36615225943694,33.56681873814496],[131.36627153855468,33.5673050817425]]]},"properties":{"KEY_CODE":"44211010002","PREF":"44","CITY":"211","CITY_NAME":"宇佐市","S_NAME":"子安町二丁目","SETAI":"14"}},{"type":"Feature","geometry":{"type":"Polygon","coordinates":[[[131.36679077132663,33.56802757116359],[131.36533924454912,33.56877997200978],[131.36397014703613,33.56881785292907],[131.3640360981946,33.56800177605003],[131.36510760247933,33.56795769498339],[131.36627153855468,33.5673050817425],[131.36679077132663,33.56802757116359]]]},"properties":{"KEY_CODE":"44211010003","PREF":"44","CITY":"211","CITY_NAME":"宇佐市","S_NAME":"子安町三丁目","SETAI":"45"}},{"type":"Feature","geometry":{"type":"Polygon","coordinates":[[[131.3673939369913,33.56885441425819],[131.36713322174796,33.56942402674779],[131.36507183816792,33.570193978946804],[131.36473169728177,33.57003554176428],[131.36410919407447,33.57002689338463],[131.36383403451154,33.56881899020017],[131.36397014703613,33.56881785292907],[131.36533924454912,33.56877997200978],[131.3667907713266,33.56802757116357],[131.36703238264136,33.56835882114686],[131.3673939369913,33.56885441425819]]]},"properties":{"KEY_CODE":"44211010004","PREF":"44","CITY":"211","CITY_NAME":"宇佐市","S_NAME":"子安町四丁目","SETAI":"45"}},{"type":"Feature","geometry":{"type":"Polygon","coordinates":[[[131.36529989112555,33.56600445732558],[131.3646809098573,33.566745908421446],[131.36305033298828,33.566658277148626],[131.36313282053678,33.56561881336064],[131.3635094903596,33.56567550557178],[131.36432044819932,33.56579291236532],[131.36498762021213,33.565894745464846],[131.36529989112555,33.56600445732558]]]},"properties":{"KEY_CODE":"44211011001","PREF":"44","CITY":"211","CITY_NAME":"宇佐市","S_NAME":"沖須町一丁目","SETAI":"17"}},{"type":"Feature","geometry":{"type":"Polygon","coordinates":[[[131.3646809098573,33.566745908421446],[131.3640360981946,33.56800177605003],[131.36293056760542,33.56792901403117],[131.36305033298828,33.566658277148626],[131.3646809098573,33.566745908421446]]]},"properties":{"KEY_CODE":"44211011002","PREF":"44","CITY":"211","CITY_NAME":"宇佐市","S_NAME":"沖須町二丁目","SETAI":"18"}},{"type":"Feature","geometry":{"type":"Polygon","coordinates":[[[131.36397014703613,33.56881785292907],[131.36383403451154,33.56881899020017],[131.3628520351064,33.56877872286304],[131.36293056760542,33.56792901403117],[131.3640360981946,33.56800177605003],[131.36397014703613,33.56881785292907]]]},"properties":{"KEY_CODE":"44211011003","PREF":"44","CITY":"211","CITY_NAME":"宇佐市","S_NAME":"沖須町三丁目","SETAI":"5"}},{"type":"Feature","geometry":{"type":"Polygon","coordinates":[[[131.36305033298828,33.566658277148626],[131.36055623349975,33.56669212021256],[131.36045454344438,33.56613643896969],[131.3603918089321,33.56596364640085],[131.36040174845957,33.56583452984644],[131.3602197050927,33.56497487097999],[131.3631463465611,33.56512172175358],[131.36313282053678,33.56561881336064],[131.36305033298828,33.566658277148626]]]},"properties":{"KEY_CODE":"44211012001","PREF":"44","CITY":"211","CITY_NAME":"宇佐市","S_NAME":"住吉町一丁目","SETAI":"36"}},{"type":"Feature","geometry":{"type":"Polygon","coordinates":[[[131.36305033298828,33.566658277148626],[131.36293056760542,33.56792901403117],[131.36140278804677,33.56789917381377],[131.36102823383592,33.56743392786371],[131.360905639461,33.567182799299346],[131.36055623349975,33.56669212021256],[131.36305033298828,33.566658277148626]]]},"properties":{"KEY_CODE":"44211012002","PREF":"44","CITY":"211","CITY_NAME":"宇佐市","S_NAME":"住吉町二丁目","SETAI":"31"}},{"type":"Feature","geometry":{"type":"Polygon","coordinates":[[[131.36293056760542,33.56792901403117],[131.3628520351065,33.568778722863044],[131.36221352197722,33.56901562706441],[131.36199066261207,33.56887775347277],[131.36140278804677,33.56789917381377],[131.36293056760542,33.56792901403117]]]},"properties":{"KEY_CODE":"44211012003","PREF":"44","CITY":"211","CITY_NAME":"宇佐市","S_NAME":"住吉町三丁目","SETAI":"10"}},{"type":"Feature","geometry":{"type":"Polygon","coordinates":[[[131.40494487877905,33.55064427993323],[131.4041617531089,33.5515670506233],[131.4040050799364,33.55180392389238],[131.40366563435836,33.55171525510731],[131.40425712039863,33.550455396878625],[131.40533786786574,33.54969988633254],[131.40505670008258,33.548020969107164],[131.40476854254007,33.54892695349372],[131.40198880396815,33.54975309655481],[131.40117577144647,33.54950701630169],[131.40098933350404,33.55045616926157],[131.39880420315876,33.55112213608457],[131.39801868996005,33.55097928452679],[131.39503142325117,33.551256746723446],[131.39451952078753,33.55078099255907],[131.39363943880417,33.55102855087319],[131.39326797583914,33.551010148875456],[131.39315046035043,33.551099140487324],[131.39294508454424,33.55115547701056],[131.39245597925353,33.550974161216025],[131.39094584744757,33.55039215616015],[131.390684610733,33.55080567344285],[131.38915140244526,33.55044973549365],[131.38735466823687,33.54965278008388],[131.38654159855,33.54905782406491],[131.3850834392422,33.548567403530065],[131.3840692718071,33.54785513128198],[131.3848802099863,33.547622684621714],[131.38502475110764,33.54646086952875],[131.38441125265484,33.54579912878871],[131.38417764069476,33.54654824521271],[131.38217335151964,33.54674292324269],[131.3812875313853,33.544874679977625],[131.38008799994,33.54429788800201],[131.37855684498012,33.543756680131125],[131.37951561814654,33.54399877965835],[131.38016432231692,33.54359054429845],[131.37980617638846,33.542738656709],[131.38191726649873,33.54131196756983],[131.38245360180446,33.54237885130539],[131.38286531418692,33.542217080998554],[131.3823388845184,33.54123739226495],[131.38320255233765,33.54112493157018],[131.3857099779142,33.5398517746689],[131.38754381429732,33.54115215437051],[131.3882902262802,33.54073226326137],[131.39017311084427,33.54108477138295],[131.3909897298895,33.54200464620723],[131.3927630366456,33.54216098157025],[131.39421409721265,33.54160039649444],[131.39532183032293,33.540746195084125],[131.39557609077278,33.540131826278255],[131.39628679455214,33.54072641666538],[131.39750595961502,33.54068355263514],[131.39802276617027,33.538995244685495],[131.39957249021546,33.53934290237876],[131.39921995185736,33.540247572770504],[131.40079869989552,33.540389323068965],[131.40457450793977,33.53910841922063],[131.4050381830447,33.54043511777481],[131.40480423823539,33.541521661600115],[131.4052169603338,33.54239744288479],[131.40739578839865,33.54357972063196],[131.40863977361795,33.54505340231506],[131.40888271803334,33.546058869287705],[131.4086349197373,33.54820664990943],[131.40904016447217,33.55081077463234],[131.40924763707454,33.5510949335669],[131.40802111084523,33.55120356338968],[131.40696568358877,33.55049693489565],[131.40557667705718,33.5500575389354],[131.4049773846723,33.55064331419872],[131.40494487877905,33.55064427993323]]]},"properties":{"KEY_CODE":"442110130","PREF":"44","CITY":"211","CITY_NAME":"宇佐市","S_NAME":"大字蜷木","SETAI":"208"}},{"type":"Feature","geometry":{"type":"Polygon","coordinates":[[[131.4274200012936,33.56700628249752],[131.42690306475046,33.56748198267132],[131.4265091171999,33.56862848672372],[131.42171036187986,33.56880276128669],[131.42120850514135,33.569038914254484],[131.4207277679213,33.57097103618533],[131.42060377392906,33.57228702482319],[131.42016385437304,33.573531037547575],[131.41749106019023,33.573687964628725],[131.41294640612685,33.573454364349566],[131.41289481390953,33.57371151210447],[131.40925875931876,33.57936611949602],[131.40931425628273,33.579159286009194],[131.41283440132602,33.57368649608232],[131.4125164042771,33.573416145950354],[131.4101182663846,33.57288041807428],[131.41005108113893,33.57302670260916],[131.4067747673182,33.57223225948811],[131.40509339953812,33.57226114651985],[131.40804701538377,33.57140491284792],[131.41004971985956,33.570541739522106],[131.41160360290758,33.56840243414765],[131.40998244376823,33.56775063286293],[131.40933807817046,33.567856689395114],[131.40485377582198,33.56728302826934],[131.40477950927112,33.56708917348327],[131.4051122356836,33.56686972699519],[131.40492070818914,33.56561484835218],[131.4022856976759,33.56591409712384],[131.4016884730484,33.562199348473165],[131.39719902108084,33.56268923439657],[131.39482524452941,33.56295149202],[131.39483823225436,33.56274452064661],[131.3948847527026,33.56263948015618],[131.39494524835249,33.562546018105316],[131.394956746855,33.562545817554536],[131.39484733627867,33.56234917888534],[131.39497279613173,33.562076428004744],[131.39504431045222,33.56186850383202],[131.3950458039279,33.561767361431656],[131.39533726531909,33.56170788509796],[131.3943070093957,33.56036526138457],[131.39373701647904,33.5596071769901],[131.39420475224284,33.55949787552438],[131.39509160287923,33.55912859643009],[131.3952375925365,33.55908149685714],[131.39553577728114,33.55863247669303],[131.39534586400214,33.55840212530289],[131.39419220279453,33.557307130987134],[131.39389200543394,33.557127394432136],[131.39474395265162,33.55616440424706],[131.39421862086928,33.555841147966895],[131.39267650579316,33.554861755532514],[131.39184336943484,33.55440030457876],[131.3918493792792,33.553801431754636],[131.39191532080068,33.55356297598701],[131.3919351805323,33.552750590017894],[131.39190505254103,33.55263702849122],[131.39174268844704,33.55232498806905],[131.39142619977412,33.55199670257803],[131.39228496518945,33.551168916533456],[131.39294508454424,33.55115547701056],[131.39315046035043,33.551099140487324],[131.39326797583914,33.551010148875456],[131.39363943880417,33.55102855087319],[131.39451952078753,33.55078099255907],[131.39503142325117,33.551256746723446],[131.39801868996005,33.55097928452679],[131.39880420315876,33.55112213608457],[131.40098933350404,33.55045616926157],[131.40117577144647,33.54950701630169],[131.40198880396815,33.54975309655481],[131.40476854254007,33.54892695349372],[131.40505670008258,33.548020969107164],[131.40533786786574,33.54969988633254],[131.40425712039863,33.550455396878625],[131.40366563435836,33.55171525510731],[131.4040050799364,33.55180392389238],[131.40400360549197,33.5518070160779],[131.40341149773604,33.5531839982694],[131.40627047425488,33.55403145160683],[131.40530033007403,33.55462057294154],[131.40522920468175,33.55471400392229],[131.40454695101818,33.556218820165796],[131.40431078179432,33.55659192644538],[131.40438771058604,33.5567319698185],[131.40556900925532,33.5562724592252],[131.4079615585215,33.555342214252384],[131.40857508978667,33.55647254942382],[131.40888701129498,33.55705418088464],[131.40924049748367,33.557867231904545],[131.40895237891687,33.558042317062],[131.40828395703673,33.558309224014316],[131.408284160439,33.55832310386025],[131.4085427498631,33.558773040215314],[131.4087496857421,33.559060975267414],[131.4089667337425,33.55895205976963],[131.4091956777572,33.558514752123905],[131.409619301419,33.55808813759224],[131.40973610816954,33.558346297033324],[131.41025038521664,33.558004662986974],[131.41012023574478,33.557748566545385],[131.41025202365972,33.55755799796262],[131.41064242865272,33.557553416426956],[131.4107344862363,33.55747887810565],[131.41102808828919,33.55738882447469],[131.41125697719818,33.55729768484197],[131.41150119256392,33.557381566071506],[131.41165011838743,33.556986702281705],[131.41095020067468,33.55530830307613],[131.4133155473352,33.5544384423251],[131.41397015309994,33.5551389854094],[131.41462871947283,33.55582979248663],[131.41523517978544,33.557646870555],[131.41518382743402,33.55907482612473],[131.41388532616287,33.55922685493519],[131.41251671539843,33.55742974244802],[131.41103718128574,33.55826918970624],[131.41088776890615,33.55849633128676],[131.4108002025831,33.55867834625339],[131.41072078694484,33.558592523993724],[131.4104281745468,33.55877654356172],[131.4102086892985,33.55882880014046],[131.40915575352264,33.559228022555395],[131.40954542026543,33.56132020575612],[131.4096920122103,33.56261163278788],[131.4093434167709,33.56254050513702],[131.40930119548165,33.56272278910776],[131.4096455043687,33.562816049980306],[131.41002133622516,33.56343980468498],[131.4108286565962,33.56357135110179],[131.4110332124196,33.56398007160072],[131.4087179013017,33.56423163569885],[131.4073691894731,33.56438735550843],[131.40752207006966,33.56531534983666],[131.4092958153277,33.565228658585006],[131.40940664666212,33.5656602118401],[131.41061288586678,33.565407362366074],[131.41113619483417,33.56513417353094],[131.41277194377025,33.56462741338266],[131.41276937088085,33.5646106179067],[131.4130778216001,33.56458467436487],[131.41345928794235,33.56452112845557],[131.41346976753664,33.564882512609955],[131.41351544785198,33.56537244523755],[131.41312047280903,33.56561639062756],[131.4122577296897,33.565600279840446],[131.41148753931958,33.565831970968325],[131.41069252247607,33.56592097998213],[131.41082522343848,33.566630493574856],[131.41215256040897,33.56650459091175],[131.41218007535466,33.56729905552429],[131.41274284948213,33.56739453369313],[131.41281676177502,33.56747665205309],[131.41312829227888,33.56707705710808],[131.4133551273627,33.56743788375991],[131.41331693780947,33.56763335837718],[131.41364855897643,33.56769388871389],[131.41379705085944,33.56705227664792],[131.41375948662372,33.567305783080165],[131.41448258561002,33.5667540654925],[131.41523261448768,33.56696206600501],[131.41527557925014,33.56720872096274],[131.4155464128491,33.56730970238006],[131.41566504572543,33.567442003030585],[131.415777511849,33.56743426302193],[131.41593980365218,33.56713400774308],[131.416506440704,33.56722991705391],[131.4183936408296,33.56764962979386],[131.41892180418924,33.567694506131474],[131.41972919765487,33.567587505805065],[131.42008612787646,33.567555474569126],[131.42025923571074,33.56590725319228],[131.42479950517492,33.566217888330826],[131.42601503393638,33.5664393013272],[131.4274200012936,33.56700628249752]]]},"properties":{"KEY_CODE":"442110140","PREF":"44","CITY":"211","CITY_NAME":"宇佐市","S_NAME":"大字松崎","SETAI":"259"}},{"type":"Feature","geometry":{"type":"Polygon","coordinates":[[[131.3943070093957,33.56036526138457],[131.39533726531906,33.56170788509796],[131.3950458039279,33.561767361431656],[131.39272035163535,33.56113877871643],[131.3909298979004,33.561201207099295],[131.38962319624335,33.56047374422387],[131.38811122806518,33.560105586449495],[131.3872558752111,33.55945523343029],[131.3869208851195,33.55972819392517],[131.3860031352186,33.55888970083928],[131.38552915602222,33.559736999502455],[131.38463420780607,33.56041903634927],[131.3825997320726,33.55862231511351],[131.38321618188604,33.55814554856299],[131.38360801983976,33.55718643626878],[131.3832241120865,33.557175366828076],[131.37803107242053,33.5551353125028],[131.3770609433718,33.55551795954707],[131.37655768038363,33.55531992364499],[131.37671143477286,33.554399428297955],[131.37609560291156,33.55339874530512],[131.3777612276942,33.552012071024734],[131.37798008387955,33.54955595818931],[131.37769201561824,33.54792283774978],[131.37803910029388,33.54568464162526],[131.3791588341063,33.54567648548631],[131.37898887655317,33.54522346367105],[131.38008799994,33.54429788800201],[131.3812875313853,33.544874679977625],[131.38217335151964,33.54674292324269],[131.38417764069476,33.54654824521271],[131.38441125265484,33.54579912878871],[131.38502475110764,33.54646086952875],[131.3848802099863,33.547622684621714],[131.3840692718071,33.54785513128198],[131.3850834392422,33.548567403530065],[131.38654159855,33.54905782406491],[131.38735466823687,33.54965278008388],[131.38915140244526,33.55044973549365],[131.390684610733,33.55080567344285],[131.39094584744757,33.55039215616015],[131.39245597925353,33.550974161216025],[131.39228496518945,33.551168916533456],[131.39142619977412,33.55199670257803],[131.39174268844704,33.55232498806905],[131.39190505254103,33.55263702849122],[131.3919351805323,33.552750590017894],[131.39191532080068,33.55356297598701],[131.3918493792792,33.553801431754636],[131.39184336943484,33.55440030457876],[131.39267650579316,33.554861755532514],[131.39421862086928,33.555841147966895],[131.39474395265162,33.55616440424706],[131.39389200543394,33.557127394432136],[131.39419220279453,33.557307130987134],[131.39534586400214,33.55840212530289],[131.39553577728114,33.55863247669303],[131.3952375925365,33.55908149685714],[131.39509160287923,33.55912859643009],[131.39420475224284,33.55949787552438],[131.39373701647904,33.5596071769901],[131.3943070093957,33.56036526138457]]]},"properties":{"KEY_CODE":"442110150","PREF":"44","CITY":"211","CITY_NAME":"宇佐市","S_NAME":"大字西大堀","SETAI":"87"}},{"type":"Feature","geometry":{"type":"Polygon","coordinates":[[[131.39828593024464,33.56866843006486],[131.3971278071645,33.56906527522253],[131.39572436092413,33.569628692026896],[131.3930533730729,33.571007085448905],[131.39153817939,33.56854620806983],[131.3897606834274,33.568031510459434],[131.38884317187714,33.568083973533206],[131.38727793222083,33.56709339000031],[131.387855321171,33.56686992882903],[131.38668469877462,33.564623324396784],[131.3872290332142,33.564381959275714],[131.38554232663427,33.56281115017039],[131.38811122806518,33.560105586449495],[131.38962319624335,33.56047374422387],[131.3909298979004,33.561201207099295],[131.39272035163535,33.56113877871643],[131.3950458039279,33.561767361431656],[131.39504431045222,33.56186850383202],[131.39497279613173,33.562076428004744],[131.39484733627867,33.56234917888534],[131.394956746855,33.562545817554536],[131.39494524835249,33.562546018105316],[131.3948847527026,33.56263948015618],[131.39483823225436,33.56274452064661],[131.39482524452941,33.56295149202],[131.39719902108084,33.56268923439657],[131.4016884730484,33.562199348473165],[131.4022856976759,33.56591409712384],[131.40492070818914,33.56561484835218],[131.4051122356836,33.56686972699519],[131.40477950927112,33.56708917348327],[131.40485377582198,33.56728302826934],[131.40453164093765,33.5676235367302],[131.40431144000075,33.56719438526306],[131.4040226528708,33.56763264594056],[131.40376031820134,33.567638774072186],[131.40242075679083,33.567762327917045],[131.40230914820154,33.56745512725079],[131.40175911648439,33.56759923434389],[131.4018751506442,33.56770809898808],[131.40079169497844,33.567984638890884],[131.39828593024464,33.56866843006486]]]},"properties":{"KEY_CODE":"442110160","PREF":"44","CITY":"211","CITY_NAME":"宇佐市","S_NAME":"大字佐々礼","SETAI":"137"}},{"type":"Feature","geometry":{"type":"Polygon","coordinates":[[[131.409619301419,33.55808813759224],[131.4091956777572,33.558514752123905],[131.4089667337425,33.55895205976963],[131.4087496857421,33.559060975267414],[131.4085427498631,33.558773040215314],[131.408284160439,33.55832310386025],[131.40828395703673,33.558309224014316],[131.40895237891687,33.558042317062],[131.40924049748367,33.557867231904545],[131.40888701129498,33.55705418088464],[131.40857508978667,33.55647254942382],[131.40796155852144,33.5553422142524],[131.40556900925532,33.5562724592252],[131.40438771058604,33.5567319698185],[131.40431078179432,33.55659192644538],[131.40454695101818,33.556218820165796],[131.40522920468175,33.55471400392229],[131.40530033007403,33.55462057294154],[131.40627047425488,33.55403145160686],[131.40341149773604,33.5531839982694],[131.40400360549197,33.5518070160779],[131.4040050799364,33.55180392389238],[131.4041617531089,33.5515670506233],[131.40494487877905,33.55064427993323],[131.4049773846723,33.55064331419872],[131.40557667705718,33.5500575389354],[131.40696568358877,33.55049693489565],[131.40802111084523,33.55120356338968],[131.40924763707454,33.5510949335669],[131.4103790356835,33.55233941810174],[131.4124235337898,33.55364372292181],[131.4133155473352,33.5544384423251],[131.41095020067468,33.55530830307611],[131.41165011838746,33.55698670228171],[131.41150119256392,33.557381566071506],[131.41125697719818,33.55729768484197],[131.41102808828919,33.55738882447469],[131.4107344862363,33.55747887810565],[131.41064242865272,33.557553416426956],[131.41025202365972,33.55755799796262],[131.41012023574478,33.557748566545385],[131.41025038521664,33.558004662986974],[131.40973610816954,33.558346297033324],[131.409619301419,33.55808813759224]]]},"properties":{"KEY_CODE":"442110170","PREF":"44","CITY":"211","CITY_NAME":"宇佐市","S_NAME":"大字南鶴田新田","SETAI":"23"}},{"type":"Feature","geometry":{"type":"Polygon","coordinates":[[[131.41061288586678,33.565407362366074],[131.4094066466621,33.5656602118401],[131.4092958153277,33.565228658585006],[131.40752207006966,33.56531534983666],[131.4073691894731,33.56438735550843],[131.4087179013017,33.56423163569885],[131.4110332124196,33.56398007160072],[131.4108286565962,33.56357135110179],[131.41002133622516,33.56343980468498],[131.4096455043687,33.562816049980306],[131.40930119548165,33.56272278910776],[131.4093434167709,33.56254050513702],[131.4096920122103,33.56261163278788],[131.40954542026543,33.56132020575612],[131.40915575352264,33.559228022555395],[131.4102086892985,33.55882880014046],[131.4104281745468,33.55877654356172],[131.41072078694484,33.558592523993724],[131.4108002025831,33.55867834625339],[131.41088776890615,33.55849633128676],[131.41103718128574,33.55826918970624],[131.41251671539843,33.55742974244802],[131.41388532616287,33.55922685493519],[131.41518382743402,33.55907482612473],[131.41523305328062,33.56200215183415],[131.41545731339127,33.56261976880959],[131.4158020606661,33.563490374401994],[131.41322610989195,33.56350495023817],[131.41345928794235,33.56452112845557],[131.4130778216001,33.56458467436487],[131.41276937088085,33.5646106179067],[131.41277194377025,33.56462741338266],[131.41113619483417,33.56513417353094],[131.41061288586678,33.565407362366074]]]},"properties":{"KEY_CODE":"442110180","PREF":"44","CITY":"211","CITY_NAME":"宇佐市","S_NAME":"大字北鶴田新田","SETAI":"26"}},{"type":"Feature","geometry":{"type":"Polygon","coordinates":[[[131.40509339953812,33.57226114651985],[131.40293428747944,33.57287676269995],[131.4036202842756,33.57423519607132],[131.40344174322846,33.574526105917286],[131.40146318191205,33.573892297847706],[131.40029675015742,33.57371120062114],[131.39901673098063,33.573882990877905],[131.3981730303198,33.57430317217998],[131.39811603522597,33.57503371762931],[131.3990861316781,33.57515956519536],[131.39915435707917,33.57570306793952],[131.3962847358755,33.57526860721919],[131.39584518706408,33.57502383882743],[131.3952637921375,33.57580564316052],[131.39410066462275,33.575642519244695],[131.3938128129361,33.576305251906604],[131.39076467124252,33.575933437610864],[131.39011615476983,33.57433100076526],[131.3915981526262,33.57390026622498],[131.3912820712388,33.573214711427816],[131.39208407740665,33.57276201502712],[131.39192515795335,33.57235534877423],[131.3932589053165,33.57151384346982],[131.3930533730729,33.571007085448905],[131.39572436092413,33.569628692026896],[131.3971278071645,33.56906527522253],[131.39828593024464,33.56866843006486],[131.40079169497844,33.567984638890884],[131.4018751506442,33.56770809898808],[131.40175911648439,33.56759923434389],[131.40230914820154,33.56745512725079],[131.40242075679083,33.567762327917045],[131.40376031820134,33.567638774072186],[131.4040226528708,33.56763264594056],[131.40431144000075,33.56719438526306],[131.40453164093765,33.5676235367302],[131.40485377582198,33.56728302826934],[131.40933807817046,33.567856689395114],[131.40998244376823,33.56775063286293],[131.41160360290758,33.56840243414765],[131.41004971985956,33.570541739522106],[131.40804701538377,33.57140491284792],[131.40509339953812,33.57226114651985]]]},"properties":{"KEY_CODE":"442110190","PREF":"44","CITY":"211","CITY_NAME":"宇佐市","S_NAME":"大字岩保新田","SETAI":"64"}},{"type":"Feature","geometry":{"type":"Polygon","coordinates":[[[131.42025923571074,33.56590725319228],[131.4200861278765,33.567555474569126],[131.41972919765487,33.567587505805065],[131.41892180418924,33.567694506131474],[131.4183936408296,33.56764962979386],[131.416506440704,33.56722991705391],[131.41593980365218,33.56713400774308],[131.415777511849,33.56743426302193],[131.41566504572543,33.567442003030585],[131.4155464128491,33.56730970238006],[131.41527557925014,33.56720872096274],[131.41523261448768,33.56696206600501],[131.41448258561002,33.5667540654925],[131.41375948662372,33.567305783080165],[131.41379705085944,33.56705227664792],[131.41364855897643,33.56769388871389],[131.41331693780947,33.56763335837718],[131.4133551273627,33.56743788375991],[131.41312829227888,33.56707705710808],[131.41281676177502,33.56747665205309],[131.41274284948213,33.56739453369313],[131.4121800753547,33.56729905552429],[131.41215256040906,33.56650459091175],[131.41082522343848,33.566630493574856],[131.41069252247607,33.56592097998213],[131.41148753931958,33.565831970968325],[131.4122577296897,33.565600279840446],[131.41312047280903,33.56561639062756],[131.41351544785198,33.56537244523755],[131.41346976753664,33.564882512609955],[131.41345928794235,33.56452112845557],[131.41322610989195,33.56350495023817],[131.4158020606661,33.563490374401994],[131.4160678461862,33.56407111210983],[131.41768409418887,33.56486212089575],[131.41816858580577,33.565197354488404],[131.41847962298735,33.56532623500664],[131.42025923571074,33.56590725319228]]]},"properties":{"KEY_CODE":"442110200","PREF":"44","CITY":"211","CITY_NAME":"宇佐市","S_NAME":"大字久兵衛新田","SETAI":"13"}},{"type":"Feature","geometry":{"type":"Polygon","coordinates":[[[131.42531954249787,33.548648320360606],[131.42510043052297,33.54907973650705],[131.42497122812335,33.54919637965943],[131.4242301963495,33.5494706630414],[131.42396178650495,33.549567882435014],[131.42287862528406,33.54971205784858],[131.42260033628304,33.54965513863957],[131.42232289274338,33.54943520292859],[131.42075017921772,33.54914326936938],[131.42045885373642,33.54902654504183],[131.42033079992558,33.54880810725885],[131.42024545533008,33.54864443633145],[131.42009653831005,33.54820849995451],[131.42004384579852,33.547854905034434],[131.42005531846544,33.54756523328078],[131.42005610011785,33.54724826461282],[131.4200676504452,33.546931435571445],[131.42004674377787,33.54671390261044],[131.42022837721865,33.54679295375996],[131.42067133482848,33.54753625013196],[131.42068947779816,33.54794736073287],[131.42081637856674,33.54813448224095],[131.42115667960775,33.54769149796928],[131.4207426053566,33.54713205022744],[131.4205248785413,33.54649689713442],[131.4210428854234,33.54620859969094],[131.4211968314951,33.54508817419831],[131.42122508811144,33.54446103172522],[131.42126637013382,33.544056717144414],[131.4212119917212,33.54324256426404],[131.42122682518297,33.542588014917136],[131.42139851325052,33.54233407883321],[131.42150907880014,33.54211353071019],[131.4225110634764,33.54234846803667],[131.42342669943943,33.543571702022255],[131.4230685518644,33.54424951096221],[131.42536462811316,33.54631573799233],[131.42572583222926,33.54715810669444],[131.4251648095782,33.547965150741554],[131.42531954249787,33.548648320360606]]]},"properties":{"KEY_CODE":"442110210","PREF":"44","CITY":"211","CITY_NAME":"宇佐市","S_NAME":"大字東大堀","SETAI":"33"}},{"type":"Feature","geometry":{"type":"Polygon","coordinates":[[[131.42001488145036,33.54661404888885],[131.41859063152842,33.54659308030591],[131.41836509685467,33.54954103578591],[131.41722033587348,33.551536113775384],[131.4140042988202,33.5524368457452],[131.4124235337898,33.55364372292181],[131.4103790356835,33.55233941810174],[131.40924763707454,33.5510949335669],[131.40904016447217,33.55081077463234],[131.4086349197373,33.54820664990943],[131.40888271803334,33.546058869287705],[131.40863977361795,33.54505340231506],[131.41051705478108,33.54471003459781],[131.41116049032706,33.544137026159355],[131.4108093635507,33.54304556810185],[131.41447450459918,33.54302967206299],[131.41612162350975,33.543057650175996],[131.41680487848404,33.542826128592985],[131.4172349004485,33.54237229229185],[131.4175150357637,33.54219640037335],[131.41848559620738,33.541795011351],[131.41896867759766,33.54188988692929],[131.41928284124577,33.54205472033244],[131.4194629175103,33.54204805562539],[131.41971506755658,33.54205325754413],[131.42040547108937,33.54181563714292],[131.42103997029443,33.54193415460614],[131.42127802440564,33.541999702680876],[131.42139851325052,33.54233407883321],[131.42122682518297,33.542588014917136],[131.4212119917212,33.54324256426404],[131.42126637013382,33.544056717144414],[131.42122508811144,33.54446103172522],[131.4211968314951,33.54508817419831],[131.4210428854234,33.54620859969094],[131.4205248785413,33.54649689713442],[131.4207426053566,33.54713205022744],[131.42115667960775,33.54769149796928],[131.42081637856674,33.54813448224095],[131.42068947779816,33.54794736073287],[131.42067133482848,33.54753625013196],[131.42022837721865,33.54679295375996],[131.42001488145036,33.54661404888885]]]},"properties":{"KEY_CODE":"442110220","PREF":"44","CITY":"211","CITY_NAME":"宇佐市","S_NAME":"大字青森","SETAI":"102"}},{"type":"Feature","geometry":{"type":"Polygon","coordinates":[[[131.41680487848404,33.542826128592985],[131.41612162350975,33.543057650175996],[131.41447450459918,33.54302967206299],[131.4108093635507,33.54304556810185],[131.4103940673225,33.54225892561558],[131.41032323208398,33.54141213987769],[131.41036095621627,33.539956785107925],[131.41031558559783,33.53942441394796],[131.41078820487226,33.539196898909154],[131.41477876062513,33.53922125791354],[131.4157029749824,33.53938888173221],[131.41626265719637,33.539813786437804],[131.41636723432498,33.539790083373056],[131.41672769528887,33.539578279206836],[131.41703985403052,33.53911736909896],[131.4171938335635,33.53893196927385],[131.417268995652,33.53877335807221],[131.41725286584332,33.53869032233525],[131.4169342010515,33.538258270080846],[131.4178136363129,33.53843951974169],[131.41789350898617,33.53879525081129],[131.41796470492537,33.53870615455557],[131.41911432098493,33.538630135561185],[131.41979812131805,33.53931129916695],[131.42013407021406,33.53906137410203],[131.4209742762152,33.540136810617575],[131.4205432848083,33.54034893901763],[131.42177009315222,33.54133543110798],[131.4225110634764,33.54234846803667],[131.42150907880014,33.54211353071019],[131.42127802440564,33.541999702680876],[131.42103997029443,33.54193415460614],[131.42040547108937,33.54181563714292],[131.41971506755658,33.54205325754413],[131.4194629175103,33.54204805562539],[131.41928284124577,33.54205472033244],[131.41896867759766,33.54188988692929],[131.41848559620738,33.541795011351],[131.4175150357637,33.54219640037335],[131.4172349004485,33.54237229229185],[131.41680487848404,33.542826128592985]]]},"properties":{"KEY_CODE":"442110230","PREF":"44","CITY":"211","CITY_NAME":"宇佐市","S_NAME":"大字苅宇田","SETAI":"45"}},{"type":"Feature","geometry":{"type":"Polygon","coordinates":[[[131.41703985403052,33.53911736909896],[131.41672769528887,33.539578279206836],[131.41636723432498,33.539790083373056],[131.41626265719637,33.539813786437804],[131.4157029749824,33.53938888173221],[131.41477876062513,33.53922125791354],[131.41078820487226,33.539196898909154],[131.41031558559783,33.53942441394796],[131.40993580145818,33.53822625663175],[131.4108361057673,33.53820619290332],[131.410806650897,33.53725892543175],[131.41136401507055,33.53726404884005],[131.41140107069737,33.536302613498904],[131.4129922522722,33.53592466828079],[131.41299848934761,33.535492758442494],[131.41469688520567,33.53580055438498],[131.41450184642528,33.5350210050882],[131.41540110463256,33.53521305008622],[131.41584232945033,33.535288179350886],[131.416432249133,33.535146891575],[131.41771814535176,33.53529929735382],[131.41900892694542,33.53560140382332],[131.419417255434,33.535753271507765],[131.41993843000708,33.53602669426164],[131.42083610375255,33.535877333657915],[131.4224163418774,33.53597596357674],[131.42220695022112,33.53741959244951],[131.42115200152793,33.53728247204977],[131.4205693545203,33.53762508630289],[131.4201225997719,33.53761906439014],[131.4197634660406,33.5383634329404],[131.42013407021406,33.53906137410203],[131.41979812131805,33.53931129916695],[131.41911432098493,33.538630135561185],[131.41796470492537,33.53870615455557],[131.41789350898617,33.53879525081129],[131.4178136363129,33.53843951974169],[131.4169342010515,33.538258270080846],[131.41725286584332,33.53869032233525],[131.417268995652,33.53877335807221],[131.4171938335635,33.53893196927385],[131.41703985403052,33.53911736909896]]]},"properties":{"KEY_CODE":"442110240","PREF":"44","CITY":"211","CITY_NAME":"宇佐市","S_NAME":"大字西木","SETAI":"57"}},{"type":"Feature","geometry":{"type":"Polygon","coordinates":[[[131.44848498590252,33.527427203371836],[131.44679072775682,33.52930565690313],[131.44590757282805,33.53075221033803],[131.44465563416185,33.53077371845256],[131.44212824368407,33.53244652712418],[131.44154464658286,33.53425764822221],[131.44043073695804,33.53527632550569],[131.43909274365723,33.53601732164932],[131.43787913680183,33.537917845746755],[131.4360917475388,33.54008761893544],[131.43515594913774,33.538527439533375],[131.43425980647896,33.53779398806747],[131.4338751637092,33.537591047434496],[131.4336987944627,33.537537848280536],[131.43360762914554,33.5375251710776],[131.4332274636982,33.537729666182855],[131.4312574229738,33.538382072945495],[131.43095138491543,33.537337778337275],[131.4303809896153,33.53681456677441],[131.42959443464986,33.53751988123767],[131.4276868799727,33.53687523636348],[131.42604662940784,33.53803855427168],[131.4251859622814,33.53775544046897],[131.42220695022112,33.53741959244951],[131.4224163418774,33.53597596357674],[131.42083610375255,33.535877333657915],[131.42165585988477,33.53338771973043],[131.42223927389298,33.53190893390521],[131.42243205186713,33.530501146641846],[131.42256807079514,33.529393082850206],[131.42330721992693,33.52830736135365],[131.42373588008135,33.527518711254444],[131.42512184796738,33.52604761839324],[131.42585745078014,33.525316018611726],[131.42681090435067,33.524495362882],[131.42826116388,33.52259211812587],[131.4299529480546,33.521611012011256],[131.43032666401194,33.52065885365189],[131.43278398304727,33.52145136066914],[131.43407107841523,33.52189614126642],[131.4359048653403,33.52271862786319],[131.4362635173669,33.52292632879842],[131.43654771016892,33.523203963904955],[131.43718199993359,33.52282205623473],[131.43797080099972,33.52256153282647],[131.44125079864156,33.52319766232352],[131.44164705480674,33.52343656134727],[131.4424720828395,33.52376796244678],[131.44402085030998,33.52412460805292],[131.44543506926883,33.52500765149739],[131.44627007710747,33.52564548787953],[131.44643697054386,33.52575632245724],[131.4474334810981,33.52626471960309],[131.44761976201917,33.526904900607825],[131.44848498590252,33.527427203371836]]]},"properties":{"KEY_CODE":"442110250","PREF":"44","CITY":"211","CITY_NAME":"宇佐市","S_NAME":"大字立石","SETAI":"25"}},{"type":"Feature","geometry":{"type":"Polygon","coordinates":[[[131.423433601808,33.54354649396167],[131.42342669943943,33.543571702022255],[131.4225110634764,33.54234846803667],[131.42177009315222,33.54133543110798],[131.4205432848083,33.54034893901763],[131.4209742762152,33.540136810617575],[131.42013407021406,33.53906137410203],[131.4197634660406,33.5383634329404],[131.4201225997719,33.53761906439014],[131.4205693545203,33.53762508630289],[131.42115200152793,33.53728247204977],[131.42220695022112,33.53741959244951],[131.42517999619696,33.53777462190232],[131.42512959465128,33.53797806348417],[131.42499197753096,33.538400110826466],[131.42483721613004,33.53884313998719],[131.42484837801328,33.539070145353335],[131.4251072264823,33.539381395068666],[131.42499687978386,33.539402801611786],[131.4248742132877,33.53947680309218],[131.4247646332333,33.53991337194335],[131.42470608731853,33.540258328392696],[131.4244612516966,33.540758407557306],[131.42446469990782,33.5409476101166],[131.42471817579346,33.541191639874874],[131.42465381653136,33.541560567283845],[131.42429005320366,33.54193725032308],[131.42424096639823,33.542428275119654],[131.42393119197584,33.542991661294835],[131.4237507794849,33.54305955239984],[131.42345393254732,33.54347200092735],[131.423433601808,33.54354649396167]]]},"properties":{"KEY_CODE":"442110260","PREF":"44","CITY":"211","CITY_NAME":"宇佐市","S_NAME":"大字横田","SETAI":"23"}},{"type":"Feature","geometry":{"type":"Polygon","coordinates":[[[131.4108361057673,33.53820619290332],[131.40993580145818,33.53822625663175],[131.40995029935445,33.53770559727895],[131.40997354803937,33.5371312933812],[131.40983347620713,33.536549395937264],[131.40948016886566,33.53605728277715],[131.409269302116,33.535139890214744],[131.40943827288785,33.53474915386972],[131.4097697862211,33.534198078656516],[131.41020330119144,33.53443102779781],[131.41060453307384,33.53448926027798],[131.411272068169,33.5340872354282],[131.412683040035,33.5307068270623],[131.41175477761507,33.53068305494718],[131.4118152946828,33.53027438812186],[131.41162197939644,33.530321905069776],[131.41110743125304,33.53104563232868],[131.41019218321688,33.5310642451559],[131.41074667757226,33.52969545749125],[131.41160389809065,33.529967619042914],[131.41172892192503,33.530052146449734],[131.41195429188596,33.53004138332584],[131.41210253236306,33.52991624493189],[131.41300014879357,33.52990437475592],[131.41347899661002,33.52881451368312],[131.41359452107434,33.52845000065458],[131.4135593431678,33.528431843122085],[131.41385930277207,33.52767656510493],[131.4168521417605,33.52849615232348],[131.41804786227195,33.5286244792806],[131.42238731491076,33.52985345752555],[131.42243205186713,33.530501146641846],[131.42223927389298,33.53190893390521],[131.42165585988477,33.53338771973043],[131.42083610375255,33.535877333657915],[131.41993843000708,33.53602669426164],[131.419417255434,33.535753271507765],[131.41900892694542,33.53560140382332],[131.41771814535176,33.53529929735382],[131.416432249133,33.535146891575],[131.41584232945033,33.535288179350886],[131.41540110463256,33.53521305008622],[131.41450184642528,33.5350210050882],[131.41469688520567,33.53580055438498],[131.41299848934761,33.53549275844249],[131.4129922522722,33.53592466828079],[131.41140107069737,33.536302613498904],[131.41136401507057,33.53726404884005],[131.410806650897,33.537258925431765],[131.4108361057673,33.53820619290332]]]},"properties":{"KEY_CODE":"442110270","PREF":"44","CITY":"211","CITY_NAME":"宇佐市","S_NAME":"大字山","SETAI":"49"}},{"type":"Feature","geometry":{"type":"Polygon","coordinates":[[[131.42585745078014,33.525316018611726],[131.42512184796738,33.52604761839324],[131.42373588008138,33.527518711254444],[131.42330721992693,33.52830736135365],[131.42256807079514,33.529393082850206],[131.42238731491076,33.52985345752555],[131.41804786227195,33.5286244792806],[131.4168521417605,33.52849615232348],[131.41385930277207,33.52767656510493],[131.41406236639313,33.52712000970289],[131.41360476961657,33.526999353959674],[131.41480561326532,33.52392033619323],[131.416526316325,33.52438606461509],[131.41725817958852,33.52253066565116],[131.41918176720475,33.52308252479001],[131.421864362758,33.524094939850826],[131.42585745078014,33.525316018611726]]]},"properties":{"KEY_CODE":"442110280","PREF":"44","CITY":"211","CITY_NAME":"宇佐市","S_NAME":"大字両戒","SETAI":"33"}},{"type":"Feature","geometry":{"type":"Polygon","coordinates":[[[131.43032666401194,33.52065885365189],[131.42995294805453,33.52161101201126],[131.42826116388,33.522592118125885],[131.42681090435067,33.524495362882],[131.42585745078014,33.525316018611726],[131.421864362758,33.524094939850826],[131.41918176720475,33.52308252479001],[131.41725817958852,33.52253066565116],[131.416526316325,33.52438606461509],[131.41480561326532,33.52392033619323],[131.41662232299237,33.5195127718512],[131.41795051517124,33.51655595826772],[131.42070043484196,33.51237341543885],[131.4225615404274,33.50924851231834],[131.4228467099341,33.509503742147565],[131.42320153957306,33.50988743319603],[131.42357658641635,33.51033744405355],[131.42423010734714,33.51054543672874],[131.4240582068487,33.51189151028462],[131.42394902469943,33.51237773272614],[131.42384668407905,33.513120909978504],[131.42419089003994,33.51364065639484],[131.42453766477095,33.513979069792704],[131.42459806538443,33.51436242581982],[131.42435817849497,33.514422388997396],[131.42353396542887,33.514683751315],[131.42330165239218,33.5150562768539],[131.4232393336398,33.5155228260538],[131.42290245926344,33.51597679150851],[131.42250268265494,33.51640624283645],[131.42216083410815,33.51695574281865],[131.42102950896185,33.517092106500264],[131.4215633040087,33.51751220840477],[131.42180293726094,33.51787473401082],[131.4225746801674,33.51830578294423],[131.4227990063776,33.51839877276379],[131.4235563953352,33.518759523102666],[131.42593459215936,33.51863412560218],[131.42692493007186,33.517986077907814],[131.43032666401194,33.52065885365189]]]},"properties":{"KEY_CODE":"442110290","PREF":"44","CITY":"211","CITY_NAME":"宇佐市","S_NAME":"大字江熊","SETAI":"23"}},{"type":"Feature","geometry":{"type":"Polygon","coordinates":[[[131.43060929353297,33.510428286289404],[131.42978618048565,33.51049198580991],[131.42926188888015,33.510581657986975],[131.42892316849023,33.51065042662376],[131.42847169545053,33.51077365131364],[131.42824629067877,33.51090285333005],[131.42804523629638,33.51105902297099],[131.42794048968116,33.51109992598236],[131.42767475216021,33.51123599413938],[131.42755472204414,33.51145270889729],[131.4288156751095,33.511772753147625],[131.43141157312974,33.511861676376384],[131.43325298473945,33.512017412680855],[131.4341913203314,33.512392604989685],[131.43423135823485,33.51394699520071],[131.43410831829814,33.515177526789834],[131.43394806750032,33.515421405888986],[131.43292344881698,33.51556019039872],[131.4302322003434,33.51606725765628],[131.42862014320954,33.51625580907057],[131.42484799815307,33.51712953599255],[131.42307454460794,33.51711530243106],[131.42216077356372,33.51703921994628],[131.42216083410815,33.51695574281865],[131.42250268265494,33.51640624283645],[131.42290245926344,33.51597679150851],[131.4232393336398,33.5155228260538],[131.42330165239218,33.5150562768539],[131.42353396542887,33.514683751315],[131.42435817849497,33.514422388997396],[131.42459806538443,33.51436242581982],[131.42453766477095,33.513979069792704],[131.42419089003994,33.51364065639484],[131.42384668407905,33.513120909978504],[131.42394902469943,33.51237773272614],[131.4240582068487,33.51189151028462],[131.42423010734714,33.51054543672874],[131.42357658641635,33.51033744405355],[131.42320153957306,33.50988743319603],[131.4228467099341,33.509503742147565],[131.42291418320968,33.50866001004831],[131.4229311688049,33.50862273743647],[131.42293367648853,33.50826285659332],[131.42307497876243,33.50765824230768],[131.42306270725615,33.50712538783492],[131.42333673047543,33.506590650401535],[131.4238150397784,33.50609747280828],[131.42441410047897,33.506483351536644],[131.42503365272572,33.505800203469825],[131.42528688443858,33.50547391689097],[131.42552742902816,33.505184303525255],[131.42565050865562,33.50508472888644],[131.42608137339843,33.50476861048574],[131.42739694011328,33.504307205669136],[131.42765883576234,33.50417266991881],[131.42838430076367,33.503946604840266],[131.430280733855,33.50278664536409],[131.4312811314299,33.50244080175999],[131.43196000437212,33.50221815676691],[131.43300674042075,33.50224144181861],[131.43317571176735,33.50190433781905],[131.43406512676873,33.50174229926623],[131.43458297129092,33.50126607240221],[131.4358828795744,33.50004661491106],[131.43630383919924,33.499577273010246],[131.43666665001427,33.49829319847939],[131.4377485960326,33.49853085891584],[131.4386319682772,33.49879672175453],[131.43868674434088,33.49882181983529],[131.43957255336457,33.49945253361966],[131.43942142025537,33.49984544351636],[131.43922556719085,33.500298885668826],[131.44001871318503,33.50041680982734],[131.43969215487928,33.50084429815922],[131.43901946364906,33.501405065217384],[131.43941889829637,33.502022429693795],[131.43878252029393,33.50219093939353],[131.43816054070203,33.502254149897645],[131.43808823374565,33.50232199641299],[131.43787911258838,33.50247144533408],[131.43747697773946,33.502763488439925],[131.43680039533172,33.50305653283098],[131.43637403867558,33.5033486597445],[131.43610101717232,33.50363346959266],[131.4359499216143,33.50408684242263],[131.43564389695445,33.504229828912884],[131.4357134887828,33.505229869416745],[131.43650943020893,33.507001193566936],[131.43706677342107,33.5086753723539],[131.43737126876877,33.509830010923345],[131.43658077513237,33.50995445834214],[131.43504750513722,33.51006122932307],[131.432764900282,33.51046127564497],[131.43202224720935,33.510470643394015],[131.43060929353297,33.510428286289404]]]},"properties":{"KEY_CODE":"442110300","PREF":"44","CITY":"211","CITY_NAME":"宇佐市","S_NAME":"大字西屋敷","SETAI":"26"}},{"type":"Feature","geometry":{"type":"Polygon","coordinates":[[[131.4225615404274,33.50924851231834],[131.42070043484196,33.51237341543885],[131.41795051517124,33.51655595826772],[131.41662232299237,33.5195127718512],[131.4143924811,33.51892774749065],[131.41286179178834,33.5186079709657],[131.4128066896879,33.518922485120946],[131.41124733461865,33.518633232300004],[131.4085514026272,33.51778321686559],[131.40749658655173,33.517475970031164],[131.40544785221482,33.51652315573021],[131.40596859481994,33.51563156105047],[131.40676717037636,33.51350395317635],[131.40710217653668,33.5123374223711],[131.40764171442805,33.50924679173923],[131.40780921036213,33.50866352056255],[131.40902404524905,33.506075874283596],[131.40950664746606,33.50531005249562],[131.40960458893034,33.50491756329968],[131.40997729911234,33.503399613282156],[131.41028711994343,33.502549825887286],[131.41094407575068,33.50000407336248],[131.41134874392196,33.49872407784947],[131.41183094397513,33.49699360177567],[131.4121531539986,33.49724803742954],[131.41501952289957,33.49790333767967],[131.4172492904201,33.498639369411435],[131.41909949222608,33.49964387590907],[131.42029200625493,33.50089196579098],[131.4217037967476,33.50383754162504],[131.4227376693987,33.50526284148183],[131.4238150397784,33.50609747280828],[131.42333673047543,33.506590650401535],[131.42306270725615,33.50712538783492],[131.42307497876243,33.50765824230768],[131.42293367648853,33.50826285659332],[131.4229311688049,33.50862273743647],[131.42291418320968,33.50866001004831],[131.4225615404274,33.50924851231834]]]},"properties":{"KEY_CODE":"442110310","PREF":"44","CITY":"211","CITY_NAME":"宇佐市","S_NAME":"大字金丸","SETAI":"44"}},{"type":"Feature","geometry":{"type":"Polygon","coordinates":[[[131.41195429188596,33.53004138332584],[131.41172892192503,33.530052146449734],[131.41160389809065,33.529967619042914],[131.41074667757226,33.52969545749125],[131.40976547974034,33.529180039271935],[131.40922605509095,33.529924099676805],[131.40809311956696,33.52985391018617],[131.40869565661137,33.52896193577248],[131.4078316856994,33.528207201263726],[131.40637007800112,33.52861854001239],[131.40522600327074,33.52850835121912],[131.4053557534426,33.527947440839746],[131.40425348639727,33.52813582149631],[131.40308215503302,33.52929755824855],[131.4036209285152,33.529702295266944],[131.40299037839088,33.53012317147007],[131.4021112443581,33.530067526698566],[131.40194729824668,33.52959996380316],[131.40195880997237,33.52890394884852],[131.4032582204927,33.52671501652754],[131.40353298398367,33.52625341891429],[131.40345740376648,33.52468516582874],[131.40236522427975,33.52197861752315],[131.40224413636705,33.5210713091812],[131.4026506093359,33.52001893104654],[131.40411473443942,33.517801961081915],[131.40544785221482,33.51652315573021],[131.40749658655173,33.517475970031185],[131.4085514026272,33.51778321686559],[131.41124733461865,33.518633232300004],[131.4128066896879,33.518922485120946],[131.4128617917884,33.5186079709657],[131.4143924811,33.51892774749065],[131.41662232299237,33.5195127718512],[131.41480561326532,33.52392033619323],[131.41360476961654,33.52699935395968],[131.4140623663931,33.52712000970289],[131.4135593431678,33.528431843122085],[131.41359452107434,33.52845000065458],[131.41347899661002,33.52881451368312],[131.41300014879357,33.52990437475594],[131.41210253236306,33.52991624493189],[131.41195429188596,33.53004138332584]]]},"properties":{"KEY_CODE":"442110320","PREF":"44","CITY":"211","CITY_NAME":"宇佐市","S_NAME":"大字出光","SETAI":"68"}},{"type":"Feature","geometry":{"type":"Polygon","coordinates":[[[131.4108093635507,33.54304556810185],[131.41116049032706,33.544137026159355],[131.41051705478108,33.54471003459781],[131.40863977361795,33.54505340231506],[131.40739578839865,33.54357972063196],[131.4052169603338,33.54239744288479],[131.40480423823539,33.541521661600115],[131.4050381830447,33.54043511777481],[131.40457450793977,33.53910841922063],[131.4037054042993,33.53644634126439],[131.4026317625156,33.53512607494586],[131.4022344302284,33.53445240151082],[131.40214525698497,33.53265423805141],[131.40127220670325,33.529694015599766],[131.40194729824668,33.52959996380316],[131.4021112443581,33.530067526698566],[131.40299037839088,33.53012317147007],[131.4036209285152,33.529702295266944],[131.40308215503302,33.52929755824855],[131.40425348639727,33.52813582149631],[131.4053557534426,33.527947440839746],[131.40522600327074,33.52850835121912],[131.40637007800112,33.52861854001239],[131.4078316856994,33.528207201263726],[131.40869565661137,33.52896193577248],[131.40809311956696,33.52985391018617],[131.40922605509095,33.529924099676805],[131.40976547974034,33.529180039271935],[131.41074667757226,33.52969545749125],[131.41019218321688,33.5310642451559],[131.41110743125304,33.53104563232868],[131.41162197939644,33.530321905069776],[131.4118152946828,33.53027438812186],[131.41175477761507,33.53068305494718],[131.412683040035,33.5307068270623],[131.411272068169,33.5340872354282],[131.41060453307384,33.53448926027798],[131.41020330119144,33.53443102779781],[131.4097697862211,33.534198078656516],[131.40943827288785,33.53474915386972],[131.409269302116,33.535139890214744],[131.40948016886566,33.53605728277715],[131.40983347620713,33.536549395937264],[131.40997354803937,33.5371312933812],[131.40995029935445,33.53770559727895],[131.40993580145818,33.53822625663175],[131.41031558559783,33.53942441394796],[131.41036095621627,33.539956785107925],[131.41032323208398,33.54141213987769],[131.4103940673225,33.54225892561558],[131.4108093635507,33.54304556810185]]]},"properties":{"KEY_CODE":"442110330","PREF":"44","CITY":"211","CITY_NAME":"宇佐市","S_NAME":"大字岩崎","SETAI":"186"}},{"type":"Feature","geometry":{"type":"Polygon","coordinates":[[[131.40457450793977,33.53910841922063],[131.40079869989552,33.540389323068965],[131.39921995185736,33.540247572770504],[131.39957249021546,33.53934290237876],[131.39802276617027,33.538995244685495],[131.39750595961502,33.54068355263514],[131.39628679455214,33.54072641666538],[131.39557609077278,33.540131826278255],[131.39532183032293,33.540746195084125],[131.39421409721265,33.54160039649444],[131.3927630366456,33.54216098157025],[131.3909897298895,33.54200464620723],[131.39017311084427,33.54108477138295],[131.3882902262802,33.54073226326137],[131.38754381429732,33.54115215437051],[131.3857099779142,33.5398517746689],[131.38678407191682,33.5385285841152],[131.38619908014513,33.538061745326615],[131.38696770190535,33.537684683297584],[131.38736046373538,33.536298185585494],[131.38764963795632,33.53397355498121],[131.38946839243374,33.53352873112631],[131.39146664341678,33.53349718235527],[131.39170655802027,33.533693887042375],[131.39364241869347,33.533682598944516],[131.39377452988825,33.53308869588221],[131.39656030163113,33.53389943860618],[131.39798089231655,33.53393379989951],[131.39795785394503,33.53324462335091],[131.3988389838785,33.53177185189374],[131.40083597947634,33.53182394073901],[131.40129253124942,33.53227731515682],[131.40045620242842,33.53319923724417],[131.4013077645224,33.53353643883469],[131.40046259425378,33.5345909617336],[131.40093095671602,33.53536401308978],[131.4026317625156,33.53512607494586],[131.4037054042993,33.53644634126439],[131.40457450793977,33.53910841922063]]]},"properties":{"KEY_CODE":"442110340","PREF":"44","CITY":"211","CITY_NAME":"宇佐市","S_NAME":"大字和気","SETAI":"105"}},{"type":"Feature","geometry":{"type":"Polygon","coordinates":[[[131.40194729824668,33.52959996380316],[131.40127220670325,33.529694015599766],[131.40214525698497,33.53265423805141],[131.4022344302284,33.53445240151082],[131.4026317625156,33.53512607494586],[131.40093095671602,33.53536401308978],[131.40046259425378,33.5345909617336],[131.4013077645224,33.53353643883469],[131.40045620242842,33.53319923724417],[131.40129253124942,33.53227731515682],[131.40083597947634,33.53182394073901],[131.3988389838785,33.53177185189374],[131.39795785394503,33.53324462335091],[131.39798089231655,33.53393379989951],[131.39656030163113,33.53389943860618],[131.39377452988825,33.53308869588221],[131.39364241869347,33.533682598944516],[131.39170655802027,33.533693887042375],[131.39146664341678,33.53349718235527],[131.38946839243374,33.53352873112631],[131.38764963795632,33.53397355498121],[131.3878850889368,33.53354720821122],[131.38819961651316,33.53231970540343],[131.3893504415542,33.53203054767334],[131.38942068278934,33.53093842667418],[131.38981915921067,33.53069815911348],[131.38951713571618,33.528607860552135],[131.39161752511757,33.528310134161515],[131.39265974379077,33.52848033172551],[131.39411954635423,33.52995295161873],[131.39513449065052,33.52983439813807],[131.39634381721848,33.528918961723],[131.3971816795136,33.528799268115336],[131.39629127631417,33.52740555019064],[131.39722912469006,33.52791220240861],[131.398858899338,33.52808866399818],[131.40090625514952,33.52790650390009],[131.4032582204927,33.52671501652754],[131.40195880997237,33.52890394884852],[131.40194729824668,33.52959996380316]]]},"properties":{"KEY_CODE":"442110350","PREF":"44","CITY":"211","CITY_NAME":"宇佐市","S_NAME":"大字橋津","SETAI":"118"}},{"type":"Feature","geometry":{"type":"Polygon","coordinates":[[[131.4032582204927,33.52671501652754],[131.40090625514952,33.52790650390009],[131.398858899338,33.52808866399818],[131.39722912469006,33.52791220240861],[131.39629127631417,33.52740555019064],[131.3971816795136,33.528799268115336],[131.39634381721848,33.528918961723],[131.39513449065052,33.52983439813807],[131.39411954635423,33.52995295161873],[131.39265974379077,33.52848033172551],[131.39161752511757,33.528310134161515],[131.38951713571618,33.528607860552135],[131.38842116028468,33.52867869559379],[131.38739746585335,33.529439448463904],[131.38728450881482,33.52858881716764],[131.38797544160116,33.528366516992044],[131.3879019095917,33.5272171828639],[131.3868945540515,33.52740141020693],[131.38670899383928,33.52548018800308],[131.38639005159715,33.52456876537449],[131.38677748747847,33.522712284687195],[131.38568013486494,33.521056447804355],[131.38530836960342,33.51931620061718],[131.38617784306524,33.517720356174344],[131.38660088127716,33.5159658860781],[131.38690910518528,33.51560181851839],[131.38663513100346,33.513500828496845],[131.38670424115205,33.51239970584437],[131.38747251814888,33.510820616132385],[131.38742575629152,33.50932744730667],[131.3856459658597,33.5079991353449],[131.38379600073677,33.506189787045805],[131.38336249702863,33.506418034570125],[131.38357723684248,33.50609332215954],[131.3851025276963,33.5056316729202],[131.38719187795934,33.50527296782699],[131.38867065958343,33.50474091574295],[131.3896898395719,33.50521331919034],[131.39008663885454,33.50479200826349],[131.3893427220323,33.50284165822345],[131.39006748839287,33.50140728640292],[131.3905973962312,33.49949802005328],[131.38888062620362,33.4983929674413],[131.38907871345558,33.49810481972772],[131.3922611104585,33.49701527165547],[131.39568701300388,33.49569927998938],[131.39842695864402,33.49405661566553],[131.3997809300778,33.493570194437254],[131.40058293087438,33.49280316287586],[131.4045238499674,33.49096884024564],[131.40607057283972,33.490409403576784],[131.40613007283292,33.49044837667973],[131.40664267794034,33.490591776066104],[131.40830229712418,33.48996991622665],[131.4087494964732,33.489834838703175],[131.40899642984158,33.48980817122608],[131.40930662506915,33.49009593834203],[131.41002847966467,33.49146420989335],[131.41075283022056,33.49171826800026],[131.41130011293336,33.49243566911959],[131.41127216088154,33.49305328803653],[131.41191471462372,33.49393073885625],[131.41202355282564,33.494315294864556],[131.41186596803988,33.494738244743786],[131.41169354515839,33.49528621210219],[131.411692479714,33.49670213548908],[131.41179660986435,33.49695180294732],[131.41183094397513,33.49699360177567],[131.41134874392196,33.49872407784947],[131.41094407575068,33.50000407336248],[131.41028711994343,33.502549825887286],[131.40997729911234,33.503399613282156],[131.40960458893034,33.50491756329968],[131.40950664746606,33.50531005249562],[131.40902404524905,33.506075874283596],[131.40780921036213,33.50866352056255],[131.40764171442805,33.50924679173923],[131.40710217653668,33.5123374223711],[131.40676717037636,33.51350395317635],[131.40596859481997,33.51563156105047],[131.40544785221482,33.51652315573021],[131.40411473443942,33.517801961081915],[131.4026506093359,33.52001893104654],[131.40224413636705,33.5210713091812],[131.40236522427975,33.52197861752315],[131.40345740376648,33.52468516582874],[131.40353298398367,33.52625341891429],[131.4032582204927,33.52671501652754]]]},"properties":{"KEY_CODE":"442110360","PREF":"44","CITY":"211","CITY_NAME":"宇佐市","S_NAME":"大字日足","SETAI":"68"}},{"type":"Feature","geometry":{"type":"Polygon","coordinates":[[[131.3878850889368,33.53354720821122],[131.38666994966374,33.53357488815736],[131.3830043870383,33.53403077986835],[131.38025132970463,33.53451743340527],[131.38175146087553,33.536352184614515],[131.38298995193816,33.5371620430451],[131.38178388112863,33.53903332247674],[131.38052818263836,33.53900805903074],[131.37975212638958,33.538530586087575],[131.37916916317005,33.5389496070992],[131.37712695476944,33.53699524179375],[131.37457608087323,33.53576646728638],[131.37402759127752,33.5364575172604],[131.37292238740693,33.5362255725487],[131.37065360569576,33.53677296020117],[131.36812782930846,33.536594802349164],[131.3683838781244,33.53586492388231],[131.36941878385778,33.535861842546836],[131.36934483970535,33.534131983201426],[131.3698891250787,33.53182919590666],[131.370472528886,33.53087333959914],[131.37032455190666,33.52862696440144],[131.36921072895205,33.52848577397777],[131.36927249790605,33.527996185503966],[131.36706225688175,33.526916339840405],[131.36713134363535,33.52726352489762],[131.3653922159746,33.52738058446696],[131.3649054067718,33.52779091974699],[131.36450955823744,33.52662861088706],[131.3639737313283,33.52620516354371],[131.3668887590471,33.5247008144003],[131.36794893476704,33.52471810192006],[131.36919244165674,33.52321646045862],[131.37008087882114,33.523060915841754],[131.37042580366185,33.522188361460934],[131.3700331349012,33.5197525101067],[131.36948807283557,33.519198860480046],[131.3698568749541,33.518096722630794],[131.3685148364052,33.51801407381369],[131.3680204669201,33.517261126022134],[131.3674044316948,33.517494044892466],[131.36786357710017,33.516032593913714],[131.36827709328588,33.51569136554969],[131.36793100749864,33.51484935763171],[131.36600240838334,33.514804492798376],[131.36510019089232,33.51519773239113],[131.36408015174126,33.515200735874934],[131.3644944345821,33.514678763889975],[131.3638259860258,33.514319244338964],[131.36474494721807,33.51371696037762],[131.36501797160676,33.51304197218217],[131.36908124079272,33.511031321085504],[131.37332498511321,33.510730790607646],[131.37636432968293,33.50984355940569],[131.38113888161047,33.507683757323406],[131.38336249702863,33.506418034570125],[131.38379600073677,33.506189787045805],[131.3856459658597,33.5079991353449],[131.38742575629152,33.50932744730667],[131.38747251814888,33.510820616132385],[131.38670424115205,33.51239970584437],[131.38663513100346,33.513500828496845],[131.38690910518528,33.51560181851839],[131.38660088127716,33.5159658860781],[131.38617784306524,33.517720356174344],[131.38530836960342,33.51931620061718],[131.38568013486494,33.521056447804355],[131.38677748747847,33.522712284687195],[131.38639005159715,33.52456876537449],[131.38670899383928,33.52548018800308],[131.3868945540515,33.52740141020693],[131.3879019095917,33.5272171828639],[131.38797544160116,33.528366516992044],[131.38728450881482,33.52858881716764],[131.38739746585335,33.529439448463904],[131.38842116028468,33.52867869559379],[131.38951713571618,33.528607860552135],[131.38981915921067,33.53069815911348],[131.38942068278934,33.53093842667418],[131.3893504415542,33.53203054767334],[131.38819961651316,33.53231970540343],[131.3878850889368,33.53354720821122]]]},"properties":{"KEY_CODE":"442110370","PREF":"44","CITY":"211","CITY_NAME":"宇佐市","S_NAME":"大字南宇佐","SETAI":"471"}},{"type":"Feature","geometry":{"type":"Polygon","coordinates":[[[131.3610759221516,33.51981196525751],[131.35975619209327,33.52083008601548],[131.36110902249706,33.522273303010046],[131.3620094427393,33.52299676874592],[131.36279405922647,33.523710388528634],[131.36255441633415,33.52397905631636],[131.36245771107255,33.524175876832686],[131.36224115557587,33.52460603631018],[131.36203701907536,33.524544819365566],[131.3612987758763,33.52451816165174],[131.3602372942352,33.52423570917229],[131.35923492780876,33.5234855065417],[131.35718237337858,33.5225143458154],[131.35675517950585,33.522067624597426],[131.35523823088755,33.5216672426919],[131.35499354081722,33.52148457793052],[131.3547511531141,33.52110283432984],[131.35468151124482,33.521049778094344],[131.3560661888721,33.519925730305445],[131.3540758491782,33.51808280358214],[131.35350560921074,33.51853121526816],[131.35338871817845,33.51830493055226],[131.35272925513524,33.517717579280095],[131.35234335718917,33.51690603585948],[131.35232398096872,33.516398685254636],[131.3525003205779,33.51653977741265],[131.3530577246925,33.51674540404213],[131.35354327242106,33.51672345569137],[131.3552215105099,33.51392176823394],[131.35568613619216,33.51374369558845],[131.3561221890703,33.51375650157555],[131.3572925180885,33.513918190316225],[131.3586715024817,33.51383577930871],[131.35937120023067,33.51338893896809],[131.359952132355,33.5129482873724],[131.36006395239005,33.512961982737544],[131.36095893878706,33.512761567519604],[131.36060161264757,33.513791089791454],[131.36064265944992,33.514127864398404],[131.36092114704084,33.51478683007536],[131.36099064132856,33.51501761398331],[131.36093704490523,33.51532659534433],[131.36096881907773,33.51563786159364],[131.36152877133443,33.51656397152188],[131.3618066914548,33.51709275565675],[131.3622648948879,33.51785275104278],[131.36163528681513,33.51970754089307],[131.3610759221516,33.51981196525751]]]},"properties":{"KEY_CODE":"442110380","PREF":"44","CITY":"211","CITY_NAME":"宇佐市","S_NAME":"大字小向野","SETAI":"35"}},{"type":"Feature","geometry":{"type":"Polygon","coordinates":[[[131.37609560291156,33.55339874530512],[131.37451368626174,33.55288187233336],[131.37222053813466,33.553430393626904],[131.37067764869272,33.552582850629946],[131.36970622531277,33.55266946190005],[131.36971788443782,33.55349091337718],[131.36858249178226,33.55347815997704],[131.3662483444299,33.554403001426905],[131.36377318030898,33.55303679580662],[131.36320854911716,33.55226777029851],[131.36271067724203,33.5500561496325],[131.36215399667586,33.54848818335263],[131.36147785290967,33.54611278180709],[131.35929545921053,33.544163835099916],[131.3611212306839,33.54316957587326],[131.36176502241253,33.542473090165466],[131.3613921453133,33.541895239410714],[131.36230476148913,33.540946295043696],[131.36381592189514,33.54079038370019],[131.3652876639268,33.54022160365898],[131.36501889296085,33.5396790285222],[131.36615386312917,33.539263369953694],[131.3666836490143,33.539410263330204],[131.3662294444819,33.53833900214324],[131.36622298452977,33.53704224753083],[131.3680460773062,33.53708373200814],[131.36756999073012,33.53960442075149],[131.37095684484612,33.53959588279373],[131.37095681457893,33.54018195669926],[131.37212011480068,33.540666391757924],[131.37183056567326,33.54125091683699],[131.37250770527228,33.54208518144349],[131.37337459003297,33.5415346653103],[131.37855684498012,33.543756680131125],[131.38008799994,33.54429788800201],[131.37898887655317,33.54522346367105],[131.3791588341063,33.54567648548631],[131.37803910029388,33.54568464162526],[131.37769201561824,33.54792283774978],[131.37798008387955,33.54955595818931],[131.3777612276942,33.552012071024734],[131.37609560291156,33.55339874530512]]]},"properties":{"KEY_CODE":"442110390","PREF":"44","CITY":"211","CITY_NAME":"宇佐市","S_NAME":"大字高森","SETAI":"168"}},{"type":"Feature","geometry":{"type":"Polygon","coordinates":[[[131.3857099779142,33.5398517746689],[131.38320255233765,33.54112493157018],[131.3823388845184,33.54123739226495],[131.38286531418692,33.542217080998554],[131.38245360180446,33.54237885130539],[131.38191726649873,33.54131196756983],[131.37980617638846,33.542738656709],[131.38016432231692,33.54359054429845],[131.37951561814654,33.54399877965835],[131.37855684498012,33.543756680131125],[131.37337459003297,33.5415346653103],[131.37250770527228,33.54208518144349],[131.37183056567326,33.54125091683699],[131.37212011480068,33.540666391757924],[131.37095681457893,33.54018195669926],[131.37095684484612,33.53959588279373],[131.36756999073012,33.53960442075149],[131.3680460773062,33.53708373200814],[131.36622298452977,33.53704224753083],[131.3662294444819,33.53833900214324],[131.3666836490143,33.539410263330204],[131.36615386312917,33.539263369953694],[131.36293470254466,33.533492104516505],[131.36001699759507,33.52864140788564],[131.35757410559413,33.5283440983843],[131.35746277742595,33.52917999092102],[131.3568891469418,33.52829788471857],[131.35639187362722,33.52826432881521],[131.35327421047052,33.52662170051813],[131.35249390118935,33.52554476257808],[131.35299417454317,33.52428003910175],[131.3534970113297,33.524268210266],[131.35367903604083,33.52216769151294],[131.35341448577302,33.52176358922609],[131.3534182130867,33.52176207454235],[131.3539872424145,33.52165313330751],[131.35468151124482,33.521049778094344],[131.3547511531141,33.52110283432984],[131.35499354081722,33.52148457793052],[131.35523823088755,33.5216672426919],[131.35675517950585,33.522067624597426],[131.35718237337858,33.5225143458154],[131.35923492780876,33.5234855065417],[131.3602372942352,33.52423570917229],[131.3612987758763,33.52451816165174],[131.36203701907536,33.524544819365566],[131.36224115557587,33.52460603631018],[131.36245771107255,33.524175876832686],[131.36255441633415,33.52397905631636],[131.36279405922647,33.523710388528634],[131.3620094427393,33.52299676874592],[131.36110902249706,33.522273303010046],[131.35975619209327,33.52083008601548],[131.3610759221516,33.51981196525751],[131.3616352868151,33.51970754089307],[131.3622648948879,33.51785275104278],[131.3618066914548,33.51709275565675],[131.36152877133443,33.51656397152188],[131.36096881907773,33.51563786159364],[131.36093704490523,33.51532659534433],[131.36099064132856,33.51501761398331],[131.36092114704084,33.51478683007536],[131.36064265944992,33.514127864398404],[131.36060161264757,33.513791089791454],[131.36095893878706,33.512761567519604],[131.362196745533,33.51233771968591],[131.3628256453288,33.51268587747104],[131.36413628499835,33.51196328940445],[131.3683965968721,33.51065870690526],[131.36908124079272,33.511031321085504],[131.36501797160676,33.51304197218217],[131.36474494721807,33.51371696037762],[131.3638259860258,33.514319244338964],[131.3644944345821,33.514678763889975],[131.36408015174126,33.515200735874934],[131.36510019089232,33.51519773239113],[131.36600240838334,33.514804492798376],[131.36793100749864,33.51484935763171],[131.36827709328588,33.51569136554969],[131.36786357710017,33.516032593913714],[131.3674044316948,33.517494044892466],[131.3680204669201,33.517261126022134],[131.3685148364052,33.51801407381369],[131.3698568749541,33.518096722630794],[131.36948807283557,33.519198860480046],[131.3700331349012,33.5197525101067],[131.37042580366185,33.522188361460934],[131.37008087882114,33.523060915841754],[131.36919244165674,33.52321646045862],[131.36794893476704,33.52471810192006],[131.3668887590471,33.5247008144003],[131.3639737313283,33.52620516354371],[131.36450955823744,33.52662861088706],[131.3649054067718,33.52779091974699],[131.3653922159746,33.52738058446696],[131.36713134363535,33.52726352489762],[131.36706225688175,33.526916339840405],[131.36927249790605,33.527996185503966],[131.36921072895205,33.52848577397777],[131.37032455190666,33.52862696440144],[131.370472528886,33.53087333959914],[131.3698891250787,33.53182919590666],[131.36934483970535,33.534131983201426],[131.36941878385778,33.535861842546836],[131.3683838781244,33.53586492388231],[131.36812782930846,33.536594802349164],[131.37065360569576,33.53677296020117],[131.37292238740693,33.5362255725487],[131.37402759127752,33.5364575172604],[131.37457608087323,33.53576646728638],[131.37712695476944,33.53699524179375],[131.37916916317005,33.5389496070992],[131.37975212638958,33.538530586087575],[131.38052818263836,33.53900805903074],[131.38178388112863,33.53903332247674],[131.38298995193816,33.5371620430451],[131.38175146087553,33.536352184614515],[131.38025132970463,33.53451743340527],[131.3830043870383,33.53403077986835],[131.38666994966374,33.53357488815736],[131.3878850889368,33.53354720821122],[131.38764963795632,33.53397355498121],[131.38736046373538,33.536298185585494],[131.38696770190535,33.537684683297584],[131.38619908014513,33.538061745326615],[131.38678407191682,33.5385285841152],[131.3857099779142,33.5398517746689]]]},"properties":{"KEY_CODE":"442110400","PREF":"44","CITY":"211","CITY_NAME":"宇佐市","S_NAME":"大字北宇佐","SETAI":"339"}},{"type":"Feature","geometry":{"type":"Polygon","coordinates":[[[131.38910815275145,33.480170483938295],[131.38944664041426,33.48108194187032],[131.38834165277686,33.48179911017448],[131.38763050745817,33.48216558668675],[131.38704538738455,33.48207069840998],[131.38689401393484,33.4821165053866],[131.3865057748553,33.48246537273593],[131.38645418482633,33.48306017170923],[131.38629484438368,33.48331998300243],[131.3858365798302,33.48334860806442],[131.3854941194796,33.48344340705269],[131.38541801237818,33.4841902698295],[131.385002799687,33.484155283348265],[131.38449242450278,33.48422488736558],[131.38389069150585,33.48445348866046],[131.38262286121164,33.48610170897471],[131.38263355681366,33.48679683891519],[131.3825342733857,33.48703874128431],[131.38196259890893,33.487371077695144],[131.3816070065515,33.488421222035214],[131.3815848701715,33.48850216292651],[131.37385787081075,33.48099864267822],[131.37456746357668,33.48038660193387],[131.37602817369742,33.479472704572984],[131.3761299401627,33.47863347721749],[131.37535814576157,33.47682546766727],[131.37462211182898,33.47559578374134],[131.37482280905348,33.47486220889982],[131.37559438453619,33.47343346218985],[131.37571883219582,33.47218405724176],[131.37547954146623,33.47207202984971],[131.37457312250245,33.47234028385124],[131.37400944108742,33.4725384260209],[131.3735390884533,33.472223356449355],[131.37352601505216,33.47221251166917],[131.37410798417346,33.471221292618594],[131.3742935421279,33.470506785517934],[131.37527239773334,33.46988689241982],[131.3757718319993,33.46889850311139],[131.3762483433226,33.46859861401857],[131.377902419696,33.4680794400602],[131.3793117155465,33.467715266386385],[131.38023877035997,33.46634604987455],[131.38103767135243,33.468330509645725],[131.38275006380903,33.46836941480046],[131.38400332047198,33.468582448359996],[131.38458567840868,33.46874140698081],[131.38474891959117,33.468828641813104],[131.38539134463085,33.469103116367435],[131.38593946747832,33.46941570908988],[131.38593704176523,33.46952290058427],[131.3855970474278,33.46990521801366],[131.38547930234225,33.47057429926848],[131.38617163247181,33.470611135866704],[131.38625025860702,33.470637694972154],[131.38653417849707,33.47104853396111],[131.3866651829318,33.47107736019211],[131.38724305410358,33.47064702741123],[131.38833322000332,33.470654637631036],[131.3885453478816,33.471099791487475],[131.38958118072782,33.470694746000135],[131.39004110386645,33.47074282242827],[131.3907630545588,33.47137625322418],[131.39099661591572,33.47220111213849],[131.39088750841745,33.47276284055856],[131.39140829176063,33.47320148622544],[131.39209642709716,33.47288008057505],[131.39238500339715,33.472796603671625],[131.3928130717038,33.472330194004286],[131.39285184793783,33.47218695851637],[131.39314034652233,33.472086996987336],[131.39370004723907,33.472040343451894],[131.39401342614298,33.47066867904424],[131.39487386208478,33.46972065015762],[131.3942664821295,33.468430681886545],[131.39438937324803,33.46650816198808],[131.39474500986688,33.466176170212584],[131.39672179098264,33.46792913877347],[131.397140082005,33.46832480639053],[131.39787982196506,33.46885416875775],[131.39832918631353,33.469628775864],[131.3990888642737,33.47076164113755],[131.39855049093507,33.473019584727425],[131.396862368778,33.47510880232852],[131.39562071847223,33.47546486780768],[131.39457036838635,33.47451973861583],[131.3937631671907,33.474249296015365],[131.39140006553845,33.4749896814321],[131.39044401634675,33.475941189461444],[131.38993812425997,33.47785413317446],[131.38910815275145,33.480170483938295]]]},"properties":{"KEY_CODE":"442110410","PREF":"44","CITY":"211","CITY_NAME":"宇佐市","S_NAME":"大字熊","SETAI":"12"}},{"type":"Feature","geometry":{"type":"Polygon","coordinates":[[[131.40607057283972,33.490409403576784],[131.4045238499674,33.49096884024564],[131.40058293087438,33.49280316287586],[131.3997809300778,33.493570194437254],[131.39842695864402,33.49405661566553],[131.39568701300388,33.49569927998938],[131.3922611104585,33.49701527165547],[131.38907871345558,33.49810481972772],[131.38888062620362,33.4983929674413],[131.3905973962312,33.49949802005328],[131.39006748839287,33.50140728640292],[131.3893427220323,33.50284165822345],[131.38431871723392,33.50217397796757],[131.3827085165132,33.50040549314824],[131.38134751671822,33.50055630106418],[131.37930028875513,33.50042696818355],[131.37787325925888,33.50189799267112],[131.3760882269993,33.500918780600635],[131.37633095743206,33.50027537047609],[131.37767953772473,33.4999242386751],[131.37801335747707,33.497281912775165],[131.37829994638057,33.496149932969246],[131.37979803930858,33.49446260640406],[131.37922417373673,33.49265362707437],[131.37980048500307,33.4911115911026],[131.38126937083697,33.489658169014206],[131.38179692030982,33.48870805503154],[131.3816070065515,33.488421222035214],[131.38196259890893,33.487371077695144],[131.3825342733857,33.48703874128431],[131.38263355681366,33.48679683891519],[131.38262286121164,33.48610170897471],[131.38389069150585,33.48445348866046],[131.38449242450278,33.48422488736558],[131.385002799687,33.484155283348265],[131.38541801237818,33.4841902698295],[131.3854941194796,33.48344340705269],[131.3858365798302,33.48334860806442],[131.38629484438368,33.48331998300243],[131.38645418482633,33.48306017170923],[131.3865057748553,33.48246537273593],[131.38689401393484,33.4821165053866],[131.38704538738455,33.48207069840998],[131.38763050745817,33.48216558668675],[131.38834165277686,33.48179911017448],[131.38944664041426,33.48108194187032],[131.38910815275145,33.480170483938295],[131.38993812425997,33.47785413317446],[131.39044401634675,33.475941189461444],[131.39140006553845,33.47498968143214],[131.3937631671907,33.474249296015365],[131.39457036838635,33.47451973861583],[131.39562071847223,33.47546486780768],[131.396862368778,33.47510880232852],[131.39855049093507,33.473019584727425],[131.3990888642737,33.47076164113755],[131.39832918631353,33.469628775864],[131.39787982196506,33.46885416875775],[131.39753778350354,33.468250579321165],[131.39855666810604,33.46820950669784],[131.3995493617742,33.468349915095736],[131.40005486899523,33.46846163070719],[131.40037101597002,33.46856645651298],[131.40068882647086,33.46904158282758],[131.40146388118222,33.469904513025405],[131.40161880182075,33.470251695997426],[131.40207108589232,33.47053743641431],[131.40226140503094,33.470740897745614],[131.40207325269537,33.47100607089688],[131.40177507674161,33.471864895278806],[131.40196627298698,33.472257326701225],[131.4022208490532,33.472694886445005],[131.40248389769445,33.47301903144781],[131.402881605461,33.47321424762992],[131.40299161643162,33.47359936966851],[131.4030047205055,33.47396081838824],[131.40406863053687,33.474115427037034],[131.4041894680332,33.474739855273796],[131.40417698342557,33.475770098430445],[131.4043562553768,33.475691350446716],[131.4046057708541,33.475488003303276],[131.40472341781373,33.47552523601137],[131.40496290280282,33.47576752776086],[131.40570513909708,33.476013945443576],[131.40512842603275,33.47701345577797],[131.40404225319475,33.477547009142256],[131.40514136410536,33.479059306593136],[131.40578404196512,33.47975323937331],[131.40662654918125,33.48019421423214],[131.40902321532693,33.48295881828205],[131.40896966558273,33.483004044313184],[131.40810083949782,33.483752265731525],[131.40706713924564,33.484582000131354],[131.40684829137888,33.48545934616685],[131.40661269115304,33.48642297565506],[131.4061724590262,33.487645946984614],[131.40604092473714,33.48886787151192],[131.40558258182418,33.48988970723036],[131.40607057283972,33.490409403576784]]]},"properties":{"KEY_CODE":"442110420","PREF":"44","CITY":"211","CITY_NAME":"宇佐市","S_NAME":"大字正覚寺","SETAI":"20"}},{"type":"Feature","geometry":{"type":"Polygon","coordinates":[[[131.38336249702863,33.506418034570125],[131.38113888161047,33.507683757323406],[131.37636432968293,33.50984355940569],[131.37332498511321,33.510730790607646],[131.36908124079272,33.511031321085504],[131.3683965968721,33.51065870690526],[131.36899308250378,33.508132006988426],[131.37048940198903,33.50772399980135],[131.37121036306962,33.506560923646134],[131.3701102902851,33.505640520306514],[131.36790351658422,33.50612862138538],[131.3662854739967,33.50602986562659],[131.36469687863516,33.50647965650809],[131.35995993225035,33.50102835005267],[131.3595126511259,33.499974239157865],[131.35968447083135,33.498792456267566],[131.3595704787604,33.497997925836515],[131.35901444455683,33.49678735074719],[131.35937616858595,33.495627103701395],[131.35962687087167,33.49541522254361],[131.35844678390436,33.493002639976694],[131.35631620616402,33.49075876062204],[131.35292887292596,33.48874792630665],[131.3520075796356,33.48837032907994],[131.35145622014932,33.488202880639086],[131.3520289373031,33.48765855749096],[131.3528303489772,33.48656633284576],[131.3527593790324,33.48609386881315],[131.35447533506226,33.48484949961948],[131.3553117794562,33.48389217718004],[131.35514521267737,33.48256151204964],[131.3556616299399,33.48216454991853],[131.3565689415168,33.481660374259995],[131.3584508863244,33.481640504323394],[131.35888880016248,33.48176464179675],[131.36001546561593,33.48141412317508],[131.36160346536394,33.48129372977402],[131.36205477496392,33.481871169165785],[131.36308993243222,33.4816655509604],[131.3639920969048,33.48132044228621],[131.36483322834636,33.48152052741771],[131.36539606132635,33.481239146319105],[131.36665099327757,33.48129329253364],[131.36733815633832,33.480461692453225],[131.36870246477193,33.48052996858497],[131.36920859469097,33.480441626247824],[131.37183934541642,33.481919206451806],[131.3725074958036,33.48204258454282],[131.37385787081078,33.48099864267821],[131.3815848701715,33.48850216292651],[131.38179692030982,33.48870805503154],[131.38126937083697,33.489658169014206],[131.37980048500307,33.4911115911026],[131.37922417373673,33.49265362707437],[131.37979803930858,33.49446260640406],[131.37829994638057,33.496149932969246],[131.37801335747707,33.497281912775165],[131.37767953772473,33.4999242386751],[131.37633095743206,33.50027537047609],[131.3760882269993,33.500918780600635],[131.37787325925888,33.50189799267112],[131.37930028875513,33.50042696818355],[131.38134751671822,33.50055630106418],[131.3827085165132,33.50040549314824],[131.38431871723392,33.50217397796757],[131.3893427220323,33.50284165822345],[131.39008663885454,33.50479200826349],[131.3896898395719,33.50521331919034],[131.38867065958343,33.50474091574295],[131.38719187795934,33.50527296782699],[131.3851025276963,33.5056316729202],[131.38357723684248,33.50609332215954],[131.38336249702863,33.506418034570125]]]},"properties":{"KEY_CODE":"442110430","PREF":"44","CITY":"211","CITY_NAME":"宇佐市","S_NAME":"大字上矢部","SETAI":"98"}},{"type":"Feature","geometry":{"type":"Polygon","coordinates":[[[131.35568613619216,33.51374369558845],[131.3552215105099,33.51392176823394],[131.35354327242106,33.51672345569137],[131.3530577246925,33.51674540404213],[131.3525003205779,33.51653977741265],[131.35232398096872,33.516398685254636],[131.3523171203321,33.51519996266612],[131.35098541163083,33.51466631851608],[131.35028980818137,33.513732645981406],[131.34959365541027,33.51362454057385],[131.34899073912996,33.51169667313302],[131.34813306470838,33.51080876766536],[131.3474106791952,33.50895567455199],[131.3463357389816,33.50882267790113],[131.3457191420432,33.508290213579706],[131.3445003894258,33.50795366577552],[131.3436379388351,33.506271117283575],[131.34383036949706,33.50459538703415],[131.34290527482443,33.50386061760268],[131.3432124953225,33.50257480363907],[131.3439820575676,33.50102728068504],[131.34546138087342,33.49924097786349],[131.34502731929567,33.49671769547617],[131.3461378940577,33.494458872185234],[131.34770992745032,33.493929739102406],[131.35027747444727,33.4934698422036],[131.3509238564771,33.49149048212044],[131.35089462316637,33.490434867382156],[131.35081071804046,33.48960557278822],[131.35141532076264,33.48822455350549],[131.3520075796356,33.48837032907994],[131.35292887292596,33.48874792630665],[131.35631620616402,33.49075876062204],[131.35844678390436,33.493002639976694],[131.35962687087167,33.49541522254361],[131.35937616858595,33.495627103701395],[131.35901444455683,33.49678735074719],[131.3595704787604,33.497997925836515],[131.35968447083135,33.498792456267566],[131.3595126511259,33.499974239157865],[131.35995993225035,33.50102835005267],[131.36469687863516,33.50647965650809],[131.3662854739967,33.50602986562659],[131.36790351658422,33.50612862138538],[131.3701102902851,33.505640520306514],[131.37121036306962,33.506560923646134],[131.37048940198903,33.50772399980135],[131.36899308250378,33.508132006988426],[131.3683965968721,33.51065870690526],[131.36413628499835,33.51196328940445],[131.3628256453288,33.51268587747104],[131.362196745533,33.51233771968591],[131.36095893878706,33.512761567519604],[131.36006395239005,33.512961982737544],[131.359952132355,33.5129482873724],[131.35937120023067,33.51338893896809],[131.3586715024817,33.51383577930871],[131.3572925180885,33.513918190316225],[131.3561221890703,33.51375650157555],[131.35568613619216,33.51374369558845]]]},"properties":{"KEY_CODE":"442110440","PREF":"44","CITY":"211","CITY_NAME":"宇佐市","S_NAME":"大字下矢部","SETAI":"85"}},{"type":"Feature","geometry":{"type":"Polygon","coordinates":[[[131.348404244631,33.53084860789884],[131.34762518317024,33.53112637183413],[131.34666653076656,33.531363838080686],[131.34586812173671,33.52972424122306],[131.34430970463532,33.530361362079304],[131.34288944073285,33.528404392676514],[131.34284374248273,33.52826947817174],[131.34260364421442,33.527702366162195],[131.34246894147634,33.52717930674171],[131.3424207883342,33.52670887810625],[131.34173497770584,33.52603841816173],[131.34193490291122,33.52596267196149],[131.3424074832564,33.52578163576326],[131.34412730005067,33.525037576927986],[131.3452458822986,33.52465038196226],[131.34538044212673,33.52472836210923],[131.34544839751538,33.52476153701191],[131.34560733167064,33.52481257001653],[131.34567473591423,33.52482672824345],[131.3457792660408,33.52485258957081],[131.34612743517448,33.5249625247203],[131.34620946766407,33.52501549311603],[131.34676478409065,33.52484242824079],[131.3462598459968,33.52426847118533],[131.34779985979517,33.52372689772464],[131.34774697272354,33.522867319512116],[131.34807092220206,33.52095923868023],[131.34810417172702,33.52096077229072],[131.34943632582943,33.52108236760992],[131.34950211363446,33.52128390548873],[131.34952593603748,33.521380130200654],[131.34955856768386,33.52149859408273],[131.34957304247212,33.5215317277863],[131.34961718710937,33.521611178711055],[131.34968392080398,33.521672547904984],[131.3500687406353,33.521833869870036],[131.3509512843876,33.5222698888886],[131.35193939354923,33.52220746084595],[131.3529124836765,33.52196751681555],[131.35341448577302,33.52176358922609],[131.35367903604083,33.52216769151294],[131.3534970113297,33.524268210266],[131.35299417454317,33.52428003910175],[131.35249390118935,33.52554476257808],[131.35327421047052,33.52662170051813],[131.35639187362722,33.52826432881521],[131.3557180626813,33.52818578392685],[131.35373279353215,33.52962169942524],[131.35336015829094,33.530603508339574],[131.35114646065966,33.53033798671822],[131.349807504951,33.53078623306206],[131.348404244631,33.53084860789884]]]},"properties":{"KEY_CODE":"442110450","PREF":"44","CITY":"211","CITY_NAME":"宇佐市","S_NAME":"大字法鏡寺","SETAI":"280"}},{"type":"Feature","geometry":{"type":"Polygon","coordinates":[[[131.3306173005168,33.53051825115074],[131.33039126026344,33.52946110542963],[131.33149765774834,33.528965860812306],[131.33476312210394,33.52789745166774],[131.3341219024704,33.527743482056955],[131.33275226641638,33.52589665856378],[131.3340027196702,33.524889455413174],[131.3342122774333,33.52351727069898],[131.33559850845177,33.52285671752438],[131.33606713657008,33.52385839528604],[131.33800499874627,33.52379104396951],[131.3389710879154,33.523442675383215],[131.3392975392039,33.52345629990062],[131.3398966007045,33.52395271010401],[131.33985937603467,33.52459191542639],[131.34012610497595,33.52481382806795],[131.34008099701987,33.52515821899834],[131.33976171643985,33.525236652840405],[131.33971853689795,33.52573917476453],[131.3396040532694,33.52615003206084],[131.33950048993535,33.5263687951178],[131.33949736192835,33.52772586187852],[131.33893875786595,33.52838011821285],[131.33803906702266,33.52825787827252],[131.33741035768443,33.52826499541487],[131.3374355729429,33.52838214491038],[131.3374165455011,33.528373484711],[131.3370688804049,33.528536482995726],[131.33690730650946,33.52845048655858],[131.33608919055865,33.528717393003525],[131.33484723146114,33.528754171630126],[131.33368748767285,33.529101761686874],[131.33353112527675,33.52961626619367],[131.33269283177734,33.529790271053194],[131.33229692619608,33.53000234597264],[131.33176546775744,33.53017603874371],[131.33141391526812,33.53038506747776],[131.3312640769877,33.53022697037926],[131.3306173005168,33.53051825115074]]]},"properties":{"KEY_CODE":"442110460","PREF":"44","CITY":"211","CITY_NAME":"宇佐市","S_NAME":"大字閤","SETAI":"421"}},{"type":"Feature","geometry":{"type":"Polygon","coordinates":[[[131.33828456483403,33.532378015224],[131.33892519038832,33.53268934326701],[131.33874810205538,33.53335728788117],[131.3380768633286,33.533645894204035],[131.3375569941913,33.53247452381179],[131.33724626060538,33.53263115772268],[131.33579312005193,33.53052570247381],[131.3355369357769,33.5301667087581],[131.33541646014518,33.53007253473516],[131.3352516497914,33.52980779520967],[131.33454997993942,33.530013904760466],[131.33417944609886,33.53020084135333],[131.333839801928,33.5303770508311],[131.33353048635246,33.5303961609777],[131.3328887550995,33.53046608167069],[131.3320105232529,33.53077820417318],[131.3316880591481,33.530686114525736],[131.33098869277714,33.53055385717558],[131.3312640769877,33.53022697037926],[131.33141391526812,33.53038506747776],[131.33176546775744,33.53017603874371],[131.33229692619608,33.53000234597264],[131.33269283177734,33.529790271053194],[131.33353112527675,33.52961626619367],[131.33368748767285,33.529101761686874],[131.33484723146114,33.528754171630126],[131.33608919055865,33.528717393003525],[131.33690730650946,33.52845048655858],[131.3370688804049,33.528536482995726],[131.3374165455011,33.528373484711],[131.3374355729429,33.52838214491038],[131.33741035768443,33.52826499541487],[131.33803906702266,33.52825787827252],[131.33893875786595,33.52838011821285],[131.33949736192835,33.52772586187852],[131.33950048993535,33.5263687951178],[131.34172103163232,33.526042119025156],[131.34173497770584,33.52603841816173],[131.3424207883342,33.52670887810625],[131.34246894147634,33.52717930674171],[131.34260364421442,33.527702366162195],[131.34284374248273,33.52826947817174],[131.34288944073285,33.528404392676514],[131.3427735207483,33.528453321815554],[131.34184576254654,33.52871517640453],[131.34133325602858,33.529326309676634],[131.34195130055403,33.52972614804928],[131.34275985715414,33.52958934108546],[131.34110062591918,33.531137273861546],[131.33981295669378,33.53256421614925],[131.3393254270742,33.531239752178166],[131.33843990705748,33.531456558885665],[131.33828749648595,33.53095230964875],[131.33797216269895,33.53098382507473],[131.33755030248844,33.53103005576756],[131.3369399670101,33.531219105798684],[131.33754000435604,33.53176017418875],[131.33782528713058,33.53197918220431],[131.33828456483403,33.532378015224]]]},"properties":{"KEY_CODE":"442110470","PREF":"44","CITY":"211","CITY_NAME":"宇佐市","S_NAME":"大字辛島","SETAI":"535"}},{"type":"Feature","geometry":{"type":"Polygon","coordinates":[[[131.34852982281112,33.54159334031443],[131.3471054018748,33.541871665787646],[131.34696935205633,33.54146838228477],[131.34295216952327,33.54190090833239],[131.34290656154397,33.54014001231064],[131.34379981573386,33.54009703812043],[131.34371174132934,33.537374708945286],[131.34402774598416,33.537357629216054],[131.34496636831233,33.53715901697047],[131.34478242811434,33.53666353457101],[131.34484581585184,33.53639278409978],[131.34454392771823,33.535629914341754],[131.3436819746619,33.53555164183363],[131.3409958750825,33.53567517325542],[131.34005987828291,33.53549948168461],[131.33939500177394,33.53392713559814],[131.33938982120551,33.533930426469624],[131.338813064783,33.53369203435834],[131.33874810205538,33.53335728788117],[131.33892519038832,33.53268934326701],[131.33828456483403,33.532378015224],[131.33782528713058,33.53197918220431],[131.33754000435604,33.53176017418875],[131.3369399670101,33.531219105798684],[131.33755030248844,33.53103005576756],[131.33797216269895,33.53098382507473],[131.33828749648595,33.53095230964875],[131.33843990705748,33.531456558885665],[131.3393254270742,33.531239752178166],[131.33981295669378,33.53256421614925],[131.34110062591918,33.531137273861546],[131.34275985715414,33.52958934108546],[131.34195130055403,33.52972614804928],[131.34133325602858,33.529326309676634],[131.34184576254654,33.52871517640453],[131.3427735207483,33.528453321815554],[131.34288944073285,33.528404392676514],[131.34430970463532,33.530361362079304],[131.34586812173671,33.52972424122306],[131.34666653076656,33.531363838080686],[131.34762518317024,33.53112637183413],[131.348404244631,33.53084860789884],[131.349807504951,33.53078623306206],[131.35114646065966,33.53033798671824],[131.35336015829094,33.530603508339574],[131.35373279353215,33.52962169942524],[131.3557180626813,33.52818578392685],[131.35639187362722,33.52826432881521],[131.3568891469418,33.52829788471857],[131.35746277742595,33.52917999092102],[131.35757410559413,33.5283440983843],[131.36001699759507,33.52864140788564],[131.36293470254466,33.533492104516505],[131.3588703316416,33.53530009058884],[131.3592201470759,33.53629874188034],[131.3581075845995,33.536387266575815],[131.3582727836323,33.53685569378288],[131.3563838492369,33.53650374175395],[131.35527645110938,33.53737777509966],[131.35370195152453,33.5373047890729],[131.35341326043414,33.53596560307332],[131.35223442534212,33.53614076871635],[131.35274023423813,33.53760053706398],[131.3519368693005,33.53765702461952],[131.35200073462067,33.53817538064621],[131.35119377562745,33.538322836455826],[131.35098438180944,33.53786986278594],[131.3497234094332,33.538082145220876],[131.34971607622523,33.5380998097794],[131.34945454462786,33.5388510172191],[131.34852982281112,33.54159334031443]]]},"properties":{"KEY_CODE":"442110480","PREF":"44","CITY":"211","CITY_NAME":"宇佐市","S_NAME":"大字上田","SETAI":"841"}},{"type":"Feature","geometry":{"type":"Polygon","coordinates":[[[131.341804410255,33.54203372384045],[131.3402058388791,33.542167733202554],[131.3398051324582,33.54156305062344],[131.33903255320524,33.540763900340444],[131.33946516971827,33.54059253467566],[131.3407908296707,33.540637592926416],[131.34074167641631,33.53879559912229],[131.3414614933858,33.53832370623794],[131.34110044184447,33.53602061881958],[131.3409958750825,33.53567517325542],[131.3436819746619,33.53555164183363],[131.34454392771823,33.535629914341754],[131.34484581585184,33.53639278409978],[131.34478242811434,33.53666353457101],[131.34496636831233,33.53715901697047],[131.34402774598416,33.537357629216054],[131.3437117413293,33.537374708945286],[131.34379981573386,33.54009703812043],[131.34290656154397,33.54014001231064],[131.34295216952322,33.54190090833238],[131.341804410255,33.54203372384045]]]},"properties":{"KEY_CODE":"442110490","PREF":"44","CITY":"211","CITY_NAME":"宇佐市","S_NAME":"大字芝原","SETAI":"66"}},{"type":"Feature","geometry":{"type":"Polygon","coordinates":[[[131.34893327692242,33.55962626926561],[131.34477112886933,33.55960942283945],[131.34445989217437,33.55996162295535],[131.3429088765019,33.559979486298474],[131.34289951498283,33.55846349524284],[131.34287217231795,33.550734403820634],[131.34285842856315,33.54811147288509],[131.34184537300095,33.546755413350816],[131.341804410255,33.54203372384045],[131.34295216952327,33.54190090833239],[131.34696935205633,33.54146838228477],[131.3471054018748,33.541871665787646],[131.34852982281112,33.54159334031443],[131.34945454462786,33.5388510172191],[131.34971607622523,33.5380998097794],[131.3497234094332,33.538082145220876],[131.35098438180944,33.53786986278594],[131.35119377562745,33.538322836455826],[131.35200073462067,33.53817538064621],[131.3519368693005,33.53765702461952],[131.35274023423813,33.53760053706398],[131.3531420656737,33.53873050373261],[131.3522377453189,33.539009657407135],[131.35250847812543,33.54046148695269],[131.35157298109476,33.540781532723116],[131.35194756328494,33.54186014143646],[131.35216708244698,33.54215206834819],[131.35248314961163,33.54290699389761],[131.3521873798859,33.54357831258701],[131.3522032763859,33.543901323375394],[131.35029021379293,33.54333685363227],[131.35120119830006,33.54542496784236],[131.3495435094993,33.54592335520457],[131.34970860526485,33.54989403789741],[131.34971316860188,33.552856274511136],[131.34891234440073,33.552852511235656],[131.34893327692242,33.55962626926561]]]},"properties":{"KEY_CODE":"442110500","PREF":"44","CITY":"211","CITY_NAME":"宇佐市","S_NAME":"大字畑田","SETAI":"178"}},{"type":"Feature","geometry":{"type":"Polygon","coordinates":[[[131.36215399667586,33.54848818335263],[131.36034020543542,33.54892372859792],[131.3599340800643,33.55035992587699],[131.35811183524595,33.55094723463634],[131.35789513238566,33.550160994621336],[131.3543428261524,33.55120569913861],[131.35437450268097,33.55321307091271],[131.35481498464372,33.55374740438243],[131.34971885246983,33.55372312355692],[131.34971316860188,33.552856274511136],[131.34970860526485,33.54989403789741],[131.3495435094993,33.54592335520457],[131.35120119830006,33.54542496784236],[131.35029021379293,33.54333685363227],[131.3522032763859,33.54390132337541],[131.3521873798859,33.54357831258701],[131.35248314961163,33.54290699389761],[131.35216708244698,33.54215206834819],[131.35194756328494,33.54186014143646],[131.35157298109476,33.540781532723116],[131.35250847812543,33.54046148695269],[131.3522377453189,33.539009657407135],[131.3531420656737,33.53873050373261],[131.35274023423813,33.53760053706398],[131.35223442534212,33.53614076871635],[131.35341326043414,33.53596560307332],[131.35370195152453,33.5373047890729],[131.35527645110938,33.53737777509966],[131.3563838492369,33.53650374175395],[131.3582727836323,33.53685569378288],[131.3581075845995,33.536387266575815],[131.3592201470759,33.53629874188034],[131.3588703316416,33.53530009058884],[131.36293470254466,33.533492104516505],[131.36615386312917,33.539263369953694],[131.36501889296085,33.5396790285222],[131.3652876639268,33.54022160365898],[131.36381592189514,33.54079038370019],[131.36230476148913,33.540946295043696],[131.3613921453133,33.541895239410714],[131.36176502241253,33.542473090165466],[131.3611212306839,33.54316957587326],[131.35929545921053,33.544163835099916],[131.36147785290967,33.54611278180709],[131.36215399667586,33.54848818335263]]]},"properties":{"KEY_CODE":"442110510","PREF":"44","CITY":"211","CITY_NAME":"宇佐市","S_NAME":"大字川部","SETAI":"184"}},{"type":"Feature","geometry":{"type":"Polygon","coordinates":[[[131.32695837943552,33.505460296181944],[131.32669522237734,33.505941946006644],[131.3260545041137,33.5058511331084],[131.32543944494006,33.50524688302688],[131.32362070170694,33.50308724393229],[131.32285728362473,33.50189405309834],[131.32246321604217,33.50067591907526],[131.32249400520107,33.49970630275337],[131.32148600919032,33.49823533696004],[131.32053135342665,33.49723945265362],[131.32064268012402,33.49479605561944],[131.3203629686014,33.493500779632825],[131.32149835794579,33.49224510673912],[131.32293847480585,33.49130056714906],[131.3236158523324,33.49168281115997],[131.3244626657679,33.491411819004234],[131.3244529894872,33.49034145100356],[131.32595953040038,33.49187348698722],[131.32609915517364,33.49244912319813],[131.33083301280416,33.491471836395135],[131.33395081156854,33.49035476174528],[131.33519391556624,33.48886342935169],[131.3352644806886,33.48333373350108],[131.33563292156316,33.48223989191628],[131.3356496285634,33.48219028779665],[131.33658732379394,33.48174616149688],[131.33835237617419,33.48196219993809],[131.34058122024,33.48212411193965],[131.34187535166163,33.48202454922122],[131.34372940576574,33.481558659932716],[131.34465831030417,33.48155947692914],[131.34564095480883,33.48260457699328],[131.34712753241485,33.484808411824204],[131.34729729254587,33.48572472668265],[131.34847118525386,33.48706543056299],[131.34896332455287,33.48837442011717],[131.3496687025735,33.4890953986647],[131.35013267743153,33.48989686367793],[131.34723072642146,33.490615971288115],[131.34625391077202,33.491314697025956],[131.34531589155114,33.49169168733848],[131.3435354824248,33.49346297547417],[131.3428905766651,33.49409351784873],[131.34048067900005,33.497541652419436],[131.3400460625843,33.497744420697764],[131.33822890967681,33.49895896068811],[131.3377153499812,33.4994883447212],[131.33693918628856,33.500268027180184],[131.33648217652095,33.50061483468955],[131.33603707896592,33.50107682414378],[131.3334156217905,33.50173665652017],[131.3325112188118,33.501950269153845],[131.33025141994216,33.50328720295184],[131.32936058903098,33.504205270767734],[131.3291652771348,33.505112232214245],[131.32838276650682,33.505484271320775],[131.32745520242972,33.50544972729156],[131.32695837943552,33.505460296181944]]]},"properties":{"KEY_CODE":"442110520","PREF":"44","CITY":"211","CITY_NAME":"宇佐市","S_NAME":"大字上拝田","SETAI":"76"}},{"type":"Feature","geometry":{"type":"Polygon","coordinates":[[[131.33662464930768,33.51095108119888],[131.3365782262563,33.51172221936316],[131.33154409845312,33.51012463075019],[131.32986785424936,33.50929523061435],[131.3283267296319,33.50818529712619],[131.32625883864162,33.506098211222024],[131.32669522237734,33.505941946006644],[131.32695837943552,33.505460296181944],[131.32745520242972,33.50544972729156],[131.32838276650682,33.505484271320775],[131.3291652771348,33.505112232214245],[131.32936058903098,33.504205270767734],[131.33025141994216,33.50328720295184],[131.3325112188118,33.501950269153845],[131.3334156217905,33.50173665652017],[131.33603707896592,33.50107682414378],[131.33648217652095,33.50061483468955],[131.33693918628856,33.500268027180184],[131.3377153499812,33.4994883447212],[131.33822890967681,33.49895896068811],[131.3400460625843,33.497744420697764],[131.34048067900005,33.497541652419436],[131.3428905766651,33.49409351784873],[131.3435354824248,33.49346297547417],[131.34531589155114,33.49169168733848],[131.34625391077202,33.491314697025956],[131.3472307264215,33.49061597128812],[131.35013267743153,33.48989686367793],[131.35089462316637,33.490434867382156],[131.3509238564771,33.49149048212044],[131.35027747444727,33.4934698422036],[131.34770992745032,33.493929739102406],[131.3461378940577,33.494458872185234],[131.34502731929567,33.49671769547617],[131.34546138087342,33.49924097786349],[131.3439820575676,33.50102728068504],[131.3432124953225,33.50257480363907],[131.34290527482443,33.50386061760268],[131.34383036949706,33.50459538703415],[131.3436379388351,33.506271117283575],[131.34249559851858,33.50518172077484],[131.34175356889244,33.5064845898982],[131.34245805617348,33.50701915689165],[131.34299053174738,33.50758877915451],[131.34301148181248,33.50854342003777],[131.34302191815488,33.509443282944005],[131.3430849626947,33.509714248342945],[131.34290594171006,33.51059448644042],[131.34266590165424,33.51084896063838],[131.34184871259637,33.51055411016702],[131.34090275584228,33.51079033563573],[131.33990865792802,33.511049757623134],[131.33920687129128,33.51120742202062],[131.33801504688992,33.51123201106342],[131.33725727647953,33.511022382613184],[131.33662464930768,33.51095108119888]]]},"properties":{"KEY_CODE":"442110530","PREF":"44","CITY":"211","CITY_NAME":"宇佐市","S_NAME":"大字下拝田","SETAI":"59"}},{"type":"Feature","geometry":{"type":"Polygon","coordinates":[[[131.3247184168224,33.51622237141356],[131.3245708689794,33.51566642574134],[131.3232445760604,33.51570780843028],[131.32325302816275,33.51423399223303],[131.3224363813525,33.51320293878044],[131.3194187127117,33.51389951444915],[131.31772107327544,33.514081338200874],[131.31748935489153,33.51377810385758],[131.31702400216642,33.51334457646163],[131.31646055349995,33.51288005258975],[131.3157468301503,33.51246099325712],[131.3153055150447,33.51218117904554],[131.3149455807497,33.51188147007497],[131.3145340737943,33.51144201792236],[131.3142314371567,33.51095717235211],[131.31368628681906,33.510198941887644],[131.3132606845,33.509676256362546],[131.31290863500436,33.5088805205387],[131.312611728353,33.50779574780894],[131.312094863452,33.507037227665265],[131.31159843674513,33.50668335827958],[131.31103601465037,33.50587894710775],[131.3104672970513,33.50531518822367],[131.31019644434204,33.50503700746779],[131.31005154445302,33.50476608550256],[131.30958326257704,33.50430436053369],[131.30942100362236,33.50387424359968],[131.30879605781345,33.50246281699889],[131.3085393547824,33.50215621194251],[131.30836756107487,33.501928010433346],[131.3068639707,33.498189422928725],[131.3073899970687,33.49609327004509],[131.3070256111831,33.49517708637034],[131.30586610156953,33.49408132448286],[131.30595088464293,33.49290798802696],[131.30641088073025,33.49257632360762],[131.30657302370324,33.49128173619462],[131.30581570364126,33.49079013668127],[131.3053460319568,33.48994405223337],[131.30523188312395,33.48748167013551],[131.3046773192605,33.486174897346906],[131.30343867167926,33.48465099593372],[131.30212436087012,33.48385796095492],[131.30467468585334,33.483823991017374],[131.30570887147053,33.48407283058056],[131.30875149776085,33.48356251005563],[131.31001118030898,33.483163669650715],[131.31170794906595,33.48226559712542],[131.31167130347663,33.48133460620324],[131.3125932286661,33.48125778528755],[131.31310651798765,33.48187102483321],[131.3159333661544,33.48359073231833],[131.31787847847932,33.482923386716635],[131.31864822188052,33.48510535705348],[131.3193826445444,33.485439466482596],[131.32129540091765,33.48688889831777],[131.3214461464061,33.48737811261146],[131.3226290671624,33.488171826673295],[131.3244529894872,33.49034145100356],[131.3244626657679,33.491411819004234],[131.3236158523324,33.49168281115997],[131.32293847480585,33.49130056714906],[131.32149835794579,33.49224510673912],[131.3203629686014,33.493500779632825],[131.32064268012402,33.49479605561944],[131.32053135342665,33.49723945265362],[131.32148600919032,33.49823533696004],[131.32249400520107,33.49970630275337],[131.32246321604217,33.50067591907526],[131.32285728362473,33.50189405309834],[131.32362070170694,33.50308724393229],[131.32543944494006,33.50524688302688],[131.3260545041137,33.5058511331084],[131.32625883864162,33.506098211222024],[131.3283267296319,33.50818529712619],[131.32986785424936,33.50929523061435],[131.33154409845312,33.51012463075019],[131.3365782262563,33.51172221936316],[131.336699765851,33.51265569635991],[131.3357590845821,33.51270941666997],[131.33326715076925,33.513783303910735],[131.33276014955396,33.513914734867555],[131.33245688543363,33.51359907605868],[131.33258969705193,33.51350034797196],[131.33223902057924,33.51330414567495],[131.32954351283095,33.51500988966173],[131.3277556973272,33.516114840020805],[131.32757231932652,33.51618633029178],[131.32642326106387,33.5161893487007],[131.3247184168224,33.51622237141356]]]},"properties":{"KEY_CODE":"442110540","PREF":"44","CITY":"211","CITY_NAME":"宇佐市","S_NAME":"大字山本","SETAI":"201"}},{"type":"Feature","geometry":{"type":"Polygon","coordinates":[[[131.33732587202977,33.5180541237346],[131.33782645306118,33.51926992993244],[131.33734175678947,33.51948757731751],[131.33637886951504,33.51982476020852],[131.3363208637977,33.5208517383817],[131.33560287365285,33.5211234772376],[131.33375145043877,33.52293882798142],[131.33325920393463,33.524560989451935],[131.332434918703,33.52546364175139],[131.33132640460383,33.523555673860656],[131.3306943958822,33.52095695799502],[131.33050927094808,33.51893764406472],[131.33045400763953,33.51763722199543],[131.33040794013013,33.51753632489961],[131.32908708757415,33.517628055952606],[131.32839035738152,33.51770973124269],[131.32732091135483,33.517864030991674],[131.32524880848507,33.517901925561],[131.32506662447628,33.517833871544404],[131.32489749489707,33.51751331554188],[131.3248319091205,33.51725672307867],[131.32471841682235,33.51622237141356],[131.32642326106387,33.5161893487007],[131.32757231932652,33.51618633029178],[131.3277556973272,33.516114840020805],[131.32954351283095,33.51500988966173],[131.33223902057924,33.51330414567496],[131.33258969705193,33.51350034797196],[131.33245688543363,33.51359907605868],[131.33276014955396,33.513914734867555],[131.33326715076925,33.513783303910735],[131.3357590845821,33.51270941666997],[131.336699765851,33.51265569635991],[131.33648382320433,33.51407135718234],[131.3370933341081,33.51500847851998],[131.33610989341503,33.51537927895705],[131.33544560295903,33.51612619402095],[131.33636880247985,33.51738056136366],[131.33681489911928,33.517229394555024],[131.33729586132546,33.51791313525164],[131.33732587202977,33.5180541237346]]]},"properties":{"KEY_CODE":"442110550","PREF":"44","CITY":"211","CITY_NAME":"宇佐市","S_NAME":"大字大塚","SETAI":"236"}},{"type":"Feature","geometry":{"type":"Polygon","coordinates":[[[131.3389710879154,33.523442675383215],[131.33800499874627,33.52379104396951],[131.33606713657008,33.52385839528604],[131.33559850845177,33.52285671752438],[131.3342122774333,33.52351727069898],[131.3340027196702,33.524889455413174],[131.33275226641638,33.52589665856378],[131.332434918703,33.52546364175139],[131.33325920393463,33.524560989451935],[131.33375145043877,33.52293882798142],[131.33560287365285,33.5211234772376],[131.3363208637977,33.5208517383817],[131.33637886951504,33.51982476020852],[131.33734175678947,33.51948757731751],[131.33782645306118,33.51926992993244],[131.33732587202977,33.5180541237346],[131.33729586132546,33.51791313525164],[131.33681489911928,33.517229394555024],[131.33636880247985,33.51738056136366],[131.33544560295903,33.51612619402095],[131.33610989341503,33.51537927895705],[131.3370933341081,33.51500847851998],[131.33648382320433,33.51407135718234],[131.336699765851,33.51265569635991],[131.3365782262563,33.51172221936316],[131.33662464930768,33.51095108119888],[131.33725727647953,33.511022382613184],[131.33801504688992,33.51123201106342],[131.33920687129128,33.51120742202062],[131.33990865792802,33.511049757623134],[131.34090275584228,33.51079033563573],[131.34184871259637,33.51055411016702],[131.34266590165424,33.51084896063838],[131.3446177469489,33.51247318606722],[131.34104549805505,33.51470973072978],[131.34142410583513,33.51569364966146],[131.3400518869596,33.516039148637304],[131.34047346213617,33.517867919220514],[131.33974096850656,33.51924741721155],[131.33957797211048,33.51983226388832],[131.33959059651602,33.52065240692575],[131.34013762859692,33.522049848360936],[131.34030114804887,33.52247917813039],[131.34029876883852,33.522483550493895],[131.34011502244934,33.5233225145071],[131.3396953540009,33.5225944319767],[131.3389532038494,33.52267890936537],[131.3389710879154,33.523442675383215]]]},"properties":{"KEY_CODE":"442110560","PREF":"44","CITY":"211","CITY_NAME":"宇佐市","S_NAME":"大字中原","SETAI":"418"}},{"type":"Feature","geometry":{"type":"Polygon","coordinates":[[[131.3464541294815,33.521107372034784],[131.3467395425465,33.52349559475146],[131.34464637351476,33.52429798114404],[131.34384854106736,33.523664103430804],[131.3431871534159,33.523946435821806],[131.3427992619188,33.52378887797274],[131.34086149662414,33.52261091982303],[131.3404044842503,33.52269879082097],[131.34036872133163,33.52263340540966],[131.34029876883852,33.522483550493895],[131.34030114804887,33.52247917813039],[131.34013762859692,33.522049848360936],[131.33959059651602,33.52065240692575],[131.33957797211048,33.51983226388832],[131.33974096850656,33.51924741721155],[131.34047346213617,33.517867919220514],[131.3400518869596,33.516039148637304],[131.34142410583513,33.51569364966146],[131.34104549805505,33.51470973072978],[131.3446177469489,33.51247318606722],[131.34266590165424,33.51084896063838],[131.34290594171006,33.51059448644042],[131.3430849626947,33.509714248342945],[131.34302191815488,33.509443282944005],[131.34301148181248,33.50854342003777],[131.34299053174738,33.50758877915451],[131.34245805617348,33.50701915689165],[131.34175356889244,33.5064845898982],[131.34249559851858,33.50518172077484],[131.3436379388351,33.506271117283575],[131.3445003894258,33.50795366577552],[131.3457191420432,33.508290213579706],[131.3463357389816,33.50882267790113],[131.3474106791952,33.50895567455199],[131.34813306470838,33.51080876766536],[131.34899073912996,33.51169667313302],[131.34959365541027,33.51362454057385],[131.35028980818137,33.513732645981406],[131.35098541163083,33.51466631851608],[131.3523171203321,33.51519996266612],[131.35232398096872,33.516398685254636],[131.35234335718917,33.51690603585948],[131.35272925513524,33.517717579280095],[131.35338871817845,33.51830493055226],[131.35350560921074,33.51853121526816],[131.3540758491782,33.51808280358214],[131.3560661888721,33.519925730305445],[131.35468151124482,33.521049778094344],[131.3539872424145,33.52165313330751],[131.3534182130867,33.52176207454235],[131.3529124836765,33.52196751681555],[131.35193939354923,33.52220746084595],[131.3509512843876,33.5222698888886],[131.3500687406353,33.521833869870036],[131.34968392080398,33.521672547904984],[131.34961718710937,33.521611178711055],[131.34957304247212,33.5215317277863],[131.34955856768386,33.52149859408273],[131.34952593603748,33.521380130200654],[131.34950211363446,33.52128390548873],[131.34943632582943,33.52108236760992],[131.34810417172702,33.52096077229072],[131.34814917901699,33.52010135040183],[131.34695492933997,33.52000370103857],[131.34683325736438,33.52107793710425],[131.3465492983813,33.5210947483327],[131.3464541294815,33.521107372034784]]]},"properties":{"KEY_CODE":"442110570","PREF":"44","CITY":"211","CITY_NAME":"宇佐市","S_NAME":"大字別府","SETAI":"234"}},{"type":"Feature","geometry":{"type":"Polygon","coordinates":[[[131.3452458822986,33.52465038196226],[131.34412730005067,33.525037576927986],[131.3424074832564,33.52578163576326],[131.34193490291122,33.52596267196149],[131.34172103163232,33.526042119025156],[131.33950048993535,33.5263687951178],[131.3396040532694,33.52615003206084],[131.33971853689795,33.52573917476453],[131.33976171643985,33.525236652840405],[131.34008099701987,33.52515821899834],[131.34012610497595,33.52481382806795],[131.33985937603467,33.52459191542639],[131.3398966007045,33.52395271010401],[131.3392975392039,33.52345629990062],[131.3389710879154,33.523442675383215],[131.3389532038494,33.52267890936537],[131.3396953540009,33.5225944319767],[131.34011502244934,33.5233225145071],[131.34029876883852,33.522483550493895],[131.34036872133163,33.52263340540966],[131.3404044842503,33.52269879082097],[131.34086149662414,33.52261091982303],[131.3427992619188,33.52378887797274],[131.3431871534159,33.523946435821806],[131.34384854106736,33.523664103430804],[131.34464637351476,33.52429798114404],[131.3467395425465,33.52349559475146],[131.3464541294815,33.521107372034784],[131.3465492983813,33.5210947483327],[131.34683325736438,33.52107793710425],[131.34695492933992,33.52000370103857],[131.34814917901699,33.52010135040183],[131.34807092220206,33.52095923868023],[131.34774697272354,33.522867319512116],[131.34779985979517,33.52372689772464],[131.3462598459968,33.52426847118533],[131.34676478409057,33.52484242824078],[131.34620946766407,33.52501549311603],[131.34612743517448,33.5249625247203],[131.3457792660408,33.52485258957081],[131.34567473591423,33.52482672824345],[131.34560733167064,33.52481257001653],[131.34544839751538,33.52476153701191],[131.34538044212673,33.52472836210923],[131.3452458822986,33.52465038196226]]]},"properties":{"KEY_CODE":"442110580","PREF":"44","CITY":"211","CITY_NAME":"宇佐市","S_NAME":"大字樋田","SETAI":"188"}},{"type":"Feature","geometry":{"type":"Polygon","coordinates":[[[131.27131752062218,33.4934849451432],[131.27126109839003,33.4928941752252],[131.27119714333134,33.49324781043827],[131.2708828945627,33.49343137577098],[131.27085596159378,33.4938824954743],[131.27067179208348,33.494051720802226],[131.2706262735812,33.49426460137701],[131.27090212330432,33.49455415952372],[131.27058685735227,33.494967484071964],[131.2708399791568,33.495220635346215],[131.27115049745774,33.49538303431202],[131.2710659922409,33.49602955062945],[131.27122535538012,33.49627082830822],[131.27144972006988,33.49654820460885],[131.27126213233095,33.49697072200267],[131.27030020167652,33.496386729944625],[131.27050256003136,33.495533833873345],[131.27004658920924,33.494170240433306],[131.26829208199902,33.492739523332155],[131.26857935162099,33.49233176027669],[131.26824616436102,33.49138778035031],[131.26739616137957,33.49149779541836],[131.26636984696708,33.49105466233764],[131.26603581987322,33.489818050197044],[131.2666870672935,33.48926956736273],[131.26689861231415,33.48768825051194],[131.26542241827215,33.48659087733333],[131.26436846221546,33.48702570969137],[131.26301303964968,33.486942738843425],[131.26244702815453,33.485544395542505],[131.2602830551784,33.484165355672815],[131.25959151630298,33.482655962153736],[131.2599210275871,33.48113483345869],[131.2593175081167,33.480361571272844],[131.26036354433097,33.47808785693106],[131.26146477050085,33.47525963359296],[131.26183785756214,33.4739316784763],[131.26250479041397,33.47360523437467],[131.26340140215942,33.47441589781913],[131.2635613500041,33.47208170768641],[131.261521762643,33.470903324154875],[131.2609375741812,33.47007395390002],[131.26091513464192,33.467965840926595],[131.26029171542714,33.46661740145421],[131.25954687303698,33.46609531760898],[131.25866516173127,33.46481059706487],[131.2586505975256,33.46352856813963],[131.25828427590096,33.46167399426838],[131.25784184202288,33.46140405645426],[131.25527822609774,33.4569548990784],[131.25301555320337,33.455944002530124],[131.2522541642241,33.456641903086876],[131.25034741731469,33.457247989925236],[131.24875337354823,33.457288834789175],[131.2460391065211,33.45819764939318],[131.2453613102336,33.458270034876],[131.24536172374894,33.45675852930593],[131.24640109692658,33.4564553118003],[131.24711099700733,33.45530776787854],[131.24636356776548,33.453590068839446],[131.24653054332757,33.45291330549296],[131.2457360376473,33.45161367862187],[131.24467266901902,33.450986509831104],[131.24421745009525,33.45021206214129],[131.24508800092536,33.44803267188054],[131.24490529696436,33.44692961302871],[131.24428320122684,33.446159087858334],[131.2457944006037,33.44565359860385],[131.24734778324932,33.44420097889664],[131.2479554692046,33.44461209508732],[131.2487940326172,33.44517333807074],[131.24973307324277,33.445487592119584],[131.25032321901762,33.4460184643307],[131.25059069643677,33.44627238517508],[131.25145479555576,33.44610871888998],[131.25199901168375,33.44664739467906],[131.25251576619496,33.447232368569004],[131.25298633476362,33.44774804826405],[131.25340742873522,33.447053208708645],[131.25394860625536,33.446535479487245],[131.25424142208462,33.44601824688312],[131.2550730689028,33.44575821590303],[131.25537586763915,33.44551084936483],[131.2568354193009,33.44453626579847],[131.25737666792412,33.44405709571928],[131.25840701738952,33.44413977879399],[131.25989966278783,33.44349278806177],[131.26092121892205,33.44370654547043],[131.26189593794413,33.443635079295426],[131.26245736514917,33.443764942320456],[131.2642320344163,33.44514523247917],[131.26454765706072,33.44610842571418],[131.2654879788504,33.4468158028345],[131.26642370217465,33.44752705914604],[131.26654351089138,33.447603902003436],[131.26659634489056,33.44759405564354],[131.2688131657262,33.4480827822158],[131.27052392722828,33.44800901714011],[131.27146336329432,33.44814670402863],[131.27166254589514,33.44820938294577],[131.27202106455948,33.44842217199017],[131.27270646989396,33.44912738392325],[131.27392707656657,33.45004927833065],[131.27476713910198,33.44970293351221],[131.27520907215418,33.44999770942569],[131.27576244914331,33.45015697329466],[131.27615035054566,33.450712469023465],[131.27672109842257,33.451262144390356],[131.27691182850006,33.451710775285235],[131.27749513639145,33.452146797496376],[131.27864290403605,33.4535139258206],[131.27985261319216,33.45439125754328],[131.28030527433162,33.45438885622912],[131.2808279675677,33.454769028723206],[131.28100588423047,33.454889544540706],[131.2812079469182,33.45561458525977],[131.28170956476245,33.45806429678572],[131.28213325260913,33.4586958020294],[131.28291262631853,33.459512507532985],[131.28334543992582,33.45953011030055],[131.28475412942703,33.45936877760313],[131.2853128371041,33.45917858306606],[131.28583256408305,33.45890802443768],[131.2859785678742,33.458347381597534],[131.2858936707772,33.457943489688745],[131.28608584383815,33.45675509007418],[131.28634654301823,33.454909253619434],[131.28688992106694,33.45401905794076],[131.28687168502066,33.45397394163338],[131.28637425333005,33.45257370535834],[131.28630996828477,33.45059658424454],[131.28666072215682,33.44976610722986],[131.28747411106292,33.44842945751236],[131.28967244683727,33.447940964641724],[131.2908992280453,33.44760268223135],[131.2939432774164,33.447487601451385],[131.29466597387852,33.4476902304937],[131.29548945717477,33.449137933140655],[131.29665718782317,33.45037272087921],[131.29761577704173,33.450956474044894],[131.29840881725224,33.45154057828825],[131.29900897730587,33.452202281281494],[131.29939085905193,33.45225148518062],[131.29977801155084,33.4524895735763],[131.30097596142411,33.45311896608501],[131.30134693003671,33.45399709259963],[131.30167124965917,33.454682553657065],[131.30181800555974,33.45470202566536],[131.3026008480305,33.45483449800129],[131.30293014749498,33.45563177550799],[131.30265663665855,33.45633411697537],[131.30305567740618,33.45734323025927],[131.3032587358082,33.45886559275212],[131.3015966283679,33.46104025445672],[131.3015721491167,33.46194244732314],[131.30072697607724,33.462283772385206],[131.29924403920333,33.46175531511007],[131.29894191549886,33.46218016657599],[131.29743967658473,33.462727384589215],[131.29734978174594,33.463344468699134],[131.2963329941357,33.46463460153754],[131.29557423656303,33.46469425518151],[131.29487763542215,33.46545927935626],[131.29422419315222,33.46538373161361],[131.290478014668,33.466198387894764],[131.2901491429222,33.46689312284036],[131.28858606982988,33.46855845247352],[131.28950873630225,33.46936589681877],[131.28998556414993,33.470278501491585],[131.28991409447312,33.47092638303911],[131.29074992720032,33.47247906626158],[131.2883849488134,33.4745424615943],[131.2849963222961,33.4789358294351],[131.2851014900457,33.48030021502991],[131.28465450199047,33.480944859314036],[131.28356879461555,33.48394744483518],[131.282535730738,33.48767085972994],[131.28100966559322,33.48822296050054],[131.27876549169437,33.488664111077036],[131.27673663393946,33.48997661108992],[131.2765222769665,33.49008472712613],[131.27629646779076,33.490352529823944],[131.27614475328343,33.490822416838284],[131.27604106670842,33.4912200639386],[131.27601344184097,33.49177583079896],[131.27584842308647,33.49202064017728],[131.27571991013536,33.49253091163372],[131.2752628688043,33.49335317061814],[131.27491552752267,33.49369157900509],[131.27463087910982,33.49394189886528],[131.274437912279,33.49398455544611],[131.27407332821227,33.4941752783761],[131.27354254396914,33.49424502141976],[131.27293850077913,33.49437997985434],[131.27233149269154,33.49491239942424],[131.2720086439536,33.49502916831041],[131.2718271560239,33.49470953555279],[131.27192846202223,33.49422218425467],[131.2719155879755,33.494130774701404],[131.27169681365527,33.493972964889025],[131.27135675716386,33.493956136825936],[131.27131752062218,33.4934849451432]]]},"properties":{"KEY_CODE":"442110590","PREF":"44","CITY":"211","CITY_NAME":"宇佐市","S_NAME":"大字麻生","SETAI":"105"}},{"type":"Feature","geometry":{"type":"Polygon","coordinates":[[[131.2593175081167,33.480361571272844],[131.2568898757043,33.47928466897643],[131.2556126063292,33.47908867171594],[131.25431782450124,33.4793509394918],[131.2537721568419,33.47880133103645],[131.25190638232328,33.47813703212897],[131.25090969169764,33.478093945389006],[131.24983025901994,33.47736482059567],[131.24886278009112,33.47717041380389],[131.2484086839127,33.47660706882288],[131.2459896854696,33.47657450155561],[131.24382259497023,33.477084933550564],[131.24192292523125,33.477832661186184],[131.2411674084254,33.47740724141963],[131.2406595017615,33.476624640303854],[131.2412558048831,33.47516291893047],[131.24247841323566,33.47388904194173],[131.24246963737767,33.473346319188046],[131.24416254099916,33.472428266811754],[131.24364575593407,33.469770422800615],[131.24395757220313,33.46938563481897],[131.2427885780948,33.46766818559909],[131.24192140330703,33.465880038563796],[131.24160896501542,33.46472499027752],[131.24090990452376,33.464518994893474],[131.24098793596934,33.46379315033673],[131.2439324116465,33.46241331094091],[131.24463511089655,33.462497340426744],[131.2450700291359,33.46143810505761],[131.24471615133012,33.460798232959625],[131.24519199763762,33.46030286324197],[131.24557959307012,33.4589312382524],[131.2453613102336,33.458270034876],[131.2460391065211,33.45819764939318],[131.24875337354823,33.457288834789175],[131.25034741731469,33.457247989925236],[131.2522541642241,33.456641903086876],[131.25301555320337,33.455944002530124],[131.25527822609774,33.4569548990784],[131.25784184202288,33.46140405645426],[131.25828427590096,33.46167399426838],[131.2586505975256,33.46352856813963],[131.25866516173127,33.46481059706487],[131.25954687303698,33.46609531760898],[131.26029171542714,33.46661740145421],[131.26091513464192,33.467965840926595],[131.2609375741812,33.47007395390002],[131.261521762643,33.470903324154875],[131.2635613500041,33.47208170768641],[131.26340140215942,33.47441589781913],[131.26250479041397,33.47360523437467],[131.26183785756214,33.4739316784763],[131.26146477050085,33.47525963359296],[131.26036354433097,33.47808785693106],[131.2593175081167,33.480361571272844]]]},"properties":{"KEY_CODE":"442110600","PREF":"44","CITY":"211","CITY_NAME":"宇佐市","S_NAME":"大字山口","SETAI":"14"}},{"type":"Feature","geometry":{"type":"Polygon","coordinates":[[[131.2853128371041,33.45917858306606],[131.28475412942703,33.45936877760313],[131.28334543992582,33.45953011030055],[131.28291262631853,33.459512507532985],[131.28213325260913,33.4586958020294],[131.28170956476245,33.45806429678572],[131.2812079469182,33.45561458525977],[131.28100588423047,33.454889544540706],[131.2808279675677,33.454769028723206],[131.28061629641394,33.45449976837803],[131.28279399576576,33.453690227886646],[131.2840596008209,33.45391052149796],[131.28687168502066,33.45397394163338],[131.28688992106694,33.45401905794076],[131.28634654301823,33.454909253619434],[131.28608584383815,33.45675509007418],[131.2858936707772,33.457943489688745],[131.2859785678742,33.458347381597534],[131.28583256408305,33.45890802443768],[131.2853128371041,33.45917858306606]]]},"properties":{"KEY_CODE":"442110610","PREF":"44","CITY":"211","CITY_NAME":"宇佐市","S_NAME":"大字岳ノ首","SETAI":"0"}},{"type":"Feature","geometry":{"type":"Polygon","coordinates":[[[131.28687168502066,33.45397394163338],[131.2840596008209,33.45391052149796],[131.28279399576576,33.453690227886646],[131.28061629641394,33.45449976837803],[131.28030527433162,33.45438885622912],[131.27985261319216,33.45439125754328],[131.27864290403605,33.4535139258206],[131.27749513639145,33.452146797496376],[131.27691182850006,33.451710775285235],[131.27672109842257,33.451262144390356],[131.27615035054566,33.450712469023465],[131.27576244914331,33.45015697329466],[131.27520907215418,33.44999770942569],[131.27476713910198,33.44970293351221],[131.27392707656657,33.45004927833065],[131.27270646989396,33.44912738392325],[131.27202106455948,33.44842217199017],[131.27166254589514,33.44820938294577],[131.27146336329432,33.44814670402863],[131.27052392722828,33.44800901714011],[131.2688131657262,33.4480827822158],[131.26659634489056,33.44759405564354],[131.26957639453263,33.44682613596414],[131.27015932164528,33.44646630149786],[131.2714284546905,33.44640950001526],[131.27250147570334,33.44541242637134],[131.27460159726698,33.44492579706086],[131.27553080216575,33.44500852186022],[131.27697368189266,33.444650574311005],[131.28072321612387,33.44513165292451],[131.2820163221548,33.444282748903206],[131.28290563721637,33.44452132814442],[131.28392777099867,33.44527804016897],[131.28521053377065,33.44622009622802],[131.28529184031623,33.447179947991614],[131.28573476466048,33.44761846333637],[131.28747411106292,33.44842945751236],[131.28666072215682,33.44976610722986],[131.28630996828477,33.45059658424453],[131.28637425333005,33.45257370535834],[131.28687168502066,33.45397394163338]]]},"properties":{"KEY_CODE":"442110620","PREF":"44","CITY":"211","CITY_NAME":"宇佐市","S_NAME":"大字灘","SETAI":"7"}},{"type":"Feature","geometry":{"type":"Polygon","coordinates":[[[131.29225981084494,33.492753442593965],[131.2885984332534,33.49194490046113],[131.2842505196116,33.49193648325626],[131.28386696897863,33.49123699539424],[131.2834402938545,33.49079564131457],[131.2817984418382,33.49094679994713],[131.28156546296123,33.49145107676759],[131.28130256525054,33.49178342960786],[131.27673663393946,33.48997661108992],[131.27876549169437,33.488664111077036],[131.28100966559322,33.48822296050054],[131.282535730738,33.48767085972994],[131.28356879461555,33.48394744483518],[131.28465450199047,33.480944859314036],[131.2851014900457,33.48030021502991],[131.2849963222961,33.4789358294351],[131.2883849488134,33.4745424615943],[131.29074992720032,33.47247906626158],[131.2922184409942,33.47238417171185],[131.29523245148425,33.473871790738286],[131.29625963506572,33.47481898948737],[131.29760494175494,33.47551216234575],[131.30052651061715,33.47812186376593],[131.30148931121326,33.4798358976729],[131.30220107876292,33.480548130744445],[131.30212436087012,33.48385796095492],[131.29953949901594,33.48601518949278],[131.29759403389184,33.48740828606682],[131.29615598365223,33.48926090198938],[131.29225981084494,33.492753442593965]]]},"properties":{"KEY_CODE":"442110630","PREF":"44","CITY":"211","CITY_NAME":"宇佐市","S_NAME":"大字山袋","SETAI":"9"}},{"type":"Feature","geometry":{"type":"Polygon","coordinates":[[[131.292259810845,33.492753442593965],[131.285795341138,33.495735687507974],[131.2853237875653,33.495036414944956],[131.28434255470648,33.495431840778586],[131.28502785772366,33.4964685155895],[131.28206781145198,33.49941791921934],[131.28037288810438,33.500796575659095],[131.28036734520396,33.50079310061172],[131.27921945977238,33.5003305382673],[131.27834957615931,33.49999118556615],[131.27681975981588,33.49958387183086],[131.27660210116235,33.499155453966516],[131.27477302485428,33.498721585874264],[131.27336757924095,33.49886965442364],[131.27290648810393,33.4989793636577],[131.272699927981,33.49863854509333],[131.27225152016234,33.4981925246153],[131.271832220902,33.49783101042366],[131.2714277774475,33.49760235535202],[131.27144972006988,33.49654820460885],[131.27122535538012,33.49627082830822],[131.2710659922409,33.49602955062945],[131.27115049745774,33.49538303431202],[131.2708399791568,33.495220635346215],[131.27058685735227,33.494967484071964],[131.27090212330432,33.49455415952372],[131.2706262735812,33.49426460137701],[131.27067179208348,33.494051720802226],[131.27085596159378,33.4938824954743],[131.2708828945627,33.49343137577098],[131.27119714333134,33.49324781043827],[131.27126109839003,33.4928941752252],[131.27131752062218,33.4934849451432],[131.27135675716386,33.493956136825936],[131.27169681365527,33.493972964889025],[131.2719155879755,33.494130774701404],[131.27192846202223,33.49422218425467],[131.2718271560239,33.49470953555279],[131.2720086439536,33.49502916831041],[131.27233149269154,33.49491239942424],[131.27293850077913,33.49437997985434],[131.27354254396914,33.49424502141976],[131.27407332821227,33.4941752783761],[131.274437912279,33.49398455544611],[131.27463087910982,33.49394189886528],[131.27491552752267,33.49369157900509],[131.2752628688043,33.49335317061814],[131.27571991013536,33.49253091163372],[131.27584842308647,33.49202064017728],[131.27601344184097,33.49177583079896],[131.27604106670842,33.4912200639386],[131.27614475328343,33.490822416838284],[131.27629646779076,33.490352529823944],[131.2765222769665,33.49008472712613],[131.2767366339394,33.48997661108991],[131.28130256525054,33.49178342960786],[131.28156546296123,33.49145107676759],[131.2817984418382,33.49094679994713],[131.28344029385445,33.49079564131457],[131.28386696897863,33.49123699539424],[131.2842505196116,33.49193648325626],[131.2885984332534,33.49194490046116],[131.292259810845,33.492753442593965]]]},"properties":{"KEY_CODE":"442110640","PREF":"44","CITY":"211","CITY_NAME":"宇佐市","S_NAME":"大字黒","SETAI":"12"}},{"type":"Feature","geometry":{"type":"Polygon","coordinates":[[[131.29343336590728,33.50254134547794],[131.29304087598626,33.50276189570759],[131.29061871665962,33.504218330819995],[131.28980787324994,33.50498957702695],[131.28884805450716,33.50621616697525],[131.28850373396887,33.50662924039177],[131.28803831101973,33.50743915967585],[131.28768790309007,33.50723222951792],[131.28689405810715,33.50639429010179],[131.28616746254795,33.50580912348413],[131.28457387290283,33.50415849058267],[131.28410942571747,33.5038099716321],[131.28361642456125,33.50312863467246],[131.282780692537,33.50239439712088],[131.2820861689145,33.50167110334972],[131.2810247842908,33.50120840128218],[131.28037288810438,33.500796575659095],[131.28206781145198,33.49941791921934],[131.28502785772366,33.4964685155895],[131.28434255470648,33.495431840778586],[131.2853237875653,33.495036414944956],[131.285795341138,33.495735687507974],[131.292259810845,33.492753442593965],[131.29259328840243,33.49361655969416],[131.2936261167236,33.49625844011287],[131.2949454043349,33.49870963762133],[131.29556531623666,33.4993237560931],[131.29369727451245,33.50006652242243],[131.2936697971771,33.5014939555755],[131.2927659835166,33.50220931553848],[131.29343336590728,33.50254134547794]]]},"properties":{"KEY_CODE":"442110650","PREF":"44","CITY":"211","CITY_NAME":"宇佐市","S_NAME":"大字中","SETAI":"17"}},{"type":"Feature","geometry":{"type":"Polygon","coordinates":[[[131.29662472924767,33.50703772949755],[131.29541399752475,33.50810905081698],[131.29408918790853,33.50710064744617],[131.2932256166361,33.50626396281419],[131.29235331834565,33.50663417511718],[131.2918787377718,33.5068706429995],[131.28917271686572,33.507793330214575],[131.2887411278338,33.50797854506343],[131.28803831101973,33.50743915967585],[131.28850373396887,33.50662924039177],[131.28884805450716,33.50621616697525],[131.28980787324994,33.50498957702695],[131.29061871665962,33.504218330819995],[131.29304087598626,33.50276189570759],[131.29343336590728,33.50254134547794],[131.2927659835166,33.50220931553848],[131.2936697971771,33.5014939555755],[131.29369727451245,33.50006652242243],[131.29556531623666,33.4993237560931],[131.2949454043349,33.49870963762133],[131.2936261167236,33.49625844011287],[131.29259328840243,33.49361655969416],[131.29225981084494,33.492753442593965],[131.29615598365223,33.48926090198938],[131.29759403389184,33.48740828606682],[131.29953949901594,33.48601518949278],[131.30212436087012,33.48385796095492],[131.30343867167926,33.48465099593372],[131.3046773192605,33.486174897346906],[131.30523188312395,33.48748167013551],[131.3053460319568,33.48994405223337],[131.30581570364126,33.49079013668127],[131.30657302370324,33.49128173619462],[131.30641088073025,33.49257632360762],[131.30595088464293,33.49290798802696],[131.30586610156953,33.49408132448286],[131.3070256111831,33.49517708637034],[131.3073899970687,33.49609327004509],[131.3068639707,33.498189422928725],[131.30836756107487,33.501928010433346],[131.3072862040697,33.50275499691129],[131.30499218646963,33.50442560436977],[131.30428719097299,33.504886802596815],[131.30401577633157,33.505127012287225],[131.30295798934088,33.50576623463143],[131.30188863008846,33.50553953780044],[131.30140550521412,33.5050170271196],[131.3005973595649,33.50574600611139],[131.2997413507695,33.50627645518928],[131.29941465642193,33.505839378754665],[131.29901390545112,33.50523793728637],[131.29873993550876,33.50495238105639],[131.29830413146308,33.50444337736559],[131.29783846420443,33.50411865610374],[131.2974764493677,33.50418683463201],[131.29751591736257,33.50473123441291],[131.29745842520683,33.50513779599073],[131.29662084788993,33.50505378117988],[131.2960397426105,33.50493072375538],[131.2958994409017,33.50497177531946],[131.29576055962963,33.50543368812263],[131.29501046855117,33.50566627769385],[131.2944634663025,33.50581344618128],[131.29506815302142,33.50643960400277],[131.2957277121025,33.50694619445823],[131.29604197692726,33.50682611170943],[131.29622940165928,33.506670594508655],[131.29639989443666,33.506560448635966],[131.29662472924767,33.50703772949755]]]},"properties":{"KEY_CODE":"442110660","PREF":"44","CITY":"211","CITY_NAME":"宇佐市","S_NAME":"大字木内","SETAI":"23"}},{"type":"Feature","geometry":{"type":"Polygon","coordinates":[[[131.2989426422219,33.51341795386385],[131.29880277597414,33.513590241017454],[131.29751770363993,33.51379242489703],[131.29598891561878,33.51381872339877],[131.29541216787825,33.51386133885425],[131.2934100415134,33.514274203227],[131.29322170287432,33.51426651117514],[131.29224776225027,33.51389555866383],[131.29182159508528,33.513365095687924],[131.29135819448211,33.51275036017865],[131.28975078482267,33.51105482926556],[131.28935742163668,33.510334216103985],[131.2892308924955,33.50985454046629],[131.28922269560402,33.50901281760946],[131.2891420455157,33.508313845106706],[131.28917271686572,33.507793330214575],[131.2918787377718,33.5068706429995],[131.29235331834565,33.50663417511718],[131.2932256166361,33.506263962814174],[131.29408918790853,33.50710064744617],[131.29541399752475,33.50810905081698],[131.29662472924767,33.50703772949755],[131.29639989443666,33.506560448635966],[131.29622940165928,33.506670594508655],[131.29604197692726,33.50682611170943],[131.2957277121025,33.50694619445823],[131.29506815302142,33.50643960400277],[131.2944634663025,33.50581344618128],[131.29501046855117,33.50566627769385],[131.29576055962963,33.50543368812263],[131.2958994409017,33.50497177531946],[131.2960397426105,33.50493072375538],[131.29662084788993,33.50505378117988],[131.29745842520683,33.50513779599073],[131.29751591736257,33.50473123441291],[131.2974764493677,33.50418683463201],[131.29783846420443,33.50411865610374],[131.29830413146308,33.50444337736559],[131.29873993550876,33.50495238105639],[131.29901390545112,33.50523793728637],[131.29941465642193,33.505839378754665],[131.29971399515804,33.506273642796806],[131.30048708620086,33.50853585851567],[131.30062566532595,33.51034343303378],[131.29914398614315,33.512268004818814],[131.2989426422219,33.51341795386385]]]},"properties":{"KEY_CODE":"442110670","PREF":"44","CITY":"211","CITY_NAME":"宇佐市","S_NAME":"大字今成","SETAI":"18"}},{"type":"Feature","geometry":{"type":"Polygon","coordinates":[[[131.31167716764625,33.51551933037419],[131.31107594066793,33.51631618049351],[131.31066807113825,33.517077468484146],[131.31017080681784,33.51777335999698],[131.30975969352687,33.51763412531861],[131.30953787643085,33.51754415510277],[131.30862178697237,33.517444595929085],[131.30833488614104,33.517291453556936],[131.3076693892596,33.516245450595136],[131.304374330923,33.51561770319749],[131.30079485064516,33.514913612359784],[131.30101972981922,33.513970137315724],[131.30050325667276,33.51386288024477],[131.29979856794827,33.513314070162814],[131.29921876726084,33.51331307008261],[131.2989426422219,33.51341795386385],[131.29914398614315,33.512268004818814],[131.30062566532595,33.51034343303378],[131.30048708620086,33.50853585851567],[131.29971399515804,33.506273642796806],[131.2997413507695,33.50627645518928],[131.3005973595649,33.50574600611139],[131.30140550521412,33.5050170271196],[131.30188863008846,33.50553953780044],[131.30295798934088,33.50576623463143],[131.30401577633157,33.505127012287225],[131.30428719097299,33.504886802596815],[131.30499218646963,33.50442560436977],[131.3072862040697,33.50275499691129],[131.30836756107487,33.501928010433325],[131.3085393547824,33.50215621194251],[131.30879605781345,33.50246281699889],[131.30942100362236,33.50387424359968],[131.30958326257704,33.50430436053369],[131.31005154445302,33.50476608550256],[131.31019644434204,33.50503700746779],[131.3104672970513,33.50531518822367],[131.31103601465037,33.50587894710775],[131.31159843674513,33.50668335827958],[131.312094863452,33.507037227665265],[131.312611728353,33.50779574780894],[131.31290863500436,33.5088805205387],[131.3132606845,33.509676256362546],[131.31368628681906,33.510198941887644],[131.3142314371567,33.51095717235211],[131.3145340737943,33.51144201792236],[131.3149455807497,33.51188147007497],[131.3153055150447,33.51218117904554],[131.3157468301503,33.51246099325712],[131.31646055349995,33.51288005258975],[131.31702400216642,33.51334457646163],[131.31748935489153,33.51377810385758],[131.31772107327544,33.514081338200874],[131.31624275597645,33.51400373400011],[131.3142961934634,33.513874919529215],[131.31406232755,33.51389925042929],[131.31322216892465,33.513976033405264],[131.31218660448033,33.51425709961562],[131.3117323317843,33.514419660390296],[131.31138467031963,33.514484103829425],[131.3115148664272,33.51486319224537],[131.31167716764625,33.51551933037419]]]},"properties":{"KEY_CODE":"442110680","PREF":"44","CITY":"211","CITY_NAME":"宇佐市","S_NAME":"大字末","SETAI":"53"}},{"type":"Feature","geometry":{"type":"Polygon","coordinates":[[[131.3168181051218,33.52242849836802],[131.31680125330934,33.52252952323601],[131.31681663647956,33.52261334810077],[131.31655413894845,33.52291872121229],[131.31600901944535,33.5230201375908],[131.31533257483918,33.523145272381996],[131.31631705871362,33.524644261698114],[131.31497509202524,33.52492934150005],[131.31457989227334,33.52520730677466],[131.31290508187348,33.52392561932961],[131.31208952151067,33.522506692789044],[131.3113244016815,33.52248004619964],[131.31106816088612,33.5232950782675],[131.3118550532947,33.523576243680544],[131.3106197569969,33.523976601835905],[131.30345308903162,33.52256194984177],[131.300985345391,33.522185511077666],[131.300632344539,33.52165689556576],[131.29810668461502,33.52171497339935],[131.2971657840893,33.521069058058295],[131.2930739577702,33.51673658820991],[131.29279346126867,33.516247346663505],[131.29302226364945,33.515201454414445],[131.29270858046854,33.514294876513816],[131.29322170287432,33.51426651117514],[131.2934100415134,33.514274203227],[131.29541216787825,33.51386133885425],[131.29598891561878,33.51381872339877],[131.29751770363993,33.51379242489703],[131.29880277597414,33.513590241017454],[131.29921876726084,33.51331307008261],[131.29979856794827,33.513314070162814],[131.30050325667276,33.51386288024477],[131.30101972981922,33.513970137315724],[131.30079485064516,33.514913612359784],[131.304374330923,33.51561770319749],[131.3076693892596,33.516245450595136],[131.30833488614104,33.517291453556936],[131.30862178697237,33.517444595929085],[131.30953787643085,33.51754415510277],[131.30975969352687,33.51763412531861],[131.31017080681784,33.51777335999698],[131.31066807113825,33.517077468484146],[131.31107594066793,33.51631618049351],[131.31167716764625,33.51551933037419],[131.31166439733997,33.51576295493773],[131.31186412638715,33.51766191507145],[131.3128551492487,33.51884627557299],[131.31395531607316,33.51877398416683],[131.31418643152514,33.51868231321352],[131.31450630231035,33.51843086599438],[131.31450190487502,33.51840019807985],[131.31450615555772,33.51839029048319],[131.31453840756794,33.51837848008838],[131.31462240827952,33.5183854885008],[131.31471503292912,33.518399659830955],[131.3147420135531,33.51841854171543],[131.31474744491803,33.51843205328562],[131.3147499231905,33.518517707212055],[131.31465696526686,33.51871451668345],[131.31465815493243,33.51874695269713],[131.3146797988584,33.518778457039154],[131.3147725952894,33.518833240080106],[131.31482425460632,33.51883398953306],[131.31484571904656,33.51881590156107],[131.31485104281415,33.51879968648306],[131.31484320164606,33.518712214019395],[131.31485055306518,33.51866443480171],[131.31487737691717,33.51863999274794],[131.31492254252106,33.51862276447911],[131.31496886839727,33.51863708512007],[131.3151320342645,33.51880799280774],[131.3152205762905,33.51887807156309],[131.31526703317127,33.518928466350395],[131.31526932564975,33.518962728358304],[131.31522139689696,33.519104410613295],[131.3152118821019,33.519154027420136],[131.31521444114597,33.519268524165426],[131.31534089009006,33.51940166452167],[131.3154260910641,33.51944381713221],[131.31554473459042,33.51950663463669],[131.31564510852576,33.51958214360717],[131.31596875230218,33.51977247334427],[131.3160074463687,33.51975705356562],[131.3160149511352,33.51974438924147],[131.3160630461455,33.51964871020648],[131.31609109116104,33.51966576027871],[131.31609122562813,33.51970273983718],[131.31607729085547,33.519721688915745],[131.31605053244786,33.519764129000166],[131.3160516743705,33.51977677138565],[131.3160646671403,33.519800160559704],[131.3161616996724,33.519840490144695],[131.3162107251477,33.51970603246949],[131.31621929562448,33.51969156579913],[131.31625580234723,33.51966442254012],[131.3162967400288,33.5196769638702],[131.31634434370454,33.51974084096886],[131.31623928396067,33.51986375494734],[131.31622557043792,33.519936837087464],[131.31622353340057,33.51997290968375],[131.3162064020819,33.519997291686124],[131.31617748852943,33.520036144732046],[131.3161702031738,33.52010917829767],[131.31615872316397,33.52020751315081],[131.31613533939023,33.52028689235229],[131.31613332846757,33.52033018553998],[131.3161551142756,33.5204004728221],[131.3161692097236,33.52042568805377],[131.31624275700145,33.520517469779705],[131.3165566403599,33.520687993089105],[131.31658255299115,33.52070775346144],[131.31657185031642,33.5207249344261],[131.31655576161452,33.52074117698077],[131.3165418846465,33.520776399774114],[131.31666295698048,33.52091673363056],[131.31665039925053,33.52101327491228],[131.31657406145177,33.52103780752959],[131.31641795032937,33.52103369584585],[131.31619922639754,33.52098465855186],[131.3160472854103,33.52094175947256],[131.31593632988245,33.52092400724566],[131.315319263813,33.52115550172703],[131.31520962685767,33.52120628462452],[131.3151375960723,33.521229889142774],[131.3150623411141,33.52125804654275],[131.3150410751895,33.521331115428126],[131.31497127962643,33.52167664571516],[131.31492518773442,33.521734492037425],[131.3148311037216,33.52191686397373],[131.31472363699115,33.521968528143],[131.31466247970062,33.522022784013565],[131.31463479297557,33.522104918416325],[131.31460266983552,33.52215276034456],[131.31452676207496,33.52229722227116],[131.31452680130238,33.522308071162186],[131.31453976470362,33.52232336007561],[131.31463244593888,33.52235197620387],[131.31478752039467,33.52236510957611],[131.31493285557548,33.52236565453662],[131.3152719239585,33.522353947471025],[131.3155603959046,33.52233969138451],[131.31579285713693,33.522321068258336],[131.31621932144782,33.52236507030237],[131.3164130120426,33.52234115603048],[131.31655190391456,33.52234439510377],[131.31673072687195,33.522378215371816],[131.3168181051218,33.52242849836802]]]},"properties":{"KEY_CODE":"442110690","PREF":"44","CITY":"211","CITY_NAME":"宇佐市","S_NAME":"大字上元重","SETAI":"73"}},{"type":"Feature","geometry":{"type":"Polygon","coordinates":[[[131.31356112416296,33.527457421700305],[131.31299548414682,33.52727646690707],[131.30527726223002,33.525840687227536],[131.30475143331407,33.52765895491244],[131.30358893583747,33.52743552625918],[131.30331930724256,33.528361616635834],[131.30011401477702,33.527758264661266],[131.30032350454206,33.52689583042239],[131.29839888745227,33.52658369344223],[131.29920645102501,33.52573095646976],[131.29820093495871,33.52557951310164],[131.2984031002795,33.52465580991091],[131.2953767107549,33.52414361431918],[131.29413971642254,33.524552844342296],[131.29239943854932,33.52440310226486],[131.29194409993153,33.52396069015669],[131.29197681635296,33.522435515821456],[131.29162587934593,33.520897684235116],[131.2919054196842,33.51886513011241],[131.29279346126867,33.516247346663505],[131.2930739577702,33.51673658820991],[131.2971657840893,33.521069058058295],[131.29810668461502,33.52171497339935],[131.300632344539,33.52165689556576],[131.300985345391,33.522185511077666],[131.30345308903162,33.52256194984177],[131.3106197569969,33.523976601835905],[131.3118550532947,33.523576243680544],[131.31106816088612,33.5232950782675],[131.3113244016815,33.52248004619964],[131.31208952151067,33.522506692789044],[131.31290508187348,33.52392561932961],[131.31457989227334,33.52520730677466],[131.31497509202524,33.52492934150005],[131.31548350895983,33.52575027383451],[131.31356112416296,33.527457421700305]]]},"properties":{"KEY_CODE":"442110700","PREF":"44","CITY":"211","CITY_NAME":"宇佐市","S_NAME":"大字下元重","SETAI":"54"}},{"type":"Feature","geometry":{"type":"Polygon","coordinates":[[[131.30549191026012,33.53642071670031],[131.30208890816397,33.537778591132835],[131.30170835847147,33.538369838391745],[131.2985265381646,33.539621366749564],[131.29763868039893,33.5392253752568],[131.29697254481724,33.53967488332909],[131.29613088538,33.53936809383796],[131.2950313173918,33.54028857012684],[131.29463044304123,33.540136511666084],[131.2934499292804,33.54084908096457],[131.291489222334,33.541398004251256],[131.2913645432584,33.541495122305236],[131.2909474400246,33.54174394429905],[131.29094349954792,33.54173769057762],[131.29082770417625,33.54161450040798],[131.29129728542782,33.54058859235448],[131.2914942692731,33.5398631555307],[131.29143308585466,33.539183163374894],[131.29135083945346,33.53882356015434],[131.29130958991297,33.53780320342537],[131.29148531235305,33.53662052797284],[131.29289488738618,33.534509344717584],[131.2933581060287,33.53428226480658],[131.2945754386112,33.533571035054294],[131.29514566614344,33.53130228625632],[131.29519529006873,33.529917537385245],[131.29493769263544,33.528977925655916],[131.29360936301273,33.527099098005195],[131.29307254043988,33.52542916591576],[131.29239943854932,33.52440310226486],[131.29413971642254,33.524552844342296],[131.2953767107549,33.52414361431918],[131.2984031002795,33.52465580991091],[131.29820093495871,33.52557951310164],[131.29920645102501,33.52573095646976],[131.29839888745227,33.52658369344223],[131.30032350454206,33.52689583042239],[131.30011401477702,33.527758264661266],[131.30331930724256,33.528361616635834],[131.30358893583747,33.52743552625918],[131.30475143331407,33.52765895491244],[131.30527726223002,33.525840687227536],[131.31299548414682,33.52727646690707],[131.31356112416296,33.527457421700305],[131.3143609005327,33.52760917771047],[131.31444305564293,33.52862729931455],[131.31664042810678,33.528623529315006],[131.31739139152714,33.52971282311559],[131.31655431673983,33.53040638998025],[131.3167925986797,33.53121844847658],[131.31522811062538,33.532340367146155],[131.31432827105758,33.53256207991524],[131.31177472740853,33.53433561877325],[131.31112380548245,33.535301539896096],[131.31064832331623,33.53482258631021],[131.30923659027502,33.53519905495811],[131.3077690804901,33.53638795763221],[131.30562703888688,33.53619689949304],[131.30549191026012,33.53642071670031]]]},"properties":{"KEY_CODE":"442110710","PREF":"44","CITY":"211","CITY_NAME":"宇佐市","S_NAME":"大字山下","SETAI":"177"}},{"type":"Feature","geometry":{"type":"Polygon","coordinates":[[[131.2621581773786,33.55377761366813],[131.26213514392225,33.5537911167107],[131.26175636299408,33.55378712309604],[131.26161348014872,33.553730400542214],[131.2613876554414,33.55371305278142],[131.26137743583567,33.55385385441604],[131.26133294115223,33.55393414541129],[131.2610567878845,33.55417704676603],[131.26093608926013,33.55405526026075],[131.26053505600336,33.55385650186977],[131.2604875941317,33.55365703828044],[131.26054266403887,33.553553583569176],[131.26039395579943,33.553286673234204],[131.25931373768165,33.552150202156255],[131.2589908838998,33.55173565592645],[131.25889469612576,33.55159331709364],[131.25873748807572,33.55136449746186],[131.25772347560635,33.55057219984018],[131.2573663869564,33.54969480790787],[131.25728809519626,33.549287672978465],[131.25706806075786,33.548835537250014],[131.25701870332827,33.54809902376008],[131.25710093214525,33.547500901485364],[131.2570202261163,33.547059113010185],[131.25640807289662,33.54592703428288],[131.25636921965105,33.5456257259732],[131.25628971157983,33.544981870007504],[131.25554808691737,33.54423921011992],[131.2548442266061,33.54337470877321],[131.25473383620067,33.54293748602448],[131.25430604505235,33.54257044443597],[131.25398914061512,33.541435976790964],[131.25439297332252,33.540906719074314],[131.25454141986853,33.540602943732566],[131.25440865532582,33.53970524565172],[131.2541604744519,33.53947368144999],[131.25391817299553,33.53905106436903],[131.25311055559175,33.537922712691056],[131.25269765923517,33.53679531041081],[131.25246644510148,33.536513726977404],[131.25195806288585,33.53556324753135],[131.252164237007,33.53529679354237],[131.2522660795628,33.535100222279326],[131.25226901628983,33.53509067112129],[131.25243642193104,33.534733989094214],[131.2527939047973,33.5342024260971],[131.2532874525687,33.53321403674028],[131.25431339850692,33.53241013161765],[131.25576969968395,33.53068705690935],[131.26251477400965,33.534401146145946],[131.2632876147475,33.53493403200585],[131.26431555164893,33.53626446338688],[131.26432019447867,33.53925259263633],[131.26378981941116,33.53975855517505],[131.26420415126245,33.541910632502834],[131.26283948495697,33.54212141288757],[131.2631597670122,33.542491933883376],[131.2635775775227,33.544321020293935],[131.2624521574593,33.54450159595287],[131.26252423865338,33.54488750749485],[131.26168236214858,33.54500805370229],[131.26184394137545,33.545668429880934],[131.26120622499278,33.54587765228346],[131.26110116656022,33.54632331622939],[131.26064256729387,33.547133490411596],[131.26095393927508,33.54748173736772],[131.26134616178516,33.54818618307848],[131.26138441578792,33.549114078491186],[131.26171033391762,33.54987434861388],[131.26157893659334,33.55040171205449],[131.26205906580063,33.55084614224087],[131.26171204588505,33.55191221256054],[131.2619705384305,33.5523645076074],[131.26218244648072,33.55353333803018],[131.2621581773786,33.55377761366813]]]},"properties":{"KEY_CODE":"442110720","PREF":"44","CITY":"211","CITY_NAME":"宇佐市","S_NAME":"大字清水","SETAI":"45"}},{"type":"Feature","geometry":{"type":"Polygon","coordinates":[[[131.26668265568506,33.55412070368297],[131.26564305363294,33.55462134432141],[131.26556679140037,33.55409456003156],[131.26487680678548,33.55447240615669],[131.26341577992173,33.554377839105435],[131.2631925858322,33.55369677928388],[131.26219877750887,33.553313664062316],[131.26221909069994,33.55369482107996],[131.2621581773786,33.55377761366813],[131.26218244648072,33.55353333803018],[131.26211788740252,33.552709437233],[131.2619705384305,33.5523645076074],[131.26171204588505,33.55191221256054],[131.26205906580063,33.55084614224087],[131.26157893659334,33.55040171205449],[131.26171033391762,33.54987434861388],[131.26138441578792,33.549114078491186],[131.26134616178516,33.54818618307848],[131.26095393927508,33.54748173736772],[131.26064256729387,33.547133490411596],[131.26110116656022,33.54632331622939],[131.26120622499278,33.54587765228346],[131.26184394137545,33.545668429880934],[131.26168236214858,33.54500805370229],[131.26252423865338,33.54488750749485],[131.26245215745928,33.54450159595287],[131.2635775775227,33.544321020293935],[131.26315976701218,33.542491933883376],[131.26283948495697,33.54212141288757],[131.26420415126242,33.541910632502834],[131.26378981941116,33.53975855517505],[131.26432019447867,33.53925259263633],[131.26431555164893,33.53626446338688],[131.26429901935,33.5362222312756],[131.2648826695332,33.537466990235075],[131.26587541740318,33.538329801455845],[131.27112214308642,33.541927348934756],[131.27172393023102,33.54302361104095],[131.27051424100935,33.543443811531944],[131.27041926085994,33.54497109173276],[131.2711982836995,33.54578660131573],[131.26928645897897,33.54686439038683],[131.2673417322278,33.547914640945685],[131.27014534421028,33.55089606142037],[131.27098449347454,33.55178072533707],[131.2698746765389,33.55247943423018],[131.26978789102975,33.552552461271866],[131.268490725929,33.552457074386055],[131.2677321005451,33.55164617125324],[131.26756139900252,33.5515008057035],[131.2674805055424,33.55145950273469],[131.26657552907574,33.55157938035116],[131.2671252929015,33.55291015044677],[131.2678647905486,33.5529128498685],[131.26782806121537,33.553544449430326],[131.26668265568506,33.55412070368297]]]},"properties":{"KEY_CODE":"442110730","PREF":"44","CITY":"211","CITY_NAME":"宇佐市","S_NAME":"大字木部","SETAI":"60"}},{"type":"Feature","geometry":{"type":"Polygon","coordinates":[[[131.27490571633845,33.532825091465135],[131.27478393900836,33.53335161037638],[131.2738178404029,33.53423359206638],[131.27088251990892,33.53440135958344],[131.2710641942549,33.5346404706207],[131.268577835599,33.53465564848571],[131.26791346820494,33.533970894313846],[131.26749332631917,33.536322056116845],[131.26813489051773,33.53648769209827],[131.26809440122705,33.53721553108163],[131.26894389181604,33.53781615632931],[131.27011670940573,33.53930489132331],[131.2704899464509,33.540210755914146],[131.27259717442087,33.54208514647144],[131.27359522755054,33.542333520962195],[131.27483085550767,33.54336275801761],[131.27385695370205,33.54400316108883],[131.27487909475,33.545104439705824],[131.27391204174697,33.54566730309337],[131.27441214592884,33.54611953955221],[131.27077175287127,33.54843260610912],[131.26928645897897,33.54686439038683],[131.2711982836995,33.54578660131573],[131.27041926085994,33.54497109173276],[131.27051424100935,33.543443811531944],[131.27172393023102,33.54302361104095],[131.27112214308642,33.541927348934756],[131.26587541740318,33.538329801455845],[131.2648826695332,33.537466990235075],[131.26429901935,33.5362222312756],[131.2632876147475,33.53493403200585],[131.26251477400965,33.534401146145946],[131.25576969968395,33.53068705690935],[131.25646467105454,33.52993718189098],[131.25687154346105,33.52813599819809],[131.25673873553308,33.52668486638669],[131.2568141756134,33.5259330274877],[131.25720243548471,33.52461257833146],[131.257168743346,33.523710637807184],[131.2583358883576,33.52273563791127],[131.2588431042596,33.5219141741913],[131.2597102618928,33.521414975011716],[131.2607166531637,33.520061653911725],[131.2607539277122,33.51918922815133],[131.2613904984083,33.518660785979094],[131.26105857144626,33.51732515557648],[131.26170684098923,33.51627328589431],[131.26288408597193,33.51576595074457],[131.26294397799558,33.51505310142027],[131.2640457458774,33.514505094245294],[131.26445609742635,33.512462597187096],[131.26499016695658,33.51176729497993],[131.26680263560573,33.51324079825945],[131.26929682305374,33.515904364038924],[131.26982981311454,33.5177258136754],[131.27076966986795,33.51927167414101],[131.27060902551818,33.52034482511826],[131.27163221053195,33.5215972384775],[131.27242577256104,33.52310258747944],[131.27374480056073,33.52398686168793],[131.27411902656578,33.524609646509504],[131.27409432310475,33.52661793561513],[131.27440583691276,33.527025579145985],[131.27498307154605,33.530172101986444],[131.27521543823852,33.5307729322136],[131.27466646121906,33.53237403831475],[131.27490571633845,33.532825091465135]]]},"properties":{"KEY_CODE":"442110740","PREF":"44","CITY":"211","CITY_NAME":"宇佐市","S_NAME":"大字今仁","SETAI":"43"}},{"type":"Feature","geometry":{"type":"Polygon","coordinates":[[[131.27242830611942,33.55176516668553],[131.27148651383723,33.552367463940136],[131.27127613551644,33.55271722378424],[131.2712081479183,33.5526713848716],[131.27088809895082,33.552298747421325],[131.27203790460038,33.551680495102985],[131.27270319411298,33.551352640357734],[131.27190593835815,33.55109995678],[131.27273060313323,33.55054936238555],[131.27077175287127,33.54843260610912],[131.27441214592884,33.54611953955221],[131.27391204174697,33.54566730309337],[131.27487909475,33.545104439705824],[131.27385695370205,33.54400316108883],[131.27483085550767,33.54336275801761],[131.27359522755054,33.542333520962195],[131.27259717442087,33.54208514647144],[131.2704899464509,33.540210755914146],[131.27011670940573,33.53930489132331],[131.26894389181604,33.53781615632931],[131.26809440122705,33.53721553108163],[131.26813489051773,33.53648769209827],[131.26749332631917,33.536322056116845],[131.26791346820494,33.533970894313846],[131.268577835599,33.53465564848571],[131.2710641942549,33.5346404706207],[131.27088251990892,33.53440135958344],[131.2738178404029,33.53423359206638],[131.27478393900836,33.53335161037638],[131.27490571633845,33.532825091465135],[131.27645947708817,33.53451187276459],[131.27602873079863,33.535656138875886],[131.27695003427192,33.53684564461555],[131.27706700988526,33.54017874422516],[131.27734183216705,33.54017813110629],[131.2785120287723,33.542937258676986],[131.27944278565013,33.5428906143595],[131.27981587262164,33.542910205496604],[131.27935021267587,33.54430709600465],[131.28041267087696,33.54534719876793],[131.28081330215198,33.54623223946385],[131.27945215714064,33.547948724395866],[131.27869431470668,33.54833303201575],[131.27779690406524,33.54808336450723],[131.27692540960624,33.54862921565558],[131.27678410758597,33.549385555777704],[131.27311913728025,33.55176538417979],[131.27242830611942,33.55176516668553]]]},"properties":{"KEY_CODE":"442110750","PREF":"44","CITY":"211","CITY_NAME":"宇佐市","S_NAME":"大字佐野","SETAI":"101"}},{"type":"Feature","geometry":{"type":"Polygon","coordinates":[[[131.28702724738406,33.54338956019108],[131.2851345157718,33.54409017064477],[131.2814126821876,33.54575432172267],[131.28081330215198,33.54623223946385],[131.28041267087696,33.54534719876793],[131.27935021267587,33.54430709600465],[131.27981587262164,33.542910205496604],[131.27944278565013,33.5428906143595],[131.27939156024607,33.5420590004153],[131.28049616125682,33.54203612021044],[131.28048437145503,33.540100563705664],[131.28393720570395,33.540029603076825],[131.2839798213721,33.54086472260801],[131.28510534570634,33.54074334162083],[131.28511718704962,33.54164904890773],[131.28622539055988,33.541653938874255],[131.28625387598092,33.54222552774074],[131.28804566412987,33.54270930828671],[131.28702724738406,33.54338956019108]]]},"properties":{"KEY_CODE":"442110760","PREF":"44","CITY":"211","CITY_NAME":"宇佐市","S_NAME":"大字大根川","SETAI":"57"}},{"type":"Feature","geometry":{"type":"Polygon","coordinates":[[[131.29142336248245,33.541449307289554],[131.2906200324436,33.54324473915259],[131.29192395652626,33.54569270017462],[131.2919654674592,33.54720270395286],[131.29073576653073,33.547176589146545],[131.2895177676399,33.547179034023976],[131.2892910008241,33.5470965790961],[131.28836854842154,33.54638159814735],[131.2892869508451,33.54574505550477],[131.28910120646844,33.54486634812851],[131.28847036271725,33.54414727203584],[131.28702724738406,33.54338956019108],[131.28804566412987,33.54270930828671],[131.28625387598092,33.54222552774074],[131.28622539055988,33.541653938874255],[131.28511718704962,33.54164904890773],[131.28510534570634,33.54074334162083],[131.2839798213721,33.54086472260801],[131.28393720570395,33.540029603076825],[131.28048437145503,33.540100563705664],[131.28049616125682,33.54203612021044],[131.27939156024607,33.5420590004153],[131.27944278565013,33.5428906143595],[131.2785120287723,33.542937258676986],[131.27734183216705,33.54017813110629],[131.27706700988526,33.54017874422516],[131.27695003427192,33.53684564461555],[131.27602873079863,33.535656138875886],[131.27645947708817,33.53451187276459],[131.27490571633845,33.532825091465135],[131.27466646121906,33.53237403831475],[131.27521543823852,33.5307729322136],[131.27498307154605,33.530172101986444],[131.27440583691276,33.527025579145985],[131.27409432310475,33.52661793561513],[131.27411902656578,33.524609646509504],[131.27374480056073,33.52398686168793],[131.27242577256104,33.52310258747944],[131.27163221053195,33.5215972384775],[131.27060902551818,33.52034482511826],[131.27076966986795,33.51927167414101],[131.26982981311454,33.5177258136754],[131.26929682305374,33.515904364038924],[131.26680263560573,33.51324079825945],[131.26499016695658,33.51176729497993],[131.26660509592463,33.51095832839644],[131.26662905491023,33.50865308160351],[131.2664227685099,33.50784429445983],[131.26727187711955,33.507307926540356],[131.26823107626342,33.50582411664314],[131.26877678484624,33.50533358639873],[131.26928638602493,33.5039144603419],[131.2700109137553,33.50322988060526],[131.2702072488146,33.502238328264795],[131.27154832784066,33.50106420845108],[131.27282349657418,33.49895841157687],[131.27290648810393,33.4989793636577],[131.27336757924095,33.49886965442364],[131.27477302485428,33.49872158587428],[131.27660210116235,33.499155453966516],[131.27681975981588,33.49958387183086],[131.27834957615931,33.49999118556615],[131.27921945977238,33.5003305382673],[131.28036734520396,33.50079310061172],[131.2810247842908,33.50120840128218],[131.2820861689145,33.50167110334972],[131.282780692537,33.50239439712088],[131.28361642456125,33.50312863467246],[131.28410942571747,33.5038099716321],[131.28457387290283,33.50415849058267],[131.28616746254795,33.50580912348413],[131.28689405810715,33.50639429010179],[131.28768790309007,33.50723222951792],[131.28803831101973,33.50743915967585],[131.2887411278338,33.50797854506343],[131.2891420455157,33.508313845106706],[131.28922269560402,33.50901281760946],[131.2892308924955,33.50985454046629],[131.28935742163668,33.510334216103985],[131.28975078482267,33.51105482926556],[131.29135819448211,33.51275036017865],[131.29182159508528,33.513365095687924],[131.29224776225027,33.51389555866383],[131.29270858046854,33.514294876513816],[131.29302226364945,33.515201454414445],[131.29279346126867,33.516247346663505],[131.2919054196842,33.51886513011241],[131.29162587934593,33.520897684235116],[131.29197681635296,33.522435515821456],[131.29194409993153,33.52396069015669],[131.29239943854932,33.52440310226486],[131.29307254043988,33.52542916591576],[131.29360936301273,33.527099098005195],[131.29493769263544,33.528977925655916],[131.29519529006873,33.529917537385245],[131.29514566614344,33.53130228625632],[131.2945754386112,33.533571035054294],[131.2933581060287,33.53428226480658],[131.29289488738618,33.534509344717584],[131.29148531235305,33.53662052797284],[131.29130958991297,33.53780320342537],[131.29135083945346,33.53882356015434],[131.29143308585466,33.539183163374894],[131.2914942692731,33.5398631555307],[131.29129728542782,33.54058859235448],[131.29082770417625,33.54161450040798],[131.29094349954792,33.54173769057762],[131.2909474400246,33.54174394429905],[131.2913645432584,33.541495122305236],[131.29142336248245,33.541449307289554]]]},"properties":{"KEY_CODE":"442110770","PREF":"44","CITY":"211","CITY_NAME":"宇佐市","S_NAME":"大字赤尾","SETAI":"189"}},{"type":"Feature","geometry":{"type":"Polygon","coordinates":[[[131.28368778557203,33.564180748236296],[131.280498894681,33.56583588823602],[131.28015705049012,33.56597071094127],[131.27802245389407,33.56445115050379],[131.27667228086503,33.56508310854681],[131.27733047754998,33.563049940259894],[131.27638956500027,33.56332411739211],[131.2751487112787,33.561758002896575],[131.27401039331212,33.55920316488397],[131.27263504752594,33.55771527842618],[131.27353888964822,33.55692250223167],[131.27311531022423,33.55616401444355],[131.2736074498752,33.555747776228856],[131.27301722392664,33.55415465481662],[131.27229666235272,33.5531049352937],[131.27091429140737,33.55333939650605],[131.26989744464348,33.55398936742832],[131.26973977553558,33.555143321699106],[131.26879400906884,33.55471510058728],[131.2694405822623,33.55416660760689],[131.26907879245258,33.554020198098286],[131.26829706541074,33.554299821047856],[131.26792801922315,33.55453321842789],[131.26763270771553,33.55432918186756],[131.26702505945943,33.5542711738626],[131.26677467403175,33.55420891166847],[131.26668265568506,33.55412070368297],[131.26782806121537,33.553544449430326],[131.2678647905486,33.5529128498685],[131.2671252929015,33.55291015044677],[131.26657552907574,33.55157938035116],[131.2674805055424,33.55145950273469],[131.26756139900252,33.5515008057035],[131.2677321005451,33.55164617125324],[131.268490725929,33.552457074386055],[131.26978789102975,33.552552461271866],[131.2698746765389,33.55247943423018],[131.27098449347454,33.55178072533709],[131.27014534421028,33.55089606142037],[131.2673417322278,33.547914640945685],[131.26928645897897,33.54686439038683],[131.27273060313323,33.55054936238557],[131.27190593835815,33.551099956780014],[131.27270319411298,33.551352640357734],[131.27203790460038,33.551680495102985],[131.27088809895082,33.552298747421325],[131.2712081479183,33.5526713848716],[131.27127613551644,33.55271722378424],[131.27148651383723,33.552367463940136],[131.27242830611942,33.55176516668553],[131.27311913728025,33.55176538417979],[131.27366298998658,33.552394586400894],[131.27354729806763,33.553078985242074],[131.27387135099588,33.55368352282556],[131.27458457805002,33.5543694093851],[131.27635450661637,33.555023369265406],[131.27946624295612,33.55542842072372],[131.28065701914662,33.55574407681541],[131.2815917736565,33.55614835902004],[131.28317473770082,33.55748816935092],[131.2852418941781,33.559806270297656],[131.28568678591412,33.560354008940706],[131.286443429847,33.56223703256327],[131.2860333184683,33.56296492098449],[131.28368778557203,33.564180748236296]]]},"properties":{"KEY_CODE":"442110780","PREF":"44","CITY":"211","CITY_NAME":"宇佐市","S_NAME":"大字富山","SETAI":"140"}},{"type":"Feature","geometry":{"type":"Polygon","coordinates":[[[131.27910250379662,33.55473529508906],[131.27946624295612,33.55542842072372],[131.27635450661637,33.555023369265406],[131.27458457805002,33.5543694093851],[131.27387135099588,33.55368352282556],[131.27354729806763,33.553078985242074],[131.27366298998658,33.552394586400894],[131.27311913728025,33.55176538417979],[131.27678410758597,33.549385555777704],[131.27692540960624,33.54862921565558],[131.27779690406524,33.54808336450723],[131.27869431470668,33.54833303201575],[131.27945215714064,33.547948724395866],[131.28081330215198,33.54623223946385],[131.2814126821876,33.54575432172267],[131.2851345157718,33.54409017064477],[131.28702724738406,33.54338956019108],[131.28847036271725,33.54414727203584],[131.28910120646844,33.54486634812851],[131.2892869508451,33.54574505550477],[131.28836854842154,33.54638159814735],[131.2874997090042,33.54689921454468],[131.2856769758891,33.547910887488705],[131.28504442771683,33.54710635484302],[131.2848184986264,33.547278755303125],[131.28484785741844,33.54759867936891],[131.28479331436083,33.54823293660765],[131.28428253403592,33.54786667075788],[131.28438097200714,33.547670893246334],[131.28407655226894,33.54755303263407],[131.28395739115808,33.54761937964646],[131.2836979852262,33.547787557257905],[131.28405160259558,33.548679132149104],[131.28278739826254,33.54951172956596],[131.28318571365008,33.550115299522844],[131.2832493046757,33.550079580294906],[131.28360286695684,33.549978043165105],[131.28376739574452,33.5505110646636],[131.28342754185164,33.55047626380247],[131.2828424061438,33.55029158958722],[131.28286144594964,33.55010501128424],[131.2825019879135,33.55043222711343],[131.28225368544375,33.55067420192492],[131.28207115760424,33.55099006164966],[131.28152150740007,33.55128755526129],[131.28091054045342,33.55052948574066],[131.28035332628363,33.550829912418095],[131.27991563059118,33.55118054382527],[131.27981729019373,33.55141192555482],[131.2797679675289,33.55148314792959],[131.2795693191824,33.55134133689107],[131.27918732658497,33.55140147045501],[131.27993118477053,33.552712512082444],[131.27990356260108,33.55292591261704],[131.2798071131691,33.55374397954622],[131.27935393193655,33.553685754611934],[131.27910250379662,33.55473529508906]]]},"properties":{"KEY_CODE":"442110790","PREF":"44","CITY":"211","CITY_NAME":"宇佐市","S_NAME":"大字南敷田","SETAI":"69"}},{"type":"Feature","geometry":{"type":"Polygon","coordinates":[[[131.2895036448093,33.55038228202324],[131.28842270455127,33.550983382882414],[131.2883723437489,33.554995690728],[131.2853625917737,33.55455810607994],[131.28541606927357,33.55510572752309],[131.284406641241,33.555511495501825],[131.28263970103635,33.55523402209811],[131.2828840206534,33.554190405691436],[131.28053666290836,33.553902352680666],[131.27998187065526,33.55553338557962],[131.27946624295612,33.55542842072372],[131.27910250379662,33.55473529508906],[131.27935393193655,33.553685754611934],[131.2798071131691,33.553743979546226],[131.27990356260108,33.55292591261704],[131.27993118477053,33.552712512082444],[131.27918732658497,33.55140147045501],[131.2795693191824,33.55134133689107],[131.2797679675289,33.55148314792959],[131.27981729019373,33.55141192555482],[131.27991563059118,33.55118054382527],[131.28035332628363,33.550829912418095],[131.28091054045342,33.55052948574066],[131.28152150740007,33.551287555261275],[131.28207115760424,33.55099006164966],[131.28225368544375,33.55067420192492],[131.2825019879135,33.55043222711343],[131.28286144594964,33.55010501128424],[131.2828424061438,33.55029158958722],[131.28342754185164,33.55047626380247],[131.28376739574452,33.5505110646636],[131.28360286695684,33.549978043165105],[131.2832493046757,33.550079580294906],[131.28318571365008,33.550115299522844],[131.28278739826254,33.54951172956597],[131.28405160259558,33.548679132149104],[131.2836979852262,33.547787557257905],[131.28395739115808,33.54761937964646],[131.28407655226894,33.54755303263407],[131.28438097200714,33.547670893246334],[131.28428253403592,33.54786667075788],[131.28479331436083,33.54823293660765],[131.28484785741844,33.54759867936891],[131.2848184986264,33.547278755303125],[131.28504442771683,33.54710635484302],[131.2856769758891,33.547910887488726],[131.2874997090042,33.54689921454468],[131.28836854842154,33.54638159814735],[131.2892910008241,33.5470965790961],[131.2895177676399,33.547179034023976],[131.29073576653082,33.547176589146545],[131.290744912311,33.54872453317852],[131.29075118951792,33.54880295761239],[131.2907562176768,33.55030825774046],[131.2895036448093,33.55038228202324]]]},"properties":{"KEY_CODE":"442110800","PREF":"44","CITY":"211","CITY_NAME":"宇佐市","S_NAME":"大字上敷田","SETAI":"50"}},{"type":"Feature","geometry":{"type":"Polygon","coordinates":[[[131.29080257962468,33.55886297244562],[131.29001083991628,33.55917892498236],[131.2885502433116,33.55952308269209],[131.28753123875973,33.559620255118226],[131.28619340921065,33.55963520207005],[131.2852418941781,33.559806270297656],[131.28317473770082,33.55748816935092],[131.2815917736565,33.55614835902004],[131.28065701914662,33.55574407681541],[131.27998187065526,33.55553338557962],[131.28053666290836,33.553902352680666],[131.2828840206534,33.554190405691436],[131.28263970103635,33.55523402209811],[131.284406641241,33.555511495501825],[131.28541606927357,33.55510572752309],[131.2853625917737,33.55455810607994],[131.2883723437489,33.554995690728],[131.28842270455127,33.550983382882414],[131.2895036448093,33.55038228202324],[131.28951773265945,33.552486156399205],[131.28953364058,33.55407145375921],[131.29077296141227,33.55425820682637],[131.29076770143297,33.555855388897065],[131.29080257962468,33.55886297244562]]]},"properties":{"KEY_CODE":"442110810","PREF":"44","CITY":"211","CITY_NAME":"宇佐市","S_NAME":"大字中敷田","SETAI":"45"}},{"type":"Feature","geometry":{"type":"Polygon","coordinates":[[[131.29079215601837,33.56944466339427],[131.28865767214882,33.56943483905843],[131.28776861647228,33.570314024984846],[131.2863075872379,33.570581101756616],[131.28651480163285,33.56902198544591],[131.28571312922153,33.568508213699715],[131.2856051243922,33.56689350161689],[131.28477075450772,33.566116088946266],[131.28279173224817,33.567080668737596],[131.2814958264576,33.56531880397397],[131.28368778557203,33.564180748236296],[131.2860333184683,33.56296492098449],[131.286443429847,33.56223703256327],[131.28568678591412,33.560354008940706],[131.2852418941781,33.559806270297656],[131.28619340921065,33.55963520207005],[131.28753123875973,33.559620255118226],[131.2885502433116,33.55952308269209],[131.29001083991628,33.55917892498236],[131.2907884002551,33.55886864100093],[131.29079448549908,33.56158810637124],[131.29246881346353,33.563872868484715],[131.29207876056964,33.564712379856395],[131.2920430357662,33.56775570077514],[131.2908044568015,33.56784154808399],[131.29079215601837,33.56944466339427]]]},"properties":{"KEY_CODE":"442110820","PREF":"44","CITY":"211","CITY_NAME":"宇佐市","S_NAME":"大字下敷田","SETAI":"100"}},{"type":"Feature","geometry":{"type":"Polygon","coordinates":[[[131.29220357506748,33.580179221225386],[131.29104100314942,33.57913600875525],[131.28940281089604,33.57888106516446],[131.28801034847444,33.57931439099446],[131.28599754511743,33.57946422579788],[131.2854141522421,33.58025361617128],[131.28257524825995,33.58014649517585],[131.28091765157458,33.58057219599973],[131.27877259324117,33.58083941438945],[131.2778950949938,33.57943968351609],[131.2777222990472,33.579152130038395],[131.27723957004486,33.57862843598523],[131.27670367409192,33.575043358961345],[131.2778290560198,33.57328930023623],[131.27640889716454,33.5719517982771],[131.27671309912353,33.57176547099974],[131.27652897783412,33.570628839406005],[131.27683827558604,33.569974115134855],[131.27835348325905,33.56964927728355],[131.27833069765197,33.568648952329255],[131.27754320196524,33.56749349044429],[131.27665482236185,33.567902381006455],[131.27661307547473,33.56711762490213],[131.27581965689185,33.56566143939851],[131.27667228086503,33.56508310854681],[131.27802245389407,33.56445115050379],[131.28015705049012,33.56597071094127],[131.280498894681,33.56583588823602],[131.2814958264576,33.56531880397397],[131.28279173224817,33.567080668737596],[131.28477075450772,33.566116088946266],[131.2856051243922,33.56689350161689],[131.28571312922153,33.568508213699715],[131.28651480163285,33.56902198544591],[131.2863075872379,33.570581101756616],[131.28776861647228,33.570314024984846],[131.28865767214882,33.56943483905843],[131.29079215601837,33.56944466339427],[131.29081581724466,33.57403943018019],[131.28963978724647,33.574061934275576],[131.28962441989236,33.57493840551738],[131.2900636469026,33.575799440601244],[131.29125062633705,33.57642956597217],[131.29108255066947,33.577086802835666],[131.28898906245846,33.576916370288124],[131.28891738192394,33.57620666526318],[131.28823673614497,33.57613455310759],[131.28791244300012,33.576977706041696],[131.28924920267966,33.576995560229115],[131.2891973838626,33.577364920815526],[131.29129446608292,33.577310429442306],[131.290852801181,33.57789136839235],[131.29160590558166,33.57877398000238],[131.29220357506748,33.580179221225386]]]},"properties":{"KEY_CODE":"442110830","PREF":"44","CITY":"211","CITY_NAME":"宇佐市","S_NAME":"大字宮熊","SETAI":"112"}},{"type":"Feature","geometry":{"type":"Polygon","coordinates":[[[131.29968974885247,33.58230665912277],[131.2990678296027,33.58212402104184],[131.29805070446514,33.58081002375992],[131.2975204425574,33.58072926512728],[131.2948693507392,33.581028631471455],[131.29491939325484,33.58085899091109],[131.29220357506748,33.580179221225386],[131.29160590558166,33.57877398000238],[131.290852801181,33.57789136839235],[131.29129446608292,33.577310429442306],[131.2891973838626,33.577364920815526],[131.28924920267966,33.576995560229115],[131.28791244300012,33.576977706041696],[131.28823673614497,33.57613455310759],[131.28891738192394,33.57620666526318],[131.28898906245846,33.576916370288124],[131.29108255066947,33.577086802835666],[131.29125062633705,33.57642956597217],[131.2900636469026,33.575799440601244],[131.28962441989236,33.57493840551738],[131.28963978724647,33.574061934275576],[131.29081581724466,33.57403943018019],[131.29079215601837,33.56944466339427],[131.2908044568015,33.56784154808399],[131.2920430357662,33.56775570077514],[131.29207876056964,33.564712379856395],[131.29246881346353,33.563872868484715],[131.29079448549908,33.56158810637124],[131.29659854457748,33.5615547418111],[131.29664986745897,33.56207614994223],[131.29933621707806,33.56205492443513],[131.3003003009219,33.56181594469705],[131.30023048713974,33.56272835831227],[131.29872443069715,33.56528630216268],[131.29740466693713,33.56852528726518],[131.29696040770455,33.57006423530919],[131.29716353262964,33.572520291435744],[131.29692024679403,33.573290433925024],[131.29588573226252,33.5756465593673],[131.29628962076157,33.57781465752586],[131.2982720862596,33.58010826380893],[131.29968974885247,33.58230665912277]]]},"properties":{"KEY_CODE":"442110840","PREF":"44","CITY":"211","CITY_NAME":"宇佐市","S_NAME":"大字下庄","SETAI":"141"}},{"type":"Feature","geometry":{"type":"Polygon","coordinates":[[[131.3003003009219,33.56181594469705],[131.29933621707806,33.56205492443513],[131.29664986745897,33.56207614994223],[131.29659854457748,33.5615547418111],[131.29079448549908,33.56158810637124],[131.2907884002551,33.55886864100093],[131.29080257962468,33.55886297244562],[131.29076770143297,33.555855388897065],[131.29077296141227,33.55425820682639],[131.28953364058003,33.55407145375921],[131.28951773265945,33.552486156399205],[131.2895036448093,33.55038228202324],[131.2907562176768,33.550308257740475],[131.29075118951792,33.54880295761239],[131.290744912311,33.54872453317852],[131.29314358790717,33.5487176160411],[131.29310498403515,33.54839060289678],[131.293761367022,33.548404731524904],[131.29376866204817,33.548716145609376],[131.29634432646347,33.54883304978756],[131.29635311045564,33.54865769544025],[131.29693782658012,33.548737419804425],[131.29692304990138,33.548986086341515],[131.29689197375015,33.54903846482352],[131.29678901836326,33.54909369065006],[131.2977566772901,33.549197368408194],[131.29774471240592,33.54752516520342],[131.2980064594602,33.54729951007114],[131.29806816623696,33.54707168840295],[131.29898911311395,33.54631711167854],[131.29894395459408,33.54782351568379],[131.29851763584415,33.54940687999008],[131.29852932032767,33.55027412011167],[131.2990889178751,33.55190946803121],[131.3001973148105,33.553127626953646],[131.3006701164381,33.554195185292436],[131.300911320957,33.55491569858211],[131.3008476755299,33.555955948518076],[131.30082087839108,33.5563945579299],[131.30011723793842,33.5586394230226],[131.3001665473878,33.56073499759398],[131.3003003009219,33.56181594469705]]]},"properties":{"KEY_CODE":"442110850","PREF":"44","CITY":"211","CITY_NAME":"宇佐市","S_NAME":"大字上庄","SETAI":"75"}},{"type":"Feature","geometry":{"type":"Polygon","coordinates":[[[131.32381025089109,33.565071748676615],[131.32296895665917,33.56648999168915],[131.32178630281464,33.56660433214438],[131.322426974049,33.56618345511774],[131.3231362497297,33.56458654571992],[131.3214751660691,33.5644778043603],[131.31990743908213,33.56491406575206],[131.31997368064125,33.56595807626946],[131.31920497514446,33.56604391242316],[131.3189903617319,33.56516343585107],[131.31647130347005,33.56544540761503],[131.31648093513752,33.567069065784175],[131.31399099602075,33.5669312645575],[131.3047653728284,33.56593701154614],[131.3043638407436,33.56589062327341],[131.30437204155143,33.5647187068724],[131.30321192348418,33.564715976429135],[131.3031922727331,33.561660083195946],[131.30437353047913,33.560957486230635],[131.3072389307668,33.56114278787063],[131.31134524629556,33.56111960612996],[131.3164613492592,33.56110000140459],[131.31646191331976,33.56039081397441],[131.32230885790327,33.56033782020543],[131.32228413299575,33.5635983163339],[131.32306881015165,33.56382480695558],[131.3238445186246,33.564988533880246],[131.32381025089109,33.565071748676615]]]},"properties":{"KEY_CODE":"442110860","PREF":"44","CITY":"211","CITY_NAME":"宇佐市","S_NAME":"大字上高家","SETAI":"176"}},{"type":"Feature","geometry":{"type":"Polygon","coordinates":[[[131.31421390309433,33.57203022558149],[131.31323059796156,33.5719237726341],[131.31301639085808,33.57268295052355],[131.310931132528,33.57210626582119],[131.31084347075077,33.57310748170805],[131.3087771898991,33.57294808339483],[131.30887179510282,33.572540758717196],[131.3089153862998,33.57213863002294],[131.30889107813056,33.572053240595785],[131.30878536633543,33.571870072487584],[131.30707581653417,33.57185042906503],[131.30705231515032,33.570267906029535],[131.30592677209864,33.57026265470794],[131.30592104197478,33.56863493414682],[131.30477317681937,33.56862387817778],[131.30476198220637,33.567494662890915],[131.3047653728284,33.56593701154614],[131.31399099602075,33.5669312645575],[131.31648093513752,33.567069065784175],[131.31647130347005,33.56544540761503],[131.3189903617319,33.56516343585107],[131.31920497514446,33.56604391242316],[131.31997368064125,33.56595807626946],[131.31990743908213,33.56491406575206],[131.3214751660691,33.5644778043603],[131.3231362497297,33.56458654571992],[131.322426974049,33.56618345511774],[131.32178630281464,33.56660433214438],[131.32296895665917,33.56648999168915],[131.32381025089109,33.565071748676615],[131.32485993682295,33.566313839322],[131.32353868486285,33.567174412799176],[131.3241380319459,33.56792764031775],[131.32365003965865,33.56822648713287],[131.3230444939851,33.56844134961402],[131.32015290623252,33.5681426010495],[131.32012941249192,33.569331884001485],[131.31965888260294,33.57141825150729],[131.31933217267763,33.57183326366096],[131.31717651581948,33.57183851334235],[131.31423302030709,33.57183043486949],[131.31421390309433,33.57203022558149]]]},"properties":{"KEY_CODE":"442110870","PREF":"44","CITY":"211","CITY_NAME":"宇佐市","S_NAME":"大字東高家","SETAI":"189"}},{"type":"Feature","geometry":{"type":"Polygon","coordinates":[[[131.30476198220637,33.567494662890915],[131.3036319926757,33.5674974287765],[131.3036334183361,33.57421775660812],[131.3040581671642,33.57426660712987],[131.3038402853488,33.57513618714179],[131.30306596002342,33.57537230199867],[131.30147972499137,33.57507103876466],[131.30131405960591,33.573289010957474],[131.29692024679403,33.573290433925024],[131.29716353262964,33.572520291435744],[131.29696040770455,33.57006423530919],[131.29740466693713,33.56852528726518],[131.29872443069715,33.56528630216268],[131.30023048713974,33.56272835831227],[131.3003003009219,33.56181594469705],[131.3001665473878,33.56073499759398],[131.30318643268697,33.5607026321309],[131.3031922727331,33.561660083195946],[131.30321192348418,33.564715976429135],[131.30437204155143,33.5647187068724],[131.3043638407436,33.56589062327341],[131.3047653728284,33.56593701154614],[131.30476198220637,33.567494662890915]]]},"properties":{"KEY_CODE":"442110880","PREF":"44","CITY":"211","CITY_NAME":"宇佐市","S_NAME":"大字西高家","SETAI":"56"}},{"type":"Feature","geometry":{"type":"Polygon","coordinates":[[[131.32494377907358,33.58143781486057],[131.32445297769505,33.5820845717816],[131.32304557217861,33.58310984766982],[131.32056210163745,33.583009886042106],[131.31948346168565,33.5826366780804],[131.3200313057848,33.58192294281398],[131.31972081067474,33.58156937852541],[131.3174868449115,33.58088216619835],[131.31793226079247,33.579879746504496],[131.3194462048736,33.58044123129613],[131.32084863519674,33.58071237613748],[131.32233044302976,33.580688738340704],[131.32152896081953,33.58032754316068],[131.32135368978265,33.57946682909703],[131.32038194288253,33.57849651911587],[131.32013435482432,33.576346917993504],[131.3209887015294,33.57656980992281],[131.32071167534187,33.57595295195151],[131.32155784422926,33.575862671103174],[131.32256090696896,33.575200401180055],[131.323733442117,33.57520115250825],[131.32287506858327,33.57442774051077],[131.32143612713796,33.57461882368616],[131.32160147296605,33.57517027776726],[131.320104234055,33.57550604416254],[131.3201504128981,33.5744447724361],[131.31575125859376,33.57567179858557],[131.3159278477716,33.57595076658928],[131.31375421160197,33.57683265613019],[131.31338223261986,33.576771540109114],[131.31283661839308,33.57660516496819],[131.31247859802423,33.576504216657355],[131.3124347295367,33.576885734604886],[131.31100905932078,33.57695065933564],[131.307039055611,33.5762055315666],[131.30717950607053,33.5783755085065],[131.3054917674057,33.578358610818746],[131.30563703354323,33.57982297915169],[131.3047142729096,33.5807667937433],[131.30263822547923,33.58070245343428],[131.30249043794544,33.58126093346019],[131.30049662431972,33.58254256270465],[131.29968974885247,33.58230665912277],[131.2982720862596,33.58010826380893],[131.29628962076157,33.57781465752586],[131.29588573226252,33.5756465593673],[131.29692024679403,33.573290433925024],[131.30131405960591,33.573289010957474],[131.30147972499137,33.57507103876466],[131.30306596002342,33.57537230199867],[131.3038402853488,33.57513618714179],[131.3040581671642,33.57426660712987],[131.3036334183361,33.57421775660812],[131.3036319926757,33.5674974287765],[131.30476198220637,33.567494662890915],[131.30477317681937,33.56862387817778],[131.30592104197478,33.56863493414682],[131.30592677209864,33.57026265470794],[131.30705231515032,33.570267906029535],[131.30707581653417,33.57185042906503],[131.30878536633543,33.571870072487584],[131.30889107813056,33.572053240595785],[131.3089153862998,33.57213863002294],[131.30887179510282,33.572540758717196],[131.3087771898991,33.57294808339483],[131.31084347075077,33.57310748170805],[131.310931132528,33.57210626582119],[131.31301639085808,33.57268295052355],[131.31323059796156,33.5719237726341],[131.31421390309433,33.57203022558149],[131.31423302030706,33.571830434869504],[131.31717651581948,33.57183851334235],[131.31933217267763,33.57183326366096],[131.31965888260294,33.57141825150729],[131.32012941249192,33.569331884001485],[131.32015290623252,33.5681426010495],[131.3230444939851,33.56844134961402],[131.32365003965865,33.56822648713287],[131.32459773849988,33.56850045014972],[131.32555406441506,33.56980202513529],[131.32033698702602,33.57272660510424],[131.3205447740655,33.57408438706153],[131.32312003159723,33.57404857721912],[131.32312073801177,33.5737670499696],[131.3246444828563,33.57377560871001],[131.32459605965462,33.57462651202191],[131.3252428518939,33.57461826699508],[131.32531611043538,33.57536283629313],[131.3245375806465,33.5756925065693],[131.3255724033496,33.57625249505922],[131.32600345477974,33.57703930412426],[131.3259099891676,33.579813114197854],[131.3251476382676,33.58048886864038],[131.32494377907358,33.58143781486057]]]},"properties":{"KEY_CODE":"442110890","PREF":"44","CITY":"211","CITY_NAME":"宇佐市","S_NAME":"大字下高家","SETAI":"269"}},{"type":"Feature","geometry":{"type":"Polygon","coordinates":[[[131.3174868449115,33.58088216619835],[131.31608327011415,33.581644531950424],[131.31332598210605,33.58206179004324],[131.31052532196026,33.58181097666513],[131.3047142729096,33.5807667937433],[131.30563703354323,33.57982297915169],[131.3054917674057,33.578358610818746],[131.30717950607053,33.5783755085065],[131.307039055611,33.5762055315666],[131.31100905932078,33.57695065933564],[131.3124347295367,33.576885734604886],[131.31247859802423,33.576504216657355],[131.31283661839308,33.57660516496819],[131.31338223261986,33.576771540109114],[131.31375421160197,33.57683265613019],[131.3159278477716,33.57595076658928],[131.31575125859376,33.57567179858557],[131.3201504128981,33.5744447724361],[131.320104234055,33.57550604416254],[131.32160147296605,33.57517027776726],[131.32143612713796,33.57461882368616],[131.32287506858327,33.57442774051077],[131.323733442117,33.57520115250825],[131.32256090696896,33.575200401180055],[131.32155784422926,33.575862671103174],[131.32071167534187,33.57595295195151],[131.3209887015294,33.57656980992281],[131.32013435482432,33.576346917993504],[131.32038194288253,33.57849651911587],[131.32135368978265,33.57946682909703],[131.32152896081953,33.58032754316068],[131.32233044302976,33.580688738340704],[131.32084863519674,33.58071237613748],[131.3194462048736,33.58044123129613],[131.31793226079247,33.579879746504496],[131.3174868449115,33.58088216619835]]]},"properties":{"KEY_CODE":"442110900","PREF":"44","CITY":"211","CITY_NAME":"宇佐市","S_NAME":"大字浜高家","SETAI":"101"}},{"type":"Feature","geometry":{"type":"Polygon","coordinates":[[[131.33071030137182,33.57178555400627],[131.32998413965757,33.57175547158042],[131.33039501436465,33.57281500975119],[131.3305185422745,33.5742867677194],[131.3275250619979,33.57459599867869],[131.32618185636295,33.5748774851037],[131.3252428518939,33.57461826699508],[131.32459605965462,33.57462651202191],[131.3246444828563,33.57377560871001],[131.32312073801177,33.5737670499696],[131.32312003159723,33.57404857721912],[131.3205447740655,33.57408438706153],[131.32033698702602,33.57272660510424],[131.32555406441506,33.56980202513529],[131.32459773849988,33.56850045014972],[131.32365003965865,33.56822648713287],[131.3241380319459,33.56792764031775],[131.32353868486285,33.567174412799176],[131.32485993682295,33.566313839322],[131.32381025089109,33.565071748676615],[131.3238445186246,33.564988533880246],[131.32503374515466,33.56364023860953],[131.32752706444165,33.56403009289909],[131.32754211924728,33.56526245842731],[131.33006082778294,33.56515106637482],[131.33178544576418,33.56359138747575],[131.33148440165974,33.56561374230832],[131.3306585569408,33.56568970321624],[131.33071030137182,33.57178555400627]]]},"properties":{"KEY_CODE":"442110910","PREF":"44","CITY":"211","CITY_NAME":"宇佐市","S_NAME":"大字尾永井","SETAI":"134"}},{"type":"Feature","geometry":{"type":"Polygon","coordinates":[[[131.34111406316515,33.57161673649611],[131.34022130854615,33.57164602831914],[131.33944670878026,33.572165734443495],[131.3390980976193,33.5733659166401],[131.3379610449712,33.57431486275969],[131.3361518494811,33.575281858846914],[131.3349980304148,33.576366989449504],[131.334987303798,33.57749773972154],[131.33575296150292,33.57909973437505],[131.3347342764453,33.58059475753601],[131.33374379228192,33.581307953774456],[131.33210982027148,33.57986486481533],[131.33161418187146,33.578852619630275],[131.33049340300943,33.57785101427175],[131.33013506649246,33.57679003706963],[131.33066486389794,33.57693381217509],[131.33204660394202,33.57573776367408],[131.33524027192885,33.574002750027994],[131.33559463937198,33.57440293253126],[131.33693644994634,33.573551473379574],[131.33631646629942,33.57292044685607],[131.33713712706222,33.57240916747791],[131.33673247550547,33.571947709085734],[131.3380299297036,33.571810733388325],[131.33778082377697,33.571183842257454],[131.34106476449156,33.570369697203944],[131.34111406316515,33.57161673649611]]]},"properties":{"KEY_CODE":"442110920","PREF":"44","CITY":"211","CITY_NAME":"宇佐市","S_NAME":"大字乙女新田","SETAI":"15"}},{"type":"Feature","geometry":{"type":"Polygon","coordinates":[[[131.33374379228192,33.581307953774456],[131.3324553894176,33.58131412245812],[131.33098347053502,33.581787807544764],[131.32913566256914,33.582001026740414],[131.32638968885416,33.58115710900594],[131.32494377907358,33.58143781486057],[131.3251476382676,33.58048886864038],[131.3259099891676,33.579813114197854],[131.32600345477974,33.57703930412426],[131.3255724033496,33.57625249505922],[131.3245375806465,33.5756925065693],[131.32531611043538,33.57536283629313],[131.3252428518939,33.57461826699508],[131.32618185636295,33.5748774851037],[131.3275250619979,33.57459599867869],[131.3305185422745,33.5742867677194],[131.33039501436465,33.57281500975119],[131.32998413965757,33.57175547158042],[131.33071030137182,33.57178555400627],[131.33205993672615,33.57204163956954],[131.3321220051383,33.572583639213114],[131.3331907392087,33.5733138453201],[131.33339501807734,33.571704295972125],[131.33302801235294,33.57173268385444],[131.33298191485113,33.56884956154231],[131.33363895005365,33.5688477954023],[131.3329836646835,33.56728818110671],[131.3344758650243,33.56674664468668],[131.33422534090153,33.566484319216165],[131.33390143437438,33.5653799719193],[131.3341885539902,33.56459163818877],[131.33487302086843,33.56403061777128],[131.33398607555688,33.563193049086465],[131.334053535247,33.561623971542836],[131.33688436717122,33.5617402452141],[131.33682087267303,33.56217324308278],[131.3387448453784,33.562441628536234],[131.3400059598573,33.561806897307946],[131.3408755087384,33.56179880163288],[131.34076017583766,33.564667298288846],[131.3447278372943,33.56431045134036],[131.34679038386116,33.56422802156488],[131.3501079321494,33.56438934073809],[131.34995818905037,33.566050402413204],[131.34887250312275,33.566041347523104],[131.34770457082914,33.56604030178887],[131.34770557496228,33.56614401721183],[131.34788197179142,33.56730755899982],[131.3479358881759,33.567527673064475],[131.34824984788446,33.56771852370437],[131.34656999573627,33.56783330825424],[131.3465148870173,33.566932787715764],[131.34546021791553,33.56693786064275],[131.3454558033581,33.56744689129343],[131.34431301834852,33.56745367476743],[131.34428617755313,33.56694349771007],[131.34087412927306,33.566925757754916],[131.34101245258648,33.569044344366205],[131.34106476449156,33.570369697203944],[131.33778082377697,33.571183842257454],[131.3380299297036,33.571810733388325],[131.33673247550547,33.571947709085734],[131.33713712706222,33.57240916747791],[131.33631646629942,33.57292044685607],[131.33693644994634,33.573551473379574],[131.33559463937198,33.57440293253126],[131.33524027192885,33.574002750027994],[131.33204660394202,33.57573776367408],[131.33066486389794,33.57693381217509],[131.33013506649246,33.57679003706963],[131.33049340300943,33.57785101427175],[131.33161418187146,33.578852619630275],[131.33210982027148,33.57986486481533],[131.33374379228192,33.581307953774456]]]},"properties":{"KEY_CODE":"442110930","PREF":"44","CITY":"211","CITY_NAME":"宇佐市","S_NAME":"大字下乙女","SETAI":"158"}},{"type":"Feature","geometry":{"type":"Polygon","coordinates":[[[131.3344758650243,33.56674664468668],[131.3329836646835,33.56728818110671],[131.33363895005365,33.5688477954023],[131.33298191485113,33.56884956154231],[131.33302801235294,33.57173268385444],[131.33339501807734,33.571704295972125],[131.3331907392087,33.5733138453201],[131.3321220051383,33.572583639213114],[131.33205993672615,33.57204163956954],[131.33071030137182,33.57178555400627],[131.3306585569408,33.56568970321624],[131.33148440165974,33.56561374230832],[131.33178544576418,33.56359138747575],[131.3314549596838,33.56009271104877],[131.33273469168327,33.560083786380254],[131.33272890630417,33.55818372854747],[131.33601341343592,33.55815694842852],[131.33589608064804,33.55699296622206],[131.3350244270227,33.556970797470534],[131.33503614855323,33.55629829424434],[131.3362079884834,33.55628072198555],[131.33710381913582,33.55627195045283],[131.3366972992069,33.557106337267335],[131.3373819825023,33.558024956962626],[131.33861150257573,33.55764380375327],[131.33864551052216,33.55845252124692],[131.34289951498283,33.55846349524284],[131.3429088765019,33.559979486298474],[131.34445989217437,33.55996162295535],[131.34477112886933,33.55960942283945],[131.34893327692242,33.55962626926561],[131.35009360667146,33.5596168657985],[131.3501298735067,33.56365226510805],[131.35012255106207,33.56423221126274],[131.3501079321494,33.56438934073809],[131.34679038386116,33.56422802156488],[131.3447278372943,33.56431045134036],[131.34076017583766,33.564667298288846],[131.3408755087384,33.56179880163288],[131.3400059598573,33.561806897307946],[131.3387448453784,33.562441628536234],[131.33682087267303,33.56217324308278],[131.33688436717122,33.5617402452141],[131.334053535247,33.561623971542836],[131.33398607555688,33.563193049086465],[131.33487302086843,33.56403061777128],[131.3341885539902,33.56459163818877],[131.33390143437438,33.5653799719193],[131.33422534090153,33.566484319216165],[131.3344758650243,33.56674664468668]]]},"properties":{"KEY_CODE":"442110940","PREF":"44","CITY":"211","CITY_NAME":"宇佐市","S_NAME":"大字上乙女","SETAI":"101"}},{"type":"Feature","geometry":{"type":"Polygon","coordinates":[[[131.34289951498283,33.55846349524284],[131.33864551052216,33.55845252124692],[131.33861150257573,33.55764380375327],[131.3373819825023,33.558024956962626],[131.3366972992069,33.557106337267335],[131.33710381913582,33.55627195045283],[131.3362079884834,33.55628072198555],[131.33568956321503,33.55522373551876],[131.3362369878621,33.55522038361591],[131.33586938955477,33.553123205679526],[131.3349563076325,33.553427036862175],[131.33494286963855,33.552546821211784],[131.33528114246954,33.55194427961633],[131.33484806591758,33.55109470527731],[131.3351671285592,33.549610967483645],[131.3360846218755,33.549507045300146],[131.33687113779848,33.54937973329628],[131.33709126736736,33.55031532934869],[131.33783728246883,33.550145757701024],[131.33837682338657,33.55015150198734],[131.34005007160496,33.55120278697542],[131.34131365089314,33.55074667282744],[131.34287217231795,33.550734403820634],[131.34289951498283,33.55846349524284]]]},"properties":{"KEY_CODE":"442110950","PREF":"44","CITY":"211","CITY_NAME":"宇佐市","S_NAME":"大字荒木","SETAI":"78"}},{"type":"Feature","geometry":{"type":"Polygon","coordinates":[[[131.33178544576418,33.56359138747575],[131.33006082778294,33.56515106637482],[131.32754211924728,33.56526245842731],[131.32752706444165,33.56403009289909],[131.32503374515466,33.56364023860953],[131.3238445186246,33.564988533880246],[131.32306881015165,33.56382480695558],[131.32228413299575,33.5635983163339],[131.32230885790327,33.56033782020543],[131.32291126256524,33.56022371975106],[131.3231429877644,33.55631883035308],[131.3245970608595,33.556299529965955],[131.32458214709217,33.55523876097537],[131.3275319636076,33.55523916695049],[131.32748934281312,33.550644002606475],[131.329526291125,33.55057346962559],[131.3304533353194,33.54876965333204],[131.33142672931044,33.54827602257734],[131.33173428112593,33.54869683813858],[131.3324056061828,33.54838814940088],[131.33316565418454,33.54878640516312],[131.33314454233795,33.54994465848961],[131.33355063975995,33.5502872958136],[131.334018736759,33.551964563355625],[131.33494286963855,33.552546821211784],[131.3349563076325,33.553427036862175],[131.33586938955477,33.553123205679526],[131.3362369878621,33.55522038361591],[131.33568956321503,33.55522373551876],[131.3362079884834,33.55628072198555],[131.33503614855323,33.55629829424434],[131.3350244270227,33.556970797470534],[131.33589608064804,33.55699296622206],[131.33601341343592,33.55815694842852],[131.33272890630417,33.55818372854747],[131.33273469168327,33.560083786380254],[131.3314549596838,33.56009271104877],[131.33178544576418,33.56359138747575]]]},"properties":{"KEY_CODE":"442110960","PREF":"44","CITY":"211","CITY_NAME":"宇佐市","S_NAME":"大字森山","SETAI":"318"}},{"type":"Feature","geometry":{"type":"Polygon","coordinates":[[[131.3062792699018,33.53986726780602],[131.3072809486153,33.54418313653387],[131.3062815422304,33.544208449614764],[131.30452260844837,33.54464859104066],[131.30295560008494,33.545314506461935],[131.3029121278082,33.54636802516392],[131.30212764878254,33.54700180370968],[131.3039131769981,33.54703050673774],[131.30376702170992,33.547820042961376],[131.30258022497713,33.547943277853015],[131.30299704328775,33.548391027417544],[131.3028346939833,33.54947998347459],[131.30197323189014,33.549573825361385],[131.30083597451616,33.55026008898896],[131.29852932032767,33.55027412011167],[131.29851763584415,33.54940687999008],[131.29894395459408,33.54782351568379],[131.29898911311395,33.54631711167854],[131.29806816623696,33.54707168840295],[131.2980064594602,33.54729951007114],[131.29774471240592,33.54752516520342],[131.2977566772901,33.549197368408194],[131.29678901836326,33.54909369065006],[131.29689197375015,33.54903846482352],[131.29692304990138,33.548986086341515],[131.29693782658012,33.548737419804425],[131.29635311045564,33.54865769544025],[131.29634432646344,33.54883304978756],[131.29376866204817,33.548716145609376],[131.293761367022,33.548404731524904],[131.29310498403515,33.54839060289678],[131.29314358790717,33.5487176160411],[131.290744912311,33.54872453317852],[131.29073576653073,33.547176589146545],[131.2919654674592,33.54720270395286],[131.29192395652626,33.54569270017462],[131.2906200324436,33.54324473915259],[131.29142336248245,33.541449307289554],[131.291489222334,33.541398004251256],[131.2934499292804,33.54084908096457],[131.29463044304123,33.540136511666084],[131.2950313173918,33.54028857012684],[131.29613088538,33.53936809383796],[131.29697254481724,33.53967488332909],[131.29763868039893,33.5392253752568],[131.2985265381646,33.539621366749564],[131.30170835847147,33.538369838391745],[131.30208890816397,33.537778591132835],[131.30549191026012,33.53642071670031],[131.30581286663494,33.53774105143125],[131.3062792699018,33.53986726780602]]]},"properties":{"KEY_CODE":"442110970","PREF":"44","CITY":"211","CITY_NAME":"宇佐市","S_NAME":"大字猿渡","SETAI":"105"}},{"type":"Feature","geometry":{"type":"Polygon","coordinates":[[[131.32511821612343,33.54824109173796],[131.32458631076844,33.54987733281434],[131.32480208336878,33.55056474557643],[131.32423310252253,33.55075198069909],[131.3231520781851,33.54846544968503],[131.3211782770779,33.54895468179538],[131.32083349816978,33.54818279828675],[131.3200047494303,33.548121683121025],[131.31927347243607,33.549013942559974],[131.31782402871627,33.54850892921436],[131.31677404667985,33.54993700962959],[131.3153102709729,33.55080504483054],[131.31433711864764,33.54925572422049],[131.31411734469458,33.548201061991605],[131.31246233915684,33.54839891133338],[131.31244912818718,33.546676219983276],[131.31222917421306,33.54687003656892],[131.31156341730463,33.54745685272006],[131.3114842394313,33.54745993904221],[131.31130848283695,33.547402722867126],[131.31129448779905,33.5473422468245],[131.31145769291135,33.546768219103015],[131.311618603048,33.54652566450329],[131.31162112502446,33.5462662521767],[131.31119004599321,33.54605114454652],[131.3109424850766,33.54613534819926],[131.310182875571,33.54646009646472],[131.30984197273625,33.54643787488179],[131.30935251797388,33.54528610891329],[131.3093590000808,33.544855294075695],[131.3093919903691,33.54477001154453],[131.30951695101862,33.54457802152108],[131.30962931142307,33.54446749460104],[131.30965153375476,33.54442418746878],[131.30950445089823,33.54420835806691],[131.30948274688234,33.544154380685264],[131.3095265674003,33.54389193496232],[131.30960359776472,33.54377068616051],[131.30971169475362,33.54367528062527],[131.30973988318465,33.54361829180529],[131.30974469273315,33.54351595928447],[131.30973037802133,33.54336319717993],[131.3098697468122,33.543108478219125],[131.3099451154569,33.543005966625294],[131.31001199122275,33.54293947724746],[131.31010400990917,33.54267550286275],[131.31010956097657,33.5425450608322],[131.31007670358065,33.5425018901705],[131.309981528643,33.54235655173869],[131.3101004243847,33.5421523183081],[131.31017731969146,33.54199359013336],[131.31027674590726,33.54188524237551],[131.31047417145143,33.54149776000354],[131.31067132086767,33.54102067009361],[131.30940701688425,33.54042789417034],[131.3081636551531,33.53985099910012],[131.30785737237312,33.53976247007668],[131.30728464481084,33.53969981197627],[131.3062792699018,33.53986726780602],[131.30581286663494,33.53774105143125],[131.30549191026012,33.53642071670031],[131.30562703888688,33.53619689949304],[131.3077690804901,33.53638795763221],[131.30923659027502,33.53519905495811],[131.31064832331623,33.53482258631021],[131.31112380548245,33.535301539896096],[131.31177472740853,33.53433561877325],[131.31284047254965,33.53639921938673],[131.31466403657151,33.53631613509033],[131.31540374413396,33.53836148013339],[131.3160665761207,33.538159695532066],[131.3166113975724,33.53902787365868],[131.3174053191689,33.539145952499894],[131.31801682416287,33.53979005000644],[131.31861164065865,33.54245037962822],[131.31955272380122,33.54258348192189],[131.31945953947357,33.54315966138096],[131.32066420972026,33.54229459262547],[131.32113020276847,33.542485519844476],[131.32042141900754,33.54383430499977],[131.3213080124988,33.54593111488165],[131.32401541366013,33.545894850344894],[131.32511821612343,33.54824109173796]]]},"properties":{"KEY_CODE":"442110980","PREF":"44","CITY":"211","CITY_NAME":"宇佐市","S_NAME":"大字上高","SETAI":"177"}},{"type":"Feature","geometry":{"type":"Polygon","coordinates":[[[131.32230885790327,33.56033782020543],[131.31646191331976,33.56039081397441],[131.3164613492592,33.56110000140459],[131.31134524629556,33.56111960612996],[131.3113137587789,33.5575664623051],[131.31014614153221,33.5575679783857],[131.31011333183613,33.55422764524522],[131.31011168028232,33.553402230964],[131.31128937335012,33.55339156391022],[131.31128411356994,33.55228900194028],[131.31127994494872,33.55038282190628],[131.31193902793615,33.55038116396705],[131.31245975454274,33.55024463478504],[131.31246233915684,33.54839891133338],[131.31411734469458,33.548201061991605],[131.31433711864764,33.54925572422049],[131.3153102709729,33.55080504483054],[131.31677404667985,33.54993700962959],[131.31782402871627,33.54850892921436],[131.31927347243607,33.549013942559974],[131.3200047494303,33.548121683121025],[131.32083349816978,33.54818279828675],[131.3211782770779,33.54895468179538],[131.3231520781851,33.54846544968503],[131.32423310252253,33.55075198069909],[131.32480208336878,33.55056474557643],[131.32458631076844,33.54987733281434],[131.32511821612343,33.54824109173796],[131.32600293946595,33.55016915205798],[131.32691973199414,33.54987316098844],[131.32748934281312,33.550644002606475],[131.3275319636076,33.55523916695049],[131.32458214709217,33.55523876097537],[131.3245970608595,33.556299529965955],[131.3231429877644,33.55631883035308],[131.32291126256524,33.56022371975106],[131.32230885790327,33.56033782020543]]]},"properties":{"KEY_CODE":"442110990","PREF":"44","CITY":"211","CITY_NAME":"宇佐市","S_NAME":"大字下高","SETAI":"157"}},{"type":"Feature","geometry":{"type":"Polygon","coordinates":[[[131.3065815888649,33.554684936923685],[131.30534435302954,33.55529956624723],[131.30315674156782,33.55532178120834],[131.3031636517662,33.554153776875204],[131.3006701164381,33.554195185292436],[131.3001973148105,33.553127626953646],[131.2990889178751,33.55190946803121],[131.29852932032767,33.55027412011167],[131.30083597451616,33.55026008898896],[131.30197323189014,33.549573825361385],[131.3028346939833,33.54947998347459],[131.30299704328775,33.548391027417544],[131.30258022497713,33.547943277853015],[131.30376702170992,33.547820042961376],[131.3039131769981,33.54703050673774],[131.30212764878254,33.54700180370968],[131.3029121278082,33.54636802516392],[131.30295560008494,33.545314506461935],[131.30452260844837,33.54464859104066],[131.3062815422304,33.544208449614764],[131.3072809486153,33.54418313653387],[131.3062792699018,33.53986726780602],[131.30728464481084,33.53969981197627],[131.30785737237312,33.53976247007668],[131.3081636551531,33.53985099910012],[131.30940701688425,33.54042789417034],[131.31067132086767,33.54102067009361],[131.31047417145143,33.54149776000354],[131.31027674590726,33.54188524237551],[131.31017731969146,33.54199359013336],[131.3101004243847,33.5421523183081],[131.309981528643,33.54235655173869],[131.31007670358065,33.5425018901705],[131.31010956097657,33.5425450608322],[131.31010400990917,33.54267550286275],[131.31001199122275,33.54293947724746],[131.3099451154569,33.543005966625294],[131.3098697468122,33.543108478219125],[131.30973037802133,33.54336319717993],[131.30974469273315,33.54351595928447],[131.30973988318465,33.54361829180529],[131.30971169475362,33.54367528062527],[131.30960359776472,33.54377068616051],[131.3095265674003,33.54389193496232],[131.30948274688234,33.544154380685264],[131.30950445089823,33.54420835806691],[131.30965153375476,33.54442418746878],[131.30962931142307,33.54446749460104],[131.30951695101862,33.54457802152108],[131.3093919903691,33.54477001154453],[131.3093590000808,33.544855294075695],[131.30935251797388,33.54528610891329],[131.30984197273625,33.54643787488179],[131.310182875571,33.54646009646472],[131.3109424850766,33.54613534819926],[131.31119004599321,33.54605114454652],[131.31162112502446,33.5462662521767],[131.311618603048,33.54652566450329],[131.31145769291135,33.546768219103015],[131.31129448779905,33.5473422468245],[131.31130848283695,33.547402722867126],[131.3114842394313,33.54745993904221],[131.31156341730463,33.54745685272006],[131.31222917421306,33.54687003656892],[131.31244912818724,33.546676219983276],[131.31245975454274,33.55024463478504],[131.31193902793615,33.55038116396705],[131.31127994494872,33.55038282190626],[131.31128411356994,33.55228900194028],[131.31128937335012,33.55339156391022],[131.31011168028232,33.553402230964],[131.31011333183613,33.55422764524522],[131.3088434220399,33.554214316954045],[131.3084401641283,33.554546363882494],[131.30725834920463,33.5545000107911],[131.3065815888649,33.554684936923685]]]},"properties":{"KEY_CODE":"442111000","PREF":"44","CITY":"211","CITY_NAME":"宇佐市","S_NAME":"大字上時枝","SETAI":"154"}},{"type":"Feature","geometry":{"type":"Polygon","coordinates":[[[131.31134524629556,33.56111960612996],[131.3072389307668,33.56114278787063],[131.30437353047913,33.560957486230635],[131.3031922727331,33.561660083195946],[131.30318643268697,33.5607026321309],[131.3001665473878,33.56073499759398],[131.30011723793842,33.5586394230226],[131.30082087839108,33.5563945579299],[131.3008476755299,33.555955948518076],[131.300911320957,33.55491569858211],[131.3006701164381,33.554195185292436],[131.30316365176617,33.554153776875204],[131.30315674156782,33.55532178120834],[131.30534435302954,33.55529956624723],[131.3065815888649,33.554684936923685],[131.30725834920463,33.5545000107911],[131.3084401641283,33.554546363882494],[131.3088434220399,33.554214316954045],[131.31011333183613,33.55422764524522],[131.31014614153221,33.5575679783857],[131.3113137587789,33.5575664623051],[131.31134524629556,33.56111960612996]]]},"properties":{"KEY_CODE":"442111010","PREF":"44","CITY":"211","CITY_NAME":"宇佐市","S_NAME":"大字下時枝","SETAI":"96"}},{"type":"Feature","geometry":{"type":"Polygon","coordinates":[[[131.31955272380122,33.54258348192189],[131.31861164065865,33.54245037962822],[131.31801682416287,33.53979005000644],[131.3174053191689,33.539145952499894],[131.3166113975724,33.53902787365868],[131.3160665761207,33.538159695532066],[131.31540374413396,33.53836148013339],[131.31466403657151,33.53631613509033],[131.31284047254965,33.53639921938673],[131.31177472740853,33.53433561877325],[131.31432827105758,33.53256207991524],[131.31522811062538,33.532340367146155],[131.3167925986797,33.53121844847658],[131.31655431673983,33.53040638998025],[131.31739139152714,33.52971282311559],[131.31664042810678,33.528623529315006],[131.31444305564293,33.52862729931455],[131.3143609005327,33.52760917771047],[131.31356112416296,33.527457421700305],[131.31548350895983,33.52575027383451],[131.31497509202524,33.52492934150005],[131.31631705871362,33.524644261698114],[131.31533257483918,33.523145272381996],[131.31600901944535,33.5230201375908],[131.31655413894845,33.52291872121229],[131.31681663647956,33.52261334810077],[131.31680125330934,33.52252952323601],[131.3168181051218,33.52242849836802],[131.31673072687195,33.522378215371816],[131.31655190391456,33.52234439510377],[131.3164130120426,33.52234115603048],[131.31621932144782,33.52236507030237],[131.31579285713693,33.522321068258336],[131.3155603959046,33.52233969138451],[131.3152719239585,33.522353947471025],[131.31493285557548,33.52236565453662],[131.31478752039467,33.52236510957611],[131.31463244593888,33.52235197620387],[131.31453976470362,33.52232336007561],[131.31452680130238,33.522308071162186],[131.31452676207496,33.52229722227116],[131.31460266983552,33.52215276034456],[131.31463479297557,33.522104918416325],[131.31466247970062,33.522022784013565],[131.31472363699115,33.521968528143],[131.3148311037216,33.52191686397373],[131.31492518773442,33.521734492037425],[131.31497127962643,33.52167664571516],[131.3150410751895,33.521331115428126],[131.3150623411141,33.52125804654275],[131.3151375960723,33.521229889142774],[131.31520962685767,33.52120628462452],[131.315319263813,33.52115550172703],[131.31593632988245,33.52092400724566],[131.3160472854103,33.52094175947256],[131.31619922639754,33.52098465855186],[131.31641795032937,33.52103369584585],[131.31657406145177,33.52103780752959],[131.31665039925053,33.52101327491228],[131.31666295698048,33.52091673363056],[131.3165418846465,33.520776399774114],[131.31655576161452,33.52074117698077],[131.31657185031642,33.5207249344261],[131.31658255299115,33.52070775346144],[131.3165566403599,33.520687993089105],[131.31624275700145,33.520517469779705],[131.3161692097236,33.52042568805377],[131.3161551142756,33.5204004728221],[131.31613332846757,33.52033018553998],[131.31613533939023,33.52028689235229],[131.31615872316397,33.52020751315081],[131.3161702031738,33.52010917829767],[131.31617748852943,33.520036144732046],[131.3162064020819,33.519997291686124],[131.31622353340057,33.51997290968375],[131.31622557043792,33.519936837087464],[131.31623928396067,33.51986375494734],[131.31634434370454,33.51974084096886],[131.3162967400288,33.5196769638702],[131.31625580234723,33.51966442254012],[131.31621929562448,33.51969156579913],[131.3162107251477,33.51970603246949],[131.3161616996724,33.519840490144695],[131.3160646671403,33.519800160559704],[131.3160516743705,33.51977677138565],[131.31605053244786,33.519764129000166],[131.31607729085547,33.519721688915745],[131.31609122562813,33.51970273983718],[131.31609109116104,33.51966576027871],[131.3160630461455,33.51964871020648],[131.3160149511352,33.51974438924147],[131.3160074463687,33.51975705356562],[131.31596875230218,33.51977247334427],[131.31564510852576,33.51958214360717],[131.31554473459042,33.51950663463669],[131.3154260910641,33.51944381713221],[131.31534089009006,33.51940166452167],[131.31521444114597,33.519268524165426],[131.3152118821019,33.519154027420136],[131.31522139689696,33.519104410613295],[131.31526932564975,33.518962728358304],[131.31526703317127,33.518928466350395],[131.3152205762905,33.51887807156309],[131.3151320342645,33.51880799280774],[131.31496886839727,33.51863708512007],[131.31492254252106,33.51862276447911],[131.31487737691717,33.51863999274794],[131.31485055306518,33.51866443480171],[131.31484320164606,33.518712214019395],[131.31485104281415,33.51879968648306],[131.31484571904656,33.51881590156107],[131.31482425460632,33.51883398953306],[131.3147725952894,33.518833240080106],[131.3146797988584,33.518778457039154],[131.31465815493243,33.51874695269713],[131.31465696526686,33.51871451668345],[131.3147499231905,33.518517707212055],[131.31474744491803,33.51843205328562],[131.3147420135531,33.51841854171543],[131.31471503292912,33.518399659830955],[131.31462240827952,33.5183854885008],[131.31453840756794,33.51837848008838],[131.31450615555772,33.51839029048319],[131.31450190487502,33.51840019807985],[131.31450630231035,33.51843086599438],[131.31418643152514,33.51868231321352],[131.31395531607316,33.51877398416683],[131.3128551492487,33.51884627557299],[131.31186412638715,33.51766191507145],[131.31166439733997,33.51576295493773],[131.31167716764625,33.51551933037419],[131.3115148664272,33.51486319224537],[131.31138467031963,33.514484103829425],[131.3117323317843,33.514419660390296],[131.31218660448033,33.51425709961562],[131.31322216892465,33.513976033405264],[131.31406232755,33.51389925042929],[131.3142961934634,33.513874919529215],[131.31624275597645,33.51400373400011],[131.31772107327544,33.514081338200874],[131.3194187127117,33.51389951444915],[131.3224363813525,33.51320293878044],[131.32325302816275,33.51423399223303],[131.3232445760604,33.51570780843028],[131.3245708689794,33.51566642574134],[131.3247184168224,33.51622237141356],[131.3248319091205,33.51725672307867],[131.32489749489707,33.51751331554188],[131.32506662447628,33.517833871544404],[131.32524880848507,33.517901925561],[131.32732091135483,33.517864030991674],[131.32839035738152,33.51770973124269],[131.32908708757415,33.517628055952606],[131.33040794013013,33.51753632489961],[131.33045400763953,33.51763722199543],[131.33050927094808,33.51893764406472],[131.3306943958822,33.52095695799502],[131.33132640460383,33.523555673860656],[131.332434918703,33.52546364175139],[131.33275226641638,33.52589665856378],[131.3341219024704,33.527743482056955],[131.33476312210394,33.52789745166774],[131.33149765774834,33.528965860812306],[131.33039126026344,33.52946110542963],[131.3306173005168,33.53051825115074],[131.33066942672465,33.53069947067187],[131.33049725700928,33.53149844450964],[131.33083209486708,33.532149085048964],[131.33004054471317,33.53375315369294],[131.33088740846054,33.53413203215271],[131.33077586275056,33.53482063366645],[131.3281537001345,33.53541419128269],[131.32889847686786,33.537294609250274],[131.32800047550012,33.53756454846178],[131.32811369767737,33.5381832001177],[131.327382879752,33.538556515303696],[131.32646119665145,33.53800342871832],[131.32588711950808,33.5371128351231],[131.32378595993902,33.538847323623635],[131.32258281689232,33.53800108459509],[131.32180181407927,33.53879835868897],[131.32081103261467,33.54061827661875],[131.31987662719462,33.54130921157563],[131.31955272380122,33.54258348192189]]]},"properties":{"KEY_CODE":"442111020","PREF":"44","CITY":"211","CITY_NAME":"宇佐市","S_NAME":"大字四日市","SETAI":"2187"}},{"type":"Feature","geometry":{"type":"Polygon","coordinates":[[[131.3380768633286,33.533645894204035],[131.33693386470384,33.53406346531435],[131.33675115470638,33.533713641879885],[131.33508410373554,33.53423267096455],[131.33541175824575,33.53486093260084],[131.33406360144494,33.535087111123474],[131.33389322673452,33.53459178702363],[131.33272218477052,33.53484603175862],[131.33077586275056,33.53482063366645],[131.33088740846054,33.53413203215271],[131.33004054471317,33.53375315369294],[131.33083209486708,33.532149085048964],[131.33049725700928,33.53149844450964],[131.33066942672465,33.53069947067187],[131.33098869277714,33.53055385717558],[131.3316880591481,33.530686114525736],[131.3320105232529,33.53077820417318],[131.3328887550995,33.53046608167069],[131.33353048635246,33.5303961609777],[131.333839801928,33.5303770508311],[131.33417944609886,33.53020084135333],[131.33454997993942,33.530013904760466],[131.3352516497914,33.52980779520967],[131.33541646014518,33.53007253473516],[131.3355369357769,33.5301667087581],[131.33579312005193,33.53052570247381],[131.33724626060538,33.53263115772268],[131.3375569941913,33.53247452381179],[131.3380768633286,33.533645894204035]]]},"properties":{"KEY_CODE":"442111030","PREF":"44","CITY":"211","CITY_NAME":"宇佐市","S_NAME":"大字石田","SETAI":"290"}},{"type":"Feature","geometry":{"type":"Polygon","coordinates":[[[131.33941021967306,33.54162820097758],[131.33771768667867,33.54237469756788],[131.3372429582975,33.541575395652934],[131.33579858121414,33.542214431175225],[131.3347854069421,33.54060531018362],[131.33543723911654,33.54022195510511],[131.33541575955866,33.53960288246955],[131.3319985199194,33.53960342342518],[131.3319794941439,33.53853131679576],[131.33081309704178,33.53852376511077],[131.33079874293287,33.53809684436121],[131.32811369767737,33.5381832001177],[131.32800047550012,33.53756454846178],[131.32889847686786,33.537294609250274],[131.3281537001345,33.53541419128269],[131.33077586275056,33.53482063366645],[131.33272218477052,33.53484603175862],[131.33389322673452,33.53459178702363],[131.33406360144494,33.535087111123474],[131.33541175824575,33.53486093260084],[131.33508410373554,33.53423267096455],[131.33675115470638,33.533713641879885],[131.33693386470384,33.53406346531435],[131.3380768633286,33.533645894204035],[131.33874810205538,33.53335728788117],[131.338813064783,33.53369203435834],[131.33938982120551,33.533930426469624],[131.33939500177394,33.53392713559814],[131.34005987828291,33.53549948168461],[131.3409958750825,33.53567517325542],[131.34110044184447,33.53602061881958],[131.34146149338576,33.53832370623794],[131.34074167641631,33.53879559912229],[131.3407908296707,33.540637592926416],[131.33946516971827,33.54059253467566],[131.33903255320524,33.540763900340444],[131.33941021967306,33.54162820097758]]]},"properties":{"KEY_CODE":"442111040","PREF":"44","CITY":"211","CITY_NAME":"宇佐市","S_NAME":"大字葛原","SETAI":"411"}},{"type":"Feature","geometry":{"type":"Polygon","coordinates":[[[131.3360846218755,33.549507045300146],[131.3351671285592,33.549610967483645],[131.33484806591758,33.55109470527731],[131.33528114246954,33.55194427961633],[131.33494286963855,33.552546821211784],[131.334018736759,33.551964563355625],[131.33355063975995,33.5502872958136],[131.33314454233795,33.54994465848961],[131.33316565418454,33.54878640516312],[131.3324056061828,33.54838814940088],[131.33173428112593,33.54869683813858],[131.33142672931044,33.54827602257734],[131.3304533353194,33.54876965333204],[131.329526291125,33.55057346962559],[131.32748934281312,33.550644002606475],[131.32691973199414,33.54987316098844],[131.32600293946595,33.55016915205798],[131.32511821612343,33.54824109173796],[131.32401541366013,33.545894850344894],[131.32402489583873,33.54532543003839],[131.32529706760212,33.54461758570659],[131.32585693205652,33.54348192891043],[131.3257623895889,33.542435804027875],[131.32517918610313,33.5421396050829],[131.32484141429973,33.54113455302994],[131.32554654927793,33.54059944049224],[131.32611130301126,33.53856476434509],[131.32646119665145,33.53800342871832],[131.327382879752,33.538556515303696],[131.32811369767737,33.5381832001177],[131.33079874293287,33.53809684436121],[131.33081309704178,33.53852376511077],[131.3319794941439,33.53853131679576],[131.3319985199194,33.53960342342518],[131.33541575955866,33.53960288246955],[131.33543723911654,33.54022195510511],[131.3347854069421,33.54060531018362],[131.33579858121414,33.542214431175225],[131.3372429582975,33.541575395652934],[131.33771768667867,33.54237469756788],[131.33941021967306,33.54162820097758],[131.3398051324582,33.54156305062344],[131.3402058388791,33.542167733202554],[131.341804410255,33.54203372384045],[131.34184537300095,33.546755413350816],[131.34285842856315,33.54811147288509],[131.34287217231795,33.550734403820634],[131.34131365089314,33.55074667282744],[131.34005007160496,33.55120278697542],[131.33837682338657,33.55015150198734],[131.33783728246883,33.550145757701024],[131.33709126736736,33.55031532934869],[131.33687113779854,33.54937973329628],[131.3360846218755,33.549507045300146]]]},"properties":{"KEY_CODE":"442111050","PREF":"44","CITY":"211","CITY_NAME":"宇佐市","S_NAME":"大字城井","SETAI":"640"}},{"type":"Feature","geometry":{"type":"Polygon","coordinates":[[[131.32401541366013,33.545894850344894],[131.3213080124988,33.54593111488165],[131.32042141900754,33.54383430499977],[131.32113020276847,33.542485519844476],[131.32066420972026,33.54229459262547],[131.31945953947357,33.54315966138096],[131.31955272380122,33.54258348192189],[131.31987662719462,33.54130921157563],[131.32081103261467,33.54061827661875],[131.32180181407927,33.53879835868897],[131.32258281689232,33.53800108459509],[131.32378595993902,33.538847323623635],[131.32588711950808,33.5371128351231],[131.32646119665145,33.53800342871832],[131.32611130301126,33.53856476434509],[131.32554654927793,33.54059944049224],[131.32484141429973,33.54113455302994],[131.32517918610313,33.5421396050829],[131.3257623895889,33.542435804027875],[131.32585693205652,33.54348192891043],[131.32529706760212,33.54461758570659],[131.32402489583873,33.54532543003839],[131.32401541366013,33.545894850344894]]]},"properties":{"KEY_CODE":"442111060","PREF":"44","CITY":"211","CITY_NAME":"宇佐市","S_NAME":"大字吉松","SETAI":"246"}},{"type":"Feature","geometry":{"type":"Polygon","coordinates":[[[131.33932928472538,33.45678130656005],[131.33872918026495,33.457558925804996],[131.33850796744616,33.45838250026231],[131.33876317761664,33.459087242505106],[131.3403563561706,33.461175613892856],[131.34215684711376,33.462338742250694],[131.34382954400596,33.462387225320136],[131.34471856423974,33.46291575928699],[131.34528163936017,33.46432667797626],[131.3455267268164,33.46541984827391],[131.34555684318778,33.46663044656986],[131.3454971074852,33.467543906857735],[131.3445971250791,33.467461429044036],[131.343024719736,33.467157794681356],[131.341945688589,33.46665097070245],[131.3415267462434,33.46645035932843],[131.34081536683522,33.4659850002451],[131.33895233931307,33.46588386603394],[131.33857121183465,33.46563002855732],[131.33854513000534,33.46543894646899],[131.3381879258714,33.46481333855783],[131.33811157411836,33.4647285889409],[131.33815854990837,33.46377269766874],[131.3370527588789,33.46351704732986],[131.33574784474527,33.462246779279916],[131.33551504352846,33.46126706138458],[131.33449231591584,33.4605614641098],[131.3340305426662,33.45920295119457],[131.3349238979685,33.45785303510855],[131.33421231575704,33.457211726327905],[131.3339850065627,33.456194553434315],[131.33450187675206,33.45546444248494],[131.3341545491535,33.45355195938772],[131.33570569430356,33.45211062384641],[131.3359809047998,33.45045758885537],[131.3358226856999,33.449994662028786],[131.33644249644698,33.44846309418771],[131.3362302313426,33.44801841935836],[131.33616986565102,33.44782580852251],[131.33678236726684,33.44654986974189],[131.33681410121022,33.44595008346961],[131.33625376764255,33.44473975935336],[131.3365886663766,33.44435692876691],[131.3356760088537,33.44397387498664],[131.33546261470946,33.44384236401171],[131.33544428733111,33.44350687640602],[131.33574348078216,33.44338912921089],[131.33683239062233,33.443115811654295],[131.33735650368277,33.44270389753116],[131.33938989527692,33.442150080092176],[131.3405511662138,33.44123733304847],[131.34177197027546,33.43938834655106],[131.34271719136086,33.43850265691311],[131.3448043676897,33.43718991482859],[131.34713257591275,33.43676261555516],[131.34741601925714,33.43672941673458],[131.3477674255058,33.43676083794789],[131.35008826232453,33.436902800529275],[131.3504448802188,33.437388683117106],[131.3524548579104,33.436769562753426],[131.35343268274815,33.435944766823695],[131.35620601232196,33.43518064299142],[131.35718634380353,33.4349188230009],[131.35769496054237,33.43595778329869],[131.35832256716233,33.43648932103718],[131.35720817304588,33.43695829898786],[131.35762205949297,33.437854772819826],[131.3558752830986,33.438485972234496],[131.35522168973537,33.439825418424945],[131.3554673715925,33.440645489128585],[131.35472980619173,33.44479071695515],[131.35525790718532,33.44618248067277],[131.35381974295206,33.447785301241304],[131.35325868339584,33.448787198134326],[131.35311068908467,33.451726016083065],[131.35320992080278,33.45252955233216],[131.35382519467012,33.45313560245516],[131.35295202027473,33.45371352602888],[131.35224429600729,33.45478673461603],[131.3521412441421,33.45580034994137],[131.353099384955,33.45851911203826],[131.35331266946412,33.4596631383845],[131.35292542620505,33.45964159369578],[131.3521960917382,33.459655430588086],[131.3499116075488,33.46013215535358],[131.3473653338012,33.46003938185567],[131.34645285035052,33.459853794953965],[131.3445265923054,33.45869520084734],[131.34366904406457,33.45820378119091],[131.34095770679403,33.45712957936601],[131.33932928472538,33.45678130656005]]]},"properties":{"KEY_CODE":"442111070","PREF":"44","CITY":"211","CITY_NAME":"宇佐市","S_NAME":"安心院町下毛","SETAI":"253"}},{"type":"Feature","geometry":{"type":"Polygon","coordinates":[[[131.3687977699611,33.468883060101646],[131.36749369930064,33.46738073932933],[131.36731872521145,33.46643079886152],[131.36611559425384,33.465561469138414],[131.36345651123116,33.46468092202794],[131.36200660021618,33.46485590631312],[131.35951922853138,33.465547479415775],[131.3592042557451,33.464887036262176],[131.35741981648255,33.46361583442133],[131.35662720220955,33.46345555804411],[131.356578152988,33.46332019428216],[131.35635035997484,33.46295509149521],[131.35550743634894,33.46234789921613],[131.3549935749405,33.46116411173171],[131.35450041097403,33.460612948144856],[131.3541992328058,33.46020180801358],[131.35754956419234,33.45868783062097],[131.35839332966773,33.45782050149707],[131.36138275184197,33.45716864612827],[131.36255258479585,33.45672165832722],[131.3638315057299,33.45546488014514],[131.3642258924043,33.45321269112018],[131.36498345312046,33.45392012506715],[131.36742678386906,33.45566490575194],[131.36810056016174,33.45533025672717],[131.36735451097306,33.45422358606164],[131.36697866235534,33.45300493436005],[131.367628888305,33.451805382488615],[131.3633393014568,33.45014367663627],[131.36229329528263,33.450102367854434],[131.3613405278175,33.45019388750649],[131.3594263954867,33.451507964646844],[131.35798431396762,33.45172280939501],[131.35679270102366,33.45128155620199],[131.35803092466122,33.45073519857645],[131.35975393650818,33.44877609931153],[131.3604758056585,33.4487274670073],[131.3618240165198,33.44791709418297],[131.36324454852462,33.44670326070163],[131.36342701454598,33.44606684168026],[131.36329387331023,33.445214274248514],[131.36303418568016,33.444402048355464],[131.36608387334516,33.44329370341251],[131.36714462947035,33.443723029610055],[131.36781052356739,33.44467471873038],[131.36893836142042,33.44529234386873],[131.3706277136545,33.44510987105823],[131.37089540798098,33.4475630213915],[131.37215917886073,33.45003827867678],[131.3726653736329,33.45140974408785],[131.37286003245188,33.45346061222295],[131.37335264654217,33.4548154976339],[131.3746055027601,33.45543265444573],[131.37712997788543,33.455778523039925],[131.37928332936735,33.45566817495484],[131.3801031519306,33.45609904732824],[131.38139267405754,33.4574736792734],[131.38188130511443,33.459148478837854],[131.38159620621107,33.46041858931052],[131.38173261470334,33.46219025131951],[131.3816191758805,33.46239813922459],[131.38088639363218,33.463741449886506],[131.38097918209704,33.46534562184516],[131.3803359837971,33.46658748928144],[131.38023877035997,33.46634604987455],[131.3793117155465,33.467715266386385],[131.377902419696,33.4680794400602],[131.3764673433964,33.468529865687444],[131.3736045297294,33.46843823038793],[131.37243699134814,33.468343926763836],[131.37134104688877,33.46862112332304],[131.36999924703593,33.46872296766155],[131.3687977699611,33.468883060101646]]]},"properties":{"KEY_CODE":"442111080","PREF":"44","CITY":"211","CITY_NAME":"宇佐市","S_NAME":"安心院町飯田","SETAI":"19"}},{"type":"Feature","geometry":{"type":"Polygon","coordinates":[[[131.367628888305,33.451805382488615],[131.36697866235534,33.45300493436005],[131.36735451097306,33.45422358606164],[131.36810056016174,33.45533025672717],[131.36742678386906,33.45566490575194],[131.3649834531204,33.45392012506715],[131.3642258924043,33.45321269112018],[131.3638315057299,33.45546488014514],[131.36255258479585,33.45672165832722],[131.36138275184197,33.45716864612827],[131.35839332966773,33.45782050149707],[131.35754956419234,33.45868783062097],[131.3541992328058,33.46020180801358],[131.35331266946415,33.4596631383845],[131.353099384955,33.45851911203826],[131.3521412441421,33.45580034994137],[131.35224429600729,33.45478673461603],[131.35295202027473,33.45371352602888],[131.35382519467012,33.45313560245516],[131.35679270102366,33.45128155620199],[131.35798431396762,33.45172280939501],[131.3594263954867,33.451507964646844],[131.36134052781748,33.45019388750649],[131.36229329528263,33.450102367854434],[131.3633393014568,33.45014367663627],[131.367628888305,33.451805382488615]]]},"properties":{"KEY_CODE":"442111090","PREF":"44","CITY":"211","CITY_NAME":"宇佐市","S_NAME":"安心院町原","SETAI":"3"}},{"type":"Feature","geometry":{"type":"Polygon","coordinates":[[[131.36068653334686,33.43606160943027],[131.3617807488357,33.437732712451535],[131.36287999058388,33.43900855249788],[131.363736064052,33.43939500989825],[131.3628649527181,33.440035602362656],[131.36245815944866,33.44237861298591],[131.3624372879093,33.442673425025426],[131.36329387331023,33.445214274248514],[131.36342701454598,33.44606684168026],[131.36324454852456,33.44670326070163],[131.3618240165198,33.44791709418297],[131.3604758056585,33.4487274670073],[131.35975393650818,33.44877609931153],[131.35803092466122,33.45073519857645],[131.35679270102366,33.45128155620199],[131.35382519467012,33.45313560245516],[131.35320992080278,33.45252955233216],[131.35311068908467,33.451726016083065],[131.35325868339584,33.448787198134326],[131.35381974295206,33.447785301241304],[131.35525790718532,33.44618248067277],[131.35472980619173,33.44479071695515],[131.3554673715925,33.440645489128585],[131.35522168973537,33.439825418424945],[131.3558752830986,33.438485972234496],[131.35762205949297,33.437854772819826],[131.35720817304588,33.43695829898786],[131.35832256716233,33.43648932103718],[131.35769496054237,33.43595778329869],[131.35718634380353,33.4349188230009],[131.35773694742392,33.43471815110704],[131.3584321780527,33.434493240411285],[131.35944724749572,33.43416484631071],[131.36068653334686,33.43606160943027]]]},"properties":{"KEY_CODE":"442111100","PREF":"44","CITY":"211","CITY_NAME":"宇佐市","S_NAME":"安心院町木裳","SETAI":"151"}},{"type":"Feature","geometry":{"type":"Polygon","coordinates":[[[131.35343268274815,33.435944766823695],[131.3524548579104,33.43676956275339],[131.35044488021882,33.4373886831171],[131.35008826232453,33.436902800529275],[131.3477674255058,33.43676083794789],[131.34741601925714,33.43672941673458],[131.34713257591275,33.43676261555516],[131.3448043676897,33.43718991482859],[131.3448296124051,33.436361177620526],[131.3449414452162,33.43587372830209],[131.3454552559266,33.43520114962782],[131.34726615975103,33.43386915321354],[131.3482255164217,33.43469780789048],[131.34999917946848,33.43474173488976],[131.34999830537794,33.434524478493756],[131.3519368397743,33.43446002076687],[131.35315488824662,33.43378931889065],[131.35380069183358,33.4340855711093],[131.35522350254013,33.43361658752153],[131.35620601232196,33.43518064299142],[131.35343268274815,33.435944766823695]]]},"properties":{"KEY_CODE":"442111110","PREF":"44","CITY":"211","CITY_NAME":"宇佐市","S_NAME":"安心院町折敷田","SETAI":"63"}},{"type":"Feature","geometry":{"type":"Polygon","coordinates":[[[131.35773694742392,33.43471815110704],[131.35620601232196,33.43518064299142],[131.35522350254013,33.43361658752153],[131.35380069183358,33.4340855711093],[131.35315488824662,33.43378931889065],[131.3519368397743,33.43446002076687],[131.34999830537794,33.434524478493756],[131.34999917946848,33.43474173488976],[131.3482255164217,33.43469780789048],[131.34726615975103,33.43386915321354],[131.34834009451583,33.43306483695361],[131.34923553111557,33.431631674086404],[131.34962152758814,33.43059138588246],[131.35099984513286,33.43077547944601],[131.3548423262985,33.429145895970564],[131.3550961597506,33.42942502218206],[131.35544772023692,33.43019047751735],[131.356635872613,33.4317217929746],[131.3569273110322,33.43224485284066],[131.35700169554627,33.43255032162176],[131.35725480557423,33.43264337460127],[131.3575250898516,33.43325035000568],[131.3581221137126,33.43407009509676],[131.3584321780527,33.434493240411285],[131.35773694742392,33.43471815110704]]]},"properties":{"KEY_CODE":"442111120","PREF":"44","CITY":"211","CITY_NAME":"宇佐市","S_NAME":"安心院町上市","SETAI":"54"}},{"type":"Feature","geometry":{"type":"Polygon","coordinates":[[[131.3548423262985,33.429145895970564],[131.35099984513286,33.43077547944601],[131.34962152758814,33.43059138588246],[131.35037238653186,33.42865246374303],[131.35153791432487,33.42757178553147],[131.35260524636251,33.42696826821611],[131.35513381448368,33.426107211584416],[131.35565094678694,33.42733569381304],[131.35580276389706,33.427848989353414],[131.35576785221397,33.42802231796292],[131.35507857409914,33.42857983922167],[131.35492289392752,33.42886699938081],[131.3548423262985,33.429145895970564]]]},"properties":{"KEY_CODE":"442111130","PREF":"44","CITY":"211","CITY_NAME":"宇佐市","S_NAME":"安心院町古市","SETAI":"22"}},{"type":"Feature","geometry":{"type":"Polygon","coordinates":[[[131.37062771365447,33.445109871058214],[131.3689383614204,33.445292343868736],[131.36781052356739,33.44467471873038],[131.3671446294703,33.443723029610055],[131.36608387334516,33.44329370341251],[131.36303418568014,33.44440204835545],[131.36245815944866,33.44237861298591],[131.36286495271807,33.440035602362656],[131.363736064052,33.43939500989825],[131.36739835887002,33.43690354352889],[131.36790968003487,33.43653545423894],[131.36967062298208,33.436491773974936],[131.37128478362828,33.43559649948739],[131.3716783585257,33.435011356285145],[131.3720049756863,33.43504658134767],[131.37397272372428,33.43555053697149],[131.37518124222726,33.436381378330005],[131.375764941949,33.435983063362464],[131.37861609125923,33.436256128792195],[131.37862867874364,33.43652168188469],[131.37876201443154,33.436558970332165],[131.3793743369677,33.436781570938315],[131.3793794093703,33.43680431842908],[131.3797438431489,33.43685807685961],[131.38018116475112,33.437043931421925],[131.38096045700888,33.437185808200326],[131.38172117528637,33.43726191388757],[131.38210815444296,33.43767346152747],[131.38149123341802,33.43780733371122],[131.38021761669236,33.43743907193728],[131.3793749011166,33.437019375371534],[131.37836361602587,33.43682513957928],[131.37691174410588,33.43719877307168],[131.37609130133967,33.437610092409386],[131.37547062576448,33.43785677234066],[131.37510231245204,33.43790322118577],[131.37432098707845,33.43792395839092],[131.37271872808424,33.43815353896837],[131.37181543944644,33.43876946534857],[131.37127009983155,33.43933657935642],[131.370666787261,33.44086303075475],[131.3703569583601,33.44306710284843],[131.37062771365447,33.445109871058214]]]},"properties":{"KEY_CODE":"442111140","PREF":"44","CITY":"211","CITY_NAME":"宇佐市","S_NAME":"安心院町新原","SETAI":"22"}},{"type":"Feature","geometry":{"type":"Polygon","coordinates":[[[131.36739835887002,33.43690354352889],[131.363736064052,33.43939500989825],[131.36287999058388,33.43900855249788],[131.3617807488357,33.437732712451535],[131.36068653334686,33.43606160943027],[131.35944724749572,33.43416484631072],[131.36154995348952,33.43346918813293],[131.36289943990926,33.43288574430625],[131.3636513068974,33.43223817807125],[131.36402440610172,33.431249314123214],[131.36393719304414,33.42919496500879],[131.36398855677456,33.42849196288263],[131.3631739637126,33.42728434460141],[131.3639339466308,33.4258154709174],[131.36433342126102,33.42549542395315],[131.36547147576707,33.42526252797339],[131.3682235373967,33.42426624951637],[131.36907567309387,33.42420021249145],[131.37115351477883,33.42505108510892],[131.3733251343146,33.42564123706232],[131.37398402901474,33.425820261635636],[131.37371997655202,33.426082970253034],[131.37359419489053,33.43095592924264],[131.37504778705795,33.43095322733113],[131.3768231635386,33.4306019848291],[131.37746655055753,33.429968446581064],[131.37776770442963,33.42905021492541],[131.37806993537535,33.42627706546316],[131.3791184610824,33.424866513636864],[131.38131704815325,33.42345017130194],[131.38232323657897,33.42322742843108],[131.38283531819658,33.423595786533404],[131.38465912038956,33.42417969542305],[131.38613531402888,33.42416356028704],[131.38802370246455,33.42355812057303],[131.38898644034595,33.42437882437697],[131.38850677733606,33.42489747063637],[131.38829369562038,33.425497763277114],[131.38815847163315,33.42586920770285],[131.38785658176775,33.42642843602182],[131.38748855019384,33.42716892534835],[131.3873210182821,33.42786776929289],[131.38729227075055,33.428128443655254],[131.38727496205507,33.42922387968892],[131.38726080502934,33.42961989132627],[131.38693933115314,33.43021335155413],[131.38658211111107,33.43065629668542],[131.38634191609566,33.431055595528385],[131.38630808577562,33.43166975879422],[131.38631988569568,33.43175590323138],[131.38640600452447,33.433132013118986],[131.38639237042477,33.43345215923547],[131.38624520258958,33.43402715146977],[131.3860331332082,33.43473872733302],[131.3859259984878,33.435095765631765],[131.38583963933868,33.43540064994048],[131.384371924357,33.435999369952675],[131.3841464635982,33.436047921387924],[131.38308346431165,33.43619909311958],[131.3825643375809,33.436275540791065],[131.38214879784397,33.436430114561965],[131.38186168638612,33.436440921932906],[131.38114008736295,33.436700133333694],[131.38092413132182,33.43675039298822],[131.37976067444018,33.43680537022325],[131.3793794093703,33.43680431842908],[131.3793743369677,33.436781570938315],[131.37876201443154,33.436558970332165],[131.37862867874364,33.43652168188469],[131.37861609125923,33.436256128792195],[131.375764941949,33.435983063362464],[131.37518124222726,33.436381378330005],[131.37397272372428,33.43555053697149],[131.3720049756863,33.43504658134767],[131.3716783585257,33.435011356285145],[131.37128478362828,33.43559649948739],[131.36967062298208,33.436491773974936],[131.3679096800349,33.436535454238935],[131.36739835887002,33.43690354352889]]]},"properties":{"KEY_CODE":"442111150","PREF":"44","CITY":"211","CITY_NAME":"宇佐市","S_NAME":"安心院町荘","SETAI":"147"}},{"type":"Feature","geometry":{"type":"Polygon","coordinates":[[[131.38131704815325,33.42345017130194],[131.3791184610824,33.424866513636864],[131.37806993537535,33.42627706546316],[131.37776770442963,33.42905021492541],[131.37746655055753,33.429968446581064],[131.3768231635386,33.4306019848291],[131.37504778705795,33.43095322733113],[131.37359419489053,33.43095592924264],[131.37371997655202,33.426082970253034],[131.37398402901474,33.425820261635636],[131.3733251343146,33.42564123706232],[131.3731291487606,33.423127392057175],[131.37369879139374,33.422895356577854],[131.37499705681353,33.42321513332279],[131.37745264181623,33.423161436638175],[131.37838971268656,33.42290424202555],[131.38029652864137,33.423557351212686],[131.38131704815325,33.42345017130194]]]},"properties":{"KEY_CODE":"442111160","PREF":"44","CITY":"211","CITY_NAME":"宇佐市","S_NAME":"安心院町戸方","SETAI":"7"}},{"type":"Feature","geometry":{"type":"Polygon","coordinates":[[[131.3639339466308,33.4258154709174],[131.3631739637126,33.42728434460141],[131.36398855677456,33.42849196288263],[131.36393719304414,33.42919496500879],[131.36402440610172,33.431249314123214],[131.36365130689737,33.43223817807124],[131.36289943990917,33.43288574430623],[131.36154995348952,33.43346918813293],[131.35944724749572,33.43416484631071],[131.3584321780527,33.434493240411285],[131.3581221137126,33.43407009509676],[131.3575250898516,33.43325035000568],[131.35725480557423,33.43264337460127],[131.35700169554627,33.43255032162176],[131.3569273110322,33.43224485284066],[131.356635872613,33.4317217929746],[131.35544772023692,33.43019047751735],[131.3550961597506,33.42942502218206],[131.3548423262985,33.429145895970564],[131.35492289392752,33.42886699938081],[131.35507857409914,33.42857983922167],[131.35576785221397,33.42802231796292],[131.35580276389706,33.427848989353414],[131.35565094678694,33.42733569381304],[131.35513381448368,33.42610721158442],[131.35577324942506,33.425908346090495],[131.3568523382928,33.42561384771462],[131.35812417235803,33.42478892662942],[131.3582906554951,33.42299579933222],[131.35730793465962,33.41963805533775],[131.3574513506256,33.4188124125757],[131.35860410100764,33.41755260263014],[131.35861838271566,33.41525143222512],[131.35860826495994,33.414464410353304],[131.3597324655497,33.41365755710668],[131.36154853786647,33.41325490567207],[131.36373877063147,33.41285997707996],[131.366066274692,33.41254406572215],[131.36814485938018,33.4119197690284],[131.36954336719808,33.41121800236234],[131.37019893992382,33.41051843714891],[131.37116045602397,33.40867878523432],[131.37144672603412,33.407865523569235],[131.37149070552076,33.40707063140359],[131.3717631580417,33.406725409902975],[131.37218648765872,33.40592938413819],[131.37242509603192,33.40506324961596],[131.37411733435633,33.404086791775995],[131.3746304833185,33.4033611362209],[131.37573946951125,33.40239659754208],[131.37751406093003,33.4025488282991],[131.37786977684183,33.40285657504759],[131.37879315927043,33.40383910846962],[131.37895478966476,33.40530485920535],[131.37868942749554,33.40592055040196],[131.37611338382757,33.40730002532534],[131.37606138330565,33.408317093747854],[131.37540808216184,33.40896942129498],[131.375156643422,33.40954955673167],[131.37533005913053,33.410483168430254],[131.37493704209143,33.41096915883696],[131.37488310913292,33.411536900198506],[131.37495701176468,33.41230526665062],[131.37446698364,33.41301112819042],[131.3743792361143,33.413366824894716],[131.3739854813881,33.413523908511586],[131.37358422480264,33.41367477740056],[131.37356978669123,33.41377460652078],[131.3738759862075,33.41488051966331],[131.37365573048675,33.41557961366024],[131.37275790956443,33.4162058939232],[131.3726842083851,33.416374478725395],[131.3725295984049,33.417326939453176],[131.37269903090058,33.421418661772115],[131.3731291487606,33.423127392057175],[131.3733251343146,33.42564123706232],[131.37115351477883,33.42505108510892],[131.36907567309387,33.42420021249144],[131.3682235373967,33.42426624951637],[131.36547147576707,33.42526252797339],[131.36433342126102,33.42549542395315],[131.3639339466308,33.4258154709174]]]},"properties":{"KEY_CODE":"442111170","PREF":"44","CITY":"211","CITY_NAME":"宇佐市","S_NAME":"安心院町妻垣","SETAI":"72"}},{"type":"Feature","geometry":{"type":"Polygon","coordinates":[[[131.39672179098264,33.46792913877347],[131.39474500986688,33.466176170212584],[131.39438937324803,33.46650816198809],[131.39426648212944,33.468430681886545],[131.39487386208478,33.46972065015762],[131.39401342614298,33.47066867904424],[131.39370004723907,33.472040343451894],[131.39314034652233,33.472086996987336],[131.39285184793783,33.47218695851637],[131.3928130717038,33.472330194004286],[131.39238500339715,33.472796603671625],[131.39209642709716,33.47288008057505],[131.39140829176063,33.47320148622544],[131.39088750841745,33.47276284055856],[131.39099661591572,33.47220111213849],[131.39076305455876,33.471376253224165],[131.39004110386645,33.47074282242827],[131.38958118072782,33.470694746000135],[131.3885453478816,33.471099791487475],[131.38833322000332,33.470654637631036],[131.38724305410358,33.47064702741123],[131.3866651829318,33.47107736019211],[131.38653417849707,33.47104853396111],[131.38625025860702,33.470637694972154],[131.38617163247181,33.470611135866704],[131.38547930234225,33.47057429926848],[131.3855970474278,33.46990521801366],[131.38593704176523,33.46952290058427],[131.38593946747832,33.46941570908988],[131.38539134463085,33.469103116367435],[131.38474891959117,33.468828641813104],[131.38458567840868,33.46874140698081],[131.38400332047198,33.468582448359996],[131.38275006380903,33.46836941480046],[131.38103767135243,33.46833050964573],[131.3803359837971,33.46658748928144],[131.38097918209704,33.46534562184516],[131.38088639363218,33.463741449886506],[131.3816191758805,33.46239813922459],[131.38287364580773,33.462093424307504],[131.384614941007,33.46114827176728],[131.38619901512075,33.46069085562227],[131.38752852860267,33.45906241624073],[131.38891301904937,33.458895656086284],[131.3911258135789,33.45964280189527],[131.39400009771228,33.45962205154012],[131.3948618056757,33.46024580838208],[131.39659189598083,33.461435263490706],[131.3973825398985,33.46166476653186],[131.39762485926596,33.463160655186805],[131.3982245842626,33.46405211480359],[131.39894487447958,33.46554649604859],[131.39858283519473,33.46666147580847],[131.3975612492563,33.46744211546184],[131.39672179098264,33.46792913877347]]]},"properties":{"KEY_CODE":"442111180","PREF":"44","CITY":"211","CITY_NAME":"宇佐市","S_NAME":"安心院町熊","SETAI":"14"}},{"type":"Feature","geometry":{"type":"Polygon","coordinates":[[[131.38752852860267,33.45906241624073],[131.38619901512075,33.46069085562227],[131.384614941007,33.46114827176728],[131.38287364580776,33.4620934243075],[131.38173261470334,33.46219025131951],[131.38159620621107,33.46041858931052],[131.38188130511443,33.459148478837854],[131.38139267405754,33.4574736792734],[131.3801031519306,33.45609904732824],[131.38113820191086,33.455989594743066],[131.38261948156668,33.45483185221553],[131.38632743170152,33.454579373878865],[131.38935852777527,33.45308972046274],[131.3906300099833,33.45176615874311],[131.39104020996234,33.450078137863684],[131.39259560747558,33.44869628152025],[131.39205041071168,33.44854054067491],[131.3913025182081,33.44829478145405],[131.39108311768348,33.448132819513674],[131.3907811553049,33.44786727980544],[131.39114746638157,33.44735899846069],[131.39152135514146,33.44661841396116],[131.39103373152938,33.44387727574753],[131.39111282547825,33.4425186845517],[131.391501668846,33.44175393016542],[131.3912223638761,33.441223223095875],[131.38947613158945,33.44031052441069],[131.38911644022534,33.43985737942447],[131.38924353400444,33.43861015741806],[131.3901146883846,33.437350943663624],[131.39199963980968,33.43833086390271],[131.39350049687383,33.44005899603769],[131.39403400444837,33.43973106752748],[131.39485084572357,33.43960674126426],[131.39506276728724,33.44078928115109],[131.39564800710002,33.44088926029819],[131.39806363498576,33.4419830506895],[131.4003291155936,33.443240424628975],[131.4008769188031,33.443744561357846],[131.40179996549426,33.445365276850225],[131.40191085365112,33.44819373225053],[131.40214148975207,33.44832144456001],[131.4033661020983,33.44987415849453],[131.40156641300314,33.44982473779506],[131.3977938159428,33.450142215982076],[131.39635653319638,33.44968881240179],[131.39617494293412,33.44982936758676],[131.39751063245245,33.45131352347287],[131.39828822690566,33.45197255644811],[131.39946934983288,33.45451304679707],[131.3997312842639,33.456967423406596],[131.3996429002531,33.45756561024296],[131.3987366766586,33.460316337222004],[131.3983941737977,33.461637077510076],[131.3973825398985,33.46166476653186],[131.39659189598083,33.461435263490706],[131.3948618056757,33.46024580838208],[131.39400009771228,33.45962205154012],[131.3911258135789,33.45964280189527],[131.38891301904937,33.458895656086284],[131.38752852860267,33.45906241624073]]]},"properties":{"KEY_CODE":"442111190","PREF":"44","CITY":"211","CITY_NAME":"宇佐市","S_NAME":"安心院町佐田","SETAI":"55"}},{"type":"Feature","geometry":{"type":"Polygon","coordinates":[[[131.41172735181559,33.48232211306351],[131.40908932464967,33.48307240398563],[131.40896966558273,33.483004044313184],[131.40902321532693,33.48295881828205],[131.40662654918125,33.48019421423213],[131.40578404196512,33.47975323937331],[131.40514136410536,33.479059306593136],[131.40404225319475,33.47754700914224],[131.40512842603275,33.47701345577797],[131.40570513909708,33.476013945443576],[131.40496290280282,33.47576752776086],[131.40472341781373,33.47552523601137],[131.4046057708541,33.475488003303276],[131.4043562553768,33.475691350446716],[131.40417698342557,33.475770098430445],[131.4041894680332,33.474739855273796],[131.40406863053687,33.474115427037034],[131.4030047205055,33.47396081838824],[131.40299161643162,33.47359936966851],[131.402881605461,33.47321424762992],[131.40248389769445,33.47301903144781],[131.4022208490532,33.472694886445005],[131.40196627298698,33.472257326701225],[131.40177507674161,33.471864895278806],[131.40207325269537,33.47100607089688],[131.40226140503094,33.470740897745614],[131.40207108589232,33.47053743641431],[131.40161880182075,33.470251695997426],[131.40146388118222,33.469904513025405],[131.40068882647086,33.46904158282758],[131.40037101597002,33.46856645651298],[131.40005486899523,33.46846163070719],[131.3995493617742,33.468349915095736],[131.39855666810604,33.46820950669784],[131.39753778350354,33.468250579321165],[131.397140082005,33.46832480639053],[131.39672179098264,33.46792913877347],[131.3975612492563,33.46744211546184],[131.39858283519473,33.46666147580847],[131.39894487447958,33.46554649604859],[131.3982245842626,33.46405211480359],[131.39762485926596,33.463160655186805],[131.3973825398985,33.46166476653184],[131.3983941737977,33.461637077510076],[131.39951632490263,33.461773946377356],[131.4016155975901,33.46340307123626],[131.40335655188852,33.4639311313398],[131.4046068273717,33.46468119625706],[131.4066160679507,33.46480223750074],[131.4105746064983,33.46700518313567],[131.41110304381303,33.467432693209],[131.41099611857865,33.46825677544415],[131.41255073070587,33.468889745622235],[131.4145993456623,33.46853483249667],[131.41544655791284,33.468984469448394],[131.41561262970404,33.47039935220423],[131.4141111516026,33.473664557907234],[131.41417630351017,33.475706291888095],[131.41467384740412,33.47687110879976],[131.41378218971073,33.47707620095207],[131.4134113775107,33.47789390849338],[131.41240341012372,33.47869281341284],[131.4120514586518,33.47954708748287],[131.41202477835427,33.481818669405214],[131.41172735181559,33.48232211306351]]]},"properties":{"KEY_CODE":"442111200","PREF":"44","CITY":"211","CITY_NAME":"宇佐市","S_NAME":"安心院町平ケ倉","SETAI":"2"}},{"type":"Feature","geometry":{"type":"Polygon","coordinates":[[[131.4240393230216,33.47241476895434],[131.42250583767392,33.47298525863469],[131.42167982878928,33.47393539657132],[131.42111071638996,33.47505738986481],[131.4191872394596,33.475063912599786],[131.41829143404058,33.47579968579819],[131.41709239426098,33.47580372816018],[131.41566675912856,33.47675584322246],[131.41467384740412,33.47687110879976],[131.41417630351017,33.475706291888095],[131.4141111516026,33.473664557907234],[131.41561262970404,33.47039935220423],[131.41544655791284,33.468984469448394],[131.4145993456623,33.46853483249667],[131.41255073070587,33.468889745622235],[131.41099611857865,33.46825677544415],[131.41110304381303,33.467432693209],[131.4105746064983,33.46700518313567],[131.4066160679507,33.46480223750074],[131.4046068273717,33.46468119625706],[131.40335655188852,33.4639311313398],[131.4016155975901,33.46340307123626],[131.39951632490263,33.461773946377356],[131.4013023775331,33.460868357329254],[131.40245715879334,33.45831390837655],[131.4031657609383,33.457542485117635],[131.405064108209,33.45672009122176],[131.40644764073093,33.4570216510813],[131.4080604402681,33.4582485182918],[131.40895110008617,33.45834762744333],[131.4120598594571,33.45787430102652],[131.4129662340103,33.45733758679766],[131.41334168278993,33.45648870148148],[131.41338269521393,33.45526422067537],[131.4139422935396,33.454720841169895],[131.41832365218323,33.45362671221512],[131.41957237814376,33.45347758969271],[131.42035234505477,33.453945839585806],[131.42053950171237,33.45486345753533],[131.42253416943407,33.45750153331794],[131.42310805385523,33.45797832563083],[131.4246451254426,33.45805159644742],[131.4261616768452,33.457532054260675],[131.42629977363828,33.4585620509899],[131.4258310422938,33.45976942745567],[131.4239669979938,33.462669552639916],[131.42425057612004,33.46448997549845],[131.4234213733668,33.46578834669143],[131.42364413384473,33.466904865822265],[131.42439619588083,33.46746756127994],[131.42525223990177,33.4688673255495],[131.42456485814571,33.47004729077206],[131.4240393230216,33.47241476895434]]]},"properties":{"KEY_CODE":"442111210","PREF":"44","CITY":"211","CITY_NAME":"宇佐市","S_NAME":"安心院町房ケ畑","SETAI":"20"}},{"type":"Feature","geometry":{"type":"Polygon","coordinates":[[[131.41832365218323,33.45362671221512],[131.4139422935396,33.454720841169895],[131.41338269521393,33.45526422067537],[131.41334168278993,33.45648870148148],[131.4129662340103,33.45733758679766],[131.4120598594571,33.45787430102652],[131.40895110008617,33.45834762744333],[131.4080604402681,33.4582485182918],[131.40644764073093,33.4570216510813],[131.405064108209,33.45672009122176],[131.4031657609383,33.457542485117635],[131.40245715879334,33.45831390837655],[131.4013023775331,33.460868357329254],[131.39951632490263,33.461773946377356],[131.3983941737977,33.461637077510076],[131.3987366766586,33.460316337222004],[131.3996429002531,33.45756561024296],[131.3997312842639,33.456967423406596],[131.39946934983288,33.45451304679707],[131.39828822690563,33.45197255644809],[131.39751063245245,33.45131352347287],[131.39617494293412,33.44982936758676],[131.39635653319638,33.44968881240179],[131.3977938159428,33.450142215982076],[131.40156641300314,33.44982473779506],[131.4033661020983,33.44987415849453],[131.40369297198876,33.4498941567764],[131.40777250181608,33.45026244919158],[131.41040465955874,33.45127150614789],[131.4116433015094,33.45144549643679],[131.41389057515056,33.45134898509437],[131.41531616088946,33.450924404906516],[131.41699360747043,33.45076612985368],[131.4176022554164,33.45100578580717],[131.4180937856878,33.452149082014635],[131.41832365218323,33.45362671221512]]]},"properties":{"KEY_CODE":"442111220","PREF":"44","CITY":"211","CITY_NAME":"宇佐市","S_NAME":"安心院町山蔵","SETAI":"35"}},{"type":"Feature","geometry":{"type":"Polygon","coordinates":[[[131.4261616768452,33.457532054260675],[131.4246451254426,33.45805159644742],[131.42310805385523,33.45797832563083],[131.42253416943407,33.45750153331794],[131.42053950171237,33.45486345753533],[131.42035234505477,33.453945839585806],[131.41957237814376,33.45347758969271],[131.41832365218323,33.45362671221512],[131.4180937856878,33.452149082014635],[131.4176022554164,33.45100578580717],[131.41699360747043,33.45076612985368],[131.41531616088946,33.450924404906516],[131.41389057515056,33.45134898509437],[131.4116433015094,33.45144549643679],[131.41040465955874,33.45127150614789],[131.40777250181608,33.45026244919158],[131.40369297198876,33.4498941567764],[131.40562113119995,33.44839045266444],[131.40604214597005,33.44760880455579],[131.40626657635937,33.445806576871995],[131.4069275371306,33.44508151838606],[131.40894882166253,33.443824168512926],[131.40979959719317,33.442696866235806],[131.40997100174314,33.439839191801546],[131.41152911228733,33.43913411454831],[131.41388713963644,33.43959679349457],[131.4159524073938,33.4389817760823],[131.41666827879143,33.43974816047061],[131.41624842685496,33.44073636124731],[131.41740338712142,33.44308470893935],[131.41617183470024,33.444764085092686],[131.41602589682805,33.44575134096406],[131.41633003240693,33.44633551962365],[131.41712581983325,33.44660826381178],[131.41969750077806,33.44588819683263],[131.42132724651864,33.445836802012515],[131.42270098209858,33.44664680880316],[131.42357625690545,33.44776830709293],[131.4246067133309,33.44840735679106],[131.42744650856937,33.44821193194696],[131.42869249744524,33.44920123232852],[131.42902694513333,33.45039362699378],[131.4289189095189,33.452181292282],[131.42645586241156,33.45318131476375],[131.4263122572645,33.45367146983202],[131.42722718017527,33.454127384027046],[131.4276111153237,33.45498299309489],[131.42687296871821,33.45633208483548],[131.4261616768452,33.457532054260675]]]},"properties":{"KEY_CODE":"442111230","PREF":"44","CITY":"211","CITY_NAME":"宇佐市","S_NAME":"安心院町内川野","SETAI":"12"}},{"type":"Feature","geometry":{"type":"Polygon","coordinates":[[[131.42744650856937,33.44821193194696],[131.4246067133309,33.44840735679106],[131.42357625690545,33.44776830709293],[131.42270098209858,33.44664680880316],[131.42132724651864,33.445836802012515],[131.41969750077806,33.44588819683263],[131.41712581983325,33.44660826381178],[131.41633003240693,33.44633551962365],[131.41602589682805,33.44575134096406],[131.41617183470024,33.444764085092686],[131.41740338712142,33.44308470893935],[131.41624842685496,33.44073636124731],[131.41666827879143,33.43974816047061],[131.4159524073938,33.4389817760823],[131.4157703997381,33.437943487175545],[131.41607683303266,33.43552282949398],[131.4175702702383,33.43476311128882],[131.41740695528398,33.43385352078639],[131.41574944182727,33.43214982774736],[131.41423607883468,33.431500007101285],[131.4136904930137,33.43099123700554],[131.41509760022228,33.430597330446446],[131.41859178803588,33.430375182373325],[131.4199174684339,33.4297838637431],[131.42232136688148,33.42838747753377],[131.42261237449912,33.42762558881683],[131.42431555002312,33.42570126768523],[131.42688408489113,33.425417238740366],[131.4282638481074,33.42504821751892],[131.42927016135846,33.42439309047681],[131.428670079144,33.42609566867525],[131.42893034219952,33.428626630682054],[131.4280948761998,33.43058511753119],[131.42796339845896,33.43134133302328],[131.42882621543117,33.4326609911486],[131.43146987779505,33.43408782628123],[131.43245256964798,33.4348092885622],[131.43298740172784,33.435631912793696],[131.4326257310166,33.43768321236869],[131.4330594382108,33.438796488844396],[131.4317280392373,33.43998507899126],[131.4316617473346,33.44134411379732],[131.43119843365585,33.44290864152131],[131.43180334117946,33.443738386723055],[131.43164017662474,33.44436171782825],[131.43009211881736,33.44579323717719],[131.42840176200224,33.44650908886196],[131.42733977762856,33.44732067708969],[131.42744650856937,33.44821193194696]]]},"properties":{"KEY_CODE":"442111240","PREF":"44","CITY":"211","CITY_NAME":"宇佐市","S_NAME":"安心院町古川","SETAI":"22"}},{"type":"Feature","geometry":{"type":"Polygon","coordinates":[[[131.42927016135846,33.42439309047681],[131.4282638481074,33.42504821751892],[131.42688408489113,33.425417238740366],[131.42431555002312,33.42570126768523],[131.42261237449912,33.42762558881683],[131.42232136688148,33.42838747753377],[131.4199174684339,33.4297838637431],[131.41859178803588,33.430375182373325],[131.41509760022228,33.430597330446446],[131.4136904930137,33.43099123700554],[131.41425364049175,33.42886780950201],[131.41358117529117,33.42661966580469],[131.41230201457313,33.42580631981102],[131.41147273827454,33.426149019161066],[131.41048472200933,33.427666044823034],[131.40960589864616,33.42774987814648],[131.40881871101743,33.42573684603713],[131.40889960457616,33.42444139274098],[131.40776514085485,33.42194782553807],[131.40780538439944,33.4207505641006],[131.40889071559124,33.420368228267606],[131.40933892821133,33.41956618337656],[131.4089475481666,33.41672983877527],[131.40886923792317,33.41429065947026],[131.4098551477204,33.41260502989055],[131.41000388539473,33.40936307675238],[131.4097599512943,33.40800109657611],[131.40997389757865,33.40697165320135],[131.40903112496014,33.40635300061714],[131.40948719140363,33.40609144077229],[131.4094708128428,33.40485027401528],[131.4109307879535,33.402961130697825],[131.41187049821522,33.40000806535277],[131.41172078807307,33.39948138591554],[131.4119855766747,33.39744467840904],[131.41192217890432,33.39534741666218],[131.41219714397283,33.39408102859251],[131.41251406069753,33.39562766434402],[131.4134018007923,33.39645266154133],[131.4131861454474,33.39724344545866],[131.41361803847755,33.39852993722975],[131.41625566026232,33.399668346823276],[131.41805521070964,33.400928569655186],[131.42010290418548,33.40144657903433],[131.419630873686,33.40258458968237],[131.41897598849656,33.403257850357676],[131.41931231737172,33.40479190864739],[131.4186921934978,33.405808062833906],[131.41923886303246,33.407053378588635],[131.41926574687778,33.40796030585715],[131.41886309410677,33.40856633625405],[131.4177840107444,33.409061233943795],[131.4175772205371,33.41058308538878],[131.41796444353056,33.41146989132236],[131.41740747652838,33.41279440092553],[131.41761403125875,33.41358727487494],[131.41901444884812,33.41431948819216],[131.41973372123365,33.41395809232007],[131.42108591938515,33.41402914064236],[131.4226228402829,33.41502536304554],[131.42463034327278,33.41549083032044],[131.42491547269123,33.41621726112212],[131.42451830800735,33.417956958598126],[131.42452615665042,33.41958184451377],[131.42527869888244,33.42143093470086],[131.42745473469898,33.42177299870963],[131.42797472434557,33.42213019124364],[131.42927016135846,33.42439309047681]]]},"properties":{"KEY_CODE":"442111250","PREF":"44","CITY":"211","CITY_NAME":"宇佐市","S_NAME":"安心院町大見尾","SETAI":"43"}},{"type":"Feature","geometry":{"type":"Polygon","coordinates":[[[131.41219714397283,33.39408102859251],[131.41192217890432,33.39534741666218],[131.4119855766747,33.39744467840904],[131.41172078807307,33.39948138591554],[131.41187049821522,33.40000806535277],[131.4109307879535,33.402961130697825],[131.4094708128428,33.40485027401528],[131.40948719140363,33.40609144077229],[131.40903112496014,33.40635300061714],[131.40997389757865,33.40697165320135],[131.4097599512943,33.40800109657611],[131.41000388539473,33.40936307675238],[131.4098551477204,33.41260502989055],[131.40886923792317,33.41429065947026],[131.4089475481666,33.41672983877527],[131.40933892821133,33.41956618337656],[131.40889071559124,33.420368228267606],[131.40780538439944,33.4207505641006],[131.40553768700286,33.41860691194179],[131.40455324128712,33.41885976927904],[131.40301357238417,33.4204844722941],[131.4026642005083,33.420507297549044],[131.40227763939185,33.42044468929671],[131.40155322502397,33.419859299889964],[131.40046961288866,33.41963281586824],[131.39934284259215,33.418694816162564],[131.39878564095233,33.41809376032678],[131.39886887965685,33.41749357998472],[131.3990116856981,33.41726375490092],[131.39911488894552,33.416804682773055],[131.39982743396183,33.41607310827753],[131.3999455726673,33.415813983538854],[131.39986209236906,33.41482910316791],[131.39963677820452,33.41348744987524],[131.39990198283272,33.41269112597733],[131.4005569460965,33.41149306273751],[131.40054923210448,33.4112594523092],[131.40068685817667,33.4108751799905],[131.40067189392963,33.41050809275414],[131.40068763762608,33.41007951442879],[131.40216883108076,33.40624167485849],[131.40334782696132,33.40379488176931],[131.40414665231236,33.401326525242766],[131.40377749468703,33.39861698478283],[131.40365928150348,33.3969505302326],[131.40370846196575,33.395645492397236],[131.40405970486808,33.394490984636995],[131.40422387475462,33.39197328652428],[131.40428775781263,33.390583990109725],[131.40449007602786,33.3898003798523],[131.4049488521288,33.389100107569675],[131.40596905815104,33.388179117653294],[131.4083961916723,33.38732415131291],[131.40914153958488,33.38794127082275],[131.41194505350333,33.391219169549046],[131.4120338072367,33.391744470783976],[131.41219714397283,33.39408102859251]]]},"properties":{"KEY_CODE":"442111260","PREF":"44","CITY":"211","CITY_NAME":"宇佐市","S_NAME":"安心院町塔尾","SETAI":"43"}},{"type":"Feature","geometry":{"type":"Polygon","coordinates":[[[131.41607683303266,33.43552282949398],[131.41532078079223,33.43545641385235],[131.41385776755186,33.43472505892297],[131.41201385803777,33.43505124757906],[131.41139025994792,33.435687084186696],[131.41001059880378,33.436427827346506],[131.40748555650694,33.43654499955047],[131.40628442516999,33.43624163225285],[131.40692613618637,33.43456225174118],[131.40692948652259,33.433640371864186],[131.40615604868233,33.43329082789126],[131.4060004789241,33.43270235361453],[131.40541647464113,33.432000063157496],[131.40334033996243,33.43002222798742],[131.4028285453981,33.42923004800219],[131.40162783326053,33.42816482835605],[131.40081680168367,33.42709833904694],[131.40052553987113,33.426068561553976],[131.4006766386177,33.42487089791219],[131.40182875150728,33.42367645744806],[131.4030721724147,33.42158540541502],[131.40316886658098,33.42102170941748],[131.40301357238417,33.4204844722941],[131.40455324128712,33.41885976927904],[131.40553768700286,33.41860691194179],[131.40780538439944,33.4207505641006],[131.40776514085485,33.42194782553807],[131.40889960457616,33.42444139274098],[131.40881871101743,33.42573684603713],[131.40960589864616,33.42774987814648],[131.41048472200933,33.427666044823034],[131.41147273827454,33.426149019161066],[131.41230201457313,33.42580631981102],[131.41358117529117,33.42661966580469],[131.41425364049175,33.42886780950201],[131.4136904930137,33.43099123700554],[131.41423607883468,33.431500007101285],[131.41574944182727,33.43214982774736],[131.41740695528398,33.43385352078639],[131.4175702702383,33.43476311128882],[131.41607683303266,33.43552282949398]]]},"properties":{"KEY_CODE":"442111270","PREF":"44","CITY":"211","CITY_NAME":"宇佐市","S_NAME":"安心院町矢津","SETAI":"14"}},{"type":"Feature","geometry":{"type":"Polygon","coordinates":[[[131.4159524073938,33.4389817760823],[131.41388713963644,33.43959679349457],[131.41152911228733,33.43913411454831],[131.40997100174314,33.439839191801546],[131.40979959719317,33.442696866235806],[131.40894882166253,33.443824168512926],[131.4069275371306,33.44508151838606],[131.40626657635937,33.445806576871995],[131.40604214597005,33.44760880455579],[131.40562113119995,33.44839045266444],[131.40369297198876,33.4498941567764],[131.4033661020983,33.44987415849453],[131.40214148975207,33.44832144456001],[131.40191085365112,33.44819373225053],[131.40179996549426,33.445365276850225],[131.4008769188031,33.443744561357846],[131.4003291155936,33.44324042462899],[131.3980636349857,33.4419830506895],[131.39564800710002,33.44088926029819],[131.39683499373075,33.440608052825006],[131.39933878320056,33.4396942905106],[131.39979245648505,33.43880348676697],[131.40152724701554,33.43904263631562],[131.40295715132729,33.43865452224011],[131.40356123746545,33.437648949261074],[131.4040970445547,33.43558287802875],[131.40312596389043,33.434092899340996],[131.40384558086333,33.43386210485397],[131.40615604868233,33.43329082789126],[131.40692948652259,33.433640371864186],[131.40692613618637,33.43456225174118],[131.40628442516999,33.43624163225285],[131.40748555650694,33.43654499955047],[131.41001059880378,33.436427827346506],[131.41139025994792,33.435687084186696],[131.41201385803777,33.43505124757906],[131.41385776755186,33.43472505892297],[131.41532078079223,33.43545641385235],[131.41607683303266,33.43552282949398],[131.4157703997381,33.437943487175545],[131.4159524073938,33.4389817760823]]]},"properties":{"KEY_CODE":"442111280","PREF":"44","CITY":"211","CITY_NAME":"宇佐市","S_NAME":"安心院町笹ケ平","SETAI":"17"}},{"type":"Feature","geometry":{"type":"Polygon","coordinates":[[[131.40312596389043,33.434092899340996],[131.40129827136013,33.434450313518795],[131.3998731773986,33.43389808611928],[131.399296755291,33.43369622022482],[131.39830764643432,33.43364505109293],[131.39672454752713,33.43398966616557],[131.39596289538255,33.434053207377616],[131.39372436453033,33.43375476507674],[131.39285295131887,33.433737130262884],[131.39116610525465,33.432642339591794],[131.39095357002677,33.43224914966901],[131.39057967929702,33.43111622578154],[131.39056354350808,33.430226693112175],[131.39028163557876,33.429102153412295],[131.38999339855343,33.42922456049564],[131.38952958262072,33.42956070649782],[131.38931584653656,33.42993541967188],[131.38938239829898,33.430627717228276],[131.3893885722965,33.43091309901888],[131.3894426860394,33.4323218238681],[131.3892992848202,33.432480070748156],[131.389093687516,33.43243833461087],[131.38889564386912,33.432289449129],[131.38872570987107,33.43215905921116],[131.38869208502078,33.43176241063512],[131.38838930752217,33.431484735385006],[131.38821142366308,33.431387007783584],[131.38759346233863,33.431805341928374],[131.38698620248425,33.43156124847796],[131.38639111686481,33.43171923510827],[131.38630808577562,33.43166975879422],[131.38634191609566,33.431055595528385],[131.38658211111107,33.43065629668542],[131.38693933115314,33.43021335155413],[131.38726080502934,33.42961989132627],[131.38727496205507,33.42922387968892],[131.38729227075055,33.428128443655254],[131.3873210182821,33.42786776929289],[131.38748855019384,33.42716892534835],[131.38785658176775,33.42642843602182],[131.38815847163315,33.42586920770285],[131.38829369562038,33.425497763277114],[131.38850677733606,33.42489747063637],[131.38898644034595,33.42437882437697],[131.38908500321327,33.42430231521576],[131.39043669616584,33.42312650811836],[131.39058719467562,33.42279498814465],[131.3907208294634,33.4219549650564],[131.3910796939297,33.42170842954857],[131.3915650070395,33.42144699837753],[131.39249404843284,33.42095985152755],[131.39323268770292,33.42017209224733],[131.39529293875162,33.41851015792349],[131.39669814837117,33.41673984916508],[131.39722890713892,33.41431679565642],[131.39786453258515,33.41289109290274],[131.3993451120502,33.41194470868286],[131.40007762465575,33.41123613454727],[131.40068763762608,33.41007951442879],[131.40067189392963,33.41050809275414],[131.40068685817667,33.4108751799905],[131.40054923210448,33.4112594523092],[131.4005569460965,33.41149306273751],[131.39990198283272,33.41269112597733],[131.39963677820452,33.41348744987524],[131.39986209236906,33.41482910316791],[131.3999455726673,33.415813983538854],[131.39982743396183,33.41607310827753],[131.39911488894552,33.416804682773055],[131.3990116856981,33.41726375490092],[131.39886887965685,33.41749357998472],[131.39878564095233,33.41809376032678],[131.39934284259215,33.418694816162564],[131.40046961288866,33.41963281586824],[131.40155322502397,33.419859299889964],[131.40227763939185,33.42044468929671],[131.4026642005083,33.420507297549044],[131.40316886658098,33.42102170941748],[131.4030721724147,33.42158540541502],[131.40182875150728,33.42367645744806],[131.4006766386177,33.42487089791219],[131.40052553987113,33.426068561553976],[131.40081680168365,33.42709833904696],[131.4016278332605,33.42816482835606],[131.4028285453981,33.42923004800219],[131.40334033996243,33.43002222798742],[131.40541647464113,33.432000063157496],[131.4060004789241,33.43270235361453],[131.40615604868228,33.43329082789126],[131.40384558086333,33.43386210485397],[131.40312596389043,33.434092899340996]]]},"properties":{"KEY_CODE":"442111290","PREF":"44","CITY":"211","CITY_NAME":"宇佐市","S_NAME":"安心院町口ノ坪","SETAI":"26"}},{"type":"Feature","geometry":{"type":"Polygon","coordinates":[[[131.40312596389043,33.434092899340996],[131.4040970445547,33.43558287802875],[131.40356123746545,33.437648949261074],[131.40295715132729,33.43865452224011],[131.40152724701554,33.43904263631562],[131.39979245648505,33.43880348676697],[131.39933878320056,33.4396942905106],[131.39683499373075,33.440608052825006],[131.39564800710002,33.44088926029819],[131.39506276728724,33.44078928115109],[131.39485084572357,33.43960674126426],[131.39403400444837,33.43973106752748],[131.39350049687383,33.44005899603769],[131.39199963980968,33.43833086390271],[131.3901146883846,33.437350943663624],[131.3896506460631,33.43723450679678],[131.38809162495576,33.43691315138276],[131.38805622723692,33.43646585959063],[131.3888583583854,33.43529280118953],[131.38846751406658,33.43502546852162],[131.38769192490594,33.43498731428188],[131.38811919740488,33.43457480867712],[131.3891545350015,33.43377807442129],[131.39029876337426,33.43376366366459],[131.3916667846748,33.43312968777017],[131.39285295131887,33.43373713026288],[131.39372436453033,33.43375476507674],[131.39596289538255,33.434053207377616],[131.39672454752713,33.43398966616557],[131.39830764643432,33.433645051092945],[131.399296755291,33.43369622022482],[131.3998731773986,33.43389808611928],[131.40129827136013,33.434450313518795],[131.40312596389043,33.434092899340996]]]},"properties":{"KEY_CODE":"442111300","PREF":"44","CITY":"211","CITY_NAME":"宇佐市","S_NAME":"安心院町廣谷","SETAI":"14"}},{"type":"Feature","geometry":{"type":"Polygon","coordinates":[[[131.3901146883846,33.437350943663624],[131.38924353400444,33.43861015741806],[131.38911644022534,33.43985737942447],[131.38947613158945,33.44031052441069],[131.3912223638761,33.441223223095875],[131.391501668846,33.44175393016542],[131.39111282547825,33.4425186845517],[131.39103373152938,33.44387727574753],[131.39152135514146,33.44661841396116],[131.39114746638157,33.44735899846069],[131.3907811553049,33.44786727980544],[131.39108311768348,33.448132819513674],[131.3913025182081,33.44829478145405],[131.39205041071168,33.44854054067491],[131.39259560747558,33.44869628152025],[131.39104020996234,33.450078137863684],[131.3906300099833,33.45176615874311],[131.38935852777527,33.45308972046274],[131.38632743170152,33.454579373878865],[131.38261948156668,33.45483185221553],[131.38113820191086,33.455989594743066],[131.3801031519306,33.45609904732824],[131.37928332936735,33.45566817495484],[131.3797138528858,33.45406448146894],[131.38091194809883,33.451068252259695],[131.38111855261096,33.44984185612709],[131.3811269980911,33.44717052071719],[131.38114412399568,33.44647727987572],[131.38178049137412,33.444294305142165],[131.38165468779522,33.443229542542376],[131.38139471759712,33.441480454453924],[131.38155298446267,33.44075295824137],[131.38340725973208,33.43843643697054],[131.3838913075142,33.43738419011244],[131.38261136052674,33.437429585765265],[131.38238941313733,33.436362647013354],[131.3825643375809,33.436275540791065],[131.38308346431165,33.43619909311958],[131.3841464635982,33.436047921387924],[131.384371924357,33.435999369952675],[131.38583963933868,33.43540064994048],[131.3859259984878,33.435095765631765],[131.3860331332082,33.43473872733302],[131.38624520258958,33.43402715146977],[131.38639237042477,33.43345215923547],[131.38640600452447,33.433132013118986],[131.38631988569568,33.43175590323138],[131.38639111686481,33.43171923510827],[131.38698620248425,33.43156124847796],[131.38759346233863,33.431805341928374],[131.38821142366308,33.431387007783584],[131.38838930752217,33.431484735385006],[131.38869208502078,33.43176241063512],[131.38872570987107,33.43215905921116],[131.38889564386912,33.432289449129],[131.389093687516,33.43243833461087],[131.3892992848202,33.432480070748156],[131.3894426860394,33.4323218238681],[131.3893885722965,33.43091309901888],[131.38938239829898,33.430627717228276],[131.38931584653656,33.42993541967188],[131.38952958262072,33.42956070649782],[131.38999339855343,33.42922456049564],[131.39028163557876,33.429102153412295],[131.39056354350808,33.430226693112175],[131.39057967929702,33.43111622578154],[131.39095357002677,33.43224914966901],[131.39116610525465,33.432642339591794],[131.3916667846748,33.43312968777017],[131.39029876337426,33.43376366366459],[131.3891545350015,33.43377807442129],[131.38811919740488,33.43457480867712],[131.38769192490594,33.43498731428188],[131.38846751406658,33.43502546852162],[131.3888583583854,33.43529280118953],[131.38805622723692,33.43646585959063],[131.38809162495576,33.43691315138276],[131.3896506460631,33.43723450679678],[131.3901146883846,33.437350943663624]]]},"properties":{"KEY_CODE":"442111310","PREF":"44","CITY":"211","CITY_NAME":"宇佐市","S_NAME":"安心院町且尾","SETAI":"28"}},{"type":"Feature","geometry":{"type":"Polygon","coordinates":[[[131.3811269980911,33.44717052071719],[131.38111855261096,33.44984185612709],[131.3809119480988,33.45106825225969],[131.3797138528858,33.45406448146894],[131.37928332936735,33.45566817495484],[131.37712997788543,33.455778523039925],[131.3746055027601,33.45543265444573],[131.37335264654217,33.4548154976339],[131.37286003245188,33.45346061222295],[131.3726653736329,33.45140974408785],[131.37215917886073,33.45003827867678],[131.37089540798098,33.4475630213915],[131.37508092640104,33.44727748510898],[131.37677580907456,33.447422453155916],[131.37714922310334,33.44713474166502],[131.37805847104258,33.44456646644971],[131.37769300961583,33.442930014036165],[131.37852347016434,33.44098970326165],[131.378387065731,33.43950623754241],[131.37756354081176,33.440053765635646],[131.37574157925346,33.44013596011786],[131.3758133741426,33.437756109993586],[131.37609130133967,33.437610092409386],[131.37691174410588,33.43719877307168],[131.37836361602587,33.43682513957928],[131.3793749011166,33.437019375371534],[131.38021761669236,33.43743907193728],[131.38149123341802,33.43780733371122],[131.38210815444296,33.43767346152747],[131.38172117528637,33.43726191388757],[131.38096045700888,33.437185808200326],[131.38018116475112,33.437043931421925],[131.3797438431489,33.43685807685961],[131.37976067444018,33.43680537022325],[131.38092413132182,33.43675039298822],[131.38114008736295,33.436700133333694],[131.38186168638612,33.436440921932906],[131.38214879784397,33.436430114561965],[131.38238941313733,33.436362647013354],[131.38261136052674,33.437429585765265],[131.3838913075142,33.43738419011244],[131.38340725973208,33.43843643697054],[131.38155298446267,33.44075295824137],[131.38139471759712,33.44148045445392],[131.38165468779522,33.443229542542376],[131.38178049137412,33.444294305142165],[131.38114412399565,33.44647727987572],[131.3811269980911,33.44717052071719]]]},"properties":{"KEY_CODE":"442111320","PREF":"44","CITY":"211","CITY_NAME":"宇佐市","S_NAME":"安心院町矢崎","SETAI":"20"}},{"type":"Feature","geometry":{"type":"Polygon","coordinates":[[[131.3758133741426,33.437756109993586],[131.37574157925346,33.44013596011786],[131.37756354081176,33.440053765635646],[131.378387065731,33.43950623754241],[131.37852347016434,33.44098970326165],[131.37769300961583,33.442930014036165],[131.37805847104258,33.44456646644971],[131.37714922310334,33.44713474166502],[131.37677580907456,33.447422453155916],[131.37508092640104,33.44727748510898],[131.37089540798098,33.4475630213915],[131.37062771365447,33.445109871058214],[131.3703569583601,33.44306710284843],[131.370666787261,33.44086303075475],[131.3712700998316,33.43933657935642],[131.37181543944644,33.43876946534857],[131.37271872808424,33.43815353896837],[131.37432098707845,33.43792395839092],[131.37510231245204,33.43790322118577],[131.37547062576448,33.43785677234066],[131.3758133741426,33.437756109993586]]]},"properties":{"KEY_CODE":"442111330","PREF":"44","CITY":"211","CITY_NAME":"宇佐市","S_NAME":"安心院町久井田","SETAI":"6"}},{"type":"Feature","geometry":{"type":"Polygon","coordinates":[[[131.39043669616584,33.42312650811836],[131.38908500321327,33.42430231521576],[131.38898644034595,33.42437882437697],[131.38802370246455,33.42355812057303],[131.38613531402888,33.42416356028704],[131.38465912038956,33.42417969542305],[131.38283531819658,33.423595786533404],[131.38232323657897,33.42322742843108],[131.38131704815325,33.42345017130194],[131.38029652864137,33.423557351212686],[131.37838971268656,33.42290424202555],[131.37745264181623,33.423161436638175],[131.37499705681353,33.42321513332279],[131.37369879139374,33.422895356577854],[131.37303504218698,33.42255055213253],[131.37269903090058,33.421418661772115],[131.37252959840495,33.41732693945318],[131.3726842083851,33.416374478725395],[131.37275790956443,33.4162058939232],[131.37365573048675,33.41557961366024],[131.3738759862075,33.41488051966333],[131.37356978669123,33.41377460652078],[131.37358422480264,33.41367477740056],[131.3739854813881,33.413523908511586],[131.3743792361143,33.413366824894716],[131.37446698364,33.41301112819042],[131.37495701176468,33.41230526665062],[131.37488310913292,33.411536900198506],[131.37493704209143,33.41096915883696],[131.37533005913053,33.410483168430254],[131.375156643422,33.40954955673167],[131.37540808216184,33.40896942129498],[131.37606138330565,33.408317093747854],[131.37611338382757,33.40730002532534],[131.37868942749554,33.40592055040196],[131.37895478966476,33.40530485920535],[131.37879315927043,33.40383910846962],[131.37786977684183,33.40285657504759],[131.37958368793454,33.40327267026056],[131.38029092170262,33.40390243153467],[131.38059031576577,33.40430062105265],[131.38132711263577,33.404888723494324],[131.380670149133,33.407767620293065],[131.38190780805928,33.40719011048483],[131.38316587294628,33.40673724596797],[131.38349295414253,33.40666138877234],[131.38219279403367,33.40768812472043],[131.38166207238547,33.40882885809017],[131.38157830815825,33.40987681177295],[131.38225320660922,33.40950922897855],[131.38365845141792,33.40925125310561],[131.38405535122337,33.409352052427046],[131.38467659530457,33.40930909516521],[131.3849648238007,33.409512183675986],[131.3849351851561,33.40977451136474],[131.38505251832427,33.409784065767546],[131.3852819084569,33.40994826614984],[131.38582124894054,33.410556481553236],[131.38640768890485,33.4111253457733],[131.38574273578175,33.4122254093287],[131.38607488503024,33.41315994665397],[131.3871405965627,33.413589264745625],[131.38769276866898,33.41364720730848],[131.3893459815003,33.41406723512577],[131.3896761985043,33.414252665701774],[131.3898944183527,33.41477042363366],[131.3893024575026,33.41527205780852],[131.3892319413127,33.41543264851209],[131.3891846896686,33.415816969913756],[131.3892031369029,33.41595861228085],[131.38947968035635,33.41608828000959],[131.38993809084462,33.416075674722585],[131.39030287517764,33.41602602523316],[131.39071259492405,33.4160769705638],[131.39211395164364,33.41541610280597],[131.39250454650843,33.41517616351273],[131.39281055416635,33.41492905720131],[131.39365219929823,33.41501962429415],[131.39383566372018,33.41523164518539],[131.3939044607661,33.41616757769805],[131.39378835756554,33.41657448545519],[131.39395947474847,33.41701778705849],[131.39433031820644,33.41732241203398],[131.39529293875162,33.41851015792349],[131.39323268770292,33.42017209224733],[131.39249404843284,33.42095985152755],[131.3915650070395,33.42144699837753],[131.3910796939297,33.42170842954857],[131.3907208294634,33.4219549650564],[131.39058719467562,33.42279498814465],[131.39043669616584,33.42312650811836]]]},"properties":{"KEY_CODE":"442111340","PREF":"44","CITY":"211","CITY_NAME":"宇佐市","S_NAME":"安心院町楢本","SETAI":"83"}},{"type":"Feature","geometry":{"type":"Polygon","coordinates":[[[131.3993451120502,33.41194470868286],[131.39786453258515,33.41289109290274],[131.39722890713892,33.41431679565642],[131.39669814837117,33.41673984916508],[131.39529293875162,33.41851015792349],[131.39433031820644,33.41732241203398],[131.39395947474847,33.41701778705849],[131.39378835756554,33.41657448545519],[131.3939044607661,33.41616757769805],[131.39383566372018,33.41523164518539],[131.39365219929823,33.41501962429415],[131.39281055416635,33.41492905720131],[131.39250454650843,33.41517616351273],[131.39211395164364,33.41541610280597],[131.39071259492405,33.4160769705638],[131.39030287517764,33.41602602523316],[131.38993809084462,33.416075674722585],[131.38947968035635,33.41608828000959],[131.3892031369029,33.41595861228085],[131.3891846896686,33.415816969913756],[131.3892319413127,33.41543264851209],[131.3893024575026,33.41527205780852],[131.38989441835272,33.41477042363366],[131.3896761985043,33.414252665701774],[131.3893459815003,33.41406723512577],[131.38769276866898,33.41364720730848],[131.3871405965627,33.413589264745625],[131.38607488503024,33.41315994665392],[131.38574273578175,33.4122254093287],[131.38640768890485,33.4111253457733],[131.38582124894054,33.410556481553236],[131.3852819084569,33.40994826614984],[131.38505251832427,33.409784065767546],[131.3849351851561,33.40977451136474],[131.3849648238007,33.409512183675986],[131.38467659530457,33.40930909516521],[131.38405535122337,33.409352052427046],[131.38365845141792,33.40925125310561],[131.38225320660922,33.40950922897855],[131.38157830815825,33.409876811772975],[131.38166207238547,33.40882885809017],[131.38219279403367,33.40768812472043],[131.38349295414253,33.40666138877234],[131.38479889414577,33.40582584411546],[131.38513554866722,33.40567513669006],[131.3865286774476,33.406577103976495],[131.38712543202664,33.40689122094143],[131.3906680605657,33.40807741888208],[131.39339370092682,33.40851777252515],[131.39432616068714,33.40846493071698],[131.39614205586622,33.40848407310349],[131.39722999172807,33.40880484874207],[131.39832092298178,33.41084684080729],[131.3993451120502,33.41194470868286]]]},"properties":{"KEY_CODE":"442111350","PREF":"44","CITY":"211","CITY_NAME":"宇佐市","S_NAME":"安心院町東恵良","SETAI":"30"}},{"type":"Feature","geometry":{"type":"Polygon","coordinates":[[[131.40068763762608,33.41007951442879],[131.40007762465575,33.41123613454725],[131.3993451120502,33.41194470868288],[131.39832092298178,33.41084684080729],[131.39722999172807,33.40880484874207],[131.39614205586622,33.40848407310349],[131.39432616068714,33.40846493071698],[131.39339370092682,33.40851777252515],[131.3906680605657,33.40807741888208],[131.38712543202664,33.40689122094143],[131.3865286774476,33.406577103976495],[131.38513554866722,33.40567513669006],[131.38479889414577,33.40582584411546],[131.38349295414253,33.40666138877234],[131.38316587294628,33.40673724596797],[131.38190780805928,33.40719011048483],[131.380670149133,33.407767620293065],[131.38132711263577,33.404888723494324],[131.38059031576577,33.40430062105265],[131.38029092170262,33.40390243153467],[131.37958368793454,33.40327267026056],[131.37786977684183,33.40285657504759],[131.37751406093003,33.4025488282991],[131.37573946951125,33.40239659754208],[131.37669248882278,33.401153277811375],[131.37693074470397,33.399817376864796],[131.3768063968587,33.399003729386536],[131.37662045848884,33.39820316048374],[131.3771677103166,33.397607150757175],[131.37854238804962,33.3972834215422],[131.37977946011438,33.39742077159566],[131.38100972258707,33.39803778984666],[131.3821162480144,33.399382453188345],[131.38222056820527,33.40024240698887],[131.38236361021455,33.40087607673376],[131.3824069093027,33.4010932304949],[131.38287505867163,33.40166383482856],[131.38312717149108,33.4018359997734],[131.38329724894146,33.40200397766991],[131.38340331512936,33.40205687153878],[131.3837251270795,33.4021401288356],[131.38372104203393,33.40241061668403],[131.38436362621863,33.40256948726426],[131.384004263104,33.400832118328175],[131.38511115497224,33.40042320218216],[131.3855722976998,33.39986425794898],[131.38604862806585,33.39819021656927],[131.38726363017537,33.39717272773566],[131.38933547562675,33.39616941173007],[131.390248826066,33.39532176332647],[131.39051272385254,33.39491769834045],[131.3916339015868,33.3955017323265],[131.39209059020212,33.39497781879376],[131.3932388876662,33.39549250534063],[131.39645910741223,33.39559258840968],[131.40018897107254,33.397285204539735],[131.4013264524018,33.39751616609019],[131.403628708549,33.397367051308606],[131.40377749468703,33.39861698478283],[131.40414665231236,33.40132652524279],[131.40334782696132,33.40379488176931],[131.40216883108076,33.40624167485849],[131.40068763762608,33.41007951442879]]]},"properties":{"KEY_CODE":"442111360","PREF":"44","CITY":"211","CITY_NAME":"宇佐市","S_NAME":"安心院町尾立","SETAI":"63"}},{"type":"Feature","geometry":{"type":"Polygon","coordinates":[[[131.3771677103166,33.397607150757175],[131.37662045848884,33.39820316048374],[131.3768063968587,33.399003729386536],[131.37693074470397,33.399817376864796],[131.37669248882278,33.401153277811375],[131.37573946951125,33.40239659754208],[131.3746304833185,33.4033611362209],[131.37411733435633,33.404086791775995],[131.37242509603192,33.40506324961596],[131.37218648765872,33.40592938413819],[131.3717631580417,33.406725409902975],[131.37149070552076,33.40707063140359],[131.37144672603412,33.407865523569235],[131.37116045602397,33.40867878523432],[131.37019893992388,33.41051843714891],[131.36954336719808,33.41121800236234],[131.3681448593802,33.4119197690284],[131.36606627469203,33.41254406572215],[131.36373877063147,33.41285997707996],[131.36382002860478,33.41182239343271],[131.36368027698703,33.4112908718747],[131.3624393089875,33.40927325584884],[131.36256122016312,33.408076113853205],[131.36315712805967,33.406407751762984],[131.36298714910586,33.40498096424393],[131.36054079004785,33.40178778616605],[131.36043810011066,33.40000619402405],[131.3609824538313,33.398657152378256],[131.36331905957564,33.396077002185194],[131.36396345457095,33.39420354806894],[131.36420275440923,33.39189567907317],[131.3639990620284,33.38875550456251],[131.36348289615606,33.387365343040216],[131.36394583909487,33.38518078733088],[131.3637005835217,33.38301106564617],[131.3632895447158,33.381250367482515],[131.36329132486557,33.3798714992908],[131.36393944717287,33.37826728113328],[131.364619976218,33.375328832944305],[131.3646611671139,33.37425629203631],[131.36530664997812,33.37384581376453],[131.367511387292,33.37303622631019],[131.3694497859378,33.37134173862805],[131.37010062941187,33.37260276867611],[131.37023126839046,33.374615789078746],[131.37022033373646,33.37535512487967],[131.37068929299255,33.37641551293823],[131.37073095130546,33.377374896848266],[131.37177389168951,33.378826785519635],[131.37134828917814,33.381297708889605],[131.37195383422642,33.3824756618499],[131.37307615055173,33.38282182769881],[131.37440270027125,33.38340249179819],[131.37495161915186,33.384034476867754],[131.37526752279126,33.38421480543837],[131.37531117023175,33.38474294178867],[131.3753557870812,33.38481684447418],[131.375892191933,33.38452811125102],[131.3761378667619,33.38428657683868],[131.37675554436342,33.384053172770365],[131.37721105487307,33.383789370904104],[131.3779916102205,33.38342301906151],[131.37865807565493,33.383875030694036],[131.379226553152,33.384577743297555],[131.37957300727552,33.384628173967975],[131.38018339637327,33.38502417427625],[131.38042813535952,33.38544468786634],[131.38051236957733,33.38555210490767],[131.38081361255675,33.38612225150094],[131.38096235602418,33.38747776087813],[131.38093375915983,33.388460166012834],[131.38098077986277,33.38877047225934],[131.38087415534,33.38931509323333],[131.37899913835767,33.3903797419445],[131.378254256929,33.39058613458941],[131.37802657145033,33.39083078311609],[131.37767415422087,33.39275041525656],[131.37823067045127,33.393854907607846],[131.37911993145687,33.394422575153186],[131.378673053049,33.3948042056416],[131.378629646305,33.39493092676364],[131.3785678523618,33.395354594868394],[131.37863713489665,33.395667509883324],[131.3784046816692,33.395910235356354],[131.3780191671872,33.396096435508404],[131.3779649586949,33.396136142071356],[131.37787383116594,33.396447544714576],[131.37725444067357,33.39713197841902],[131.3768381491907,33.397319896668506],[131.37684255248402,33.39734332545973],[131.37686005752244,33.39741270444395],[131.37703145094807,33.397517681214765],[131.37720556452942,33.39750723046224],[131.3771677103166,33.397607150757175]]]},"properties":{"KEY_CODE":"442111370","PREF":"44","CITY":"211","CITY_NAME":"宇佐市","S_NAME":"安心院町松本","SETAI":"51"}},{"type":"Feature","geometry":{"type":"Polygon","coordinates":[[[131.40405970486808,33.394490984636995],[131.40370846196575,33.395645492397264],[131.40365928150348,33.3969505302326],[131.403628708549,33.397367051308606],[131.4013264524018,33.39751616609019],[131.40018897107254,33.397285204539735],[131.39645910741223,33.39559258840968],[131.3932388876662,33.39549250534063],[131.39209059020212,33.39497781879376],[131.3916339015868,33.3955017323265],[131.39051272385254,33.39491769834045],[131.39098743566356,33.39371443908139],[131.3910195723033,33.39279182746288],[131.3905046183229,33.39261650643301],[131.3903106260763,33.39227267048951],[131.3901094457141,33.39150561091215],[131.39004179542005,33.38883154981454],[131.39066703923277,33.3876427020713],[131.39094912454314,33.38641782096831],[131.3923005592716,33.384327151224575],[131.3925239303244,33.384921329613576],[131.39382472583577,33.38594637705714],[131.39418535330324,33.38671883562825],[131.3936705502985,33.38823413005152],[131.39505679967007,33.388619783795306],[131.3954288858429,33.38925095374941],[131.39554174902182,33.38935822935551],[131.39652822034196,33.3900748326643],[131.3962427988284,33.390842651714806],[131.39789651532433,33.39091129090713],[131.40024088641357,33.39019054072898],[131.40131621883845,33.39015338295297],[131.40286117920894,33.39012815994067],[131.40449007602786,33.38980037985232],[131.40428775781263,33.390583990109725],[131.40422387475462,33.39197328652428],[131.40405970486808,33.394490984636995]]]},"properties":{"KEY_CODE":"442111380","PREF":"44","CITY":"211","CITY_NAME":"宇佐市","S_NAME":"安心院町六郎丸","SETAI":"60"}},{"type":"Feature","geometry":{"type":"Polygon","coordinates":[[[131.38726363017537,33.39717272773566],[131.38604862806594,33.39819021656927],[131.3855722976998,33.39986425794898],[131.38511115497224,33.40042320218216],[131.384004263104,33.400832118328175],[131.38436362621863,33.40256948726426],[131.38372104203393,33.40241061668403],[131.3837251270795,33.4021401288356],[131.38340331512936,33.40205687153878],[131.38329724894146,33.40200397766991],[131.38312717149108,33.4018359997734],[131.38287505867163,33.40166383482856],[131.3824069093027,33.4010932304949],[131.38236361021455,33.40087607673376],[131.38222056820527,33.40024240698887],[131.3821162480144,33.39938245318837],[131.38100972258707,33.39803778984666],[131.37977946011438,33.39742077159566],[131.37854238804962,33.3972834215422],[131.3771677103166,33.397607150757175],[131.37720556452942,33.39750723046224],[131.37703145094807,33.397517681214765],[131.37686005752244,33.39741270444395],[131.37684255248402,33.39734332545973],[131.3768381491907,33.397319896668506],[131.37725444067357,33.39713197841902],[131.37787383116594,33.396447544714576],[131.3779649586949,33.396136142071356],[131.3780191671872,33.396096435508404],[131.3784046816692,33.395910235356354],[131.37863713489665,33.395667509883324],[131.3785678523618,33.395354594868394],[131.378629646305,33.39493092676364],[131.378673053049,33.3948042056416],[131.37911993145687,33.394422575153186],[131.3800534039803,33.39462629152826],[131.38006064811543,33.395025149040265],[131.38035409324132,33.39574560530947],[131.38168357627296,33.39556089173717],[131.38251160534688,33.39524843489969],[131.3828284816387,33.39495079898139],[131.38296996271006,33.39485658343024],[131.38360567439744,33.39454635310173],[131.3837637778841,33.39447811880381],[131.38467424700784,33.39422462192476],[131.38502057740547,33.39402517234698],[131.38616645207776,33.3940250924866],[131.38612241697783,33.39295671889506],[131.38740696647838,33.39255577282454],[131.3876441514765,33.39244254425886],[131.38785190074515,33.39250049750134],[131.38807778381866,33.39252683339601],[131.38817978961097,33.39222015795205],[131.38828884244012,33.39212670948181],[131.38888999463958,33.39216898382352],[131.389275970018,33.391698869382395],[131.3901094457141,33.39150561091215],[131.3903106260763,33.39227267048951],[131.3905046183229,33.39261650643301],[131.3910195723033,33.39279182746288],[131.39098743566356,33.39371443908139],[131.390248826066,33.39532176332647],[131.38933547562675,33.39616941173007],[131.38726363017537,33.39717272773566]]]},"properties":{"KEY_CODE":"442111390","PREF":"44","CITY":"211","CITY_NAME":"宇佐市","S_NAME":"安心院町川崎","SETAI":"21"}},{"type":"Feature","geometry":{"type":"Polygon","coordinates":[[[131.3837637778841,33.39447811880381],[131.38360567439744,33.39454635310173],[131.38296996271006,33.39485658343024],[131.3828284816387,33.39495079898139],[131.38251160534688,33.39524843489969],[131.38168357627296,33.39556089173717],[131.38035409324132,33.39574560530947],[131.38006064811543,33.395025149040265],[131.3800534039803,33.39462629152826],[131.37911993145687,33.394422575153186],[131.37823067045127,33.393854907607846],[131.37767415422087,33.39275041525656],[131.37802657145033,33.39083078311609],[131.378254256929,33.39058613458941],[131.37899913835767,33.3903797419445],[131.38087415534,33.38931509323333],[131.38098077986277,33.38877047225934],[131.38093375915983,33.388460166012834],[131.38096235602418,33.38747776087813],[131.38081361255675,33.38612225150094],[131.38051236957733,33.38555210490767],[131.38042813535952,33.38544468786634],[131.38018339637327,33.38502417427625],[131.37957300727552,33.384628173967975],[131.379226553152,33.384577743297555],[131.37865807565493,33.383875030694036],[131.3779916102205,33.38342301906151],[131.37721105487307,33.383789370904104],[131.37675554436342,33.384053172770365],[131.3761378667619,33.38428657683868],[131.375892191933,33.38452811125102],[131.3753557870812,33.38481684447418],[131.37531117023175,33.38474294178867],[131.37526752279126,33.38421480543837],[131.37495161915186,33.384034476867754],[131.37440270027125,33.38340249179819],[131.37307615055173,33.38282182769881],[131.37195383422642,33.3824756618499],[131.37134828917814,33.381297708889605],[131.37177389168951,33.378826785519635],[131.37073095130546,33.377374896848266],[131.37068929299255,33.37641551293823],[131.37022033373646,33.37535512487967],[131.37023126839046,33.374615789078746],[131.37010062941187,33.37260276867611],[131.3694497859378,33.37134173862805],[131.37004359593374,33.37065014176458],[131.37016273506373,33.36967309322357],[131.37020110176914,33.36902952253903],[131.37052989449248,33.36900553763515],[131.37115024094174,33.36825680733173],[131.37134577894426,33.3675208370895],[131.371260548432,33.365234503324665],[131.37106887345743,33.36369538910756],[131.3711869792146,33.36248853337271],[131.37096716145746,33.36073116115843],[131.37033182326363,33.35952652193098],[131.36957575840125,33.3589542449692],[131.36918724685677,33.35779486489377],[131.3690081819099,33.35696073633701],[131.3691141391813,33.35506027273722],[131.36970617673458,33.35484538952345],[131.37006860726402,33.353460148280035],[131.37142153791658,33.353672170853336],[131.3727075817901,33.35446872661854],[131.37276830921766,33.35472704033323],[131.37288903971984,33.35506019372141],[131.37364661195807,33.35548309198885],[131.374430350072,33.35620607701714],[131.37458246818878,33.35691439404921],[131.374734108372,33.35749760057226],[131.37575207605423,33.35833660965458],[131.37680148672646,33.3583750032792],[131.37842384987218,33.35866177757805],[131.37866212047288,33.358560961792506],[131.37913215377384,33.35917651776491],[131.37954786058324,33.35986730216445],[131.37938172803783,33.360551571409346],[131.37948239637615,33.36083472901109],[131.37944398789614,33.36116006234224],[131.37973354801383,33.36141764919073],[131.3796359322609,33.36184319933203],[131.3798834283682,33.36271789577256],[131.3803715278304,33.36288313122211],[131.38116041222915,33.36359772795109],[131.38174531757687,33.36429627153821],[131.38212349811712,33.36435343883433],[131.38304588712955,33.36488417125405],[131.38496300832364,33.36770475117831],[131.38530122624266,33.36795850630736],[131.3874028568311,33.36762411687222],[131.3886770128404,33.36955461637957],[131.38879370969934,33.370693182324295],[131.38924130344893,33.37089455405623],[131.38999177867254,33.37223390321108],[131.39011690619785,33.37316963724035],[131.38975026816908,33.374434572500185],[131.38990700166133,33.3761971159292],[131.39013364327926,33.37692966976146],[131.39003672438122,33.377003246921824],[131.39005129163093,33.377474103699086],[131.39042087314218,33.37916816537796],[131.3905577939726,33.38047576843216],[131.39157287913545,33.38134105211894],[131.392911663611,33.38338779539423],[131.3923005592716,33.384327151224575],[131.39094912454314,33.38641782096831],[131.39066703923277,33.3876427020713],[131.39004179542005,33.38883154981454],[131.3901094457141,33.39150561091215],[131.389275970018,33.391698869382395],[131.38888999463958,33.39216898382352],[131.38828884244012,33.39212670948181],[131.38817978961097,33.39222015795205],[131.38807778381866,33.39252683339601],[131.38785190074515,33.39250049750134],[131.3876441514765,33.39244254425886],[131.38740696647838,33.39255577282454],[131.38612241697783,33.39295671889506],[131.38616645207776,33.3940250924866],[131.38502057740547,33.39402517234698],[131.38467424700784,33.39422462192476],[131.3837637778841,33.39447811880381]]]},"properties":{"KEY_CODE":"442111400","PREF":"44","CITY":"211","CITY_NAME":"宇佐市","S_NAME":"安心院町板場","SETAI":"39"}},{"type":"Feature","geometry":{"type":"Polygon","coordinates":[[[131.40131621883845,33.39015338295297],[131.40024088641357,33.390190540728995],[131.39789651532433,33.39091129090713],[131.3962427988284,33.390842651714806],[131.39652822034196,33.39007483266429],[131.39554174902182,33.38935822935551],[131.3954288858429,33.38925095374941],[131.39505679967007,33.388619783795306],[131.3936705502985,33.38823413005157],[131.39418535330324,33.38671883562825],[131.39382472583577,33.38594637705714],[131.3925239303244,33.384921329613576],[131.39230055927158,33.384327151224575],[131.392911663611,33.38338779539423],[131.39482977578166,33.382176982587616],[131.39548319202913,33.38234178437235],[131.3963724677152,33.38328469605979],[131.3973222492908,33.38367319944808],[131.39750235947875,33.38248552124787],[131.39847019667596,33.38256531641672],[131.39905790040123,33.38387513145852],[131.40154795845658,33.38410227585333],[131.40210263217116,33.384443536789526],[131.40250563182715,33.38548077297345],[131.40252373179987,33.387019961752415],[131.40370230382348,33.388295715919945],[131.4049488521288,33.389100107569675],[131.40449007602786,33.3898003798523],[131.40286117920894,33.39012815994067],[131.40131621883845,33.39015338295297]]]},"properties":{"KEY_CODE":"442111410","PREF":"44","CITY":"211","CITY_NAME":"宇佐市","S_NAME":"安心院町五郎丸","SETAI":"24"}},{"type":"Feature","geometry":{"type":"Polygon","coordinates":[[[131.4083961916723,33.38732415131291],[131.40596905815104,33.388179117653294],[131.4049488521288,33.389100107569675],[131.40370230382348,33.388295715919945],[131.40252373179987,33.387019961752415],[131.40250563182715,33.38548077297345],[131.40210263217116,33.384443536789526],[131.40154795845658,33.38410227585333],[131.39905790040123,33.38387513145852],[131.39847019667596,33.38256531641672],[131.39750235947875,33.38248552124787],[131.3973222492908,33.38367319944808],[131.3963724677152,33.38328469605979],[131.39548319202913,33.38234178437235],[131.39482977578166,33.382176982587616],[131.392911663611,33.38338779539423],[131.39157287913545,33.38134105211894],[131.3905577939726,33.38047576843219],[131.39042087314218,33.37916816537796],[131.39005129163093,33.377474103699086],[131.39003672438122,33.377003246921824],[131.39013364327926,33.37692966976146],[131.39303375427463,33.37705079995227],[131.39357281769023,33.37640638998307],[131.3959149481361,33.374742240339934],[131.396816406143,33.378160889838895],[131.39770316395214,33.37924067717867],[131.3990842244531,33.37931828965673],[131.40210810746615,33.37924110437272],[131.4030066456279,33.3789842599234],[131.4055368081004,33.37808724903774],[131.40638962148446,33.37757662387969],[131.40762917419346,33.37668915298454],[131.4067178521638,33.37830856184301],[131.40601671373312,33.38013997329211],[131.40610162458117,33.381763142594046],[131.40737999167217,33.38339856623604],[131.4083961916723,33.38732415131291]]]},"properties":{"KEY_CODE":"442111420","PREF":"44","CITY":"211","CITY_NAME":"宇佐市","S_NAME":"安心院町若林","SETAI":"17"}},{"type":"Feature","geometry":{"type":"Polygon","coordinates":[[[131.3990842244531,33.37931828965673],[131.39770316395214,33.37924067717867],[131.396816406143,33.378160889838895],[131.3959149481361,33.37474224033993],[131.3979619304727,33.373192067501044],[131.3983255757073,33.3719361757397],[131.39851095910498,33.371381519115104],[131.3976017700142,33.37020042635379],[131.39690795145046,33.36936625777432],[131.39712644344027,33.368974485469025],[131.3977211017959,33.36865205857547],[131.39785799255182,33.36740236816717],[131.39709550762635,33.36642176790771],[131.39717110173004,33.36523744788521],[131.39667561610824,33.36383775821562],[131.39638270683957,33.362817597777344],[131.39621431726462,33.36211206660958],[131.39718210347039,33.36050662733317],[131.39710905442016,33.36011037389977],[131.39631728985395,33.35909735747195],[131.3965609857632,33.357836479189885],[131.3970836446189,33.35737309475275],[131.39703093386248,33.35647165150179],[131.3972299293402,33.3560582244893],[131.3986011984793,33.356303502455326],[131.39945425944245,33.355849889816604],[131.39947210225725,33.35550222744949],[131.3989869115475,33.3535322943919],[131.39895337937065,33.35327711924754],[131.39907525931352,33.353016042146315],[131.3996859145589,33.352688146723935],[131.3999734685658,33.35182364028627],[131.3997905391104,33.35148749910731],[131.40088374570377,33.350451958766165],[131.40128721304347,33.35003240219236],[131.40134720490175,33.35005231483321],[131.4016663127428,33.350098975119764],[131.40223773942063,33.35014539407303],[131.402710920346,33.35032277310694],[131.4031293025606,33.350414463658936],[131.40396837858995,33.350686833290524],[131.4041462076206,33.35076238553864],[131.40506141702238,33.35099469264999],[131.40523426140246,33.351027535458684],[131.40563132023223,33.35107237510803],[131.40582522636964,33.35105788013917],[131.4067936443306,33.350963748015616],[131.4067758282662,33.35036227680992],[131.40724779410135,33.35027059028123],[131.40771882596496,33.34997174023852],[131.40823142796916,33.34939344976178],[131.40833845937593,33.34932102645193],[131.40925171880826,33.34946205580347],[131.4094935193597,33.34951078955307],[131.41028731626497,33.3493639524327],[131.41125207371869,33.34906347607629],[131.4118839088072,33.34873705725646],[131.41396123487158,33.34874358005938],[131.4143908544289,33.34878718099903],[131.41569115311933,33.34906206467582],[131.41618463695607,33.34898833617245],[131.4162032525631,33.34895833513328],[131.4162462960495,33.34934674487802],[131.41695791949735,33.350207388338276],[131.4186519096389,33.35174418000877],[131.41975350502574,33.35229538206666],[131.4217634252856,33.35265166280195],[131.42342514781157,33.35340905539142],[131.42664799560455,33.35425501606207],[131.42767804892497,33.35508799765171],[131.42998576285098,33.35570846656275],[131.43186935541743,33.35642362325487],[131.43298175023656,33.35734855540162],[131.43275776576942,33.360379727620646],[131.4315240778537,33.36299248181475],[131.43079377296095,33.3650324943073],[131.4293450479665,33.366028832313795],[131.42868741572653,33.36736506018166],[131.4272645917631,33.36922014901885],[131.42653768914508,33.36977085936331],[131.4259548953779,33.3708419009798],[131.4253707225141,33.37276724586742],[131.42381225826423,33.372507629367],[131.42231013245987,33.37152136654058],[131.4220172711666,33.37175992263871],[131.42005827070432,33.37202247503222],[131.41719976022318,33.374371639586585],[131.4168624070686,33.374422693745146],[131.41594706815349,33.37431616741449],[131.41487509389094,33.374470546430366],[131.41433035258194,33.374426692571916],[131.41409267549332,33.37483867655517],[131.41388637633506,33.374976431938684],[131.4130811761229,33.37512532192679],[131.41120308630005,33.375245810017],[131.40972134705117,33.375131991541934],[131.40923729507338,33.37526614717437],[131.40826370541228,33.375529822368705],[131.40754659658464,33.375906897495],[131.40749335714256,33.376172042219174],[131.40762917419346,33.37668915298454],[131.40638962148446,33.37757662387969],[131.4055368081004,33.378087249037726],[131.4030066456279,33.3789842599234],[131.40210810746612,33.37924110437272],[131.3990842244531,33.37931828965673]]]},"properties":{"KEY_CODE":"442111430","PREF":"44","CITY":"211","CITY_NAME":"宇佐市","S_NAME":"安心院町南畑","SETAI":"41"}},{"type":"Feature","geometry":{"type":"Polygon","coordinates":[[[131.3959149481361,33.374742240339934],[131.39357281769023,33.37640638998307],[131.39303375427463,33.37705079995227],[131.39013364327926,33.37692966976146],[131.38990700166133,33.3761971159292],[131.38975026816908,33.374434572500185],[131.39011690619785,33.37316963724032],[131.38999177867254,33.3722339032111],[131.38924130344893,33.370894554056235],[131.38879370969934,33.370693182324295],[131.3886770128404,33.36955461637957],[131.3874028568311,33.36762411687222],[131.38530122624266,33.36795850630736],[131.38496300832364,33.36770475117831],[131.38304588712955,33.3648841712541],[131.38212349811712,33.36435343883433],[131.38174531757687,33.36429627153821],[131.38116041222915,33.36359772795109],[131.3803715278304,33.36288313122211],[131.3798834283682,33.36271789577256],[131.3796359322609,33.36184319933203],[131.37973354801383,33.36141764919073],[131.37944398789614,33.36116006234224],[131.37948239637615,33.36083472901109],[131.37938172803783,33.360551571409346],[131.37954786058324,33.35986730216445],[131.37913215377384,33.35917651776491],[131.37866212047288,33.358560961792506],[131.37842384987218,33.35866177757805],[131.37680148672646,33.3583750032792],[131.37575207605423,33.35833660965462],[131.37473410837197,33.35749760057226],[131.37458246818878,33.35691439404921],[131.374430350072,33.356206077017156],[131.37364661195807,33.35548309198885],[131.37288903971984,33.35506019372141],[131.37276830921763,33.35472704033323],[131.3739038046416,33.35445699304457],[131.3748557367402,33.3545703782753],[131.3755996579562,33.354709340052274],[131.37631269372258,33.35458246477498],[131.3771298519044,33.353300191336096],[131.3777345501578,33.35100484289514],[131.37869292376107,33.35032874100222],[131.37926743190283,33.350260472485346],[131.38149933488347,33.349596964365524],[131.38477271765396,33.35028456916384],[131.3878589732947,33.350083558141364],[131.39100852201418,33.34851118187291],[131.39185698408147,33.34765254074527],[131.39468460100517,33.347261098394526],[131.3971537780197,33.34651345503341],[131.39904526003892,33.34513616835156],[131.400156205197,33.3453651697811],[131.4005036362912,33.345496945274235],[131.40150624507646,33.34585925529171],[131.40176983487586,33.34604026269087],[131.40200369031896,33.34625292438785],[131.40223357087845,33.346550269138916],[131.40223099574425,33.34676371597211],[131.4019505632259,33.34738806093233],[131.40193947075755,33.34748484702374],[131.40168388211598,33.34802746694102],[131.40128101043828,33.34836439175343],[131.40074954820474,33.34865099104043],[131.4002756728202,33.34906612940549],[131.40038028826842,33.34939654201226],[131.4007602745784,33.34971998386231],[131.40088374570377,33.350451958766165],[131.3997905391104,33.35148749910731],[131.3999734685658,33.35182364028627],[131.3996859145589,33.352688146723935],[131.39907525931352,33.353016042146315],[131.39895337937065,33.35327711924754],[131.3989869115475,33.3535322943919],[131.39947210225725,33.35550222744949],[131.39945425944245,33.355849889816604],[131.3986011984793,33.356303502455326],[131.3972299293402,33.3560582244893],[131.39703093386248,33.35647165150179],[131.39708364461893,33.357373094752745],[131.3965609857632,33.357836479189885],[131.39631728985395,33.35909735747195],[131.39710905442016,33.36011037389977],[131.39718210347039,33.36050662733317],[131.3962143172646,33.36211206660958],[131.39638270683957,33.362817597777344],[131.39667561610824,33.36383775821562],[131.39717110173004,33.36523744788521],[131.39709550762635,33.36642176790771],[131.39785799255182,33.36740236816717],[131.3977211017959,33.36865205857547],[131.39712644344027,33.368974485469025],[131.39690795145046,33.36936625777432],[131.3976017700142,33.37020042635379],[131.39851095910498,33.371381519115104],[131.3983255757073,33.3719361757397],[131.3979619304727,33.373192067501044],[131.3959149481361,33.374742240339934]]]},"properties":{"KEY_CODE":"442111440","PREF":"44","CITY":"211","CITY_NAME":"宇佐市","S_NAME":"安心院町東椎屋","SETAI":"30"}},{"type":"Feature","geometry":{"type":"Polygon","coordinates":[[[131.4017427050877,33.34599199326645],[131.40150624507646,33.34585925529171],[131.4005036362912,33.345496945274235],[131.400156205197,33.3453651697811],[131.39904526003892,33.34513616835156],[131.3971537780197,33.34651345503341],[131.39468460100517,33.347261098394526],[131.39185698408147,33.34765254074527],[131.39100852201418,33.34851118187291],[131.38785897329478,33.350083558141364],[131.38477271765396,33.35028456916384],[131.38149933488347,33.349596964365524],[131.37926743190283,33.350260472485346],[131.37869292376107,33.35032874100222],[131.3777345501578,33.35100484289514],[131.3771298519044,33.353300191336096],[131.37631269372258,33.35458246477498],[131.3755996579562,33.354709340052274],[131.3748557367402,33.3545703782753],[131.3739038046416,33.35445699304457],[131.37276830921763,33.35472704033323],[131.3727075817901,33.35446872661854],[131.37142153791658,33.353672170853336],[131.37006860726402,33.353460148280035],[131.37023294168472,33.35292141926297],[131.3701199110415,33.35247782370924],[131.3702455297058,33.352135575780835],[131.3699328837218,33.35079579295051],[131.36981978229173,33.35033441102004],[131.36884717544524,33.3500620937339],[131.36818357670768,33.34962459506539],[131.3680507588913,33.34887025922928],[131.36810329419666,33.34877686784512],[131.3683397799964,33.34834996493003],[131.36791303326947,33.34694392182466],[131.36724077477598,33.346324386564554],[131.36636509196225,33.345794292917645],[131.3658642327824,33.345649275268315],[131.36578874055127,33.34531654700493],[131.36582093230814,33.34477924335391],[131.36564029004913,33.343350266482275],[131.36485471355368,33.3409286131203],[131.36391202513138,33.33954629662166],[131.36353581419868,33.338175593760056],[131.3640321940242,33.335796727995515],[131.36473217449824,33.33514534656551],[131.364552537478,33.3349061639498],[131.36463859889358,33.334126759874295],[131.36615860214238,33.33162493946092],[131.36719295490528,33.329773809983585],[131.36798766085798,33.32900225477015],[131.37001233219868,33.327607617640844],[131.3719759610753,33.32587343859012],[131.3729588537707,33.324561851502686],[131.37331141404115,33.32465117814764],[131.37372284989078,33.324860115099575],[131.37475598667342,33.32551258167847],[131.3757195214703,33.325526458343056],[131.3772757816429,33.32568165522888],[131.3779153165163,33.32619774245523],[131.37819766752983,33.326516999520535],[131.37955372308983,33.32678233439528],[131.38074824679921,33.3268291159833],[131.38174265363727,33.327019735806594],[131.38240520490191,33.32705130982627],[131.3847962874908,33.326466664630885],[131.38647130505265,33.32623387670804],[131.38792993426742,33.32586277954583],[131.3888433231976,33.32589357036524],[131.3907293513416,33.325719026823606],[131.39184412487174,33.32588394309666],[131.39289238721793,33.32577525175729],[131.39424604796812,33.32550131407661],[131.39505777229002,33.32523750936391],[131.39640712802375,33.325127844887675],[131.39728962057336,33.32498172034319],[131.39876594336278,33.32520437661038],[131.39880640024128,33.325196250493285],[131.39904960248657,33.32785723389802],[131.39805429264453,33.329125788606206],[131.39801434267432,33.32993443413718],[131.3968576981183,33.33029483045512],[131.39741371070158,33.33160960583001],[131.39687305005134,33.33303303691977],[131.39679903180473,33.334032313425105],[131.39781745309062,33.335867807003595],[131.39890672300592,33.33657688677413],[131.39951333107652,33.33738481976954],[131.40054046299042,33.33759664809857],[131.39951336401353,33.33872756494707],[131.39907781788483,33.34057051559526],[131.4004454484514,33.34098997466685],[131.4003487392091,33.34178146933093],[131.40113917553992,33.342783159383536],[131.4025175594338,33.34295575789672],[131.40268196826648,33.345147759020406],[131.4017427050877,33.34599199326645]]]},"properties":{"KEY_CODE":"442111450","PREF":"44","CITY":"211","CITY_NAME":"宇佐市","S_NAME":"安心院町萱篭","SETAI":"23"}},{"type":"Feature","geometry":{"type":"Polygon","coordinates":[[[131.36054079004785,33.40178778616605],[131.35822554672217,33.40147220061713],[131.35678631271972,33.40164308421946],[131.35630213422252,33.40139041575504],[131.3563445904818,33.40020725031669],[131.3547532456751,33.39998454875286],[131.35072423393504,33.39951660910648],[131.34904753025685,33.399521329347785],[131.34759617807708,33.39903312788516],[131.3473974991183,33.398757716260874],[131.3471693823205,33.39773222252479],[131.34750655493863,33.396778511369185],[131.34923892205546,33.39533654514235],[131.34954857299934,33.39461315969697],[131.34877540728394,33.3919872487768],[131.3489471838545,33.39142951207044],[131.34882089180928,33.39077346405233],[131.34894020618853,33.38971081935343],[131.34941465997346,33.387593503666814],[131.3495331676324,33.38509059735254],[131.35007698406756,33.38352140535774],[131.35017858867587,33.383336274347876],[131.35075211807865,33.38300459564616],[131.35147404847623,33.38238202073495],[131.3515947691102,33.382058201165414],[131.35306434805983,33.38132125190403],[131.3533862070728,33.381069489830274],[131.35369181263093,33.38070555772318],[131.3542894280603,33.380499219245806],[131.35453972910148,33.38008260758121],[131.35430996667398,33.37893298373536],[131.35426503884466,33.37866602279524],[131.35470849612133,33.37846407044433],[131.35462019902718,33.37815416079279],[131.35473618702096,33.377688633964105],[131.35464092529492,33.37700776786794],[131.35429824022097,33.37658609160814],[131.35410095707726,33.37623092265394],[131.35427708594685,33.375844261945005],[131.35416760946734,33.37449522662217],[131.35437672299085,33.374055812725565],[131.35427900019005,33.37356159324923],[131.35443769308367,33.37320421249379],[131.354270154893,33.3728215570435],[131.35426509006604,33.37253666876194],[131.35429493427867,33.37219603203515],[131.35426391478248,33.37177364715203],[131.35437642357874,33.371580139387724],[131.35464523377857,33.371412357395215],[131.35476254601286,33.37096668776454],[131.3549650384331,33.370821987056615],[131.3549481158097,33.370501134271166],[131.3552447460948,33.36997306454784],[131.3553843519806,33.36972379439953],[131.35576329697784,33.369267513802626],[131.35578477179394,33.368789366057634],[131.35585978147657,33.36850097305137],[131.35582836467634,33.36846503106759],[131.35559707143076,33.36824630541484],[131.35549028030806,33.36792567654345],[131.35553624697891,33.36769960446583],[131.3556271203073,33.36699855436865],[131.35577061103947,33.366745995204084],[131.35580516520756,33.3661204084891],[131.3559620765115,33.36533076227084],[131.35651875430614,33.364412254752516],[131.35664858197143,33.363694710658024],[131.35700148245544,33.361846390929074],[131.3567358725555,33.36034694463357],[131.35603574600782,33.35945568304235],[131.3555608548429,33.35762424578612],[131.35571822616794,33.35575633299243],[131.3549417201965,33.35409863288854],[131.3549230583967,33.352888309169636],[131.35490708811326,33.35064046257375],[131.354690748298,33.34812808759761],[131.35490355796205,33.34636376268987],[131.35532887572523,33.3457087534187],[131.35579476913037,33.34521954955779],[131.35592608293518,33.344858569586044],[131.35626552878193,33.344359157703835],[131.35650202844855,33.343641421891],[131.35661817683484,33.34325716679897],[131.35738222289243,33.342461458937],[131.3575597074791,33.341608994216045],[131.35788089205528,33.341257032086745],[131.35792413487113,33.34116916835674],[131.35781816988083,33.34084769130869],[131.35828032373175,33.33977865761411],[131.3584797047501,33.3394928821573],[131.3589741393713,33.33780215113283],[131.3589138273559,33.337058196324755],[131.3594311536362,33.336150693883404],[131.35917122184134,33.33474451980063],[131.358692482879,33.33369099721466],[131.36208166079481,33.33178454125182],[131.36333173668666,33.33038136399093],[131.36440883270745,33.32837677929365],[131.3649424256393,33.32726160810379],[131.36562194981556,33.326732873960786],[131.36820084240136,33.32565665623843],[131.37089539263746,33.32436935694744],[131.37223994737516,33.32415453114629],[131.3729588537707,33.324561851502686],[131.37197596107532,33.32587343859012],[131.37001233219868,33.327607617640844],[131.36798766085798,33.32900225477015],[131.36719295490528,33.329773809983585],[131.36615860214238,33.33162493946092],[131.36463859889355,33.33412675987429],[131.364552537478,33.3349061639498],[131.36473217449824,33.33514534656551],[131.3640321940242,33.335796727995515],[131.36353581419868,33.338175593760056],[131.36391202513138,33.33954629662166],[131.36485471355368,33.3409286131203],[131.36564029004913,33.343350266482275],[131.36582093230814,33.34477924335391],[131.36578874055127,33.34531654700493],[131.3658642327824,33.345649275268315],[131.36636509196225,33.345794292917645],[131.36724077477598,33.346324386564554],[131.36791303326947,33.34694392182466],[131.3683397799964,33.34834996493003],[131.36810329419666,33.34877686784512],[131.3680507588913,33.34887025922928],[131.36818357670768,33.34962459506539],[131.36884717544524,33.3500620937339],[131.36981978229173,33.35033441102004],[131.3699328837218,33.35079579295051],[131.3702455297058,33.352135575780835],[131.3701199110415,33.35247782370924],[131.37023294168472,33.35292141926297],[131.37006860726402,33.353460148280035],[131.36970617673458,33.35484538952345],[131.3691141391813,33.35506027273722],[131.3690081819099,33.35696073633701],[131.36918724685677,33.35779486489377],[131.36957575840125,33.3589542449692],[131.37033182326368,33.35952652193098],[131.37096716145746,33.36073116115843],[131.3711869792146,33.36248853337271],[131.37106887345743,33.36369538910756],[131.371260548432,33.365234503324665],[131.37134577894426,33.3675208370895],[131.37115024094174,33.36825680733173],[131.37052989449248,33.36900553763515],[131.37020110176914,33.36902952253903],[131.37016273506373,33.36967309322357],[131.37004359593374,33.37065014176458],[131.3694497859378,33.37134173862805],[131.367511387292,33.37303622631019],[131.36530664997812,33.37384581376453],[131.3646611671139,33.37425629203631],[131.364619976218,33.375328832944305],[131.36393944717287,33.37826728113328],[131.36329132486557,33.3798714992908],[131.3632895447158,33.381250367482515],[131.3637005835217,33.38301106564617],[131.36394583909487,33.38518078733088],[131.36348289615606,33.387365343040216],[131.3639990620284,33.38875550456251],[131.36420275440923,33.39189567907317],[131.36396345457095,33.39420354806894],[131.36331905957564,33.396077002185194],[131.3609824538313,33.398657152378256],[131.36043810011066,33.40000619402405],[131.36054079004785,33.40178778616605]]]},"properties":{"KEY_CODE":"442111460","PREF":"44","CITY":"211","CITY_NAME":"宇佐市","S_NAME":"安心院町筌ノ口","SETAI":"57"}},{"type":"Feature","geometry":{"type":"Polygon","coordinates":[[[131.35306434805983,33.38132125190403],[131.35159476911014,33.382058201165414],[131.35147404847623,33.38238202073495],[131.35075211807865,33.38300459564616],[131.35017858867587,33.383336274347876],[131.35007698406756,33.38352140535774],[131.3495331676324,33.38509059735254],[131.34941465997346,33.387593503666814],[131.34894020618853,33.38971081935343],[131.34882089180928,33.39077346405233],[131.3489471838545,33.39142951207044],[131.34877540728394,33.3919872487768],[131.34796847518464,33.39154489636344],[131.3466908316276,33.391222947325446],[131.34420775443337,33.39085271351331],[131.34388399412381,33.39028294078358],[131.3430151256542,33.3900808847528],[131.34228257392857,33.389878449292645],[131.34207459416925,33.38898898702305],[131.34251003071395,33.38753845508239],[131.3428657879503,33.38688346353554],[131.34291240170688,33.38679763398491],[131.34367387973515,33.386164095510004],[131.34425362920786,33.38583773781873],[131.3444030326985,33.38552462141205],[131.34438112158668,33.38480220234026],[131.34416227263745,33.38254254847766],[131.34454661119176,33.381408983106326],[131.3442743781772,33.380378113655496],[131.34497259951334,33.37982984466429],[131.34663011608237,33.379859224910625],[131.34686034402017,33.37967538787392],[131.34683807481636,33.379228482200695],[131.34818896164364,33.37881386536113],[131.35006324537142,33.378417762927604],[131.3507897309841,33.37841572352268],[131.35183021070202,33.37830371425576],[131.35426503884466,33.37866602279524],[131.35430996667398,33.37893298373536],[131.35453972910148,33.38008260758121],[131.3542894280603,33.380499219245806],[131.35369181263093,33.38070555772318],[131.3533862070728,33.381069489830274],[131.35306434805983,33.38132125190403]]]},"properties":{"KEY_CODE":"442111470","PREF":"44","CITY":"211","CITY_NAME":"宇佐市","S_NAME":"安心院町下内河野","SETAI":"17"}},{"type":"Feature","geometry":{"type":"Polygon","coordinates":[[[131.34287373243544,33.39691895909144],[131.34002113644826,33.39708989699262],[131.33671794521274,33.396947849696296],[131.33492745226647,33.39656741382127],[131.33589810698442,33.39415255060572],[131.33535055430045,33.39229698855577],[131.33471855359286,33.39230408486354],[131.33430446932536,33.39033766347114],[131.33431857390758,33.38955122165621],[131.33517904773768,33.38887741619549],[131.3355525626598,33.38796125795757],[131.3355734049441,33.3861825193809],[131.33508753777798,33.3854553093974],[131.33597200682703,33.38466627067423],[131.33621509190706,33.38158462306074],[131.3387698951435,33.3835173812048],[131.34162560810748,33.38393611106282],[131.34371473918748,33.38456554585938],[131.3434216335809,33.38551191234904],[131.34211731963677,33.3851183069812],[131.3416543656601,33.3862048737257],[131.34230676195776,33.38658697677802],[131.34285606988107,33.386880311079906],[131.3428657879503,33.38688346353553],[131.34251003071395,33.38753845508239],[131.34207459416925,33.38898898702305],[131.34228257392857,33.389878449292645],[131.3430151256542,33.3900808847528],[131.34388399412381,33.39028294078358],[131.34420775443337,33.39085271351331],[131.3433349922815,33.39203448848083],[131.3417407511597,33.392550041437545],[131.34226178258555,33.39367318201452],[131.34192652433907,33.395069300687055],[131.34287373243544,33.39691895909144]]]},"properties":{"KEY_CODE":"442111480","PREF":"44","CITY":"211","CITY_NAME":"宇佐市","S_NAME":"安心院町矢畑","SETAI":"47"}},{"type":"Feature","geometry":{"type":"Polygon","coordinates":[[[131.33227599379862,33.40122826692684],[131.33114817865152,33.402407403668036],[131.32960249243976,33.40287882628908],[131.32878550389972,33.40181133038911],[131.3296271758029,33.40143964280469],[131.329636530593,33.39954605783913],[131.3285911859891,33.398514316883784],[131.32946776604788,33.39718188219509],[131.3285876176492,33.39683783847634],[131.32898135701726,33.39605165034871],[131.3287094706403,33.39551110660219],[131.33056566174022,33.39466654093762],[131.3305269208254,33.393895350947865],[131.3322155097379,33.39340973546652],[131.33344580696524,33.392921228438105],[131.33300786614723,33.39402019761554],[131.33309787326553,33.394646923046174],[131.33253267191577,33.395707946381876],[131.33252087357218,33.3980602006183],[131.33227599379862,33.40122826692684]]]},"properties":{"KEY_CODE":"442111490","PREF":"44","CITY":"211","CITY_NAME":"宇佐市","S_NAME":"安心院町舟板","SETAI":"5"}},{"type":"Feature","geometry":{"type":"Polygon","coordinates":[[[131.32960249243976,33.40287882628908],[131.3285348398254,33.402979127756005],[131.3261557540896,33.40258078844596],[131.32458650229614,33.40308363428998],[131.32462684424587,33.4025894619476],[131.32461178682848,33.40182816467807],[131.3247942751645,33.400557698582006],[131.32480855390932,33.40001826137951],[131.324319266413,33.39869147418962],[131.32390204896356,33.3981327025887],[131.32355945458687,33.397935577295264],[131.32308668408157,33.397759291781654],[131.32246330078857,33.39757314213675],[131.32227222325665,33.39652897194268],[131.32177761074504,33.39485056517315],[131.3210570671533,33.394801230796794],[131.32047608890028,33.39507927126735],[131.3201830931019,33.39509369813221],[131.3173612797507,33.39361251028635],[131.3167461148597,33.39344682031243],[131.31558424453925,33.394023320613805],[131.31546241472802,33.39409875860205],[131.31541360986878,33.39410571647867],[131.31529068116893,33.393880681892945],[131.31544303899676,33.393245308670686],[131.31553042429252,33.392657897767904],[131.3161202750904,33.391900524853],[131.31635850630266,33.39116063858117],[131.31729842361463,33.38985522619264],[131.31805686860713,33.389215051331334],[131.318620819379,33.387410655032575],[131.31851663468163,33.38579145876251],[131.31760641458382,33.38461404846832],[131.31847547910195,33.384481950037845],[131.31929309254804,33.384768589307164],[131.31993212669576,33.38506642891269],[131.321234176687,33.385244866881806],[131.3220778394581,33.38562852403974],[131.32296177205953,33.388352705714176],[131.32434476002769,33.38969667660883],[131.32617981285318,33.390793491244025],[131.32688653278953,33.392107132675505],[131.3271998163922,33.39397800338848],[131.32767552857504,33.39492862155816],[131.3287094706403,33.39551110660219],[131.32898135701726,33.39605165034871],[131.3285876176492,33.39683783847634],[131.32946776604788,33.39718188219509],[131.3285911859891,33.398514316883784],[131.329636530593,33.39954605783913],[131.3296271758029,33.40143964280469],[131.32878550389972,33.40181133038911],[131.32960249243976,33.40287882628908]]]},"properties":{"KEY_CODE":"442111500","PREF":"44","CITY":"211","CITY_NAME":"宇佐市","S_NAME":"安心院町平山","SETAI":"11"}},{"type":"Feature","geometry":{"type":"Polygon","coordinates":[[[131.32212135263302,33.3848279307023],[131.3220778394581,33.38562852403974],[131.321234176687,33.385244866881806],[131.31993212669576,33.38506642891269],[131.31929309254804,33.384768589307164],[131.31847547910195,33.384481950037845],[131.31752277886818,33.38446439358662],[131.31723121448505,33.383606224535676],[131.31710325654961,33.383292761403276],[131.3171277635328,33.38305872089051],[131.31717861330347,33.38222623010006],[131.31749259701553,33.38140641105037],[131.31897900782593,33.380329240221066],[131.31915985105616,33.38025562105755],[131.32048012396032,33.37995958423158],[131.32086979436613,33.38013302714307],[131.32102408141623,33.38013826245293],[131.32206571947717,33.37976696106103],[131.32278312501518,33.37969193473052],[131.32303087639272,33.37958439066999],[131.3230706305651,33.37944921369756],[131.3229871871469,33.378650355629965],[131.3229260667681,33.37844791946451],[131.32242452500628,33.37740427891048],[131.32356630757644,33.37784772895824],[131.3249733948923,33.378032927724256],[131.32572869716213,33.377355535606206],[131.32596638280089,33.37702294807687],[131.32705299791064,33.377317697903734],[131.32745337151923,33.377337558267065],[131.3278886217802,33.377354897858865],[131.32802045895147,33.377987226885466],[131.32881346850286,33.37792049045949],[131.32897647240634,33.37805396651461],[131.32894437071656,33.37830806913318],[131.32963741583148,33.37875420599419],[131.3297768458532,33.37920639959996],[131.3297870616459,33.379719023872745],[131.33095089242588,33.380108459873874],[131.3312071061518,33.380842074763365],[131.33129467606992,33.38141915965275],[131.33073139775107,33.38178088040036],[131.330715736351,33.38201183578651],[131.33119647620273,33.38311432572418],[131.33095522552628,33.38414024179181],[131.3310429784612,33.38475885023312],[131.3304725651382,33.38542543181469],[131.32805714285175,33.383565575373346],[131.32677844914292,33.382839312040815],[131.32624799619833,33.38221732170252],[131.32600228917408,33.38204795594808],[131.32551070650283,33.381652550044926],[131.3237026474619,33.38058057148655],[131.32287486127757,33.38066064487742],[131.32246376305258,33.38145512405493],[131.32249082663228,33.38191550516664],[131.32274409414978,33.38299160680208],[131.32274572450305,33.383430781815754],[131.32212135263302,33.3848279307023]]]},"properties":{"KEY_CODE":"442111510","PREF":"44","CITY":"211","CITY_NAME":"宇佐市","S_NAME":"安心院町佛木","SETAI":"7"}},{"type":"Feature","geometry":{"type":"Polygon","coordinates":[[[131.3322155097379,33.39340973546652],[131.3305269208254,33.393895350947865],[131.33056566174022,33.39466654093762],[131.3287094706403,33.39551110660219],[131.32767552857504,33.39492862155816],[131.3271998163922,33.39397800338848],[131.32688653278953,33.392107132675505],[131.32617981285318,33.390793491244025],[131.32434476002769,33.38969667660883],[131.32296177205953,33.388352705714176],[131.3220778394581,33.38562852403974],[131.32341175640263,33.385331434542486],[131.3247969727601,33.38535510133402],[131.32537941973004,33.38608033028241],[131.32511564541542,33.38785201744438],[131.32534742886614,33.38881479968172],[131.3261110813499,33.3896345520365],[131.32741173391506,33.389432746984056],[131.32850698996447,33.388551440714565],[131.33027349420763,33.38942964994029],[131.331694719196,33.38951400999347],[131.33062565308407,33.39017270567422],[131.33126659138742,33.390655895930934],[131.33055231236534,33.39117046450613],[131.33063397576746,33.39163207962104],[131.33170423880128,33.39199869637916],[131.33132418463433,33.3927478668162],[131.3322155097379,33.39340973546652]]]},"properties":{"KEY_CODE":"442111520","PREF":"44","CITY":"211","CITY_NAME":"宇佐市","S_NAME":"安心院町新貝","SETAI":"11"}},{"type":"Feature","geometry":{"type":"Polygon","coordinates":[[[131.33344580696524,33.392921228438105],[131.3322155097379,33.39340973546652],[131.33132418463433,33.3927478668162],[131.33170423880128,33.39199869637916],[131.33063397576746,33.39163207962104],[131.33055231236534,33.39117046450613],[131.33126659138742,33.390655895930934],[131.33062565308407,33.39017270567422],[131.331694719196,33.38951400999347],[131.3316225561069,33.38865059022339],[131.3309397446374,33.388749384320704],[131.33162104259299,33.38753757211392],[131.33079224396883,33.38691167690437],[131.3304725651382,33.38542543181469],[131.3310429784612,33.38475885023312],[131.33095522552628,33.38414024179181],[131.33119647620273,33.38311432572418],[131.330715736351,33.38201183578651],[131.33073139775107,33.38178088040036],[131.33129467606992,33.38141915965275],[131.33231575080652,33.38128025338215],[131.33336023317423,33.380420319088934],[131.33497150656567,33.379735904709506],[131.33632292853224,33.379576760243154],[131.33621509190706,33.38158462306074],[131.33597200682703,33.38466627067423],[131.33508753777798,33.3854553093974],[131.3355734049441,33.3861825193809],[131.3355525626598,33.38796125795757],[131.33517904773768,33.38887741619549],[131.33431857390758,33.38955122165621],[131.33430446932536,33.39033766347114],[131.3334606929713,33.3902343299688],[131.33344580696524,33.392921228438105]]]},"properties":{"KEY_CODE":"442111530","PREF":"44","CITY":"211","CITY_NAME":"宇佐市","S_NAME":"安心院町川底","SETAI":"8"}},{"type":"Feature","geometry":{"type":"Polygon","coordinates":[[[131.331694719196,33.38951400999347],[131.33027349420763,33.38942964994029],[131.32850698996447,33.388551440714565],[131.32741173391506,33.389432746984056],[131.3261110813499,33.3896345520365],[131.32534742886614,33.38881479968172],[131.32511564541542,33.38785201744438],[131.32537941973004,33.38608033028241],[131.3247969727601,33.38535510133402],[131.32341175640263,33.385331434542486],[131.3220778394581,33.38562852403974],[131.32212135263302,33.3848279307023],[131.32274572450305,33.383430781815754],[131.32274409414978,33.38299160680208],[131.32249082663228,33.38191550516664],[131.32246376305258,33.38145512405493],[131.32287486127757,33.38066064487742],[131.3237026474619,33.38058057148655],[131.32551070650283,33.381652550044926],[131.32600228917408,33.38204795594808],[131.32624799619833,33.38221732170252],[131.32677844914292,33.382839312040815],[131.32805714285175,33.383565575373346],[131.3304725651382,33.38542543181469],[131.33079224396883,33.38691167690437],[131.33162104259299,33.38753757211392],[131.3309397446374,33.388749384320704],[131.3316225561069,33.38865059022339],[131.331694719196,33.38951400999347]]]},"properties":{"KEY_CODE":"442111540","PREF":"44","CITY":"211","CITY_NAME":"宇佐市","S_NAME":"安心院町境ノ坪","SETAI":"7"}},{"type":"Feature","geometry":{"type":"Polygon","coordinates":[[[131.32596638280089,33.37702294807687],[131.32572869716213,33.377355535606206],[131.3249733948923,33.378032927724256],[131.32356630757644,33.37784772895824],[131.32242452500628,33.37740427891048],[131.3222788937289,33.37742748314585],[131.32176159856164,33.376886173312485],[131.32210133254296,33.37591504665242],[131.31991077544706,33.37478370783222],[131.31918807415906,33.37356895285991],[131.31688886956783,33.37234685605293],[131.3161725155488,33.37162100762694],[131.31650941713266,33.37110091435003],[131.31738401727645,33.37062871768929],[131.3176835420773,33.36976759650392],[131.31808294232562,33.367111559764055],[131.32189297278498,33.36971025386989],[131.32215225456852,33.3716057585576],[131.32304309447352,33.37251919361575],[131.32492928696524,33.37530627971195],[131.32489557326844,33.375818979583684],[131.32596638280089,33.37702294807687]]]},"properties":{"KEY_CODE":"442111550","PREF":"44","CITY":"211","CITY_NAME":"宇佐市","S_NAME":"安心院町番木","SETAI":"0"}},{"type":"Feature","geometry":{"type":"Polygon","coordinates":[[[131.33632292853224,33.379576760243154],[131.33497150656567,33.379735904709506],[131.33336023317423,33.380420319088934],[131.33231575080652,33.38128025338215],[131.33129467606992,33.38141915965275],[131.3312071061518,33.380842074763365],[131.33095089242588,33.380108459873874],[131.3297870616459,33.379719023872745],[131.3297768458532,33.37920639959996],[131.32963741583148,33.37875420599419],[131.32894437071656,33.37830806913318],[131.32897647240634,33.37805396651461],[131.32881346850286,33.37792049045949],[131.32802045895147,33.377987226885466],[131.3278886217802,33.377354897858865],[131.32745337151923,33.377337558267065],[131.32705299791064,33.377317697903734],[131.32596638280089,33.37702294807687],[131.32489557326844,33.375818979583684],[131.32492928696524,33.37530627971195],[131.32304309447352,33.37251919361575],[131.32215225456852,33.3716057585576],[131.32189297278498,33.36971025386989],[131.31808294232562,33.367111559764055],[131.31864576892067,33.365631632363055],[131.3184933598605,33.36473116625854],[131.31778472361313,33.36395723260242],[131.3182963256592,33.36114068595988],[131.31975936077637,33.35892648628314],[131.32071642215718,33.35833593695451],[131.32326704146146,33.358592120046],[131.32548080949775,33.35781892078778],[131.3264379833827,33.357038005593395],[131.32793571166013,33.35757072230262],[131.33068606779906,33.35778459423703],[131.3316384999117,33.35854503324257],[131.3312630482498,33.35950803535943],[131.33059885180265,33.35997421800335],[131.33065766314976,33.36069279897142],[131.33038998591937,33.36139013501181],[131.3307016968657,33.362732838508286],[131.3315756332587,33.36367041055485],[131.33259137927837,33.36548114424965],[131.33339896625452,33.36629725883056],[131.3338728107825,33.36778878551578],[131.33411281916827,33.37022084436017],[131.33415046880828,33.37144817392413],[131.33535381320135,33.37227423729089],[131.33566820298435,33.37282565604044],[131.33530000719054,33.37523987628496],[131.33550399847746,33.37604067769095],[131.3364390856338,33.37771371443826],[131.33632292853224,33.379576760243154]]]},"properties":{"KEY_CODE":"442111560","PREF":"44","CITY":"211","CITY_NAME":"宇佐市","S_NAME":"安心院町村部","SETAI":"4"}},{"type":"Feature","geometry":{"type":"Polygon","coordinates":[[[131.3442743781772,33.380378113655496],[131.34454661119176,33.381408983106326],[131.34416227263745,33.38254254847766],[131.34438112158668,33.38480220234026],[131.3444030326985,33.38552462141205],[131.34425362920786,33.38583773781873],[131.34367387973515,33.386164095510004],[131.34291240170688,33.38679763398491],[131.3428657879503,33.38688346353553],[131.34285606988107,33.386880311079906],[131.34230676195776,33.38658697677802],[131.3416543656601,33.3862048737257],[131.34211731963677,33.3851183069812],[131.3434216335809,33.38551191234904],[131.34371473918748,33.38456554585938],[131.34162560810748,33.38393611106282],[131.3387698951435,33.3835173812048],[131.33621509190706,33.38158462306074],[131.33632292853224,33.379576760243154],[131.3364390856338,33.37771371443826],[131.33550399847746,33.37604067769095],[131.33530000719054,33.37523987628496],[131.33566820298435,33.37282565604044],[131.33535381320135,33.37227423729089],[131.33415046880828,33.37144817392413],[131.33411281916827,33.37022084436017],[131.33593703090276,33.37093386076665],[131.33968390155326,33.37199307503818],[131.3421599243084,33.37422148559066],[131.34437542333666,33.375475216951166],[131.3446323509564,33.3762824680379],[131.3441078302199,33.37653007808112],[131.34362372902422,33.37860920512876],[131.34411716883488,33.37882741943058],[131.34362229703225,33.379653298488535],[131.3442743781772,33.380378113655496]]]},"properties":{"KEY_CODE":"442111570","PREF":"44","CITY":"211","CITY_NAME":"宇佐市","S_NAME":"安心院町廣連","SETAI":"17"}},{"type":"Feature","geometry":{"type":"Polygon","coordinates":[[[131.34497259951334,33.37982984466429],[131.3442743781772,33.380378113655496],[131.34362229703225,33.379653298488535],[131.34411716883488,33.37882741943058],[131.34362372902422,33.37860920512876],[131.3441078302199,33.37653007808112],[131.3446323509564,33.3762824680379],[131.34437542333666,33.375475216951166],[131.3421599243084,33.37422148559066],[131.33968390155326,33.37199307503818],[131.33593703090276,33.37093386076665],[131.33411281916827,33.37022084436017],[131.3338728107825,33.36778878551578],[131.33339896625452,33.36629725883056],[131.33259137927837,33.36548114424965],[131.33318166981445,33.36423076359333],[131.33402065909925,33.36348234597733],[131.3355362544094,33.36356898527714],[131.33769665559032,33.36563024942181],[131.33890562884582,33.36730078861272],[131.33948470580094,33.36778321226076],[131.34147750074598,33.3684331721715],[131.34289652881031,33.36842926270096],[131.34408565758022,33.36806295637302],[131.34524421759514,33.36731876997793],[131.34659637329094,33.36898935633714],[131.34652376923322,33.36957048377426],[131.3456888710368,33.37074509282654],[131.34644948146016,33.37130294382536],[131.34661490022816,33.37209275965139],[131.3458696163409,33.37462783259886],[131.34512506002116,33.375770776857266],[131.34630624565847,33.376128590387616],[131.34677416896648,33.37764500150077],[131.34628304108853,33.37815401143634],[131.34683807481636,33.379228482200695],[131.34686034402017,33.37967538787392],[131.34663011608237,33.379859224910625],[131.34497259951334,33.37982984466429]]]},"properties":{"KEY_CODE":"442111580","PREF":"44","CITY":"211","CITY_NAME":"宇佐市","S_NAME":"安心院町水車","SETAI":"18"}},{"type":"Feature","geometry":{"type":"Polygon","coordinates":[[[131.34524421759514,33.36731876997793],[131.34408565758022,33.36806295637302],[131.34289652881031,33.36842926270096],[131.34147750074598,33.3684331721715],[131.33948470580094,33.36778321226076],[131.33890562884582,33.36730078861272],[131.33769665559032,33.36563024942181],[131.3355362544094,33.36356898527714],[131.33402065909925,33.36348234597733],[131.33318166981445,33.36423076359333],[131.33259137927837,33.36548114424965],[131.3315756332587,33.36367041055485],[131.3307016968657,33.362732838508286],[131.33038998591937,33.36139013501181],[131.33065766314976,33.36069279897142],[131.33123500282645,33.36103564253356],[131.3323606646706,33.36099448876752],[131.33398158881502,33.36037037028716],[131.33782322204854,33.35846257960285],[131.3411498383049,33.357142054676956],[131.34291803758106,33.355769251139264],[131.345404060422,33.35473256128527],[131.34589740724388,33.35428571278772],[131.3477302469138,33.355444830973994],[131.34908392286843,33.357077896019476],[131.34891264169906,33.35894508598072],[131.34697176510156,33.36054149685181],[131.34582829953212,33.361779801496596],[131.3456267265463,33.36288984410344],[131.34655294524913,33.365106268158534],[131.34635582807917,33.36576621856257],[131.34470896182202,33.36678610053683],[131.34524421759514,33.36731876997793]]]},"properties":{"KEY_CODE":"442111590","PREF":"44","CITY":"211","CITY_NAME":"宇佐市","S_NAME":"安心院町畳石","SETAI":"14"}},{"type":"Feature","geometry":{"type":"Polygon","coordinates":[[[131.35470849612133,33.37846407044433],[131.35431930540034,33.378632406814305],[131.35183021070202,33.37830371425576],[131.3507897309841,33.37841572352268],[131.35006324537142,33.378417762927604],[131.34818896164364,33.37881386536113],[131.34683807481636,33.379228482200695],[131.34628304108853,33.37815401143634],[131.34677416896648,33.37764500150077],[131.34630624565847,33.376128590387616],[131.34512506002116,33.375770776857266],[131.3458696163409,33.37462783259886],[131.34661490022816,33.37209275965139],[131.34644948146016,33.37130294382536],[131.3456888710368,33.37074509282654],[131.34652376923322,33.36957048377426],[131.34659637329094,33.36898935633714],[131.34524421759514,33.36731876997793],[131.34470896182202,33.36678610053683],[131.34635582807917,33.36576621856257],[131.34655294524913,33.365106268158534],[131.3456267265463,33.36288984410344],[131.34582829953212,33.361779801496596],[131.34697176510156,33.36054149685181],[131.34891264169906,33.35894508598072],[131.34908392286843,33.357077896019476],[131.3477302469138,33.355444830973994],[131.34589740724388,33.35428571278772],[131.34769978224247,33.35296653534347],[131.348613712859,33.3512002738239],[131.34999103203918,33.35069009713682],[131.353328595365,33.348303577835324],[131.35420378237953,33.346677041144765],[131.35490355796205,33.346363762689855],[131.354690748298,33.34812808759761],[131.35490708811326,33.35064046257376],[131.3549230583967,33.352888309169636],[131.3549417201965,33.35409863288854],[131.35571822616794,33.35575633299243],[131.3555608548429,33.35762424578612],[131.35603574600782,33.35945568304235],[131.3567358725555,33.36034694463357],[131.35700148245544,33.361846390929074],[131.35664858197143,33.363694710658024],[131.35651875430614,33.364412254752516],[131.3559620765115,33.36533076227084],[131.35580516520756,33.3661204084891],[131.35577061103947,33.366745995204084],[131.3556271203073,33.36699855436865],[131.35553624697891,33.36769960446583],[131.35549028030806,33.36792567654345],[131.35559707143076,33.36824630541484],[131.35582836467634,33.36846503106759],[131.35585978147657,33.36850097305137],[131.35578477179394,33.368789366057634],[131.35576329697784,33.369267513802626],[131.3553843519806,33.36972379439953],[131.3552447460948,33.36997306454784],[131.3549481158097,33.370501134271166],[131.3549650384331,33.370821987056615],[131.35476254601286,33.37096668776454],[131.35464523377857,33.371412357395215],[131.35437642357874,33.371580139387724],[131.35426391478248,33.37177364715203],[131.35429493427867,33.37219603203515],[131.35426509006604,33.37253666876194],[131.354270154893,33.3728215570435],[131.35443769308367,33.37320421249379],[131.35427900019005,33.37356159324923],[131.35437672299085,33.374055812725565],[131.35416760946734,33.37449522662217],[131.35427708594685,33.375844261945005],[131.35410095707726,33.37623092265394],[131.35429824022097,33.37658609160814],[131.35464092529492,33.37700776786794],[131.35473618702096,33.377688633964105],[131.35462019902718,33.37815416079279],[131.35470849612133,33.37846407044433]]]},"properties":{"KEY_CODE":"442111600","PREF":"44","CITY":"211","CITY_NAME":"宇佐市","S_NAME":"安心院町上内河野","SETAI":"20"}},{"type":"Feature","geometry":{"type":"Polygon","coordinates":[[[131.319596379154,33.34783322340834],[131.3198104032181,33.34834658880579],[131.31827847892893,33.35086417686652],[131.31798999759093,33.35079816530837],[131.31675247105235,33.350780451572284],[131.31610635364373,33.3507653894179],[131.31513000561233,33.35013389994927],[131.31474873387916,33.349150593857146],[131.31392195796215,33.34864381958245],[131.31306532349004,33.34812880000403],[131.312401301862,33.3472754461239],[131.31162457844277,33.34686027531849],[131.31120699315932,33.34681960633357],[131.31010373052433,33.346805636867906],[131.30988475776616,33.34671442487038],[131.30934428339856,33.34620063625226],[131.3091375870681,33.34585625175823],[131.30890717277444,33.344100999480425],[131.30892349200684,33.34344251856532],[131.30856817216386,33.34331800039321],[131.30754038365313,33.3431794163756],[131.30686696773105,33.34289885804051],[131.30645494401327,33.34258634927156],[131.30626482960653,33.341646162347985],[131.30588829859585,33.34080050699556],[131.3053244923312,33.340631711149754],[131.30495643929183,33.34040140068675],[131.30483277394154,33.33906116481125],[131.3049320778958,33.33830497932309],[131.30453840886182,33.337492956454916],[131.30361479855705,33.336936786694565],[131.30550006210433,33.33582255129523],[131.3069383166345,33.334125462929045],[131.30743554298292,33.332416268171464],[131.3082419948468,33.331608286466434],[131.30811512893334,33.32971829572011],[131.30825642734874,33.327650121405604],[131.3083987290348,33.327457882011636],[131.30888312095286,33.326967318762975],[131.3092327920099,33.326390752355756],[131.31077133661935,33.32480846773226],[131.31115445430052,33.32478831923631],[131.31227471802148,33.32457923262461],[131.31263219363063,33.32300465258162],[131.3159055307852,33.32195050611315],[131.3179358134354,33.32193573652304],[131.3201889641414,33.32109035411566],[131.3222735439721,33.321070579256485],[131.3272404113204,33.32037624602132],[131.33280346903945,33.317567079623196],[131.3341857776875,33.31697350818355],[131.33435481183844,33.31656863979796],[131.33583280658544,33.31604653954238],[131.33880027934018,33.31538137102153],[131.34133476857053,33.315631374470634],[131.34240645221308,33.315131369328995],[131.34394218960963,33.315278775491684],[131.345118946515,33.31471526328986],[131.34591164594622,33.314721481702506],[131.3468292835669,33.31333722782141],[131.34773142180632,33.31311568169767],[131.3504771769075,33.313508175815876],[131.351615094705,33.31203062179538],[131.35144240491454,33.311500336590974],[131.35208215859512,33.310891936482975],[131.35269552799195,33.30946331640236],[131.35354326768487,33.30946936918113],[131.35522506674874,33.31025532107914],[131.35623781487777,33.31259462029794],[131.3572705189742,33.313632094630705],[131.35821559019595,33.3141011220936],[131.35911517798928,33.31570762218184],[131.36205058181795,33.31577895493728],[131.36410078542127,33.31652258081169],[131.3653943285578,33.31629962007236],[131.36817929170593,33.31637118562819],[131.36916421146063,33.31673045241007],[131.37032199760154,33.31762831733149],[131.3725381803923,33.31859928850697],[131.372944177712,33.31935513926142],[131.37429307406748,33.32066064051158],[131.37480120532655,33.321743996100636],[131.3731322308622,33.32427386314684],[131.37331141404115,33.32465117814764],[131.3729588537707,33.324561851502686],[131.37223994737516,33.32415453114629],[131.37089539263746,33.32436935694744],[131.36820084240136,33.32565665623843],[131.36562194981556,33.326732873960786],[131.3649424256393,33.32726160810379],[131.36440883270745,33.32837677929365],[131.36333173668666,33.330381363990924],[131.36208166079481,33.33178454125182],[131.358692482879,33.33369099721466],[131.35917122184134,33.33474451980063],[131.3594311536362,33.336150693883404],[131.3589138273559,33.337058196324755],[131.3589741393713,33.33780215113283],[131.3584797047501,33.3394928821573],[131.35828032373175,33.33977865761411],[131.35781816988083,33.34084769130869],[131.35792413487113,33.34116916835674],[131.35788089205528,33.341257032086745],[131.3575597074791,33.341608994216045],[131.35738222289243,33.342461458937],[131.35661817683484,33.34325716679897],[131.35650202844855,33.343641421891],[131.35626552878193,33.344359157703835],[131.35592608293518,33.344858569586044],[131.35579476913037,33.34521954955779],[131.35532887572523,33.3457087534187],[131.35414234366556,33.34463924128837],[131.3532262089468,33.34428784250274],[131.3511030050072,33.344136585036615],[131.35001219158426,33.34409054221326],[131.34809360575483,33.343425895976644],[131.34766236496398,33.34302295669252],[131.3468551595701,33.343457606677234],[131.3464477317347,33.34398041609842],[131.34606423169788,33.34469102629497],[131.34522611873996,33.34523123251261],[131.34417455013255,33.346504221712784],[131.34337441779047,33.3468855282723],[131.34298203502553,33.34731426838565],[131.34160665335722,33.34779760750797],[131.34133036879058,33.34876387419394],[131.34094949047366,33.34917640740336],[131.3395794891511,33.3500728117624],[131.3387443955204,33.34964713837314],[131.33800453512706,33.34883000214928],[131.33645556056564,33.3458530135808],[131.33626095732706,33.34522238916714],[131.33641201777255,33.343527078980195],[131.33567347721765,33.342771912869615],[131.33562536878546,33.342218229769024],[131.336267418253,33.34072322129912],[131.33628191787525,33.34014830606734],[131.33641407798063,33.33974132038455],[131.3371880648124,33.33886287009837],[131.33614027743386,33.33883502257768],[131.33355099342302,33.33938389293296],[131.33113515726288,33.34065948269519],[131.32989873356186,33.34254432612712],[131.32918099331545,33.34386454487756],[131.32713560567953,33.344715290311534],[131.32688139167024,33.343890014354976],[131.3258116792424,33.343576128656814],[131.32450005808343,33.341873439969405],[131.32255045548672,33.34240961523247],[131.3201988998911,33.342599886966745],[131.3206015289215,33.34320538084161],[131.3207373811576,33.34329893743087],[131.32081045722967,33.34472688340016],[131.32017776676,33.345716798012276],[131.3189980739589,33.34538374722687],[131.3186684865218,33.34548341225199],[131.319596379154,33.34783322340834]]]},"properties":{"KEY_CODE":"442111610","PREF":"44","CITY":"211","CITY_NAME":"宇佐市","S_NAME":"安心院町寒水","SETAI":"39"}},{"type":"Feature","geometry":{"type":"Polygon","coordinates":[[[131.3411498383049,33.357142054676956],[131.33782322204854,33.35846257960285],[131.33398158881502,33.36037037028716],[131.3323606646706,33.36099448876752],[131.33123500282645,33.36103564253356],[131.33065766314976,33.36069279897142],[131.33059885180265,33.35997421800335],[131.3312630482498,33.35950803535943],[131.3316384999117,33.35854503324257],[131.33068606779906,33.35778459423703],[131.32793571166013,33.35757072230262],[131.3264379833827,33.357038005593395],[131.32338742143668,33.354892415315085],[131.32305374269816,33.35336683873573],[131.3216316637029,33.35183985132405],[131.31827847892893,33.35086417686652],[131.3198104032181,33.34834658880579],[131.319596379154,33.34783322340834],[131.31866848652177,33.345483412251994],[131.3189980739589,33.34538374722687],[131.32017776676,33.345716798012276],[131.32081045722967,33.34472688340016],[131.3207373811576,33.34329893743087],[131.3206015289215,33.34320538084161],[131.3201988998911,33.342599886966745],[131.32255045548672,33.34240961523247],[131.32450005808343,33.341873439969405],[131.3258116792424,33.343576128656814],[131.32688139167024,33.343890014354976],[131.32713560567953,33.344715290311534],[131.32777041829684,33.345823612337],[131.32898967266397,33.346039130770016],[131.3294103531203,33.34712838561932],[131.3307930256319,33.3473173564751],[131.33173348693606,33.34842156805015],[131.33129780957074,33.349013620059615],[131.33234369871005,33.35019587728911],[131.3325741107995,33.351399881158855],[131.33303147093648,33.35188837174273],[131.33421602076376,33.35216922954159],[131.33653300740326,33.351843024495864],[131.3369502879575,33.35253400672171],[131.33867174839358,33.35323279704216],[131.3396170788776,33.353951796347154],[131.3391350175719,33.355113269395304],[131.3399274534109,33.35655864329803],[131.3411498383049,33.357142054676956]]]},"properties":{"KEY_CODE":"442111620","PREF":"44","CITY":"211","CITY_NAME":"宇佐市","S_NAME":"安心院町山ノ口","SETAI":"11"}},{"type":"Feature","geometry":{"type":"Polygon","coordinates":[[[131.3392939021059,33.35020060240306],[131.3383737038176,33.3505451894948],[131.33867174839358,33.35323279704216],[131.3369502879575,33.35253400672171],[131.33653300740326,33.351843024495864],[131.33421602076376,33.35216922954159],[131.33303147093648,33.35188837174273],[131.3325741107995,33.351399881158855],[131.33234369871005,33.35019587728911],[131.33129780957074,33.349013620059615],[131.33173348693606,33.34842156805015],[131.3307930256319,33.3473173564751],[131.3294103531203,33.34712838561932],[131.32898967266397,33.346039130770016],[131.32777041829684,33.345823612337],[131.32713560567953,33.344715290311534],[131.32918099331545,33.34386454487756],[131.32989873356186,33.34254432612712],[131.33113515726288,33.34065948269519],[131.33355099342302,33.33938389293294],[131.33614027743386,33.33883502257768],[131.3371880648124,33.33886287009837],[131.33641407798063,33.33974132038455],[131.33628191787525,33.34014830606734],[131.336267418253,33.34072322129912],[131.33562536878546,33.34221822976902],[131.33567347721765,33.342771912869615],[131.33641201777255,33.343527078980195],[131.33626095732706,33.34522238916714],[131.33645556056564,33.3458530135808],[131.33800453512706,33.34883000214928],[131.3387443955204,33.34964713837314],[131.3392939021059,33.35020060240306]]]},"properties":{"KEY_CODE":"442111630","PREF":"44","CITY":"211","CITY_NAME":"宇佐市","S_NAME":"安心院町福貴野","SETAI":"9"}},{"type":"Feature","geometry":{"type":"Polygon","coordinates":[[[131.34589740724388,33.35428571278772],[131.345404060422,33.35473256128527],[131.34291803758106,33.355769251139264],[131.3411498383049,33.357142054676956],[131.3399274534109,33.35655864329803],[131.3391350175719,33.355113269395304],[131.3396170788776,33.353951796347154],[131.33867174839358,33.35323279704216],[131.3383737038176,33.3505451894948],[131.3392939021059,33.35020060240306],[131.3395794891511,33.3500728117624],[131.34094949047366,33.34917640740336],[131.34133036879058,33.34876387419394],[131.34160665335722,33.34779760750797],[131.34298203502553,33.34731426838565],[131.34337441779047,33.3468855282723],[131.34417455013255,33.346504221712784],[131.34522611873996,33.34523123251261],[131.34606423169788,33.34469102629497],[131.3464477317347,33.34398041609842],[131.3468551595701,33.343457606677234],[131.34766236496395,33.343022956692536],[131.34809360575483,33.343425895976644],[131.35001219158423,33.34409054221326],[131.3511030050072,33.344136585036615],[131.3532262089468,33.34428784250274],[131.35414234366556,33.34463924128837],[131.35532887572523,33.3457087534187],[131.35490355796205,33.346363762689855],[131.35420378237953,33.346677041144765],[131.353328595365,33.348303577835324],[131.34999103203918,33.35069009713682],[131.348613712859,33.3512002738239],[131.34769978224247,33.35296653534347],[131.34589740724388,33.35428571278772]]]},"properties":{"KEY_CODE":"442111640","PREF":"44","CITY":"211","CITY_NAME":"宇佐市","S_NAME":"安心院町元","SETAI":"11"}},{"type":"Feature","geometry":{"type":"Polygon","coordinates":[[[131.34177197027546,33.43938834655106],[131.3405511662138,33.441237333048484],[131.33938989527692,33.442150080092176],[131.33735650368277,33.44270389753116],[131.33707664565674,33.44156264787096],[131.33631605007824,33.44044577063925],[131.33412210639185,33.43966847205519],[131.33489784062024,33.438948422889325],[131.33359470158175,33.43698916314529],[131.3330561809951,33.43575981453557],[131.3330555036531,33.4355826790248],[131.33328959339468,33.43427199598551],[131.3337729705906,33.43272284884778],[131.33421548001408,33.432115603560945],[131.33311827363843,33.43134943577186],[131.33184747809898,33.430839903526106],[131.3319002712564,33.430103139968004],[131.3327003476115,33.42995178285634],[131.33305337764605,33.42921421124485],[131.33236432271957,33.42785941494391],[131.33231489335708,33.42656348271792],[131.33273445714147,33.42577909681035],[131.33203206433367,33.425296143519446],[131.33180915672042,33.4251568714729],[131.33063258790048,33.42425092013561],[131.3319561541353,33.42377883276945],[131.33491131358903,33.42419293051426],[131.33619049155132,33.425398062953676],[131.33832761790148,33.42518779506443],[131.33985534526252,33.427410101621966],[131.34072663379797,33.42778716573971],[131.34270761468116,33.42792022722128],[131.34347250974642,33.42956843243367],[131.34453576779552,33.43030633528317],[131.34418016771087,33.43218653284481],[131.3447335109803,33.433046316129555],[131.34470666389768,33.43352824768265],[131.34415696674623,33.43449947588796],[131.3441598243994,33.43522225463896],[131.3448296124051,33.436361177620526],[131.3448043676897,33.43718991482859],[131.34271719136086,33.43850265691311],[131.34177197027546,33.43938834655106]]]},"properties":{"KEY_CODE":"442111650","PREF":"44","CITY":"211","CITY_NAME":"宇佐市","S_NAME":"安心院町辻","SETAI":"15"}},{"type":"Feature","geometry":{"type":"Polygon","coordinates":[[[131.33832761790148,33.42518779506443],[131.33619049155132,33.425398062953676],[131.33491131358903,33.42419293051426],[131.3319561541353,33.42377883276945],[131.33063258790048,33.42425092013561],[131.3302759547055,33.42403743663455],[131.32997403243613,33.42359066552905],[131.32913518785628,33.42229683640465],[131.32862237510636,33.42194389284713],[131.3272082136242,33.42140683335601],[131.3265511274712,33.421119532835974],[131.3261831442528,33.42084076264216],[131.32566008855798,33.42002098902314],[131.32560246622577,33.419122496914866],[131.32582173218293,33.41814757989559],[131.32714465523918,33.41797927436538],[131.32857492616378,33.41830453277219],[131.3294786205637,33.41784507194265],[131.33027551781012,33.417989223986325],[131.33144558929726,33.41873566907011],[131.3325026501904,33.418449423728006],[131.33592332066567,33.41864128692445],[131.33685199428865,33.41900439967782],[131.33672554656982,33.41971296717815],[131.33762588450531,33.42065497467123],[131.33692924732495,33.42223611246062],[131.33732849245834,33.42399012159331],[131.33832761790148,33.42518779506443]]]},"properties":{"KEY_CODE":"442111660","PREF":"44","CITY":"211","CITY_NAME":"宇佐市","S_NAME":"安心院町田ノ口","SETAI":"10"}},{"type":"Feature","geometry":{"type":"Polygon","coordinates":[[[131.3441802423311,33.42693530782829],[131.3449112429295,33.42976696917269],[131.34453576779552,33.43030633528317],[131.34347250974642,33.42956843243367],[131.34270761468116,33.42792022722128],[131.34072663379797,33.42778716573971],[131.33985534526252,33.427410101621966],[131.33832761790148,33.42518779506443],[131.33732849245834,33.42399012159331],[131.33692924732495,33.42223611246062],[131.33762588450531,33.42065497467123],[131.33672554656982,33.41971296717815],[131.33685199428865,33.41900439967782],[131.33878332110115,33.419117910080274],[131.34156855979674,33.41993217834994],[131.3425588027614,33.41986303350836],[131.34337086161023,33.41981927879401],[131.34398548050302,33.419863177456016],[131.34392688496592,33.420914900654026],[131.3435694347334,33.42212293770431],[131.34375605342012,33.423520053076004],[131.34383090611445,33.42433864950199],[131.3441802423311,33.42693530782829]]]},"properties":{"KEY_CODE":"442111670","PREF":"44","CITY":"211","CITY_NAME":"宇佐市","S_NAME":"安心院町恒松","SETAI":"14"}},{"type":"Feature","geometry":{"type":"Polygon","coordinates":[[[131.34692377663478,33.42148501269632],[131.34780969746234,33.42225492638783],[131.34810168614217,33.422643005239024],[131.348246248515,33.42288581988279],[131.34823548047132,33.423059354788755],[131.34830386471606,33.42348838330989],[131.34823956664832,33.42381228501545],[131.3480834291796,33.42402421123938],[131.3484226790896,33.424517836318834],[131.34929580352113,33.425968818715674],[131.34980587478552,33.426996897965815],[131.34927848141785,33.427654457837754],[131.35037238653186,33.42865246374303],[131.34973080351784,33.43029681992019],[131.34923553111557,33.431631674086404],[131.34834009451583,33.43306483695361],[131.34726615975103,33.43386915321354],[131.3454552559266,33.435201149627815],[131.3449414452162,33.43587372830209],[131.3448296124051,33.436361177620526],[131.3441598243994,33.43522225463896],[131.34415696674623,33.43449947588796],[131.34470666389768,33.43352824768265],[131.3447335109803,33.433046316129555],[131.34418016771087,33.43218653284481],[131.34453576779552,33.43030633528317],[131.3449112429295,33.42976696917269],[131.3441802423311,33.42693530782829],[131.34383090611445,33.42433864950199],[131.34375605342012,33.423520053076004],[131.3435694347334,33.42212293770431],[131.34392688496592,33.420914900654026],[131.34398548050302,33.41986317745604],[131.34601450453815,33.42000578536458],[131.34636316876342,33.42064369111391],[131.3464348476378,33.42102365938843],[131.3464118453026,33.421117806473],[131.346770888953,33.42142250406567],[131.34692377663478,33.42148501269632]]]},"properties":{"KEY_CODE":"442111680","PREF":"44","CITY":"211","CITY_NAME":"宇佐市","S_NAME":"安心院町大佛","SETAI":"63"}},{"type":"Feature","geometry":{"type":"Polygon","coordinates":[[[131.35513381448368,33.426107211584416],[131.35260524636251,33.42696826821611],[131.35153791432487,33.42757178553147],[131.35037238653186,33.42865246374303],[131.34927848141785,33.427654457837754],[131.34980587478552,33.426996897965815],[131.34929580352113,33.425968818715674],[131.3484226790896,33.424517836318834],[131.3480834291796,33.42402421123938],[131.34823956664832,33.42381228501545],[131.34830386471606,33.42348838330989],[131.34823548047132,33.423059354788755],[131.348246248515,33.42288581988279],[131.34810168614217,33.422643005239024],[131.34780969746234,33.42225492638783],[131.34692377663478,33.42148501269632],[131.346770888953,33.42142250406567],[131.3464118453026,33.421117806473],[131.3464348476378,33.42102365938843],[131.34636316876342,33.42064369111391],[131.3462489561792,33.41997722961933],[131.34986703291423,33.419427580458404],[131.3522851273224,33.419744463612496],[131.35489568480088,33.419886469469574],[131.35730793465962,33.41963805533775],[131.3582906554951,33.42299579933222],[131.35812417235803,33.42478892662942],[131.3568523382928,33.42561384771462],[131.35577324942506,33.425908346090495],[131.35513381448368,33.426107211584416]]]},"properties":{"KEY_CODE":"442111690","PREF":"44","CITY":"211","CITY_NAME":"宇佐市","S_NAME":"安心院町龍王","SETAI":"32"}},{"type":"Feature","geometry":{"type":"Polygon","coordinates":[[[131.3462489561792,33.41997722961933],[131.34601450453815,33.42000578536458],[131.34398548050302,33.41986317745604],[131.34337086161023,33.41981927879401],[131.3425588027614,33.41986303350836],[131.34156855979666,33.41993217834994],[131.33878332110115,33.419117910080274],[131.338612745814,33.417624694770524],[131.337808639057,33.41462233198865],[131.33770633737217,33.413784310409966],[131.3373063526733,33.41280599786982],[131.3373369537353,33.4117601519557],[131.33648214153774,33.40969579064275],[131.336502933531,33.40867484414801],[131.3360891337321,33.405827475312144],[131.33606853891703,33.40423976244795],[131.3366565392471,33.40487724668977],[131.33672989391397,33.40504801873406],[131.3403057258883,33.40366280851542],[131.34053475656782,33.40400246247911],[131.34095130103051,33.4043878132133],[131.34143242384167,33.40418550940686],[131.34186191553684,33.4043389176417],[131.34325473236845,33.404280417882696],[131.3438509464324,33.40527262235233],[131.34524668094676,33.40487065555005],[131.34623786451644,33.40479057901306],[131.34680877482174,33.404921201225655],[131.34652810351207,33.40516814684683],[131.3452847307526,33.405553939728556],[131.3438396454299,33.406043068915274],[131.34466392126686,33.40704346363952],[131.3457054776991,33.406724967656494],[131.3464142188371,33.40652280967337],[131.34685044534797,33.407134218395285],[131.3474277389921,33.40793619488761],[131.34850421052704,33.40867714453942],[131.34941980826238,33.40898875689698],[131.3499480048035,33.409592603214115],[131.34997865063303,33.41150050905549],[131.3497080460143,33.41354716114435],[131.35034770225468,33.41344575240587],[131.35170829558166,33.41298979875743],[131.3545526090862,33.4120239144871],[131.3556777791386,33.41214330904517],[131.3562098318009,33.412563221078514],[131.35662046035333,33.41345856706172],[131.35677824584906,33.414025162163476],[131.3575820432726,33.41491937552023],[131.35861838271566,33.41525143222512],[131.35860410100764,33.41755260263014],[131.3574513506256,33.4188124125757],[131.35730793465962,33.41963805533775],[131.35489568480088,33.419886469469574],[131.3522851273224,33.419744463612496],[131.34986703291423,33.419427580458404],[131.3462489561792,33.41997722961933]]]},"properties":{"KEY_CODE":"442111700","PREF":"44","CITY":"211","CITY_NAME":"宇佐市","S_NAME":"安心院町鳥越","SETAI":"66"}},{"type":"Feature","geometry":{"type":"Polygon","coordinates":[[[131.36373877063147,33.41285997707996],[131.36154853786647,33.41325490567207],[131.35973246554977,33.41365755710668],[131.35860826495994,33.414464410353304],[131.35861838271566,33.41525143222512],[131.3575820432726,33.41491937552023],[131.35677824584906,33.414025162163476],[131.35662046035333,33.41345856706172],[131.3562098318009,33.412563221078514],[131.35567777913863,33.41214330904517],[131.3545526090862,33.4120239144871],[131.35170829558166,33.41298979875743],[131.35034770225468,33.41344575240587],[131.34970804601429,33.413547161144336],[131.34997865063303,33.41150050905549],[131.3499480048035,33.409592603214115],[131.34941980826238,33.40898875689698],[131.3491089073113,33.407855578267586],[131.34878728445955,33.40745801123484],[131.34931007510036,33.406728601110096],[131.35108953737648,33.4058883558709],[131.35206957577503,33.405188285252095],[131.35234281023475,33.404934648468725],[131.35257037204207,33.40357008725374],[131.35266247257772,33.40261966834444],[131.3538227213981,33.402417116874354],[131.35404078971115,33.40207934622453],[131.35354128986177,33.400990347158846],[131.35282278159875,33.400271160985476],[131.35318839021508,33.399802819236434],[131.3547532456751,33.39998454875286],[131.3563445904818,33.40020725031669],[131.35630213422252,33.40139041575504],[131.35678631271972,33.40164308421946],[131.35822554672217,33.40147220061713],[131.36054079004785,33.40178778616605],[131.36298714910586,33.40498096424393],[131.36315712805967,33.40640775176297],[131.36256122016312,33.408076113853205],[131.3624393089875,33.40927325584884],[131.36368027698703,33.41129087187469],[131.36382002860478,33.41182239343271],[131.36373877063147,33.41285997707996]]]},"properties":{"KEY_CODE":"442111710","PREF":"44","CITY":"211","CITY_NAME":"宇佐市","S_NAME":"安心院町野山","SETAI":"23"}},{"type":"Feature","geometry":{"type":"Polygon","coordinates":[[[131.35354128986177,33.400990347158846],[131.35404078971115,33.40207934622453],[131.3538227213981,33.402417116874354],[131.35266247257772,33.40261966834444],[131.35257037204207,33.40357008725374],[131.35234281023475,33.404934648468725],[131.35206957577503,33.405188285252095],[131.35108953737648,33.4058883558709],[131.34931007510036,33.406728601110096],[131.34878728445955,33.40745801123484],[131.3491089073113,33.407855578267586],[131.34941980826238,33.40898875689698],[131.34850421052704,33.40867714453942],[131.3474277389922,33.4079361948876],[131.34685044534797,33.407134218395285],[131.3464142188371,33.40652280967337],[131.3457054776991,33.406724967656494],[131.34466392126686,33.40704346363952],[131.3438396454299,33.406043068915274],[131.3452847307526,33.405553939728556],[131.34652810351207,33.40516814684683],[131.34680877482174,33.404921201225655],[131.34623786451644,33.40479057901306],[131.34524668094676,33.40487065555005],[131.3438509464324,33.40527262235233],[131.34325473236845,33.404280417882696],[131.34289396499472,33.403162968289],[131.34233716939178,33.40203949638132],[131.34251175982834,33.40139580977783],[131.34396327493556,33.40105113270237],[131.34455002448044,33.40159458693696],[131.34561912805208,33.39956466927777],[131.34651133390864,33.39887523532255],[131.3473974991183,33.398757716260874],[131.34759617807708,33.39903312788516],[131.34904753025685,33.399521329347785],[131.35072423393504,33.39951660910648],[131.35318839021508,33.399802819236434],[131.35282278159875,33.400271160985476],[131.35354128986177,33.400990347158846]]]},"properties":{"KEY_CODE":"442111720","PREF":"44","CITY":"211","CITY_NAME":"宇佐市","S_NAME":"安心院町森","SETAI":"21"}},{"type":"Feature","geometry":{"type":"Polygon","coordinates":[[[131.3473974991183,33.398757716260874],[131.34651133390864,33.39887523532255],[131.34561912805208,33.39956466927777],[131.34455002448044,33.40159458693696],[131.34396327493556,33.40105113270237],[131.34304727318843,33.39959308763247],[131.34287373243544,33.39691895909144],[131.34192652433907,33.395069300687055],[131.34226178258555,33.39367318201452],[131.3417407511597,33.392550041437545],[131.3433349922815,33.39203448848083],[131.34420775443337,33.39085271351331],[131.3466908316276,33.391222947325446],[131.34796847518464,33.39154489636344],[131.34877540728394,33.3919872487768],[131.34954857299934,33.39461315969697],[131.34923892205546,33.39533654514235],[131.34750655493863,33.396778511369185],[131.3471693823205,33.39773222252479],[131.3473974991183,33.398757716260874]]]},"properties":{"KEY_CODE":"442111730","PREF":"44","CITY":"211","CITY_NAME":"宇佐市","S_NAME":"安心院町今井","SETAI":"15"}},{"type":"Feature","geometry":{"type":"Polygon","coordinates":[[[131.34289396499472,33.403162968289],[131.34256545258302,33.4032747845441],[131.34154184935355,33.40167960675452],[131.33977333874532,33.40198342499246],[131.33980130705623,33.39868230411537],[131.34002113644826,33.39708989699262],[131.34287373243544,33.39691895909144],[131.34304727318843,33.39959308763247],[131.34396327493556,33.40105113270237],[131.34251175982834,33.40139580977783],[131.34233716939178,33.40203949638132],[131.34289396499472,33.403162968289]]]},"properties":{"KEY_CODE":"442111740","PREF":"44","CITY":"211","CITY_NAME":"宇佐市","S_NAME":"安心院町大","SETAI":"32"}},{"type":"Feature","geometry":{"type":"Polygon","coordinates":[[[131.34325473236845,33.404280417882696],[131.34186191553684,33.4043389176417],[131.34143242384167,33.40418550940686],[131.34095130103051,33.4043878132133],[131.34053475656782,33.40400246247911],[131.34030572588833,33.40366280851542],[131.33672989391394,33.40504801873406],[131.3366565392471,33.40487724668977],[131.33606853891703,33.40423976244795],[131.33592187188466,33.4040865896859],[131.33582670755348,33.40340807039582],[131.33557265557502,33.40273404025576],[131.33594030250134,33.401517027464465],[131.33570863282083,33.40081486445956],[131.33573886175512,33.39865551707329],[131.33492745226647,33.39656741382127],[131.33671794521274,33.396947849696296],[131.34002113644826,33.39708989699262],[131.33980130705623,33.39868230411537],[131.33977333874532,33.40198342499246],[131.34154184935355,33.40167960675452],[131.34256545258302,33.4032747845441],[131.34289396499472,33.403162968289],[131.34325473236845,33.404280417882696]]]},"properties":{"KEY_CODE":"442111750","PREF":"44","CITY":"211","CITY_NAME":"宇佐市","S_NAME":"安心院町西衲","SETAI":"15"}},{"type":"Feature","geometry":{"type":"Polygon","coordinates":[[[131.33492745226647,33.39656741382127],[131.33573886175512,33.39865551707329],[131.33570863282083,33.40081486445956],[131.33594030250134,33.401517027464465],[131.33557265557502,33.40273404025576],[131.33582670755348,33.40340807039582],[131.33496765495966,33.40337238855132],[131.33422161740273,33.402849312318075],[131.33402897442275,33.4016355083185],[131.33273014982097,33.40194752072722],[131.33227599379862,33.40122826692684],[131.33252087357218,33.3980602006183],[131.33253267191577,33.395707946381876],[131.33309787326553,33.394646923046174],[131.33300786614723,33.39402019761554],[131.33344580696524,33.392921228438105],[131.3334606929713,33.3902343299688],[131.33430446932536,33.39033766347114],[131.33471855359286,33.39230408486354],[131.33535055430045,33.39229698855577],[131.33589810698442,33.39415255060572],[131.33492745226647,33.39656741382127]]]},"properties":{"KEY_CODE":"442111760","PREF":"44","CITY":"211","CITY_NAME":"宇佐市","S_NAME":"安心院町有徳原","SETAI":"9"}},{"type":"Feature","geometry":{"type":"Polygon","coordinates":[[[131.3360891337321,33.405827475312144],[131.336502933531,33.40867484414801],[131.33648214153774,33.40969579064275],[131.3373369537353,33.4117601519557],[131.3373063526733,33.41280599786982],[131.33770633737217,33.413784310409966],[131.337808639057,33.41462233198865],[131.338612745814,33.417624694770524],[131.33878332110115,33.419117910080274],[131.33685199428865,33.41900439967782],[131.33592332066567,33.41864128692445],[131.3325026501904,33.418449423728006],[131.33144558929726,33.41873566907011],[131.33027551781012,33.417989223986325],[131.3294786205637,33.41784507194265],[131.32857492616378,33.41830453277219],[131.32714465523918,33.41797927436538],[131.32582173218293,33.41814757989559],[131.3258225124685,33.41811524260406],[131.32664467401415,33.416713981674164],[131.32609954029357,33.41602153031633],[131.32541318022803,33.415647965740206],[131.32520929048513,33.41553476857774],[131.3251536035282,33.41514816666256],[131.3254579429798,33.41401272728225],[131.32530853350116,33.41395623545991],[131.3245078388671,33.413833228058934],[131.3238587453934,33.412526818830244],[131.32319954251446,33.412147466893636],[131.32200842628617,33.411886122723665],[131.32092375409755,33.41199130518588],[131.3206523609139,33.41195220932485],[131.32028547155062,33.411765458868956],[131.3200338251611,33.41156706595381],[131.31957131067907,33.41119289803141],[131.31940145537004,33.41110232197583],[131.31827561097842,33.41052134661583],[131.31759827970455,33.41007925197301],[131.31734131644043,33.40993993672938],[131.31750310818867,33.40965615407837],[131.31758814923205,33.409533046040224],[131.318824489694,33.40922260799132],[131.31972953388797,33.40792805125079],[131.31937412062726,33.407584175960885],[131.31916286095827,33.40769394936584],[131.31896762241007,33.407735454646854],[131.31858320477997,33.40724480818152],[131.31800360699785,33.40680933054622],[131.3170660371953,33.40643620033937],[131.3157418479641,33.40607430204892],[131.31562740253003,33.40594487091324],[131.31569160797596,33.405692053187614],[131.31685096744397,33.405494475672526],[131.31701348487366,33.4054121312182],[131.31724051425263,33.405158894607325],[131.31765584366244,33.405198826021014],[131.31807818028682,33.40493141666514],[131.31814174789974,33.404501114253094],[131.31840201237796,33.404432144225396],[131.3192564382618,33.404341177791714],[131.31937770653622,33.40410870992382],[131.31953231926795,33.4040946414357],[131.31970342769432,33.40413519838963],[131.32046101859174,33.404269789823545],[131.32069648852516,33.404105288253454],[131.32158901342103,33.40440682923652],[131.32211889694338,33.404610267819145],[131.3231108153773,33.40427309515874],[131.32341069722108,33.40391726620694],[131.32350794010551,33.403794122522335],[131.32455560029,33.40313588008585],[131.32458650229614,33.40308363428998],[131.3261557540896,33.40258078844596],[131.3285348398254,33.402979127756005],[131.32960249243976,33.40287882628908],[131.33114817865152,33.402407403668036],[131.33227599379862,33.40122826692684],[131.33273014982097,33.40194752072722],[131.33402897442275,33.4016355083185],[131.33422161740273,33.402849312318075],[131.33496765495966,33.40337238855132],[131.33582670755348,33.40340807039582],[131.33592187188466,33.4040865896859],[131.3360891337321,33.405827475312144]]]},"properties":{"KEY_CODE":"442111770","PREF":"44","CITY":"211","CITY_NAME":"宇佐市","S_NAME":"安心院町中山","SETAI":"46"}},{"type":"Feature","geometry":{"type":"Polygon","coordinates":[[[131.33563292156316,33.48223989191628],[131.3352644806886,33.48333373350108],[131.33519391556624,33.48886342935169],[131.33395081156854,33.49035476174528],[131.33083301280416,33.491471836395135],[131.32609915517364,33.49244912319813],[131.32595953040038,33.49187348698722],[131.3244529894872,33.49034145100356],[131.3226290671624,33.488171826673295],[131.3214461464061,33.48737811261146],[131.32129540091765,33.48688889831777],[131.3193826445444,33.485439466482596],[131.31864822188052,33.48510535705348],[131.31787847847932,33.482923386716635],[131.3159333661544,33.48359073231833],[131.31310651798765,33.48187102483321],[131.3125932286661,33.48125778528755],[131.31167130347663,33.48133460620324],[131.31170794906595,33.48226559712542],[131.31001118030898,33.483163669650715],[131.30875149776085,33.48356251005563],[131.30570887147053,33.48407283058056],[131.30467468585334,33.483823991017374],[131.30212436087012,33.48385796095492],[131.30220107876292,33.480548130744445],[131.30148931121326,33.4798358976729],[131.30052651061715,33.47812186376593],[131.29760494175494,33.47551216234575],[131.29625963506572,33.47481898948737],[131.29523245148425,33.473871790738286],[131.2922184409942,33.47238417171185],[131.29074992720032,33.47247906626158],[131.28991409447312,33.47092638303911],[131.28998556414993,33.470278501491585],[131.28950873630225,33.46936589681877],[131.28858606982988,33.46855845247352],[131.2901491429222,33.46689312284036],[131.290478014668,33.466198387894764],[131.29422419315222,33.46538373161361],[131.29487763542215,33.46545927935626],[131.29557423656303,33.46469425518151],[131.2963329941357,33.46463460153754],[131.29734978174594,33.463344468699134],[131.29743967658473,33.462727384589215],[131.29894191549886,33.46218016657599],[131.29924403920333,33.46175531511007],[131.30072697607724,33.462283772385206],[131.3015721491167,33.46194244732314],[131.3015966283679,33.46104025445672],[131.3032587358082,33.45886559275212],[131.30570925939853,33.45794054722001],[131.30712476840935,33.457638294155736],[131.30919469839867,33.45737705112185],[131.31223268989652,33.457094607389564],[131.31337680967638,33.456998666039816],[131.3137934209156,33.456938722306205],[131.31433455099864,33.45693478184564],[131.31462205202374,33.45696818495994],[131.3157332780346,33.45707293363357],[131.3159555750813,33.457109916574176],[131.31665276581631,33.45737544371919],[131.31752530421903,33.457488392853996],[131.31832606911263,33.45757144142917],[131.3198032123093,33.45809017278146],[131.32005172366954,33.45830132475567],[131.32054953534552,33.4585934457987],[131.3206507476589,33.45879976544048],[131.32079722698086,33.45899726642118],[131.3216968162736,33.45965374310896],[131.32196624967145,33.45979830263712],[131.3223912051581,33.46023719977683],[131.32247864209637,33.4603133357972],[131.32262511028947,33.46036998038947],[131.3228915495102,33.460355864533604],[131.3231831852868,33.460382788680754],[131.32332558754666,33.46042440141493],[131.32348325083433,33.46052384528791],[131.32368671907696,33.46082200040763],[131.32443885321837,33.46073680022524],[131.32455154767842,33.46092519178459],[131.32498113128563,33.46081191515314],[131.32536490861045,33.460845425199906],[131.32636885448147,33.46112205983188],[131.32711266119412,33.461242529491976],[131.32734025460056,33.461189903402094],[131.32830975644163,33.46309893304524],[131.3307778198308,33.46695629834074],[131.3306665718631,33.47056744852094],[131.3317155210664,33.47232283005906],[131.33329376388784,33.47534013074417],[131.33376814020028,33.4767463715408],[131.33461624843477,33.47892480288449],[131.33500694454477,33.480285217486724],[131.33563292156316,33.48223989191628]]]},"properties":{"KEY_CODE":"442111780","PREF":"44","CITY":"211","CITY_NAME":"宇佐市","S_NAME":"院内町香下","SETAI":"109"}},{"type":"Feature","geometry":{"type":"Polygon","coordinates":[[[131.34524276212858,33.48127057878683],[131.34465831030417,33.48155947692914],[131.34372940576574,33.481558659932716],[131.34187535166163,33.48202454922122],[131.34058122024007,33.48212411193965],[131.33835237617419,33.48196219993809],[131.33658732379394,33.48174616149688],[131.3356496285634,33.48219028779665],[131.33563292156316,33.48223989191628],[131.33500694454477,33.480285217486724],[131.33461624843477,33.47892480288449],[131.33376814020028,33.4767463715408],[131.33329376388787,33.47534013074418],[131.33481746999496,33.4752027389965],[131.33585983871933,33.47555492572278],[131.33886650402073,33.477939926034935],[131.33964801125734,33.478220228455804],[131.34131381684935,33.4778366425321],[131.3427791241429,33.47835288360761],[131.34519259171586,33.479791762326414],[131.34551409466735,33.48035567652293],[131.34524276212858,33.48127057878683]]]},"properties":{"KEY_CODE":"442111790","PREF":"44","CITY":"211","CITY_NAME":"宇佐市","S_NAME":"院内町新洞","SETAI":"19"}},{"type":"Feature","geometry":{"type":"Polygon","coordinates":[[[131.34524276212858,33.48127057878683],[131.34551409466735,33.48035567652293],[131.34519259171586,33.479791762326414],[131.3427791241429,33.47835288360761],[131.34131381684935,33.4778366425321],[131.339174033296,33.477195901510285],[131.33845269794696,33.47641747318022],[131.33859049623396,33.47535432326383],[131.34191576617582,33.47376989025434],[131.3428125449865,33.47442495708625],[131.3435512339668,33.475099261353776],[131.34396938520854,33.47543995818089],[131.34507919822633,33.475771347518],[131.3472869033052,33.47676484070059],[131.34829074850347,33.47720053758929],[131.3487077189178,33.47723652991138],[131.34988680499777,33.47712917150379],[131.35081362619198,33.477145125636305],[131.3513549957663,33.47724021630255],[131.35391219575473,33.47800591823372],[131.35432102968588,33.478220253007535],[131.35523332455745,33.47902406285866],[131.35561725042768,33.47965467046341],[131.35553800419564,33.47979610904978],[131.3546431546298,33.48002162493039],[131.3544485511422,33.48014852467362],[131.35329605591684,33.48025584683627],[131.35278189951924,33.48031676100049],[131.35234732191216,33.48031799018283],[131.35193154040138,33.48057182330416],[131.35044600492833,33.47946122256616],[131.34917966105266,33.47882935095777],[131.3476533029007,33.47858836044131],[131.34713935298475,33.47869384230097],[131.3480046777432,33.47996971491296],[131.3489159556337,33.48052831016959],[131.34902270881355,33.48060972828164],[131.34957422519182,33.481024381365515],[131.3503024625404,33.48126759990885],[131.35032930959258,33.481326980447264],[131.34970162754368,33.481834127055436],[131.347996915602,33.48136323857882],[131.34737554542144,33.48122376041248],[131.34673683247794,33.48118837662218],[131.34574794253297,33.48117999369315],[131.34524276212858,33.48127057878683]]]},"properties":{"KEY_CODE":"442111800","PREF":"44","CITY":"211","CITY_NAME":"宇佐市","S_NAME":"院内町沖","SETAI":"20"}},{"type":"Feature","geometry":{"type":"Polygon","coordinates":[[[131.3520289373031,33.48765855749096],[131.35141532076264,33.48822455350549],[131.35081071804046,33.48960557278822],[131.35089462316637,33.490434867382156],[131.35013267743153,33.48989686367793],[131.3496687025735,33.4890953986647],[131.34896332455287,33.48837442011717],[131.34847118525386,33.48706543056299],[131.34729729254587,33.48572472668265],[131.34712753241485,33.484808411824204],[131.34564095480883,33.48260457699328],[131.34465831030417,33.48155947692914],[131.34524276212858,33.48127057878683],[131.34574794253297,33.48117999369315],[131.34673683247794,33.48118837662218],[131.34737554542144,33.48122376041248],[131.347996915602,33.48136323857882],[131.34970162754368,33.481834127055436],[131.35032930959258,33.481326980447264],[131.3503024625404,33.48126759990885],[131.34957422519182,33.481024381365515],[131.34902270881355,33.48060972828164],[131.3489159556337,33.48052831016959],[131.3480046777432,33.47996971491296],[131.34713935298475,33.47869384230097],[131.3476533029007,33.47858836044131],[131.34917966105266,33.47882935095777],[131.35044600492833,33.47946122256616],[131.35193154040138,33.48057182330416],[131.35234732191216,33.48031799018283],[131.35278189951924,33.48031676100049],[131.35329605591684,33.48025584683627],[131.3544485511422,33.48014852467362],[131.3546431546298,33.48002162493039],[131.35553800419564,33.47979610904978],[131.35561725042768,33.47965467046341],[131.35523332455745,33.47902406285866],[131.35432102968588,33.478220253007535],[131.35391219575473,33.47800591823372],[131.3513549957663,33.47724021630255],[131.35081362619198,33.477145125636305],[131.34988680499777,33.47712917150379],[131.3487077189178,33.47723652991138],[131.34829074850347,33.47720053758929],[131.3472869033052,33.47676484070059],[131.34507919822633,33.475771347518],[131.34396938520854,33.47543995818089],[131.3435512339668,33.475099261353776],[131.3428125449865,33.47442495708625],[131.34191576617582,33.47376989025434],[131.34387872433604,33.47267549898304],[131.34439387338367,33.4717562592849],[131.34509608210035,33.46992604428024],[131.34528498542505,33.469483334902186],[131.34546758542922,33.468568692947066],[131.34555684318778,33.46663044656986],[131.3455267268164,33.46541984827391],[131.3455254229831,33.46509062270283],[131.34690357959244,33.46508162775672],[131.34892591879705,33.46556363748412],[131.3519616283732,33.46482355740912],[131.35770129290725,33.46525421175844],[131.3592042557451,33.464887036262176],[131.35951922853138,33.465547479415775],[131.36200660021618,33.46485590631312],[131.36345651123116,33.46468092202794],[131.36611559425384,33.465561469138414],[131.36731872521145,33.46643079886152],[131.36749369930064,33.46738073932933],[131.3687977699611,33.468883060101646],[131.36999924703593,33.46872296766155],[131.37134104688877,33.46862112332304],[131.37243699134808,33.468343926763836],[131.3736045297294,33.46843823038793],[131.3764673433964,33.468529865687444],[131.3762483433226,33.46859861401857],[131.3757718319993,33.46889850311139],[131.3752723977333,33.46988689241982],[131.3742935421279,33.470506785517934],[131.37410798417346,33.471221292618594],[131.37352601505216,33.47221251166917],[131.3735390884533,33.472223356449355],[131.37400944108742,33.4725384260209],[131.37457312250245,33.47234028385124],[131.37547954146623,33.47207202984971],[131.37571883219582,33.47218405724176],[131.37559438453619,33.47343346218985],[131.37482280905348,33.47486220889982],[131.37462211182898,33.47559578374136],[131.37535814576157,33.47682546766726],[131.3761299401627,33.478633477217485],[131.37602817369742,33.479472704572984],[131.37456746357668,33.48038660193387],[131.37385787081078,33.48099864267821],[131.3725074958036,33.48204258454282],[131.3718393454164,33.481919206451785],[131.36920859469097,33.480441626247824],[131.36870246477193,33.48052996858497],[131.36733815633832,33.480461692453225],[131.36665099327757,33.48129329253364],[131.36539606132635,33.481239146319105],[131.36483322834636,33.48152052741771],[131.3639920969048,33.48132044228621],[131.36308993243222,33.4816655509604],[131.36205477496392,33.481871169165785],[131.36160346536394,33.48129372977402],[131.36001546561593,33.48141412317508],[131.35888880016248,33.48176464179675],[131.3584508863244,33.481640504323394],[131.3565689415168,33.481660374259995],[131.3556616299399,33.48216454991853],[131.35514521267737,33.48256151204964],[131.3553117794562,33.48389217718004],[131.35447533506226,33.48484949961948],[131.3527593790324,33.48609386881315],[131.3528303489772,33.48656633284576],[131.3520289373031,33.48765855749096]]]},"properties":{"KEY_CODE":"442111810","PREF":"44","CITY":"211","CITY_NAME":"宇佐市","S_NAME":"院内町北山","SETAI":"14"}},{"type":"Feature","geometry":{"type":"Polygon","coordinates":[[[131.3592042557451,33.464887036262176],[131.35770129290725,33.46525421175844],[131.3519616283732,33.46482355740912],[131.34892591879705,33.46556363748412],[131.34690357959244,33.46508162775672],[131.3455254229831,33.46509062270283],[131.34528163936017,33.46432667797626],[131.34471856423974,33.46291575928699],[131.34382954400596,33.462387225320136],[131.34215684711376,33.462338742250694],[131.3403563561706,33.461175613892856],[131.33876317761664,33.459087242505106],[131.33850796744616,33.45838250026231],[131.33872918026495,33.457558925804996],[131.33932928472538,33.45678130656005],[131.34095770679403,33.45712957936601],[131.34366904406448,33.45820378119091],[131.3445265923054,33.45869520084734],[131.34645285035052,33.459853794953965],[131.3473653338012,33.46003938185567],[131.3499116075488,33.46013215535358],[131.3521960917382,33.459655430588086],[131.35292542620505,33.45964159369578],[131.35331266946415,33.4596631383845],[131.3541992328058,33.46020180801358],[131.35450041097403,33.460612948144856],[131.3549935749405,33.46116411173171],[131.35550743634894,33.46234789921613],[131.35635035997484,33.46295509149521],[131.356578152988,33.46332019428216],[131.35662720220955,33.46345555804411],[131.35741981648255,33.46361583442133],[131.3592042557451,33.464887036262176]]]},"properties":{"KEY_CODE":"442111820","PREF":"44","CITY":"211","CITY_NAME":"宇佐市","S_NAME":"院内町広瀬","SETAI":"17"}},{"type":"Feature","geometry":{"type":"Polygon","coordinates":[[[131.34131381684935,33.4778366425321],[131.33964801125734,33.478220228455804],[131.33886650402073,33.477939926034935],[131.33585983871933,33.47555492572278],[131.33481746999496,33.4752027389965],[131.33455869293616,33.474877826283254],[131.33433938158603,33.474458230985995],[131.33428451221948,33.47390546731847],[131.33450688634488,33.473401761048635],[131.3358806350745,33.47121688460079],[131.33624806828792,33.47011313893743],[131.33613684408368,33.46918637700983],[131.3361600450404,33.46828201580419],[131.33671917383958,33.46687478769986],[131.33653147792015,33.46598553844677],[131.3364146127319,33.46525783954271],[131.33672768738685,33.46453634686033],[131.3370527588789,33.46351704732986],[131.33815854990837,33.46377269766874],[131.33811157411836,33.4647285889409],[131.3381879258714,33.46481333855783],[131.33854513000534,33.46543894646899],[131.33857121183465,33.46563002855732],[131.3389523393131,33.46588386603394],[131.34081536683522,33.46598500024507],[131.3415267462434,33.46645035932843],[131.341945688589,33.46665097070245],[131.343024719736,33.467157794681356],[131.3445971250791,33.467461429044036],[131.3454971074852,33.467543906857735],[131.34528498542505,33.469483334902186],[131.34509608210035,33.46992604428024],[131.34439387338367,33.4717562592849],[131.34387872433604,33.47267549898304],[131.34191576617582,33.47376989025434],[131.33859049623396,33.47535432326383],[131.33845269794696,33.47641747318022],[131.339174033296,33.477195901510285],[131.34131381684935,33.4778366425321]]]},"properties":{"KEY_CODE":"442111830","PREF":"44","CITY":"211","CITY_NAME":"宇佐市","S_NAME":"院内町小坂","SETAI":"19"}},{"type":"Feature","geometry":{"type":"Polygon","coordinates":[[[131.33160713623533,33.447192021845886],[131.3336354125027,33.44757921366891],[131.33528030369817,33.447917461757946],[131.3362302313426,33.44801841935836],[131.33644249644698,33.44846309418771],[131.3358226856999,33.449994662028786],[131.3359809047998,33.45045758885537],[131.33570569430356,33.45211062384641],[131.3341545491535,33.45355195938772],[131.33450187675206,33.45546444248494],[131.3339850065627,33.456194553434315],[131.33421231575704,33.457211726327905],[131.3349238979685,33.45785303510855],[131.3340305426662,33.45920295119457],[131.33449231591584,33.4605614641098],[131.33551504352846,33.46126706138458],[131.33574784474527,33.462246779279916],[131.3370527588789,33.46351704732986],[131.33672768738685,33.46453634686033],[131.3364146127319,33.46525783954271],[131.33653147792015,33.46598553844677],[131.33671917383958,33.46687478769986],[131.3361600450404,33.46828201580419],[131.33613684408368,33.46918637700983],[131.33624806828797,33.47011313893743],[131.3358806350745,33.471216884600786],[131.33450688634488,33.473401761048635],[131.33428451221948,33.47390546731847],[131.33433938158603,33.474458230985995],[131.33455869293616,33.474877826283254],[131.33481746999496,33.4752027389965],[131.33329376388784,33.47534013074417],[131.3317155210664,33.47232283005906],[131.3306665718631,33.47056744852094],[131.3307778198308,33.46695629834074],[131.32830975644163,33.46309893304524],[131.32734025460056,33.461189903402094],[131.32603333542698,33.45855420297226],[131.32586935228466,33.45798353622753],[131.3254756587781,33.45633189472113],[131.32572581450233,33.45464622693823],[131.32639905673378,33.453870086288966],[131.3278474885543,33.45289894241851],[131.32996314293908,33.45046250206248],[131.32987604913126,33.449948729001484],[131.33160713623533,33.447192021845886]]]},"properties":{"KEY_CODE":"442111840","PREF":"44","CITY":"211","CITY_NAME":"宇佐市","S_NAME":"院内町櫛野","SETAI":"103"}},{"type":"Feature","geometry":{"type":"Polygon","coordinates":[[[131.32603333542698,33.45855420297226],[131.32734025460056,33.46118990340212],[131.32711266119412,33.461242529491976],[131.32636885448147,33.46112205983188],[131.32536490861045,33.460845425199906],[131.32498113128563,33.46081191515314],[131.32455154767842,33.46092519178459],[131.32443885321837,33.46073680022524],[131.32368671907696,33.46082200040763],[131.32348325083433,33.46052384528791],[131.32332558754666,33.46042440141493],[131.3231831852868,33.460382788680754],[131.3228915495102,33.460355864533604],[131.32262511028947,33.46036998038947],[131.32247864209637,33.4603133357972],[131.3223912051581,33.46023719977683],[131.32196624967145,33.45979830263712],[131.3216968162736,33.45965374310896],[131.32079722698086,33.45899726642118],[131.3206507476589,33.45879976544048],[131.32054953534552,33.4585934457987],[131.32005172366954,33.45830132475567],[131.3198032123093,33.45809017278146],[131.31832606911263,33.45757144142917],[131.31752530421903,33.457488392853996],[131.31665276581631,33.45737544371919],[131.3159555750813,33.457109916574176],[131.3157332780346,33.45707293363357],[131.31462205202374,33.45696818495994],[131.31433455099864,33.45693478184564],[131.3137934209156,33.456938722306205],[131.31337680967638,33.456998666039816],[131.31223268989652,33.457094607389564],[131.30919469839867,33.45737705112185],[131.30712476840935,33.457638294155736],[131.30570925939853,33.45794054722001],[131.3032587358082,33.45886559275212],[131.30305567740618,33.45734323025927],[131.30265663665855,33.45633411697537],[131.30293014749498,33.45563177550799],[131.3026008480305,33.45483449800129],[131.30181800555974,33.45470202566536],[131.30231757416482,33.45404055889885],[131.30270645984046,33.452713509309234],[131.30331541527445,33.45232830898523],[131.3049521731024,33.45191368393538],[131.306339128938,33.45126404857786],[131.30785655562266,33.450045235530816],[131.3092996861843,33.4482746539743],[131.30993895844225,33.44635569843053],[131.31112227030692,33.44539616203702],[131.31054154192498,33.444674852747035],[131.30951617510135,33.444409577212575],[131.30789350694442,33.44445184176415],[131.30751423668124,33.442596965114944],[131.30635330260282,33.44053996504646],[131.30619560126004,33.438790879834194],[131.30660880781736,33.43739976654425],[131.30724197503406,33.43705975327724],[131.30914539974063,33.43715177335276],[131.3127856049246,33.43708822234319],[131.3129562810703,33.43800238435204],[131.313340487198,33.43862957285016],[131.31507812443888,33.43977060108367],[131.31569719402364,33.44033558133503],[131.31713049956602,33.440596719769054],[131.31852817262225,33.44114735731681],[131.32041896696762,33.44395067108313],[131.32125214048415,33.44479219740467],[131.3227984506347,33.445785790743344],[131.3226833002087,33.446426585649434],[131.32259613277523,33.44669778227247],[131.32250984765318,33.447202963068015],[131.32301470935164,33.4486426893059],[131.3232003033438,33.44916568777742],[131.32333476692082,33.44976884772411],[131.32275766606105,33.4510447147867],[131.32300464545037,33.45134823348093],[131.32281624001436,33.45266974711398],[131.32325369306534,33.45337080991646],[131.3236394609108,33.4539326609497],[131.32379357615335,33.454098437860864],[131.32442141508884,33.454402315938125],[131.3248117439703,33.45447099968256],[131.32572581450233,33.45464622693823],[131.3254756587781,33.45633189472113],[131.32586935228466,33.45798353622753],[131.32603333542698,33.45855420297226]]]},"properties":{"KEY_CODE":"442111850","PREF":"44","CITY":"211","CITY_NAME":"宇佐市","S_NAME":"院内町高並","SETAI":"65"}},{"type":"Feature","geometry":{"type":"Polygon","coordinates":[[[131.30635330260282,33.44053996504646],[131.30751423668124,33.442596965114944],[131.30789350694442,33.44445184176415],[131.30951617510135,33.444409577212575],[131.31054154192498,33.444674852747035],[131.31112227030692,33.44539616203702],[131.30993895844225,33.44635569843053],[131.3092996861843,33.4482746539743],[131.30785655562266,33.450045235530816],[131.306339128938,33.45126404857786],[131.3049521731024,33.45191368393538],[131.30331541527445,33.45232830898523],[131.30270645984046,33.452713509309234],[131.30231757416482,33.45404055889885],[131.30181800555974,33.45470202566536],[131.30167124965917,33.454682553657065],[131.30134693003671,33.45399709259963],[131.30097596142414,33.453118966084986],[131.29977801155084,33.4524895735763],[131.29939085905193,33.45225148518062],[131.29900897730587,33.452202281281494],[131.29840881725224,33.45154057828825],[131.29761577704173,33.450956474044894],[131.29665718782317,33.45037272087921],[131.29548945717477,33.449137933140655],[131.29466597387852,33.4476902304937],[131.29526581193159,33.44665272383379],[131.29870335239264,33.444914199393466],[131.29885332948322,33.444284623850066],[131.29638047874965,33.443359404163715],[131.29587770435666,33.44165149917152],[131.29469874072865,33.440923038337395],[131.29432536582075,33.438483546858905],[131.2963738272439,33.43841915950355],[131.29758234794636,33.43741719092842],[131.29881942882017,33.437346216680105],[131.29969912295698,33.43657882852281],[131.30011526683268,33.43667986739507],[131.30154239451488,33.43878516398534],[131.30221685643733,33.440254570018],[131.30266946352185,33.44062760579569],[131.30635330260282,33.44053996504646]]]},"properties":{"KEY_CODE":"442111860","PREF":"44","CITY":"211","CITY_NAME":"宇佐市","S_NAME":"院内町下船木","SETAI":"22"}},{"type":"Feature","geometry":{"type":"Polygon","coordinates":[[[131.29466597387852,33.4476902304937],[131.2939432774164,33.447487601451385],[131.2908992280453,33.44760268223135],[131.28967244683727,33.447940964641724],[131.28747411106292,33.44842945751236],[131.28573476466048,33.44761846333637],[131.28529184031623,33.447179947991614],[131.28521053377065,33.44622009622802],[131.28392777099867,33.44527804016897],[131.286319177861,33.443348825065314],[131.2871469949857,33.44218204818834],[131.28714458981952,33.43992453046583],[131.28826888448185,33.43947979924435],[131.28962938153123,33.43839252103131],[131.29207429796998,33.43860789696028],[131.29432536582075,33.438483546858905],[131.29469874072865,33.440923038337395],[131.29587770435666,33.44165149917152],[131.29638047874965,33.443359404163715],[131.29885332948322,33.444284623850066],[131.29870335239264,33.444914199393466],[131.29526581193159,33.44665272383379],[131.29466597387852,33.4476902304937]]]},"properties":{"KEY_CODE":"442111870","PREF":"44","CITY":"211","CITY_NAME":"宇佐市","S_NAME":"院内町上船木","SETAI":"15"}},{"type":"Feature","geometry":{"type":"Polygon","coordinates":[[[131.30635330260282,33.44053996504646],[131.30266946352185,33.44062760579569],[131.30221685643733,33.440254570018],[131.30154239451488,33.43878516398534],[131.30011526683268,33.43667986739507],[131.29969912295698,33.43657882852281],[131.29881942882017,33.437346216680105],[131.29758234794636,33.43741719092842],[131.2963738272439,33.43841915950355],[131.29432536582075,33.438483546858905],[131.29207429796998,33.43860789696028],[131.28962938153123,33.43839252103131],[131.28826888448185,33.43947979924435],[131.28714458981952,33.43992453046583],[131.2870104834634,33.43785183877009],[131.28823874443688,33.43553977924837],[131.28809588928914,33.43237971929778],[131.2883199162601,33.43072125168784],[131.2902319630373,33.43076582726651],[131.29363111009414,33.43045133383369],[131.29723448015866,33.429361367794634],[131.30101398568374,33.4293638154564],[131.30362995860708,33.42995309553458],[131.30510563507477,33.42988008719617],[131.30777950009858,33.42927205971266],[131.30936617143,33.429383750339746],[131.3105987462109,33.43026406383539],[131.31188679919828,33.431663022197974],[131.31285455520162,33.432180363679535],[131.31297127241695,33.432566888676384],[131.31162204732064,33.434238419359794],[131.31113464715287,33.43502536386101],[131.31159845668347,33.43571322855891],[131.31245162979963,33.43642423641543],[131.3127856049246,33.43708822234319],[131.30914539974063,33.43715177335276],[131.30724197503406,33.43705975327724],[131.30660880781736,33.43739976654425],[131.30619560126004,33.438790879834194],[131.30635330260282,33.44053996504646]]]},"properties":{"KEY_CODE":"442111880","PREF":"44","CITY":"211","CITY_NAME":"宇佐市","S_NAME":"院内町小稲","SETAI":"20"}},{"type":"Feature","geometry":{"type":"Polygon","coordinates":[[[131.2883199162601,33.43072125168784],[131.2869960877471,33.43079835518107],[131.2855117904757,33.430402074135245],[131.28186908779512,33.42857487016559],[131.2810898297176,33.427806896100655],[131.28057468448577,33.4268162775075],[131.28038633037824,33.42552493505844],[131.28108427541733,33.42563437775219],[131.28281591629707,33.424973477956186],[131.28370289298314,33.42397294286336],[131.2864990701272,33.421940009594366],[131.28691831647185,33.42059196903167],[131.28815139798772,33.421038073711465],[131.28929197005507,33.42022367684834],[131.29144702016984,33.417890615376834],[131.29210450552165,33.416959787258385],[131.29280033543773,33.417189269650144],[131.29383891449294,33.41684493462657],[131.29524536996578,33.41572692976549],[131.2962576965246,33.41589360993793],[131.29711903174476,33.416035426778826],[131.29971316522708,33.41605460225235],[131.3020040555911,33.41647695518003],[131.30250190835426,33.416868998893605],[131.30282351779172,33.41814045229091],[131.30426193803336,33.42128865241115],[131.30554439752706,33.423199645086775],[131.30641592485168,33.42393773720274],[131.3069012357548,33.42466519071524],[131.30709834993246,33.4258097267354],[131.30728046957788,33.42660731673774],[131.30824461894545,33.428172127248885],[131.30936617143,33.429383750339746],[131.30777950009858,33.42927205971266],[131.30510563507477,33.42988008719617],[131.30362995860708,33.42995309553458],[131.30101398568374,33.4293638154564],[131.29723448015866,33.429361367794634],[131.29363111009414,33.43045133383369],[131.2902319630373,33.43076582726651],[131.2883199162601,33.43072125168784]]]},"properties":{"KEY_CODE":"442111890","PREF":"44","CITY":"211","CITY_NAME":"宇佐市","S_NAME":"院内町大重見","SETAI":"13"}},{"type":"Feature","geometry":{"type":"Polygon","coordinates":[[[131.26659634489056,33.44759405564354],[131.26654351089138,33.447603902003436],[131.26642370217465,33.44752705914604],[131.2654879788504,33.4468158028345],[131.26454765706072,33.44610842571418],[131.2642320344163,33.44514523247917],[131.26245736514917,33.443764942320456],[131.26189593794413,33.443635079295426],[131.26092121892205,33.44370654547043],[131.25989966278783,33.44349278806177],[131.25840701738952,33.44413977879399],[131.25737666792412,33.44405709571928],[131.2568354193009,33.44453626579847],[131.25537586763915,33.44551084936483],[131.2550730689028,33.44575821590303],[131.25424142208462,33.44601824688312],[131.25394860625536,33.446535479487245],[131.25340742873522,33.447053208708645],[131.25298633476362,33.44774804826405],[131.25251576619496,33.447232368569004],[131.25199901168375,33.44664739467906],[131.25145479555576,33.44610871888998],[131.25059069643677,33.44627238517508],[131.25032321901762,33.4460184643307],[131.24973307324277,33.445487592119584],[131.2487940326172,33.44517333807074],[131.2479554692046,33.44461209508732],[131.24734778324932,33.44420097889664],[131.2473498226706,33.4441425392131],[131.24700366807116,33.44322762575953],[131.24716600105018,33.44280718492509],[131.24718729649848,33.4425455368615],[131.2471393621652,33.44248716293956],[131.24674294258213,33.4419816474112],[131.24692618266036,33.4411610614497],[131.2480324577057,33.43996779637143],[131.2480921014906,33.439621428713764],[131.24871627530226,33.438815360315395],[131.24945041773267,33.43791980878057],[131.2501055585187,33.43702902485254],[131.25051954001344,33.43660653337716],[131.25148362258506,33.43584441821212],[131.25156908030203,33.43553495614568],[131.2514473087894,33.43510358590485],[131.25271895724296,33.43472254573706],[131.25446759263482,33.434466223172315],[131.25738129440785,33.43315786630496],[131.26149738779503,33.43251458661849],[131.26385001597492,33.43292533763806],[131.26493430811468,33.432403590875644],[131.2656458673033,33.43160423139507],[131.26601256898442,33.43040850286325],[131.2686573363531,33.429307365507],[131.2697687651917,33.42905328172875],[131.27165792654455,33.42910836873552],[131.27485766950502,33.427687622589616],[131.27691325761847,33.42725569664377],[131.27849034170364,33.42612315933666],[131.28038633037824,33.42552493505844],[131.28057468448577,33.4268162775075],[131.2810898297176,33.427806896100655],[131.28186908779512,33.42857487016559],[131.2855117904757,33.430402074135245],[131.2869960877471,33.43079835518107],[131.2883199162601,33.43072125168784],[131.28809588928914,33.43237971929778],[131.28823874443688,33.43553977924837],[131.2870104834634,33.43785183877009],[131.28714458981952,33.43992453046583],[131.2871469949857,33.44218204818834],[131.286319177861,33.443348825065314],[131.28392777099867,33.44527804016897],[131.28290563721637,33.44452132814442],[131.2820163221548,33.444282748903206],[131.28072321612387,33.44513165292451],[131.27697368189266,33.444650574311005],[131.27553080216575,33.44500852186022],[131.27460159726698,33.44492579706086],[131.27250147570334,33.44541242637134],[131.2714284546905,33.44640950001526],[131.27015932164528,33.44646630149786],[131.26957639453263,33.44682613596414],[131.26659634489056,33.44759405564354]]]},"properties":{"KEY_CODE":"442111900","PREF":"44","CITY":"211","CITY_NAME":"宇佐市","S_NAME":"院内町小野川内","SETAI":"21"}},{"type":"Feature","geometry":{"type":"Polygon","coordinates":[[[131.28038633037824,33.42552493505844],[131.27849034170364,33.42612315933666],[131.27691325761847,33.42725569664377],[131.27485766950502,33.427687622589616],[131.27165792654455,33.42910836873552],[131.2697687651917,33.42905328172875],[131.2686573363531,33.429307365507],[131.26601256898442,33.43040850286325],[131.2656458673033,33.43160423139507],[131.26493430811468,33.432403590875644],[131.26385001597492,33.43292533763806],[131.26149738779503,33.43251458661849],[131.25738129440785,33.43315786630496],[131.25446759263482,33.434466223172315],[131.25271895724296,33.43472254573706],[131.2514473087894,33.43510358590485],[131.25130699277716,33.43446908590617],[131.25134015544666,33.43387041045079],[131.2523220602164,33.43228805419536],[131.25239839491064,33.432007843280665],[131.25306763645594,33.430938531036446],[131.25392499634978,33.429510260192366],[131.25406780558063,33.42871132386999],[131.254039768273,33.42854671596458],[131.25389910472921,33.42818385895021],[131.2538812952504,33.42774534078497],[131.25378152437833,33.42754858018072],[131.2536891970888,33.42738255407889],[131.25318194922127,33.42665881622486],[131.25370889091434,33.42594374237088],[131.25386955048887,33.42560795326371],[131.25375214337964,33.42502188142483],[131.2539760958304,33.42371653103111],[131.2543551504008,33.42205536409681],[131.25433292258788,33.42136138202337],[131.25480023293719,33.4203694341531],[131.2548397244963,33.42005545205568],[131.25519109071365,33.419614582815306],[131.25527815751485,33.419238965202155],[131.25527048386408,33.4191281707662],[131.2551933948509,33.41851126200391],[131.25537123059698,33.41776917476543],[131.2553400983755,33.417175276296696],[131.255234263449,33.416783076806354],[131.25494609819305,33.41621429296377],[131.25526439076233,33.415779693510395],[131.2554693173689,33.414882149044296],[131.25533962004258,33.41323279328681],[131.25527330207908,33.412988589790736],[131.25905924898234,33.4117705940691],[131.26178699564397,33.41128348701467],[131.264018244573,33.41123456230611],[131.266007455362,33.41056232393663],[131.26753613444467,33.411120139259594],[131.268642548139,33.412147139159856],[131.2692776801383,33.41238865876965],[131.27254543950957,33.41217333448175],[131.27575398355722,33.41286600172343],[131.2769553964215,33.413372232031705],[131.27929089170055,33.414882149741636],[131.28160150625843,33.41506777310111],[131.2831059411689,33.41543447482659],[131.28349345058598,33.41584995822467],[131.28504005413194,33.418581770367005],[131.28691831647185,33.42059196903167],[131.2864990701272,33.421940009594366],[131.28370289298314,33.42397294286336],[131.28281591629707,33.424973477956186],[131.28108427541733,33.42563437775219],[131.28038633037824,33.42552493505844]]]},"properties":{"KEY_CODE":"442111910","PREF":"44","CITY":"211","CITY_NAME":"宇佐市","S_NAME":"院内町日岳","SETAI":"31"}},{"type":"Feature","geometry":{"type":"Polygon","coordinates":[[[131.2962576965246,33.41589360993793],[131.29524536996578,33.41572692976549],[131.29383891449294,33.41684493462657],[131.29280033543773,33.417189269650144],[131.29210450552165,33.416959787258385],[131.29144702016984,33.417890615376834],[131.28929197005507,33.42022367684834],[131.28815139798772,33.421038073711465],[131.28691831647185,33.42059196903167],[131.28504005413194,33.418581770367005],[131.28349345058598,33.41584995822467],[131.2831059411689,33.41543447482659],[131.28160150625843,33.41506777310111],[131.27929089170055,33.414882149741636],[131.2769553964215,33.413372232031705],[131.27575398355722,33.41286600172343],[131.27254543950957,33.41217333448175],[131.2692776801383,33.41238865876965],[131.268642548139,33.412147139159856],[131.26753613444467,33.411120139259594],[131.266007455362,33.41056232393663],[131.2696669959026,33.40838341787764],[131.27221119666845,33.40730217394578],[131.2750914313489,33.40695202148363],[131.27724119059116,33.40709951050258],[131.27958335615105,33.406976374142765],[131.28311803539418,33.406182475583364],[131.28642040607167,33.405998037020034],[131.29245115589242,33.40560080930036],[131.29823910868686,33.40496319827435],[131.29824796322998,33.40699046035999],[131.29811254366516,33.40771944099722],[131.29781273531518,33.408772655264606],[131.29779796625817,33.410513367074735],[131.29762150652087,33.41134656556171],[131.2970494654724,33.413464495781696],[131.29667794055,33.41370824689108],[131.2962576965246,33.41589360993793]]]},"properties":{"KEY_CODE":"442111920","PREF":"44","CITY":"211","CITY_NAME":"宇佐市","S_NAME":"院内町五名","SETAI":"24"}},{"type":"Feature","geometry":{"type":"Polygon","coordinates":[[[131.32566008855798,33.42002098902314],[131.3244872138832,33.4201945561475],[131.32312440136596,33.41895447475356],[131.32234524838782,33.41884823496388],[131.32077773081156,33.42115089658081],[131.3192043397283,33.42149321772149],[131.31857525876927,33.4199672530228],[131.31784383134357,33.41779640887983],[131.31546136655837,33.41755655341153],[131.31490416895187,33.417029949121925],[131.3144153031308,33.415389809954696],[131.31393200413714,33.41474498436737],[131.3126519067709,33.415463149561276],[131.31185513429352,33.41574064379885],[131.311168529919,33.416201503387484],[131.31029516859132,33.416938341693104],[131.3085634689107,33.418254433602335],[131.30756374230674,33.41865046232747],[131.30672737765266,33.41888602482845],[131.30553224855802,33.41923676355453],[131.30489918111905,33.42066963188306],[131.30426193803336,33.42128865241115],[131.30282351779172,33.41814045229094],[131.30250190835426,33.416868998893605],[131.3020040555911,33.41647695518003],[131.29971316522708,33.41605460225233],[131.29711903174476,33.416035426778826],[131.2962576965246,33.41589360993793],[131.29667794055,33.41370824689108],[131.2970494654724,33.413464495781696],[131.29762150652087,33.41134656556171],[131.29779796625817,33.410513367074735],[131.29781273531518,33.408772655264606],[131.29811254366516,33.40771944099722],[131.29824796322998,33.40699046035999],[131.29823910868686,33.404963198274345],[131.2990795581869,33.4051927246058],[131.3034636403249,33.40609777383971],[131.30449967703612,33.406711348034825],[131.30553873155208,33.40819204815741],[131.30694515363385,33.40967183096275],[131.30801792680583,33.4111766231516],[131.3094959590453,33.4119888340425],[131.31135003021575,33.41214021068735],[131.31248700570035,33.41278930802445],[131.3141830040079,33.41295562202099],[131.31605657041027,33.412532812164386],[131.3187663867097,33.41082813637143],[131.31940145537004,33.41110232197583],[131.31957131067907,33.41119289803141],[131.3200338251611,33.41156706595381],[131.32028547155062,33.411765458868956],[131.3206523609139,33.41195220932485],[131.32092375409755,33.41199130518588],[131.32200842628617,33.411886122723686],[131.32319954251446,33.412147466893636],[131.3238587453934,33.412526818830244],[131.3245078388671,33.413833228058934],[131.32530853350116,33.41395623545991],[131.3254579429798,33.41401272728225],[131.3251536035282,33.41514816666256],[131.32520929048513,33.41553476857774],[131.32541318022803,33.415647965740206],[131.32609954029357,33.41602153031633],[131.32664467401415,33.416713981674164],[131.3258225124685,33.41811524260406],[131.32582173218293,33.41814757989559],[131.32560246622577,33.419122496914866],[131.32566008855798,33.42002098902314]]]},"properties":{"KEY_CODE":"442111930","PREF":"44","CITY":"211","CITY_NAME":"宇佐市","S_NAME":"院内町原口","SETAI":"54"}},{"type":"Feature","geometry":{"type":"Polygon","coordinates":[[[131.31857525876927,33.4199672530228],[131.31690184628278,33.42076741633784],[131.31580478425886,33.420749618095975],[131.31290716350057,33.42071654952405],[131.31196626451975,33.42078581782377],[131.30966741620207,33.42028325866197],[131.30728601614692,33.41897826469106],[131.30756374230674,33.41865046232747],[131.30856346891073,33.41825443360235],[131.31029516859132,33.416938341693104],[131.311168529919,33.416201503387484],[131.31185513429352,33.41574064379885],[131.3126519067709,33.415463149561276],[131.31393200413714,33.41474498436737],[131.3144153031308,33.415389809954696],[131.31490416895187,33.417029949121925],[131.31546136655837,33.41755655341153],[131.31784383134357,33.41779640887983],[131.31857525876927,33.4199672530228]]]},"properties":{"KEY_CODE":"442111940","PREF":"44","CITY":"211","CITY_NAME":"宇佐市","S_NAME":"院内町山城","SETAI":"26"}},{"type":"Feature","geometry":{"type":"Polygon","coordinates":[[[131.3192043397283,33.42149321772149],[131.3194350562473,33.422503311757104],[131.31882875136645,33.42354120434825],[131.31808222130732,33.42689480313775],[131.3184013636181,33.428612439587525],[131.31951482084978,33.43148897914614],[131.32098654353265,33.43320609148313],[131.32225104219071,33.43416481304055],[131.32456843394118,33.435154115245496],[131.32565765829276,33.436507155932226],[131.32526502938458,33.43841758307216],[131.3244446278379,33.43769354830327],[131.32241992993022,33.43725197093281],[131.32099990078547,33.436524404675836],[131.31608604747302,33.436064748609425],[131.31269479994913,33.43454483023762],[131.31162204732064,33.434238419359794],[131.31297127241695,33.432566888676384],[131.31285455520162,33.432180363679535],[131.31188679919828,33.431663022197974],[131.3105987462109,33.43026406383539],[131.30936617143,33.429383750339746],[131.30824461894545,33.428172127248885],[131.30728046957788,33.42660731673774],[131.30709834993246,33.4258097267354],[131.30690123575482,33.42466519071523],[131.30641592485168,33.42393773720274],[131.30554439752706,33.423199645086775],[131.30426193803336,33.42128865241115],[131.30489918111905,33.42066963188306],[131.30553224855802,33.41923676355453],[131.30672737765266,33.41888602482845],[131.30728601614692,33.41897826469106],[131.30966741620207,33.42028325866197],[131.31196626451975,33.42078581782377],[131.31290716350057,33.42071654952405],[131.31580478425886,33.420749618095975],[131.31690184628278,33.42076741633784],[131.31857525876927,33.4199672530228],[131.3192043397283,33.42149321772149]]]},"properties":{"KEY_CODE":"442111950","PREF":"44","CITY":"211","CITY_NAME":"宇佐市","S_NAME":"院内町大副","SETAI":"93"}},{"type":"Feature","geometry":{"type":"Polygon","coordinates":[[[131.3272082136242,33.42140683335601],[131.32862237510636,33.42194389284713],[131.32913518785628,33.42229683640465],[131.32997403243613,33.42359066552905],[131.3302759547055,33.42403743663455],[131.33180915672042,33.4251568714729],[131.33203206433367,33.425296143519446],[131.33273445714147,33.42577909681035],[131.33231489335708,33.42656348271792],[131.33236432271957,33.42785941494391],[131.33305337764605,33.42921421124485],[131.3327003476115,33.42995178285634],[131.3319002712564,33.430103139968004],[131.33184747809898,33.430839903526106],[131.33311827363843,33.43134943577186],[131.33421548001408,33.432115603560945],[131.3337729705906,33.43272284884778],[131.33328959339468,33.43427199598551],[131.3330555036531,33.4355826790248],[131.3330561809951,33.43575981453557],[131.33359470158172,33.43698916314529],[131.33109044339733,33.43801619880084],[131.33047296461154,33.43810925356922],[131.32974020562557,33.438146748068895],[131.32745488436407,33.43928019305948],[131.32600383222336,33.439994959439474],[131.32526502938458,33.43841758307216],[131.32565765829276,33.436507155932226],[131.32456843394118,33.435154115245496],[131.32225104219071,33.43416481304055],[131.32098654353265,33.43320609148313],[131.31951482084978,33.43148897914614],[131.3184013636181,33.428612439587525],[131.31808222130732,33.42689480313775],[131.31882875136645,33.42354120434825],[131.3194350562473,33.422503311757104],[131.3192043397283,33.42149321772149],[131.32077773081156,33.42115089658081],[131.32234524838782,33.41884823496388],[131.32312440136596,33.41895447475356],[131.3244872138832,33.4201945561475],[131.32566008855798,33.42002098902314],[131.3261831442528,33.42084076264216],[131.3265511274712,33.421119532835974],[131.3272082136242,33.42140683335601]]]},"properties":{"KEY_CODE":"442111960","PREF":"44","CITY":"211","CITY_NAME":"宇佐市","S_NAME":"院内町副","SETAI":"143"}},{"type":"Feature","geometry":{"type":"Polygon","coordinates":[[[131.33616986565102,33.44782580852251],[131.33528030369817,33.447917461757946],[131.3336354125027,33.44757921366891],[131.33160713623533,33.447192021845886],[131.33169701707368,33.44620582772219],[131.33183506523275,33.445865206935146],[131.33210012013961,33.44547856478844],[131.33224320726254,33.44487893538799],[131.33222963644107,33.444493034070916],[131.3319844543137,33.44374210002104],[131.33155886264805,33.443326829657124],[131.32896115841518,33.44197276450295],[131.32745533863638,33.44101189110143],[131.3263440710222,33.44026830794556],[131.32600383222328,33.439994959439474],[131.32745488436407,33.43928019305948],[131.32974020562557,33.43814674806885],[131.33047296461154,33.43810925356922],[131.33109044339733,33.438016198800874],[131.33359470158175,33.43698916314529],[131.33489784062024,33.438948422889325],[131.33412210639185,33.43966847205519],[131.33631605007824,33.44044577063925],[131.33707664565674,33.44156264787096],[131.33735650368277,33.44270389753116],[131.33683239062233,33.443115811654295],[131.33574348078216,33.44338912921089],[131.33544428733111,33.44350687640602],[131.33546261470946,33.44384236401171],[131.3356760088537,33.44397387498664],[131.3365886663766,33.44435692876691],[131.33625376764255,33.44473975935336],[131.33681410121022,33.44595008346961],[131.33678236726684,33.44654986974189],[131.33616986565102,33.44782580852251]]]},"properties":{"KEY_CODE":"442111970","PREF":"44","CITY":"211","CITY_NAME":"宇佐市","S_NAME":"院内町二日市","SETAI":"34"}},{"type":"Feature","geometry":{"type":"Polygon","coordinates":[[[131.31162204732064,33.434238419359794],[131.31269479994913,33.43454483023762],[131.31608604747302,33.436064748609425],[131.32099990078547,33.436524404675836],[131.32241992993022,33.43725197093281],[131.3244446278379,33.43769354830327],[131.32526502938458,33.43841758307216],[131.32600383222336,33.439994959439474],[131.3263440710222,33.44026830794556],[131.32745533863638,33.44101189110143],[131.32896115841524,33.44197276450295],[131.33155886264802,33.44332682965715],[131.3319844543137,33.44374210002104],[131.33222963644107,33.444493034070916],[131.33224320726254,33.44487893538799],[131.33210012013961,33.44547856478844],[131.33183506523275,33.445865206935146],[131.33169701707368,33.44620582772219],[131.33160713623533,33.447192021845886],[131.32987604913126,33.449948729001484],[131.32996314293908,33.45046250206248],[131.3278474885543,33.45289894241851],[131.32639905673378,33.453870086288966],[131.32572581450233,33.45464622693823],[131.3248117439703,33.45447099968256],[131.32442141508884,33.454402315938125],[131.32379357615335,33.454098437860864],[131.3236394609108,33.4539326609497],[131.32325369306534,33.45337080991646],[131.32281624001436,33.45266974711398],[131.32300464545037,33.45134823348093],[131.32275766606105,33.4510447147867],[131.32333476692082,33.44976884772411],[131.3232003033438,33.44916568777742],[131.32301470935164,33.4486426893059],[131.32250984765318,33.44720296306802],[131.32259613277523,33.44669778227247],[131.3226833002087,33.446426585649434],[131.32279845063476,33.44578579074335],[131.32125214048415,33.444792197404695],[131.32041896696762,33.44395067108313],[131.31852817262225,33.44114735731681],[131.31713049956602,33.440596719769054],[131.31569719402364,33.440335581335056],[131.31507812443888,33.43977060108367],[131.313340487198,33.43862957285016],[131.3129562810703,33.43800238435204],[131.3127856049246,33.43708822234319],[131.31245162979963,33.43642423641543],[131.31159845668347,33.43571322855891],[131.31113464715287,33.43502536386099],[131.31162204732064,33.434238419359794]]]},"properties":{"KEY_CODE":"442111980","PREF":"44","CITY":"211","CITY_NAME":"宇佐市","S_NAME":"院内町御沓","SETAI":"76"}},{"type":"Feature","geometry":{"type":"Polygon","coordinates":[[[131.31759827970455,33.41007925197301],[131.31827561097842,33.41052134661583],[131.3187663867097,33.41082813637143],[131.31605657041027,33.412532812164386],[131.3141830040079,33.41295562202099],[131.31248700570035,33.41278930802445],[131.31135003021575,33.41214021068735],[131.3094959590453,33.4119888340425],[131.30801792680583,33.4111766231516],[131.30694515363385,33.40967183096275],[131.30553873155208,33.40819204815741],[131.30449967703612,33.406711348034825],[131.3034636403249,33.40609777383971],[131.2990795581869,33.4051927246058],[131.29971402410524,33.404367221691686],[131.30043982707835,33.402165665188384],[131.30000934049207,33.40041804303561],[131.30007216007445,33.39987578292167],[131.3011655592529,33.39955032114268],[131.3008772465695,33.39918903084489],[131.30067322308827,33.39893295284627],[131.30063988467953,33.39892852529477],[131.30059259159535,33.39893134345792],[131.30054104120998,33.39894589558814],[131.30042792613423,33.399002753694056],[131.3003862264694,33.399023473346176],[131.300023387891,33.39748388698862],[131.3001515063043,33.39664101486398],[131.30019047543334,33.39527332788776],[131.29992965913138,33.39429372107557],[131.30325767732302,33.395486453362516],[131.30508717360425,33.39633773335509],[131.30606582334934,33.396111371836206],[131.30592913925096,33.39470530700703],[131.3063803968204,33.393617019960985],[131.3068343178964,33.393358035117885],[131.3081723112149,33.39243118834147],[131.31034416282574,33.39212014126734],[131.31184729853783,33.392138330152605],[131.31256513709596,33.392488384051944],[131.3146085655424,33.39208733017915],[131.3161202750904,33.391900524853],[131.31553042429252,33.392657897767904],[131.31544303899676,33.393245308670686],[131.31529068116893,33.393880681892945],[131.31541360986878,33.39410571647867],[131.31546241472802,33.39409875860205],[131.31558424453925,33.394023320613805],[131.31674611485977,33.39344682031241],[131.3173612797507,33.39361251028635],[131.3201830931019,33.39509369813221],[131.32047608890028,33.39507927126735],[131.3210570671533,33.394801230796794],[131.32177761074504,33.39485056517315],[131.32227222325665,33.39652897194268],[131.32246330078857,33.39757314213675],[131.32308668408157,33.397759291781654],[131.32355945458687,33.397935577295264],[131.32390204896356,33.3981327025887],[131.324319266413,33.39869147418962],[131.32480855390932,33.40001826137951],[131.3247942751645,33.400557698582006],[131.32461178682848,33.40182816467807],[131.32462684424587,33.4025894619476],[131.32458650229614,33.40308363428998],[131.32455560029,33.40313588008585],[131.32350794010551,33.403794122522335],[131.32341069722108,33.40391726620694],[131.3231108153773,33.40427309515874],[131.32211889694338,33.40461026781916],[131.32158901342103,33.40440682923652],[131.32069648852516,33.404105288253454],[131.32046101859174,33.404269789823545],[131.31970342769432,33.40413519838963],[131.31953231926795,33.4040946414357],[131.31937770653622,33.40410870992382],[131.3192564382618,33.404341177791714],[131.31840201237796,33.404432144225396],[131.31814174789974,33.404501114253094],[131.31807818028682,33.40493141666514],[131.31765584366244,33.405198826021014],[131.31724051425263,33.405158894607325],[131.31701348487366,33.4054121312182],[131.31685096744397,33.405494475672526],[131.31569160797596,33.405692053187614],[131.31562740253003,33.40594487091324],[131.3157418479641,33.40607430204892],[131.3170660371953,33.40643620033937],[131.31800360699785,33.40680933054622],[131.31858320477997,33.40724480818152],[131.31896762241007,33.407735454646854],[131.31916286095827,33.40769394936584],[131.31937412062726,33.407584175960885],[131.31972953388797,33.40792805125079],[131.318824489694,33.40922260799132],[131.31758814923205,33.409533046040224],[131.31750310818867,33.40965615407837],[131.31734131644043,33.40993993672938],[131.31759827970455,33.41007925197301]]]},"properties":{"KEY_CODE":"442111990","PREF":"44","CITY":"211","CITY_NAME":"宇佐市","S_NAME":"院内町斉藤","SETAI":"79"}},{"type":"Feature","geometry":{"type":"Polygon","coordinates":[[[131.29823910868686,33.40496319827435],[131.29245115589242,33.40560080930036],[131.28642040607167,33.405998037020034],[131.28761927243553,33.40392161131803],[131.28811064437747,33.40151601327177],[131.28946559096562,33.39972300542488],[131.28808936791953,33.39749734639058],[131.2879730012613,33.396389963626774],[131.2883527305822,33.39422542279698],[131.2907315419414,33.39432944397344],[131.29314936228485,33.39402009933891],[131.29428418260667,33.39385179556819],[131.29597894052233,33.39383395627703],[131.2985135153075,33.393993491013916],[131.29992965913138,33.39429372107557],[131.30019047543334,33.39527332788776],[131.3001515063043,33.39664101486398],[131.300023387891,33.39748388698862],[131.3003862264694,33.399023473346176],[131.30042792613423,33.399002753694056],[131.30054104120998,33.39894589558814],[131.30059259159535,33.39893134345792],[131.30063988467953,33.39892852529477],[131.30067322308827,33.39893295284627],[131.3008772465695,33.39918903084489],[131.3011655592529,33.39955032114268],[131.30007216007445,33.39987578292169],[131.30000934049207,33.40041804303561],[131.30043982707835,33.402165665188384],[131.29971402410524,33.404367221691686],[131.2990795581869,33.4051927246058],[131.29823910868686,33.40496319827435]]]},"properties":{"KEY_CODE":"442112000","PREF":"44","CITY":"211","CITY_NAME":"宇佐市","S_NAME":"院内町景平","SETAI":"12"}},{"type":"Feature","geometry":{"type":"Polygon","coordinates":[[[131.28642040607167,33.405998037020034],[131.28311803539418,33.406182475583364],[131.27958335615105,33.406976374142765],[131.27724119059116,33.40709951050258],[131.2750914313489,33.40695202148363],[131.27465755444487,33.404896573250596],[131.2769775859618,33.402615289638526],[131.27766606158315,33.40134397044093],[131.27850576778053,33.40057299835599],[131.2760126161669,33.39939290423272],[131.2746872679986,33.39742323494788],[131.27467399132047,33.39669739466397],[131.2758205304535,33.395079850141734],[131.2769203306973,33.39415988314898],[131.27738337233092,33.39295416613958],[131.2775350311869,33.39180014930276],[131.27794402592366,33.391913494731384],[131.2781895023818,33.39201579517463],[131.27861996438077,33.39245472136249],[131.27935641680082,33.392738719573],[131.28095008019318,33.392746529944354],[131.2840027800315,33.39324230133415],[131.28591841604526,33.393814909144105],[131.28668176066685,33.39398453728249],[131.2883527305822,33.39422542279698],[131.2879730012613,33.396389963626774],[131.28808936791953,33.39749734639058],[131.28946559096562,33.39972300542488],[131.28811064437747,33.40151601327177],[131.28761927243553,33.40392161131803],[131.28642040607167,33.405998037020034]]]},"properties":{"KEY_CODE":"442112010","PREF":"44","CITY":"211","CITY_NAME":"宇佐市","S_NAME":"院内町宮原","SETAI":"9"}},{"type":"Feature","geometry":{"type":"Polygon","coordinates":[[[131.266007455362,33.41056232393663],[131.264018244573,33.41123456230611],[131.26178699564397,33.41128348701467],[131.25905924898234,33.4117705940691],[131.25527330207908,33.412988589790736],[131.25525436479515,33.41296826832346],[131.2543755592337,33.412653066107424],[131.2536498396987,33.41256068447517],[131.25349549855048,33.412533314164975],[131.25254625227512,33.412626054642516],[131.25207934510524,33.412479279372775],[131.25154514162423,33.41256806716895],[131.25159605625703,33.41238945507601],[131.25154679430676,33.41217846381098],[131.2528787502195,33.411801690409035],[131.25603387975497,33.40870394409111],[131.25668703982845,33.407601569343676],[131.2568056935872,33.40502524510983],[131.2585868312681,33.404075817393434],[131.2600668713792,33.40376220196266],[131.26250733038884,33.40382765552747],[131.26423701699093,33.402595923760764],[131.26569947720736,33.40204231357002],[131.26774921044012,33.40093692683387],[131.26966195231523,33.40043519769775],[131.27077111459747,33.3999457958533],[131.27279498091912,33.3986639419121],[131.2731381387331,33.39807739852001],[131.2746872679986,33.39742323494788],[131.2760126161669,33.39939290423272],[131.27850576778053,33.40057299835599],[131.27766606158315,33.40134397044093],[131.2769775859618,33.402615289638526],[131.27465755444487,33.404896573250596],[131.2750914313489,33.40695202148363],[131.27221119666845,33.40730217394578],[131.2696669959026,33.40838341787764],[131.266007455362,33.41056232393663]]]},"properties":{"KEY_CODE":"442112020","PREF":"44","CITY":"211","CITY_NAME":"宇佐市","S_NAME":"院内町大門","SETAI":"15"}},{"type":"Feature","geometry":{"type":"Polygon","coordinates":[[[131.2746872679986,33.39742323494788],[131.2731381387331,33.39807739852001],[131.27279498091912,33.3986639419121],[131.27077111459747,33.3999457958533],[131.26966195231523,33.40043519769775],[131.26774921044012,33.40093692683387],[131.26569947720736,33.40204231357002],[131.26423701699093,33.402595923760764],[131.26250733038884,33.40382765552747],[131.2600668713792,33.40376220196266],[131.2585868312681,33.404075817393434],[131.2568056935872,33.40502524510983],[131.25668703982845,33.407601569343676],[131.25603387975497,33.40870394409111],[131.2528787502195,33.411801690409035],[131.25154679430676,33.41217846381098],[131.25102200381906,33.41138268270083],[131.25003758024826,33.41008284250617],[131.24950827505538,33.40994847628541],[131.24896175066885,33.41021170092829],[131.248781387715,33.4091844779305],[131.24830640911384,33.407872717922906],[131.24847182091116,33.406856073056154],[131.24902325834728,33.40547163502516],[131.24863806156102,33.40317867593162],[131.2493712928025,33.40065053973019],[131.25059932868825,33.39756390081989],[131.25133707735287,33.39663078116769],[131.25247849334684,33.39564040829306],[131.2528634100152,33.39490562663105],[131.25298827888432,33.39444663441853],[131.25313358388084,33.39232900822914],[131.25263919009507,33.39012804889949],[131.25165676142788,33.38761643239172],[131.25597371559573,33.387379085576576],[131.25780618517427,33.387552379261955],[131.25818729706168,33.3874715949547],[131.25916093041226,33.38739527512344],[131.25948809475315,33.3874860274396],[131.2607428342614,33.388043254529585],[131.26285677251556,33.3889642594476],[131.26446602508943,33.38963496054142],[131.26640345559102,33.390716299315315],[131.26682613286334,33.3908524769298],[131.26988424736558,33.3909315441718],[131.27202533201293,33.390918337363296],[131.27431275432414,33.39149313118437],[131.27582518857778,33.39166117057716],[131.27645173854626,33.39165977573874],[131.2775350311869,33.39180014930276],[131.27738337233092,33.39295416613958],[131.2769203306973,33.39415988314898],[131.2758205304535,33.395079850141734],[131.27467399132047,33.39669739466397],[131.2746872679986,33.39742323494788]]]},"properties":{"KEY_CODE":"442112030","PREF":"44","CITY":"211","CITY_NAME":"宇佐市","S_NAME":"院内町月俣","SETAI":"26"}},{"type":"Feature","geometry":{"type":"Polygon","coordinates":[[[131.24896175066885,33.4102117009283],[131.24805317877272,33.410393048058445],[131.2469920126438,33.41182316687134],[131.24715788991122,33.412679984520956],[131.24652901717053,33.41306439607925],[131.2455882578009,33.41292164558041],[131.2449336899937,33.41331226374503],[131.24431960730175,33.413079564910845],[131.24302773842075,33.41355177541191],[131.24275768286213,33.413243189797534],[131.23982274986383,33.41270392137323],[131.23929644920528,33.41229695808025],[131.2378161999338,33.412183406216215],[131.2364877229677,33.41114995829417],[131.23599864371974,33.411304709920266],[131.2342885200406,33.413397020039255],[131.2331411957022,33.41337354692616],[131.23263929300072,33.41253717913951],[131.23193020699395,33.412252117836815],[131.2312053326268,33.41265765611663],[131.2310593360733,33.41344226508279],[131.23042999931673,33.413855581541384],[131.2293304926726,33.413473488219864],[131.22922448213572,33.412207149990444],[131.22686874831106,33.41175934550964],[131.22679708977154,33.41083711681703],[131.225870987481,33.410084496516994],[131.22514145232162,33.40960765467221],[131.2257997586919,33.407469599553025],[131.22590677810663,33.406388966153685],[131.22801885538192,33.40627899242753],[131.2290421019492,33.405540707306315],[131.22846024078558,33.40419658347235],[131.22911812532197,33.40280689768039],[131.22995225411515,33.40230602909818],[131.230033200903,33.40177376923461],[131.22930149529304,33.401346964618355],[131.22914793458395,33.40053829084892],[131.22957766596133,33.400046524277485],[131.22899544826458,33.398244204147275],[131.22739419904076,33.39746613199488],[131.2270044815279,33.39607068846305],[131.22460551934836,33.39470891725478],[131.22448992815413,33.39370383399422],[131.22272524370072,33.39272853339226],[131.22275224883464,33.39245163294578],[131.22431424559764,33.391077235639365],[131.2244373431281,33.38993156728055],[131.22253084331282,33.38769483711636],[131.22144991806087,33.386906368934035],[131.22165684849224,33.38600781719746],[131.22259966183904,33.38601458413095],[131.22477370495528,33.384453000270234],[131.22541792460302,33.382964337930666],[131.2254127046204,33.38223069276165],[131.22605864250718,33.380783869504654],[131.2278309054832,33.38026595225346],[131.22978291586554,33.37914935114768],[131.23220049703122,33.379166444904484],[131.2322249097558,33.37922923700544],[131.2322659694414,33.37966887977397],[131.23287057963614,33.3799497030483],[131.23314992901396,33.38003043775964],[131.23339419244448,33.37977190137751],[131.23335394391557,33.37962858738755],[131.23342156043864,33.37951218926033],[131.23385239086838,33.37971933379683],[131.23379566934733,33.38036683178875],[131.2337458374544,33.380532683287],[131.23354083249956,33.38082344509093],[131.2335740433798,33.380996007518775],[131.23381743925432,33.38107011589267],[131.23474701995437,33.38065636191234],[131.23491538768798,33.38065213357361],[131.23532702355328,33.38154396351815],[131.23596675130028,33.38117393022967],[131.23628035656162,33.38126748232012],[131.23625745118994,33.381436242688245],[131.23584739755609,33.381998120345656],[131.2358335989958,33.38208838630161],[131.23590879764618,33.3822216656317],[131.23617935839764,33.3828194767986],[131.23587213001863,33.3833615372145],[131.23595662999895,33.38347123540406],[131.23667274449343,33.38366605840735],[131.2368130294019,33.383661846370764],[131.23768282258357,33.38361308787526],[131.23775305432912,33.3836404260857],[131.23788019496797,33.383950140316955],[131.23820157168294,33.38431640104665],[131.23920749246292,33.38444393816643],[131.23959986894909,33.38426660950931],[131.23975418563677,33.38425063732763],[131.24024307024257,33.384302664421824],[131.24057582151303,33.384549209471125],[131.24076823374685,33.384780318969945],[131.24097905837655,33.38491329484766],[131.24112447138987,33.385069964923126],[131.241377814601,33.38534804502281],[131.24175772665814,33.385731828422166],[131.2419716434987,33.38612967135543],[131.24270824253375,33.387212801017924],[131.24368907645396,33.388532034731895],[131.2441492501386,33.38870554735921],[131.24661270405042,33.38899448611351],[131.24885205446708,33.38799916198541],[131.2502951607911,33.38776776190203],[131.25165676142788,33.38761643239172],[131.25263919009507,33.39012804889949],[131.25313358388084,33.39232900822914],[131.25298827888432,33.39444663441853],[131.2528634100152,33.39490562663105],[131.25247849334684,33.39564040829306],[131.25133707735287,33.39663078116769],[131.25059932868825,33.39756390081989],[131.2493712928025,33.40065053973019],[131.24863806156102,33.40317867593162],[131.24902325834728,33.40547163502516],[131.24847182091116,33.406856073056154],[131.24830640911384,33.407872717922906],[131.248781387715,33.4091844779305],[131.24896175066885,33.4102117009283]]]},"properties":{"KEY_CODE":"442112040","PREF":"44","CITY":"211","CITY_NAME":"宇佐市","S_NAME":"院内町定別当","SETAI":"27"}},{"type":"Feature","geometry":{"type":"Polygon","coordinates":[[[131.3063803968204,33.393617019960985],[131.30592913925096,33.39470530700703],[131.30606582334934,33.396111371836206],[131.30508717360425,33.39633773335509],[131.30325767732302,33.395486453362516],[131.29992965913138,33.39429372107557],[131.2985135153075,33.393993491013916],[131.29597894052233,33.39383395627703],[131.29428418260667,33.39385179556819],[131.29314936228485,33.39402009933891],[131.2907315419414,33.39432944397344],[131.2883527305822,33.39422542279698],[131.28668176066685,33.39398453728249],[131.28591841604526,33.393814909144105],[131.2840027800315,33.39324230133415],[131.28095008019318,33.392746529944354],[131.27935641680082,33.392738719573],[131.27861996438077,33.39245472136249],[131.2781895023818,33.39201579517463],[131.27794402592366,33.391913494731384],[131.2775350311869,33.39180014930277],[131.27645173854626,33.39165977573874],[131.27582518857778,33.39166117057716],[131.27431275432414,33.39149313118437],[131.27202533201293,33.390918337363296],[131.26988424736558,33.3909315441718],[131.26682613286334,33.3908524769298],[131.26640345559102,33.390716299315315],[131.26446602508943,33.38963496054142],[131.26285677251556,33.3889642594476],[131.2607428342614,33.388043254529585],[131.25948809475315,33.3874860274396],[131.25916093041226,33.38739527512344],[131.25818729706168,33.3874715949547],[131.25780618517427,33.387552379261955],[131.25760683261265,33.3866803301583],[131.25759137109134,33.38638653925997],[131.25845388139285,33.38444441631065],[131.25859743029983,33.38364837554631],[131.2584497987699,33.383073328425176],[131.2579079977076,33.382437886835845],[131.256591595571,33.381400048788755],[131.2562548209927,33.3810090045827],[131.256500928128,33.38045139064746],[131.2589198335241,33.37829635713411],[131.2603753256399,33.376950692121255],[131.26055716805752,33.376787125808406],[131.26305204341733,33.37874286200776],[131.26362037452205,33.3789090273263],[131.2659697896988,33.37934178299384],[131.26916428478089,33.380094521778624],[131.26990576475873,33.380411562869405],[131.27188028952443,33.381179774559264],[131.2731102144606,33.381865909249484],[131.27449138950743,33.38305703840988],[131.27502916964443,33.38392530818757],[131.27585237293928,33.38434449361026],[131.27649992637708,33.38442237470329],[131.27665970121257,33.384423463900234],[131.27693666440362,33.38453122621459],[131.277562857923,33.38474951109901],[131.27815235723395,33.38486410730273],[131.28001796689458,33.38487516977753],[131.28034630077903,33.38519780508404],[131.28198607892534,33.38509343054151],[131.28240790273577,33.385086381233094],[131.28270663691129,33.385250434964036],[131.28300751484318,33.38607345685183],[131.2831971341066,33.38623170008913],[131.28416430050223,33.38617458020019],[131.28505239674752,33.38641050759369],[131.28535478412712,33.386571484059985],[131.28579832946832,33.38653386578419],[131.28610329722093,33.38637451908445],[131.28648774851567,33.386056348202146],[131.28729497021666,33.386023941839504],[131.28803003337634,33.38616259510444],[131.2888089910493,33.38637433371077],[131.28906349233307,33.38635542505948],[131.28937575756464,33.38620827591788],[131.28960323290937,33.38618816123937],[131.29037604941647,33.38627000543423],[131.29082077129837,33.38658624418317],[131.29095329478918,33.387061856566625],[131.29137743575944,33.38774424455031],[131.2924632594414,33.38836406444559],[131.29367071401285,33.3883794896186],[131.2940271808852,33.38839695990743],[131.2950388852129,33.38859592081099],[131.29549043304786,33.38858272783315],[131.29597939769985,33.38797742691357],[131.2961300487976,33.38735461783096],[131.29631510747745,33.387226003387646],[131.2976482842675,33.38783923206569],[131.29881105156565,33.38818802697178],[131.29974439775606,33.38798486400056],[131.30028353239302,33.388063902097855],[131.3020128241375,33.389476132047925],[131.30285241029367,33.38985582156342],[131.3049352647596,33.391322405417405],[131.30575079033443,33.391661948552745],[131.3059071363731,33.39185243026107],[131.3059691299527,33.392455000472275],[131.30638015687734,33.39354893766985],[131.3063803968204,33.393617019960985]]]},"properties":{"KEY_CODE":"442112050","PREF":"44","CITY":"211","CITY_NAME":"宇佐市","S_NAME":"院内町温見","SETAI":"55"}},{"type":"Feature","geometry":{"type":"Polygon","coordinates":[[[131.25165676142788,33.38761643239172],[131.2502951607911,33.38776776190203],[131.24885205446708,33.38799916198541],[131.24661270405042,33.38899448611351],[131.2441492501386,33.38870554735921],[131.24368907645396,33.388532034731895],[131.24270824253375,33.387212801017924],[131.2419716434987,33.38612967135543],[131.24175772665814,33.385731828422166],[131.241377814601,33.38534804502281],[131.24112447138987,33.385069964923126],[131.24097905837655,33.38491329484766],[131.24076823374685,33.384780318969945],[131.24057582151303,33.384549209471125],[131.24024307024257,33.384302664421824],[131.23975418563677,33.38425063732763],[131.23959986894909,33.38426660950931],[131.23920749246292,33.38444393816643],[131.23820157168294,33.38431640104665],[131.23788019496797,33.383950140316955],[131.23775305432912,33.3836404260857],[131.23768282258357,33.38361308787526],[131.2368130294019,33.383661846370764],[131.23667274449343,33.38366605840735],[131.23595662999895,33.38347123540406],[131.23587213001863,33.3833615372145],[131.23617935839764,33.3828194767986],[131.23590879764618,33.3822216656317],[131.2358335989958,33.38208838630161],[131.23584739755609,33.381998120345656],[131.23625745118994,33.381436242688245],[131.23628035656162,33.38126748232012],[131.23596675130028,33.38117393022967],[131.23532702355328,33.38154396351815],[131.23491538768798,33.38065213357361],[131.23474701995437,33.38065636191234],[131.23381743925432,33.38107011589267],[131.2335740433798,33.380996007518775],[131.23354083249956,33.38082344509093],[131.2337458374544,33.380532683287],[131.23379566934733,33.38036683178875],[131.23385239086838,33.37971933379683],[131.23342156043864,33.37951218926033],[131.23335394391557,33.37962858738755],[131.23339419244448,33.37977190137751],[131.23314992901396,33.38003043775964],[131.23287057963614,33.3799497030483],[131.2322659694414,33.37966887977397],[131.2322249097558,33.37922923700544],[131.23220049703122,33.379166444904484],[131.23209902089835,33.37889052370174],[131.23157358686836,33.37869830795361],[131.23089129047682,33.37769468004882],[131.23074286807667,33.37725492128691],[131.23075432956423,33.37718375055412],[131.23092259542724,33.376954033726804],[131.23109399789377,33.376664292275684],[131.23097016777126,33.37638696821938],[131.2305815426282,33.37633397587273],[131.23028876598656,33.376345685604655],[131.22986212156485,33.37638624090376],[131.229845313383,33.37632487916821],[131.22994158521053,33.37592231904212],[131.2299346023538,33.375798207832666],[131.2297354895947,33.375682131099104],[131.22955553005028,33.37557785230691],[131.22912202451943,33.37553053799442],[131.228784114364,33.37546839579105],[131.22844030116067,33.37537209599794],[131.22874324058688,33.37510722767916],[131.2288361602066,33.37501639434283],[131.22888439007048,33.37468644705949],[131.22878935290427,33.37460994151915],[131.2283241455233,33.37421468557092],[131.2279701547082,33.37403749514995],[131.22771784537932,33.37394102525684],[131.2273386412194,33.373664871847126],[131.22720702454254,33.37359815388702],[131.22702127876673,33.373501560811135],[131.22697955774836,33.37344862650206],[131.22695922849962,33.37330780914709],[131.2269129677541,33.372793220936884],[131.22657202251136,33.37251139302745],[131.22653688428744,33.37243058548589],[131.22667146275413,33.372362010040725],[131.2267333271207,33.372163135705506],[131.22653371895137,33.37186012698268],[131.2261602343561,33.3715344355732],[131.22602384228605,33.37090426808163],[131.22581136102082,33.37044299213962],[131.2258144567231,33.370357923955574],[131.2258062782342,33.36976239629908],[131.2258065852931,33.36956500879739],[131.225674658687,33.3690526902547],[131.22550004208702,33.36875104490939],[131.22543236602394,33.36863472085795],[131.22520463661834,33.368386180124965],[131.22507776880005,33.36821205942305],[131.22490129438881,33.36815658564347],[131.22422828242287,33.3681194445846],[131.22401105608267,33.368067530032455],[131.22388011650355,33.36793318055958],[131.22379904660187,33.367783383102434],[131.22393665997052,33.367599028948106],[131.22406118251916,33.3675067665853],[131.22430292903687,33.36738985161394],[131.2242711722438,33.36733274162933],[131.22411295853516,33.36726885083688],[131.22351614670697,33.36710187927137],[131.2230789871938,33.36691365953237],[131.22281058007727,33.36668399724634],[131.22240797260545,33.36602084380061],[131.22211020016138,33.36569010868119],[131.22201366660394,33.36567911442775],[131.22176091915054,33.36572003723891],[131.22145757921967,33.365814727725684],[131.22118287096126,33.3657287442125],[131.2206306515024,33.36542078923556],[131.2205340794857,33.365394437939024],[131.21978432110106,33.36525283149026],[131.21958039093667,33.36519250375574],[131.21889991668095,33.36482478072278],[131.21861706603892,33.36480435706942],[131.21825876471394,33.36486845691243],[131.21816552928865,33.364842133630404],[131.21787105799686,33.36449743289242],[131.2178586024404,33.36417527173321],[131.21739811278314,33.3632911102748],[131.2174563848831,33.36298488852783],[131.21739482190782,33.36263837009642],[131.21733826557528,33.36231280032411],[131.21673163601415,33.361852194725195],[131.21636620344427,33.36172800072098],[131.21586889430407,33.36142157935201],[131.216039738202,33.36083045474461],[131.21641107279632,33.36022277745725],[131.21651183708727,33.360122886287385],[131.21661583359466,33.36013267461002],[131.21689883316594,33.3604387967179],[131.21701373955224,33.360649265702676],[131.217613658047,33.3605784063889],[131.21796076984717,33.3603933376119],[131.21813624905988,33.36047030821917],[131.21820190267954,33.360589845844096],[131.2183663350241,33.360998388906246],[131.2185270183367,33.36110782677535],[131.21875279662297,33.36110492891771],[131.21891583607524,33.36095755277072],[131.2188744331869,33.36045030950697],[131.21893655873313,33.3603430182021],[131.21913005955204,33.36049973493848],[131.2195975253086,33.36091271119559],[131.22049833917538,33.36058329897045],[131.22072701642273,33.36055795657159],[131.22087885310492,33.36068734316345],[131.2211591381093,33.3610906744121],[131.2212928919939,33.36111537396528],[131.2218173581712,33.36057348998906],[131.22205609916415,33.3604122705467],[131.22217791424194,33.36042202295721],[131.22233855085807,33.360503980431744],[131.22237169269746,33.3606859176161],[131.22232352483906,33.361013823618315],[131.22250523961878,33.36121292899052],[131.22314603602226,33.36085282556789],[131.22358496693053,33.36056532443664],[131.22398731707955,33.36049109024914],[131.22408044059642,33.360892251024175],[131.22377197042192,33.361082270782504],[131.22370410411943,33.36125692070057],[131.2239703110943,33.361387295402565],[131.2242197977523,33.36135694175315],[131.22461421034467,33.361084485887645],[131.22505076440567,33.36102388859743],[131.22520567879337,33.36118813482736],[131.22530995485144,33.36130513098265],[131.22629563568861,33.361626157814946],[131.22642331346142,33.36160598881247],[131.22650907236147,33.361453742604375],[131.2265113336909,33.360612408049654],[131.2277699866277,33.36023118449296],[131.22817701798735,33.35967825172169],[131.22773715446482,33.359039625066096],[131.22790919062575,33.35893709344512],[131.22868171874316,33.35899052024485],[131.22888927439806,33.35883558176907],[131.22838412233776,33.35822201336829],[131.22856731663535,33.357837751169974],[131.22880586943253,33.35761171140861],[131.22904954577268,33.35764366845567],[131.2292041390382,33.35769325939872],[131.22936137852793,33.35761569035785],[131.22940861274418,33.35749345174475],[131.22958323744015,33.35668667316896],[131.22967815430482,33.356629155781775],[131.2300344267354,33.356551219068294],[131.23155891468056,33.35619814163225],[131.2316866399001,33.356190402412665],[131.23204744036866,33.35669580945852],[131.23252266190565,33.356665019654535],[131.23267434943688,33.35673451354677],[131.2329616491615,33.35696707806476],[131.2331251562698,33.35700664528845],[131.233707526358,33.35705042835395],[131.2340297553614,33.35701868623479],[131.23442222209394,33.35714256627514],[131.2346070197801,33.35737158692182],[131.23478829296474,33.357391181897675],[131.23553095781665,33.35738727945522],[131.2362579507033,33.35708425799217],[131.2363908630492,33.35679983191189],[131.23701771599,33.35681857890538],[131.2374811898866,33.35683763385693],[131.23771762386565,33.35693066377829],[131.23833556814694,33.35694445242182],[131.23866207114938,33.35685158182384],[131.23885509940223,33.356826274915115],[131.2397181154942,33.35683835553075],[131.24001810153672,33.35681784226951],[131.24049663580308,33.356909133082716],[131.2406558511656,33.357012274964944],[131.2406950721955,33.35723159893002],[131.24082036567376,33.35742328161648],[131.24093409494296,33.357727207397026],[131.24088920429705,33.35814485480934],[131.241027537998,33.35875534155016],[131.24083490936235,33.35945748152518],[131.24067127126042,33.359905261652465],[131.2410045133167,33.3606362896798],[131.24137032998456,33.36077516600193],[131.24151341582754,33.36095438204012],[131.2415623895363,33.362010004837565],[131.24176994913083,33.36237031320509],[131.24195143764487,33.3624941197928],[131.2425458773435,33.362592676427795],[131.24458793580746,33.362445356386175],[131.24558607324016,33.361893708943796],[131.24610707484922,33.361761793522575],[131.24624942565868,33.36166926507268],[131.24597192749954,33.3612460222452],[131.24614406560184,33.36118587475584],[131.24684326611666,33.36103116694503],[131.2468821166343,33.36111336852837],[131.24711188220328,33.36146689371084],[131.24754453991133,33.36161435501339],[131.24794860788572,33.361621017752796],[131.24830982024315,33.36125321594286],[131.2488368939197,33.362613359906334],[131.24930973776605,33.3630728040128],[131.2510548438332,33.365381632595046],[131.25135100292735,33.3664858799923],[131.25149112018917,33.367306445678004],[131.25131087794713,33.36847347018261],[131.25157010317093,33.37029234305722],[131.25196640512837,33.37222566786302],[131.25166496034663,33.37269343588535],[131.25041232009866,33.37279082716991],[131.2495408868155,33.373203981533166],[131.24951003869566,33.373361345487616],[131.2495777757481,33.37388130321456],[131.251143403591,33.37476598815748],[131.25154563689725,33.375900809782486],[131.25171085371034,33.37682847915683],[131.2521552112958,33.377355065549516],[131.25247408179413,33.37751855144024],[131.25361949396668,33.378015136973524],[131.25442732698275,33.37733404475187],[131.25560698247799,33.37656039055085],[131.25691936657017,33.37627610807657],[131.2585818512548,33.3759666045734],[131.2582383068151,33.375321694686384],[131.25819156582654,33.37508358500739],[131.25825263641636,33.37498046656626],[131.26055716805752,33.376787125808406],[131.2603753256399,33.376950692121255],[131.2589198335241,33.37829635713411],[131.256500928128,33.38045139064746],[131.2562548209927,33.3810090045827],[131.256591595571,33.381400048788755],[131.2579079977076,33.382437886835845],[131.2584497987699,33.383073328425176],[131.25859743029983,33.38364837554631],[131.25845388139285,33.38444441631065],[131.25759137109134,33.38638653925997],[131.25760683261265,33.3866803301583],[131.25780618517427,33.387552379261955],[131.25597371559573,33.387379085576576],[131.25165676142788,33.38761643239172]]]},"properties":{"KEY_CODE":"442112060","PREF":"44","CITY":"211","CITY_NAME":"宇佐市","S_NAME":"院内町田所","SETAI":"21"}},{"type":"Feature","geometry":{"type":"Polygon","coordinates":[[[131.27508509588282,33.37824223828079],[131.27463150096833,33.37852223474093],[131.2743427063925,33.37850916882929],[131.27421980685168,33.378464355669614],[131.27362098686572,33.378369131342346],[131.27303752796598,33.37827383531799],[131.27282973805882,33.37808117039881],[131.27219611868037,33.37667918982547],[131.27167692569355,33.376277954592716],[131.26961640600442,33.37496275383785],[131.26934743379846,33.374828121772275],[131.26776354871816,33.37502146225432],[131.26706706037598,33.37559592042962],[131.26659098982418,33.37548751000706],[131.2660994194811,33.3753211867176],[131.26508977918746,33.37512053762985],[131.26449930940623,33.37523767972766],[131.26413915780486,33.375399409925706],[131.26403978228024,33.3755219120469],[131.26393427221925,33.37614659043614],[131.26397387718774,33.37655853373272],[131.2639526544941,33.37714439410808],[131.2634620377192,33.37729995759212],[131.26308609985148,33.377320057552275],[131.2625480444088,33.37701219465142],[131.26127849277046,33.37586895362474],[131.26014128645818,33.375343466831055],[131.25936546994134,33.37505538581326],[131.25835213363018,33.3748965715085],[131.2582526364163,33.37498046656626],[131.25819156582654,33.37508358500739],[131.2582383068151,33.375321694686384],[131.2585818512548,33.3759666045734],[131.25691936657017,33.37627610807657],[131.25560698247799,33.37656039055085],[131.25442732698275,33.37733404475187],[131.25361949396668,33.37801513697349],[131.25247408179413,33.37751855144024],[131.2521552112958,33.377355065549516],[131.25171085371034,33.37682847915683],[131.25154563689725,33.375900809782486],[131.251143403591,33.37476598815748],[131.2495777757481,33.37388130321456],[131.24951003869566,33.373361345487616],[131.2495408868155,33.373203981533166],[131.25041232009866,33.372790827169894],[131.25166496034663,33.37269343588535],[131.25196640512837,33.37222566786302],[131.25157010317093,33.37029234305722],[131.25131087794713,33.36847347018261],[131.25149112018917,33.367306445678004],[131.25135100292735,33.3664858799923],[131.2510548438332,33.365381632595046],[131.24930973776605,33.3630728040128],[131.2488368939197,33.362613359906334],[131.24830982024315,33.36125321594286],[131.24881821071133,33.36081034249432],[131.24923528055874,33.36121836738252],[131.25056885646967,33.36163075059182],[131.2524158190871,33.35927872367443],[131.2533998065295,33.35749436906227],[131.25372579403978,33.357987591349996],[131.25412694099222,33.35859671938878],[131.25431099005993,33.358710286445124],[131.25514273425637,33.35907725504523],[131.25629142608818,33.359922768115716],[131.25754851396817,33.3609524060413],[131.2589716909186,33.36141865594263],[131.26018344105424,33.36196238860969],[131.26097696104563,33.36287229526958],[131.26188125237474,33.36342002852976],[131.26244172114392,33.36385450515939],[131.26285522040504,33.36456074240045],[131.2634313696069,33.36489465613352],[131.2639589812093,33.36502089897083],[131.26476252143942,33.36658089149625],[131.26431362140283,33.36737613014821],[131.26425862197985,33.36768457946024],[131.2643069276762,33.36780511203092],[131.26665454663285,33.36749846637348],[131.2669753943812,33.36792677977767],[131.26679334459453,33.368476770824934],[131.26682631854035,33.36880514396973],[131.2671043039331,33.369585380945786],[131.2674176010284,33.370147730971],[131.26900563836102,33.36960812940414],[131.26941270657352,33.36949330785306],[131.27010978389626,33.37016876281091],[131.27057840041235,33.37057325447457],[131.2714973813084,33.37067177706088],[131.27268132443427,33.371191987963314],[131.27351314328098,33.37151191190037],[131.27420438402203,33.37158075863161],[131.27500338282397,33.371700228785],[131.2760139737887,33.37232105912287],[131.27660227385587,33.37258944444276],[131.27782440068276,33.37349804460136],[131.27827977689157,33.37378531519466],[131.27923474291208,33.374331859778806],[131.27971187514297,33.37448885981411],[131.28062098925028,33.37456119861292],[131.28087615505035,33.37463504684835],[131.281510350178,33.37537756546051],[131.28209396756924,33.37590164409545],[131.28166334627798,33.37641411338781],[131.28065852557975,33.37760670446844],[131.27918661789172,33.37832607663548],[131.27835546811818,33.37838376767463],[131.2768141025148,33.378191904035546],[131.27508509588282,33.37824223828079]]]},"properties":{"KEY_CODE":"442112070","PREF":"44","CITY":"211","CITY_NAME":"宇佐市","S_NAME":"院内町西椎屋","SETAI":"25"}},{"type":"Feature","geometry":{"type":"Polygon","coordinates":[[[131.2745581798586,33.378701816076145],[131.2739603927214,33.38136187846187],[131.27499191090638,33.38239608005246],[131.27510511705307,33.38301063160629],[131.27607383196738,33.38358785376817],[131.27665970121257,33.384423463900234],[131.27649992637708,33.38442237470329],[131.27585237293928,33.38434449361026],[131.27502916964443,33.38392530818757],[131.27449138950743,33.38305703840988],[131.2731102144606,33.381865909249484],[131.27188028952443,33.381179774559264],[131.26990576475873,33.380411562869405],[131.2691642847809,33.38009452177861],[131.2659697896988,33.37934178299384],[131.26362037452205,33.3789090273263],[131.26305204341733,33.37874286200776],[131.26055716805752,33.376787125808406],[131.25825263641636,33.37498046656626],[131.25835213363018,33.3748965715085],[131.25936546994134,33.37505538581326],[131.26014128645818,33.375343466831055],[131.26127849277046,33.37586895362474],[131.2625480444088,33.37701219465142],[131.26308609985148,33.377320057552275],[131.2634620377192,33.37729995759212],[131.2639526544941,33.37714439410808],[131.26397387718774,33.37655853373272],[131.26393427221925,33.37614659043614],[131.26403978228024,33.3755219120469],[131.26413915780486,33.375399409925706],[131.26449930940623,33.37523767972766],[131.26508977918746,33.37512053762985],[131.2660994194811,33.3753211867176],[131.26659098982418,33.37548751000706],[131.26706706037598,33.37559592042962],[131.26776354871816,33.37502146225432],[131.26934743379846,33.374828121772275],[131.26961640600442,33.37496275383785],[131.27167692569355,33.376277954592716],[131.27219611868037,33.37667918982547],[131.27282973805882,33.37808117039881],[131.27303752796598,33.37827383531799],[131.27362098686572,33.378369131342346],[131.27421980685168,33.378464355669614],[131.2743427063925,33.37850916882929],[131.2745581798586,33.378701816076145]]]},"properties":{"KEY_CODE":"442112080","PREF":"44","CITY":"211","CITY_NAME":"宇佐市","S_NAME":"院内町野地","SETAI":"10"}},{"type":"Feature","geometry":{"type":"Polygon","coordinates":[[[131.28960323290937,33.38618816123937],[131.28937575756464,33.38620827591788],[131.28906349233307,33.38635542505948],[131.2888089910493,33.38637433371077],[131.28803003337634,33.38616259510444],[131.28729497021666,33.386023941839504],[131.28648774851567,33.386056348202146],[131.28610329722093,33.38637451908445],[131.28579832946832,33.38653386578419],[131.28535478412712,33.386571484059985],[131.28505239674752,33.38641050759369],[131.28416430050223,33.38617458020019],[131.2831971341066,33.38623170008913],[131.28300751484318,33.38607345685183],[131.28270663691129,33.385250434964036],[131.28240790273577,33.385086381233094],[131.28198607892534,33.38509343054151],[131.28034630077903,33.38519780508404],[131.28001796689458,33.38487516977753],[131.27815235723395,33.38486410730273],[131.277562857923,33.38474951109901],[131.27693666440362,33.38453122621459],[131.27665970121257,33.384423463900234],[131.27607383196738,33.38358785376817],[131.27510511705307,33.38301063160629],[131.27499191090638,33.38239608005246],[131.2739603927214,33.38136187846187],[131.2745581798586,33.378701816076145],[131.27463150096833,33.37852223474093],[131.27508509588282,33.37824223828079],[131.2768141025148,33.378191904035546],[131.27835546811818,33.37838376767463],[131.27918661789172,33.37832607663548],[131.28065852557975,33.37760670446844],[131.28166334627798,33.37641411338781],[131.28209396756924,33.37590164409545],[131.2835655336729,33.37679571127935],[131.28418882883844,33.37758473570799],[131.28576497073237,33.378241379238624],[131.2865513547757,33.37805358558265],[131.28698158898183,33.37742951397599],[131.28733659712185,33.37752167478712],[131.28791765311254,33.37893384468296],[131.28995132635782,33.37883145032857],[131.29108708184862,33.37908368101296],[131.29155889941893,33.37955828138005],[131.29149357425916,33.380707107723396],[131.29045221905497,33.381550774867584],[131.29043993434001,33.382014927813096],[131.2913270944511,33.38261620068055],[131.29287691302287,33.382856210443606],[131.29249159966466,33.383437268112715],[131.2907081686881,33.38365030707613],[131.29010089882902,33.38403463191579],[131.29014028740298,33.38547911181935],[131.28960323290937,33.38618816123937]]]},"properties":{"KEY_CODE":"442112090","PREF":"44","CITY":"211","CITY_NAME":"宇佐市","S_NAME":"院内町上恵良","SETAI":"23"}},{"type":"Feature","geometry":{"type":"Polygon","coordinates":[[[131.29549043304786,33.38858272783315],[131.2950388852129,33.38859592081099],[131.2940271808852,33.38839695990743],[131.29367071401285,33.3883794896186],[131.2924632594414,33.38836406444559],[131.29137743575944,33.38774424455031],[131.29095329478918,33.387061856566625],[131.29082077129837,33.38658624418317],[131.29037604941647,33.38627000543423],[131.28960323290937,33.38618816123937],[131.29014028740298,33.38547911181935],[131.29010089882902,33.38403463191579],[131.2907081686881,33.38365030707613],[131.29249159966466,33.383437268112715],[131.29287691302287,33.382856210443606],[131.2913270944511,33.38261620068055],[131.29043993434001,33.382014927813096],[131.29045221905497,33.381550774867584],[131.29149357425916,33.380707107723396],[131.29155889941893,33.37955828138005],[131.29108708184862,33.37908368101296],[131.29297583958927,33.37731558500487],[131.29562158964822,33.37653768844379],[131.29550580621577,33.375018025692725],[131.2957633767701,33.37348587983269],[131.29681155129322,33.37204348961831],[131.2975747649379,33.37340820802383],[131.2976730826074,33.37386419440652],[131.2993741851942,33.375919573970656],[131.30029207886548,33.37942716749472],[131.30200902959683,33.38001478985967],[131.3027720534121,33.3806974829549],[131.30363604371107,33.38267504747578],[131.3033768728483,33.38359677396514],[131.30182093852954,33.38559626306419],[131.30120559220845,33.38671173565447],[131.3017836966708,33.38744987780029],[131.3004753797914,33.38813377464093],[131.30028353239302,33.388063902097855],[131.29974439775606,33.38798486400056],[131.29881105156565,33.38818802697178],[131.2976482842675,33.38783923206569],[131.29631510747745,33.387226003387646],[131.2961300487976,33.38735461783096],[131.29597939769985,33.38797742691357],[131.29549043304786,33.38858272783315]]]},"properties":{"KEY_CODE":"442112100","PREF":"44","CITY":"211","CITY_NAME":"宇佐市","S_NAME":"院内町下恵良","SETAI":"34"}},{"type":"Feature","geometry":{"type":"Polygon","coordinates":[[[131.3081723112149,33.39243118834147],[131.3068343178964,33.393358035117885],[131.30638015687734,33.39354893766985],[131.3059691299527,33.392455000472275],[131.3059071363731,33.39185243026107],[131.30575079033443,33.391661948552745],[131.3049352647596,33.391322405417405],[131.30285241029367,33.38985582156342],[131.3020128241375,33.389476132047925],[131.3004753797914,33.38813377464093],[131.3017836966708,33.38744987780029],[131.30120559220845,33.38671173565447],[131.30182093852954,33.38559626306419],[131.3033768728483,33.38359677396514],[131.30363604371107,33.38267504747578],[131.30534003670414,33.38364853400778],[131.30702660478272,33.38401582874907],[131.30978714836857,33.38373343469123],[131.30983299515603,33.38405211474867],[131.31139966998742,33.384620077780625],[131.3115916310275,33.38517279060681],[131.30959100244732,33.38514029805462],[131.30922451608606,33.38579750354353],[131.30997171788582,33.38691604909236],[131.3085415773415,33.38704152022991],[131.30895730015513,33.38765926891658],[131.30854112782336,33.39006055651729],[131.30791209004911,33.39075592677834],[131.3081723112149,33.39243118834147]]]},"properties":{"KEY_CODE":"442112110","PREF":"44","CITY":"211","CITY_NAME":"宇佐市","S_NAME":"院内町下余","SETAI":"30"}},{"type":"Feature","geometry":{"type":"Polygon","coordinates":[[[131.3161202750904,33.391900524853],[131.3146085655424,33.39208733017915],[131.31256513709596,33.392488384051944],[131.31184729853783,33.392138330152605],[131.31034416282574,33.39212014126734],[131.3081723112149,33.39243118834147],[131.30791209004911,33.39075592677834],[131.30854112782336,33.39006055651729],[131.30895730015513,33.38765926891658],[131.3085415773415,33.38704152022991],[131.30997171788582,33.38691604909236],[131.30922451608606,33.38579750354353],[131.30959100244732,33.38514029805462],[131.3115916310275,33.38517279060681],[131.31139966998742,33.384620077780625],[131.31340579567387,33.38307123819336],[131.31486150028041,33.382546821559075],[131.31587704354482,33.38252845285048],[131.3171277635328,33.38305872089051],[131.31710325654961,33.383292761403276],[131.31723121448505,33.383606224535676],[131.31752277886818,33.38446439358662],[131.31760641458382,33.38461404846832],[131.31851663468163,33.38579145876251],[131.318620819379,33.387410655032575],[131.31805686860713,33.389215051331334],[131.31729842361463,33.38985522619264],[131.31635850630266,33.39116063858117],[131.3161202750904,33.391900524853]]]},"properties":{"KEY_CODE":"442112120","PREF":"44","CITY":"211","CITY_NAME":"宇佐市","S_NAME":"院内町上納持","SETAI":"13"}},{"type":"Feature","geometry":{"type":"Polygon","coordinates":[[[131.3171277635328,33.38305872089051],[131.31587704354482,33.38252845285048],[131.31486150028041,33.382546821559075],[131.31340579567387,33.38307123819336],[131.31139966998742,33.384620077780625],[131.30983299515603,33.38405211474867],[131.30978714836857,33.38373343469123],[131.31013122989393,33.38306691781717],[131.3098083147331,33.381825411493864],[131.30892012974297,33.38033688796885],[131.30767869953834,33.38006804744519],[131.3084056232647,33.37863644752058],[131.30719455067555,33.377907671144655],[131.30795975393505,33.377478616332255],[131.30888532627654,33.37486960986288],[131.30945986036193,33.373848165342835],[131.3103324549376,33.37307530621757],[131.3103838999747,33.372349823995464],[131.31100807558155,33.37162290481253],[131.3111233791535,33.37062527921399],[131.31192936733487,33.36990022722718],[131.3145636540669,33.36996926470297],[131.31650941713266,33.37110091435003],[131.3161725155488,33.37162100762694],[131.31688886956783,33.37234685605293],[131.31918807415906,33.37356895285991],[131.31991077544706,33.37478370783222],[131.32210133254296,33.37591504665242],[131.32176159856164,33.376886173312485],[131.3222788937289,33.37742748314585],[131.3229260667681,33.37844791946451],[131.3229871871469,33.378650355629965],[131.3230706305651,33.37944921369756],[131.32303087639272,33.37958439066999],[131.32278312501518,33.37969193473052],[131.32206571947717,33.37976696106103],[131.32102408141623,33.38013826245293],[131.32086979436613,33.38013302714307],[131.32048012396032,33.37995958423158],[131.31915985105616,33.38025562105755],[131.31897900782593,33.380329240221066],[131.3174925970155,33.38140641105037],[131.31717861330347,33.38222623010006],[131.3171277635328,33.38305872089051]]]},"properties":{"KEY_CODE":"442112130","PREF":"44","CITY":"211","CITY_NAME":"宇佐市","S_NAME":"院内町平原","SETAI":"16"}},{"type":"Feature","geometry":{"type":"Polygon","coordinates":[[[131.30719455067555,33.377907671144655],[131.3068255075274,33.37632579370574],[131.30611544560642,33.37619686844236],[131.30641505581184,33.375266778243486],[131.30517593250218,33.37480514303465],[131.30441573798444,33.373946615049796],[131.3036968298778,33.373759619233944],[131.3034264157022,33.37314312769597],[131.3024050094971,33.37305847655015],[131.3031219908902,33.37289284701244],[131.30500699167175,33.371815360021806],[131.30641883632958,33.37131480803399],[131.3089521278341,33.371131375757194],[131.31048321220368,33.36994027358576],[131.31192936733487,33.36990022722718],[131.3111233791535,33.37062527921399],[131.31100807558155,33.37162290481253],[131.3103838999747,33.372349823995464],[131.3103324549376,33.37307530621757],[131.30945986036193,33.373848165342835],[131.30888532627654,33.37486960986288],[131.30795975393505,33.377478616332255],[131.30719455067555,33.377907671144655]]]},"properties":{"KEY_CODE":"442112140","PREF":"44","CITY":"211","CITY_NAME":"宇佐市","S_NAME":"院内町上余","SETAI":"7"}},{"type":"Feature","geometry":{"type":"Polygon","coordinates":[[[131.31048321220368,33.36994027358576],[131.3089521278341,33.371131375757194],[131.30641883632958,33.37131480803399],[131.30500699167175,33.371815360021806],[131.3031219908902,33.37289284701244],[131.3024050094971,33.37305847655015],[131.30280081613574,33.3724113426773],[131.30218077076668,33.37203168254347],[131.3020138259279,33.3712987802125],[131.3012425681007,33.37098115712039],[131.3014129387319,33.37019664540403],[131.30089296861456,33.368713110112445],[131.30038902521966,33.36811897929067],[131.30091782194597,33.36714115026103],[131.3005854525354,33.366103693111384],[131.30135128419263,33.36411383412436],[131.30088156980696,33.36329223225755],[131.30093051297058,33.36209722343553],[131.30020882592615,33.35960225897808],[131.29967087441202,33.35930261715964],[131.29938040284262,33.35630440372919],[131.29897802775747,33.35470086049731],[131.29944639147567,33.352683863757875],[131.30067660549096,33.35212270412609],[131.30149303433038,33.35257546003346],[131.30236209287875,33.3522081744631],[131.3030640051869,33.35346140938342],[131.3040576622151,33.353951290153596],[131.30537130171243,33.35504728816534],[131.30602423149452,33.3563059961307],[131.30645964535447,33.35999631352258],[131.30612695491777,33.362446133279974],[131.3061657263183,33.3637636018333],[131.3070616054761,33.36613876931122],[131.30961851885272,33.3680128646959],[131.30974555447295,33.36950913906272],[131.31048321220368,33.36994027358576]]]},"properties":{"KEY_CODE":"442112150","PREF":"44","CITY":"211","CITY_NAME":"宇佐市","S_NAME":"院内町栗山","SETAI":"6"}},{"type":"Feature","geometry":{"type":"Polygon","coordinates":[[[131.31808294232562,33.367111559764055],[131.3176835420773,33.36976759650392],[131.31738401727645,33.37062871768929],[131.31650941713266,33.37110091435003],[131.3145636540669,33.36996926470297],[131.31192936733487,33.36990022722718],[131.3127258120467,33.367603410837475],[131.31230179421226,33.365019230564165],[131.31302817680697,33.36344765519143],[131.31247542462205,33.362421498196625],[131.30986197894308,33.35979016098963],[131.30857634068667,33.35778539704793],[131.30788937676124,33.355907098555555],[131.31095879900263,33.35490535092903],[131.31169567806057,33.35433260515316],[131.31239371218507,33.352755996561825],[131.31386793500786,33.35176803551615],[131.31513000561233,33.35013389994927],[131.31610635364373,33.3507653894179],[131.31675247105235,33.350780451572284],[131.31798999759093,33.35079816530837],[131.31827847892893,33.35086417686652],[131.3216316637029,33.35183985132405],[131.32305374269816,33.35336683873573],[131.32338742143668,33.354892415315085],[131.3264379833827,33.357038005593395],[131.32548080949775,33.35781892078778],[131.32326704146146,33.358592120046],[131.32071642215718,33.35833593695451],[131.31975936077637,33.35892648628314],[131.3182963256592,33.36114068595988],[131.31778472361313,33.36395723260242],[131.3184933598605,33.36473116625854],[131.31864576892067,33.365631632363055],[131.31808294232562,33.367111559764055]]]},"properties":{"KEY_CODE":"442112160","PREF":"44","CITY":"211","CITY_NAME":"宇佐市","S_NAME":"院内町滝貞","SETAI":"5"}},{"type":"Feature","geometry":{"type":"Polygon","coordinates":[[[131.31192936733487,33.36990022722718],[131.31048321220368,33.36994027358576],[131.30974555447295,33.36950913906272],[131.30961851885272,33.3680128646959],[131.3070616054761,33.36613876931122],[131.3061657263183,33.3637636018333],[131.30612695491777,33.362446133279974],[131.30645964535447,33.35999631352258],[131.30602423149452,33.3563059961307],[131.30537130171243,33.35504728816534],[131.3040576622151,33.353951290153596],[131.3030640051869,33.35346140938342],[131.30236209287875,33.3522081744631],[131.30149303433038,33.35257546003346],[131.30067660549096,33.35212270412609],[131.29944639147567,33.352683863757875],[131.29962739365118,33.351023674599006],[131.2983291907387,33.349911981528145],[131.2964273613228,33.34973842386355],[131.2945959508171,33.35030551565087],[131.29381466847775,33.35027794698352],[131.29395518197856,33.348124245811206],[131.2937023508622,33.346738020692754],[131.2921762157539,33.34503133541811],[131.29202910345114,33.34367140024507],[131.29247016436574,33.34139734670018],[131.2930454721131,33.33980975523502],[131.29358040864463,33.3361821416865],[131.29452288347966,33.33608548192975],[131.29505428146243,33.336021880085084],[131.29558048769755,33.33574769435677],[131.2962531530327,33.335307336355875],[131.29669563367904,33.335306282603945],[131.297843719444,33.33537459351276],[131.29816441884256,33.335361372425],[131.29889042887095,33.335328493106324],[131.29925023585912,33.335467264606116],[131.29965499969953,33.33571807491121],[131.2997858320939,33.33576017360386],[131.3007267901331,33.336053318053786],[131.3010421997028,33.33622459293488],[131.30260104998044,33.33699369915778],[131.30361479855705,33.336936786694565],[131.30453840886182,33.337492956454916],[131.3049320778958,33.33830497932309],[131.30483277394154,33.33906116481125],[131.30495643929183,33.34040140068675],[131.3053244923312,33.340631711149754],[131.30588829859585,33.34080050699556],[131.30626482960653,33.341646162347985],[131.30645494401327,33.34258634927156],[131.30686696773105,33.34289885804051],[131.30754038365313,33.3431794163756],[131.30856817216386,33.34331800039321],[131.30892349200684,33.34344251856532],[131.30890717277444,33.344100999480425],[131.3091375870681,33.34585625175823],[131.30934428339856,33.34620063625226],[131.30988475776616,33.34671442487038],[131.31010373052433,33.346805636867906],[131.31120699315932,33.34681960633357],[131.31162457844277,33.34686027531849],[131.312401301862,33.3472754461239],[131.31306532349004,33.34812880000403],[131.31392195796215,33.34864381958245],[131.31474873387916,33.349150593857146],[131.31513000561233,33.35013389994927],[131.31386793500786,33.35176803551615],[131.31239371218507,33.352755996561825],[131.31169567806057,33.35433260515316],[131.31095879900263,33.35490535092903],[131.30788937676124,33.355907098555555],[131.30857634068667,33.35778539704793],[131.30986197894308,33.35979016098963],[131.31247542462205,33.362421498196625],[131.31302817680697,33.36344765519143],[131.31230179421226,33.365019230564165],[131.3127258120467,33.367603410837475],[131.31192936733487,33.36990022722718]]]},"properties":{"KEY_CODE":"442112170","PREF":"44","CITY":"211","CITY_NAME":"宇佐市","S_NAME":"院内町小平","SETAI":"5"}},{"type":"Feature","geometry":{"type":"Polygon","coordinates":[[[131.30978714836857,33.38373343469123],[131.30702660478272,33.38401582874907],[131.30534003670414,33.38364853400778],[131.30363604371107,33.38267504747578],[131.3027720534121,33.3806974829549],[131.30200902959683,33.38001478985967],[131.30029207886548,33.37942716749472],[131.2993741851942,33.375919573970656],[131.2976730826074,33.37386419440652],[131.2975747649379,33.37340820802383],[131.30047685680117,33.37298291314016],[131.3024050094971,33.37305847655015],[131.3034264157022,33.37314312769597],[131.3036968298778,33.373759619233944],[131.30441573798444,33.373946615049796],[131.30517593250218,33.37480514303465],[131.30641505581184,33.375266778243486],[131.30611544560642,33.37619686844236],[131.3068255075274,33.37632579370574],[131.30719455067555,33.377907671144655],[131.3084056232647,33.37863644752058],[131.30767869953834,33.38006804744519],[131.30892012974297,33.38033688796885],[131.3098083147331,33.381825411493864],[131.31013122989393,33.38306691781717],[131.30978714836857,33.38373343469123]]]},"properties":{"KEY_CODE":"442112180","PREF":"44","CITY":"211","CITY_NAME":"宇佐市","S_NAME":"院内町大坪","SETAI":"13"}},{"type":"Feature","geometry":{"type":"Polygon","coordinates":[[[131.3024050094971,33.37305847655015],[131.30047685680117,33.37298291314016],[131.2975747649379,33.37340820802383],[131.29681155129322,33.37204348961831],[131.29597141559213,33.37108913594088],[131.29533297805776,33.36962407532994],[131.2951004692225,33.36850746739925],[131.29512923105187,33.36487044776678],[131.2967222031455,33.36416782605639],[131.29694108699775,33.362986146878534],[131.2977455084112,33.36152746034934],[131.29710390448506,33.360854769283286],[131.2969233221945,33.359506686559776],[131.2971784024822,33.358639894763634],[131.29658148866324,33.35730759538593],[131.29521921738734,33.356818669743426],[131.2950641849389,33.35607095274454],[131.29652032554736,33.35656952085007],[131.2969764042269,33.356174686483186],[131.29622676341134,33.354763990678094],[131.29658805153446,33.35408397727152],[131.29645411633683,33.35264718778362],[131.2958351483838,33.351708635291715],[131.29419156978605,33.350884050095836],[131.29381466847775,33.35027794698352],[131.2945959508171,33.35030551565087],[131.2964273613228,33.34973842386355],[131.2983291907387,33.349911981528145],[131.29962739365118,33.351023674599006],[131.29944639147567,33.352683863757875],[131.29897802775747,33.35470086049731],[131.29938040284262,33.35630440372919],[131.29967087441202,33.35930261715964],[131.30020882592615,33.35960225897808],[131.30093051297058,33.36209722343553],[131.30088156980696,33.36329223225755],[131.30135128419263,33.36411383412436],[131.3005854525354,33.366103693111384],[131.30091782194597,33.36714115026103],[131.30038902521966,33.36811897929067],[131.30089296861456,33.368713110112445],[131.3014129387319,33.37019664540403],[131.3012425681007,33.37098115712039],[131.3020138259279,33.3712987802125],[131.30218077076668,33.37203168254347],[131.30280081613574,33.3724113426773],[131.3024050094971,33.37305847655015]]]},"properties":{"KEY_CODE":"442112190","PREF":"44","CITY":"211","CITY_NAME":"宇佐市","S_NAME":"院内町岡","SETAI":"6"}},{"type":"Feature","geometry":{"type":"Polygon","coordinates":[[[131.29681155129322,33.37204348961831],[131.2957633767701,33.37348587983269],[131.29550580621577,33.375018025692725],[131.29562158964822,33.37653768844379],[131.29297583958927,33.37731558500487],[131.29108708184862,33.37908368101296],[131.28995132635782,33.37883145032857],[131.28791765311254,33.37893384468296],[131.28733659712185,33.37752167478712],[131.28698158898183,33.37742951397599],[131.28602793639433,33.37731084441206],[131.28534454998507,33.37637355392225],[131.28636971490369,33.376379636521],[131.28568918695538,33.37521184848003],[131.2859820585831,33.37442946102332],[131.28520141821994,33.37352881025372],[131.2856923288008,33.37308490560294],[131.2847899151027,33.371233328873785],[131.28515735402368,33.3708723785465],[131.2846053359818,33.36960893165488],[131.28378085391506,33.3691828690253],[131.28440787908247,33.368679344389015],[131.2847926918431,33.36744554843783],[131.28472919827047,33.36656440319688],[131.28350670729705,33.36485121416084],[131.28337088156346,33.36345334809568],[131.28211892124844,33.36256120271773],[131.28420432482798,33.36264619485982],[131.2861689556457,33.363942721579086],[131.2862444997751,33.36524354529388],[131.28738428107857,33.36498671848115],[131.28898917321217,33.36541971521567],[131.289854868985,33.36510087977549],[131.29115155685668,33.365357082514905],[131.29512923105187,33.36487044776678],[131.2951004692225,33.36850746739925],[131.29533297805776,33.36962407532994],[131.29597141559213,33.37108913594088],[131.29681155129322,33.37204348961831]]]},"properties":{"KEY_CODE":"442112200","PREF":"44","CITY":"211","CITY_NAME":"宇佐市","S_NAME":"院内町荻迫","SETAI":"6"}},{"type":"Feature","geometry":{"type":"Polygon","coordinates":[[[131.28698158898183,33.37742951397599],[131.2865513547757,33.37805358558265],[131.28576497073237,33.378241379238624],[131.28418882883844,33.37758473570799],[131.2835655336729,33.37679571127935],[131.28209396756924,33.37590164409545],[131.281510350178,33.37537756546051],[131.28087615505035,33.37463504684835],[131.28062098925028,33.37456119861292],[131.27971187514297,33.37448885981411],[131.27827977689157,33.37378531519465],[131.2787199494268,33.37336230266896],[131.2792437116666,33.373125527284564],[131.2801423669862,33.372483384043846],[131.28081550184925,33.370925978126245],[131.28053739596936,33.37011453231914],[131.2817679822828,33.370554873361144],[131.28265506239515,33.371259654664215],[131.2847899151027,33.371233328873785],[131.2856923288008,33.37308490560294],[131.28520141821994,33.37352881025372],[131.2859820585831,33.37442946102332],[131.28568918695538,33.37521184848003],[131.28636971490369,33.376379636521],[131.28534454998507,33.37637355392225],[131.28602793639433,33.37731084441206],[131.28698158898183,33.37742951397599]]]},"properties":{"KEY_CODE":"442112210","PREF":"44","CITY":"211","CITY_NAME":"宇佐市","S_NAME":"院内町土岩屋","SETAI":"10"}},{"type":"Feature","geometry":{"type":"Polygon","coordinates":[[[131.2847899151027,33.371233328873785],[131.28265506239515,33.371259654664215],[131.2817679822828,33.370554873361144],[131.28053739596936,33.37011453231914],[131.2794788560092,33.37039467819993],[131.27850475156112,33.36987607549031],[131.27836716673343,33.368904219779594],[131.27789840857463,33.36852036146687],[131.2766875343875,33.368845099031034],[131.27580789455118,33.36852502035239],[131.27568244082465,33.36718643780945],[131.27733205610312,33.366687049963424],[131.2793181547094,33.36562336689172],[131.2796125045833,33.36450838402795],[131.28016575136178,33.36382925351635],[131.27969766275652,33.36272021250377],[131.2790086972028,33.36201844716836],[131.2790309052534,33.36029063504267],[131.28034120039152,33.36186289972115],[131.28211892124844,33.36256120271773],[131.28337088156346,33.36345334809568],[131.28350670729705,33.36485121416084],[131.28472919827047,33.36656440319688],[131.2847926918431,33.36744554843783],[131.28440787908247,33.368679344389015],[131.28378085391506,33.3691828690253],[131.2846053359818,33.36960893165488],[131.28515735402368,33.3708723785465],[131.2847899151027,33.371233328873785]]]},"properties":{"KEY_CODE":"442112220","PREF":"44","CITY":"211","CITY_NAME":"宇佐市","S_NAME":"院内町台","SETAI":"8"}},{"type":"Feature","geometry":{"type":"Polygon","coordinates":[[[131.28053739596936,33.37011453231914],[131.28081550184925,33.370925978126245],[131.2801423669862,33.372483384043846],[131.2792437116666,33.373125527284564],[131.2787199494268,33.37336230266896],[131.27827977689157,33.37378531519465],[131.27782440068276,33.37349804460136],[131.27660227385587,33.37258944444276],[131.2760139737887,33.37232105912287],[131.27500338282397,33.371700228785],[131.27475933725069,33.37163567834664],[131.27390864020748,33.369419318376345],[131.27405299335123,33.36808965041968],[131.27328797961397,33.36570268066642],[131.2739391906838,33.364970105938376],[131.27337901444983,33.363160116291965],[131.27290591203686,33.361663830580554],[131.2734391081996,33.36135213672494],[131.27448120086837,33.359727559095326],[131.27539631623563,33.358725109468246],[131.27530797896986,33.35738139054644],[131.2758927787963,33.35777684011408],[131.27686035861944,33.36007439929667],[131.27636884702025,33.361147878234725],[131.27691684305182,33.36273665792843],[131.27820250291046,33.362826735989906],[131.27854730555237,33.36323200297501],[131.2782852538309,33.364447507060376],[131.2793181547094,33.36562336689172],[131.27733205610312,33.366687049963424],[131.27568244082465,33.36718643780945],[131.27580789455118,33.36852502035239],[131.2766875343875,33.368845099031034],[131.27789840857463,33.36852036146687],[131.27836716673343,33.368904219779594],[131.27850475156112,33.36987607549031],[131.2794788560092,33.37039467819993],[131.28053739596936,33.37011453231914]]]},"properties":{"KEY_CODE":"442112230","PREF":"44","CITY":"211","CITY_NAME":"宇佐市","S_NAME":"院内町田平","SETAI":"8"}},{"type":"Feature","geometry":{"type":"Polygon","coordinates":[[[131.27337901444983,33.363160116291965],[131.2739391906838,33.364970105938376],[131.27328797961397,33.36570268066642],[131.27405299335123,33.36808965041968],[131.27390864020748,33.369419318376345],[131.27475933725069,33.37163567834664],[131.27420438402203,33.37158075863161],[131.27351314328098,33.37151191190037],[131.27268132443427,33.371191987963314],[131.2714973813084,33.37067177706088],[131.27057840041235,33.37057325447457],[131.27010978389626,33.37016876281091],[131.26941270657352,33.36949330785306],[131.26900563836102,33.36960812940414],[131.2674176010284,33.370147730971],[131.2671043039331,33.369585380945786],[131.26682631854035,33.36880514396973],[131.26679334459453,33.368476770824934],[131.2669753943812,33.36792677977767],[131.26665454663285,33.36749846637348],[131.2643069276762,33.36780511203092],[131.26425862197985,33.36768457946024],[131.26431362140283,33.36737613014821],[131.26476252143942,33.36658089149625],[131.2639589812093,33.36502089897083],[131.2634313696069,33.36489465613352],[131.26285522040504,33.36456074240045],[131.26244172114392,33.36385450515939],[131.26188125237474,33.36342002852976],[131.26097696104563,33.36287229526958],[131.26018344105424,33.36196238860969],[131.261318287789,33.362154393825605],[131.26252324565954,33.361756418038155],[131.26395072154637,33.36229964603953],[131.2654912127808,33.36192100162253],[131.26642627298628,33.36208658480935],[131.26764215077515,33.36135001041661],[131.2685627893541,33.36201160955449],[131.26851849489307,33.3631913576834],[131.2695960340221,33.36292091354959],[131.27093835481105,33.36319924061815],[131.27158749962837,33.36290026723526],[131.27337901444983,33.363160116291965]]]},"properties":{"KEY_CODE":"442112240","PREF":"44","CITY":"211","CITY_NAME":"宇佐市","S_NAME":"院内町来鉢","SETAI":"8"}},{"type":"Feature","geometry":{"type":"Polygon","coordinates":[[[131.27337901444983,33.363160116291965],[131.27158749962837,33.36290026723526],[131.27093835481105,33.36319924061815],[131.2695960340221,33.36292091354959],[131.26851849489307,33.3631913576834],[131.2685627893541,33.36201160955449],[131.26764215077515,33.36135001041661],[131.26642627298628,33.36208658480935],[131.2654912127808,33.36192100162253],[131.26395072154637,33.36229964603953],[131.26252324565954,33.361756418038155],[131.261318287789,33.362154393825605],[131.26018344105424,33.36196238860969],[131.2589716909186,33.36141865594263],[131.25754851396817,33.3609524060413],[131.25629142608818,33.359922768115716],[131.25514273425637,33.35907725504523],[131.25431099005993,33.358710286445124],[131.25412694099222,33.35859671938878],[131.25372579403978,33.357987591349996],[131.2533998065295,33.35749436906227],[131.2534196016707,33.357481860026546],[131.25398422784778,33.35718899667657],[131.2559036106472,33.35629259429138],[131.25630749398476,33.35625189047112],[131.25688339705823,33.35712319742959],[131.25755015812896,33.35758051892971],[131.2583267969409,33.357515331130976],[131.25855039496216,33.35627714674975],[131.2586216104957,33.356252061514816],[131.25917291764137,33.35483743113588],[131.25919326418003,33.354685333371386],[131.25964371366217,33.35382059188051],[131.2605388185227,33.35315558067109],[131.2608632770577,33.352876959074614],[131.2613822005749,33.352576723566166],[131.2615245046535,33.35248667822989],[131.26183350750256,33.352011122014765],[131.2621332367804,33.351920742330215],[131.2627356968592,33.35173997609321],[131.26313685342714,33.35129166047477],[131.26344821229804,33.351114006352866],[131.26408331420032,33.350925698267204],[131.2654438124296,33.350455359323334],[131.26589728943193,33.35012534033946],[131.26683668908507,33.34988775764944],[131.2673918151706,33.34977934704511],[131.2678789396201,33.34973522133607],[131.26926513865564,33.35244181786345],[131.26947419500664,33.35316043038835],[131.26934196395842,33.35578279086056],[131.27115926386188,33.360601471240216],[131.27182679844265,33.36146786040047],[131.27290591203686,33.361663830580554],[131.27337901444983,33.363160116291965]]]},"properties":{"KEY_CODE":"442112250","PREF":"44","CITY":"211","CITY_NAME":"宇佐市","S_NAME":"院内町和田","SETAI":"11"}},{"type":"Feature","geometry":{"type":"Polygon","coordinates":[[[131.29512923105187,33.36487044776678],[131.29115155685668,33.365357082514905],[131.289854868985,33.36510087977549],[131.28898917321217,33.36541971521567],[131.28738428107857,33.36498671848115],[131.2862444997751,33.36524354529388],[131.2861689556457,33.363942721579086],[131.28420432482798,33.36264619485982],[131.28211892124844,33.36256120271773],[131.28034120039152,33.36186289972115],[131.2790309052534,33.36029063504267],[131.2790086972028,33.36201844716836],[131.27969766275652,33.36272021250377],[131.28016575136178,33.36382925351635],[131.2796125045833,33.36450838402795],[131.2793181547094,33.36562336689172],[131.2782852538309,33.364447507060376],[131.27854730555237,33.36323200297501],[131.27820250291046,33.362826735989906],[131.27691684305182,33.36273665792843],[131.27636884702025,33.361147878234725],[131.27686035861944,33.36007439929667],[131.2758927787963,33.35777684011408],[131.27530797896986,33.35738139054644],[131.27539631623563,33.358725109468246],[131.27448120086837,33.359727559095326],[131.2734391081996,33.36135213672494],[131.27290591203686,33.361663830580554],[131.27182679844265,33.36146786040047],[131.27115926386188,33.360601471240216],[131.26934196395842,33.35578279086056],[131.26947419500664,33.35316043038835],[131.26926513865564,33.35244181786345],[131.2678789396201,33.34973522133607],[131.26797654880505,33.34963599927652],[131.26802938495092,33.34943145454],[131.26818701331155,33.34901355174734],[131.2690255868916,33.34787373543408],[131.26959162273928,33.347458678506584],[131.2703836722722,33.34617313267474],[131.27086004744478,33.34463145757949],[131.27107608819205,33.3443817127442],[131.27171682257844,33.343633656972585],[131.27179763293537,33.342405712547816],[131.27184073738073,33.34194440918034],[131.27173678049076,33.34146475807011],[131.27183697613472,33.34074035394746],[131.2723459323252,33.34013343957957],[131.27301738249633,33.339726867776996],[131.2732260670865,33.33950577438268],[131.27344561584547,33.33943051288786],[131.2736992855282,33.33887653144637],[131.2739658216438,33.338631637427106],[131.27399473786488,33.3383797646488],[131.27405790589714,33.33816399092962],[131.27446012818376,33.337627149926305],[131.2750119840521,33.336983991958135],[131.2759961911772,33.33594596895857],[131.27735812831907,33.33509159634159],[131.2778444439383,33.33485617221134],[131.2786862073474,33.33479571296606],[131.2791933443312,33.33457770747055],[131.280440429456,33.33496003393702],[131.28080275133289,33.33492219802623],[131.28256643927892,33.3350275383996],[131.283518438682,33.335084229687794],[131.28353807810393,33.3350850666174],[131.2858603727615,33.335390208853454],[131.28699682792526,33.33553841799783],[131.28715709617776,33.33550564285108],[131.28808734165753,33.335265422600806],[131.29016490545584,33.3361867048809],[131.29044726877373,33.33625585677309],[131.29284673250032,33.336190386846596],[131.29352389260154,33.336196292958846],[131.29358040864463,33.3361821416865],[131.2930454721131,33.33980975523502],[131.29247016436574,33.34139734670018],[131.29202910345114,33.34367140024507],[131.2921762157539,33.34503133541811],[131.2937023508622,33.346738020692754],[131.29395518197856,33.348124245811206],[131.29381466847775,33.35027794698352],[131.29419156978605,33.350884050095836],[131.2958351483838,33.351708635291715],[131.29645411633683,33.35264718778362],[131.29658805153446,33.35408397727152],[131.29622676341134,33.354763990678094],[131.2969764042269,33.356174686483186],[131.29652032554736,33.35656952085007],[131.2950641849389,33.35607095274454],[131.29521921738734,33.356818669743426],[131.29658148866324,33.35730759538593],[131.2971784024822,33.358639894763634],[131.2969233221945,33.359506686559776],[131.29710390448506,33.360854769283286],[131.2977455084112,33.36152746034934],[131.29694108699775,33.362986146878534],[131.2967222031455,33.36416782605639],[131.29512923105187,33.36487044776678]]]},"properties":{"KEY_CODE":"442112260","PREF":"44","CITY":"211","CITY_NAME":"宇佐市","S_NAME":"院内町羽馬礼","SETAI":"13"}}]}