{"type":"FeatureCollection","features":[{"type":"Feature","geometry":{"type":"Polygon","coordinates":[[[140.38679571096566,40.8207310020659],[140.3830611428154,40.82256610639743],[140.3771704226934,40.82323169391684],[140.37565613297957,40.822624357406276],[140.37397474069354,40.822946032443326],[140.37337663004965,40.822400566340306],[140.37656492048023,40.81857125323029],[140.38037127011347,40.81413055216476],[140.38152873641047,40.81241204855375],[140.3815770372266,40.812438058746565],[140.38239102561477,40.813088034311136],[140.3827832913378,40.81344536221175],[140.38232429520048,40.81386451416288],[140.38219282189414,40.815026578720605],[140.3833259998657,40.81598778812921],[140.38350174999013,40.817021945929326],[140.38259039075166,40.817982278138274],[140.38679571096566,40.8207310020659]]]},"properties":{"KEY_CODE":"02209001001","PREF":"02","CITY":"209","CITY_NAME":"つがる市","S_NAME":"木造清水町","SETAI":"175"}},{"type":"Feature","geometry":{"type":"Polygon","coordinates":[[[140.38152873641047,40.81241204855375],[140.38037127011347,40.81413055216476],[140.37656492048023,40.81857125323029],[140.37337663004965,40.822400566340306],[140.3700602363265,40.820771689259615],[140.3670695697253,40.81430739616346],[140.36934813945547,40.811822569471104],[140.3721898796549,40.808850830117194],[140.3722389362548,40.80880001787025],[140.379239023433,40.812544967213],[140.381205231437,40.81261706706572],[140.38152873641047,40.81241204855375]]]},"properties":{"KEY_CODE":"02209001002","PREF":"02","CITY":"209","CITY_NAME":"つがる市","S_NAME":"木造吉岡下木造","SETAI":"235"}},{"type":"Feature","geometry":{"type":"Polygon","coordinates":[[[140.38152873641047,40.81241204855375],[140.381205231437,40.81261706706572],[140.379239023433,40.812544967213],[140.3722389362548,40.80880001787025],[140.37542065950612,40.805503516192935],[140.3764238208477,40.80599746374723],[140.3776774379734,40.80661087207121],[140.38165259983148,40.80889636975188],[140.3830764027124,40.810048127302124],[140.38438839538733,40.809545189657605],[140.3846705834141,40.8097252750949],[140.38503391260824,40.810088394953446],[140.38518040186014,40.81017866623307],[140.38361484694224,40.81104204951128],[140.38306806353788,40.811677560257145],[140.3815770372266,40.812438058746565],[140.38152873641047,40.81241204855375]]]},"properties":{"KEY_CODE":"02209001003","PREF":"02","CITY":"209","CITY_NAME":"つがる市","S_NAME":"木造有楽町","SETAI":"109"}},{"type":"Feature","geometry":{"type":"Polygon","coordinates":[[[140.38239102561477,40.813088034311136],[140.38378541217259,40.812150554423106],[140.38468756345083,40.81115457581016],[140.38714425503258,40.81186231775098],[140.38645225107453,40.813722621694815],[140.38683440070332,40.81383055148196],[140.3859385471039,40.81595249446333],[140.38642386197537,40.81684403629976],[140.38776022213747,40.817812598061906],[140.3901802651336,40.81906631315633],[140.38679571096566,40.8207310020659],[140.38259039075166,40.817982278138274],[140.38350174999013,40.817021945929326],[140.3833259998657,40.81598778812921],[140.38219282189414,40.815026578720605],[140.38232429520048,40.81386451416288],[140.3827832913378,40.81344536221175],[140.38239102561477,40.813088034311136]]]},"properties":{"KEY_CODE":"02209001004","PREF":"02","CITY":"209","CITY_NAME":"つがる市","S_NAME":"木造横町","SETAI":"193"}},{"type":"Feature","geometry":{"type":"Polygon","coordinates":[[[140.38582186511388,40.80947617783946],[140.38880935923217,40.811366806168444],[140.38873881660697,40.81152723959391],[140.3926673247634,40.812468200315],[140.39157316470738,40.814450966943234],[140.39713830845673,40.815635756831256],[140.3901802651336,40.81906631315633],[140.38776022213747,40.817812598061906],[140.38642386197537,40.81684403629976],[140.3859385471039,40.81595249446333],[140.38683440070332,40.81383055148196],[140.38645225107453,40.813722621694815],[140.38714425503258,40.81186231775098],[140.38468756345083,40.81115457581016],[140.38378541217259,40.812150554423106],[140.38239102561477,40.813088034311136],[140.3815770372266,40.812438058746565],[140.38306806353788,40.811677560257145],[140.38361484694224,40.81104204951128],[140.38518040186014,40.81017866623307],[140.3852572197118,40.81010171351525],[140.38582186511388,40.80947617783946]]]},"properties":{"KEY_CODE":"02209001005","PREF":"02","CITY":"209","CITY_NAME":"つがる市","S_NAME":"木造萢中","SETAI":"251"}},{"type":"Feature","geometry":{"type":"Polygon","coordinates":[[[140.39165741275255,40.80816046132525],[140.39135657667032,40.808340832226705],[140.39831077672264,40.80986345670075],[140.40017281862552,40.80962511855302],[140.39795308988215,40.81523392751986],[140.39713830845673,40.815635756831256],[140.39157316470738,40.814450966943234],[140.3926673247634,40.812468200315],[140.38873881660697,40.81152723959391],[140.38880935923217,40.811366806168444],[140.38582186511388,40.80947617783946],[140.3864258882886,40.80900487371307],[140.38721901580269,40.80828657014095],[140.38803388150592,40.807416092707335],[140.3880589347767,40.80742906579144],[140.39165741275255,40.80816046132525]]]},"properties":{"KEY_CODE":"02209001006","PREF":"02","CITY":"209","CITY_NAME":"つがる市","S_NAME":"木造蓮沼","SETAI":"325"}},{"type":"Feature","geometry":{"type":"Polygon","coordinates":[[[140.39629878623373,40.80521538869424],[140.3949226089673,40.80645260712327],[140.39295065043297,40.807509393909825],[140.39284945902472,40.808174021795324],[140.39165741275255,40.80816046132525],[140.3880589347767,40.80742906579144],[140.38844034314383,40.80690651632464],[140.39011686480015,40.80590179337779],[140.3903659824481,40.80540680350454],[140.39256631682798,40.804648755444504],[140.39312582581482,40.80406221239163],[140.39629878623373,40.80521538869424]]]},"properties":{"KEY_CODE":"02209001007","PREF":"02","CITY":"209","CITY_NAME":"つがる市","S_NAME":"木造松原","SETAI":"209"}},{"type":"Feature","geometry":{"type":"Polygon","coordinates":[[[140.38710547338638,40.80751966473414],[140.38689054885683,40.80752804830575],[140.38647570259198,40.807309040378215],[140.38606917554756,40.80698199417547],[140.38669793739476,40.80635234008495],[140.38531479530687,40.80584364739567],[140.3856184004437,40.80376478583478],[140.38626289525317,40.80167859044162],[140.38820101428618,40.802120183154635],[140.39053621588553,40.79916704687595],[140.3917290682277,40.79965856098191],[140.38985735512054,40.80194883450371],[140.38962032353072,40.80280740996506],[140.39312582581482,40.80406221239163],[140.39256631682798,40.804648755444504],[140.3903659824481,40.80540680350454],[140.39011686480015,40.80590179337779],[140.38844034314383,40.80690651632464],[140.3880589347767,40.80742906579144],[140.38803388150592,40.807416092707335],[140.3879478778648,40.80737164922951],[140.38710547338638,40.80751966473414]]]},"properties":{"KEY_CODE":"02209001008","PREF":"02","CITY":"209","CITY_NAME":"つがる市","S_NAME":"木造上町","SETAI":"227"}},{"type":"Feature","geometry":{"type":"Polygon","coordinates":[[[140.38582186511388,40.80947617783946],[140.3852572197118,40.81010171351525],[140.38503391260824,40.810088394953446],[140.3846705834141,40.8097252750949],[140.38487464127883,40.809005260682916],[140.38505421159553,40.808774131688665],[140.38544697760437,40.808350557865325],[140.38571308325533,40.8078556442291],[140.38620664842642,40.807567755195514],[140.38689054885683,40.80752804830575],[140.38710547338638,40.80751966473414],[140.3879478778648,40.80737164922951],[140.38803388150592,40.807416092707335],[140.38721901580269,40.80828657014095],[140.3864258882886,40.80900487371307],[140.38582186511388,40.80947617783946]]]},"properties":{"KEY_CODE":"02209001009","PREF":"02","CITY":"209","CITY_NAME":"つがる市","S_NAME":"木造千代町","SETAI":"26"}},{"type":"Feature","geometry":{"type":"Polygon","coordinates":[[[140.38438839538733,40.809545189657605],[140.3830764027124,40.810048127302124],[140.38165259983148,40.80889636975188],[140.3776774379734,40.80661087207121],[140.3764238208477,40.80599746374723],[140.37956902876414,40.80261690790786],[140.37990868690744,40.803007038981946],[140.3817161732062,40.80115064924712],[140.38278334551117,40.801685460275586],[140.38363635593046,40.80083268279538],[140.38399238670124,40.800972395006475],[140.38626289525317,40.80167859044162],[140.3856184004437,40.80376478583478],[140.38531479530687,40.80584364739567],[140.38669793739476,40.80635234008495],[140.38606917554756,40.80698199417547],[140.38647570259198,40.807309040378215],[140.38620664842642,40.807567755195514],[140.38571308325533,40.8078556442291],[140.38544697760437,40.808350557865325],[140.38505421159553,40.808774131688665],[140.38487464127883,40.809005260682916],[140.38438839538733,40.809545189657605]]]},"properties":{"KEY_CODE":"02209001010","PREF":"02","CITY":"209","CITY_NAME":"つがる市","S_NAME":"木造田町","SETAI":"348"}},{"type":"Feature","geometry":{"type":"Polygon","coordinates":[[[140.3314680796293,40.84299542918801],[140.33372368032693,40.8469427888373],[140.334036168936,40.84845469439339],[140.33359115731224,40.849474695691285],[140.33177436936612,40.849466818028205],[140.33105321281306,40.849169874421825],[140.32978946082505,40.84782780776959],[140.32948743634734,40.84703448558543],[140.32950014319943,40.84543301612695],[140.32648158992498,40.845973369190325],[140.3248817749833,40.8455363149343],[140.32186369175952,40.84591332058903],[140.31949318375837,40.84669459058407],[140.31650719813106,40.84707399619121],[140.31471045634677,40.84682686697995],[140.31344687409236,40.84576125912527],[140.31253108807138,40.844582450980226],[140.31178262412053,40.84399848790245],[140.30845344303665,40.8427378815124],[140.30713774191665,40.842057605045454],[140.30781771056348,40.84187980932821],[140.30751003146077,40.84139323142251],[140.3066651411756,40.8411335001266],[140.30518492687764,40.840732330272466],[140.30343333870073,40.83945029649338],[140.3026814416064,40.8383824902613],[140.3024737137896,40.836156643828026],[140.29668986189714,40.83546780676836],[140.29150990104384,40.83570463525088],[140.29076770797542,40.835926444999],[140.28710206018923,40.83522913619499],[140.28671221908445,40.83283895665385],[140.28574928404996,40.83205112256509],[140.28361401397885,40.831216208049895],[140.28410011686898,40.83103861598689],[140.28767925952678,40.83113109564484],[140.29010863598572,40.830825975742435],[140.2903860541256,40.83017133716647],[140.29119146605692,40.82970244929499],[140.29250316889662,40.829536204952504],[140.29436272734276,40.82974088658558],[140.2972640398669,40.829661205431265],[140.29839090915203,40.829276862593616],[140.3008273104851,40.82954760234157],[140.30647078599836,40.83100433611373],[140.30905617013215,40.832026210981795],[140.31287626921892,40.833217816959994],[140.31364018606766,40.83332024976758],[140.31557581151304,40.832734150729095],[140.3167114589939,40.83277005267113],[140.3180931022298,40.83246806352704],[140.31817947248442,40.83179056123062],[140.3160845729568,40.82990154339015],[140.31557036368113,40.82820448520355],[140.3156956502978,40.82774280201165],[140.3132096525928,40.823255468914],[140.31652785149728,40.822411024204605],[140.32103246354617,40.820774743927856],[140.32451039693376,40.81966123528513],[140.32658534171475,40.82624754031745],[140.32607634957273,40.82740513978667],[140.32580745368628,40.82814390376877],[140.32632287630392,40.82960593133028],[140.3276824548,40.830851793700056],[140.3288984501495,40.83305576534152],[140.32974152559302,40.833823872650086],[140.32765403343697,40.83373623038279],[140.3266242085024,40.83413169510596],[140.33069791770754,40.841631520446064],[140.3314680796293,40.84299542918801]]]},"properties":{"KEY_CODE":"02209002001","PREF":"02","CITY":"209","CITY_NAME":"つがる市","S_NAME":"木造丸山","SETAI":"85"}},{"type":"Feature","geometry":{"type":"Polygon","coordinates":[[[140.3132096525928,40.823255468914],[140.3156956502978,40.82774280201165],[140.31557036368113,40.82820448520355],[140.3160845729568,40.82990154339015],[140.31817947248442,40.83179056123062],[140.3180931022298,40.83246806352704],[140.3167114589939,40.83277005267113],[140.31557581151304,40.832734150729095],[140.31364018606766,40.83332024976758],[140.31287626921892,40.833217816959994],[140.30905617013215,40.832026210981795],[140.30647078599836,40.83100433611373],[140.3008273104851,40.82954760234157],[140.29839090915203,40.829276862593616],[140.2972640398669,40.829661205431265],[140.29436272734276,40.82974088658558],[140.29250316889662,40.829536204952504],[140.29119146605692,40.82970244929499],[140.2903860541256,40.83017133716647],[140.29010863598572,40.830825975742435],[140.28767925952678,40.83113109564484],[140.28410011686898,40.83103861598689],[140.28361401397885,40.831216208049895],[140.2827889241542,40.830893564430546],[140.27815208660692,40.83046409284688],[140.27544098875714,40.830349165915976],[140.27424175792788,40.83042153827785],[140.2740547600727,40.83078395601078],[140.27173532981578,40.83094037192046],[140.27005421484546,40.83150144031815],[140.26847091440922,40.82888389538963],[140.26650910892096,40.82506306277723],[140.26708518524532,40.825094523039546],[140.26779453948402,40.82512135809512],[140.26971289087848,40.82537381921836],[140.27033594711637,40.825958355396956],[140.27164899109786,40.8263647278395],[140.2721483966664,40.82630664534404],[140.2737292089687,40.82638930729867],[140.27404105672457,40.82638026146446],[140.27508897442064,40.82638926635059],[140.27554246142716,40.82643359732382],[140.2759780368843,40.826548832278135],[140.2762237286099,40.82692030348555],[140.2773606050219,40.82710370728944],[140.27779328638198,40.82685496470062],[140.2781090209754,40.82657343509298],[140.2786049813503,40.826344202821595],[140.27906907513153,40.826215633512405],[140.27980713285353,40.825898554991035],[140.27991725749487,40.825899082084156],[140.2803711493117,40.82597843365418],[140.2805718101856,40.82595153122075],[140.28107993367092,40.82578988884001],[140.2817004790819,40.82585504553378],[140.28212138746602,40.82582919086045],[140.28293533330887,40.825894136935624],[140.28350730968768,40.825710694646915],[140.28411951229893,40.82573168470888],[140.29806211336967,40.81961104210587],[140.2982191706386,40.81972856155471],[140.29948978848017,40.82025408985758],[140.30025343599374,40.82002143066526],[140.30064730465753,40.82002324723585],[140.30084063761564,40.81981940138902],[140.30101355448144,40.819580070757965],[140.30117933914065,40.819584774919086],[140.3031672358065,40.82017850442864],[140.30361374964863,40.820070303884776],[140.30385509951935,40.82004101616063],[140.30533801446967,40.82024142343748],[140.30592446612755,40.82071964292568],[140.30749379961853,40.82102159044575],[140.31001719840316,40.82088206103403],[140.31190909232245,40.82067152502087],[140.3132096525928,40.823255468914]]]},"properties":{"KEY_CODE":"02209002002","PREF":"02","CITY":"209","CITY_NAME":"つがる市","S_NAME":"木造南広森","SETAI":"78"}},{"type":"Feature","geometry":{"type":"Polygon","coordinates":[[[140.29806211336967,40.81961104210587],[140.28411951229887,40.82573168470888],[140.28350730968768,40.825710694646915],[140.28293533330887,40.825894136935624],[140.28212138746602,40.82582919086045],[140.2817004790819,40.82585504553378],[140.28107993367092,40.82578988884001],[140.2805718101856,40.82595153122075],[140.2803711493117,40.82597843365418],[140.27991725749487,40.825899082084156],[140.27980713285353,40.825898554991035],[140.27906907513153,40.826215633512405],[140.2786049813503,40.826344202821595],[140.2781090209754,40.82657343509298],[140.27779328638198,40.82685496470062],[140.2773606050219,40.82710370728944],[140.2762237286099,40.82692030348555],[140.2759780368843,40.826548832278135],[140.27554246142716,40.82643359732382],[140.27508897442064,40.82638926635059],[140.27404105672457,40.82638026146446],[140.2737292089687,40.82638930729867],[140.2721483966664,40.82630664534404],[140.27164899109786,40.8263647278395],[140.27033594711637,40.825958355396956],[140.26971289087848,40.82537381921836],[140.26779453948402,40.82512135809512],[140.26708518524532,40.825094523039546],[140.26650910892096,40.82506306277722],[140.26273058879516,40.81910880612531],[140.26138524949326,40.816878659163166],[140.25956968114448,40.81433721774121],[140.25891664637535,40.812395069979964],[140.26108507180618,40.81277894400401],[140.2615386898607,40.81287730093122],[140.262685513639,40.8134084015899],[140.2630629379133,40.81346169840452],[140.26317712943091,40.813655884960546],[140.26347026861987,40.813976964314655],[140.26486954775558,40.814375189682046],[140.26616782147636,40.81470655323886],[140.26633371071478,40.81490507160237],[140.26781554682728,40.81566389122411],[140.2689054184072,40.81552682374575],[140.26969776314314,40.815166456606086],[140.27395740666444,40.81507409235993],[140.27948212039843,40.81497403985068],[140.28089577773324,40.81508647786387],[140.2816993743498,40.81468913966682],[140.28477977383383,40.814243164216805],[140.28517624109284,40.81426326584384],[140.2852776084053,40.81423947189303],[140.2859783728911,40.813836268437086],[140.28648349759615,40.813574960543725],[140.2867852144834,40.81327933947034],[140.28876653329544,40.81355315429904],[140.29061073662444,40.8134596628263],[140.29202787975757,40.81318417329193],[140.29357371989715,40.81278389054821],[140.2938587071901,40.81276699754734],[140.29440132409235,40.81298488774888],[140.29558361072742,40.81311076963495],[140.2985037636536,40.812951379115816],[140.29892339948893,40.81359391696053],[140.3004342672806,40.81458384493105],[140.30140707765713,40.814858989613086],[140.30268287045368,40.81476508871822],[140.3062398113284,40.81666889452295],[140.3070831357354,40.816729727460135],[140.30870115141585,40.81603907638483],[140.30913123466405,40.81515186074006],[140.31190909232245,40.820671525020884],[140.31001719840316,40.82088206103403],[140.30749379961853,40.82102159044575],[140.30592446612755,40.82071964292568],[140.30533801446967,40.82024142343748],[140.30385509951935,40.82004101616063],[140.30361374964863,40.820070303884776],[140.3031672358065,40.82017850442864],[140.30117933914065,40.819584774919086],[140.30101355448144,40.819580070757965],[140.30084063761564,40.81981940138902],[140.30064730465753,40.82002324723585],[140.30025343599374,40.82002143066526],[140.29948978848017,40.82025408985758],[140.2982191706386,40.81972856155471],[140.29806211336967,40.81961104210587]]]},"properties":{"KEY_CODE":"02209002003","PREF":"02","CITY":"209","CITY_NAME":"つがる市","S_NAME":"木造吹原","SETAI":"35"}},{"type":"Feature","geometry":{"type":"Polygon","coordinates":[[[140.32103246354623,40.82077474392785],[140.31652785149728,40.822411024204605],[140.31320965259272,40.823255468914034],[140.31190909232245,40.820671525020884],[140.30913123466405,40.81515186074006],[140.30870115141585,40.81603907638483],[140.3070831357354,40.816729727460135],[140.3062398113284,40.81666889452295],[140.30268287045368,40.81476508871822],[140.30140707765713,40.814858989613086],[140.3004342672806,40.81458384493105],[140.29892339948893,40.81359391696053],[140.2985037636536,40.812951379115816],[140.2989705182445,40.812165053097694],[140.30019317550781,40.811255781945384],[140.30136142917763,40.81057553804972],[140.30226119151217,40.81053324106086],[140.30386849238738,40.81046983604028],[140.30435105518984,40.80981737443747],[140.3061573070411,40.809622155274184],[140.30580506867446,40.807784867922436],[140.30879996542146,40.807436092927105],[140.31310158654995,40.806936637888036],[140.3172166865468,40.806319958421426],[140.31809025324975,40.80961782966125],[140.3161975289343,40.811300060685944],[140.32103246354623,40.82077474392785]]]},"properties":{"KEY_CODE":"02209002004","PREF":"02","CITY":"209","CITY_NAME":"つがる市","S_NAME":"木造越水駒田","SETAI":"59"}},{"type":"Feature","geometry":{"type":"Polygon","coordinates":[[[140.28089577773324,40.81508647786387],[140.27948212039843,40.81497403985068],[140.27395740666444,40.81507409235993],[140.26969776314314,40.81516645660613],[140.2689054184072,40.81552682374575],[140.26781554682728,40.81566389122411],[140.26633371071478,40.81490507160237],[140.26616782147636,40.81470655323886],[140.26486954775558,40.814375189682046],[140.26347026861987,40.813976964314655],[140.26317712943091,40.813655884960546],[140.2630629379133,40.81346169840452],[140.262685513639,40.8134084015899],[140.2615386898607,40.81287730093122],[140.26108507180618,40.81277894400401],[140.25891664637535,40.812395069979964],[140.25725972081213,40.810724339195446],[140.25586988966734,40.808465033314974],[140.25483936822758,40.807158536966725],[140.25370811289812,40.805305831443974],[140.25560477617353,40.80507169411219],[140.25780274620323,40.80553374034379],[140.25833371640616,40.80613287793108],[140.2604189440222,40.80634693892458],[140.2621038845769,40.80635529690312],[140.26353691494438,40.806711571572734],[140.26673253947115,40.80581801686216],[140.27058492319634,40.805371256758164],[140.27341934900275,40.8052977826274],[140.27878842873469,40.805505514903444],[140.28188178673312,40.80571899017818],[140.28285613278052,40.805734112986244],[140.28652014631203,40.80542848526027],[140.28765359597242,40.805194766630024],[140.2879474815971,40.80469063701417],[140.28788081671743,40.79995462015428],[140.2979435724348,40.799176233977455],[140.2977398400744,40.79753025336832],[140.30341193537686,40.7967193618094],[140.30382872611113,40.79611907987154],[140.30540429693002,40.79587982611087],[140.30402402733938,40.80406560570725],[140.30580506867446,40.807784867922436],[140.3061573070411,40.809622155274184],[140.30435105518984,40.809817374437465],[140.30386849238738,40.81046983604028],[140.30226119151217,40.81053324106086],[140.30136142917763,40.81057553804972],[140.30019317550781,40.811255781945384],[140.2989705182445,40.812165053097694],[140.2985037636536,40.812951379115816],[140.29558361072742,40.81311076963495],[140.29440132409235,40.81298488774888],[140.2938587071901,40.81276699754734],[140.29357371989715,40.81278389054821],[140.29202787975757,40.81318417329193],[140.29061073662444,40.8134596628263],[140.28876653329544,40.81355315429904],[140.2867852144834,40.81327933947034],[140.28648349759615,40.813574960543725],[140.2859783728911,40.813836268437086],[140.2852776084053,40.81423947189303],[140.28517624109284,40.81426326584384],[140.28477977383383,40.814243164216805],[140.2816993743498,40.81468913966682],[140.28089577773324,40.81508647786387]]]},"properties":{"KEY_CODE":"02209002005","PREF":"02","CITY":"209","CITY_NAME":"つがる市","S_NAME":"木造越水","SETAI":"61"}},{"type":"Feature","geometry":{"type":"Polygon","coordinates":[[[140.28788081671743,40.79995462015428],[140.2879474815971,40.80469063701417],[140.28765359597242,40.805194766630024],[140.28652014631203,40.80542848526027],[140.28285613278052,40.80573411298623],[140.28188178673312,40.80571899017818],[140.27878842873469,40.805505514903444],[140.27341934900275,40.8052977826274],[140.27058492319634,40.805371256758164],[140.26673253947115,40.80581801686214],[140.26353691494438,40.806711571572734],[140.2621038845769,40.80635529690312],[140.2604189440222,40.80634693892458],[140.25833371640616,40.80613287793108],[140.25780274620323,40.80553374034379],[140.25560477617353,40.80507169411219],[140.25370811289812,40.805305831443974],[140.25198172327947,40.80320956579303],[140.25177195437567,40.80266189955429],[140.25085931574083,40.80185662102478],[140.24988683063916,40.80043779112068],[140.25230753432356,40.80043501715221],[140.2568331753075,40.80032698808617],[140.25842009220247,40.799961369478844],[140.2616539967229,40.799861286440354],[140.26676291481056,40.80018531408983],[140.27033889225254,40.80025890753932],[140.27080538332405,40.80013918292868],[140.27130328061114,40.800105023943644],[140.27157121105463,40.800057502045945],[140.27215806240451,40.79782891912435],[140.27392868975343,40.7973473828307],[140.27427210192164,40.79686399160214],[140.27708220812133,40.79784237561429],[140.28053755735965,40.79838741186752],[140.28311170253818,40.7982675571342],[140.28788081671743,40.79995462015428]]]},"properties":{"KEY_CODE":"02209002006","PREF":"02","CITY":"209","CITY_NAME":"つがる市","S_NAME":"木造莇岡","SETAI":"21"}},{"type":"Feature","geometry":{"type":"Polygon","coordinates":[[[140.30382872611113,40.79611907987154],[140.30341193537686,40.7967193618094],[140.2977398400744,40.79753025336832],[140.2979435724348,40.799176233977455],[140.28788081671743,40.79995462015428],[140.28311170253818,40.7982675571342],[140.28053755735965,40.79838741186752],[140.27708220812133,40.79784237561429],[140.27427210192158,40.79686399160214],[140.2745489359986,40.796740726226815],[140.27463932614074,40.79519383503232],[140.27349532411907,40.7941768908587],[140.27495909390024,40.7925817601985],[140.2757518183073,40.791351915343334],[140.27726352565602,40.790739272087336],[140.2791009030396,40.789498600714154],[140.28100254812853,40.78752443601115],[140.28411073849082,40.785813571613865],[140.28522648691415,40.78486571871974],[140.28596895994252,40.78354255165381],[140.2875507108426,40.78171971961407],[140.28740867942307,40.78053532797063],[140.28831256034564,40.77847575588524],[140.2891007765656,40.77717318550828],[140.28993001068386,40.77726511306589],[140.28954028575572,40.77849653517714],[140.290564596485,40.778457593969705],[140.29195006606756,40.77928631602571],[140.2924145225039,40.7801892998554],[140.29200637242303,40.78157374006972],[140.29144507952563,40.78268186238479],[140.2922840815362,40.78279949787856],[140.29207184692785,40.78414109283662],[140.29313850602557,40.78554988958178],[140.29378943312966,40.785641234699],[140.29310154473805,40.786165778237596],[140.29509567630228,40.787486291352565],[140.29582760017067,40.78816155367463],[140.2955279705709,40.78863092644261],[140.29737793038714,40.78953223254356],[140.29880745940727,40.79079967756742],[140.29977729767043,40.79073035592066],[140.3019422376472,40.79012702067339],[140.30260929815248,40.790268622003595],[140.30185146401746,40.79082040593388],[140.30303241763932,40.7957606137039],[140.30400431964023,40.79562632301243],[140.30382872611113,40.79611907987154]]]},"properties":{"KEY_CODE":"02209002007","PREF":"02","CITY":"209","CITY_NAME":"つがる市","S_NAME":"木造広岡","SETAI":"89"}},{"type":"Feature","geometry":{"type":"Polygon","coordinates":[[[140.3202461041448,40.794300203747],[140.31762552032907,40.797944328736286],[140.31946694615016,40.800555260082454],[140.31646654528146,40.80132729780373],[140.3169464315076,40.802757556820765],[140.3178032130214,40.80461113544455],[140.3175169049422,40.80485287340755],[140.31729909619668,40.80543255926406],[140.3172166865468,40.806319958421426],[140.31310158654995,40.80693663788806],[140.30879996542146,40.807436092927105],[140.30580506867446,40.807784867922436],[140.30402402733938,40.80406560570725],[140.30540429693002,40.79587982611087],[140.30382872611113,40.79611907987154],[140.30400431964023,40.79562632301243],[140.30683285095412,40.795239896925146],[140.30730725397166,40.79714108704221],[140.30862640776832,40.7970641328593],[140.30851244807047,40.797993956790776],[140.3093818598214,40.7978979234865],[140.3083261959129,40.795911855485386],[140.30831400388016,40.7941412428555],[140.3100169891374,40.79200465871654],[140.31001084350765,40.790821276992475],[140.31103862695386,40.79001089672786],[140.31234969296943,40.78978899330458],[140.3128512606584,40.78897889934224],[140.3135028428676,40.78899351045006],[140.3150635025788,40.78974350104764],[140.31583120495037,40.79159496582337],[140.31639129797472,40.79179559996337],[140.31768798858263,40.79398396457878],[140.3202461041448,40.794300203747]]]},"properties":{"KEY_CODE":"02209002008","PREF":"02","CITY":"209","CITY_NAME":"つがる市","S_NAME":"木造三ツ館","SETAI":"77"}},{"type":"Feature","geometry":{"type":"Polygon","coordinates":[[[140.32852995946013,40.806280386684676],[140.32272738715415,40.805106758224056],[140.3172166865468,40.806319958421426],[140.31729909619668,40.80543255926406],[140.3175169049422,40.80485287340755],[140.3178032130214,40.80461113544455],[140.3169464315076,40.802757556820765],[140.31646654528146,40.80132729780373],[140.31946694615016,40.80055526008244],[140.31762552032907,40.79794432873631],[140.3202461041448,40.79430020374702],[140.3208859808798,40.794773451945616],[140.32160455064644,40.79379155606773],[140.3221400200724,40.79302836005249],[140.32161110003887,40.79269526976571],[140.32210451507564,40.792103561942376],[140.3226411766772,40.79141776064716],[140.3230026501321,40.791123853941365],[140.3233980899453,40.79074559441297],[140.32351057781065,40.79019202224777],[140.324111533719,40.79019375426689],[140.32525078491673,40.79055526671654],[140.3280310569828,40.791163655763604],[140.32844965524401,40.79427825209887],[140.32886261757488,40.795200963901856],[140.32885271081335,40.79571607772815],[140.32975585094562,40.79608017263334],[140.32977618540247,40.79656354890423],[140.32990313561334,40.7968308268969],[140.33123367456787,40.79700075147828],[140.33124760156537,40.80073468737443],[140.3310070538078,40.80121003496768],[140.32909460152075,40.80500403616832],[140.32852995946013,40.806280386684676]]]},"properties":{"KEY_CODE":"02209002009","PREF":"02","CITY":"209","CITY_NAME":"つがる市","S_NAME":"木造下福原","SETAI":"40"}},{"type":"Feature","geometry":{"type":"Polygon","coordinates":[[[140.32451039693376,40.81966123528513],[140.32103246354623,40.82077474392785],[140.3161975289343,40.811300060685944],[140.31809025324975,40.80961782966125],[140.3172166865468,40.806319958421426],[140.32272738715415,40.805106758224056],[140.32852995946013,40.806280386684676],[140.32848504047817,40.80666771773306],[140.32879771934,40.808164455536826],[140.32984321231504,40.8122079400905],[140.33108904859156,40.81688375046789],[140.33125062547808,40.81749733483184],[140.32451039693376,40.81966123528513]]]},"properties":{"KEY_CODE":"02209002010","PREF":"02","CITY":"209","CITY_NAME":"つがる市","S_NAME":"木造下福原吉見","SETAI":"39"}},{"type":"Feature","geometry":{"type":"Polygon","coordinates":[[[140.33583725655865,40.835286639805325],[140.32974152559305,40.833823872650115],[140.3288984501495,40.83305576534152],[140.3276824548,40.830851793700056],[140.32632287630392,40.82960593133028],[140.32580745368628,40.82814390376877],[140.32607634957273,40.82740513978667],[140.32658534171475,40.82624754031745],[140.32451039693376,40.81966123528513],[140.33125062547808,40.81749733483184],[140.33144354272866,40.817434217420924],[140.33332762168322,40.81684680860889],[140.33403101657095,40.81973161939542],[140.33506351031286,40.82143949874228],[140.33633361917353,40.82200825576251],[140.3363351707195,40.82245348152331],[140.3372501280381,40.82288406380644],[140.33789611759437,40.82270503685644],[140.33827082973158,40.823869718530695],[140.3382366625606,40.8246434297404],[140.33899025672906,40.82449405654156],[140.33993868183072,40.828493905056554],[140.3405264373931,40.83048238194607],[140.3389156970691,40.831125381574346],[140.33841161822133,40.83164315885237],[140.33583725655865,40.835286639805325]]]},"properties":{"KEY_CODE":"02209003001","PREF":"02","CITY":"209","CITY_NAME":"つがる市","S_NAME":"木造遠山","SETAI":"29"}},{"type":"Feature","geometry":{"type":"Polygon","coordinates":[[[140.34538805236699,40.82643197195875],[140.34330860904666,40.82880305876253],[140.3421254173609,40.82977810250766],[140.3405264373931,40.83048238194607],[140.33993868183072,40.828493905056554],[140.33899025672906,40.82449405654156],[140.3382366625606,40.8246434297404],[140.33827082973158,40.823869718530695],[140.33789611759437,40.82270503685644],[140.3372501280381,40.82288406380644],[140.3363351707195,40.82245348152331],[140.33633361917353,40.82200825576251],[140.33506351031286,40.82143949874228],[140.33403101657095,40.81973161939542],[140.33332762168322,40.81684680860889],[140.34381522938546,40.81350567235345],[140.34574246138686,40.820836906402235],[140.34415717610875,40.821084188897046],[140.34475526755355,40.823847256707275],[140.34538805236699,40.82643197195875]]]},"properties":{"KEY_CODE":"02209003002","PREF":"02","CITY":"209","CITY_NAME":"つがる市","S_NAME":"木造千代田","SETAI":"56"}},{"type":"Feature","geometry":{"type":"Polygon","coordinates":[[[140.34441516201048,40.80525942565996],[140.34606520952713,40.81204873362642],[140.34381522938546,40.81350567235345],[140.33332762168322,40.81684680860889],[140.33144354272866,40.817434217420924],[140.33108904859156,40.81688375046789],[140.32984321231504,40.8122079400905],[140.32879771934,40.808164455536826],[140.33496960736,40.80715633569217],[140.33419373452503,40.803950037913914],[140.33520482400374,40.80259714063163],[140.33647286728763,40.803226811880215],[140.34040521419038,40.79866161163881],[140.34148221022235,40.799187200648035],[140.34469015968756,40.80073186940588],[140.34326826499023,40.80232339341023],[140.3427953108489,40.8030882852827],[140.34284014684576,40.803438434452005],[140.34291515998527,40.80382740787533],[140.3426289849202,40.8040578101207],[140.3430109601577,40.80462039306551],[140.34331388007408,40.805800379765216],[140.34441516201048,40.80525942565996]]]},"properties":{"KEY_CODE":"02209003003","PREF":"02","CITY":"209","CITY_NAME":"つがる市","S_NAME":"木造菊川","SETAI":"63"}},{"type":"Feature","geometry":{"type":"Polygon","coordinates":[[[140.3512624295949,40.80649910797949],[140.35303230548294,40.808184245812896],[140.34606520952713,40.81204873362642],[140.34441516201048,40.80525942565996],[140.34331388007408,40.8058003797652],[140.3430109601577,40.80462039306551],[140.3426289849202,40.8040578101207],[140.34291515998527,40.80382740787533],[140.34284014684576,40.803438434452005],[140.3427953108489,40.8030882852827],[140.34326826499023,40.80232339341023],[140.34469015968756,40.80073186940588],[140.34706798949145,40.80193053658037],[140.34786710917265,40.803244743420436],[140.3512624295949,40.80649910797949]]]},"properties":{"KEY_CODE":"02209003004","PREF":"02","CITY":"209","CITY_NAME":"つがる市","S_NAME":"木造平野","SETAI":"18"}},{"type":"Feature","geometry":{"type":"Polygon","coordinates":[[[140.34040521419038,40.79866161163881],[140.33647286728763,40.803226811880215],[140.33520482400374,40.80259714063163],[140.33419373452503,40.803950037913914],[140.33496960736,40.80715633569217],[140.32879771934,40.808164455536826],[140.32848504047817,40.80666771773306],[140.32909460152075,40.80500403616832],[140.3310070538078,40.80121003496768],[140.33124760156537,40.80073468737443],[140.33123367456787,40.79700075147828],[140.32990313561334,40.7968308268969],[140.32977618540247,40.79656354890423],[140.32975585094562,40.796080172633374],[140.32885271081335,40.79571607772815],[140.32886261757488,40.795200963901856],[140.32844965524401,40.79427825209887],[140.3280310569828,40.791163655763604],[140.33121597543297,40.789713093846615],[140.33053393925414,40.788824045894614],[140.33433292682366,40.78705467146859],[140.33493067711336,40.78683069982702],[140.33599251081515,40.78809981505277],[140.33702702008736,40.78760472396688],[140.34047053102378,40.791721028001156],[140.34093426771983,40.79205586621731],[140.34169933221327,40.7921645869673],[140.34366640221998,40.79475083494024],[140.34040521419038,40.79866161163881]]]},"properties":{"KEY_CODE":"02209003005","PREF":"02","CITY":"209","CITY_NAME":"つがる市","S_NAME":"木造福原","SETAI":"88"}},{"type":"Feature","geometry":{"type":"Polygon","coordinates":[[[140.34253064561287,40.79968979094447],[140.34148221022235,40.799187200648035],[140.34040521419038,40.79866161163881],[140.34366640221998,40.794750834940224],[140.34169933221327,40.7921645869673],[140.34093426771983,40.79205586621731],[140.34295524972552,40.78900284894332],[140.34564396427436,40.788698814131465],[140.34579543838967,40.791556033145476],[140.34606367760134,40.79308821240962],[140.34667513107192,40.7932671753001],[140.34695632950766,40.79330523139849],[140.34668871523544,40.79363365487999],[140.34692104494616,40.79427587249667],[140.346787957041,40.79453169442908],[140.35271038390928,40.79475730413601],[140.34494290452798,40.796849386312275],[140.34253064561287,40.79968979094447]]]},"properties":{"KEY_CODE":"02209003006","PREF":"02","CITY":"209","CITY_NAME":"つがる市","S_NAME":"木造十文字","SETAI":"15"}},{"type":"Feature","geometry":{"type":"Polygon","coordinates":[[[140.3583272974716,40.801103946250905],[140.35642898270774,40.80297669271705],[140.3554386684319,40.802383836725156],[140.3512624295949,40.80649910797949],[140.34786710917265,40.803244743420436],[140.34706798949145,40.80193053658037],[140.34469015968756,40.80073186940588],[140.34253064561287,40.79968979094447],[140.34494290452798,40.796849386312275],[140.35271038390928,40.79475730413601],[140.35345582551668,40.794904506939545],[140.35628981214427,40.796612471521485],[140.35943426989292,40.798414933938155],[140.3602783132153,40.79889866497979],[140.36044330885824,40.79899531220287],[140.3583272974716,40.801103946250905]]]},"properties":{"KEY_CODE":"02209003007","PREF":"02","CITY":"209","CITY_NAME":"つがる市","S_NAME":"木造近野","SETAI":"59"}},{"type":"Feature","geometry":{"type":"Polygon","coordinates":[[[140.36383523748128,40.80232662256995],[140.36165230304854,40.8062501214745],[140.3601704012522,40.807556422638015],[140.35968643723282,40.80786527276034],[140.36066423005178,40.809074652650786],[140.3597939935603,40.810003526245275],[140.35789226476405,40.81216115568201],[140.3580657878514,40.813329239560765],[140.35659138380097,40.813551110664946],[140.35797103312558,40.818678182036884],[140.3559871929191,40.81926295817593],[140.35539390507665,40.81937497244923],[140.35563471236784,40.82022792551034],[140.3488557054752,40.82275157027981],[140.3473019701193,40.82315120316673],[140.34704710042263,40.82444083237941],[140.3463515130614,40.825484671904995],[140.3453880523669,40.82643197195875],[140.34475526755355,40.823847256707275],[140.34415717610875,40.821084188897046],[140.34574246138686,40.820836906402235],[140.34381522938546,40.81350567235345],[140.34606520952713,40.81204873362642],[140.35303230548294,40.808184245812896],[140.3512624295949,40.80649910797949],[140.3554386684319,40.802383836725156],[140.35642898270774,40.80297669271705],[140.3583272974716,40.801103946250905],[140.36044330885824,40.79899531220285],[140.36430156733485,40.80124853352274],[140.36404679465718,40.801838992498325],[140.36383523748128,40.80232662256995]]]},"properties":{"KEY_CODE":"02209003008","PREF":"02","CITY":"209","CITY_NAME":"つがる市","S_NAME":"木造柴田","SETAI":"81"}},{"type":"Feature","geometry":{"type":"Polygon","coordinates":[[[140.3629303934049,40.80921127345085],[140.3621714716554,40.8089726848093],[140.36066423005178,40.809074652650786],[140.35968643723282,40.80786527276034],[140.3601704012522,40.807556422638015],[140.36165230304854,40.80625012147447],[140.36383523748128,40.80232662256995],[140.36404679465718,40.801838992498325],[140.36474476133353,40.800828051911225],[140.3668898737377,40.80210776976697],[140.36787823031,40.80269728388252],[140.36547228480572,40.80505667874796],[140.36643341400617,40.80561787923729],[140.3629303934049,40.80921127345085]]]},"properties":{"KEY_CODE":"02209003009","PREF":"02","CITY":"209","CITY_NAME":"つがる市","S_NAME":"木造里見","SETAI":"18"}},{"type":"Feature","geometry":{"type":"Polygon","coordinates":[[[140.35874930294327,40.81826614109098],[140.35797103312558,40.818678182036884],[140.35659138380097,40.81355111066495],[140.3580657878514,40.813329239560765],[140.35789226476405,40.81216115568201],[140.3597939935603,40.810003526245275],[140.36066423005178,40.809074652650786],[140.3621714716554,40.8089726848093],[140.3629303934049,40.80921127345085],[140.3653088054792,40.81026660912026],[140.36529111442587,40.81135236007081],[140.3647967836581,40.81184510456911],[140.36342765503656,40.812353629521134],[140.36231656751238,40.81387781621067],[140.36022372829797,40.817485607206855],[140.35874930294327,40.81826614109098]]]},"properties":{"KEY_CODE":"02209003010","PREF":"02","CITY":"209","CITY_NAME":"つがる市","S_NAME":"木造町居田","SETAI":"21"}},{"type":"Feature","geometry":{"type":"Polygon","coordinates":[[[140.36743586339816,40.815099269285376],[140.36319627516335,40.817426004606006],[140.36222044295204,40.81694675768262],[140.35874930294327,40.81826614109098],[140.36022372829797,40.817485607206855],[140.36231656751238,40.81387781621067],[140.36342765503656,40.812353629521134],[140.3647967836581,40.81184510456911],[140.36529111442587,40.81135236007081],[140.3653088054792,40.81026660912026],[140.3661123320338,40.81030758079422],[140.36934813945547,40.811822569471104],[140.36706956972523,40.81430739616344],[140.36743586339816,40.815099269285376]]]},"properties":{"KEY_CODE":"02209003011","PREF":"02","CITY":"209","CITY_NAME":"つがる市","S_NAME":"木造中館","SETAI":"35"}},{"type":"Feature","geometry":{"type":"Polygon","coordinates":[[[140.36525119086804,40.82645912865204],[140.362492743786,40.825865204365556],[140.35884005928284,40.825790995634826],[140.36649158660452,40.816792462829476],[140.36758242819798,40.81541611706249],[140.3700602363265,40.820771689259615],[140.3665768840915,40.824870144141386],[140.36525119086804,40.82645912865204]]]},"properties":{"KEY_CODE":"02209003012","PREF":"02","CITY":"209","CITY_NAME":"つがる市","S_NAME":"木造濁川","SETAI":"15"}},{"type":"Feature","geometry":{"type":"Polygon","coordinates":[[[140.35884005928284,40.825790995634826],[140.35853074271557,40.825355618624236],[140.3574425367511,40.82207988117074],[140.3566268093181,40.82102340793753],[140.35563471236784,40.82022792551034],[140.3553939050766,40.81937497244923],[140.3559871929191,40.81926295817593],[140.35797103312558,40.818678182036884],[140.35874930294327,40.81826614109098],[140.36222044295204,40.81694675768262],[140.36319627516335,40.817426004606006],[140.36743586339816,40.815099269285376],[140.36758242819798,40.81541611706249],[140.36649158660452,40.816792462829476],[140.35884005928284,40.825790995634826]]]},"properties":{"KEY_CODE":"02209003013","PREF":"02","CITY":"209","CITY_NAME":"つがる市","S_NAME":"木造中の林","SETAI":"12"}},{"type":"Feature","geometry":{"type":"Polygon","coordinates":[[[140.36934813945547,40.811822569471104],[140.3661123320338,40.81030758079422],[140.3653088054792,40.81026660912026],[140.3629303934049,40.80921127345085],[140.36643341400617,40.80561787923729],[140.36547228480572,40.80505667874796],[140.36787823031,40.80269728388252],[140.36819624393826,40.80238189043379],[140.36901082010147,40.80267835624589],[140.37023968160858,40.80258874420903],[140.37299817015014,40.804207178506374],[140.37309192539897,40.804260110141655],[140.37542065950612,40.805503516192935],[140.3721898796549,40.808850830117194],[140.36934813945547,40.811822569471104]]]},"properties":{"KEY_CODE":"02209003014","PREF":"02","CITY":"209","CITY_NAME":"つがる市","S_NAME":"木造桜井","SETAI":"26"}},{"type":"Feature","geometry":{"type":"Polygon","coordinates":[[[140.35499596924143,40.91539763390195],[140.35199796647166,40.916348816590784],[140.35082445275074,40.916829999638644],[140.34936373693003,40.915614035543335],[140.347820742408,40.915291366433344],[140.34520505242654,40.915241401591125],[140.34442004416061,40.915437810499526],[140.34230281003488,40.915427529031426],[140.33896611334524,40.915989741022095],[140.33658595163078,40.91565901706073],[140.3356359448876,40.91567777735925],[140.33211519848038,40.91624766606673],[140.33246233788284,40.91502504166304],[140.3347463025268,40.91442467867193],[140.33482365302137,40.91305179585321],[140.33639788376198,40.91321120896358],[140.3388455422381,40.91311995027174],[140.33961903647645,40.912780074030124],[140.339389785915,40.912054348502636],[140.34026982226212,40.91090104360898],[140.33933840328748,40.909943580569085],[140.34146985976614,40.90987342490333],[140.34275133840188,40.91002770072901],[140.34771935788163,40.90787175537937],[140.35193083776102,40.90586812501119],[140.35279754855773,40.90570760748859],[140.3607747901629,40.905684638614154],[140.36043121129808,40.90962116088919],[140.36062520629898,40.90975936147098],[140.36082981089072,40.915270571291515],[140.35796821536636,40.9151584790088],[140.35799165836053,40.91577137279827],[140.35561389180066,40.91520151133857],[140.35499596924143,40.91539763390195]]]},"properties":{"KEY_CODE":"02209004001","PREF":"02","CITY":"209","CITY_NAME":"つがる市","S_NAME":"木造平滝","SETAI":"46"}},{"type":"Feature","geometry":{"type":"Polygon","coordinates":[[[140.33211519848038,40.91624766606673],[140.328303925343,40.916863329632115],[140.3271771360205,40.91686774537017],[140.32436554133724,40.91651885022506],[140.3226220150456,40.917134715223185],[140.32137218228982,40.91726053149546],[140.31903131808713,40.91711336472491],[140.3161959207153,40.916419517245224],[140.31299967414927,40.91667077211184],[140.3067330303206,40.91733456213413],[140.30190202887204,40.916879045942736],[140.29986455014304,40.90966961050877],[140.29877497467518,40.90537252902015],[140.2974797088642,40.90187233309959],[140.29694058385448,40.899551722002904],[140.29663803080558,40.898947853967776],[140.29956369572557,40.89876158669816],[140.30118969168834,40.898268638352086],[140.30459457951937,40.898230159185594],[140.30880325203162,40.89782944705956],[140.30963312910956,40.897385322159714],[140.31377998685736,40.89717629932658],[140.31673244766483,40.89472125225209],[140.31756838995895,40.89417044769738],[140.31813051239746,40.89317848783573],[140.31728894533384,40.89120499232592],[140.31958383752084,40.889392613420384],[140.3207607497899,40.88913844930353],[140.32211917755754,40.888292485881784],[140.32469323740426,40.88759133265435],[140.32751492259172,40.88763838031931],[140.32916624888026,40.88861364321813],[140.33209868743333,40.888874665519715],[140.3357561098793,40.888722110191836],[140.33907176149805,40.88896647158565],[140.3402655248519,40.890374696030094],[140.35365218111764,40.89046354334096],[140.35351641876196,40.89207693627952],[140.35957267831566,40.89900028201413],[140.35872119770505,40.900394807343005],[140.36097697093214,40.90336795971363],[140.3607747901629,40.905684638614154],[140.35279754855773,40.90570760748859],[140.35193083776102,40.90586812501119],[140.34771935788163,40.90787175537937],[140.34275133840188,40.91002770072901],[140.34146985976614,40.90987342490333],[140.33933840328748,40.909943580569085],[140.34026982226212,40.91090104360898],[140.339389785915,40.912054348502636],[140.33961903647645,40.912780074030124],[140.3388455422381,40.91311995027174],[140.33639788376198,40.91321120896358],[140.33482365302137,40.91305179585321],[140.3347463025268,40.91442467867193],[140.33246233788284,40.91502504166304],[140.33211519848038,40.91624766606673]]]},"properties":{"KEY_CODE":"02209004002","PREF":"02","CITY":"209","CITY_NAME":"つがる市","S_NAME":"木造筒木坂","SETAI":"130"}},{"type":"Feature","geometry":{"type":"Polygon","coordinates":[[[140.35365218111764,40.89046354334096],[140.3402655248519,40.890374696030094],[140.33907176149805,40.88896647158565],[140.3357561098793,40.888722110191836],[140.33209868743333,40.888874665519715],[140.32916624888026,40.88861364321813],[140.32751492259172,40.88763838031931],[140.32469323740426,40.88759133265435],[140.32211917755754,40.888292485881784],[140.3207607497899,40.88913844930353],[140.31958383752084,40.889392613420384],[140.31728894533384,40.89120499232592],[140.31813051239746,40.89317848783573],[140.31756838995895,40.89417044769738],[140.31673244766483,40.89472125225209],[140.31377998685736,40.89717629932658],[140.30963312910956,40.897385322159714],[140.30880325203162,40.89782944705956],[140.30459457951937,40.898230159185594],[140.30118969168834,40.898268638352086],[140.29956369572557,40.89876158669816],[140.29663803080558,40.898947853967776],[140.2961877357032,40.897683211513375],[140.29557257089724,40.89509207003078],[140.2948835581954,40.89326796657033],[140.2939839167735,40.890205448339614],[140.29373876726618,40.88882461265134],[140.29329622242528,40.88808141353702],[140.29287549397236,40.88655390857052],[140.2912626024809,40.882358765004994],[140.29091038170662,40.8810287918202],[140.28975275241427,40.878504475773305],[140.28908329876117,40.87650395188714],[140.28844914295806,40.873965956472915],[140.2871409923517,40.87144904204289],[140.28680690611367,40.869077283274144],[140.28646557527304,40.86874788544585],[140.28574592885474,40.86696408361635],[140.2870900106906,40.8657607659282],[140.2908027642117,40.86601106243715],[140.29259721037064,40.865780480465205],[140.29447133532813,40.86638759881406],[140.29542881012472,40.866070188735506],[140.29444239803368,40.86436266404636],[140.29866426854167,40.86348241135661],[140.3024389153313,40.863956051248245],[140.30416347397477,40.8644764478965],[140.3049334674626,40.86495494423116],[140.30685877468176,40.86716352454246],[140.30855217733605,40.86631201734164],[140.30981275262545,40.86608480167864],[140.31228141283864,40.8665329372272],[140.31301236256857,40.86684755034555],[140.31515173665957,40.86661043756261],[140.3138823362749,40.86796489828822],[140.31382623276605,40.86975249516575],[140.31354256607082,40.87065710428542],[140.31397458493507,40.87167701269338],[140.31542886766343,40.87134155806809],[140.3168087487981,40.87141971878773],[140.32101805964786,40.874258318880024],[140.3221065189173,40.87453338405029],[140.32297246695276,40.876946245794144],[140.32405138706545,40.87831808762327],[140.32460957381838,40.879460798786],[140.3248145721878,40.8804621539671],[140.32843650362946,40.88125860632798],[140.33158122144766,40.88223262788165],[140.3342603726566,40.88222618849336],[140.3355208977956,40.88161174761123],[140.33711817336183,40.881680769081974],[140.33779515580508,40.88192901633049],[140.33879218015252,40.88150385386967],[140.33977385236082,40.88274822643808],[140.3396932238688,40.883427092629155],[140.35423006624856,40.883418057343526],[140.35365218111764,40.89046354334096]]]},"properties":{"KEY_CODE":"02209004003","PREF":"02","CITY":"209","CITY_NAME":"つがる市","S_NAME":"木造亀ケ岡","SETAI":"36"}},{"type":"Feature","geometry":{"type":"Polygon","coordinates":[[[140.35471630468857,40.87556018351268],[140.3556954428148,40.875784467274016],[140.35466943014117,40.87830936818755],[140.35423006624856,40.883418057343526],[140.3396932238688,40.883427092629155],[140.33977385236082,40.88274822643808],[140.33879218015252,40.88150385386967],[140.33779515580508,40.88192901633049],[140.33711817336183,40.881680769081974],[140.3355208977956,40.88161174761123],[140.3342603726566,40.88222618849336],[140.33158122144766,40.88223262788165],[140.32843650362946,40.88125860632798],[140.3248145721878,40.8804621539671],[140.32460957381838,40.879460798786],[140.32405138706545,40.87831808762327],[140.32297246695276,40.876946245794144],[140.3221065189173,40.87453338405029],[140.32101805964786,40.874258318880024],[140.3168087487981,40.87141971878773],[140.31542886766343,40.87134155806809],[140.31397458493507,40.87167701269338],[140.31354256607082,40.87065710428542],[140.31382623276605,40.86975249516575],[140.3138823362749,40.86796489828822],[140.31515173665957,40.86661043756261],[140.3160064893939,40.86635585624625],[140.3161922398026,40.86581516723053],[140.31727119279975,40.86486865336536],[140.31782375920125,40.86469635869246],[140.31794044029718,40.86407290112243],[140.32045275017688,40.865524108054124],[140.32271194664554,40.86627039038807],[140.32501274659728,40.866501743937874],[140.32632248768155,40.86702250898832],[140.32656977341327,40.86779968634274],[140.3271917025674,40.86800039650219],[140.32807508150955,40.868995789368284],[140.32871167177115,40.86883535049631],[140.32952344994644,40.867623997594876],[140.3290726619379,40.86721952362031],[140.32959601920388,40.86687003242697],[140.33138781804874,40.866819795411914],[140.33028889977365,40.867475016038355],[140.3296666130607,40.868908400726234],[140.32995039559245,40.8692832274613],[140.3321057307581,40.868546699957456],[140.33154019122748,40.86921156574319],[140.33072953412483,40.86943528545015],[140.3306047470265,40.86993764287906],[140.33158676794434,40.87063822514831],[140.33207456216994,40.870422526462235],[140.3333135128035,40.87064945321688],[140.33402915157342,40.871127524295495],[140.33239607267154,40.871033482039394],[140.33266255841548,40.87158573483753],[140.33419844932305,40.8714908698892],[140.33642259179697,40.87106174565094],[140.3366023051536,40.87327999019326],[140.34739668057432,40.87316393510743],[140.35008019293664,40.87417055704729],[140.35471630468857,40.87556018351268]]]},"properties":{"KEY_CODE":"02209004004","PREF":"02","CITY":"209","CITY_NAME":"つがる市","S_NAME":"木造館岡","SETAI":"143"}},{"type":"Feature","geometry":{"type":"Polygon","coordinates":[[[140.35095328739598,40.86720065426865],[140.34959726572046,40.86982312616945],[140.35078339343735,40.87043844068397],[140.34945811215206,40.87304288120645],[140.35192870029584,40.87377403620203],[140.3523356057082,40.8726434945453],[140.35575558914792,40.87365369539266],[140.35471630468857,40.87556018351268],[140.35008019293664,40.87417055704729],[140.34739668057432,40.87316393510743],[140.3366023051536,40.87327999019326],[140.33642259179697,40.87106174565094],[140.33419844932305,40.8714908698892],[140.33266255841548,40.87158573483753],[140.33239607267154,40.871033482039394],[140.33402915157342,40.871127524295495],[140.3333135128035,40.87064945321688],[140.33207456216994,40.870422526462235],[140.33158676794434,40.87063822514831],[140.3306047470265,40.86993764287906],[140.33072953412483,40.86943528545015],[140.33154019122748,40.86921156574319],[140.3321057307581,40.868546699957456],[140.32995039559245,40.8692832274613],[140.3296666130607,40.868908400726234],[140.33028889977365,40.867475016038355],[140.33138781804874,40.866819795411914],[140.32959601920388,40.86687003242697],[140.3290726619379,40.86721952362031],[140.32952344994644,40.867623997594876],[140.32871167177115,40.86883535049631],[140.32807508150955,40.868995789368284],[140.3271917025674,40.86800039650219],[140.32656977341327,40.86779968634274],[140.32632248768155,40.86702250898832],[140.32501274659728,40.866501743937874],[140.32271194664554,40.86627039038807],[140.32045275017688,40.865524108054124],[140.31794044029718,40.86407290112243],[140.3183783117197,40.8634213241125],[140.31929113758915,40.861091915799896],[140.3196511843748,40.86065041266047],[140.32195888833198,40.861170227748616],[140.32301278789714,40.86241546844871],[140.32624181365676,40.86582899528352],[140.3269381763034,40.86573271133108],[140.32904775937027,40.86485286364558],[140.33100814351923,40.864364066933106],[140.33623495870143,40.86411245764106],[140.3371934860999,40.8642741833051],[140.33839694221777,40.86174928655024],[140.34330358734871,40.86193613802561],[140.34357023136045,40.864295466596865],[140.34411707599116,40.865605003934824],[140.3452423876243,40.8670538336806],[140.34644996225833,40.86784228610349],[140.3471144658861,40.86923279764835],[140.34909545039505,40.868190441536626],[140.35095328739598,40.86720065426865]]]},"properties":{"KEY_CODE":"02209004005","PREF":"02","CITY":"209","CITY_NAME":"つがる市","S_NAME":"木造大湯町","SETAI":"55"}},{"type":"Feature","geometry":{"type":"Polygon","coordinates":[[[140.31515173665957,40.86661043756261],[140.31301236256857,40.86684755034555],[140.31228141283864,40.8665329372272],[140.30981275262545,40.86608480167864],[140.3095721509737,40.863136929831185],[140.30914079337904,40.859721980909164],[140.3083895199105,40.85516465734066],[140.30684309296484,40.84477998152309],[140.3066651411756,40.8411335001266],[140.30751003146077,40.84139323142251],[140.30781771056348,40.84187980932821],[140.30713774191665,40.842057605045454],[140.30845344303665,40.8427378815124],[140.31178262412053,40.84399848790245],[140.31253108807138,40.844582450980226],[140.31344687409236,40.84576125912527],[140.31471045634677,40.84682686697995],[140.31650719813106,40.84707399619121],[140.31949318375837,40.84669459058407],[140.32186369175952,40.84591332058903],[140.3248817749833,40.8455363149343],[140.32648158992498,40.845973369190325],[140.32950014319943,40.84543301612695],[140.32948743634734,40.84703448558543],[140.32978946082505,40.84782780776959],[140.33105321281306,40.849169874421825],[140.33177436936612,40.849466818028205],[140.33359115731224,40.849474695691285],[140.334036168936,40.84845469439339],[140.33372368032693,40.8469427888373],[140.3314680796293,40.84299542918801],[140.33592450265093,40.8422343930897],[140.33639893121904,40.842172482008536],[140.33663774267762,40.838716673784624],[140.34394107831486,40.838344165679096],[140.34641502397227,40.8383776365703],[140.34675122219673,40.84149318322318],[140.34675286290215,40.844252157429224],[140.34611820707067,40.84923044427633],[140.3457622632915,40.85030279344262],[140.34508203926376,40.8510929047531],[140.34355533525647,40.85159856010076],[140.34255574144717,40.852254609941944],[140.34185233128227,40.85349220998206],[140.34168621533934,40.85475756222878],[140.34192671938916,40.855548828636365],[140.3430489812249,40.85684168785985],[140.34384054762447,40.85867881547709],[140.34395033253395,40.860025759061934],[140.3432881940667,40.861294988259814],[140.34330358734871,40.86193613802561],[140.33839694221777,40.86174928655024],[140.3371934860999,40.8642741833051],[140.33623495870143,40.86411245764106],[140.33100814351923,40.864364066933106],[140.32904775937027,40.86485286364558],[140.3269381763034,40.86573271133108],[140.32624181365676,40.86582899528352],[140.32301278789714,40.86241546844871],[140.32195888833198,40.861170227748616],[140.3196511843748,40.86065041266047],[140.31929113758915,40.861091915799896],[140.3183783117197,40.8634213241125],[140.31794044029718,40.86407290112243],[140.31782375920125,40.86469635869246],[140.31727119279975,40.86486865336536],[140.3161922398026,40.86581516723053],[140.3160064893939,40.86635585624625],[140.31515173665957,40.86661043756261]]]},"properties":{"KEY_CODE":"02209004006","PREF":"02","CITY":"209","CITY_NAME":"つがる市","S_NAME":"木造菰槌","SETAI":"182"}},{"type":"Feature","geometry":{"type":"Polygon","coordinates":[[[140.30981275262545,40.86608480167864],[140.30855217733605,40.86631201734164],[140.30685877468176,40.86716352454246],[140.3049334674626,40.86495494423116],[140.30416347397477,40.8644764478965],[140.3024389153313,40.863956051248245],[140.29866426854167,40.86348241135661],[140.29444239803368,40.86436266404636],[140.29542881012472,40.866070188735506],[140.29447133532813,40.86638759881406],[140.29259721037064,40.865780480465205],[140.2908027642117,40.86601106243715],[140.2870900106906,40.8657607659282],[140.28574592885474,40.86696408361635],[140.28427752364226,40.8629065089199],[140.2829440667822,40.85976895318872],[140.28260808653854,40.85836883761869],[140.28081758457063,40.85515344308265],[140.28053244765843,40.85406601011204],[140.27937887613385,40.85179497802108],[140.2788562002528,40.851464754880034],[140.27786274692332,40.85019892995889],[140.27725128764067,40.84851857232912],[140.277377105182,40.847181368027506],[140.27650126125968,40.845328694910904],[140.27527497786969,40.84425012816585],[140.27516796885342,40.84270993040797],[140.27474635516128,40.842015229964645],[140.27377557539046,40.83891407219005],[140.2726463135454,40.83726598375835],[140.27159212438306,40.834733870185204],[140.27117720708378,40.83415640287934],[140.27005421484546,40.83150144031815],[140.27173532981578,40.83094037192046],[140.2740547600727,40.83078395601078],[140.27424175792788,40.83042153827785],[140.27544098875714,40.830349165915976],[140.27815208660692,40.83046409284688],[140.2827889241542,40.830893564430546],[140.28361401397885,40.831216208049895],[140.28574928404996,40.83205112256509],[140.28671221908445,40.83283895665385],[140.28710206018923,40.83522913619499],[140.29076770797542,40.835926444999],[140.29150990104384,40.83570463525088],[140.29668986189714,40.83546780676836],[140.3024737137896,40.836156643828026],[140.3026814416064,40.8383824902613],[140.30343333870073,40.83945029649338],[140.30518492687764,40.840732330272466],[140.3066651411756,40.8411335001266],[140.30684309296484,40.84477998152309],[140.3083895199105,40.85516465734066],[140.30914079337904,40.859721980909164],[140.3095721509737,40.863136929831185],[140.30981275262545,40.86608480167864]]]},"properties":{"KEY_CODE":"022090050","PREF":"02","CITY":"209","CITY_NAME":"つがる市","S_NAME":"木造出来島","SETAI":"132"}},{"type":"Feature","geometry":{"type":"Polygon","coordinates":[[[140.35189486753052,40.86544174387512],[140.35095328739598,40.86720065426861],[140.34909545039505,40.868190441536626],[140.34819160468479,40.86673884941632],[140.350281268076,40.86339444838083],[140.3511762224409,40.86179245082499],[140.35267020777817,40.85906421652626],[140.354203679714,40.8560149457993],[140.35550699029605,40.85382424298536],[140.36465509786532,40.852215633707],[140.364653822399,40.86175634040415],[140.3616510007381,40.86085042924063],[140.35878367292975,40.86005159259653],[140.35820546662373,40.86117540783635],[140.35701387280054,40.86075447417433],[140.35607761663496,40.862587119052534],[140.35463066641861,40.86540698689787],[140.35354216206986,40.86505764390344],[140.3529458183515,40.86576779961461],[140.35189486753052,40.86544174387512]]]},"properties":{"KEY_CODE":"02209006001","PREF":"02","CITY":"209","CITY_NAME":"つがる市","S_NAME":"木造石館","SETAI":"35"}},{"type":"Feature","geometry":{"type":"Polygon","coordinates":[[[140.36465509786532,40.852215633707],[140.35550699029605,40.85382424298536],[140.35837367200418,40.84701930365618],[140.36092532628277,40.84754514134874],[140.3639936910057,40.84846498122817],[140.36465509786532,40.852215633707]]]},"properties":{"KEY_CODE":"02209006002","PREF":"02","CITY":"209","CITY_NAME":"つがる市","S_NAME":"木造堅固","SETAI":"13"}},{"type":"Feature","geometry":{"type":"Polygon","coordinates":[[[140.36486497406335,40.86950623901176],[140.36460428096944,40.86985239050619],[140.36367584362574,40.870706538671655],[140.3626312624348,40.87097532842343],[140.36429006323718,40.867883300463745],[140.3630311391744,40.8675061214023],[140.36347756036992,40.86666696723761],[140.3641223820609,40.86541499132586],[140.3629309392185,40.86508163903183],[140.364653822399,40.86175634040415],[140.36465509786532,40.852215633707],[140.3639936910057,40.84846498122817],[140.3681376475707,40.85011621690857],[140.3703080511214,40.85132579422527],[140.37410861212206,40.85440311728466],[140.3755420725493,40.85531880960322],[140.37456196249454,40.856559807052484],[140.37311661217635,40.8566851933491],[140.37126960861698,40.86116170319929],[140.3710411901567,40.862641457539034],[140.370344143601,40.86346317955714],[140.37011802214857,40.8636496323146],[140.3668391240907,40.86730476131293],[140.36526979411067,40.869026785362074],[140.36513694152384,40.86918412583303],[140.36486497406335,40.86950623901176]]]},"properties":{"KEY_CODE":"02209006003","PREF":"02","CITY":"209","CITY_NAME":"つがる市","S_NAME":"木造善積","SETAI":"39"}},{"type":"Feature","geometry":{"type":"Polygon","coordinates":[[[140.3790695077192,40.86416151306176],[140.37827182858263,40.865013629084025],[140.37784421606068,40.864879456261214],[140.37691956271337,40.86547221696539],[140.37567296954714,40.86498827910119],[140.370344143601,40.86346317955714],[140.3710411901567,40.862641457539034],[140.37126960861698,40.86116170319929],[140.37311661217635,40.8566851933491],[140.37456196249454,40.856559807052484],[140.38540135016868,40.85561861373589],[140.38727391169488,40.85133724515414],[140.3911452852927,40.85348528640616],[140.38767344997976,40.86138931485617],[140.38730437607447,40.862511706674304],[140.38021053873499,40.862918429720665],[140.37925509585347,40.86396320316255],[140.3790695077192,40.86416151306176]]]},"properties":{"KEY_CODE":"02209006004","PREF":"02","CITY":"209","CITY_NAME":"つがる市","S_NAME":"木造出崎","SETAI":"28"}},{"type":"Feature","geometry":{"type":"Polygon","coordinates":[[[140.37456196249454,40.856559807052484],[140.3755420725493,40.85531880960322],[140.37410861212206,40.85440311728466],[140.38330030569824,40.85187166651271],[140.3864943431652,40.85092377127364],[140.38727391169488,40.85133724515414],[140.38540135016868,40.85561861373589],[140.37456196249454,40.856559807052484]]]},"properties":{"KEY_CODE":"02209006005","PREF":"02","CITY":"209","CITY_NAME":"つがる市","S_NAME":"木造夕日岡","SETAI":"12"}},{"type":"Feature","geometry":{"type":"Polygon","coordinates":[[[140.39738354102147,40.86870975910851],[140.39617820233966,40.86877703221765],[140.39381660875978,40.86893036975944],[140.3937073921756,40.86803085489628],[140.3930266654958,40.86898983261127],[140.38710633026673,40.86936353429077],[140.3857485148698,40.86946444114484],[140.3860864704742,40.867520795387904],[140.38632539817317,40.86684425130329],[140.38647654974127,40.866382801141036],[140.38663393908502,40.86560603218814],[140.38708681865418,40.865520401056266],[140.38742911517906,40.86475996697356],[140.38670467925067,40.86486959497662],[140.3874917727502,40.86351298404349],[140.3871108536253,40.86353149092921],[140.38730437607447,40.862511706674304],[140.38767344997976,40.86138931485617],[140.40028043390663,40.86069772469462],[140.40051977272398,40.86140064917861],[140.40062064316334,40.86237097771571],[140.40056873717165,40.86275043200841],[140.40018388592827,40.86404434181876],[140.3999592363523,40.86478612127753],[140.39966418373194,40.86579253290732],[140.3996429315743,40.86636636002642],[140.39636640403248,40.86704512134548],[140.39738354102147,40.86870975910851]]]},"properties":{"KEY_CODE":"02209006006","PREF":"02","CITY":"209","CITY_NAME":"つがる市","S_NAME":"木造出野里芦部岡","SETAI":"20"}},{"type":"Feature","geometry":{"type":"Polygon","coordinates":[[[140.39991629904117,40.85310477878312],[140.3996619729048,40.85419042490884],[140.39952049632913,40.85494919298808],[140.39945283041232,40.85521594493547],[140.3992719683901,40.856785292323586],[140.39919762562573,40.85769931047939],[140.39952360518083,40.859110640910885],[140.3996834827853,40.85945543136918],[140.39996528075642,40.860061422780824],[140.400084291545,40.8603497731081],[140.40028043390663,40.86069772469458],[140.38767344997976,40.86138931485617],[140.3911452852927,40.85348528640616],[140.39991629904117,40.85310477878312]]]},"properties":{"KEY_CODE":"02209006007","PREF":"02","CITY":"209","CITY_NAME":"つがる市","S_NAME":"木造出野里","SETAI":"37"}},{"type":"Feature","geometry":{"type":"Polygon","coordinates":[[[140.39991629904117,40.85310477878312],[140.3911452852927,40.85348528640616],[140.39568662377593,40.84427887722609],[140.39604051412869,40.843392316776715],[140.3992327116186,40.84383810744464],[140.4028523358065,40.84444814012455],[140.4071544189588,40.8467034930602],[140.40678071902383,40.84691290465975],[140.40532580595695,40.847184092223145],[140.40237161882655,40.84781827733693],[140.40079533043829,40.84881897813201],[140.40060373322424,40.84913162846869],[140.4002642373393,40.850516738302865],[140.3999801926075,40.85269806998851],[140.39991629904117,40.85310477878312]]]},"properties":{"KEY_CODE":"02209006008","PREF":"02","CITY":"209","CITY_NAME":"つがる市","S_NAME":"木造立花","SETAI":"51"}},{"type":"Feature","geometry":{"type":"Polygon","coordinates":[[[140.3911452852927,40.85348528640616],[140.38727391169488,40.85133724515414],[140.3864943431652,40.85092377127364],[140.38330030569824,40.85187166651271],[140.37410861212206,40.85440311728466],[140.3703080511214,40.85132579422527],[140.3681376475707,40.85011621690857],[140.3639936910057,40.84846498122817],[140.3643992061636,40.8470670265433],[140.3791096602621,40.845303904888034],[140.37987441018296,40.839499462595285],[140.38912398680014,40.8402884475673],[140.39405689704645,40.84318736796583],[140.39568662377593,40.84427887722609],[140.3911452852927,40.85348528640616]]]},"properties":{"KEY_CODE":"02209006009","PREF":"02","CITY":"209","CITY_NAME":"つがる市","S_NAME":"木造兼館","SETAI":"55"}},{"type":"Feature","geometry":{"type":"Polygon","coordinates":[[[140.3791096602621,40.845303904888034],[140.3643992061636,40.8470670265433],[140.36255322368675,40.84508403640401],[140.36132084546827,40.84337531613278],[140.36058011963013,40.8415712944249],[140.36156259392044,40.83926177800652],[140.3657037312274,40.84008344379114],[140.36569147490735,40.839658300347246],[140.3791096602621,40.845303904888034]]]},"properties":{"KEY_CODE":"02209006011","PREF":"02","CITY":"209","CITY_NAME":"つがる市","S_NAME":"木造生田","SETAI":"44"}},{"type":"Feature","geometry":{"type":"Polygon","coordinates":[[[140.35550699029605,40.85382424298536],[140.354203679714,40.8560149457993],[140.35267020777817,40.85906421652626],[140.3511762224409,40.86179245082499],[140.350281268076,40.86339444838083],[140.34819160468479,40.86673884941632],[140.34909545039505,40.868190441536626],[140.3471144658861,40.86923279764835],[140.34644996225833,40.86784228610349],[140.3452423876243,40.8670538336806],[140.34411707599116,40.865605003934824],[140.34357023136045,40.864295466596865],[140.34330358734871,40.86193613802561],[140.3432881940667,40.861294988259814],[140.34395033253395,40.860025759061934],[140.34384054762447,40.85867881547709],[140.3430489812249,40.85684168785985],[140.34192671938916,40.855548828636365],[140.34168621533934,40.85475756222878],[140.34185233128227,40.85349220998206],[140.34255574144717,40.852254609941944],[140.34355533525647,40.85159856010076],[140.34508203926376,40.8510929047531],[140.3457622632915,40.85030279344262],[140.34611820707067,40.84923044427633],[140.34675286290215,40.844252157429224],[140.34675122219673,40.84149318322318],[140.34641502397227,40.8383776365703],[140.34651784805033,40.83655688603628],[140.35024578003666,40.837091931102556],[140.35757841221084,40.83842970448314],[140.36156259392044,40.83926177800652],[140.36058011963013,40.8415712944249],[140.36132084546827,40.84337531613278],[140.36255322368672,40.84508403640401],[140.3643992061636,40.84706702654331],[140.3639936910057,40.84846498122814],[140.36092532628277,40.84754514134874],[140.35837367200418,40.847019303656175],[140.35550699029605,40.85382424298536]]]},"properties":{"KEY_CODE":"02209006012","PREF":"02","CITY":"209","CITY_NAME":"つがる市","S_NAME":"木造林","SETAI":"119"}},{"type":"Feature","geometry":{"type":"Polygon","coordinates":[[[140.34641502397227,40.8383776365703],[140.34394107831486,40.838344165679096],[140.33663774267762,40.838716673784624],[140.33662365014905,40.838245503348894],[140.33583725655865,40.835286639805325],[140.33841161822133,40.83164315885237],[140.3389156970691,40.831125381574346],[140.3405264373931,40.83048238194607],[140.3421254173609,40.82977810250766],[140.34330860904666,40.82880305876253],[140.34538805236699,40.82643197195875],[140.3463515130614,40.825484671904995],[140.34704710042263,40.82444083237941],[140.3473019701193,40.82315120316673],[140.3488557054752,40.82275157027981],[140.35563471236784,40.82022792551034],[140.3566268093181,40.82102340793753],[140.3574425367511,40.82207988117074],[140.35853074271557,40.825355618624236],[140.3565312162212,40.827636859511166],[140.35456075059122,40.82789309892187],[140.35086029919412,40.83161278932668],[140.3465265185528,40.83640333437928],[140.34641502397227,40.8383776365703]]]},"properties":{"KEY_CODE":"02209006013","PREF":"02","CITY":"209","CITY_NAME":"つがる市","S_NAME":"木造下遠山里加納","SETAI":"6"}},{"type":"Feature","geometry":{"type":"Polygon","coordinates":[[[140.33663774267762,40.838716673784624],[140.33639893121904,40.842172482008536],[140.33592450265093,40.8422343930897],[140.3314680796293,40.842995429188],[140.33069791770754,40.841631520446064],[140.3266242085024,40.83413169510596],[140.32765403343697,40.83373623038279],[140.32974152559305,40.833823872650115],[140.33583725655865,40.835286639805325],[140.33662365014905,40.838245503348894],[140.33663774267762,40.838716673784624]]]},"properties":{"KEY_CODE":"02209006014","PREF":"02","CITY":"209","CITY_NAME":"つがる市","S_NAME":"木造下遠山里小田原","SETAI":"15"}},{"type":"Feature","geometry":{"type":"Polygon","coordinates":[[[140.35086029919412,40.83161278932668],[140.35456075059116,40.82789309892187],[140.35884011528847,40.83183170298499],[140.36170123202163,40.831971271986525],[140.36547570235848,40.832187580115146],[140.36569147490735,40.839658300347246],[140.3657037312273,40.840083443791116],[140.36156259392044,40.83926177800652],[140.35757841221084,40.83842970448314],[140.35024578003666,40.837091931102556],[140.34651784805033,40.83655688603628],[140.3465265185528,40.836403334379284],[140.35086029919412,40.83161278932668]]]},"properties":{"KEY_CODE":"02209006015","PREF":"02","CITY":"209","CITY_NAME":"つがる市","S_NAME":"木造大畑","SETAI":"64"}},{"type":"Feature","geometry":{"type":"Polygon","coordinates":[[[140.36170123202163,40.831971271986525],[140.35884011528844,40.83183170298496],[140.35456075059122,40.82789309892187],[140.3565312162212,40.827636859511166],[140.35853074271557,40.825355618624236],[140.35884005928284,40.825790995634826],[140.362492743786,40.825865204365556],[140.36525119086804,40.82645912865204],[140.36584639553948,40.82690668951749],[140.36527339708485,40.827961830903156],[140.36170123202163,40.831971271986525]]]},"properties":{"KEY_CODE":"02209006016","PREF":"02","CITY":"209","CITY_NAME":"つがる市","S_NAME":"木造土滝","SETAI":"61"}},{"type":"Feature","geometry":{"type":"Polygon","coordinates":[[[140.3665768840915,40.824870144141386],[140.369496599971,40.82635428111366],[140.3782786906579,40.833196683698034],[140.3763295726116,40.835437511521874],[140.38011793811893,40.83730268842812],[140.379874410183,40.839499462595285],[140.37910966026212,40.845303904888034],[140.36569147490735,40.839658300347246],[140.36547570235848,40.832187580115146],[140.36170123202163,40.831971271986525],[140.36527339708485,40.827961830903156],[140.36584639553948,40.82690668951749],[140.36525119086804,40.82645912865204],[140.3665768840915,40.824870144141386]]]},"properties":{"KEY_CODE":"02209006017","PREF":"02","CITY":"209","CITY_NAME":"つがる市","S_NAME":"木造永田","SETAI":"93"}},{"type":"Feature","geometry":{"type":"Polygon","coordinates":[[[140.38828506669714,40.82149646490176],[140.38203137248337,40.8288817385461],[140.3782786906579,40.833196683698034],[140.369496599971,40.82635428111366],[140.3665768840915,40.824870144141386],[140.3700602363265,40.820771689259615],[140.37337663004965,40.822400566340306],[140.37397474069354,40.822946032443326],[140.37565613297957,40.822624357406276],[140.3771704226934,40.82323169391684],[140.3830611428154,40.82256610639743],[140.38679571096566,40.8207310020659],[140.38828506669714,40.82149646490176]]]},"properties":{"KEY_CODE":"02209006018","PREF":"02","CITY":"209","CITY_NAME":"つがる市","S_NAME":"木造蓮花田","SETAI":"66"}},{"type":"Feature","geometry":{"type":"Polygon","coordinates":[[[140.38828506669714,40.82149646490176],[140.3994403204352,40.82722865752725],[140.40047566264897,40.828133810075876],[140.39559972348275,40.8348979645071],[140.38912398680014,40.8402884475673],[140.379874410183,40.839499462595285],[140.38011793811893,40.83730268842812],[140.3763295726116,40.835437511521874],[140.3782786906579,40.833196683698034],[140.38203137248337,40.8288817385461],[140.38828506669714,40.82149646490176]]]},"properties":{"KEY_CODE":"02209007001","PREF":"02","CITY":"209","CITY_NAME":"つがる市","S_NAME":"木造蓮川","SETAI":"91"}},{"type":"Feature","geometry":{"type":"Polygon","coordinates":[[[140.40862497427383,40.84426505607615],[140.4074156414635,40.846428586581],[140.4071544189588,40.8467034930602],[140.4028523358065,40.84444814012455],[140.3992327116186,40.84383810744464],[140.39604051412869,40.843392316776715],[140.39568662377593,40.84427887722609],[140.39405689704645,40.84318736796583],[140.38912398680014,40.8402884475673],[140.39559972348275,40.83489796450707],[140.40627734426337,40.83857698685682],[140.4098758828091,40.839576563670185],[140.40953012422543,40.84101634596042],[140.40907084338693,40.84293195501548],[140.40876337018295,40.843904212409804],[140.40862497427383,40.84426505607615]]]},"properties":{"KEY_CODE":"02209007002","PREF":"02","CITY":"209","CITY_NAME":"つがる市","S_NAME":"木造今市","SETAI":"31"}},{"type":"Feature","geometry":{"type":"Polygon","coordinates":[[[140.40994943909595,40.83927028706191],[140.4098758828091,40.839576563670185],[140.40627734426337,40.83857698685682],[140.39559972348275,40.83489796450707],[140.40047566264897,40.828133810075876],[140.40202638578862,40.82797412943769],[140.40809608784159,40.82891072468212],[140.40894757248677,40.829083849420876],[140.41168192109149,40.8299136341209],[140.41243069572457,40.83027023007924],[140.41445831588086,40.831425247631465],[140.41352689371143,40.83214183367722],[140.4126070978652,40.83294703014395],[140.41201847723374,40.83351857646307],[140.4116863378247,40.83393036037976],[140.41148075840835,40.83430088294713],[140.41061490053818,40.83658389364833],[140.40994943909595,40.83927028706191]]]},"properties":{"KEY_CODE":"02209007003","PREF":"02","CITY":"209","CITY_NAME":"つがる市","S_NAME":"木造豊田","SETAI":"60"}},{"type":"Feature","geometry":{"type":"Polygon","coordinates":[[[140.41634669432824,40.829775875593974],[140.41516013138477,40.830872393901295],[140.41445831588086,40.831425247631465],[140.41243069572457,40.83027023007924],[140.41168192109149,40.8299136341209],[140.40894757248677,40.829083849420876],[140.40809608784159,40.82891072468212],[140.40202638578862,40.82797412943769],[140.40364065310737,40.8246355270643],[140.40759890477753,40.82219937380836],[140.4083773600543,40.8216583818882],[140.40875045521506,40.821178936174924],[140.41813146368963,40.82787119734821],[140.41634669432824,40.829775875593974]]]},"properties":{"KEY_CODE":"02209007004","PREF":"02","CITY":"209","CITY_NAME":"つがる市","S_NAME":"木造川除","SETAI":"67"}},{"type":"Feature","geometry":{"type":"Polygon","coordinates":[[[140.4186163407526,40.827179922148815],[140.41813146368963,40.82787119734821],[140.40875045521506,40.821178936174924],[140.40957538589316,40.819646006529595],[140.4102790515185,40.81736086181209],[140.41263085849877,40.81783780487525],[140.41369146828606,40.815232480519434],[140.41404672168878,40.81532551223064],[140.41441652393098,40.81438491579191],[140.41645070535992,40.81483347295817],[140.41683599807516,40.813890461914106],[140.41898420985902,40.81435591941305],[140.41864619747727,40.81523564590112],[140.4235985701754,40.81636169264869],[140.42253588265902,40.819130755692704],[140.4239233305791,40.81942694945753],[140.42429722901005,40.81976310053788],[140.42550709078952,40.81979002618982],[140.42617683526385,40.82090240386856],[140.42456952820172,40.820968850444245],[140.42299316696364,40.82152197224758],[140.4208876685673,40.82366240307053],[140.42012307712005,40.82459422208645],[140.4186163407526,40.827179922148815]]]},"properties":{"KEY_CODE":"02209007005","PREF":"02","CITY":"209","CITY_NAME":"つがる市","S_NAME":"木造川除芦屋","SETAI":"27"}},{"type":"Feature","geometry":{"type":"Polygon","coordinates":[[[140.40911694580558,40.82047748922359],[140.40837736005432,40.821658381888234],[140.40759890477753,40.82219937380836],[140.40364065310737,40.8246355270643],[140.40202638578862,40.82797412943769],[140.40047566264897,40.828133810075876],[140.3994403204352,40.82722865752725],[140.38828506669714,40.82149646490176],[140.38679571096566,40.8207310020659],[140.3901802651336,40.81906631315633],[140.39713830845673,40.815635756831256],[140.402531523218,40.81673547505625],[140.40141504036274,40.81937496344783],[140.40510072807848,40.82021670795133],[140.40584230292114,40.8192522604252],[140.4066523345468,40.81943269440775],[140.4080345033723,40.81974053540118],[140.40774406204267,40.82019192932157],[140.40911694580558,40.82047748922359]]]},"properties":{"KEY_CODE":"02209007006","PREF":"02","CITY":"209","CITY_NAME":"つがる市","S_NAME":"木造芦沼","SETAI":"77"}},{"type":"Feature","geometry":{"type":"Polygon","coordinates":[[[140.3202461041448,40.794300203747],[140.31768798858263,40.79398396457878],[140.31639129797472,40.79179559996337],[140.31583120495037,40.79159496582337],[140.3150635025788,40.78974350104764],[140.3135028428676,40.78899351045006],[140.3128512606584,40.78897889934224],[140.31234969296943,40.78978899330458],[140.31103862695386,40.79001089672786],[140.31001084350765,40.790821276992475],[140.3100169891374,40.79200465871654],[140.30831400388016,40.7941412428555],[140.3083261959129,40.795911855485386],[140.3093818598214,40.7978979234865],[140.30851244807047,40.797993956790776],[140.30862640776832,40.7970641328593],[140.30730725397166,40.79714108704221],[140.30683285095412,40.795239896925146],[140.30400431964023,40.79562632301243],[140.30303241763932,40.7957606137039],[140.30185146401746,40.79082040593388],[140.30260929815248,40.790268622003595],[140.3019422376472,40.79012702067339],[140.29977729767043,40.79073035592066],[140.29880745940727,40.79079967756742],[140.29737793038714,40.78953223254356],[140.2955279705709,40.78863092644261],[140.29582760017067,40.78816155367463],[140.29509567630228,40.787486291352565],[140.29310154473805,40.786165778237596],[140.29378943312966,40.785641234699],[140.29313850602557,40.78554988958178],[140.29207184692785,40.78414109283662],[140.2922840815362,40.78279949787856],[140.29144507952563,40.78268186238479],[140.29200637242303,40.78157374006972],[140.2924145225039,40.7801892998554],[140.29195006606756,40.77928631602571],[140.290564596485,40.778457593969705],[140.28954028575572,40.77849653517714],[140.28993001068386,40.77726511306589],[140.2891007765656,40.77717318550828],[140.290151971578,40.77422247015969],[140.2909028682651,40.77312860714312],[140.29415508062246,40.77325896838597],[140.29646477707072,40.77181161989654],[140.2984432027313,40.77096987247519],[140.30031819318785,40.77141884735458],[140.30143014901262,40.770804950867436],[140.30234595618415,40.770754353435564],[140.30295665352372,40.77107004711213],[140.3040797398811,40.7707239637471],[140.30528155284972,40.77127130255766],[140.3060421185685,40.77125591978392],[140.30769282341805,40.770257512787886],[140.31146483586969,40.76941061020836],[140.3139242541847,40.76769591933001],[140.31563192861583,40.76689480671472],[140.31598492535932,40.7673489437305],[140.31542255879603,40.76755320889271],[140.31572946406783,40.76839763616189],[140.31626796299417,40.77152576544742],[140.31617355622276,40.77352256209073],[140.31769315233157,40.775283272039765],[140.319860123706,40.777095597287214],[140.32098692865117,40.78181970470422],[140.32206635917666,40.782432173140705],[140.32172957675266,40.783511463470056],[140.32086506688398,40.7849302134039],[140.31929018101758,40.78609187504913],[140.31781986752947,40.7877876355365],[140.31691199256238,40.78839928464333],[140.3169380005824,40.78957937434294],[140.3184174860766,40.79038249650175],[140.32015042822016,40.78982389353208],[140.32252880970861,40.79024756622593],[140.32351057781065,40.79019202224777],[140.3233980899453,40.79074559441297],[140.3230026501321,40.791123853941365],[140.3226411766772,40.79141776064716],[140.32210451507564,40.792103561942376],[140.32161110003887,40.79269526976571],[140.3221400200724,40.79302836005249],[140.32160455064644,40.79379155606773],[140.3208859808798,40.79477345194562],[140.3202461041448,40.794300203747]]]},"properties":{"KEY_CODE":"022090080","PREF":"02","CITY":"209","CITY_NAME":"つがる市","S_NAME":"森田町大館","SETAI":"175"}},{"type":"Feature","geometry":{"type":"Polygon","coordinates":[[[140.33433292682366,40.78705467146859],[140.33053393925414,40.788824045894614],[140.33121597543297,40.789713093846615],[140.3280310569828,40.791163655763604],[140.32525078491673,40.79055526671654],[140.324111533719,40.79019375426689],[140.32351057781065,40.79019202224777],[140.32252880970861,40.79024756622593],[140.32015042822016,40.78982389353208],[140.3184174860766,40.79038249650175],[140.3169380005824,40.78957937434294],[140.31691199256238,40.78839928464333],[140.31781986752947,40.7877876355365],[140.31929018101758,40.78609187504913],[140.32086506688398,40.7849302134039],[140.32172957675266,40.783511463470056],[140.32206635917666,40.782432173140705],[140.32098692865117,40.78181970470422],[140.319860123706,40.777095597287214],[140.31769315233157,40.775283272039765],[140.31617355622276,40.77352256209073],[140.31626796299417,40.77152576544742],[140.31572946406783,40.76839763616189],[140.31542255879603,40.76755320889271],[140.31598492535932,40.7673489437305],[140.31563192861583,40.76689480671472],[140.31724699536687,40.7660912173427],[140.31839022350775,40.76516173841105],[140.32027201603523,40.76298355883057],[140.32140825752387,40.76200512174585],[140.32720612538452,40.758445375553954],[140.32833841931992,40.75796584137322],[140.3295314598887,40.75711407456356],[140.3307973648939,40.75757306604103],[140.330448036867,40.759664676056865],[140.3310763079813,40.7601023758272],[140.3331086179468,40.76082704329168],[140.33397904618187,40.76075834191553],[140.3350475384185,40.75969370873656],[140.33661856025995,40.759628364580585],[140.33602750220237,40.759807205312164],[140.3348915475189,40.76141620729821],[140.3346603073312,40.76209515876356],[140.33510700093672,40.76366497085268],[140.3344859610996,40.76515101699392],[140.33375652753818,40.76528386496],[140.33307568191927,40.76604818350798],[140.33181367345634,40.76675150724912],[140.33268098907521,40.767352337996726],[140.3313643281033,40.768417277194175],[140.3305471149144,40.7688165989053],[140.32994485646617,40.76870590376207],[140.32748319351754,40.769708600808826],[140.32771092689643,40.7706670438825],[140.3265212547107,40.771379842171164],[140.3244999221609,40.771753779935345],[140.32344625396294,40.77144905381813],[140.32271520709625,40.77219451575181],[140.32411277100945,40.77387107810793],[140.3245581635126,40.77400454169607],[140.3244787834187,40.774720022992504],[140.32532951221563,40.77530387700982],[140.3249342503208,40.7759172867158],[140.32539612795122,40.77663726104698],[140.32703495156903,40.77724264285894],[140.3284369932364,40.77649896159381],[140.32946348240102,40.77709628556929],[140.33033834004314,40.77816807064643],[140.3320975845474,40.778158896901544],[140.33217647975442,40.780046250160964],[140.3348377223986,40.780411943139235],[140.33874161192304,40.780021212529164],[140.33878902555017,40.780387559202325],[140.34143789773864,40.780251400616805],[140.34316890215788,40.78045921051283],[140.34330489211635,40.78093688665732],[140.34302599993697,40.7824184297289],[140.34231079289927,40.78246837126979],[140.34242513007413,40.783222602765896],[140.33999087769715,40.78438348528754],[140.33613099449303,40.7846916391812],[140.33500192279192,40.78529312187909],[140.33433292682366,40.78705467146859]]]},"properties":{"KEY_CODE":"022090090","PREF":"02","CITY":"209","CITY_NAME":"つがる市","S_NAME":"森田町床舞","SETAI":"249"}},{"type":"Feature","geometry":{"type":"Polygon","coordinates":[[[140.3457062987227,40.78774671896737],[140.34564396427436,40.78869881413149],[140.34295524972552,40.78900284894332],[140.34093426771983,40.79205586621731],[140.34047053102378,40.791721028001156],[140.33702702008736,40.78760472396688],[140.33599251081515,40.78809981505277],[140.33493067711336,40.78683069982702],[140.33433292682366,40.78705467146859],[140.33500192279192,40.78529312187909],[140.33613099449303,40.7846916391812],[140.33999087769715,40.78438348528754],[140.34242513007413,40.783222602765896],[140.34231079289927,40.78246837126979],[140.34302599993697,40.7824184297289],[140.34330489211635,40.78093688665732],[140.34316890215788,40.78045921051283],[140.34143789773864,40.780251400616805],[140.33878902555017,40.780387559202325],[140.33874161192304,40.780021212529164],[140.3348377223986,40.780411943139235],[140.33217647975442,40.780046250160964],[140.3320975845474,40.778158896901544],[140.33033834004314,40.77816807064643],[140.32946348240102,40.77709628556929],[140.3284369932364,40.77649896159381],[140.32703495156903,40.77724264285894],[140.32539612795122,40.77663726104698],[140.3249342503208,40.7759172867158],[140.32532951221563,40.77530387700982],[140.3244787834187,40.774720022992504],[140.3245581635126,40.77400454169607],[140.32411277100945,40.77387107810793],[140.32271520709625,40.77219451575181],[140.32344625396294,40.77144905381813],[140.3244999221609,40.771753779935345],[140.3265212547107,40.771379842171164],[140.32771092689643,40.7706670438825],[140.32748319351754,40.769708600808826],[140.32994485646617,40.76870590376207],[140.3305471149144,40.7688165989053],[140.3313643281033,40.768417277194175],[140.33268098907521,40.767352337996726],[140.33181367345634,40.76675150724912],[140.33307568191927,40.76604818350798],[140.33375652753818,40.76528386496],[140.3344859610996,40.76515101699392],[140.33510700093672,40.76366497085268],[140.3346603073312,40.76209515876356],[140.3348915475189,40.76141620729821],[140.33602750220237,40.759807205312164],[140.33661856025995,40.759628364580585],[140.3375148757206,40.75960463796087],[140.3383400972361,40.76001141179763],[140.33876076848662,40.75952393690699],[140.33985834668474,40.759347390662064],[140.34019034094385,40.75995087470754],[140.342377922263,40.7618072765472],[140.34241648968808,40.76325641480242],[140.34353510955108,40.76639305831101],[140.34632408145413,40.7695543384663],[140.34752282177993,40.77155258380791],[140.34724701590628,40.77233373803755],[140.3473988924649,40.773142798006525],[140.34879083433626,40.774993456637624],[140.34995352313862,40.77746996477696],[140.34935248312894,40.778738813891195],[140.34932875406344,40.77964689746561],[140.35008994664352,40.77977357089733],[140.350260143137,40.78064201170554],[140.34948758878775,40.78144007745646],[140.34963681617538,40.78283442901433],[140.35019676168122,40.78531781316655],[140.3498271826046,40.78558967486501],[140.34632393519644,40.78618970947093],[140.34563275852142,40.787034109306184],[140.3457062987227,40.78774671896737]]]},"properties":{"KEY_CODE":"022090100","PREF":"02","CITY":"209","CITY_NAME":"つがる市","S_NAME":"森田町森田","SETAI":"316"}},{"type":"Feature","geometry":{"type":"Polygon","coordinates":[[[140.342377922263,40.7618072765472],[140.34504170528834,40.763181575507915],[140.3466685736214,40.763813658195176],[140.35030245398315,40.76482184150417],[140.35300980052182,40.76478066240996],[140.3548131779574,40.76557843245737],[140.35639820082181,40.76609770416427],[140.3585449288967,40.76719445636635],[140.36016173216325,40.76834654767302],[140.36141341962775,40.769504651453815],[140.36157906234277,40.769335271829895],[140.36619914500503,40.770860824236486],[140.36789996011373,40.77134129105002],[140.3694219866096,40.77109082686222],[140.37064478207012,40.77117742961506],[140.37162314495282,40.77259332369791],[140.3732276576646,40.772811300848744],[140.37371373256977,40.77349706126493],[140.37525032874984,40.77439258250836],[140.3750773349689,40.774947803703476],[140.37592228946966,40.775929925717186],[140.37523215894177,40.77704329875907],[140.3744830216138,40.77691979734645],[140.37403462339654,40.77749327183097],[140.3740666193704,40.77818031061369],[140.37225043027178,40.77840482934076],[140.37235608527905,40.77880312908684],[140.36734746154553,40.77935399995567],[140.36773775777593,40.78133813347453],[140.3629324960597,40.78193008218327],[140.36423511365643,40.78279362799669],[140.36332927481368,40.783611504201545],[140.36260432224884,40.783157407030586],[140.36064807819213,40.783689671630235],[140.36083927977862,40.7843312781835],[140.35989515555548,40.784721545556906],[140.36015201707144,40.78613173402714],[140.3457062987227,40.78774671896737],[140.34563275852142,40.787034109306184],[140.34632393519644,40.78618970947093],[140.3498271826046,40.78558967486501],[140.35019676168122,40.78531781316655],[140.34963681617538,40.78283442901433],[140.34948758878775,40.78144007745646],[140.350260143137,40.78064201170554],[140.35008994664352,40.77977357089733],[140.34932875406344,40.77964689746561],[140.34935248312894,40.778738813891195],[140.34995352313862,40.77746996477696],[140.34879083433626,40.774993456637624],[140.3473988924649,40.773142798006525],[140.34724701590628,40.77233373803755],[140.34752282177993,40.77155258380791],[140.34632408145413,40.7695543384663],[140.34353510955108,40.76639305831101],[140.34241648968808,40.76325641480242],[140.342377922263,40.7618072765472]]]},"properties":{"KEY_CODE":"022090110","PREF":"02","CITY":"209","CITY_NAME":"つがる市","S_NAME":"森田町山田","SETAI":"140"}},{"type":"Feature","geometry":{"type":"Polygon","coordinates":[[[140.37292213512356,40.78673828772943],[140.3643985077799,40.79508729374879],[140.3633664958211,40.79446604869669],[140.35943426989292,40.798414933938155],[140.35628981214427,40.796612471521485],[140.35345582551668,40.794904506939545],[140.35271038390928,40.79475730413601],[140.346787957041,40.79453169442908],[140.34692104494616,40.79427587249667],[140.34668871523544,40.79363365487999],[140.34695632950766,40.79330523139849],[140.34667513107192,40.7932671753001],[140.34606367760134,40.79308821240962],[140.34579543838967,40.791556033145476],[140.34564396427436,40.78869881413149],[140.3457062987227,40.78774671896737],[140.36015201707144,40.78613173402714],[140.35989515555548,40.784721545556906],[140.36083927977862,40.7843312781835],[140.36168558102116,40.787128455498674],[140.36258995868258,40.78650948895273],[140.3659756175039,40.7838189301557],[140.37222241615316,40.78130101832966],[140.3734277702959,40.78296347665498],[140.3729407265097,40.78358729785686],[140.37189513502733,40.78418334435818],[140.37099039174805,40.78535666700425],[140.37292213512356,40.78673828772943]]]},"properties":{"KEY_CODE":"022090120","PREF":"02","CITY":"209","CITY_NAME":"つがる市","S_NAME":"森田町中田","SETAI":"141"}},{"type":"Feature","geometry":{"type":"Polygon","coordinates":[[[140.37309192539897,40.804260110141655],[140.37299817015014,40.804207178506374],[140.3702396816086,40.80258874420903],[140.36901082010147,40.80267835624589],[140.36819624393826,40.80238189043379],[140.36787823031,40.80269728388252],[140.3668898737377,40.80210776976697],[140.36474476133347,40.80082805191126],[140.36430156733485,40.80124853352274],[140.36044330885824,40.79899531220285],[140.3602783132153,40.79889866497979],[140.35943426989292,40.798414933938155],[140.3633664958211,40.79446604869669],[140.3643985077799,40.79508729374879],[140.37292213512356,40.78673828772943],[140.37788211327384,40.78971647634424],[140.37886401547954,40.790332957300144],[140.37590396416044,40.79005585371743],[140.37468217380226,40.79064509772394],[140.38114388533057,40.794728511363516],[140.37998198256506,40.7951159775999],[140.37808903031737,40.79616704286937],[140.3792776422326,40.79739334667789],[140.37903029842744,40.7977697701695],[140.37309192539897,40.804260110141655]]]},"properties":{"KEY_CODE":"022090130","PREF":"02","CITY":"209","CITY_NAME":"つがる市","S_NAME":"森田町下相野","SETAI":"115"}},{"type":"Feature","geometry":{"type":"Polygon","coordinates":[[[140.3764238208477,40.80599746374723],[140.37542065950612,40.805503516192935],[140.37309192539897,40.804260110141655],[140.37903029842744,40.7977697701695],[140.3792776422326,40.79739334667789],[140.37808903031737,40.79616704286937],[140.37998198256506,40.7951159775999],[140.38114388533057,40.794728511363516],[140.37468217380226,40.79064509772394],[140.37590396416044,40.79005585371743],[140.37886401547954,40.790332957300144],[140.37788211327384,40.78971647634424],[140.3840500899831,40.783690665382565],[140.3871968626123,40.78554991179343],[140.3943427379143,40.778481701126616],[140.39651620675448,40.77938905048034],[140.3955173477372,40.780737148042576],[140.39643969764438,40.780901264916515],[140.39774030493243,40.781497890299484],[140.39834283774732,40.7808695323833],[140.39984111808735,40.78137407378181],[140.40137949680025,40.781405863236714],[140.40107549423254,40.78833828711675],[140.40105323482928,40.790271224805196],[140.40016545724473,40.790387228868596],[140.39964952137532,40.79148407699923],[140.3981496593626,40.79182263215781],[140.39781041134904,40.79154688734469],[140.3966818252593,40.791911306286316],[140.39646916368332,40.79241032652297],[140.3949713236609,40.792512090326625],[140.39375701096137,40.791956011070646],[140.39334229514358,40.79244588422482],[140.39256194698714,40.79211342364599],[140.39173574268995,40.79426870907214],[140.39001347724994,40.79690642753876],[140.38854557290378,40.7993942497987],[140.38744013529453,40.79875895014194],[140.38676394447143,40.79932785042145],[140.3860948642656,40.79888749923764],[140.38399238670124,40.800972395006475],[140.38363635593046,40.80083268279538],[140.38278334551117,40.801685460275586],[140.3817161732062,40.80115064924712],[140.37990868690744,40.803007038981946],[140.37956902876414,40.80261690790786],[140.3764238208477,40.80599746374723]]]},"properties":{"KEY_CODE":"022090140","PREF":"02","CITY":"209","CITY_NAME":"つがる市","S_NAME":"森田町上相野","SETAI":"220"}},{"type":"Feature","geometry":{"type":"Polygon","coordinates":[[[140.40310100500508,40.8037504147688],[140.40182196613208,40.80634238058949],[140.39996115899947,40.806098099492694],[140.39629878623373,40.80521538869424],[140.39312582581482,40.80406221239163],[140.38962032353072,40.80280740996506],[140.38985735512054,40.80194883450371],[140.3917290682277,40.79965856098191],[140.39053621588553,40.79916704687595],[140.38820101428618,40.802120183154635],[140.38626289525317,40.80167859044162],[140.38399238670124,40.800972395006475],[140.3860948642656,40.79888749923764],[140.38676394447143,40.79932785042145],[140.38744013529453,40.79875895014194],[140.38854557290378,40.7993942497987],[140.39001347724994,40.79690642753876],[140.39173574268995,40.79426870907214],[140.39256194698714,40.79211342364599],[140.39334229514358,40.79244588422482],[140.39375701096137,40.791956011070646],[140.3949713236609,40.792512090326625],[140.39646916368332,40.79241032652297],[140.3966818252593,40.791911306286316],[140.39781041134904,40.79154688734469],[140.3981496593626,40.79182263215781],[140.40096688072458,40.79155022498603],[140.40164401150244,40.79120617154695],[140.4033800186457,40.791058416800894],[140.4050142536395,40.79007672366926],[140.40513557026082,40.78928873917361],[140.40566818790828,40.78871539184303],[140.40617224904997,40.78725647570907],[140.4052176427614,40.78608499842199],[140.40551049005248,40.785062714112925],[140.40753621692696,40.78526860308244],[140.4071424153087,40.78624605375627],[140.4074343248188,40.78702346192991],[140.40900398541993,40.78938792675789],[140.40970247973564,40.7896140165532],[140.40970763128615,40.79132092732749],[140.4093200587333,40.792395635862036],[140.41186132754063,40.79313004146487],[140.41040326693337,40.79591553903317],[140.40722984762343,40.802278512460106],[140.4069343274367,40.803043684599835],[140.40733493393543,40.80346885143681],[140.40674863146143,40.803472245486134],[140.4062128891496,40.804299423107416],[140.40310100500508,40.8037504147688]]]},"properties":{"KEY_CODE":"022090150","PREF":"02","CITY":"209","CITY_NAME":"つがる市","S_NAME":"柏広須","SETAI":"251"}},{"type":"Feature","geometry":{"type":"Polygon","coordinates":[[[140.4066523345468,40.81943269440775],[140.40584230292114,40.8192522604252],[140.40510072807848,40.82021670795133],[140.40141504036274,40.81937496344783],[140.402531523218,40.81673547505625],[140.39713830845673,40.815635756831256],[140.39795308988215,40.81523392751986],[140.40017281862552,40.80962511855302],[140.39831077672264,40.80986345670075],[140.39135657667032,40.808340832226705],[140.39165741275255,40.80816046132525],[140.39284945902472,40.808174021795324],[140.39295065043297,40.807509393909825],[140.3949226089673,40.80645260712327],[140.39629878623373,40.80521538869424],[140.39996115899947,40.806098099492694],[140.40182196613208,40.80634238058949],[140.40310100500508,40.8037504147688],[140.4062128891496,40.804299423107416],[140.40674863146143,40.803472245486134],[140.40733493393543,40.80346885143681],[140.40817612554886,40.8033802062832],[140.4085603724463,40.802907837164746],[140.40876748034665,40.80382703778459],[140.4093795536266,40.803935803218614],[140.40864869798165,40.80429813396355],[140.4087313933974,40.804754912833836],[140.4107907480236,40.80513837178972],[140.41078735022353,40.805345983860754],[140.41145909710434,40.805347661024726],[140.41197648960792,40.80537192072468],[140.4119565585478,40.80546366287007],[140.4120464376098,40.805776166812926],[140.4121368968873,40.805989534884894],[140.41221351495267,40.80609992301447],[140.4108617621538,40.806865051065124],[140.41125473063076,40.80770710859258],[140.40871215274925,40.81442173601977],[140.4066523345468,40.81943269440775]]]},"properties":{"KEY_CODE":"022090160","PREF":"02","CITY":"209","CITY_NAME":"つがる市","S_NAME":"柏玉水","SETAI":"251"}},{"type":"Feature","geometry":{"type":"Polygon","coordinates":[[[140.41412150809043,40.8055082568049],[140.4140029532125,40.805911815271216],[140.41347201197433,40.805803368506616],[140.41412150809043,40.8055082568049]]]},"properties":{"KEY_CODE":"022090170","PREF":"02","CITY":"209","CITY_NAME":"つがる市","S_NAME":"柏稲盛","SETAI":"0"}},{"type":"Feature","geometry":{"type":"Polygon","coordinates":[[[140.41883208570403,40.79896525032336],[140.4176473417158,40.798935034685634],[140.4169936436,40.800080498683734],[140.41649633470604,40.79993771140513],[140.41769595611873,40.79760981250811],[140.41835238565906,40.79839560281496],[140.41883208570403,40.79896525032336]]]},"properties":{"KEY_CODE":"022090170","PREF":"02","CITY":"209","CITY_NAME":"つがる市","S_NAME":"柏稲盛","SETAI":"0"}},{"type":"Feature","geometry":{"type":"Polygon","coordinates":[[[140.4102790515185,40.81736086181209],[140.40957538589316,40.819646006529595],[140.40911694580558,40.82047748922359],[140.40774406204267,40.82019192932157],[140.4080345033723,40.81974053540118],[140.4066523345468,40.81943269440775],[140.40871215274925,40.81442173601977],[140.41125473063076,40.80770710859258],[140.4108617621538,40.806865051065124],[140.41221351495267,40.80609992301447],[140.41237832850314,40.80602706854928],[140.4135440425884,40.80626087987225],[140.4132143542692,40.807196135835596],[140.41366087393214,40.80728042549875],[140.41455279650282,40.80477170309694],[140.41510486387062,40.80336205712968],[140.41640259867438,40.80009244405386],[140.4188114443905,40.80085125208959],[140.42354080996816,40.80227468973894],[140.4214966460785,40.806093379004615],[140.42284106913618,40.806355100676335],[140.4208154007943,40.81028591935291],[140.42185269721506,40.810811660811524],[140.42039965834303,40.81068539983036],[140.42015461495558,40.81126518091073],[140.41969634914983,40.81250245609131],[140.41898420985902,40.81435591941305],[140.4168359980752,40.813890461914106],[140.41645070535992,40.81483347295817],[140.41441652393098,40.81438491579191],[140.4140467216888,40.81532551223064],[140.41369146828606,40.81523248051946],[140.41263085849877,40.817837804875296],[140.4102790515185,40.81736086181209]]]},"properties":{"KEY_CODE":"022090170","PREF":"02","CITY":"209","CITY_NAME":"つがる市","S_NAME":"柏稲盛","SETAI":"104"}},{"type":"Feature","geometry":{"type":"Polygon","coordinates":[[[140.42872668657938,40.80947400457425],[140.42824469229754,40.80931725085538],[140.42724028246005,40.81115032665678],[140.42477575183827,40.810411627962594],[140.42573136325308,40.80859521499349],[140.42574288119448,40.807687510433006],[140.42541545934222,40.80730924301661],[140.42597357894516,40.80755176060531],[140.42730309055733,40.80813350089355],[140.4282967264301,40.80642787298221],[140.4287101919017,40.805765854126484],[140.4292615462946,40.804594647343286],[140.42925093116412,40.80390117180144],[140.42917805079125,40.803039466674555],[140.43314000414566,40.80279918336805],[140.43467732723497,40.802726604611316],[140.4349324542209,40.80212234179789],[140.43745359826994,40.80187243120422],[140.43764757338852,40.802738207518864],[140.43786380796854,40.80540990608722],[140.43800816326973,40.806081182193076],[140.43799981069262,40.80790438300768],[140.43726614772228,40.80933469277018],[140.43693288334717,40.8096934963137],[140.43503252485252,40.809437275503164],[140.43419437903978,40.8092499821917],[140.43367771643682,40.80911297291762],[140.43335947979733,40.80904756543876],[140.43267127417886,40.80894295748494],[140.43255065148048,40.80891453713861],[140.43161959280042,40.80902071335198],[140.43086564052027,40.80937747581139],[140.4305505316117,40.80961467872406],[140.43044443227168,40.80955234561622],[140.43043272416227,40.809303927529264],[140.42959019191886,40.80911010957161],[140.42903900181136,40.80887361379448],[140.4293092634127,40.80792305119079],[140.4284637960543,40.807902998934146],[140.42818436789327,40.80799770622383],[140.42835195318924,40.808541660203694],[140.42861639820188,40.80869638470044],[140.4290276184392,40.80889552593015],[140.42872668657938,40.80947400457425]]]},"properties":{"KEY_CODE":"022090180","PREF":"02","CITY":"209","CITY_NAME":"つがる市","S_NAME":"柏鷺坂","SETAI":"81"}},{"type":"Feature","geometry":{"type":"Polygon","coordinates":[[[140.42983126494397,40.79539095145419],[140.43137681692573,40.795799694518834],[140.4318409863434,40.79564230063203],[140.4319531520223,40.79639551409794],[140.43321836995966,40.796431701088125],[140.43399010577522,40.796820911866156],[140.4351698583335,40.79676890227144],[140.435552292125,40.7969196569961],[140.43589047741136,40.79707764652936],[140.4360098133966,40.79713251233309],[140.43597424297297,40.79729892580882],[140.43598656397052,40.7980048624062],[140.43620628899993,40.79849065955083],[140.43649088755188,40.79888028932551],[140.43680804995725,40.799376199564676],[140.4369025260451,40.79988393847274],[140.4371148520067,40.80072086119546],[140.43721040509573,40.80106326563036],[140.43745359826994,40.80187243120418],[140.4349324542209,40.80212234179789],[140.43467732723497,40.802726604611316],[140.43314000414566,40.80279918336805],[140.42917805079125,40.80303946667453],[140.42925093116412,40.80390117180144],[140.4292615462946,40.804594647343286],[140.4287101919017,40.805765854126484],[140.4282967264301,40.80642787298221],[140.42730309055733,40.808133500893504],[140.42597357894516,40.80755176060531],[140.42541545934222,40.80730924301661],[140.42433405238754,40.80685401449837],[140.42287164984427,40.806366255785754],[140.42284106913618,40.806355100676335],[140.4214966460785,40.806093379004615],[140.42354080996816,40.80227468973894],[140.4188114443905,40.80085125208959],[140.4192406454284,40.799997381174876],[140.4213599137359,40.795879040796265],[140.42375673466867,40.79659915376803],[140.42442298978023,40.79527675083747],[140.42527334459973,40.794213487409074],[140.42616600295173,40.79444445340153],[140.42983126494397,40.79539095145419]]]},"properties":{"KEY_CODE":"022090190","PREF":"02","CITY":"209","CITY_NAME":"つがる市","S_NAME":"柏下古川","SETAI":"162"}},{"type":"Feature","geometry":{"type":"Polygon","coordinates":[[[140.4284637960543,40.807902998934146],[140.4293092634127,40.80792305119079],[140.42903900181136,40.80887361379448],[140.4290276184392,40.80889552593015],[140.42861639820188,40.80869638470044],[140.42835195318924,40.808541660203694],[140.42818436789327,40.80799770622383],[140.4284637960543,40.807902998934146]]]},"properties":{"KEY_CODE":"022090190","PREF":"02","CITY":"209","CITY_NAME":"つがる市","S_NAME":"柏下古川","SETAI":"0"}},{"type":"Feature","geometry":{"type":"Polygon","coordinates":[[[140.41455279650282,40.80477170309694],[140.41366087393214,40.80728042549875],[140.41321435426926,40.80719613583557],[140.41354404258837,40.80626087987225],[140.41237832850314,40.80602706854928],[140.4121368968873,40.805989534884894],[140.4120464376098,40.805776166812926],[140.4119565585478,40.80546366287007],[140.41197648960792,40.80537192072468],[140.41145909710434,40.805347661024726],[140.41078735022353,40.805345983860754],[140.41079074802354,40.80513837178972],[140.4087313933974,40.804754912833836],[140.40864869798165,40.80429813396355],[140.4093795536266,40.803935803218614],[140.40876748034665,40.80382703778459],[140.4085603724463,40.802907837164746],[140.40817612554886,40.8033802062832],[140.40733493393543,40.80346885143681],[140.4069343274367,40.803043684599835],[140.40722984762343,40.802278512460106],[140.41040326693337,40.79591553903317],[140.41186132754063,40.79313004146487],[140.41221255184246,40.792448285667284],[140.41331325596065,40.79033682853364],[140.41356006307348,40.790445655282824],[140.41452764796418,40.79078217092792],[140.41520826806948,40.790622741007205],[140.41462064669443,40.789539770836114],[140.4142836673914,40.788605741169945],[140.4147879938148,40.78943983568436],[140.41497152888496,40.78972601440248],[140.41548654928962,40.79025886983273],[140.4159671218986,40.79029100102858],[140.41576801229445,40.79009616412863],[140.41553515356637,40.78969568801201],[140.41615079907828,40.789747374345865],[140.41659554645247,40.78990503226518],[140.41736036935546,40.79013617018969],[140.41820405628593,40.790167770196504],[140.42030136631382,40.7896137556361],[140.42292811495204,40.788288705295784],[140.42385238354402,40.78704904260834],[140.42523091245755,40.78779669380287],[140.42620858229037,40.788023390930384],[140.42867579331596,40.78804339259309],[140.4299067566394,40.78790860436072],[140.43041518149693,40.787894900643366],[140.43192966547213,40.7879465420272],[140.43233621889485,40.78796343353647],[140.4340740627586,40.78809469252916],[140.43495486201863,40.7880640966379],[140.436312961864,40.78823382354061],[140.43665794975104,40.788463108752474],[140.43726473418926,40.78930771676317],[140.43774116157596,40.79205449130025],[140.43778181346303,40.79400451756087],[140.43756033978167,40.79473505398501],[140.43731060104628,40.79528214253433],[140.43654875260404,40.796265027925884],[140.43610567248982,40.796846415958974],[140.4360196219983,40.79708660217533],[140.4360098133966,40.79713251233309],[140.43589047741136,40.79707764652936],[140.435552292125,40.7969196569961],[140.4351698583335,40.79676890227144],[140.43399010577522,40.796820911866156],[140.43321836995966,40.796431701088125],[140.4319531520223,40.79639551409794],[140.4318409863434,40.79564230063203],[140.43137681692573,40.795799694518834],[140.42983126494397,40.79539095145419],[140.42616600295173,40.79444445340153],[140.42527334459973,40.794213487409074],[140.42442298978023,40.79527675083747],[140.42375673466867,40.79659915376803],[140.4213599137359,40.795879040796265],[140.4192406454284,40.799997381174876],[140.4188114443905,40.80085125208957],[140.41640259867438,40.800092444053824],[140.41510486387062,40.80336205712968],[140.41455279650282,40.80477170309694]],[[140.41412150809043,40.8055082568049],[140.41347201197433,40.805803368506616],[140.4140029532125,40.805911815271216],[140.41412150809043,40.8055082568049]],[[140.41835238565906,40.79839560281496],[140.41769595611873,40.79760981250811],[140.41649633470604,40.79993771140513],[140.4169936436,40.800080498683734],[140.4176473417158,40.798935034685634],[140.41883208570403,40.79896525032336],[140.41835238565906,40.79839560281496]]]},"properties":{"KEY_CODE":"022090200","PREF":"02","CITY":"209","CITY_NAME":"つがる市","S_NAME":"柏上古川","SETAI":"329"}},{"type":"Feature","geometry":{"type":"Polygon","coordinates":[[[140.41331325596065,40.79033682853364],[140.41221255184246,40.792448285667284],[140.41186132754063,40.79313004146483],[140.4093200587333,40.792395635862036],[140.40970763128615,40.79132092732749],[140.40970247973564,40.7896140165532],[140.40900398541993,40.78938792675789],[140.4074343248188,40.78702346192991],[140.4071424153087,40.78624605375627],[140.40753621692696,40.78526860308244],[140.40551049005248,40.785062714112925],[140.4052176427614,40.78608499842199],[140.40617224904997,40.78725647570907],[140.40566818790828,40.78871539184303],[140.40513557026082,40.78928873917361],[140.4050142536395,40.79007672366926],[140.4033800186457,40.791058416800894],[140.40164401150244,40.79120617154695],[140.40096688072458,40.79155022498603],[140.3981496593626,40.79182263215781],[140.39964952137532,40.79148407699923],[140.40016545724473,40.790387228868596],[140.40105323482928,40.790271224805196],[140.40107549423254,40.78833828711675],[140.40137949680025,40.781405863236714],[140.39984111808735,40.78137407378181],[140.39834283774732,40.7808695323833],[140.39774030493243,40.781497890299484],[140.39643969764438,40.780901264916515],[140.3955173477372,40.780737148042576],[140.39651620675448,40.77938905048034],[140.3967084645049,40.779358396580086],[140.40038777294416,40.774550446786165],[140.4004738201997,40.773051831602764],[140.40061712929818,40.77016777355904],[140.4014659024107,40.76964564233137],[140.40221101830653,40.77011399142488],[140.40368245368944,40.77027130375623],[140.40551144546103,40.770920817873666],[140.40594862585337,40.77157410175331],[140.40719376983833,40.7722768045585],[140.40766318257903,40.772166590410954],[140.40817803988938,40.771233336615325],[140.4085749498877,40.771346386827865],[140.40869945399726,40.77052588897204],[140.40896496349578,40.76917814233295],[140.41133620631044,40.76665197747387],[140.41240082572352,40.765155859796145],[140.41405409026902,40.762461955227494],[140.414470127891,40.76147272750945],[140.4147413869253,40.762115604132816],[140.41576281035566,40.76213323244911],[140.41610580929185,40.76352281378502],[140.41948244366293,40.76253965082199],[140.42095414150725,40.76343560167261],[140.42235576101822,40.76461216240345],[140.4216652867797,40.765168357357005],[140.42121032865606,40.7660294851648],[140.4212022656726,40.76713361233965],[140.42073454716052,40.76977190900742],[140.41988634537316,40.77189211244218],[140.41825205398473,40.77350712155398],[140.4167578227026,40.774229609494974],[140.41619877186324,40.774733477167004],[140.4152272388166,40.775868238295544],[140.41509894759935,40.77681664082707],[140.41557268400842,40.77737180059515],[140.41631770493527,40.779069791313475],[140.41718138876954,40.78038678678823],[140.41882530863546,40.781195068707355],[140.42103653302024,40.78328426490097],[140.42250345610907,40.78530900170717],[140.42267129601268,40.78559933585665],[140.4232121795668,40.78620585004767],[140.42334562655043,40.786392422373794],[140.42341849474772,40.786540151703925],[140.42385238354402,40.78704904260834],[140.42292811495204,40.788288705295784],[140.42030136631382,40.7896137556361],[140.41820405628593,40.790167770196504],[140.41736036935546,40.79013617018969],[140.41659554645247,40.78990503226518],[140.41615079907828,40.789747374345865],[140.41553515356637,40.78969568801201],[140.41576801229445,40.79009616412863],[140.4159671218986,40.79029100102858],[140.41548654928962,40.79025886983273],[140.41497152888496,40.78972601440248],[140.4147879938148,40.78943983568436],[140.4142836673914,40.788605741169945],[140.41462064669443,40.789539770836114],[140.41520826806948,40.790622741007205],[140.41452764796418,40.79078217092792],[140.41356006307348,40.790445655282824],[140.41331325596065,40.79033682853364]]]},"properties":{"KEY_CODE":"022090210","PREF":"02","CITY":"209","CITY_NAME":"つがる市","S_NAME":"柏桑野木田","SETAI":"629"}},{"type":"Feature","geometry":{"type":"Polygon","coordinates":[[[140.36846778736873,40.90244262453947],[140.36680745307441,40.902089191462906],[140.36629471621256,40.90158195877926],[140.3633636741409,40.901169276244566],[140.36397740206928,40.90030992834782],[140.36407287435554,40.89955835825354],[140.36474651519526,40.898785716072275],[140.3633293745981,40.89829187684164],[140.36204850404962,40.89883322821901],[140.36134246324082,40.90089519741827],[140.36097697093214,40.90336795971363],[140.35872119770505,40.900394807343005],[140.35957267831566,40.89900028201413],[140.35351641876196,40.89207693627952],[140.35365218111764,40.89046354334096],[140.35423006624856,40.883418057343526],[140.35466943014117,40.87830936818755],[140.3556954428148,40.875784467274016],[140.35471630468857,40.87556018351268],[140.35575558914792,40.87365369539266],[140.3523356057082,40.8726434945453],[140.35192870029584,40.87377403620203],[140.34945811215206,40.87304288120645],[140.35078339343735,40.87043844068397],[140.34959726572046,40.86982312616945],[140.35095328739598,40.86720065426865],[140.35189486753052,40.86544174387512],[140.3529458183514,40.86576779961461],[140.35354216206986,40.86505764390344],[140.35463066641867,40.86540698689787],[140.35607761663496,40.862587119052534],[140.35701387280054,40.86075447417433],[140.35820546662373,40.86117540783635],[140.35878367292975,40.86005159259653],[140.3616510007381,40.86085042924063],[140.364653822399,40.86175634040416],[140.3629309392185,40.86508163903181],[140.3641223820609,40.8654149913259],[140.36347756036992,40.86666696723761],[140.3630311391744,40.8675061214023],[140.36429006323718,40.867883300463745],[140.3626312624348,40.87097532842343],[140.36367584362574,40.870706538671655],[140.36460428096944,40.86985239050619],[140.36486497406335,40.86950623901176],[140.36513694152384,40.86918412583304],[140.36852637474902,40.87078166072481],[140.3717852794863,40.87231286765463],[140.37033746932858,40.873948206419016],[140.37159144375968,40.87417367232058],[140.3710334944351,40.875590186271275],[140.36996831750156,40.875642185758096],[140.3692047559351,40.87710190004873],[140.367998037304,40.8771504951228],[140.3660713502581,40.88660901875667],[140.36637480563357,40.8866307948629],[140.36578333835317,40.890117477391506],[140.36706078042857,40.89624564914846],[140.36756463128037,40.89915069925561],[140.36716142126858,40.89987358679757],[140.3676304066166,40.9011332303291],[140.36846778736873,40.90244262453947]]]},"properties":{"KEY_CODE":"022090220","PREF":"02","CITY":"209","CITY_NAME":"つがる市","S_NAME":"稲垣町千年","SETAI":"142"}},{"type":"Feature","geometry":{"type":"Polygon","coordinates":[[[140.38710633026673,40.86936353429077],[140.38751219063033,40.87318866639364],[140.3826626537649,40.87338953037478],[140.38235773733658,40.87361840484961],[140.37241796679402,40.87425064546023],[140.37159144375968,40.87417367232058],[140.37033746932858,40.873948206419016],[140.3717852794863,40.87231286765463],[140.36852637474902,40.87078166072481],[140.36513694152384,40.86918412583304],[140.36526979411067,40.869026785362074],[140.3668391240907,40.86730476131293],[140.37011802214857,40.8636496323146],[140.370344143601,40.86346317955714],[140.37567296954714,40.86498827910119],[140.37691956271343,40.86547221696539],[140.37784421606068,40.864879456261214],[140.37827182858263,40.86501362908407],[140.3790695077192,40.86416151306176],[140.37925509585347,40.86396320316255],[140.38021053873496,40.862918429720686],[140.38730437607447,40.862511706674304],[140.3871108536253,40.86353149092921],[140.3874917727502,40.86351298404349],[140.3867046792507,40.86486959497662],[140.38742911517906,40.86475996697356],[140.38708681865418,40.865520401056266],[140.38663393908502,40.86560603218814],[140.38647654974127,40.866382801141036],[140.38632539817317,40.86684425130329],[140.3860864704742,40.867520795387904],[140.3857485148698,40.86946444114484],[140.38710633026673,40.86936353429077]]]},"properties":{"KEY_CODE":"022090230","PREF":"02","CITY":"209","CITY_NAME":"つがる市","S_NAME":"稲垣町吉出","SETAI":"98"}},{"type":"Feature","geometry":{"type":"Polygon","coordinates":[[[140.38894270927813,40.886584274962665],[140.38913905796974,40.88827829296058],[140.38742118698312,40.88811743748046],[140.3861848819644,40.89132327793366],[140.3819898850632,40.89033430965186],[140.37690531073883,40.90312018131133],[140.37478483402626,40.902640715555336],[140.3743173186823,40.90236347730263],[140.37229187906567,40.90258712028381],[140.37161043578547,40.902479625864174],[140.36993805599715,40.90112390531464],[140.36846778736873,40.90244262453947],[140.3676304066166,40.9011332303291],[140.36716142126858,40.89987358679757],[140.36756463128037,40.89915069925561],[140.36706078042857,40.89624564914846],[140.36578333835317,40.890117477391506],[140.36637480563357,40.8866307948629],[140.3660713502581,40.88660901875667],[140.367998037304,40.8771504951228],[140.3692047559351,40.87710190004873],[140.36996831750156,40.875642185758096],[140.3710334944351,40.875590186271275],[140.37159144375968,40.87417367232058],[140.37241796679402,40.87425064546023],[140.38235773733658,40.87361840484961],[140.3826626537649,40.87338953037478],[140.38751219063033,40.87318866639364],[140.3876485296166,40.87486404645131],[140.38894270927813,40.886584274962665]]]},"properties":{"KEY_CODE":"022090240","PREF":"02","CITY":"209","CITY_NAME":"つがる市","S_NAME":"稲垣町沼館","SETAI":"106"}},{"type":"Feature","geometry":{"type":"Polygon","coordinates":[[[140.39768642088222,40.886418059220425],[140.39583330326155,40.88566751619148],[140.39491594638983,40.885730586747606],[140.39492502035463,40.886189556104384],[140.38894270927813,40.886584274962665],[140.3876485296166,40.87486404645131],[140.38751219063033,40.87318866639364],[140.38710633026673,40.86936353429077],[140.3930266654958,40.86898983261127],[140.3937073921756,40.8680308548963],[140.39381660875978,40.86893036975944],[140.39690105398964,40.86873671052322],[140.39717216701993,40.870201878962284],[140.39760227047353,40.87252613933038],[140.39425991951296,40.87275021239518],[140.3944637605295,40.87458133529758],[140.40019917290002,40.87432531473554],[140.39948348951236,40.87535441648876],[140.39819599665643,40.877910645234955],[140.39781490821787,40.877886272216436],[140.39771547637713,40.87828524134182],[140.39631106551053,40.878348739372086],[140.396397310425,40.87927453543156],[140.39649195353178,40.88029084154185],[140.39715840805607,40.88372556335745],[140.39952066934282,40.88349357210673],[140.40004950243843,40.88414586627376],[140.39827045854247,40.88549085814415],[140.39768642088222,40.886418059220425]]]},"properties":{"KEY_CODE":"022090250","PREF":"02","CITY":"209","CITY_NAME":"つがる市","S_NAME":"稲垣町沼崎","SETAI":"151"}},{"type":"Feature","geometry":{"type":"Polygon","coordinates":[[[140.396422339932,40.92114009937777],[140.38998167012593,40.9238939506038],[140.3875877914785,40.920515922348876],[140.38256731507678,40.922627331209306],[140.38199524686246,40.92178084593717],[140.38058874329374,40.922357235824364],[140.3804798708125,40.92240183551557],[140.37888346179355,40.92009743476906],[140.37902415278444,40.91840969482775],[140.37857429941621,40.91808731694327],[140.3805527732014,40.916240356292654],[140.3816107093902,40.914809139915704],[140.38110574118397,40.91477852608335],[140.3811398982984,40.91379918873258],[140.37805782957383,40.91371148902921],[140.37814101837228,40.91209929440107],[140.37881158525147,40.91052333140911],[140.37447155807033,40.9094927257156],[140.37690531073883,40.90312018131133],[140.3819898850632,40.89033430965186],[140.3861848819644,40.89132327793366],[140.38742118698312,40.88811743748046],[140.38913905796974,40.88827829296058],[140.38894270927813,40.886584274962665],[140.39492502035463,40.886189556104384],[140.39491594638983,40.885730586747606],[140.39583330326155,40.88566751619148],[140.39768642088222,40.886418059220425],[140.3975196190899,40.88967675024984],[140.3974391766832,40.893293946340776],[140.4000354409876,40.893337158596346],[140.39990089018937,40.89512629755847],[140.39938654949225,40.90586432905213],[140.399029921938,40.91365934370488],[140.392152236428,40.913467983008935],[140.38972087177743,40.913308430912195],[140.38880810254096,40.91466014246646],[140.39205619487075,40.91481785316625],[140.392064124428,40.91493671248965],[140.396422339932,40.92114009937777]]]},"properties":{"KEY_CODE":"022090260","PREF":"02","CITY":"209","CITY_NAME":"つがる市","S_NAME":"稲垣町福富","SETAI":"126"}},{"type":"Feature","geometry":{"type":"Polygon","coordinates":[[[140.4129121879406,40.88303596417755],[140.4107328124517,40.8863311826292],[140.409727658206,40.88783065953699],[140.40607876075276,40.88677071321623],[140.40544662733765,40.8865927593206],[140.4032638183908,40.88597570338962],[140.40047935903362,40.885051632205915],[140.40004950243843,40.88414586627376],[140.39952066934282,40.88349357210673],[140.39715840805607,40.88372556335745],[140.39649195353178,40.880290841541886],[140.396397310425,40.87927453543156],[140.39631106551056,40.878348739372086],[140.39771547637713,40.87828524134182],[140.39781490821787,40.877886272216436],[140.39819599665643,40.87791064523496],[140.39948348951236,40.87535441648876],[140.40019917290002,40.87432531473554],[140.3944637605295,40.87458133529758],[140.39425991951296,40.87275021239518],[140.39760227047353,40.87252613933038],[140.39717216701993,40.870201878962284],[140.39690105398964,40.868736710523265],[140.39738354102147,40.86870975910851],[140.39636640403248,40.86704512134548],[140.3996429315743,40.86636636002642],[140.39965920561693,40.866542737714944],[140.3997693690215,40.867002937567314],[140.40114941338427,40.86868557753595],[140.40192052452718,40.86934271881868],[140.4032868672279,40.87007031723425],[140.4048090689014,40.870886920022],[140.406878077965,40.87164987044202],[140.40728178678722,40.872168557927864],[140.40738364739966,40.87245113782225],[140.40733385499195,40.87348274347343],[140.40690530173825,40.87509832616207],[140.40621999454152,40.87660896571581],[140.40584351234972,40.87718865243995],[140.405364068916,40.87773503038878],[140.40494177363223,40.878193245310264],[140.40435219700262,40.87878219317552],[140.40376456154343,40.87958587364551],[140.40336694806885,40.880438452050946],[140.40341878300768,40.88093086302366],[140.40352768225958,40.881106456166606],[140.40398772762225,40.881425196253886],[140.4053063857744,40.881688729024916],[140.40668567431354,40.8818450345126],[140.40743097902808,40.88188817250496],[140.4090481582888,40.88195477933514],[140.41094727166268,40.88224346016599],[140.41263763526055,40.88289206873509],[140.4129121879406,40.88303596417755]]]},"properties":{"KEY_CODE":"022090270","PREF":"02","CITY":"209","CITY_NAME":"つがる市","S_NAME":"稲垣町豊川","SETAI":"173"}},{"type":"Feature","geometry":{"type":"Polygon","coordinates":[[[140.41467430994263,40.90056889759811],[140.41455030182988,40.903249296067436],[140.40942969423628,40.903123024039886],[140.40929687932172,40.906161743996215],[140.39938654949225,40.90586432905213],[140.39990089018937,40.89512629755847],[140.4000354409876,40.893337158596346],[140.3974391766832,40.893293946340776],[140.3975196190899,40.88967675024984],[140.39768642088222,40.886418059220425],[140.39827045854247,40.88549085814415],[140.40004950243843,40.88414586627376],[140.40047935903362,40.885051632205915],[140.4032638183908,40.88597570338962],[140.40544662733765,40.8865927593206],[140.40607876075276,40.88677071321623],[140.409727658206,40.88783065953699],[140.4107328124517,40.8863311826292],[140.4129121879406,40.88303596417755],[140.41305438366456,40.88311049638408],[140.4140882319815,40.88405282251626],[140.41540991593925,40.88472087681182],[140.41905794290315,40.88604577945886],[140.4207734576765,40.8869133099707],[140.42146238241236,40.887471593580315],[140.42169533109472,40.88801550985206],[140.42180090416775,40.889248679600364],[140.4213870364639,40.889962167762654],[140.41945415797775,40.89083399814122],[140.41918872332212,40.89104995479461],[140.41920540169582,40.89190097820705],[140.41969952892885,40.892981042545394],[140.41384015389522,40.895359216505824],[140.4163047960292,40.89869722110986],[140.4146059680447,40.899412203928605],[140.41467430994263,40.90056889759811]]]},"properties":{"KEY_CODE":"022090280","PREF":"02","CITY":"209","CITY_NAME":"つがる市","S_NAME":"稲垣町穂積","SETAI":"113"}},{"type":"Feature","geometry":{"type":"Polygon","coordinates":[[[140.4153150901023,40.930576365384255],[140.4143712385029,40.932671739736456],[140.4132782050978,40.93378869633492],[140.4134411489638,40.933944636350155],[140.41092321230082,40.936155705231926],[140.40910889746795,40.935965792279696],[140.40848367382551,40.9363299064153],[140.41055244487475,40.93710155027771],[140.4120810316285,40.9371102048769],[140.41282017823687,40.93687687257415],[140.41446857990215,40.93543583407569],[140.41444605030682,40.93705991548624],[140.41381950500912,40.93762898729042],[140.4118881658237,40.93814570884085],[140.41140659575686,40.93811699100543],[140.40625759682504,40.93708160468353],[140.40477847904552,40.935890815842114],[140.40906026769736,40.93280677102053],[140.4110802960273,40.93048655184865],[140.41264073702712,40.927511154816926],[140.413094482717,40.92604466402932],[140.40716910174086,40.924402553095426],[140.40068698715643,40.92712511256973],[140.40008345575822,40.9261522288298],[140.396422339932,40.92114009937777],[140.392064124428,40.91493671248965],[140.39205619487075,40.91481785316625],[140.38880810254096,40.91466014246646],[140.38972087177743,40.913308430912195],[140.392152236428,40.913467983008935],[140.399029921938,40.91365934370488],[140.39938654949225,40.90586432905213],[140.40929687932172,40.906161743996215],[140.40942969423628,40.903123024039886],[140.41455030182988,40.903249296067436],[140.41467430994263,40.90056889759811],[140.41460596804473,40.899412203928605],[140.4163047960292,40.89869722110986],[140.41384015389522,40.895359216505824],[140.41969952892885,40.892981042545394],[140.42018616165007,40.89345621991829],[140.4221899076869,40.89363301995308],[140.42486243420967,40.89358138303752],[140.4253448942155,40.893866700920135],[140.42529394489895,40.895584210512844],[140.42510352844397,40.896230255831334],[140.42433032331255,40.89636899968419],[140.4214261309943,40.89656071752956],[140.42079609292898,40.89657654284361],[140.42023519031838,40.896530277479194],[140.42019071907228,40.89665176435646],[140.42020404950293,40.89743994711499],[140.4210294302969,40.89861947879521],[140.42122169635851,40.89876116164818],[140.42144281458056,40.898952761626646],[140.42152255725173,40.89902776595793],[140.4231472492563,40.89942756003882],[140.4235518163506,40.899417952679805],[140.42417162691441,40.899373157280266],[140.4249736843408,40.89932070463126],[140.4282278844292,40.89934141272471],[140.42780494131898,40.901020956329894],[140.4272762099579,40.901995221765226],[140.42646809598972,40.90320834034375],[140.42640544587098,40.90400694514624],[140.4263043273378,40.90434021684578],[140.4263444973189,40.904974479644196],[140.4265408811422,40.905258850158845],[140.42743167520445,40.90628391928751],[140.42806790625193,40.90663653563057],[140.4284336146678,40.90716809745408],[140.42825891686218,40.907828830923904],[140.42896955047493,40.908859233710984],[140.428799066269,40.90992551768317],[140.42849692715734,40.910199617969674],[140.42744234252967,40.91074820289777],[140.42627825896093,40.910849627894606],[140.42506605729042,40.9107895431536],[140.42356750099106,40.91073307160037],[140.4231533758773,40.910717525329495],[140.42059088005416,40.91040399525187],[140.41872317225702,40.91034751770489],[140.4176481649911,40.91061695948702],[140.41667592618688,40.91148287976948],[140.41641955875528,40.91251602046038],[140.4165089849891,40.91524293691496],[140.41657023494759,40.91593249225632],[140.4169420923225,40.91804553443639],[140.41720615414417,40.919720226195906],[140.41803453321674,40.92025426424347],[140.41825085264793,40.92042966645327],[140.41899188277148,40.921334500485806],[140.41909982307783,40.922053632853185],[140.41861223209358,40.9235068003497],[140.4181629979281,40.92461473575892],[140.41760647970162,40.9251498755287],[140.41687486255415,40.92658920541912],[140.41729338785933,40.92859343750853],[140.41727890821505,40.92879502167735],[140.41711597591438,40.92903040071937],[140.4153150901023,40.930576365384255]]]},"properties":{"KEY_CODE":"022090290","PREF":"02","CITY":"209","CITY_NAME":"つがる市","S_NAME":"稲垣町繁田","SETAI":"199"}},{"type":"Feature","geometry":{"type":"Polygon","coordinates":[[[140.40064462131596,40.941036031879065],[140.39973390192603,40.94167749730502],[140.39546455370368,40.942102344749344],[140.39477226441014,40.94204377753465],[140.39384096487237,40.94148750741885],[140.39256509273602,40.94035024336942],[140.39140302852948,40.9399427881728],[140.38978246866006,40.94040956738209],[140.38874551185515,40.94035224011383],[140.3856753955616,40.938181802767],[140.38524688789133,40.937268805674066],[140.38610036870813,40.93696825223095],[140.38903687705402,40.93424866687749],[140.38947951981322,40.93114654508824],[140.38889108623016,40.93107764486857],[140.3871381435761,40.93165037979789],[140.38523079043438,40.92904526269872],[140.39175021118896,40.92631454533885],[140.38998167012593,40.9238939506038],[140.396422339932,40.92114009937777],[140.40008345575822,40.9261522288298],[140.40068698715643,40.92712511256973],[140.40716910174086,40.924402553095426],[140.413094482717,40.92604466402932],[140.41264073702712,40.927511154816926],[140.4110802960273,40.93048655184865],[140.40906026769736,40.93280677102053],[140.40477847904552,40.935890815842114],[140.40625759682504,40.93708160468353],[140.40593699007582,40.93730752650383],[140.40064462131596,40.941036031879065]]]},"properties":{"KEY_CODE":"022090300","PREF":"02","CITY":"209","CITY_NAME":"つがる市","S_NAME":"稲垣町下繁田","SETAI":"84"}},{"type":"Feature","geometry":{"type":"Polygon","coordinates":[[[140.37492556190435,40.94974455123291],[140.37158949276156,40.95018361794692],[140.36994257162192,40.95026353943124],[140.36984785760296,40.950963629804896],[140.36896590598013,40.95387882237921],[140.3690130493084,40.954489287864185],[140.37027558529843,40.95779932120371],[140.37075382071788,40.96112884338506],[140.37219127083438,40.96520567293455],[140.37251656039825,40.965885497553174],[140.3741439372799,40.96763368391522],[140.37376153595017,40.96783323609336],[140.37085678367978,40.966583813579554],[140.3692172631324,40.965991209374316],[140.36674458817544,40.96483340750106],[140.3635172989962,40.96369357797705],[140.36376681420222,40.96543578884055],[140.36163501990663,40.96498424276533],[140.3567864760095,40.963800280255576],[140.354520078638,40.96314577143663],[140.35340356682377,40.96307104588289],[140.3486475425713,40.96241009309664],[140.34207169608078,40.96197059334895],[140.3295015569143,40.96161242626919],[140.3243746175364,40.96193825623468],[140.3204096276034,40.962262719963114],[140.31266198634535,40.962294070369424],[140.31240343259716,40.96129996703075],[140.3122346925121,40.95908870457878],[140.3111830887234,40.95607380403947],[140.31046445404323,40.95279395692311],[140.31019044913063,40.9508329717838],[140.3099259626789,40.95028307585713],[140.30965631867778,40.94777340687751],[140.30929713453403,40.94631662145715],[140.31652653913775,40.94574012460958],[140.32350914504607,40.94534818840438],[140.33328879202685,40.94501201852015],[140.3381435131141,40.944716050844825],[140.3393510274151,40.94541985212397],[140.34417245123083,40.9453167592309],[140.34911075465436,40.94495873270463],[140.35441548322194,40.943528415113576],[140.3561829307192,40.943659290656136],[140.3583518169989,40.942852338302835],[140.36339784945534,40.942436958261965],[140.36329274389942,40.94118440534952],[140.36738566628628,40.94095920752462],[140.36700975376652,40.93931705386112],[140.36759099889713,40.937336132090124],[140.3770232531765,40.93702619708912],[140.374774698377,40.94092853939488],[140.37492556190435,40.94974455123291]]]},"properties":{"KEY_CODE":"022090310","PREF":"02","CITY":"209","CITY_NAME":"つがる市","S_NAME":"車力町","SETAI":"283"}},{"type":"Feature","geometry":{"type":"Polygon","coordinates":[[[140.38998167012593,40.9238939506038],[140.39175021118896,40.92631454533885],[140.38523079043438,40.92904526269872],[140.3871381435761,40.93165037979789],[140.38889108623016,40.93107764486857],[140.38947951981322,40.93114654508824],[140.38903687705402,40.93424866687749],[140.38610036870813,40.93696825223095],[140.38524688789133,40.937268805674066],[140.3856753955616,40.938181802767],[140.3851003169034,40.93846268301976],[140.3838181255924,40.939702861511044],[140.38125669484566,40.9407420085369],[140.38020106622545,40.94175705107171],[140.37967623051398,40.94331394970815],[140.37968881438255,40.944806547234585],[140.38061375507812,40.946644815257606],[140.38006758389415,40.94806711543258],[140.378574657202,40.949375429773646],[140.37645145102724,40.95029918584051],[140.3759965309224,40.950675548365616],[140.37492556190435,40.94974455123291],[140.374774698377,40.94092853939488],[140.3770232531765,40.93702619708912],[140.37705536552124,40.93626154849919],[140.37655297233403,40.935245586803475],[140.37426605049663,40.93261751326127],[140.3781145170284,40.932464737676],[140.37814277130119,40.9304390123182],[140.3784705500379,40.927533327620765],[140.38293990558586,40.925734423742824],[140.38058874329374,40.922357235824364],[140.38199524686246,40.92178084593717],[140.38256731507678,40.922627331209306],[140.3875877914785,40.920515922348876],[140.38998167012593,40.9238939506038]]]},"properties":{"KEY_CODE":"022090320","PREF":"02","CITY":"209","CITY_NAME":"つがる市","S_NAME":"下車力町","SETAI":"65"}},{"type":"Feature","geometry":{"type":"Polygon","coordinates":[[[140.3770232531765,40.93702619708912],[140.36759099889713,40.937336132090124],[140.36700975376652,40.93931705386112],[140.36738566628628,40.94095920752462],[140.36329274389942,40.94118440534952],[140.36339784945534,40.942436958261965],[140.3583518169989,40.942852338302835],[140.3561829307192,40.943659290656136],[140.35441548322194,40.943528415113576],[140.34911075465436,40.94495873270463],[140.34417245123083,40.9453167592309],[140.3393510274151,40.94541985212397],[140.3381435131141,40.944716050844825],[140.33328879202685,40.94501201852015],[140.32350914504607,40.94534818840438],[140.31652653913775,40.94574012460958],[140.30929713453403,40.94631662145715],[140.30876915388913,40.94441822179011],[140.3082791967782,40.9417180126516],[140.30753042859135,40.939420458778635],[140.30679462305193,40.935491262116784],[140.3061695138904,40.93372744103784],[140.30611206223793,40.932919338649334],[140.30528571256448,40.92967787078903],[140.30516783245366,40.92843334903807],[140.3044537539713,40.927202490492775],[140.303836199146,40.92428793675836],[140.3028786738028,40.92138912580582],[140.30219516474872,40.91763236878992],[140.30190202887204,40.916879045942736],[140.3067330303206,40.91733456213413],[140.31299967414927,40.91667077211184],[140.3161959207153,40.916419517245224],[140.31903131808713,40.91711336472491],[140.32137218228982,40.91726053149546],[140.3226220150456,40.917134715223185],[140.32436554133724,40.91651885022506],[140.3271771360205,40.91686774537017],[140.328303925343,40.916863329632115],[140.33211519848038,40.91624766606673],[140.3356359448876,40.91567777735925],[140.33658595163078,40.91565901706073],[140.33896611334524,40.915989741022095],[140.34230281003488,40.915427529031426],[140.34442004416061,40.915437810499526],[140.34520505242654,40.915241401591125],[140.347820742408,40.915291366433344],[140.34936373693003,40.915614035543335],[140.35082445275074,40.916829999638644],[140.35199796647166,40.916348816590784],[140.35499596924143,40.91539763390195],[140.35653657718424,40.91592246606061],[140.357101220848,40.91653555680117],[140.35952082606408,40.91818579059626],[140.36245745499272,40.91887336799326],[140.3645687714631,40.91954661133584],[140.36590519816843,40.920252562139034],[140.36722438926975,40.921766455023665],[140.36510048122398,40.923437725752976],[140.36456607376928,40.924035053223065],[140.36484339388832,40.92497162182499],[140.36846523648632,40.92405321809954],[140.37004219410795,40.92318764881719],[140.36993025873053,40.92222748625121],[140.3726808463444,40.92431889411379],[140.37902415278444,40.91840969482775],[140.37888346179355,40.92009743476906],[140.3804798708125,40.92240183551557],[140.38058874329374,40.922357235824364],[140.38293990558586,40.925734423742824],[140.3784705500379,40.927533327620765],[140.37814277130119,40.9304390123182],[140.3781145170284,40.932464737676],[140.37426605049663,40.93261751326127],[140.37655297233403,40.935245586803475],[140.37705536552124,40.93626154849919],[140.3770232531765,40.93702619708912]]]},"properties":{"KEY_CODE":"022090330","PREF":"02","CITY":"209","CITY_NAME":"つがる市","S_NAME":"牛潟町","SETAI":"351"}},{"type":"Feature","geometry":{"type":"Polygon","coordinates":[[[140.37902415278444,40.91840969482775],[140.3726808463444,40.92431889411379],[140.36993025873053,40.92222748625121],[140.37004219410795,40.92318764881719],[140.36846523648632,40.92405321809954],[140.36484339388832,40.92497162182499],[140.36456607376928,40.924035053223065],[140.36510048122398,40.923437725752976],[140.36722438926975,40.921766455023665],[140.36590519816843,40.920252562139034],[140.3645687714631,40.91954661133584],[140.36245745499272,40.91887336799326],[140.35952082606408,40.91818579059626],[140.357101220848,40.91653555680117],[140.35653657718424,40.91592246606061],[140.35499596924143,40.91539763390195],[140.35561389180066,40.91520151133857],[140.35799165836053,40.91577137279827],[140.35796821536636,40.9151584790088],[140.36082981089072,40.915270571291515],[140.36062520629898,40.90975936147098],[140.36043121129808,40.90962116088919],[140.3607747901629,40.905684638614154],[140.36097697093214,40.90336795971363],[140.36134246324082,40.90089519741827],[140.36204850404962,40.89883322821901],[140.3633293745981,40.89829187684164],[140.36474651519526,40.898785716072275],[140.36407287435554,40.89955835825354],[140.36397740206928,40.90030992834782],[140.3633636741409,40.901169276244566],[140.36629471621256,40.90158195877926],[140.36680745307441,40.902089191462906],[140.36846778736873,40.90244262453947],[140.36993805599715,40.90112390531464],[140.37161043578547,40.902479625864174],[140.37229187906567,40.90258712028381],[140.3743173186823,40.90236347730263],[140.37478483402626,40.902640715555336],[140.37690531073883,40.90312018131133],[140.37447155807033,40.9094927257156],[140.37881158525147,40.91052333140911],[140.37814101837228,40.91209929440107],[140.37805782957383,40.91371148902921],[140.3811398982984,40.91379918873258],[140.38110574118397,40.91477852608335],[140.3816107093902,40.914809139915704],[140.3805527732014,40.916240356292654],[140.37857429941621,40.91808731694327],[140.37902415278444,40.91840969482775]]]},"properties":{"KEY_CODE":"022090340","PREF":"02","CITY":"209","CITY_NAME":"つがる市","S_NAME":"下牛潟町","SETAI":"42"}},{"type":"Feature","geometry":{"type":"Polygon","coordinates":[[[140.3759965309224,40.950675548365616],[140.37564043235017,40.95169817620743],[140.37660516490965,40.95291622650223],[140.37720558708187,40.954393081612494],[140.3772279116854,40.95531104848097],[140.37626955802313,40.957453489975926],[140.37925635055845,40.96144091034235],[140.3802783635118,40.964083034188995],[140.38200007747756,40.966279789045416],[140.38329356239004,40.96817188887606],[140.38746391327356,40.973071339689845],[140.38985253828974,40.97532717985767],[140.39088984207842,40.97650007128703],[140.39191570899843,40.97819051931637],[140.3923992819026,40.98043293536739],[140.3922183634165,40.98225263951326],[140.3914959370229,40.985689869179076],[140.3907955672322,40.987026620149244],[140.38970096664892,40.98838014231884],[140.38509791395595,40.992934704519456],[140.38470865413137,40.99208596529126],[140.384354951729,40.99016928610459],[140.38406476634182,40.98797276661541],[140.38378030083217,40.985846341886784],[140.3838043889516,40.98410603185397],[140.38356120667927,40.98134978812578],[140.38340119545921,40.97950146514201],[140.3829273723354,40.974416077522356],[140.38265496386347,40.973459288615004],[140.38090083819313,40.97128240089138],[140.38050052758078,40.97080704545466],[140.3791030583665,40.96911290930331],[140.377008260187,40.97005465104862],[140.37643591875184,40.970149191846026],[140.3757634545019,40.97062283657256],[140.37584338566217,40.971713193207464],[140.37543645804166,40.972687141925256],[140.37471802542544,40.97299751256831],[140.37155892292088,40.97359143408536],[140.36859965480681,40.97439854907318],[140.36791405925976,40.974923596559826],[140.3659066005165,40.97476989229701],[140.3636002184298,40.974081066920604],[140.35931960571958,40.973859342532045],[140.35542168334717,40.97450254591048],[140.3524688473526,40.97445704625502],[140.35174542219923,40.973427160545775],[140.3504297904176,40.973035952176886],[140.34638021747483,40.97232046124001],[140.34631121692036,40.97263494865222],[140.33861440921547,40.97225284776342],[140.3293626183409,40.97201874210499],[140.31389207930806,40.971619660523174],[140.3138233894977,40.96906385444357],[140.31355974636378,40.967866960192445],[140.31321973318802,40.96480717914819],[140.31266198634535,40.962294070369424],[140.3204096276034,40.962262719963114],[140.3243746175364,40.96193825623468],[140.3295015569143,40.96161242626919],[140.34207169608078,40.96197059334895],[140.3486475425713,40.96241009309664],[140.35340356682377,40.96307104588289],[140.354520078638,40.96314577143663],[140.3567864760095,40.963800280255576],[140.36163501990663,40.96498424276533],[140.36376681420222,40.96543578884055],[140.3635172989962,40.96369357797705],[140.36674458817544,40.96483340750106],[140.3692172631324,40.965991209374316],[140.37085678367978,40.966583813579554],[140.37376153595017,40.96783323609336],[140.3741439372799,40.96763368391522],[140.37251656039825,40.965885497553174],[140.37219127083438,40.96520567293455],[140.37075382071788,40.96112884338506],[140.37027558529843,40.95779932120371],[140.3690130493084,40.954489287864185],[140.36896590598013,40.95387882237921],[140.36984785760296,40.950963629804896],[140.36994257162192,40.95026353943124],[140.37158949276156,40.95018361794692],[140.37492556190435,40.94974455123291],[140.3759965309224,40.950675548365616]]]},"properties":{"KEY_CODE":"022090350","PREF":"02","CITY":"209","CITY_NAME":"つがる市","S_NAME":"豊富町","SETAI":"189"}},{"type":"Feature","geometry":{"type":"Polygon","coordinates":[[[140.36738430310677,41.011241053272705],[140.36573722454975,41.0115670372782],[140.36410962528709,41.010539079206715],[140.36334185162778,41.01076580988295],[140.36272533370385,41.010358469856456],[140.36277983918973,41.009766575218336],[140.36191118460766,41.0080673102083],[140.36119246558943,41.00761845716791],[140.36036006755737,41.00648259802835],[140.3600912612522,41.00526686776028],[140.36163391082286,41.0046475731713],[140.36254529598946,41.003447360624996],[140.36412889627775,41.002570203321234],[140.36547592014435,41.00244860696346],[140.36673586354638,41.0009248655586],[140.3668867680609,40.999402263423576],[140.36591226567384,40.99872409669389],[140.36274868853477,40.99714221783093],[140.36241421683965,40.9964617731007],[140.36138431707198,40.99602564490819],[140.36052258371788,40.99624789039971],[140.35943901469778,40.99400328999034],[140.3584554176606,40.99401380508928],[140.35786370870576,40.993163920760004],[140.3571868270632,40.99343875347651],[140.35668726153224,40.99420273389837],[140.35724499082716,40.99552028645457],[140.35401640899394,40.99651618351748],[140.35226765565733,40.99721585041441],[140.349649560437,40.998457611818466],[140.34722078894634,40.99980093968449],[140.34381830307038,41.00242074760739],[140.34117770204708,41.005024774208536],[140.33828218608517,41.00846253102035],[140.3349965970209,41.00798596835622],[140.33248971815104,41.00790206791555],[140.32960947259608,41.00872230101555],[140.32870358834865,41.008630659653384],[140.32785881048372,41.0081155188809],[140.3274831256451,41.00679881699437],[140.32651467090895,41.00650742320575],[140.3263154724606,41.00563939052245],[140.32505603868367,41.0046324388165],[140.32403947274565,41.00295379499453],[140.32228717088896,41.00108662172925],[140.32213224670474,41.00068067479003],[140.3207981432446,40.999802454813135],[140.31867975881994,40.99983121988558],[140.31887908845744,40.9995571539698],[140.31842915274063,40.99693285788967],[140.31835966945533,40.9952118203233],[140.3177530911857,40.99221978308519],[140.3176210713558,40.99001491296111],[140.31696474961916,40.98703651502314],[140.31641979045435,40.983595103285616],[140.3162473820016,40.983387060592534],[140.31559451217643,40.97891907724646],[140.3147118746764,40.97774613898812],[140.313503832786,40.977839420329545],[140.31332870187472,40.97677561147854],[140.31112367244424,40.974971643259835],[140.31118366289638,40.974868700622814],[140.31344748214516,40.976722322626806],[140.31360550748843,40.97770085217226],[140.31474815525775,40.977647660989625],[140.31451621531914,40.97627860381607],[140.314641773794,40.97535974501338],[140.31404406867665,40.97536156327758],[140.3140554654756,40.97390839599459],[140.3133026954407,40.97330845651884],[140.31369670380056,40.9728707105977],[140.30950338357127,40.973327181176344],[140.30939153027896,40.97325040707457],[140.31353718911353,40.972834111409206],[140.31389207930806,40.971619660523174],[140.3293626183409,40.97201874210499],[140.33861440921547,40.972252847763464],[140.34631121692036,40.97263494865222],[140.34638021747483,40.97232046124001],[140.3504297904176,40.973035952176886],[140.35174542219923,40.973427160545775],[140.3524688473526,40.97445704625502],[140.35542168334717,40.97450254591048],[140.35931960571958,40.973859342532045],[140.3636002184298,40.974081066920604],[140.3659066005165,40.97476989229701],[140.36791405925976,40.974923596559826],[140.36859965480681,40.97439854907318],[140.37155892292088,40.97359143408536],[140.37471802542544,40.97299751256831],[140.37543645804166,40.972687141925256],[140.37584338566217,40.971713193207464],[140.3757634545019,40.97062283657256],[140.37643591875184,40.970149191846026],[140.37700826018704,40.97005465104862],[140.3791030583665,40.96911290930331],[140.38050052758078,40.97080704545466],[140.38090083819313,40.97128240089138],[140.38265496386347,40.973459288615004],[140.3829273723354,40.974416077522356],[140.38340119545921,40.97950146514201],[140.38356120667927,40.98134978812578],[140.3838043889516,40.98410603185397],[140.38378030083223,40.985846341886784],[140.38406476634182,40.98797276661541],[140.384354951729,40.99016928610459],[140.38470865413137,40.99208596529126],[140.38509791395595,40.992934704519456],[140.38251218146462,40.99550001017172],[140.38209619730918,40.996356798154686],[140.3819240087334,40.99802440545545],[140.382047852132,40.99991830897194],[140.3818750772479,41.001731759730326],[140.38183170558764,41.00212762407168],[140.38032660141133,41.00347340657204],[140.37844932037015,41.00629707845476],[140.37341576902026,41.00931552786315],[140.37218264282902,41.01038135556594],[140.36972148984253,41.01041385588653],[140.36738430310677,41.011241053272705]]]},"properties":{"KEY_CODE":"022090360","PREF":"02","CITY":"209","CITY_NAME":"つがる市","S_NAME":"富萢町","SETAI":"485"}}]}