{"type":"FeatureCollection","features":[{"type":"Feature","geometry":{"type":"Polygon","coordinates":[[[140.25551168204169,35.510548984255756],[140.25456725836,35.51085673760383],[140.25573458540305,35.51272962375075],[140.25558989599946,35.513863386089376],[140.25389335048882,35.51311646122757],[140.25329317990378,35.51214096225026],[140.25218773249225,35.51333477937548],[140.2505995253452,35.51426642970156],[140.24979926896543,35.51314830699551],[140.24950821564045,35.51252455820021],[140.24972002451875,35.51110035942082],[140.24936349277988,35.510045401402756],[140.24855382163886,35.50896140686785],[140.24740672045942,35.50787994113846],[140.24527426495044,35.506224847703486],[140.2430490863117,35.5054121254038],[140.24266698519455,35.50491026317736],[140.2425100979469,35.50370141687704],[140.24322806764084,35.5032602351902],[140.2457858040457,35.503188212828505],[140.24632983276894,35.50351614343669],[140.24802956082092,35.50338164936166],[140.24845094380345,35.50315704701307],[140.24886991291189,35.501925196550566],[140.25055647629654,35.501807933132326],[140.25162704778293,35.50227710921436],[140.25335601123197,35.501905805322394],[140.25372989826263,35.50166645508571],[140.2546675151476,35.502677894145776],[140.25517609110753,35.50242317571476],[140.25472920161775,35.501847564329154],[140.2538916905739,35.49957037532948],[140.25479411670622,35.49891170856308],[140.25471558628468,35.498352342178656],[140.25314345423766,35.497968628742605],[140.25307318295387,35.49775825548133],[140.25466460618404,35.49686428256997],[140.25606077768796,35.49720148347659],[140.2560749535775,35.49692860119406],[140.2543363190376,35.49654784742934],[140.2543572939119,35.49610576358975],[140.25547130064638,35.494437897902664],[140.25677710424966,35.494199389447274],[140.25817603268158,35.49373787604722],[140.2608464372479,35.49407197108887],[140.26146290582966,35.49433823351667],[140.2630863532919,35.49437766507837],[140.262397391571,35.49571807547687],[140.26295877211686,35.4969904868128],[140.26275032829483,35.497449462374966],[140.26355697678673,35.49779371665685],[140.26363049700595,35.4982173621952],[140.26250093616588,35.49907763894596],[140.262032633161,35.49916461063796],[140.2616235549595,35.49864508025938],[140.2607658935252,35.49923598965598],[140.2605188561042,35.50006637412263],[140.25955089263442,35.50096866723299],[140.25967258607105,35.50180701140371],[140.2607721227523,35.502595101577285],[140.26096340418457,35.50159094734973],[140.26264108506086,35.50222254538312],[140.26351015275554,35.50145560722265],[140.26397229047484,35.501094660481165],[140.26444570725133,35.50082394675478],[140.26478675351387,35.50053521930607],[140.26497365227812,35.5003276691334],[140.26663846199608,35.50169446684721],[140.26677422621233,35.50181773569112],[140.26659686829444,35.502160663119795],[140.26634811256207,35.50237121920929],[140.26614663308357,35.502581570789374],[140.26594393075217,35.5028788198815],[140.26577258556716,35.50303941942201],[140.265401780576,35.503475215261],[140.26524759235934,35.50368817877263],[140.26500096896285,35.503985586365104],[140.26500815180262,35.50406555366918],[140.26515767517097,35.50424982565673],[140.26522572562968,35.50434337575531],[140.26526547168558,35.5045156476802],[140.26519855497713,35.50463725077743],[140.2646878751318,35.50543767340692],[140.26471145453024,35.50574513272453],[140.26464017259514,35.506321923515706],[140.26407535244235,35.50694111300952],[140.26392183646695,35.507184354824965],[140.26331743532296,35.508187631634975],[140.26305894070413,35.50831731440093],[140.2628665071923,35.50833356442747],[140.2626507584852,35.50834641299093],[140.26241628927144,35.50841812561361],[140.26216041129592,35.508439776943064],[140.26211171882747,35.50863785815441],[140.2617577645177,35.508735523217375],[140.26170392276796,35.50878983082867],[140.26160897501967,35.50903606476035],[140.2614229171157,35.50911049043262],[140.2611758880472,35.509037609458545],[140.26124915636524,35.509238987577554],[140.26108096719733,35.50928877414942],[140.26084557335443,35.50912730148809],[140.2607598546537,35.50884238145257],[140.26055527969976,35.508851243497205],[140.26014920190676,35.509208331322604],[140.2599209332263,35.509255829741285],[140.25907200745885,35.50902614721491],[140.25879622651334,35.509228162987775],[140.2582624683567,35.50966163471062],[140.25804222808233,35.51054752383327],[140.25783763779486,35.51063746236276],[140.25766854652778,35.51076336616376],[140.25751824654338,35.51090089288499],[140.25744497034424,35.511011106473326],[140.25734660833837,35.511174610286254],[140.25690152728177,35.51165476818195],[140.2565745496466,35.51173524408125],[140.25653147394024,35.51172458705069],[140.25551168204169,35.510548984255756]]]},"properties":{"KEY_CODE":"121050020","PREF":"12","CITY":"105","CITY_NAME":"千葉市緑区","S_NAME":"板倉町","SETAI":"49"}},{"type":"Feature","geometry":{"type":"Polygon","coordinates":[[[140.18660003658908,35.547537555996996],[140.18580268289296,35.54780220845541],[140.18387105321676,35.54648287275436],[140.18281400116584,35.54614885825593],[140.1836323988039,35.54489983079919],[140.18378469017227,35.54416926191472],[140.18430197114154,35.54438129582559],[140.1858248332851,35.54323270500475],[140.1885220689251,35.542786919509986],[140.18807210922122,35.54180036882502],[140.1870437408888,35.54144375329136],[140.18611914900666,35.54110308893312],[140.1855398245439,35.53953910351487],[140.18493376041283,35.5388999918636],[140.1840761284061,35.53923243679551],[140.18358147164932,35.53885079452369],[140.1828360693558,35.53913507765798],[140.18215390778352,35.54025570197197],[140.18219546028627,35.54067831828295],[140.18023857127176,35.540436226972076],[140.17944822039465,35.540065000711266],[140.17823949338424,35.54000760893846],[140.17807906594297,35.54048394090439],[140.17702446242814,35.54079425568316],[140.17697997021205,35.54199140182756],[140.1761515617835,35.54222095583604],[140.17578282636208,35.54291516639722],[140.17470897927222,35.54353118056431],[140.17389296729232,35.54305397344079],[140.17220158316107,35.54291543185132],[140.17197747052043,35.54273832338069],[140.17149786066088,35.54244566571069],[140.17057534457007,35.541662352534985],[140.17043596212815,35.54181038146181],[140.170419226548,35.54172807168039],[140.17030844670097,35.54159627097104],[140.17010359800494,35.541397693453106],[140.1699992326094,35.541114574778895],[140.16999482319594,35.54089916764222],[140.16990691304088,35.540676530535606],[140.16989130627607,35.54063238423815],[140.16989773169485,35.54058729659564],[140.17005603923616,35.540463369271066],[140.17082999150492,35.54013310883272],[140.17114176810935,35.54004839617215],[140.17123523002823,35.53971821015302],[140.1704807764086,35.53917047645097],[140.1703886990832,35.53904365959927],[140.17068971808104,35.538236948286354],[140.1710551386101,35.538851581564664],[140.17227458240154,35.53903472757573],[140.1737880164451,35.53754134078833],[140.17568272032509,35.537551259036796],[140.1767027125384,35.537776398732206],[140.17763473630143,35.53677860378584],[140.17894319980735,35.53740669017775],[140.1791905516763,35.536971513035205],[140.1788128987411,35.53558267357252],[140.17912445111082,35.535200482942926],[140.1786675052058,35.53408500147454],[140.17924166740212,35.53373719296249],[140.1795368325507,35.532884533380006],[140.17954017307056,35.53288533301883],[140.1800167122558,35.53318060303692],[140.1796036289116,35.53430764663387],[140.1799619441952,35.534800575501954],[140.17985137972676,35.535496756543694],[140.18082685158842,35.53639802598423],[140.18251900772495,35.53700334001338],[140.1842093468404,35.537183187442714],[140.1856066342373,35.5379416236934],[140.18554053595867,35.53746228826877],[140.18706267296344,35.53728201841804],[140.18683359522993,35.53685365991089],[140.1874452784759,35.53588663130737],[140.1886451768432,35.53629752665028],[140.19005855328732,35.53621669691752],[140.1913467335374,35.53649318627398],[140.19201511728534,35.53731599358482],[140.19190487540024,35.53798959309586],[140.1925178158708,35.5393992851303],[140.19194030605615,35.540207754284545],[140.19156337985177,35.541229272611034],[140.19442090407912,35.54345045544062],[140.19152096830564,35.54297518315009],[140.1894228092168,35.54295999822068],[140.18869661084204,35.54407808293353],[140.18794145927828,35.54366119353036],[140.18635671009866,35.544426693990445],[140.1862575022704,35.54517781419785],[140.18529895809166,35.545645786654106],[140.18610094789386,35.54617702505547],[140.18660003658908,35.547537555996996]]]},"properties":{"KEY_CODE":"121050030","PREF":"12","CITY":"105","CITY_NAME":"千葉市緑区","S_NAME":"大金沢町","SETAI":"71"}},{"type":"Feature","geometry":{"type":"Polygon","coordinates":[[[140.2272259209396,35.51369245210173],[140.22834274596326,35.51432012429885],[140.22744543866412,35.51496321479078],[140.226114410937,35.51580686517422],[140.22559349802702,35.51645884526491],[140.2244244479418,35.51615379407147],[140.22612108860852,35.51495257736065],[140.2272259209396,35.51369245210173]]]},"properties":{"KEY_CODE":"121050040","PREF":"12","CITY":"105","CITY_NAME":"千葉市緑区","S_NAME":"大木戸町","SETAI":"0"}},{"type":"Feature","geometry":{"type":"Polygon","coordinates":[[[140.2564413427045,35.532763459537016],[140.25528601422562,35.53262525519953],[140.25283796857042,35.533907019863385],[140.2503565131654,35.534794659589686],[140.24578568705752,35.53684091822994],[140.24339045649236,35.5382425101162],[140.2422691875583,35.538721358021725],[140.24213947977168,35.53848587983589],[140.24364600145861,35.537635802596974],[140.24481847731312,35.53620863967631],[140.24635504511494,35.53526660673361],[140.24646555452392,35.533881847841556],[140.2477315825563,35.53299110964421],[140.24846709203828,35.530958061915804],[140.24821283521032,35.53027932491136],[140.2479965985632,35.527921999462826],[140.24866829780638,35.527540214155394],[140.24885244537091,35.526049642149516],[140.24782703374433,35.52584312128628],[140.2475795097437,35.52211228696339],[140.2469645482421,35.52162183787222],[140.2459836573226,35.522103121445184],[140.24607162789275,35.522701773088926],[140.2452577084042,35.5235292212501],[140.2454945098331,35.524250954493084],[140.24521093894296,35.52464408145278],[140.24390213083356,35.52496247521398],[140.2421371577575,35.524993673217956],[140.23846086095622,35.52404277794073],[140.23838830846708,35.52329574843723],[140.23817022917626,35.52295861329069],[140.23921691977964,35.52224209728383],[140.24009610976182,35.521331918622295],[140.2388587999175,35.521848393341244],[140.23831112319576,35.52150292623788],[140.23794495653254,35.52036606068686],[140.23721516919218,35.519429134995555],[140.2357209846583,35.51846750572409],[140.23349174625176,35.5185261319222],[140.23291868659115,35.520141228916096],[140.23323964050783,35.52100177521975],[140.23109061127465,35.5218285827248],[140.2312999763598,35.52082419201612],[140.23183673512057,35.5193784303846],[140.23278769941618,35.51801219292425],[140.23343047381624,35.51729816308191],[140.23487254614176,35.51627737255984],[140.23563549965897,35.51590046088995],[140.23658101061457,35.51549163242261],[140.2369745429509,35.51639461214645],[140.23841266988111,35.51711502034406],[140.2402624006256,35.51834677429049],[140.24107521800028,35.51732326140006],[140.24054623886107,35.51667516314399],[140.2408825453994,35.51629363386037],[140.24074276986482,35.513639682472984],[140.2418299924192,35.51313624781741],[140.24283979626134,35.5123407257616],[140.2446399864839,35.51020823052082],[140.24364406543435,35.509462603249716],[140.24324961140314,35.50775591000065],[140.24389650219098,35.507064178909204],[140.24323031632193,35.50611824874709],[140.2423110844962,35.50679558727533],[140.24176306983836,35.50654148431295],[140.24166724446076,35.50743681028081],[140.24215313523928,35.50782907276742],[140.24210777166041,35.50910729632265],[140.2409920768987,35.509747438904014],[140.24062273771855,35.51083751236539],[140.24020186723004,35.51066137879705],[140.2393261321684,35.509254624709875],[140.2381251167468,35.50981028136502],[140.23863263504586,35.51055851234065],[140.23670679597072,35.51145818130271],[140.23525423437067,35.510203884616445],[140.2346629616733,35.51012832953537],[140.2341098203297,35.50928024745305],[140.23192016479695,35.51055844381034],[140.23117780687483,35.50979115579694],[140.23043539783933,35.509907205361756],[140.22870461352,35.50786511610117],[140.23062695504322,35.50670503972498],[140.23071758660754,35.505403190893766],[140.23198138399187,35.50349537902857],[140.23218237141649,35.503554844255405],[140.23642094161553,35.50462586637417],[140.23927966258617,35.505164336478],[140.2430490863117,35.5054121254038],[140.24527426495044,35.506224847703486],[140.24740672045942,35.50787994113846],[140.24855382163886,35.50896140686785],[140.24936349277988,35.510045401402756],[140.24972002451875,35.51110035942082],[140.24950821564045,35.51252455820021],[140.24979926896543,35.51314830699551],[140.2476882736717,35.51572778285117],[140.24794234886605,35.516229204283924],[140.24927147755153,35.516417511383466],[140.25124160785623,35.51594460957613],[140.25257600302115,35.51648256182912],[140.25245342575164,35.518209304979536],[140.25181764338265,35.51848279516438],[140.25218107234198,35.5194014170387],[140.2533585641674,35.52110519525774],[140.25391592212253,35.5201013156439],[140.25401000041094,35.518943860295174],[140.25454510841118,35.51933275328596],[140.2545924004574,35.52036825080609],[140.25416322683316,35.52093941163627],[140.25431650763588,35.52237236181926],[140.25409983336613,35.52344572500747],[140.25219331835066,35.52436969265662],[140.2529348494752,35.52510985381494],[140.25213116416802,35.52549610364882],[140.25367751529544,35.52627640396837],[140.2551853662753,35.526806581791746],[140.25624977923212,35.527923134427226],[140.2566304785826,35.52880760882634],[140.2560633864244,35.53041633530289],[140.25694630828366,35.53122297622121],[140.25864608864362,35.53185059832166],[140.25874136165848,35.53241533379304],[140.259552807174,35.53259544787559],[140.26062844386053,35.53194617400094],[140.26084100713715,35.53228246742325],[140.25975296030398,35.53266509615682],[140.25716817886405,35.532853992446185],[140.2564413427045,35.532763459537016]]]},"properties":{"KEY_CODE":"121050040","PREF":"12","CITY":"105","CITY_NAME":"千葉市緑区","S_NAME":"大木戸町","SETAI":"603"}},{"type":"Feature","geometry":{"type":"Polygon","coordinates":[[[140.25454510841118,35.51933275328596],[140.25401000041094,35.518943860295174],[140.25391592212253,35.5201013156439],[140.2533585641674,35.52110519525774],[140.25218107234198,35.5194014170387],[140.25181764338265,35.51848279516438],[140.25245342575164,35.518209304979536],[140.25257600302115,35.51648256182912],[140.25124160785623,35.51594460957613],[140.24927147755153,35.516417511383466],[140.24794234886605,35.516229204283924],[140.2476882736717,35.51572778285117],[140.24979926896543,35.51314830699551],[140.2505995253452,35.51426642970156],[140.25218773249225,35.51333477937548],[140.25329317990378,35.51214096225026],[140.25389335048882,35.51311646122757],[140.25558989599946,35.513863386089376],[140.25573458540305,35.51272962375075],[140.25456725836,35.51085673760383],[140.25551168204169,35.510548984255756],[140.25653147394024,35.51172458705069],[140.25683869057028,35.51207053466236],[140.25757190423838,35.51386699580242],[140.25843888753545,35.51448444679187],[140.26018955653956,35.51406629498005],[140.26005344492444,35.5150577260713],[140.2595261715019,35.516162333876444],[140.2600733885438,35.51604842584787],[140.26107467714445,35.51703472927867],[140.2621440494736,35.51644319863851],[140.26248768283835,35.51678453386199],[140.26264723941978,35.51827124429132],[140.26311214313566,35.518986293116726],[140.26209582034892,35.51928560312648],[140.26103119439358,35.51904931820609],[140.26074355590305,35.51791745678008],[140.25990842862123,35.51822688159218],[140.25857185107319,35.51795308827491],[140.25841909076848,35.518669297900324],[140.25511721120557,35.519531735570375],[140.25454510841118,35.51933275328596]]]},"properties":{"KEY_CODE":"121050050","PREF":"12","CITY":"105","CITY_NAME":"千葉市緑区","S_NAME":"大椎町","SETAI":"0"}},{"type":"Feature","geometry":{"type":"Polygon","coordinates":[[[140.26062844386053,35.53194617400094],[140.259552807174,35.53259544787559],[140.25874136165848,35.53241533379304],[140.25864608864362,35.53185059832166],[140.25694630828366,35.53122297622121],[140.2560633864244,35.53041633530289],[140.2566304785826,35.52880760882634],[140.25624977923212,35.527923134427226],[140.2551853662753,35.526806581791746],[140.25367751529544,35.52627640396837],[140.25213116416802,35.52549610364882],[140.2529348494752,35.52510985381494],[140.25392198836732,35.52554008488603],[140.25456474010863,35.52493958737148],[140.25537881946028,35.52502342054879],[140.25753280357978,35.52618046018178],[140.25825549039877,35.526895030644916],[140.2594508460499,35.527292242423734],[140.26015212240722,35.52784356931906],[140.26056989173966,35.52976990579372],[140.2600680760632,35.53017247311913],[140.26051500947065,35.530444921104674],[140.2595522556553,35.53091872818845],[140.25960673227496,35.5313117753087],[140.26052576504833,35.53145692391306],[140.26062844386053,35.53194617400094]]]},"properties":{"KEY_CODE":"121050050","PREF":"12","CITY":"105","CITY_NAME":"千葉市緑区","S_NAME":"大椎町","SETAI":"969"}},{"type":"Feature","geometry":{"type":"Polygon","coordinates":[[[140.2543442070863,35.54355668836877],[140.2544394171683,35.544030939308776],[140.25299619972702,35.54400556293846],[140.25154198553656,35.543189535974015],[140.24638263629302,35.54058036789438],[140.24429317486434,35.53991403698113],[140.2418532458495,35.53883955188805],[140.2422691875583,35.538721358021725],[140.24339045649236,35.5382425101162],[140.24578568705752,35.53684091822994],[140.2503565131654,35.534794659589686],[140.25283796857042,35.533907019863385],[140.25528601422562,35.53262525519953],[140.2564413427045,35.532763459537016],[140.25570806411432,35.533807762227624],[140.25755938946912,35.53377195599004],[140.25672252759043,35.53655503178874],[140.25669679020652,35.53825668106777],[140.2564137907482,35.5394863686428],[140.2555623105941,35.540615947535414],[140.25466956335268,35.54216619213656],[140.2543442070863,35.54355668836877]]]},"properties":{"KEY_CODE":"121050060","PREF":"12","CITY":"105","CITY_NAME":"千葉市緑区","S_NAME":"大高町","SETAI":"147"}},{"type":"Feature","geometry":{"type":"Polygon","coordinates":[[[140.22527305575542,35.524979624791015],[140.2239997705702,35.524847024733766],[140.2231877339425,35.52430408833503],[140.22223906856286,35.52396830434925],[140.22215582376484,35.523553354251504],[140.22181692818288,35.523244762027026],[140.2214974535474,35.52297983248102],[140.22154802921682,35.52266355887425],[140.22193810144032,35.52253158946431],[140.22300915224707,35.52299179484493],[140.22300398722882,35.522868546727],[140.22093149498858,35.52175523377541],[140.22159136470714,35.521645447804026],[140.22306787096798,35.52191709002083],[140.22478608423378,35.52190825408521],[140.22458313539465,35.5214999675517],[140.22410477517545,35.52158533546939],[140.22263925223712,35.521631360278626],[140.2218582267398,35.521427091612836],[140.22067991336837,35.52134213503809],[140.22075061333285,35.520903265574105],[140.22097716334326,35.52081742706963],[140.22166511265638,35.520717902861186],[140.22301952707593,35.52070137095346],[140.22425984319403,35.51989785630242],[140.224438406826,35.51952803738476],[140.22439487191633,35.519077509907554],[140.22437439733605,35.518595747175645],[140.22232133179696,35.517626648257384],[140.22312936197233,35.51707591877887],[140.2244244479418,35.51615379407147],[140.22559349802702,35.51645884526491],[140.226114410937,35.51580686517422],[140.22744543866412,35.51496321479078],[140.22834274596326,35.51432012429885],[140.2272259209396,35.51369245210173],[140.22849821480017,35.5137434226534],[140.22802752885642,35.51277691934767],[140.22799393990832,35.5126715812123],[140.2279564117446,35.512439152097976],[140.2279504709723,35.51235174942809],[140.22799478486255,35.51194867755879],[140.22802196401875,35.51187109215183],[140.2281345047631,35.511664294457184],[140.22825600837967,35.51148454084577],[140.2283414392031,35.511377893048085],[140.22841721253064,35.51131275476293],[140.2288281595893,35.51104099590145],[140.2305400957236,35.510042515928696],[140.23324678237145,35.5126591218087],[140.23444914877436,35.51365491164074],[140.23663852935476,35.51520494905746],[140.23667051850282,35.5154439067883],[140.23563549965897,35.51590046088995],[140.23487254614176,35.51627737255984],[140.23343047381624,35.51729816308188],[140.23278769941618,35.51801219292425],[140.23183673512057,35.5193784303846],[140.2312999763598,35.52082419201612],[140.23109061127465,35.5218285827248],[140.23097780525967,35.52391943371362],[140.22854368598985,35.5235632687479],[140.22782521396908,35.52371007850379],[140.22727378445256,35.524256021904286],[140.22568990084056,35.52465129972535],[140.22527305575542,35.524979624791015]]]},"properties":{"KEY_CODE":"12105007001","PREF":"12","CITY":"105","CITY_NAME":"千葉市緑区","S_NAME":"大野台一丁目","SETAI":"0"}},{"type":"Feature","geometry":{"type":"Polygon","coordinates":[[[140.23043539783933,35.509907205361756],[140.23117780687483,35.50979115579694],[140.23192016479695,35.51055844381034],[140.2341098203297,35.50928024745305],[140.2346629616733,35.51012832953537],[140.23525423437067,35.510203884616445],[140.23670679597072,35.51145818130271],[140.23863263504586,35.51055851234065],[140.2381251167468,35.50981028136502],[140.2393261321684,35.509254624709875],[140.24020186723004,35.51066137879705],[140.24062273771855,35.51083751236539],[140.2409920768987,35.509747438904014],[140.24210777166041,35.50910729632265],[140.24215313523928,35.50782907276742],[140.24166724446076,35.50743681028081],[140.24176306983836,35.50654148431295],[140.2423110844962,35.50679558727533],[140.24323031632193,35.50611824874709],[140.24389650219098,35.507064178909204],[140.24324961140314,35.50775591000065],[140.24364406543435,35.509462603249716],[140.2446399864839,35.51020823052082],[140.24283979626134,35.5123407257616],[140.2418299924192,35.51313624781741],[140.24074276986482,35.513639682472984],[140.2408825453994,35.51629363386037],[140.24054623886107,35.51667516314399],[140.24107521800028,35.51732326140006],[140.2402624006256,35.51834677429049],[140.23841266988111,35.51711502034406],[140.2369745429509,35.51639461214645],[140.23658101061457,35.51549163242261],[140.23667051850282,35.5154439067883],[140.23663852935476,35.51520494905746],[140.23444914877436,35.51365491164074],[140.23324678237145,35.5126591218087],[140.2305400957236,35.510042515928696],[140.23043539783933,35.509907205361756]]]},"properties":{"KEY_CODE":"12105007002","PREF":"12","CITY":"105","CITY_NAME":"千葉市緑区","S_NAME":"大野台二丁目","SETAI":"0"}},{"type":"Feature","geometry":{"type":"Polygon","coordinates":[[[140.16098968451394,35.544225589536104],[140.15998983097387,35.54436981850051],[140.1593176135848,35.54535324858557],[140.15888271422907,35.54527150188253],[140.1587498037787,35.54596773592319],[140.15737164956573,35.546111164230794],[140.1568549699485,35.54570424606528],[140.1565031725762,35.544871396538845],[140.1562502839361,35.54366237918644],[140.155685603041,35.54338266358307],[140.15587535308336,35.5428341033956],[140.15788208367516,35.54324877674334],[140.15786685614478,35.54274044733451],[140.15692337150716,35.542613162938395],[140.15590523853166,35.5417262268516],[140.15610500640594,35.540920741994356],[140.1570933460283,35.54124438695983],[140.15818749944324,35.54070874001632],[140.158059411535,35.540110539173284],[140.16002602335328,35.540707355479],[140.16022712761625,35.54163704003748],[140.1623664917577,35.54128684230042],[140.1630487715084,35.54171680410737],[140.16286486017933,35.541783996374086],[140.16212994922327,35.54224751292114],[140.16246091396218,35.54226734712693],[140.16273974554167,35.542490137617264],[140.16263755190974,35.54258143633143],[140.16226108120077,35.54276908252594],[140.16193358425122,35.543061098991586],[140.16176358766097,35.54302733838073],[140.16160931485567,35.54306289905415],[140.16147926365574,35.543364305357606],[140.16110829553185,35.54354559497254],[140.16113841594762,35.543632976150064],[140.16118270530154,35.543950139109285],[140.1610179866921,35.544132660913085],[140.16098968451394,35.544225589536104]]]},"properties":{"KEY_CODE":"121050080","PREF":"12","CITY":"105","CITY_NAME":"千葉市緑区","S_NAME":"落井町","SETAI":"71"}},{"type":"Feature","geometry":{"type":"Polygon","coordinates":[[[140.23194312580304,35.54234503335313],[140.23008578574078,35.54296501399303],[140.22822521802294,35.54359940953915],[140.2276413917003,35.54233881372235],[140.22706336977083,35.542146911218104],[140.22407353154992,35.54272494058229],[140.22559766252527,35.54200966909339],[140.22725003297435,35.54092663965924],[140.22810501714167,35.54019834727122],[140.22888599905014,35.53953402361679],[140.22904512800815,35.539396914801486],[140.22927792255035,35.53912294618568],[140.22937686364935,35.53883726994462],[140.22959408420968,35.53842979659951],[140.22978981974344,35.53817112412248],[140.23039545167254,35.53738595967414],[140.2306354340067,35.53706946222532],[140.2308607199364,35.53678639273599],[140.23143912707553,35.535764512562444],[140.2317644753537,35.53467671007126],[140.2317725946038,35.53444900990291],[140.23180636076893,35.53431108167879],[140.23201515493608,35.53353450612276],[140.23202230140507,35.533473778863815],[140.2315073965881,35.53305176851095],[140.23078412516134,35.53279580224381],[140.23037741732287,35.53184575944199],[140.2296700065074,35.531036540982065],[140.22937584467326,35.52988397612389],[140.22849261978146,35.52925921405291],[140.22916026910633,35.52844084108143],[140.22786339120339,35.52869473030845],[140.22815912026212,35.528044473806226],[140.2265563378241,35.527945362739814],[140.2266781393993,35.52731383994354],[140.22598133921446,35.52662545311298],[140.22560347606333,35.52613032481631],[140.22527305575542,35.524979624791015],[140.22568990084056,35.52465129972535],[140.22727378445256,35.524256021904286],[140.22782521396908,35.52371007850379],[140.22854368598985,35.5235632687479],[140.23097780525967,35.52391943371362],[140.23109061127465,35.5218285827248],[140.23323964050783,35.52100177521975],[140.23291868659115,35.520141228916096],[140.23349174625176,35.5185261319222],[140.2357209846583,35.51846750572409],[140.23721516919218,35.519429134995555],[140.23794495653254,35.52036606068686],[140.23831112319576,35.52150292623788],[140.2388587999175,35.521848393341244],[140.24009610976182,35.521331918622295],[140.23921691977964,35.52224209728383],[140.23817022917626,35.52295861329069],[140.23838830846708,35.52329574843723],[140.23846086095622,35.52404277794073],[140.2421371577575,35.524993673217956],[140.24390213083356,35.52496247521398],[140.24521093894296,35.52464408145278],[140.2454945098331,35.524250954493084],[140.2452577084042,35.5235292212501],[140.24607162789275,35.522701773088926],[140.2459836573226,35.522103121445184],[140.2469645482421,35.52162183787222],[140.2475795097437,35.52211228696339],[140.24782703374433,35.52584312128628],[140.24885244537091,35.526049642149516],[140.24866829780638,35.527540214155394],[140.2479965985632,35.527921999462826],[140.24821283521032,35.53027932491136],[140.24846709203828,35.530958061915804],[140.2477315825563,35.53299110964421],[140.24646555452392,35.533881847841556],[140.24635504511494,35.53526660673361],[140.24481847731312,35.53620863967631],[140.24364600145861,35.537635802596974],[140.24213947977168,35.53848587983589],[140.2422691875583,35.538721358021725],[140.2418532458495,35.53883955188805],[140.24055765739536,35.539223019805796],[140.2391956032211,35.540258523523384],[140.23639139239197,35.541121581849666],[140.23440612319828,35.54159983590833],[140.23194312580304,35.54234503335313]]]},"properties":{"KEY_CODE":"121050090","PREF":"12","CITY":"105","CITY_NAME":"千葉市緑区","S_NAME":"越智町","SETAI":"1471"}},{"type":"Feature","geometry":{"type":"Polygon","coordinates":[[[140.2712358688494,35.5127068304749],[140.27045904951117,35.511136192419606],[140.26953206425398,35.51138366584347],[140.26995121693983,35.51236267890425],[140.2692498422235,35.51295237523441],[140.2690733144848,35.51359287309926],[140.26851812816355,35.51372154084175],[140.26770202949805,35.51250940399133],[140.26675252764431,35.5116304239756],[140.26753263535292,35.51122830332783],[140.26670416793567,35.510904994942315],[140.2663067808864,35.50996996731774],[140.2653127060097,35.5102252207365],[140.2648486996842,35.50929524655779],[140.26432979879138,35.50938784307469],[140.26331743532296,35.508187631634975],[140.26392183646695,35.507184354824965],[140.26407535244235,35.50694111300952],[140.26464017259514,35.50632192351569],[140.26471145453024,35.50574513272453],[140.2646878751318,35.50543767340692],[140.26519855497713,35.50463725077743],[140.26526547168558,35.5045156476802],[140.26522572562968,35.50434337575531],[140.26515767517097,35.50424982565673],[140.26500815180262,35.50406555366918],[140.26500096896285,35.503985586365104],[140.26524759235934,35.50368817877263],[140.265401780576,35.503475215261],[140.26577258556716,35.50303941942201],[140.26594393075217,35.5028788198815],[140.26614663308357,35.502581570789374],[140.26634811256207,35.50237121920929],[140.26659686829444,35.502160663119795],[140.26690993785644,35.50193096968443],[140.2687279646346,35.50081562810891],[140.2705218781336,35.50017027270433],[140.27141843200815,35.49938767440987],[140.27135638181963,35.498494861389695],[140.2700597436893,35.49639899274298],[140.26989605062008,35.49564363973292],[140.27001613342844,35.493592721700864],[140.2716742586493,35.493613495430075],[140.2722033798236,35.493948451984565],[140.27229485680544,35.49406617750747],[140.2723443783023,35.49413958503263],[140.27229629618984,35.4943337712283],[140.27219866160337,35.49444785889547],[140.2718397940462,35.494710083521554],[140.27152032691828,35.49506414597701],[140.27106879978928,35.49541890737663],[140.27067305697244,35.49586102790647],[140.27062489347887,35.49605075962286],[140.27062958813167,35.4961644630664],[140.27086540986107,35.49662852687682],[140.27118629114048,35.49691839346831],[140.27176815562927,35.49726836204644],[140.27198922858855,35.49740215233921],[140.27255233980887,35.497818569531276],[140.27261890006093,35.497962888346144],[140.27310914281685,35.49871319996833],[140.2733268335468,35.49886499346625],[140.2735366327944,35.49898224232846],[140.2737797267043,35.499189711082494],[140.2740669106522,35.49939716021323],[140.2740784273578,35.4995775925889],[140.27397971848816,35.49976709075988],[140.27394725969268,35.50000165863221],[140.27388163161535,35.5002092020292],[140.2738487284835,35.500272343703095],[140.2736837202362,35.50040772171475],[140.27365142993455,35.500714463732905],[140.2735120947753,35.50090829875647],[140.2737278248587,35.50106210729737],[140.2738405209097,35.50134599861099],[140.27385214503008,35.50156251841078],[140.27385275457314,35.50179710590008],[140.27367250365353,35.50221525684856],[140.27382244802575,35.50285270854699],[140.27440914919055,35.50373678662642],[140.27474133180849,35.50425999901073],[140.27479722188315,35.50453969939327],[140.27479827896374,35.50493666769173],[140.2747575171068,35.505356918309104],[140.27474444750135,35.50543290914044],[140.274691353078,35.505593792541944],[140.2742096818312,35.50752613804014],[140.27303257763157,35.5076252143327],[140.27238093809368,35.50818501165363],[140.27144893266802,35.51020612729827],[140.2712358688494,35.5127068304749]]]},"properties":{"KEY_CODE":"121050100","PREF":"12","CITY":"105","CITY_NAME":"千葉市緑区","S_NAME":"小山町","SETAI":"10"}},{"type":"Feature","geometry":{"type":"Polygon","coordinates":[[[140.18322457729226,35.56036267240759],[140.18223707353903,35.563175155762295],[140.18155647409628,35.56303780559164],[140.18129924589488,35.56530969348436],[140.17964614849703,35.565429419951194],[140.17860854660105,35.56531513494293],[140.17693012112184,35.567064690097],[140.17669663913063,35.566817312095914],[140.17596569351912,35.56731535846756],[140.17591278469325,35.567856339398894],[140.17537754111208,35.5679791490617],[140.17507876273243,35.56925990379211],[140.17561863618647,35.570736181905076],[140.17431704435575,35.571575161692586],[140.17278197520824,35.57313323185773],[140.17111134855725,35.57231916867625],[140.17215428199128,35.570993233719214],[140.17362408285246,35.57004971034628],[140.17238430739255,35.56884390104127],[140.1727420268616,35.5684869216688],[140.17199511471296,35.56820961019831],[140.17185483922628,35.568017164623626],[140.1718347979258,35.56798922116047],[140.17165144519583,35.56772794010371],[140.17198535755577,35.56764823870465],[140.17157112285994,35.5675921146257],[140.17029800917874,35.56782373813851],[140.16982154745168,35.567604242374905],[140.16928128401946,35.567409233839726],[140.16945889423272,35.56689134499067],[140.1695077966193,35.56671004663193],[140.16962037401657,35.565917379659545],[140.16947381234712,35.56516061764765],[140.1693213889499,35.56485189480447],[140.16922592849556,35.56447199044699],[140.1692192714499,35.56443570725289],[140.17307845843277,35.565046600273966],[140.17501737119355,35.56481675579762],[140.17693677605365,35.56404146578143],[140.17827797058098,35.56286580264966],[140.18059279740226,35.56104281116147],[140.18218324936836,35.560165157112635],[140.1833287012842,35.55991576678842],[140.18322457729226,35.56036267240759]]]},"properties":{"KEY_CODE":"121050120","PREF":"12","CITY":"105","CITY_NAME":"千葉市緑区","S_NAME":"鎌取町","SETAI":"1370"}},{"type":"Feature","geometry":{"type":"Polygon","coordinates":[[[140.28720029209833,35.549055849090735],[140.28723284912522,35.55045566576376],[140.28761252274387,35.55152028850989],[140.28777815283837,35.55495221719024],[140.28623868178084,35.55590783030909],[140.28615828690002,35.5565481709137],[140.28772647983178,35.556638772618456],[140.2876655992202,35.55750906254953],[140.28604766386357,35.55823258956826],[140.28540290651975,35.557953497037104],[140.2844004275753,35.55826521618636],[140.2841854160028,35.5606936868274],[140.28292851953648,35.5611643498976],[140.28290845095324,35.561515077381145],[140.2837902440023,35.561602823971086],[140.2823683510623,35.56315036402578],[140.282081841692,35.56181559026175],[140.2813213827226,35.56152904388935],[140.2797591616745,35.56028282032778],[140.2781802903778,35.55842367693104],[140.27684078013036,35.5577417511408],[140.2764780572411,35.557763816564666],[140.27746830279378,35.55681872689821],[140.2756700586048,35.55536798168361],[140.27576928859818,35.55505562740749],[140.27489815973703,35.55469347147977],[140.27545285587098,35.55388240638692],[140.27494365736501,35.55380342277953],[140.27574476045243,35.55297930347729],[140.27611159209695,35.553186760857756],[140.27628242347066,35.552385174788476],[140.27419094825328,35.55111914214846],[140.27284723591507,35.55064808491208],[140.27181568422958,35.55179580198904],[140.2714739434164,35.55160944440421],[140.27161195389806,35.55103385165519],[140.27280395149845,35.55000466799295],[140.2732231988896,35.54863484176721],[140.27296816223782,35.54719534976703],[140.27232168629982,35.5467533364956],[140.2721055663558,35.54595998424977],[140.27306781083277,35.54706428810008],[140.27333609367184,35.547916953265315],[140.27375902351378,35.54801365458066],[140.27425187130686,35.54918094967269],[140.27473341548466,35.54911071462674],[140.27568583514727,35.5500257368219],[140.278009590279,35.55082037997288],[140.27817640735512,35.55047541305748],[140.27918572448107,35.550865143308904],[140.2790315964026,35.5513520306564],[140.27961729640003,35.551362481284194],[140.280709776691,35.55067918183353],[140.2817763916258,35.55013314750596],[140.2824101795307,35.54898524384281],[140.2830468074934,35.5483581539251],[140.28442580298406,35.54902635421869],[140.2857346350747,35.5493232733023],[140.28720029209833,35.549055849090735]]]},"properties":{"KEY_CODE":"121050130","PREF":"12","CITY":"105","CITY_NAME":"千葉市緑区","S_NAME":"上大和田町","SETAI":"46"}},{"type":"Feature","geometry":{"type":"Polygon","coordinates":[[[140.1644089510203,35.54801742150273],[140.1630176389943,35.5492940129158],[140.1604967899372,35.54784692964027],[140.15862854166545,35.54765188623031],[140.15820080612568,35.54799106342908],[140.15710384364016,35.54700697916309],[140.15600650520128,35.54760663766025],[140.1554657519917,35.54725386152746],[140.1554724630173,35.54670937825815],[140.15431135886186,35.54651779370427],[140.15468446945604,35.54488794966808],[140.1565031725762,35.544871396538845],[140.1568549699485,35.54570424606528],[140.15737164956573,35.546111164230794],[140.1587498037787,35.54596773592319],[140.15888271422907,35.54527150188253],[140.1593176135848,35.54535324858557],[140.15998983097387,35.54436981850051],[140.16098968451394,35.544225589536104],[140.16163114640966,35.544656509395516],[140.16160392997946,35.54501985214591],[140.16187689503317,35.54515160663025],[140.16200497053944,35.54491146911444],[140.162116772182,35.545005810645165],[140.1623775989237,35.54513492111383],[140.1629911461647,35.54520352285107],[140.16300984781523,35.54519357787877],[140.16304950070622,35.545175441209835],[140.16312552027622,35.545158084583626],[140.16326448690833,35.545150520583846],[140.16339674791746,35.545125791864066],[140.1635354945956,35.54506953083346],[140.16476848423622,35.54503008495084],[140.1654264122559,35.54543031074156],[140.16620455442677,35.547166066526266],[140.16433564786502,35.54762371943553],[140.1644089510203,35.54801742150273]]]},"properties":{"KEY_CODE":"121050140","PREF":"12","CITY":"105","CITY_NAME":"千葉市緑区","S_NAME":"刈田子町","SETAI":"186"}},{"type":"Feature","geometry":{"type":"Polygon","coordinates":[[[140.17050969232182,35.544247950185905],[140.1704545697035,35.544254407885276],[140.1701279156272,35.544212963606306],[140.16939222156213,35.54368231894571],[140.16940061966986,35.543583142271004],[140.16928480926032,35.543582549629505],[140.16988403184814,35.54233065116791],[140.17039434571643,35.541950284418135],[140.17057534457007,35.541662352534985],[140.17149786066088,35.54244566571069],[140.17197747052043,35.54273832338069],[140.17220158316107,35.54291543185132],[140.17171873558084,35.543498196470736],[140.17194316115035,35.543626467530665],[140.17191213717803,35.543851023844816],[140.17163144333605,35.54398519414994],[140.17134617349316,35.54408247301449],[140.17125445095206,35.54404304765674],[140.17120725574324,35.54409546801441],[140.1711348681394,35.544197536787394],[140.17099639147688,35.54431598623386],[140.17067075623893,35.54425563298947],[140.17050969232182,35.544247950185905]]]},"properties":{"KEY_CODE":"121050150","PREF":"12","CITY":"105","CITY_NAME":"千葉市緑区","S_NAME":"小金沢町","SETAI":"32"}},{"type":"Feature","geometry":{"type":"Polygon","coordinates":[[[140.16379240856457,35.550480855280185],[140.161248611145,35.551299078180236],[140.16085408472392,35.55085212904706],[140.15954127415668,35.55054834106893],[140.15897067665207,35.55075449364396],[140.15888530180308,35.55147763972232],[140.15951266014258,35.55167245735039],[140.15870052963095,35.55189549233912],[140.15750598175097,35.55304527183746],[140.15648081231282,35.552111475931376],[140.15431761947463,35.551835091833134],[140.15178402552147,35.55129327879832],[140.14993341977896,35.55026650474642],[140.14917380611635,35.55004648026689],[140.14869638442366,35.54940438293073],[140.14937016402223,35.54839027325819],[140.15031963191004,35.547825436389644],[140.15092833548294,35.54706423928411],[140.15065194867353,35.546890708808576],[140.15132306117317,35.54587403148798],[140.1518535986523,35.54672891873876],[140.15258754507548,35.54684775003539],[140.15286057587633,35.547284203048115],[140.15401753255404,35.547831901260324],[140.15461148708835,35.5471164228241],[140.1554657519917,35.54725386152746],[140.15600650520128,35.54760663766025],[140.15710384364016,35.54700697916309],[140.15820080612568,35.54799106342908],[140.15862854166545,35.54765188623031],[140.1604967899372,35.54784692964027],[140.1630176389943,35.5492940129158],[140.1644089510203,35.54801742150273],[140.16423622748582,35.54894274798659],[140.1650973927787,35.548859249934466],[140.16527374901875,35.549631256615996],[140.16379240856457,35.550480855280185]]]},"properties":{"KEY_CODE":"121050160","PREF":"12","CITY":"105","CITY_NAME":"千葉市緑区","S_NAME":"椎名崎町","SETAI":"389"}},{"type":"Feature","geometry":{"type":"Polygon","coordinates":[[[140.27963468180187,35.57099403526071],[140.2793159179517,35.57111665545852],[140.2791542110948,35.57119788510864],[140.27871486891095,35.57155383097006],[140.27840331528176,35.5716564929811],[140.277928094641,35.57179010986566],[140.27703678592303,35.57157505112345],[140.2763150557383,35.57138379959944],[140.2757745602399,35.57126057564897],[140.27539046026314,35.57107656405768],[140.27515576654062,35.5709087993735],[140.27486082618475,35.570550906025225],[140.2748310143877,35.56999260837827],[140.27481103247422,35.56981352961288],[140.2741417225059,35.569440066953184],[140.27390133215587,35.569403303580785],[140.27353665022767,35.56895192916693],[140.27323763133256,35.568830555593024],[140.2725477721102,35.56870757470263],[140.271369171057,35.56884259575546],[140.27072286304022,35.56926895262529],[140.2702672949234,35.5688983564531],[140.270730327418,35.56781890767283],[140.26961008032512,35.56772740957099],[140.26932507808377,35.56745171975158],[140.2692299390661,35.56617570966132],[140.26960921221172,35.56572993926195],[140.27098740889804,35.56578260926372],[140.27102998637727,35.56549580314933],[140.2695097161035,35.56424556700175],[140.26921465361465,35.56354956865656],[140.2679696395746,35.56240972912524],[140.26745981784518,35.56115685729756],[140.26782271072523,35.56115191773117],[140.26738737932337,35.55982941014437],[140.26670699125162,35.55866731933326],[140.266428147762,35.55731177981283],[140.26608474331024,35.55744822168636],[140.2663370646387,35.558198116163844],[140.2661244812398,35.55865677939971],[140.26526818321707,35.55860849202538],[140.2645055580814,35.558936637949856],[140.2629830648604,35.55890153380305],[140.26259655369233,35.55922839123027],[140.26101853803408,35.55973867681316],[140.26030401061294,35.55938968957495],[140.25909390566852,35.560414311532476],[140.2583019033505,35.562064782664365],[140.25780328202222,35.56205930548849],[140.25728190975002,35.56296341989005],[140.25578075511217,35.56424768940957],[140.2537501875644,35.56199858909009],[140.2522986619243,35.56057642482676],[140.25013904913143,35.559255212278615],[140.25091873452533,35.558683161778035],[140.2524327080828,35.55793366584302],[140.25445816618918,35.5571426069064],[140.25505263307036,35.55755522110012],[140.25608302114503,35.55773464118767],[140.25724717545398,35.557514699734774],[140.25810959526225,35.555476700023064],[140.2585604824081,35.55339379696049],[140.25861466487973,35.551918315621286],[140.2579765216106,35.54972240457712],[140.25634775028462,35.54868131541588],[140.25449010267312,35.548395265871655],[140.2544418293621,35.54733792392499],[140.25528935855908,35.54467064378846],[140.258359373909,35.54539185594291],[140.25943681427867,35.54556900890477],[140.2600177574752,35.546963247252606],[140.26149375800432,35.54702742739099],[140.26285201494085,35.54677915427408],[140.2637079654965,35.54588410207627],[140.26376083976697,35.54547134264604],[140.26471056820438,35.5463149303441],[140.26654159548758,35.54679038485911],[140.26649349934382,35.54524377561712],[140.2651657362257,35.54342676159561],[140.26458225035088,35.54320979184118],[140.2643959381703,35.54220538410714],[140.26478344845611,35.54227882825287],[140.2649327737191,35.54317431796972],[140.26603534233521,35.54353633372154],[140.26673823863973,35.544418114933],[140.2670092351704,35.546589519922165],[140.2677021687978,35.54815148271],[140.26905079919297,35.55017006961104],[140.2697931891436,35.55067927186181],[140.27075181526322,35.55229490811866],[140.2714739434164,35.55160944440421],[140.27181568422958,35.55179580198904],[140.27284723591507,35.55064808491208],[140.27419094825328,35.55111914214846],[140.27628242347066,35.552385174788476],[140.27611159209695,35.553186760857756],[140.27574476045243,35.55297930347729],[140.27494365736501,35.55380342277953],[140.27545285587098,35.55388240638692],[140.27489815973703,35.55469347147977],[140.27576928859818,35.55505562740749],[140.2756700586048,35.55536798168361],[140.27746830279378,35.55681872689821],[140.2764780572411,35.557763816564666],[140.27684078013036,35.5577417511408],[140.2781802903778,35.55842367693104],[140.2797591616745,35.56028282032778],[140.2813213827226,35.56152904388935],[140.282081841692,35.56181559026175],[140.2823683510623,35.56315036402578],[140.2837902440023,35.561602823971086],[140.28290845095324,35.561515077381145],[140.28292851953648,35.5611643498976],[140.2841854160028,35.5606936868274],[140.2844004275753,35.55826521618636],[140.28540290651975,35.557953497037104],[140.28604766386357,35.55823258956826],[140.2876655992202,35.55750906254953],[140.28772647983178,35.556638772618456],[140.28615828690002,35.5565481709137],[140.28623868178084,35.55590783030909],[140.28777815283837,35.55495221719024],[140.28761252274387,35.55152028850989],[140.28723284912522,35.55045566576376],[140.28720029209833,35.549055849090735],[140.2920168490888,35.54817682709706],[140.2921186132912,35.549557318306796],[140.29181008329653,35.549793717304816],[140.2911771983557,35.552070949114174],[140.2914321169807,35.55368486474781],[140.29110349895817,35.555628643421606],[140.2917473586899,35.557008352689245],[140.29328681743524,35.559138274296735],[140.29428409117094,35.56036099298982],[140.29308323817224,35.561595950943634],[140.29347199558057,35.56281514996355],[140.29276397338268,35.56336514046093],[140.29214475011776,35.56437251387254],[140.29135214818308,35.564755784579816],[140.28963433836688,35.566065146780986],[140.28852676206768,35.566395862572804],[140.28846345697596,35.56730746767732],[140.28811205434744,35.567948938718004],[140.28843973069658,35.569701144346304],[140.28980678954107,35.56977910840135],[140.28876162377676,35.5700861447695],[140.2886831542061,35.57008619515145],[140.28862354837074,35.570084623936665],[140.28856402798172,35.57009027093748],[140.28852658474244,35.57009851053256],[140.28841979154038,35.570142186471564],[140.28837476875995,35.57017390438888],[140.28834840517106,35.57019833387231],[140.28830562094336,35.570237261345774],[140.28829246350983,35.57024991666456],[140.28828370156657,35.570262589509376],[140.2882815448915,35.570269816216815],[140.28826526387968,35.570316741410494],[140.28823800784556,35.57037363828811],[140.28814054381178,35.5705047049484],[140.2880637076388,35.57057259768898],[140.28800550126616,35.57061246295734],[140.28779877675117,35.57073221652154],[140.28773276204493,35.570763133702215],[140.28762546160692,35.57085469647494],[140.2875535526068,35.57084915723609],[140.28749226668654,35.57084755720473],[140.28726000763564,35.57085684708468],[140.2863849380954,35.57100344323997],[140.2853797407331,35.571359669052924],[140.28475213037848,35.57137374670858],[140.28452409510788,35.57142956290605],[140.28427629548463,35.571503515987004],[140.2841539904175,35.57153281043015],[140.2840393208029,35.571540457107346],[140.28398413298004,35.57153524099168],[140.2837353939699,35.57144152542456],[140.28350636605967,35.571327912378024],[140.28310624431097,35.57118789551161],[140.2828763031558,35.57110312156268],[140.28270595864743,35.57101812510261],[140.28260307520182,35.57096801690175],[140.28251913238856,35.57094491526624],[140.28236916886516,35.5709598740006],[140.28214223159793,35.57101930834973],[140.28190997349128,35.57110580357564],[140.2817080789629,35.57114331427528],[140.28146940523928,35.571230924142405],[140.28040741614456,35.571173316964625],[140.27986177157845,35.57105491921575],[140.27963468180187,35.57099403526071]]]},"properties":{"KEY_CODE":"121050170","PREF":"12","CITY":"105","CITY_NAME":"千葉市緑区","S_NAME":"下大和田町","SETAI":"148"}},{"type":"Feature","geometry":{"type":"Polygon","coordinates":[[[140.22074589241177,35.577268623603096],[140.21978438876957,35.57784314121386],[140.21958564113154,35.57873166750641],[140.21948196231148,35.578970878683535],[140.21935542879012,35.57904430959011],[140.21911994494772,35.57894589501081],[140.21878564312905,35.578023900487636],[140.2185123067583,35.57739196485183],[140.2178170199049,35.577573553810666],[140.21779818611833,35.577330240837924],[140.21766783652456,35.5770638296129],[140.2172580895816,35.576508978417614],[140.21720621786667,35.57651273388991],[140.2171037133801,35.576526577558404],[140.21700227206134,35.57654675557445],[140.21680948756156,35.576607747192746],[140.21657399372498,35.576731969460376],[140.21647697369875,35.5767485063544],[140.21643172726905,35.57674051569241],[140.21641514814218,35.57673426470036],[140.21607678285085,35.57657850351609],[140.2160314964612,35.57657142778735],[140.2159851547832,35.5765688622156],[140.2159399515449,35.57656991966119],[140.21591677415043,35.576571788158205],[140.21587155644576,35.57657914817532],[140.21576471483328,35.57661462300252],[140.21531728095474,35.57695044848696],[140.214210996025,35.57772006920905],[140.21418769559753,35.57768679908395],[140.21418103228112,35.57768139706723],[140.21354913433618,35.57727145287894],[140.2135192423375,35.57725711022111],[140.21335145009334,35.57723601465178],[140.2133136795711,35.577177543988256],[140.2131793854732,35.577013006697676],[140.2130719042163,35.57691327723776],[140.21301432115368,35.576866592492294],[140.21289036296577,35.57678226505663],[140.21253762657693,35.576621119080805],[140.21246248484653,35.57659790359901],[140.21222728523057,35.57654818110574],[140.21214669100004,35.576538502212436],[140.21175363272985,35.57601422818014],[140.2114207500251,35.57561056997633],[140.21095440750642,35.575208206980136],[140.21023884750534,35.57460473042722],[140.2099038773871,35.57318220838157],[140.209830820636,35.5725175874549],[140.20970777720575,35.57195205633205],[140.20963505455796,35.571572699801635],[140.20963737111526,35.57125729312607],[140.21006460730962,35.5703833461142],[140.21019023636669,35.570118887390215],[140.2104123273305,35.56995954141557],[140.2107158304946,35.56974769024002],[140.2107143813094,35.56944031900256],[140.20964157133037,35.56815745415311],[140.20810463195755,35.566702125034716],[140.20710343106728,35.56549691983323],[140.20709772049472,35.56427187307451],[140.2074250201977,35.56314932529508],[140.20628996896374,35.562927569981284],[140.20638592829258,35.56268573321483],[140.20672798827528,35.56218802992015],[140.2072563524846,35.56128271831584],[140.207397283518,35.558995070005444],[140.20691652079478,35.557602434824965],[140.20765184404712,35.557416884103795],[140.20765937891707,35.556664154434195],[140.20729318941738,35.556206601585515],[140.20651985225555,35.556654297503],[140.20572222110198,35.55614662226319],[140.20644042605946,35.5552339875511],[140.20742271502036,35.5558411414231],[140.208103092219,35.55439318704186],[140.20813113546072,35.553787390645596],[140.20876885723334,35.552895735977316],[140.20902066820258,35.5515627112395],[140.20985595355,35.551819853790704],[140.21364135122926,35.55109550329513],[140.21424333093688,35.55117907502997],[140.21519946083512,35.55180994074385],[140.2169421919771,35.55159070607076],[140.21844551194488,35.55091167129501],[140.2191155505375,35.54988373143419],[140.22009114918617,35.54940201279007],[140.22175811080035,35.54914844022285],[140.22525564515666,35.55012184061885],[140.226073510396,35.54915089497813],[140.2257541995463,35.548365937300204],[140.22599795509382,35.547693612209414],[140.22715018278282,35.5467514922758],[140.22825751858355,35.54654417245305],[140.23010139161468,35.54519771356866],[140.2304612423643,35.54413242157842],[140.23008578574078,35.54296501399303],[140.23194312580304,35.54234503335313],[140.2359104050302,35.54680369749756],[140.23336469624365,35.54833572744331],[140.2338787975531,35.54907432496211],[140.23486503882623,35.549078104942076],[140.23476102440458,35.55065398903686],[140.23419067461953,35.55242661523464],[140.23441973085534,35.55403033510376],[140.23504623599433,35.55422189369459],[140.23551609767443,35.555046838135375],[140.23665742807643,35.5557727310997],[140.23764045109377,35.55679800452145],[140.23835475503535,35.55887132156346],[140.2385751193889,35.559111921843595],[140.23831595578582,35.56110424867714],[140.23725700344943,35.56136451544806],[140.2331370227638,35.56372396699978],[140.23155678107108,35.56449112070874],[140.23093624308876,35.5644829828751],[140.229584507679,35.565265554051344],[140.22727522924131,35.566994607937154],[140.22600672235438,35.5686313051156],[140.22652328592406,35.570459646003734],[140.2282582738139,35.57256435662181],[140.22792692898318,35.572935006066345],[140.22690858471543,35.572923880642676],[140.22494660757417,35.57442024643675],[140.2247299308617,35.5747760822811],[140.22451577032652,35.57520676715417],[140.2244150703528,35.57560007847544],[140.2243592271839,35.57591215522667],[140.22416230582462,35.57648605705776],[140.22397169534761,35.57676251237735],[140.22304709682047,35.57720897151123],[140.2221688396722,35.5772054930464],[140.22090655056837,35.57717705880783],[140.22074589241177,35.577268623603096]]]},"properties":{"KEY_CODE":"121050180","PREF":"12","CITY":"105","CITY_NAME":"千葉市緑区","S_NAME":"高田町","SETAI":"1707"}},{"type":"Feature","geometry":{"type":"Polygon","coordinates":[[[140.26478344845611,35.54227882825287],[140.2643959381703,35.54220538410714],[140.26458225035088,35.54320979184118],[140.2651657362257,35.54342676159561],[140.26649349934382,35.54524377561712],[140.26654159548758,35.54679038485911],[140.26471056820438,35.5463149303441],[140.26376083976697,35.54547134264604],[140.2637079654965,35.54588410207627],[140.26285201494085,35.54677915427408],[140.26149375800432,35.54702742739099],[140.2600177574752,35.546963247252606],[140.25943681427867,35.54556900890477],[140.258359373909,35.54539185594291],[140.25936370308995,35.54521324015564],[140.25930440637504,35.54494291579592],[140.25665876903898,35.54428550758311],[140.2561130894855,35.54396254081542],[140.25502966259887,35.54387794801114],[140.2543442070863,35.54355668836877],[140.25466956335268,35.54216619213656],[140.2555623105941,35.540615947535414],[140.2564137907482,35.5394863686428],[140.25669679020652,35.53825668106777],[140.25672252759043,35.53655503178874],[140.25755938946912,35.53377195599004],[140.25570806411432,35.533807762227624],[140.2564413427045,35.532763459537016],[140.25716817886405,35.532853992446185],[140.25975296030398,35.53266509615682],[140.26084100713715,35.53228246742325],[140.26166532860657,35.53192096931946],[140.26518127460915,35.53360963360795],[140.2658012766099,35.53339027759249],[140.26533141137358,35.53307103640634],[140.2657745752937,35.53276970474402],[140.26647080557788,35.53297056668393],[140.2664152197625,35.533852967443735],[140.26701823604105,35.534668609640974],[140.26658546604875,35.53498899301917],[140.26842989481946,35.53693767627691],[140.26706865553138,35.53942951399668],[140.26665010274425,35.541208613123715],[140.26478344845611,35.54227882825287]]]},"properties":{"KEY_CODE":"121050190","PREF":"12","CITY":"105","CITY_NAME":"千葉市緑区","S_NAME":"高津戸町","SETAI":"1153"}},{"type":"Feature","geometry":{"type":"Polygon","coordinates":[[[140.19329778400157,35.54696038370174],[140.19132901934796,35.547686521885154],[140.18923483471883,35.547507153567],[140.18758236869175,35.54794113318026],[140.1873236805217,35.548260784369205],[140.18660003658908,35.547537555996996],[140.18610094789386,35.54617702505547],[140.18529895809166,35.545645786654106],[140.1862575022704,35.54517781419785],[140.18635671009866,35.544426693990445],[140.18794145927828,35.54366119353036],[140.18869661084204,35.54407808293353],[140.1894228092168,35.54295999822068],[140.19152096830564,35.54297518315009],[140.19442090407912,35.54345045544062],[140.19498889188122,35.543178496077026],[140.19732647427784,35.54187216149564],[140.19856996275317,35.54131051332013],[140.2015369692271,35.53967817472955],[140.20223420036905,35.5402136264839],[140.20201170722493,35.541186212078706],[140.20345490858622,35.54255571048782],[140.20504118129094,35.543338536664926],[140.20425832459227,35.54384487300258],[140.20256082455714,35.544521686242085],[140.20166792201903,35.54461368163132],[140.20033127565935,35.54414819556333],[140.19844177873767,35.54432348788373],[140.19755253630092,35.54466761412886],[140.19518920198675,35.545985837883606],[140.19425876098637,35.546320168723156],[140.19329778400157,35.54696038370174]]]},"properties":{"KEY_CODE":"121050200","PREF":"12","CITY":"105","CITY_NAME":"千葉市緑区","S_NAME":"大膳野町","SETAI":"541"}},{"type":"Feature","geometry":{"type":"Polygon","coordinates":[[[140.2714739434164,35.55160944440421],[140.27075181526322,35.55229490811866],[140.2697931891436,35.55067927186181],[140.26905079919297,35.55017006961104],[140.2677021687978,35.54815148271],[140.2670092351704,35.546589519922165],[140.26673823863973,35.544418114933],[140.26603534233521,35.54353633372154],[140.2649327737191,35.54317431796972],[140.26478344845611,35.54227882825287],[140.26665010274425,35.541208613123715],[140.26706865553138,35.53942951399668],[140.26842989481946,35.53693767627691],[140.26658546604875,35.53498899301917],[140.26701823604105,35.534668609640974],[140.2664152197625,35.533852967443735],[140.26647080557788,35.53297056668393],[140.2657745752937,35.53276970474402],[140.26533141137358,35.53307103640634],[140.2658012766099,35.53339027759249],[140.26518127460915,35.53360963360795],[140.26166532860657,35.53192096931946],[140.2618469286914,35.53185634888241],[140.26339258178885,35.532146866438644],[140.2656352862835,35.53156189084396],[140.2665540138984,35.53179146675493],[140.2688508397557,35.53126306768582],[140.26906492255893,35.531066313006136],[140.27350562039365,35.529755232811105],[140.27311570687917,35.527334770689976],[140.2747522741174,35.527363989090446],[140.2756127489805,35.527119387227046],[140.2771807226877,35.5281397630037],[140.27801485860172,35.52950984434923],[140.27875274278225,35.52941825800976],[140.28230816594703,35.528165482544104],[140.28258184012478,35.528335387819226],[140.28496495250067,35.52736722757577],[140.28510994367156,35.525619211806635],[140.2828125610025,35.52409069144582],[140.282721068894,35.522731758426985],[140.28474718058263,35.523032496944445],[140.28520197757177,35.52371496186461],[140.28573364239728,35.5233641440976],[140.2864508280983,35.52384460413339],[140.28724287658562,35.52324294778761],[140.288280575188,35.5230493796253],[140.2880675109803,35.52355553050483],[140.28855201129383,35.525461674629156],[140.289298479614,35.52690908331053],[140.28881088407798,35.52777697103111],[140.29059896622735,35.52853306059462],[140.29123860244573,35.528931280991955],[140.29178458082578,35.52993298494718],[140.29236996494248,35.53078584143977],[140.29294740484724,35.53073210601256],[140.29242297303225,35.531384513187405],[140.2908084145542,35.53171117241898],[140.28993706039662,35.53261762024497],[140.28918986833824,35.53299003865287],[140.28908261598986,35.53426892224551],[140.28796925246493,35.53557481573545],[140.2874762535314,35.53587186998601],[140.28728497044736,35.536781979787804],[140.28676708645688,35.53741302605428],[140.28636652603888,35.53853027903919],[140.28573983228947,35.539199294037694],[140.2844551458331,35.53995317428416],[140.28270223899634,35.54066525779882],[140.28212273386862,35.541295382873926],[140.281281946023,35.541448906920245],[140.2805707405022,35.54342354179226],[140.28101623512165,35.54446287004503],[140.2810548097871,35.54531598144737],[140.28041694211694,35.546718355689485],[140.28071811769252,35.54724923484704],[140.28142309117763,35.547529967624136],[140.28173073717386,35.54810708615279],[140.28164644052865,35.549968704412805],[140.280709776691,35.55067918183353],[140.27961729640003,35.551362481284194],[140.2790315964026,35.5513520306564],[140.27918572448107,35.550865143308904],[140.27817640735512,35.55047541305748],[140.278009590279,35.55082037997288],[140.27568583514727,35.5500257368219],[140.27473341548466,35.54911071462674],[140.27425187130686,35.54918094967269],[140.27375902351378,35.54801365458066],[140.27333609367184,35.547916953265315],[140.27306781083277,35.54706428810008],[140.2721055663558,35.54595998424977],[140.27232168629982,35.5467533364956],[140.27296816223782,35.54719534976703],[140.2732231988896,35.54863484176721],[140.27280395149845,35.55000466799295],[140.27161195389806,35.55103385165519],[140.2714739434164,35.55160944440421]]]},"properties":{"KEY_CODE":"121050210","PREF":"12","CITY":"105","CITY_NAME":"千葉市緑区","S_NAME":"土気町","SETAI":"2533"}},{"type":"Feature","geometry":{"type":"Polygon","coordinates":[[[140.16470994711693,35.54500771115573],[140.1635354945956,35.54506953083346],[140.16339674791746,35.545125791864066],[140.16326448690833,35.545150520583846],[140.16312552027622,35.545158084583626],[140.16304950070622,35.545175441209835],[140.16300984781523,35.54519357787877],[140.1629911461647,35.54520352285107],[140.1623775989237,35.54513492111383],[140.162116772182,35.545005810645165],[140.16200497053944,35.54491146911444],[140.16187689503317,35.54515160663025],[140.16160392997946,35.54501985214591],[140.16163114640966,35.544656509395516],[140.1610179866921,35.544132660913085],[140.16118270530154,35.543950139109285],[140.16113841594762,35.543632976150064],[140.16110829553185,35.54354559497254],[140.16147926365574,35.543364305357606],[140.16160931485567,35.54306289905415],[140.16176358766097,35.54302733838073],[140.16193358425122,35.543061098991586],[140.16226108120077,35.54276908252594],[140.16263755190974,35.54258143633143],[140.16273974554167,35.542490137617264],[140.16246091396218,35.54226734712693],[140.16212994922327,35.54224751292114],[140.16286486017933,35.541783996374086],[140.1630487715084,35.54171680410737],[140.1631450696468,35.54180396879188],[140.16304174938148,35.542165688782184],[140.16442379281528,35.54163457892708],[140.1644105716256,35.541094694468875],[140.164523891784,35.541023187186184],[140.16466025413067,35.54092365852725],[140.16470532253575,35.540887478691396],[140.1648472316588,35.54079603244278],[140.1649683642351,35.54074971404617],[140.1652680183796,35.54066867728675],[140.1653672540468,35.540662101866495],[140.165451121854,35.54067447471377],[140.16592532268513,35.54066144023958],[140.16612754945854,35.540486940354576],[140.1666121234487,35.54004659240763],[140.16699498827944,35.54008158700565],[140.16753508050638,35.53946805547581],[140.16753676148642,35.539337348759695],[140.16799430529386,35.539571355300936],[140.16797933675505,35.53968136043989],[140.16786537635198,35.53986195602675],[140.1674359926466,35.540310218521526],[140.1673987422212,35.54037162318725],[140.168392977813,35.54049684997913],[140.16845061399246,35.54056792121377],[140.16852027013618,35.5406073733096],[140.16869676440044,35.540614099698864],[140.16899309760916,35.540263525721876],[140.16963650967008,35.53956945239301],[140.16986285808716,35.53936692089417],[140.17021257832414,35.539125278275456],[140.1703886990832,35.53904365959927],[140.1704807764086,35.53917047645097],[140.17123523002823,35.53971821015302],[140.17114176810935,35.54004839617215],[140.17082999150492,35.54013310883272],[140.17005603923616,35.540463369271066],[140.16989773169485,35.54058729659564],[140.16989130627607,35.54063238423815],[140.16990691304088,35.540676530535606],[140.16999482319594,35.54089916764222],[140.1699992326094,35.541114574778895],[140.17010359800494,35.541397693453106],[140.17030844670097,35.54159627097104],[140.170419226548,35.54172807168039],[140.17043596212815,35.54181038146181],[140.17039434571643,35.541950284418135],[140.16988403184814,35.54233065116791],[140.16928480926032,35.543582549629505],[140.16919711377778,35.54371441243141],[140.1690327737887,35.543446249442674],[140.16900289039182,35.54342467770146],[140.16890788306384,35.543387090682735],[140.16867712562018,35.543060521868874],[140.16833458476285,35.54318136775674],[140.16820421114204,35.5431240566902],[140.16803355508335,35.54293161173813],[140.1679561624505,35.54288675733921],[140.1678535341684,35.54287623247381],[140.16779509518489,35.542877311501826],[140.16772533088005,35.54254578465112],[140.16786178781513,35.54246970297924],[140.16716343164737,35.54242114986655],[140.16696286425034,35.54246586087047],[140.1669563405532,35.54248753406563],[140.16695193493973,35.542490256951574],[140.16694423101396,35.54249207460532],[140.16693099324428,35.542494821977876],[140.16692439465015,35.542498431209246],[140.1667915283302,35.54264122771628],[140.16669444871235,35.54263878439129],[140.1665276384234,35.54257343769747],[140.16642031855307,35.542489898798266],[140.1663835503133,35.54240169223913],[140.1663908448578,35.5422943846144],[140.16599714871438,35.5423117058315],[140.1658547805565,35.54229136027697],[140.16566588060647,35.5422179749872],[140.16560694174171,35.542096449719494],[140.1655192575845,35.54196239891795],[140.16548053359102,35.541932753361884],[140.1654396674579,35.541922055941285],[140.16491717298567,35.54226690596441],[140.16454315553386,35.54250951640215],[140.1644199866099,35.5425964037203],[140.1642644301979,35.54285640459065],[140.16422221895263,35.54305574199704],[140.1642402296959,35.54341716555549],[140.16442378480494,35.54380242849345],[140.16466394820512,35.54400549568458],[140.16483449855562,35.543904078118274],[140.16484683222552,35.54395450044709],[140.16496400798263,35.544559025495424],[140.16470994711693,35.54500771115573]]]},"properties":{"KEY_CODE":"121050220","PREF":"12","CITY":"105","CITY_NAME":"千葉市緑区","S_NAME":"富岡町","SETAI":"47"}},{"type":"Feature","geometry":{"type":"Polygon","coordinates":[[[140.1623664917577,35.54128684230042],[140.16022712761625,35.54163704003748],[140.16002602335328,35.540707355479],[140.158059411535,35.540110539173284],[140.15818749944324,35.54070874001632],[140.1570933460283,35.54124438695983],[140.15610500640594,35.540920741994356],[140.15708155915755,35.54015235610461],[140.15564022988912,35.539949393003155],[140.15567921763318,35.5395043436747],[140.15485271063696,35.53967700431397],[140.15438290789604,35.53907840598008],[140.15464557763735,35.538561203767735],[140.1555475789192,35.53796095127837],[140.15562105616323,35.537531573411364],[140.15646861456992,35.53680794075181],[140.15785847607026,35.5362679479355],[140.15880830093155,35.53560452183241],[140.16012358500518,35.53612263239934],[140.1620802248756,35.537830823107974],[140.16206674462634,35.53804089162575],[140.16222268067008,35.538702074555374],[140.16328006495462,35.5386334058374],[140.1630324110924,35.53930019971118],[140.16338240951865,35.53994102495965],[140.16251075389516,35.540675337548144],[140.1623664917577,35.54128684230042]]]},"properties":{"KEY_CODE":"121050230","PREF":"12","CITY":"105","CITY_NAME":"千葉市緑区","S_NAME":"中西町","SETAI":"148"}},{"type":"Feature","geometry":{"type":"Polygon","coordinates":[[[140.19304079132732,35.58333148284163],[140.1936007765044,35.58521141806093],[140.19131153273855,35.58583715512725],[140.1912620430643,35.5856236841737],[140.1891670119765,35.58574810050404],[140.18726498070768,35.58661099279541],[140.1868122156812,35.58474742161979],[140.18653106205448,35.58371260141821],[140.18582807115658,35.58244736143782],[140.1861921550075,35.58213755337803],[140.18830644088533,35.58110166979937],[140.19121711280147,35.57949488721561],[140.19229593293193,35.580410839337944],[140.19304079132732,35.58333148284163]]]},"properties":{"KEY_CODE":"121050240","PREF":"12","CITY":"105","CITY_NAME":"千葉市緑区","S_NAME":"東山科町","SETAI":"71"}},{"type":"Feature","geometry":{"type":"Polygon","coordinates":[[[140.2450289764695,35.56841752987231],[140.2443157820804,35.56892456952526],[140.24286507539483,35.56763145391351],[140.2421373236292,35.56726615820384],[140.24234686930816,35.56681835433035],[140.2413671782617,35.566589071259365],[140.24089217186142,35.56689082729607],[140.24006257339,35.56557849160644],[140.24024789778395,35.564282556096565],[140.2401764316609,35.56281445281721],[140.23987557250533,35.56221962765742],[140.23865783814736,35.561142019966574],[140.23831595578582,35.56110424867714],[140.2385751193889,35.559111921843595],[140.23835475503535,35.55887132156346],[140.23764045109377,35.55679800452145],[140.23665742807643,35.5557727310997],[140.23551609767443,35.555046838135375],[140.23504623599433,35.55422189369459],[140.23441973085534,35.55403033510376],[140.23419067461953,35.55242661523464],[140.23476102440458,35.55065398903686],[140.23486503882623,35.549078104942076],[140.2338787975531,35.54907432496211],[140.23336469624365,35.54833572744331],[140.2359104050302,35.54680369749756],[140.23194312580304,35.54234503335313],[140.23440612319828,35.54159983590833],[140.23639139239197,35.541121581849666],[140.2391956032211,35.540258523523384],[140.24055765739536,35.539223019805796],[140.2418532458495,35.53883955188805],[140.24429317486434,35.53991403698113],[140.24638263629302,35.54058036789438],[140.25154198553656,35.543189535974015],[140.25299619972702,35.54400556293846],[140.2544394171683,35.544030939308776],[140.2543442070863,35.54355668836877],[140.25502966259887,35.54387794801114],[140.2561130894855,35.54396254081542],[140.25665876903898,35.54428550758311],[140.25930440637504,35.54494291579592],[140.25936370308995,35.54521324015564],[140.258359373909,35.54539185594291],[140.25528935855908,35.54467064378846],[140.2544418293621,35.54733792392499],[140.25449010267312,35.548395265871655],[140.25634775028462,35.54868131541588],[140.2579765216106,35.54972240457712],[140.25861466487973,35.551918315621286],[140.2585604824081,35.55339379696049],[140.25810959526225,35.555476700023064],[140.25724717545398,35.557514699734774],[140.25608302114503,35.55773464118767],[140.25505263307036,35.55755522110012],[140.25445816618918,35.5571426069064],[140.2524327080828,35.55793366584302],[140.25091873452533,35.558683161778035],[140.25013904913143,35.559255212278615],[140.2522986619243,35.56057642482676],[140.2537501875644,35.56199858909009],[140.24915806061105,35.56544973636722],[140.2450289764695,35.56841752987231]]]},"properties":{"KEY_CODE":"121050250","PREF":"12","CITY":"105","CITY_NAME":"千葉市緑区","S_NAME":"平川町","SETAI":"273"}},{"type":"Feature","geometry":{"type":"Polygon","coordinates":[[[140.19304079132732,35.58333148284163],[140.19229593293193,35.580410839337944],[140.19121711280147,35.57949488721561],[140.18830644088533,35.58110166979937],[140.1861921550075,35.58213755337803],[140.18582807115658,35.58244736143782],[140.18653106205448,35.58371260141821],[140.1868122156812,35.58474742161979],[140.18373937861358,35.58548893805937],[140.18295835352404,35.58556787369458],[140.18316056477286,35.5851601806463],[140.1790830392239,35.58366616024587],[140.17941235710578,35.583259578813404],[140.1775161998838,35.58188875704162],[140.176954070624,35.58100526560955],[140.17553594013452,35.58100407827965],[140.1751991772251,35.580927420017915],[140.17518245642916,35.58092363072418],[140.1750235464778,35.58088736842953],[140.1747641545381,35.58068341202104],[140.17428774196668,35.58015760003381],[140.17225939707518,35.57908903841828],[140.1718033574005,35.577446262440326],[140.1696342980531,35.57657440979244],[140.16878844531456,35.57628003402475],[140.16909636866444,35.57545392540708],[140.17014993367926,35.57360916554457],[140.17111134855725,35.57231916867625],[140.17278197520824,35.57313323185773],[140.17243956533312,35.57367120534935],[140.1740191776684,35.573495428375004],[140.1752280299851,35.57306761767065],[140.1760023502741,35.572509892876056],[140.17686366831992,35.57056132273843],[140.17786220483498,35.570284399419954],[140.1773129410308,35.571399487153585],[140.17727080225714,35.572652226902214],[140.17789074379644,35.57274703611312],[140.17869626569262,35.57378604802139],[140.17987581628367,35.573648723763206],[140.18026155595047,35.57405771359415],[140.17955751593834,35.57431128501948],[140.18007332221055,35.57494974253448],[140.18060459872578,35.57428746855101],[140.18034947677057,35.57371405526023],[140.18095030358054,35.573583383702896],[140.1813289503612,35.57414382821694],[140.18181504990247,35.574016202597925],[140.18226586827444,35.57312205947004],[140.18275928823948,35.573369708384966],[140.18369847956495,35.57242510610819],[140.18646258851282,35.57093592807851],[140.18880392980594,35.5694611983784],[140.18968342026977,35.56677351376057],[140.19132519604278,35.56547518183506],[140.19200928043844,35.563143685011724],[140.19424567844754,35.559164833206374],[140.19559012300198,35.560573142580814],[140.19689263004332,35.56246649534264],[140.19671399982386,35.56321876450585],[140.19703216880743,35.56380909091436],[140.19814540038013,35.56482240174029],[140.19877192019018,35.565052107653074],[140.19942447545262,35.56397296739676],[140.20195815039898,35.56295466490427],[140.20429937038082,35.562566982680764],[140.20638592829258,35.56268573321483],[140.20628996896374,35.562927569981284],[140.2074250201977,35.56314932529508],[140.20709772049472,35.56427187307451],[140.20710343106728,35.56549691983323],[140.20810463195755,35.566702125034716],[140.20964157133037,35.56815745415311],[140.2107143813094,35.56944031900256],[140.2107158304946,35.56974769024002],[140.2104123273305,35.56995954141557],[140.21019023636669,35.570118887390215],[140.20925680162367,35.571035747062886],[140.20753285185341,35.573026893867265],[140.2069662150151,35.57384800031064],[140.2053005316549,35.57535130722717],[140.20327313125878,35.576682687189376],[140.20231098658553,35.577409963162644],[140.20090648797242,35.575733791157425],[140.2007206075362,35.57585964605406],[140.20193994147604,35.577346695441946],[140.20191423859362,35.57812102603016],[140.20245639864225,35.5790658080967],[140.20425832552596,35.581032025793775],[140.20463765401834,35.582563274252024],[140.2026682194732,35.58323423371573],[140.2023209235659,35.58355081296748],[140.20232492767082,35.58468300202829],[140.20257991481105,35.58507116028592],[140.20245469725407,35.58532169371115],[140.20066240515922,35.585032024243866],[140.1981110423284,35.58514128124687],[140.19701985291448,35.58480659866319],[140.19601282332673,35.58478715221115],[140.194735243897,35.582841813156236],[140.19304079132732,35.58333148284163]]]},"properties":{"KEY_CODE":"121050260","PREF":"12","CITY":"105","CITY_NAME":"千葉市緑区","S_NAME":"平山町","SETAI":"729"}},{"type":"Feature","geometry":{"type":"Polygon","coordinates":[[[140.18274496170497,35.57082892071451],[140.18174860593874,35.57083995962786],[140.1822615020347,35.57053469310642],[140.18274496170497,35.57082892071451]]]},"properties":{"KEY_CODE":"121050260","PREF":"12","CITY":"105","CITY_NAME":"千葉市緑区","S_NAME":"平山町","SETAI":"0"}},{"type":"Feature","geometry":{"type":"Polygon","coordinates":[[[140.18193359899576,35.56944412926977],[140.18149102479825,35.5702043744724],[140.18111779651753,35.57014237676235],[140.18235225742797,35.568771382094724],[140.1835957504816,35.56876137421672],[140.18360576393314,35.56903988544086],[140.18193359899576,35.56944412926977]]]},"properties":{"KEY_CODE":"121050260","PREF":"12","CITY":"105","CITY_NAME":"千葉市緑区","S_NAME":"平山町","SETAI":"0"}},{"type":"Feature","geometry":{"type":"Polygon","coordinates":[[[140.17981736503563,35.57339291989838],[140.1787275550357,35.5727020575118],[140.17878931139805,35.57190775521218],[140.17994611319847,35.57148072344902],[140.1801999210413,35.571745003074646],[140.1794332084399,35.57257200516803],[140.18033385777295,35.573149829043786],[140.17981736503563,35.57339291989838]]]},"properties":{"KEY_CODE":"121050260","PREF":"12","CITY":"105","CITY_NAME":"千葉市緑区","S_NAME":"平山町","SETAI":"0"}},{"type":"Feature","geometry":{"type":"Polygon","coordinates":[[[140.14917380611635,35.55004648026689],[140.14826313627105,35.5499148207702],[140.14677241653095,35.55037931893387],[140.14574730206164,35.5511112075346],[140.14549585501177,35.55051156297842],[140.14481707369677,35.550359181434395],[140.14433310487712,35.549506835227795],[140.14359051075897,35.548797549271],[140.1431660177386,35.54912226822163],[140.14211067064798,35.547927633292836],[140.14399229716355,35.54654022327176],[140.1467517514491,35.5442166030047],[140.14905340820707,35.54300541039704],[140.15032906549146,35.54202676270237],[140.15236471621967,35.54080180236171],[140.15378023144757,35.5394104659385],[140.15438290789604,35.53907840598008],[140.15485271063696,35.53967700431397],[140.15567921763318,35.5395043436747],[140.15564022988912,35.539949393003155],[140.15708155915755,35.54015235610461],[140.15610500640594,35.540920741994356],[140.15590523853166,35.5417262268516],[140.15692337150716,35.542613162938395],[140.15786685614478,35.54274044733451],[140.15788208367516,35.54324877674334],[140.15587535308336,35.5428341033956],[140.155685603041,35.54338266358307],[140.1562502839361,35.54366237918644],[140.1565031725762,35.544871396538845],[140.15468446945604,35.54488794966808],[140.15431135886186,35.54651779370427],[140.1554724630173,35.54670937825815],[140.1554657519917,35.54725386152746],[140.15461148708835,35.5471164228241],[140.15401753255404,35.547831901260324],[140.15286057587633,35.547284203048115],[140.15258754507548,35.54684775003539],[140.1518535986523,35.54672891873876],[140.15132306117317,35.54587403148798],[140.15065194867353,35.546890708808576],[140.15092833548294,35.54706423928411],[140.15031963191004,35.547825436389644],[140.14937016402223,35.54839027325819],[140.14869638442366,35.54940438293073],[140.14917380611635,35.55004648026689]]]},"properties":{"KEY_CODE":"121050270","PREF":"12","CITY":"105","CITY_NAME":"千葉市緑区","S_NAME":"古市場町","SETAI":"1015"}},{"type":"Feature","geometry":{"type":"Polygon","coordinates":[[[140.19424567844754,35.559164833206374],[140.19200928043844,35.563143685011724],[140.19132519604278,35.56547518183506],[140.18968342026977,35.56677351376057],[140.18880392980594,35.5694611983784],[140.18646258851282,35.57093592807851],[140.18369847956495,35.57242510610819],[140.18275928823948,35.573369708384966],[140.18226586827444,35.57312205947004],[140.18181504990247,35.574016202597925],[140.1813289503612,35.57414382821694],[140.18095030358054,35.573583383702896],[140.18034947677057,35.57371405526023],[140.18060459872578,35.57428746855101],[140.18007332221055,35.57494974253448],[140.17955751593834,35.57431128501948],[140.18026155595047,35.57405771359415],[140.17987581628367,35.573648723763206],[140.17869626569262,35.57378604802139],[140.17789074379644,35.57274703611312],[140.17727080225714,35.572652226902214],[140.1773129410308,35.571399487153585],[140.17786220483498,35.570284399419954],[140.17686366831992,35.57056132273843],[140.1760023502741,35.572509892876056],[140.1752280299851,35.57306761767065],[140.1740191776684,35.573495428375004],[140.17243956533312,35.57367120534935],[140.17278197520824,35.57313323185773],[140.17431704435575,35.571575161692586],[140.17561863618647,35.570736181905076],[140.17507876273243,35.56925990379211],[140.17537754111208,35.5679791490617],[140.17591278469325,35.567856339398894],[140.17596569351912,35.56731535846756],[140.17669663913063,35.566817312095914],[140.17693012112184,35.567064690097],[140.17860854660105,35.56531513494293],[140.17964614849703,35.565429419951194],[140.18129924589488,35.56530969348436],[140.18155647409628,35.56303780559164],[140.18223707353903,35.563175155762295],[140.18322457729226,35.56036267240759],[140.1857364373816,35.55911805096584],[140.18633822091522,35.55910624717844],[140.1876461716277,35.558172547212486],[140.18976972826823,35.5571798266029],[140.19061042286032,35.557347700366165],[140.19194102269262,35.55829415871596],[140.19223640302886,35.558011613482655],[140.19350095422195,35.55846682284325],[140.19424567844754,35.559164833206374]],[[140.17981736503563,35.57339291989838],[140.18033385777295,35.573149829043786],[140.1794332084399,35.57257200516803],[140.1801999210413,35.571745003074646],[140.17994611319847,35.57148072344902],[140.17878931139805,35.57190775521218],[140.1787275550357,35.5727020575118],[140.17981736503563,35.57339291989838]],[[140.18274496170497,35.57082892071451],[140.1822615020347,35.57053469310642],[140.18174860593874,35.57083995962786],[140.18274496170497,35.57082892071451]],[[140.18193359899576,35.56944412926977],[140.18360576393314,35.56903988544086],[140.1835957504816,35.56876137421672],[140.18235225742797,35.568771382094724],[140.18111779651753,35.57014237676235],[140.18149102479825,35.5702043744724],[140.18193359899576,35.56944412926977]]]},"properties":{"KEY_CODE":"121050280","PREF":"12","CITY":"105","CITY_NAME":"千葉市緑区","S_NAME":"辺田町","SETAI":"676"}},{"type":"Feature","geometry":{"type":"Polygon","coordinates":[[[140.20638592829258,35.56268573321483],[140.20429937038082,35.562566982680764],[140.20195815039898,35.56295466490427],[140.19962792297798,35.56140797501938],[140.19981507790266,35.56108382012506],[140.1991152558413,35.56050097725005],[140.19850559526014,35.56178279777477],[140.19731114834312,35.561102357849165],[140.19670550666766,35.56133406844021],[140.19651778407828,35.56080914338429],[140.19559012300198,35.560573142580814],[140.19424567844754,35.559164833206374],[140.19350095422195,35.55846682284325],[140.19223640302886,35.558011613482655],[140.19194102269262,35.55829415871596],[140.19061042286032,35.557347700366165],[140.18976972826823,35.5571798266029],[140.1876461716277,35.558172547212486],[140.18633822091522,35.55910624717844],[140.1857364373816,35.55911805096584],[140.18322457729226,35.56036267240759],[140.1833287012842,35.55991576678842],[140.18218324936836,35.560165157112635],[140.18059279740226,35.56104281116147],[140.18051524289118,35.56097000870447],[140.18193173419763,35.560177158934934],[140.18347826726762,35.55910898479581],[140.18426024231306,35.55806828459732],[140.18530744481768,35.55766674982348],[140.18698258036943,35.55659358393237],[140.1887917638566,35.5558994637414],[140.19121501251183,35.55465365847593],[140.19120004534562,35.55376335036244],[140.19278816486963,35.552765004958964],[140.19303956207438,35.55297965527767],[140.19548139541106,35.55148314939741],[140.1946976951386,35.550397590156486],[140.19397151317457,35.54982651208656],[140.19480808654097,35.54945802917195],[140.19401498044692,35.54798577745089],[140.19392444304216,35.54724600902757],[140.19329778400157,35.54696038370174],[140.19425876098637,35.546320168723156],[140.19518920198675,35.545985837883606],[140.19755253630092,35.54466761412886],[140.19844177873767,35.54432348788373],[140.19921876357748,35.545388091392255],[140.19913696410313,35.545977298426784],[140.20006913765454,35.54738302286728],[140.2007033684046,35.54721881404184],[140.2020464717588,35.547303798821886],[140.20405627846876,35.54828111976806],[140.2046580576099,35.54794935874515],[140.20403019896006,35.54738514978842],[140.20516203859646,35.5466913927254],[140.20600319112233,35.54778518457059],[140.20592477884784,35.54889358517723],[140.20514188514275,35.5493193310488],[140.20545774723516,35.54988240036368],[140.2041653733579,35.55043614082496],[140.20381222370315,35.549885754827486],[140.2029331560475,35.55011256306692],[140.20255283518776,35.54961423328827],[140.2018974439555,35.55000076132472],[140.20374994298967,35.55281860137863],[140.20353241147973,35.553493615725614],[140.2023262251262,35.55519356127448],[140.20123466740523,35.55604937886688],[140.20156978239282,35.55658697262287],[140.20084561954718,35.55732496065424],[140.20057733131216,35.55798255815582],[140.201725034136,35.55880553675766],[140.2031251807439,35.559481702198696],[140.2054921151111,35.561434749033204],[140.20672798827528,35.56218802992015],[140.20638592829258,35.56268573321483]],[[140.20384989928903,35.54838908476655],[140.2035037673739,35.548959823252524],[140.20420848314512,35.54875815923765],[140.20384989928903,35.54838908476655]]]},"properties":{"KEY_CODE":"12105029001","PREF":"12","CITY":"105","CITY_NAME":"千葉市緑区","S_NAME":"誉田町一丁目","SETAI":"2454"}},{"type":"Feature","geometry":{"type":"Polygon","coordinates":[[[140.20384989928903,35.54838908476655],[140.20420848314512,35.54875815923765],[140.2035037673739,35.548959823252524],[140.20384989928903,35.54838908476655]]]},"properties":{"KEY_CODE":"12105029002","PREF":"12","CITY":"105","CITY_NAME":"千葉市緑区","S_NAME":"誉田町二丁目","SETAI":"0"}},{"type":"Feature","geometry":{"type":"Polygon","coordinates":[[[140.23008578574078,35.54296501399303],[140.2304612423643,35.54413242157842],[140.23010139161468,35.54519771356866],[140.22825751858355,35.54654417245305],[140.22715018278282,35.5467514922758],[140.22599795509382,35.547693612209414],[140.2257541995463,35.548365937300204],[140.226073510396,35.54915089497813],[140.22525564515666,35.55012184061885],[140.22175811080035,35.54914844022285],[140.22009114918617,35.54940201279007],[140.2191155505375,35.54988373143419],[140.21844551194488,35.55091167129501],[140.2169421919771,35.55159070607076],[140.21519946083512,35.55180994074385],[140.21424333093688,35.55117907502997],[140.21364135122926,35.55109550329513],[140.20985595355,35.551819853790704],[140.20902066820258,35.5515627112395],[140.20876885723334,35.552895735977316],[140.20813113546072,35.553787390645596],[140.208103092219,35.55439318704186],[140.20742271502036,35.5558411414231],[140.20644042605946,35.5552339875511],[140.20572222110198,35.55614662226319],[140.20651985225555,35.556654297503],[140.20729318941738,35.556206601585515],[140.20765937891707,35.556664154434195],[140.20765184404712,35.557416884103795],[140.20691652079478,35.557602434824965],[140.207397283518,35.558995070005444],[140.2072563524846,35.56128271831584],[140.20672798827528,35.56218802992015],[140.2054921151111,35.561434749033204],[140.2031251807439,35.559481702198696],[140.201725034136,35.55880553675766],[140.20057733131216,35.55798255815582],[140.20084561954718,35.55732496065424],[140.20156978239282,35.55658697262287],[140.20123466740523,35.55604937886688],[140.2023262251262,35.55519356127448],[140.20353241147973,35.553493615725614],[140.20374994298967,35.55281860137863],[140.2018974439555,35.55000076132472],[140.20255283518776,35.54961423328827],[140.2029331560475,35.55011256306692],[140.20381222370315,35.549885754827486],[140.2041653733579,35.55043614082496],[140.20545774723516,35.54988240036368],[140.20514188514275,35.5493193310488],[140.20592477884784,35.54889358517723],[140.20600319112233,35.54778518457059],[140.20516203859646,35.5466913927254],[140.20403019896006,35.54738514978842],[140.2046580576099,35.54794935874515],[140.20405627846876,35.54828111976806],[140.2020464717588,35.547303798821886],[140.2007033684046,35.54721881404184],[140.20006913765454,35.54738302286728],[140.19913696410313,35.545977298426784],[140.19921876357748,35.545388091392255],[140.19844177873767,35.54432348788373],[140.20033127565935,35.54414819556333],[140.20166792201903,35.54461368163132],[140.20256082455714,35.544521686242085],[140.20425832459227,35.54384487300258],[140.20504118129094,35.543338536664926],[140.20612996853617,35.54410040691723],[140.20658532583099,35.54360501738713],[140.2067635550321,35.543679138404094],[140.20714199293923,35.54377361058963],[140.20721048466405,35.54379955629999],[140.20719535855207,35.54387171355263],[140.20756594706438,35.54411028862763],[140.20759496475674,35.54415202855587],[140.20826062572797,35.544310025267464],[140.20844999457444,35.544943976972085],[140.20986302935734,35.54429411752918],[140.21109052557156,35.54510822882936],[140.2139242807705,35.54552571545582],[140.21491664928644,35.54532674349884],[140.21579916873742,35.544959705342556],[140.21597304692557,35.54529212748014],[140.2160719147494,35.545273676625875],[140.21611247644088,35.54536759207242],[140.2162126920715,35.545629196801194],[140.21632665785248,35.545775551126134],[140.21673551086153,35.54594806856532],[140.21760735409134,35.54560080583597],[140.2178083574334,35.54428136594947],[140.21762325895546,35.54378866961945],[140.2200225254766,35.54345282357214],[140.22225248135354,35.54300225054809],[140.22267427752837,35.54289194566593],[140.2227624899055,35.54287211577474],[140.22296361095133,35.54289628680701],[140.22407353154992,35.54272494058229],[140.22706336977083,35.542146911218104],[140.2276413917003,35.54233881372235],[140.22822521802294,35.54359940953915],[140.23008578574078,35.54296501399303]]]},"properties":{"KEY_CODE":"12105029002","PREF":"12","CITY":"105","CITY_NAME":"千葉市緑区","S_NAME":"誉田町二丁目","SETAI":"3961"}},{"type":"Feature","geometry":{"type":"Polygon","coordinates":[[[140.20195815039898,35.56295466490427],[140.19942447545262,35.56397296739676],[140.19877192019018,35.565052107653074],[140.19814540038013,35.56482240174029],[140.19703216880743,35.56380909091436],[140.19671399982386,35.56321876450585],[140.19689263004332,35.56246649534264],[140.19559012300198,35.560573142580814],[140.19651778407828,35.56080914338429],[140.19670550666766,35.56133406844021],[140.19731114834312,35.561102357849165],[140.19850559526014,35.56178279777477],[140.1991152558413,35.56050097725005],[140.19981507790266,35.56108382012506],[140.19962792297798,35.56140797501938],[140.20195815039898,35.56295466490427]]]},"properties":{"KEY_CODE":"12105029002","PREF":"12","CITY":"105","CITY_NAME":"千葉市緑区","S_NAME":"誉田町二丁目","SETAI":"0"}},{"type":"Feature","geometry":{"type":"Polygon","coordinates":[[[140.21491664928644,35.54532674349884],[140.2139242807705,35.54552571545582],[140.21109052557156,35.54510822882936],[140.20986302935734,35.54429411752918],[140.2106027129329,35.54399344563952],[140.2106213154939,35.543267782545136],[140.21107615339085,35.54244538941369],[140.2121680890372,35.54247237921776],[140.21263121360198,35.54199046606723],[140.21327347262817,35.540470485415554],[140.21458747421772,35.53961680830157],[140.21473009311572,35.53951579254729],[140.21551785087044,35.54147861904782],[140.21496814985377,35.54272720177862],[140.21572761761223,35.54445238424194],[140.21602174351813,35.545124795263256],[140.2160719147494,35.545273676625875],[140.21597304692557,35.54529212748014],[140.2157991687374,35.544959705342556],[140.21491664928644,35.54532674349884]]]},"properties":{"KEY_CODE":"12105029003","PREF":"12","CITY":"105","CITY_NAME":"千葉市緑区","S_NAME":"誉田町三丁目","SETAI":"624"}},{"type":"Feature","geometry":{"type":"Polygon","coordinates":[[[140.1644105716256,35.541094694468875],[140.16442379281534,35.541634578927116],[140.16304174938148,35.542165688782184],[140.1631450696468,35.54180396879188],[140.1630487715084,35.54171680410737],[140.1623664917577,35.54128684230042],[140.16251075389516,35.540675337548144],[140.16338240951865,35.53994102495965],[140.1630324110924,35.53930019971118],[140.16328006495462,35.5386334058374],[140.16222268067008,35.538702074555374],[140.16206674462634,35.53804089162575],[140.16323519001693,35.53766590536295],[140.16460149575806,35.53687497927483],[140.16475326471047,35.53655692718899],[140.16561652761078,35.536071530692034],[140.1664418972831,35.5369904574071],[140.16735939172344,35.53643715131978],[140.1675553634002,35.53635998945404],[140.1694692386629,35.53604825789415],[140.17008708445712,35.53608153078588],[140.17022664309224,35.53607758162922],[140.17036184542857,35.536077202956925],[140.17078036036946,35.536036841294695],[140.1708932691223,35.53602096104283],[140.1719485333606,35.53587328047389],[140.1731193966081,35.5353143458868],[140.17414616221535,35.534668490561494],[140.17468980108953,35.533291700483296],[140.17565515848153,35.53344626588437],[140.17605682417508,35.53301543999164],[140.17789297650106,35.532965006629496],[140.17828841799496,35.53260419768231],[140.1795368325507,35.532884533380006],[140.17924166740212,35.53373719296249],[140.1786675052058,35.53408500147454],[140.17912445111082,35.535200482942926],[140.1788128987411,35.53558267357252],[140.1791905516763,35.536971513035205],[140.17894319980735,35.53740669017775],[140.17763473630143,35.53677860378584],[140.1767027125384,35.537776398732206],[140.17568272032509,35.537551259036796],[140.1737880164451,35.53754134078833],[140.17227458240154,35.53903472757573],[140.1710551386101,35.538851581564664],[140.17068971808104,35.538236948286354],[140.1703886990832,35.53904365959927],[140.17021257832414,35.539125278275456],[140.16986285808716,35.53936692089417],[140.16963650967008,35.53956945239301],[140.16899309760916,35.540263525721876],[140.16869676440044,35.540614099698864],[140.16852027013618,35.5406073733096],[140.16845061399246,35.54056792121377],[140.168392977813,35.54049684997913],[140.1673987422212,35.54037162318725],[140.1674359926466,35.540310218521526],[140.16786537635198,35.53986195602675],[140.16797933675505,35.53968136043989],[140.16799430529386,35.539571355300936],[140.16753676148642,35.539337348759695],[140.16753508050638,35.53946805547581],[140.16699498827944,35.54008158700565],[140.1666121234487,35.54004659240763],[140.16612754945854,35.540486940354576],[140.16592532268513,35.54066144023958],[140.165451121854,35.54067447471377],[140.1653672540468,35.540662101866495],[140.1652680183796,35.54066867728675],[140.1649683642351,35.54074971404617],[140.1648472316588,35.54079603244278],[140.16470532253575,35.540887478691396],[140.16466025413067,35.54092365852725],[140.164523891784,35.541023187186184],[140.1644105716256,35.541094694468875]]]},"properties":{"KEY_CODE":"121050310","PREF":"12","CITY":"105","CITY_NAME":"千葉市緑区","S_NAME":"茂呂町","SETAI":"146"}},{"type":"Feature","geometry":{"type":"Polygon","coordinates":[[[140.1874452784759,35.53588663130737],[140.18683359522993,35.53685365991089],[140.18706267296344,35.53728201841804],[140.18554053595867,35.53746228826877],[140.1856066342373,35.5379416236934],[140.1842093468404,35.537183187442714],[140.18251900772495,35.53700334001338],[140.18082685158842,35.53639802598423],[140.17985137972676,35.535496756543694],[140.1799619441952,35.534800575501954],[140.1796036289116,35.53430764663387],[140.1800167122558,35.53318060303692],[140.17954017307056,35.53288533301883],[140.18058467415872,35.53300635878885],[140.18188697866822,35.53372776906699],[140.1826394848448,35.53436854022455],[140.18519478848754,35.53461073852119],[140.1868386640836,35.535426328414154],[140.1874452784759,35.53588663130737]]]},"properties":{"KEY_CODE":"121050310","PREF":"12","CITY":"105","CITY_NAME":"千葉市緑区","S_NAME":"茂呂町","SETAI":"0"}},{"type":"Feature","geometry":{"type":"Polygon","coordinates":[[[140.3028476598943,35.520510999982235],[140.30301616627673,35.52105118601968],[140.30294797357658,35.521175393838],[140.30222865345127,35.52071621933825],[140.3028476598943,35.520510999982235]]]},"properties":{"KEY_CODE":"121050320","PREF":"12","CITY":"105","CITY_NAME":"千葉市緑区","S_NAME":"小食土町","SETAI":"0"}},{"type":"Feature","geometry":{"type":"Polygon","coordinates":[[[140.288280575188,35.5230493796253],[140.28724287658562,35.52324294778761],[140.2864508280983,35.52384460413339],[140.28573364239728,35.5233641440976],[140.28520197757177,35.52371496186461],[140.28474718058263,35.523032496944445],[140.282721068894,35.522731758426985],[140.28227883474858,35.522747015610854],[140.27973018984082,35.521468000461944],[140.27790686330664,35.52038304515141],[140.2774402710884,35.51920112397597],[140.27650267079457,35.519138095751366],[140.27605998174036,35.51857875727205],[140.27418679302122,35.51700614843468],[140.27399824142057,35.51717764015016],[140.27332162797111,35.51669779443114],[140.2735628739035,35.51569945969934],[140.27284082348157,35.514915300145894],[140.27209753938544,35.51482131919365],[140.2723362658131,35.51391919011291],[140.2716713148389,35.51354105284074],[140.2712358688494,35.5127068304749],[140.27144893266802,35.51020612729827],[140.27238093809368,35.50818501165363],[140.27303257763157,35.5076252143327],[140.2742096818312,35.50752613804014],[140.27461426533344,35.5084955662769],[140.27538339168845,35.50934847514096],[140.2756283050678,35.51010699222332],[140.27694493143338,35.51180233687465],[140.27768256504567,35.511688672629354],[140.2795079189368,35.51206114020443],[140.28007699502183,35.511864979498085],[140.28114720609665,35.5120452158922],[140.28172186217827,35.51246018029613],[140.28212182869095,35.51347968343712],[140.28179129001117,35.513696317734606],[140.2829765514488,35.515401404643235],[140.28294584789455,35.51622248946542],[140.28427644110732,35.5173425911519],[140.2845693745767,35.51799895590808],[140.2863365551853,35.518961692443625],[140.2882906597916,35.51937424220039],[140.28923629275727,35.51854585053754],[140.2894533727065,35.517197732342225],[140.28920336754697,35.51624013037817],[140.29089291198744,35.51546023045883],[140.29209979072127,35.51554208267358],[140.29253361502919,35.515401395213665],[140.29274883583872,35.515465368818106],[140.29317729601271,35.51552501348226],[140.2933210381415,35.515651298235326],[140.29337696866298,35.51605674988428],[140.29411653260857,35.516220246017006],[140.2944047895602,35.516343375453886],[140.2945920349398,35.516598295318516],[140.29473583891905,35.51675732380967],[140.29477379535587,35.51680513670184],[140.29491472261617,35.517033683189446],[140.29504583729104,35.517074556875635],[140.29535391608178,35.51705613230404],[140.2958143144123,35.51708888626372],[140.29604315478784,35.517236321951344],[140.29640265688988,35.51717276972037],[140.29756283229463,35.51775690859362],[140.29782508677602,35.51794762446895],[140.29803602856802,35.518134452054355],[140.29819197442845,35.5182391678878],[140.2984670232964,35.51836229760387],[140.29882823764592,35.51852020163584],[140.3000030620369,35.519054324374956],[140.30011130169848,35.519190277763215],[140.30015548418186,35.51940609014548],[140.3004251146138,35.52002201300064],[140.30070419799463,35.52026931204693],[140.3008466808508,35.520330873661],[140.3004086689988,35.52052524258566],[140.2993072911071,35.52025875675262],[140.29796940096801,35.521462389319304],[140.29611201039853,35.52183950520771],[140.29464016498906,35.520902256323964],[140.29234249699414,35.52185493858822],[140.29029757087096,35.52204835531955],[140.288280575188,35.5230493796253]]]},"properties":{"KEY_CODE":"121050320","PREF":"12","CITY":"105","CITY_NAME":"千葉市緑区","S_NAME":"小食土町","SETAI":"41"}},{"type":"Feature","geometry":{"type":"Polygon","coordinates":[[[140.27311570687917,35.527334770689976],[140.27350562039365,35.529755232811105],[140.26906492255893,35.531066313006136],[140.2688508397557,35.53126306768582],[140.2665540138984,35.53179146675493],[140.2656352862835,35.53156189084396],[140.26339258178885,35.532146866438644],[140.2618469286914,35.53185634888241],[140.26438912249853,35.5307187902496],[140.26626700368558,35.52969801972959],[140.26995852932419,35.528238027296666],[140.2717476743162,35.5275482958565],[140.27310349926768,35.527261257588655],[140.27311570687917,35.527334770689976]]]},"properties":{"KEY_CODE":"12105033001","PREF":"12","CITY":"105","CITY_NAME":"千葉市緑区","S_NAME":"あすみが丘一丁目","SETAI":"601"}},{"type":"Feature","geometry":{"type":"Polygon","coordinates":[[[140.26914206211185,35.52170212562372],[140.27149596880736,35.52169273723103],[140.27330382334026,35.52317872106602],[140.2734198811096,35.52427221472722],[140.27293867493236,35.52560540310516],[140.27310349926768,35.527261257588655],[140.2717476743162,35.5275482958565],[140.26995852932419,35.528238027296666],[140.2695379537896,35.524934046352186],[140.26931989431688,35.52397574630649],[140.26908638223074,35.5217978897445],[140.26914206211185,35.52170212562372]]]},"properties":{"KEY_CODE":"12105033002","PREF":"12","CITY":"105","CITY_NAME":"千葉市緑区","S_NAME":"あすみが丘二丁目","SETAI":"798"}},{"type":"Feature","geometry":{"type":"Polygon","coordinates":[[[140.26995852932419,35.528238027296666],[140.26626700368558,35.52969801972959],[140.26438912249853,35.5307187902496],[140.26212227970495,35.52768725591802],[140.26750721409135,35.52498102694395],[140.26856352979178,35.5241785739593],[140.26931989431688,35.52397574630649],[140.2695379537896,35.524934046352186],[140.26995852932419,35.528238027296666]]]},"properties":{"KEY_CODE":"12105033003","PREF":"12","CITY":"105","CITY_NAME":"千葉市緑区","S_NAME":"あすみが丘三丁目","SETAI":"978"}},{"type":"Feature","geometry":{"type":"Polygon","coordinates":[[[140.26908638223074,35.5217978897445],[140.26931989431688,35.52397574630649],[140.26856352979178,35.5241785739593],[140.26750721409135,35.52498102694395],[140.26212227970495,35.52768725591802],[140.2607248134487,35.52575869828287],[140.2594852889341,35.5230408591885],[140.2628045873104,35.52190779586192],[140.2646472581136,35.52175972369957],[140.26908638223074,35.5217978897445]]]},"properties":{"KEY_CODE":"12105033004","PREF":"12","CITY":"105","CITY_NAME":"千葉市緑区","S_NAME":"あすみが丘四丁目","SETAI":"1598"}},{"type":"Feature","geometry":{"type":"Polygon","coordinates":[[[140.26438912249853,35.5307187902496],[140.2618469286914,35.53185634888241],[140.26166532860657,35.53192096931946],[140.26084100713715,35.53228246742325],[140.26062844386053,35.53194617400094],[140.26052576504833,35.53145692391306],[140.25960673227496,35.5313117753087],[140.2595522556553,35.53091872818845],[140.26051500947065,35.530444921104674],[140.2600680760632,35.53017247311913],[140.26056989173966,35.52976990579372],[140.26015212240722,35.52784356931906],[140.2594508460499,35.527292242423734],[140.25825549039877,35.526895030644916],[140.25753280357978,35.52618046018178],[140.25537881946028,35.52502342054879],[140.25456474010863,35.52493958737148],[140.25392198836732,35.52554008488603],[140.2529348494752,35.52510985381494],[140.25219331835066,35.52436969265662],[140.25409983336613,35.52344572500747],[140.25431650763588,35.52237236181926],[140.25416322683316,35.52093941163627],[140.2575692124049,35.52141068099503],[140.25876068270233,35.52196173687049],[140.2594852889341,35.5230408591885],[140.2607248134487,35.52575869828287],[140.26212227970495,35.52768725591802],[140.26438912249853,35.5307187902496]]]},"properties":{"KEY_CODE":"12105033005","PREF":"12","CITY":"105","CITY_NAME":"千葉市緑区","S_NAME":"あすみが丘五丁目","SETAI":"866"}},{"type":"Feature","geometry":{"type":"Polygon","coordinates":[[[140.2646472581136,35.52175972369957],[140.2628045873104,35.52190779586192],[140.2594852889341,35.5230408591885],[140.25876068270233,35.52196173687049],[140.2575692124049,35.52141068099503],[140.25416322683316,35.52093941163627],[140.2545924004574,35.52036825080609],[140.25454510841118,35.51933275328596],[140.25511721120557,35.519531735570375],[140.25841909076848,35.518669297900324],[140.25857185107319,35.51795308827491],[140.25990842862123,35.51822688159218],[140.26074355590305,35.51791745678008],[140.26103119439358,35.51904931820609],[140.26209582034892,35.51928560312648],[140.26311214313566,35.518986293116726],[140.26264723941978,35.51827124429132],[140.26248768283835,35.51678453386199],[140.2621440494736,35.51644319863851],[140.26107467714445,35.51703472927867],[140.2600733885438,35.51604842584787],[140.2595261715019,35.516162333876444],[140.26005344492444,35.5150577260713],[140.26018955653956,35.51406629498005],[140.25843888753545,35.51448444679187],[140.25757190423838,35.51386699580242],[140.25683869057028,35.51207053466236],[140.25690952926908,35.51191525703602],[140.25978305185856,35.510792825766266],[140.26068464295776,35.510767080749815],[140.26353939864669,35.51482748735133],[140.26424366530648,35.51582008096856],[140.26465117588577,35.51697602439803],[140.2646472581136,35.52175972369957]]]},"properties":{"KEY_CODE":"12105033006","PREF":"12","CITY":"105","CITY_NAME":"千葉市緑区","S_NAME":"あすみが丘六丁目","SETAI":"692"}},{"type":"Feature","geometry":{"type":"Polygon","coordinates":[[[140.26721617045993,35.513078691380905],[140.2685525668305,35.514914891725695],[140.26907723327184,35.51650576203659],[140.26914206211185,35.52170212562372],[140.26908638223074,35.5217978897445],[140.2646472581136,35.52175972369957],[140.26465117588577,35.51697602439803],[140.26424366530648,35.51582008096856],[140.26353939864669,35.51482748735133],[140.26721617045993,35.513078691380905]]]},"properties":{"KEY_CODE":"12105033007","PREF":"12","CITY":"105","CITY_NAME":"千葉市緑区","S_NAME":"あすみが丘七丁目","SETAI":"870"}},{"type":"Feature","geometry":{"type":"Polygon","coordinates":[[[140.27149596880736,35.52169273723103],[140.26914206211185,35.52170212562372],[140.26907723327184,35.51650576203659],[140.2685525668305,35.514914891725695],[140.26721617045993,35.513078691380905],[140.26770202949805,35.51250940399133],[140.26851812816355,35.51372154084175],[140.2690733144848,35.51359287309926],[140.2692498422235,35.51295237523441],[140.26995121693983,35.51236267890425],[140.26953206425398,35.51138366584347],[140.27045904951117,35.511136192419606],[140.2712358688494,35.5127068304749],[140.2716713148389,35.51354105284074],[140.2723362658131,35.51391919011291],[140.27209753938544,35.51482131919365],[140.27284082348157,35.514915300145894],[140.2735628739035,35.51569945969934],[140.27332162797111,35.51669779443114],[140.27399824142057,35.51717764015016],[140.27314373546903,35.51792153527155],[140.2714720083703,35.52066563604273],[140.271480687158,35.5216810606082],[140.27149596880736,35.52169273723103]]]},"properties":{"KEY_CODE":"12105033008","PREF":"12","CITY":"105","CITY_NAME":"千葉市緑区","S_NAME":"あすみが丘八丁目","SETAI":"830"}},{"type":"Feature","geometry":{"type":"Polygon","coordinates":[[[140.26331743532296,35.508187631634975],[140.26432979879138,35.50938784307469],[140.2648486996842,35.50929524655779],[140.2653127060097,35.5102252207365],[140.2663067808864,35.50996996731774],[140.26670416793567,35.510904994942315],[140.26753263535292,35.51122830332783],[140.26675252764431,35.5116304239756],[140.26770202949805,35.51250940399133],[140.26721617045993,35.513078691380905],[140.26353939864669,35.51482748735133],[140.26068464295776,35.510767080749815],[140.25978305185856,35.510792825766266],[140.25690952926908,35.51191525703602],[140.25683869057028,35.51207053466236],[140.25653147394024,35.51172458705069],[140.2565745496466,35.51173524408125],[140.25690152728177,35.51165476818195],[140.25734660833837,35.511174610286254],[140.25744497034424,35.511011106473326],[140.25751824654338,35.51090089288499],[140.25766854652778,35.51076336616376],[140.25783763779486,35.51063746236276],[140.25804222808233,35.51054752383327],[140.2582624683567,35.50966163471062],[140.25879622651334,35.509228162987775],[140.25907200745885,35.50902614721491],[140.2599209332263,35.509255829741285],[140.26014920190676,35.509208331322604],[140.26055527969976,35.508851243497205],[140.2607598546537,35.50884238145257],[140.26084557335443,35.50912730148809],[140.26108096719733,35.50928877414942],[140.26124915636524,35.509238987577554],[140.2611758880472,35.509037609458545],[140.2614229171157,35.50911049043262],[140.26160897501967,35.50903606476035],[140.26170392276796,35.50878983082867],[140.2617577645177,35.508735523217375],[140.26211171882747,35.50863785815441],[140.26216041129592,35.508439776943064],[140.26241628927144,35.50841812561361],[140.2626507584852,35.50834641299093],[140.2628665071923,35.50833356442747],[140.26305894070413,35.50831731440093],[140.26331743532296,35.508187631634975]]]},"properties":{"KEY_CODE":"12105033009","PREF":"12","CITY":"105","CITY_NAME":"千葉市緑区","S_NAME":"あすみが丘九丁目","SETAI":"829"}},{"type":"Feature","geometry":{"type":"Polygon","coordinates":[[[140.169085770201,35.564435202641114],[140.16867311615135,35.56443456487147],[140.16793245259808,35.5644331548773],[140.16601735862056,35.56443026137418],[140.16507059987978,35.56443500648529],[140.16211275554718,35.56445008319526],[140.16081302549003,35.56445185607465],[140.1589645694527,35.56352392763365],[140.1586318137465,35.56362665781083],[140.15816823319386,35.5627445189046],[140.15829640790878,35.5622438765978],[140.16101251197256,35.56139637956074],[140.16419409665536,35.560772884897936],[140.1694747110615,35.559779258080326],[140.1691515904933,35.56220764371879],[140.169085770201,35.564435202641114]]]},"properties":{"KEY_CODE":"12105034001","PREF":"12","CITY":"105","CITY_NAME":"千葉市緑区","S_NAME":"おゆみ野一丁目","SETAI":"1349"}},{"type":"Feature","geometry":{"type":"Polygon","coordinates":[[[140.17301154518103,35.55892558795451],[140.17399813415167,35.561056382263295],[140.1746112588557,35.56176043135365],[140.1765517611159,35.563264678616974],[140.17693677605365,35.56404146578143],[140.17501737119355,35.56481675579762],[140.17307845843277,35.565046600273966],[140.1692192714499,35.56443570725289],[140.169085770201,35.564435202641114],[140.1691515904933,35.56220764371879],[140.1694747110615,35.559779258080326],[140.17301154518103,35.55892558795451]]]},"properties":{"KEY_CODE":"12105034002","PREF":"12","CITY":"105","CITY_NAME":"千葉市緑区","S_NAME":"おゆみ野二丁目","SETAI":"1397"}},{"type":"Feature","geometry":{"type":"Polygon","coordinates":[[[140.18059279740226,35.56104281116147],[140.17827797058098,35.56286580264966],[140.17693677605365,35.56404146578143],[140.1765517611159,35.563264678616974],[140.1746112588557,35.56176043135365],[140.17399813415167,35.561056382263295],[140.17301154518103,35.55892558795451],[140.1745749106599,35.558404621835656],[140.17648040329374,35.557407622526036],[140.17653874114768,35.55737411015593],[140.18051524289118,35.56097000870447],[140.18059279740226,35.56104281116147]]]},"properties":{"KEY_CODE":"12105034003","PREF":"12","CITY":"105","CITY_NAME":"千葉市緑区","S_NAME":"おゆみ野三丁目","SETAI":"1698"}},{"type":"Feature","geometry":{"type":"Polygon","coordinates":[[[140.18698258036943,35.55659358393237],[140.18530744481768,35.55766674982348],[140.18426024231306,35.55806828459732],[140.18347826726762,35.55910898479581],[140.18193173419763,35.560177158934934],[140.18051524289118,35.56097000870447],[140.17653874114768,35.55737411015593],[140.17841929871005,35.556242822827215],[140.18376856616769,35.55321298296564],[140.18415294566185,35.55455134874622],[140.18470621819287,35.55420534506161],[140.18664979437222,35.55642148568107],[140.18698258036943,35.55659358393237]]]},"properties":{"KEY_CODE":"12105034004","PREF":"12","CITY":"105","CITY_NAME":"千葉市緑区","S_NAME":"おゆみ野四丁目","SETAI":"833"}},{"type":"Feature","geometry":{"type":"Polygon","coordinates":[[[140.19278816486963,35.552765004958964],[140.19120004534562,35.55376335036244],[140.19121501251183,35.55465365847593],[140.1887917638566,35.5558994637414],[140.18698258036943,35.55659358393237],[140.18664979437222,35.55642148568107],[140.18470621819287,35.55420534506161],[140.18415294566185,35.55455134874622],[140.18376856616769,35.55321298296564],[140.18642554419745,35.55167724332387],[140.1886357788822,35.55041228670721],[140.1898588614461,35.55160477720335],[140.19278816486963,35.552765004958964]]]},"properties":{"KEY_CODE":"12105034005","PREF":"12","CITY":"105","CITY_NAME":"千葉市緑区","S_NAME":"おゆみ野五丁目","SETAI":"1063"}},{"type":"Feature","geometry":{"type":"Polygon","coordinates":[[[140.19401498044692,35.54798577745089],[140.19480808654097,35.54945802917195],[140.19397151317457,35.54982651208656],[140.1946976951386,35.550397590156486],[140.19548139541106,35.55148314939741],[140.19303956207438,35.55297965527767],[140.19278816486963,35.552765004958964],[140.1898588614461,35.55160477720335],[140.1886357788822,35.55041228670721],[140.19114882719003,35.54905177716431],[140.19401498044692,35.54798577745089]]]},"properties":{"KEY_CODE":"12105034006","PREF":"12","CITY":"105","CITY_NAME":"千葉市緑区","S_NAME":"おゆみ野六丁目","SETAI":"684"}},{"type":"Feature","geometry":{"type":"Polygon","coordinates":[[[140.17016083533707,35.55631595239697],[140.1694747110615,35.559779258080326],[140.16419409665536,35.560772884897936],[140.16373256093664,35.55906778634668],[140.1650421904852,35.55638970573876],[140.16532742334317,35.55653944536375],[140.16715606696025,35.55614948306427],[140.1690612797208,35.55614058159869],[140.17016083533707,35.55631595239697]]]},"properties":{"KEY_CODE":"121050350","PREF":"12","CITY":"105","CITY_NAME":"千葉市緑区","S_NAME":"おゆみ野有吉","SETAI":"509"}},{"type":"Feature","geometry":{"type":"Polygon","coordinates":[[[140.1650421904852,35.55638970573876],[140.16373256093664,35.55906778634668],[140.16419409665536,35.560772884897936],[140.16101251197256,35.56139637956074],[140.15829640790878,35.5622438765978],[140.15795799457075,35.56203207218232],[140.1576610690737,35.560339089248025],[140.1567949018576,35.558647669012586],[140.15619433023602,35.55826258330703],[140.15762249588025,35.55705987734962],[140.15762362025896,35.55624138376047],[140.1585370625229,35.556252451306065],[140.15954608815724,35.55724937835391],[140.1604068612389,35.5573110514066],[140.16081257803035,35.55669786542938],[140.16252805275857,35.556146941874644],[140.1650421904852,35.55638970573876]]]},"properties":{"KEY_CODE":"12105036001","PREF":"12","CITY":"105","CITY_NAME":"千葉市緑区","S_NAME":"おゆみ野中央一丁目","SETAI":"1295"}},{"type":"Feature","geometry":{"type":"Polygon","coordinates":[[[140.1650421904852,35.55638970573876],[140.16252805275857,35.556146941874644],[140.16081257803035,35.55669786542938],[140.1604068612389,35.5573110514066],[140.15954608815724,35.55724937835391],[140.1585370625229,35.556252451306065],[140.15762362025896,35.55624138376047],[140.1579206129129,35.55492990900346],[140.15885620017903,35.553317491947155],[140.1614464767426,35.55386390903716],[140.16402915365705,35.553894684625156],[140.16511372177175,35.553658245265105],[140.1650421904852,35.55638970573876]]]},"properties":{"KEY_CODE":"12105036002","PREF":"12","CITY":"105","CITY_NAME":"千葉市緑区","S_NAME":"おゆみ野中央二丁目","SETAI":"133"}},{"type":"Feature","geometry":{"type":"Polygon","coordinates":[[[140.17016083533707,35.55631595239697],[140.1690612797208,35.55614058159869],[140.16715606696025,35.55614948306427],[140.16532742334317,35.55653944536375],[140.1650421904852,35.55638970573876],[140.16511372177175,35.553658245265105],[140.1665742532467,35.55310434957009],[140.17119386981656,35.55115436886616],[140.17016083533707,35.55631595239697]]]},"properties":{"KEY_CODE":"12105036003","PREF":"12","CITY":"105","CITY_NAME":"千葉市緑区","S_NAME":"おゆみ野中央三丁目","SETAI":"718"}},{"type":"Feature","geometry":{"type":"Polygon","coordinates":[[[140.17529632294386,35.55501509154876],[140.1725823129069,35.5557701142571],[140.1711081125331,35.55569674756521],[140.17016083533707,35.55631595239697],[140.17119386981656,35.55115436886616],[140.17136454637426,35.55108086139942],[140.17549378921225,35.549345651361406],[140.1760349008417,35.550259899196114],[140.1762217334956,35.551382516316764],[140.17529632294386,35.55501509154876]]]},"properties":{"KEY_CODE":"12105036004","PREF":"12","CITY":"105","CITY_NAME":"千葉市緑区","S_NAME":"おゆみ野中央四丁目","SETAI":"534"}},{"type":"Feature","geometry":{"type":"Polygon","coordinates":[[[140.17529632294386,35.55501509154876],[140.17532693980058,35.55572531395012],[140.17577244057327,35.55670835874933],[140.17648040329374,35.557407622526036],[140.1745749106599,35.558404621835656],[140.17301154518103,35.55892558795451],[140.1694747110615,35.559779258080326],[140.17016083533707,35.55631595239697],[140.1711081125331,35.55569674756521],[140.1725823129069,35.5557701142571],[140.17529632294386,35.55501509154876]]]},"properties":{"KEY_CODE":"12105036005","PREF":"12","CITY":"105","CITY_NAME":"千葉市緑区","S_NAME":"おゆみ野中央五丁目","SETAI":"504"}},{"type":"Feature","geometry":{"type":"Polygon","coordinates":[[[140.18642554419745,35.55167724332387],[140.18376856616769,35.55321298296564],[140.17841929871005,35.556242822827215],[140.17653874114768,35.55737411015593],[140.17648040329374,35.557407622526036],[140.17577244057327,35.55670835874933],[140.17532693980058,35.55572531395012],[140.17529632294386,35.55501509154876],[140.1762217334956,35.551382516316764],[140.1825545231993,35.55133713427863],[140.18329533386967,35.55122500428282],[140.1852099480657,35.55017194855029],[140.18642554419745,35.55167724332387]]]},"properties":{"KEY_CODE":"12105036006","PREF":"12","CITY":"105","CITY_NAME":"千葉市緑区","S_NAME":"おゆみ野中央六丁目","SETAI":"943"}},{"type":"Feature","geometry":{"type":"Polygon","coordinates":[[[140.1852099480657,35.55017194855029],[140.18329533386967,35.55122500428282],[140.1825545231993,35.55133713427863],[140.1762217334956,35.551382516316764],[140.1760349008417,35.550259899196114],[140.17549378921225,35.549345651361406],[140.176915714646,35.54859429459208],[140.17978641143893,35.54644340091448],[140.18085577540649,35.54832600894531],[140.18152532893464,35.54882796178277],[140.18294788030948,35.549239330858086],[140.1844654894782,35.54969008067915],[140.1852099480657,35.55017194855029]]]},"properties":{"KEY_CODE":"12105036007","PREF":"12","CITY":"105","CITY_NAME":"千葉市緑区","S_NAME":"おゆみ野中央七丁目","SETAI":"697"}},{"type":"Feature","geometry":{"type":"Polygon","coordinates":[[[140.19401498044692,35.54798577745089],[140.19114882719003,35.54905177716431],[140.1886357788822,35.55041228670721],[140.18642554419745,35.55167724332387],[140.1852099480657,35.55017194855029],[140.1844654894782,35.54969008067915],[140.18294788030948,35.549239330858086],[140.18387105321676,35.54648287275436],[140.18580268289296,35.54780220845541],[140.18660003658908,35.547537555996996],[140.1873236805217,35.548260784369205],[140.18758236869175,35.54794113318026],[140.18923483471883,35.547507153567],[140.19132901934796,35.547686521885154],[140.19329778400157,35.54696038370174],[140.19392444304216,35.54724600902757],[140.19401498044692,35.54798577745089]]]},"properties":{"KEY_CODE":"12105036008","PREF":"12","CITY":"105","CITY_NAME":"千葉市緑区","S_NAME":"おゆみ野中央八丁目","SETAI":"828"}},{"type":"Feature","geometry":{"type":"Polygon","coordinates":[[[140.1870437408888,35.54144375329136],[140.18807210922122,35.54180036882502],[140.1885220689251,35.542786919509986],[140.1858248332851,35.54323270500475],[140.18430197114154,35.54438129582559],[140.18378469017227,35.54416926191472],[140.1836323988039,35.54489983079919],[140.18281400116584,35.54614885825593],[140.18387105321676,35.54648287275436],[140.18294788030948,35.549239330858086],[140.18152532893464,35.54882796178277],[140.18085577540649,35.54832600894531],[140.17978641143893,35.54644340091448],[140.18574515348922,35.54206867691813],[140.1870437408888,35.54144375329136]]]},"properties":{"KEY_CODE":"12105036009","PREF":"12","CITY":"105","CITY_NAME":"千葉市緑区","S_NAME":"おゆみ野中央九丁目","SETAI":"365"}},{"type":"Feature","geometry":{"type":"Polygon","coordinates":[[[140.16511372177175,35.553658245265105],[140.16402915365705,35.553894684625156],[140.1614464767426,35.55386390903716],[140.15885620017903,35.553317491947155],[140.15750598175097,35.55304527183746],[140.15870052963095,35.55189549233912],[140.15951266014258,35.55167245735039],[140.15888530180308,35.55147763972232],[140.15897067665207,35.55075449364396],[140.15954127415668,35.55054834106893],[140.16085408472392,35.55085212904706],[140.161248611145,35.551299078180236],[140.16379240856457,35.550480855280185],[140.16436047833128,35.55074157881013],[140.16428215388473,35.551009503623206],[140.1651147242177,35.552555820606685],[140.16511372177175,35.553658245265105]]]},"properties":{"KEY_CODE":"12105037001","PREF":"12","CITY":"105","CITY_NAME":"千葉市緑区","S_NAME":"おゆみ野南一丁目","SETAI":"600"}},{"type":"Feature","geometry":{"type":"Polygon","coordinates":[[[140.1721403602,35.545402572822674],[140.1721537884335,35.5462318217002],[140.17136454637426,35.55108086139942],[140.17119386981656,35.55115436886616],[140.1665742532467,35.55310434957009],[140.16511372177175,35.553658245265105],[140.1651147242177,35.552555820606685],[140.16428215388473,35.551009503623206],[140.16436047833128,35.55074157881013],[140.16742755109348,35.5497658902413],[140.16897574873326,35.549101762477974],[140.17037259528774,35.54812705729029],[140.1713066007322,35.546740789698184],[140.17178418747042,35.54542699593703],[140.1721403602,35.545402572822674]]]},"properties":{"KEY_CODE":"12105037002","PREF":"12","CITY":"105","CITY_NAME":"千葉市緑区","S_NAME":"おゆみ野南二丁目","SETAI":"944"}},{"type":"Feature","geometry":{"type":"Polygon","coordinates":[[[140.17178418747042,35.54542699593703],[140.1713066007322,35.546740789698184],[140.17037259528774,35.54812705729029],[140.16897574873326,35.549101762477974],[140.16742755109348,35.5497658902413],[140.16436047833128,35.55074157881013],[140.16379240856457,35.550480855280185],[140.16527374901875,35.549631256615996],[140.1650973927787,35.548859249934466],[140.16423622748582,35.54894274798659],[140.1644089510203,35.54801742150273],[140.16433564786502,35.54762371943553],[140.16620455442677,35.547166066526266],[140.1669920684865,35.54607769816714],[140.16777265008062,35.54572215411463],[140.17178418747042,35.54542699593703]]]},"properties":{"KEY_CODE":"12105037003","PREF":"12","CITY":"105","CITY_NAME":"千葉市緑区","S_NAME":"おゆみ野南三丁目","SETAI":"892"}},{"type":"Feature","geometry":{"type":"Polygon","coordinates":[[[140.1721403602,35.545402572822674],[140.17178418747042,35.54542699593703],[140.16777265008062,35.54572215411463],[140.1669920684865,35.54607769816714],[140.16620455442677,35.547166066526266],[140.1654264122559,35.54543031074156],[140.16476848423622,35.54503008495084],[140.16470994711693,35.54500771115573],[140.16496400798263,35.544559025495424],[140.16484683222552,35.54395450044709],[140.16483449855562,35.543904078118274],[140.16466394820512,35.54400549568458],[140.16442378480494,35.54380242849345],[140.1642402296959,35.54341716555549],[140.16422221895263,35.54305574199704],[140.1642644301979,35.54285640459065],[140.1644199866099,35.5425964037203],[140.16454315553386,35.54250951640215],[140.16491717298567,35.54226690596441],[140.1654396674579,35.541922055941285],[140.16548053359102,35.541932753361884],[140.1655192575845,35.54196239891795],[140.16560694174171,35.542096449719494],[140.16566588060647,35.5422179749872],[140.1658547805565,35.54229136027697],[140.16599714871438,35.5423117058315],[140.1663908448578,35.5422943846144],[140.1663835503133,35.54240169223913],[140.16642031855307,35.542489898798266],[140.1665276384234,35.54257343769747],[140.16669444871235,35.54263878439129],[140.1667915283302,35.54264122771628],[140.16692439465015,35.542498431209246],[140.16693099324428,35.542494821977876],[140.16694423101396,35.54249207460532],[140.16695193493973,35.542490256951574],[140.1669563405532,35.54248753406563],[140.16696286425034,35.54246586087047],[140.16716343164737,35.54242114986655],[140.16786178781513,35.54246970297924],[140.16772533088005,35.54254578465112],[140.16779509518489,35.542877311501826],[140.1678535341684,35.54287623247381],[140.1679561624505,35.54288675733921],[140.16803355508335,35.54293161173813],[140.16820421114204,35.5431240566902],[140.16833458476285,35.54318136775674],[140.16867712562018,35.543060521868874],[140.16890788306384,35.543387090682735],[140.16900289039182,35.54342467770146],[140.1690327737887,35.543446249442674],[140.16919711377778,35.54371441243141],[140.16940061966986,35.543583142271004],[140.16939222156213,35.54368231894571],[140.1701279156272,35.544212963606306],[140.1704545697035,35.544254407885276],[140.17050969232182,35.544247950185905],[140.17067075623893,35.54425563298947],[140.17099639147688,35.54431598623386],[140.1711348681394,35.544197536787394],[140.17120725574324,35.54409546801441],[140.17125445095206,35.54404304765674],[140.17134617349316,35.54408247301449],[140.17163144333605,35.54398519414994],[140.17191213717803,35.543851023844816],[140.17197617787858,35.54387066675033],[140.1721403602,35.545402572822674]]]},"properties":{"KEY_CODE":"12105037004","PREF":"12","CITY":"105","CITY_NAME":"千葉市緑区","S_NAME":"おゆみ野南四丁目","SETAI":"570"}},{"type":"Feature","geometry":{"type":"Polygon","coordinates":[[[140.17470897927222,35.54353118056431],[140.1758860394129,35.54443427784711],[140.17699534736224,35.54339083657089],[140.17878071133654,35.54472193519028],[140.17978641143893,35.54644340091448],[140.176915714646,35.54859429459208],[140.17549378921225,35.549345651361406],[140.17136454637426,35.55108086139942],[140.1721537884335,35.5462318217002],[140.1721403602,35.545402572822674],[140.17197617787858,35.54387066675033],[140.17194316115035,35.543626467530665],[140.17171873558084,35.543498196470736],[140.17220158316107,35.54291543185132],[140.17389296729232,35.54305397344079],[140.17470897927222,35.54353118056431]]]},"properties":{"KEY_CODE":"12105037005","PREF":"12","CITY":"105","CITY_NAME":"千葉市緑区","S_NAME":"おゆみ野南五丁目","SETAI":"1097"}},{"type":"Feature","geometry":{"type":"Polygon","coordinates":[[[140.1870437408888,35.54144375329136],[140.18574515348922,35.54206867691813],[140.17978641143893,35.54644340091448],[140.17878071133654,35.54472193519028],[140.17699534736224,35.54339083657089],[140.1758860394129,35.54443427784711],[140.17470897927222,35.54353118056431],[140.17578282636208,35.54291516639722],[140.1761515617835,35.54222095583604],[140.17697997021205,35.54199140182756],[140.17702446242814,35.54079425568316],[140.17807906594297,35.54048394090439],[140.17823949338424,35.54000760893846],[140.17944822039465,35.540065000711266],[140.18023857127176,35.540436226972076],[140.18219546028627,35.54067831828295],[140.18215390778352,35.54025570197197],[140.1828360693558,35.53913507765798],[140.18358147164932,35.53885079452369],[140.1840761284061,35.53923243679551],[140.18493376041283,35.5388999918636],[140.1855398245439,35.53953910351487],[140.18611914900666,35.54110308893312],[140.1870437408888,35.54144375329136]]]},"properties":{"KEY_CODE":"12105037006","PREF":"12","CITY":"105","CITY_NAME":"千葉市緑区","S_NAME":"おゆみ野南六丁目","SETAI":"1118"}},{"type":"Feature","geometry":{"type":"Polygon","coordinates":[[[140.28510994367156,35.525619211806635],[140.28496495250067,35.52736722757577],[140.28258184012478,35.528335387819226],[140.28230816594703,35.528165482544104],[140.27875274278225,35.52941825800976],[140.27801485860172,35.52950984434923],[140.2771807226877,35.5281397630037],[140.2756127489805,35.527119387227046],[140.2747522741174,35.527363989090446],[140.27311570687917,35.527334770689976],[140.27310349926768,35.527261257588655],[140.2765947071492,35.52690916057384],[140.27896040802682,35.52690446850714],[140.28008758690524,35.52639120939738],[140.28079546823685,35.52538000738305],[140.28191520760268,35.52588600749976],[140.28323746625264,35.52610467929906],[140.28510994367156,35.525619211806635]]]},"properties":{"KEY_CODE":"12105038001","PREF":"12","CITY":"105","CITY_NAME":"千葉市緑区","S_NAME":"あすみが丘東一丁目","SETAI":"439"}},{"type":"Feature","geometry":{"type":"Polygon","coordinates":[[[140.28079546823685,35.52538000738305],[140.28008758690524,35.52639120939738],[140.27896040802682,35.52690446850714],[140.2765947071492,35.52690916057384],[140.27310349926768,35.527261257588655],[140.27293867493236,35.52560540310516],[140.2734198811096,35.52427221472722],[140.27330382334026,35.52317872106602],[140.27149596880736,35.52169273723103],[140.271480687158,35.5216810606082],[140.2734607622674,35.52207504283979],[140.27857506766205,35.52437657931426],[140.28079546823685,35.52538000738305]]]},"properties":{"KEY_CODE":"12105038002","PREF":"12","CITY":"105","CITY_NAME":"千葉市緑区","S_NAME":"あすみが丘東二丁目","SETAI":"655"}},{"type":"Feature","geometry":{"type":"Polygon","coordinates":[[[140.282721068894,35.522731758426985],[140.2828125610025,35.52409069144582],[140.28510994367156,35.525619211806635],[140.28323746625264,35.52610467929906],[140.28191520760268,35.52588600749976],[140.28079546823685,35.52538000738305],[140.27857506766205,35.52437657931426],[140.27907408737164,35.52342026450922],[140.2790486442201,35.522422494104795],[140.27867301771118,35.521701836231465],[140.27973018984082,35.521468000461944],[140.28227883474858,35.522747015610854],[140.282721068894,35.522731758426985]]]},"properties":{"KEY_CODE":"12105038003","PREF":"12","CITY":"105","CITY_NAME":"千葉市緑区","S_NAME":"あすみが丘東三丁目","SETAI":"471"}},{"type":"Feature","geometry":{"type":"Polygon","coordinates":[[[140.2734607622674,35.52207504283979],[140.2738418822756,35.52147332016818],[140.274531694115,35.52113099293024],[140.27765113832464,35.52115570753217],[140.27867301771118,35.521701836231465],[140.2790486442201,35.522422494104795],[140.27907408737164,35.52342026450922],[140.27857506766205,35.52437657931426],[140.2734607622674,35.52207504283979]]]},"properties":{"KEY_CODE":"12105038004","PREF":"12","CITY":"105","CITY_NAME":"千葉市緑区","S_NAME":"あすみが丘東四丁目","SETAI":"369"}},{"type":"Feature","geometry":{"type":"Polygon","coordinates":[[[140.2734607622674,35.52207504283979],[140.271480687158,35.5216810606082],[140.2714720083703,35.52066563604273],[140.27314373546903,35.51792153527155],[140.27399824142057,35.51717764015016],[140.27418679302122,35.51700614843468],[140.27605998174036,35.51857875727205],[140.27650267079457,35.519138095751366],[140.2774402710884,35.51920112397597],[140.27790686330664,35.52038304515141],[140.27973018984082,35.521468000461944],[140.27867301771118,35.521701836231465],[140.27765113832464,35.52115570753217],[140.274531694115,35.52113099293024],[140.2738418822756,35.52147332016818],[140.2734607622674,35.52207504283979]]]},"properties":{"KEY_CODE":"12105038005","PREF":"12","CITY":"105","CITY_NAME":"千葉市緑区","S_NAME":"あすみが丘東五丁目","SETAI":"548"}}]}