{"type":"FeatureCollection","features":[{"type":"Feature","geometry":{"type":"Polygon","coordinates":[[[140.31505976600616,35.147693425482245],[140.31494535269638,35.147788245886694],[140.31497589651298,35.147646570887396],[140.31505976600616,35.147693425482245]]]},"properties":{"KEY_CODE":"122180010","PREF":"12","CITY":"218","CITY_NAME":"勝浦市","S_NAME":"勝浦","SETAI":"0"}},{"type":"Feature","geometry":{"type":"Polygon","coordinates":[[[140.31848315999585,35.144448357744295],[140.3179074956008,35.14509827801478],[140.3169765517814,35.14493724276572],[140.31715012778565,35.14581734722978],[140.3163116548772,35.1458832595764],[140.3160573886112,35.1449696108805],[140.31468299639488,35.14555667213996],[140.31480068784106,35.14437139330482],[140.3136385617562,35.142343085925],[140.31409591885975,35.14044936380535],[140.31391956924566,35.139878796203384],[140.31486444586739,35.13839528856949],[140.315411528203,35.13867971920906],[140.31630190847042,35.13855445117532],[140.31686138716432,35.141093555036846],[140.31769880156887,35.1429723983366],[140.31722350924787,35.1437571370604],[140.31848315999585,35.144448357744295]]]},"properties":{"KEY_CODE":"122180010","PREF":"12","CITY":"218","CITY_NAME":"勝浦市","S_NAME":"勝浦","SETAI":"0"}},{"type":"Feature","geometry":{"type":"Polygon","coordinates":[[[140.31825427872076,35.148575791513196],[140.31806150528598,35.14885078965038],[140.31690646627226,35.14895545076076],[140.31591601962427,35.14944762891294],[140.31450792372988,35.1489220524165],[140.31412117462773,35.14943387670541],[140.3124642979515,35.148144014204135],[140.31330678731345,35.14748680557773],[140.31440028135492,35.14714784018494],[140.31422339062277,35.147632427048315],[140.31508243870982,35.1479977812246],[140.31542481854655,35.147510075334914],[140.31735033245192,35.14862924294276],[140.31746586818468,35.148303582563024],[140.31825427872076,35.148575791513196]]]},"properties":{"KEY_CODE":"122180010","PREF":"12","CITY":"218","CITY_NAME":"勝浦市","S_NAME":"勝浦","SETAI":"244"}},{"type":"Feature","geometry":{"type":"Polygon","coordinates":[[[140.31680282866216,35.14714447303048],[140.3163977246585,35.146442041495966],[140.3172404547218,35.146153486253866],[140.31752091921513,35.14641054926938],[140.31712989471865,35.14714902102072],[140.31680282866216,35.14714447303048]]]},"properties":{"KEY_CODE":"122180010","PREF":"12","CITY":"218","CITY_NAME":"勝浦市","S_NAME":"勝浦","SETAI":"0"}},{"type":"Feature","geometry":{"type":"Polygon","coordinates":[[[140.314984057847,35.147387938767025],[140.3148446283291,35.14754419889219],[140.3147134576947,35.147450346613226],[140.314984057847,35.147387938767025]]]},"properties":{"KEY_CODE":"122180010","PREF":"12","CITY":"218","CITY_NAME":"勝浦市","S_NAME":"勝浦","SETAI":"0"}},{"type":"Feature","geometry":{"type":"Polygon","coordinates":[[[140.3124642979515,35.148144014204135],[140.31176026894107,35.148751520467506],[140.31120792486058,35.1488065049565],[140.3096945330005,35.14861615008615],[140.31043415696092,35.14429537931668],[140.3105073260855,35.14497380324385],[140.30989540075288,35.14824577157217],[140.311215447304,35.148406459148006],[140.31126643922218,35.14811688078938],[140.3124821485072,35.14714573763949],[140.31269409992348,35.144002578702526],[140.31335213698534,35.143560061317565],[140.31255281366515,35.14275195176429],[140.31188656182078,35.14365237801012],[140.31167616256212,35.143520673231585],[140.31262636934346,35.14257046684767],[140.31262555103515,35.14150681908273],[140.31199462512362,35.141150587273906],[140.31143639821084,35.14010000146793],[140.3123445875409,35.139834078872596],[140.31251488261316,35.13857320527318],[140.31108993158747,35.13792903576648],[140.31104706112464,35.13643648703536],[140.3104040724076,35.13607214146573],[140.31024238499043,35.134690910940996],[140.31187072872603,35.13466637599302],[140.31153170308332,35.13504809727471],[140.31251827159804,35.135428173130116],[140.3119886578798,35.13587559100034],[140.3128190225083,35.13675031459523],[140.31386827959813,35.13713997828775],[140.31382428255412,35.13768008659799],[140.31486444586739,35.13839528856949],[140.31391956924566,35.139878796203384],[140.31409591885975,35.14044936380535],[140.3136385617562,35.142343085925],[140.31480068784106,35.14437139330482],[140.31468299639488,35.14555667213996],[140.3160573886112,35.1449696108805],[140.3163116548772,35.1458832595764],[140.31715012778565,35.14581734722978],[140.3169765517814,35.14493724276572],[140.3179074956008,35.14509827801478],[140.31848315999585,35.144448357744295],[140.31893668918963,35.14399941683162],[140.31966179304615,35.14421245500086],[140.3198334657175,35.14490730684271],[140.31899892665137,35.14542303728426],[140.31865378515755,35.146181961908894],[140.31886593526258,35.14680070998912],[140.31811998476897,35.147101076788616],[140.31712989471865,35.14714902102072],[140.31752091921513,35.14641054926938],[140.3172404547218,35.146153486253866],[140.3163977246585,35.146442041495966],[140.31680282866216,35.14714447303048],[140.31685604473472,35.14802886440552],[140.3182299639835,35.14795523963108],[140.31886912929954,35.14836481882615],[140.31825427872076,35.148575791513196],[140.31746586818468,35.148303582563024],[140.31735033245192,35.14862924294276],[140.31542481854655,35.147510075334914],[140.31508243870982,35.1479977812246],[140.31422339062277,35.147632427048315],[140.31440028135492,35.14714784018494],[140.31330678731345,35.14748680557773],[140.3124642979515,35.148144014204135]],[[140.314984057847,35.147387938767025],[140.3147134576947,35.147450346613226],[140.3148446283291,35.14754419889219],[140.314984057847,35.147387938767025]],[[140.31505976600616,35.147693425482245],[140.31497589651298,35.147646570887396],[140.31494535269638,35.147788245886694],[140.31505976600616,35.147693425482245]]]},"properties":{"KEY_CODE":"122180020","PREF":"12","CITY":"218","CITY_NAME":"勝浦市","S_NAME":"浜勝浦","SETAI":"296"}},{"type":"Feature","geometry":{"type":"Polygon","coordinates":[[[140.31953296096188,35.151230896914136],[140.3185553513387,35.15109542871336],[140.31911196809116,35.15174801576829],[140.3178414850926,35.151709764578946],[140.31851634832668,35.152269977348176],[140.31918689584728,35.15343373415842],[140.32007488722687,35.1541095493775],[140.31962559567344,35.15611980681113],[140.31992178992684,35.156230448649815],[140.3195628111601,35.15737513384143],[140.31921281402117,35.157001467191],[140.31761481107446,35.15672434514894],[140.3177780057978,35.155634453040136],[140.31720602946106,35.15498609295362],[140.31607850715275,35.15435704953461],[140.31535277797462,35.15301229161744],[140.3159920301341,35.152953346385715],[140.31582757527525,35.15247532333612],[140.31608380021672,35.15147329084229],[140.3156766134933,35.15024085471854],[140.31412117462773,35.14943387670541],[140.31450792372988,35.1489220524165],[140.31591601962427,35.14944762891294],[140.31690646627226,35.14895545076076],[140.31806150528598,35.14885078965038],[140.31825427872076,35.148575791513196],[140.31886912929954,35.14836481882615],[140.31934092494419,35.14842681468749],[140.3195518386719,35.14915894745886],[140.3190820292395,35.149826327416676],[140.31817165624477,35.15005024035906],[140.31953296096188,35.151230896914136]]]},"properties":{"KEY_CODE":"122180030","PREF":"12","CITY":"218","CITY_NAME":"勝浦市","S_NAME":"出水","SETAI":"204"}},{"type":"Feature","geometry":{"type":"Polygon","coordinates":[[[140.31761481107446,35.15672434514894],[140.31709179722128,35.157244823813926],[140.31737042065424,35.1578820991381],[140.31687505194668,35.15874184075989],[140.31627410914183,35.15889502313565],[140.3152232028057,35.15844371521967],[140.3142996804043,35.159740248041665],[140.3130207193822,35.16079981285541],[140.31184848264454,35.161143078458736],[140.30842557772968,35.16137663044537],[140.30847088354403,35.160183571760435],[140.30700016224094,35.15967044246969],[140.30696549102996,35.15799576251941],[140.30717769253343,35.15612130396001],[140.3079707326884,35.15464684701703],[140.30826493220178,35.15240684655088],[140.30885790917552,35.150882342388954],[140.3081312858322,35.14986351880034],[140.30990481663008,35.14888329904614],[140.31120792486058,35.1488065049565],[140.31176026894107,35.148751520467506],[140.3124642979515,35.148144014204135],[140.31412117462773,35.14943387670541],[140.3156766134933,35.15024085471854],[140.31608380021672,35.15147329084229],[140.31582757527525,35.15247532333612],[140.3159920301341,35.152953346385715],[140.31535277797462,35.15301229161744],[140.31607850715275,35.15435704953461],[140.31720602946106,35.15498609295362],[140.3177780057978,35.155634453040136],[140.31761481107446,35.15672434514894]]]},"properties":{"KEY_CODE":"122180040","PREF":"12","CITY":"218","CITY_NAME":"勝浦市","S_NAME":"墨名","SETAI":"1019"}},{"type":"Feature","geometry":{"type":"Polygon","coordinates":[[[140.30162755129595,35.17051470801432],[140.3016073896969,35.170766052705645],[140.3006687265904,35.17040609587085],[140.3004021589618,35.17067163183667],[140.30017618274084,35.17088243488307],[140.2999850886411,35.17085070703515],[140.2999697631705,35.17069111987606],[140.30006296032423,35.1702990000621],[140.29996514444758,35.17020184221133],[140.29957898221275,35.16976727603367],[140.29938704053498,35.16958766371068],[140.29894882618828,35.16917547897382],[140.29821209716138,35.168535284921646],[140.29803827241525,35.1683733480423],[140.2970682986783,35.167884890581675],[140.29669658501933,35.167768075141915],[140.29619535915504,35.16766942474434],[140.29569263609258,35.16763141118885],[140.2955191555241,35.16689594119522],[140.2950612421539,35.16681197944767],[140.2946847634538,35.1671208766042],[140.2943889876093,35.16736291693644],[140.29417991485656,35.16733420460127],[140.29398843227244,35.16723140817011],[140.29364958797458,35.16719135600293],[140.29314635874283,35.16737354662251],[140.29285827441083,35.167392383051215],[140.2927608251382,35.167357258488096],[140.29222940652352,35.167013419035754],[140.29192024020992,35.16648831088409],[140.29115761489714,35.16602709536891],[140.2907953615576,35.16661818822911],[140.29072340123145,35.16727185163451],[140.29084217048677,35.16798627732853],[140.29085613678595,35.16813608652135],[140.28972289434532,35.168064999885424],[140.28646450672653,35.168328487782816],[140.28652614078135,35.16645982111882],[140.2858514901797,35.16646078555561],[140.28608067335878,35.165264823879085],[140.28695791888504,35.16468090223613],[140.2872925711072,35.16257346707964],[140.28828417372026,35.16276533730297],[140.28888401303988,35.161322972961464],[140.2888286991436,35.16062664639511],[140.2898043438294,35.1603214954351],[140.2909711772892,35.15891954858177],[140.29022571462588,35.158101787179405],[140.29076731041272,35.15721123635456],[140.28950136505105,35.15470824860716],[140.29015002296816,35.153613974004095],[140.2919332030571,35.15307864606239],[140.29320547029326,35.151741998083835],[140.29402733673726,35.15118322538219],[140.29443832435018,35.15005208879439],[140.29512283993932,35.14962799566014],[140.29538093780693,35.14871871926937],[140.29507039527059,35.14660094672536],[140.29574732234002,35.14715638683974],[140.29549426763245,35.14742961341897],[140.29606984864708,35.14811163808421],[140.29586827119297,35.148946258231845],[140.297227190472,35.150544789452034],[140.2984703070638,35.15106288055864],[140.29987031788997,35.15099532128516],[140.30133159905535,35.15127457065866],[140.3022729431092,35.15102212117865],[140.30280839578566,35.150234868286525],[140.3044273186317,35.15120850667358],[140.3056546254699,35.15087829839414],[140.3081312858322,35.14986351880034],[140.30885790917552,35.150882342388954],[140.30826493220178,35.15240684655088],[140.3079707326884,35.15464684701703],[140.30717769253343,35.15612130396001],[140.30696549102996,35.15799576251941],[140.30700016224094,35.15967044246969],[140.30847088354403,35.160183571760435],[140.30842557772968,35.16137663044537],[140.30904444764354,35.16219463637257],[140.30914896635446,35.1628209909142],[140.30871519815344,35.16409242677198],[140.3075238660853,35.16455683081231],[140.3069018953422,35.165069274608626],[140.30620623167246,35.164945801544796],[140.30457651666688,35.165638580711864],[140.3034138262566,35.16764157063227],[140.30337865000524,35.16885255837239],[140.3029976381503,35.16916868753532],[140.30243142386448,35.169055604690875],[140.3021150680393,35.169163240864364],[140.30139908920813,35.169625735269776],[140.3011669075964,35.16996367789234],[140.30119787256095,35.17033602156916],[140.3012700477423,35.17035940407562],[140.30158290133255,35.17026065775598],[140.30162755129595,35.17051470801432]]]},"properties":{"KEY_CODE":"122180050","PREF":"12","CITY":"218","CITY_NAME":"勝浦市","S_NAME":"串浜","SETAI":"462"}},{"type":"Feature","geometry":{"type":"Polygon","coordinates":[[[140.2858514901797,35.16646078555561],[140.2851030690083,35.16725430336833],[140.2847934607988,35.168999320354416],[140.28340987196145,35.169263223278676],[140.28266415366275,35.16987419716746],[140.28196609099956,35.16934579180618],[140.2819388990186,35.16917342313405],[140.28195366199887,35.16899652974173],[140.28099556677137,35.168410423885156],[140.2804488857128,35.16740347390958],[140.28049941873252,35.167032427575556],[140.28070343818737,35.16592346157143],[140.2808554872771,35.16586043038526],[140.28145310201293,35.16562749697235],[140.28158356069451,35.16546749880152],[140.28187812070058,35.16529280400934],[140.28218366035176,35.16497045703711],[140.28255535995427,35.16473406285007],[140.2826229383195,35.164602257211534],[140.2825199690755,35.16450566580455],[140.28220473068367,35.164506840904735],[140.28149804160404,35.16472398653185],[140.28124832590026,35.164694703506015],[140.2817234167326,35.16415608427167],[140.28188693641025,35.16403582372013],[140.282546741609,35.163645322837084],[140.28294736915697,35.16341522682567],[140.28278139281443,35.16284885441885],[140.28316772574217,35.162173654342574],[140.28321302792472,35.16110300235835],[140.28263095653637,35.160333289081656],[140.28203242217418,35.16015762165846],[140.28149640360013,35.16012299751261],[140.28052422479942,35.1598258204773],[140.27917960638342,35.15841431234907],[140.27861526380792,35.15752162978187],[140.2785436717351,35.15738181644915],[140.27881534674594,35.154949736531044],[140.2782153838057,35.15401521562253],[140.27749769025596,35.153409883270925],[140.2767252456678,35.153356614479776],[140.2765118864012,35.15275955466812],[140.27638950819716,35.15251893855174],[140.2776268461682,35.15238737089939],[140.27910933484767,35.15186991765032],[140.27962029244347,35.15123134656925],[140.2802681946211,35.14888107491188],[140.28133852365508,35.14956929038598],[140.28203816821113,35.14950080808554],[140.28211540866724,35.148956810177594],[140.28377465452232,35.149404529566226],[140.28292338400206,35.14797867628165],[140.28342918369103,35.14703118636578],[140.2831892454456,35.144712627126324],[140.28356973267515,35.14391522926752],[140.2833531282544,35.14337262322365],[140.28321113541108,35.14264762772862],[140.28435297657646,35.14239986951167],[140.28560174700723,35.141070315172],[140.28683496612496,35.140512457810736],[140.28739866003073,35.13938892585814],[140.28840428181718,35.13854232396866],[140.2892742607691,35.137482632175534],[140.2901991100203,35.137231362710345],[140.29186563332684,35.13814698609518],[140.29218017563466,35.13775644702949],[140.29243727728758,35.13839905673843],[140.2911521836284,35.13817945265946],[140.290474314373,35.13938625592634],[140.29101623905862,35.14013413600891],[140.28963588099427,35.13976346436128],[140.2902090424112,35.14040397944744],[140.29009618036835,35.14082086787832],[140.2914976017415,35.140843579890536],[140.2904234366114,35.14222671608523],[140.29091459641577,35.14253043561826],[140.28997719465323,35.14287646192997],[140.2905817671509,35.144411976932155],[140.28991510218157,35.145087764737646],[140.29058469948015,35.145121327336575],[140.2932231815859,35.14636450219898],[140.29417954747322,35.14586601184957],[140.29515942744462,35.14565589894361],[140.29507039527059,35.14660094672536],[140.29538093780693,35.14871871926937],[140.29512283993932,35.14962799566014],[140.29443832435018,35.15005208879439],[140.29402733673726,35.15118322538219],[140.29320547029326,35.151741998083835],[140.2919332030571,35.15307864606239],[140.29015002296816,35.153613974004095],[140.28950136505105,35.15470824860716],[140.29076731041272,35.15721123635456],[140.29022571462588,35.158101787179405],[140.2909711772892,35.15891954858177],[140.2898043438294,35.1603214954351],[140.2888286991436,35.16062664639511],[140.28888401303988,35.161322972961464],[140.28828417372026,35.16276533730297],[140.2872925711072,35.16257346707964],[140.28695791888504,35.16468090223613],[140.28608067335878,35.165264823879085],[140.2858514901797,35.16646078555561]]]},"properties":{"KEY_CODE":"122180060","PREF":"12","CITY":"218","CITY_NAME":"勝浦市","S_NAME":"松部","SETAI":"268"}},{"type":"Feature","geometry":{"type":"Polygon","coordinates":[[[140.32678666454743,35.147774513694394],[140.3265173909271,35.1482902703783],[140.325398657014,35.14868315016017],[140.32406480568338,35.147991666893034],[140.32299560658078,35.14851686231432],[140.32291577633654,35.14902902483612],[140.32164945307358,35.15015670506083],[140.3202715519233,35.148876772044076],[140.31934092494419,35.14842681468749],[140.31886912929954,35.14836481882615],[140.3182299639835,35.14795523963108],[140.31811998476897,35.147101076788616],[140.31886593526258,35.14680070998912],[140.32047800276,35.14638357445541],[140.32052270736153,35.145916837561494],[140.31865378515755,35.146181961908894],[140.31899892665137,35.14542303728426],[140.3198334657175,35.14490730684271],[140.31966179304615,35.14421245500086],[140.31893668918963,35.14399941683162],[140.31769880156887,35.1429723983366],[140.31686138716432,35.141093555036846],[140.31630190847042,35.13855445117532],[140.31724607976847,35.13825409115226],[140.31779253131063,35.13769298952962],[140.3187568197088,35.13726357417383],[140.31937822715668,35.137496349279374],[140.3196767646884,35.13806397663858],[140.32150832619374,35.139177971591096],[140.3220543421085,35.13983567680738],[140.32267186590744,35.139414903845136],[140.3229531949119,35.13856094756458],[140.32370597179215,35.1385569815043],[140.3230046727805,35.13965329597237],[140.32390067969936,35.13993186968731],[140.32462266569783,35.13954848420657],[140.32515775291702,35.13966258644309],[140.3258489143258,35.13889893631353],[140.32663225902326,35.13960615180719],[140.32669408218305,35.1400313565967],[140.32594398750268,35.1401209710275],[140.32677856858743,35.141315621056485],[140.32561489748724,35.141062529455304],[140.326064317335,35.14189731395167],[140.32670332958185,35.1417666682901],[140.32694376817994,35.142698718000894],[140.3259913941849,35.14291719944874],[140.32673786370708,35.14533995715599],[140.326228743325,35.14535288058314],[140.32647981052747,35.14730252064575],[140.32678666454743,35.147774513694394]]]},"properties":{"KEY_CODE":"122180070","PREF":"12","CITY":"218","CITY_NAME":"勝浦市","S_NAME":"川津","SETAI":"326"}},{"type":"Feature","geometry":{"type":"Polygon","coordinates":[[[140.31865378515755,35.146181961908894],[140.32052270736153,35.145916837561494],[140.32047800276,35.14638357445541],[140.31886593526258,35.14680070998912],[140.31865378515755,35.146181961908894]]]},"properties":{"KEY_CODE":"122180080","PREF":"12","CITY":"218","CITY_NAME":"勝浦市","S_NAME":"沢倉","SETAI":"0"}},{"type":"Feature","geometry":{"type":"Polygon","coordinates":[[[140.3182299639835,35.14795523963108],[140.31685604473472,35.14802886440552],[140.31680282866216,35.14714447303048],[140.31712989471865,35.14714902102072],[140.31811998476897,35.147101076788616],[140.3182299639835,35.14795523963108]]]},"properties":{"KEY_CODE":"122180080","PREF":"12","CITY":"218","CITY_NAME":"勝浦市","S_NAME":"沢倉","SETAI":"0"}},{"type":"Feature","geometry":{"type":"Polygon","coordinates":[[[140.31769880156887,35.1429723983366],[140.31893668918963,35.14399941683162],[140.31848315999585,35.144448357744295],[140.31722350924787,35.1437571370604],[140.31769880156887,35.1429723983366]]]},"properties":{"KEY_CODE":"122180080","PREF":"12","CITY":"218","CITY_NAME":"勝浦市","S_NAME":"沢倉","SETAI":"0"}},{"type":"Feature","geometry":{"type":"Polygon","coordinates":[[[140.32876919033953,35.15199765439665],[140.32825715903533,35.152856949279986],[140.3275905124139,35.153291729519395],[140.32670305911213,35.15345021892515],[140.32491942449929,35.15457586929435],[140.32421134293202,35.15534261936517],[140.32439548144382,35.15703749291245],[140.32477772215765,35.15891704925263],[140.32272521200832,35.158769054066475],[140.3227515319447,35.1581371923745],[140.3223353386692,35.15741374404542],[140.32217503120864,35.15499447961216],[140.32260944570672,35.15286075047375],[140.32165430810872,35.15226524055999],[140.31953296096188,35.151230896914136],[140.31817165624477,35.15005024035906],[140.3190820292395,35.149826327416676],[140.3195518386719,35.14915894745886],[140.31934092494419,35.14842681468749],[140.3202715519233,35.148876772044076],[140.32164945307358,35.15015670506083],[140.32291577633654,35.14902902483612],[140.32299560658078,35.14851686231432],[140.32406480568338,35.147991666893034],[140.325398657014,35.14868315016017],[140.3265173909271,35.1482902703783],[140.32678666454743,35.147774513694394],[140.3266973264751,35.14914687175694],[140.32710323542344,35.14984740540511],[140.3273575034373,35.15123096376177],[140.3283609648646,35.151470236569345],[140.32876919033953,35.15199765439665]]]},"properties":{"KEY_CODE":"122180080","PREF":"12","CITY":"218","CITY_NAME":"勝浦市","S_NAME":"沢倉","SETAI":"762"}},{"type":"Feature","geometry":{"type":"Polygon","coordinates":[[[140.33248191668795,35.15856084903551],[140.33046773671597,35.15932810155788],[140.32930588581536,35.16042794309147],[140.32965119287843,35.16102595417262],[140.32878866869476,35.1614028053497],[140.32845562792792,35.16247164940984],[140.32733671873723,35.16248320829217],[140.32678845883123,35.16280468463036],[140.32634621435074,35.16468906109976],[140.32574094873758,35.162853613733695],[140.3246434193547,35.162642874575184],[140.32442829088566,35.16213620558386],[140.3232067357255,35.161791025949434],[140.32413259352717,35.16295214424061],[140.3222557242151,35.16282117375179],[140.32008298095798,35.16302934139623],[140.31885400760606,35.16291049719606],[140.31776656029348,35.16334326453625],[140.3156990544417,35.16235915176056],[140.31212710883932,35.16311834582135],[140.31127518504636,35.16238869374402],[140.31033440765734,35.16191115151447],[140.30904444764354,35.16219463637257],[140.30842557772968,35.16137663044537],[140.31184848264454,35.161143078458736],[140.3130207193822,35.16079981285541],[140.3142996804043,35.159740248041665],[140.3152232028057,35.15844371521967],[140.31627410914183,35.15889502313565],[140.31687505194668,35.15874184075989],[140.31737042065424,35.1578820991381],[140.31709179722128,35.157244823813926],[140.31761481107446,35.15672434514894],[140.31921281402117,35.157001467191],[140.3195628111601,35.15737513384143],[140.31992178992684,35.156230448649815],[140.31962559567344,35.15611980681113],[140.32007488722687,35.1541095493775],[140.31918689584728,35.15343373415842],[140.31851634832668,35.152269977348176],[140.3178414850926,35.151709764578946],[140.31911196809116,35.15174801576829],[140.3185553513387,35.15109542871336],[140.31953296096188,35.151230896914136],[140.32165430810872,35.15226524055999],[140.32260944570672,35.15286075047375],[140.32217503120864,35.15499447961216],[140.3223353386692,35.15741374404542],[140.3227515319447,35.1581371923745],[140.32272521200832,35.158769054066475],[140.32477772215765,35.15891704925263],[140.32439548144382,35.15703749291245],[140.32421134293202,35.15534261936517],[140.32491942449929,35.15457586929435],[140.32670305911213,35.15345021892515],[140.3275905124139,35.153291729519395],[140.32825715903533,35.152856949279986],[140.32876919033953,35.15199765439665],[140.32942137816792,35.151858916354435],[140.33070185116105,35.15395394349384],[140.32964261571834,35.15322542099004],[140.3288296870426,35.15364432250087],[140.33048002031205,35.15482647038604],[140.33088098932882,35.15488432402125],[140.3300637547514,35.15549705198197],[140.33050203056087,35.15591165268344],[140.3311458759988,35.155486255211024],[140.33266259176557,35.15723863462096],[140.33248191668795,35.15856084903551]]]},"properties":{"KEY_CODE":"122180090","PREF":"12","CITY":"218","CITY_NAME":"勝浦市","S_NAME":"新官","SETAI":"793"}},{"type":"Feature","geometry":{"type":"Polygon","coordinates":[[[140.345158907192,35.173334955886546],[140.34441148529686,35.173894389251366],[140.34105212680237,35.17584948004853],[140.33945710925852,35.17541809431686],[140.33905561971338,35.1762458967795],[140.33809397646135,35.17629450542889],[140.33756697137864,35.17700860387876],[140.3360651899319,35.17691206231615],[140.33570048541554,35.17764744704703],[140.3350276964565,35.17754201135529],[140.33380764364992,35.17694667485483],[140.33281820118603,35.177358396488614],[140.33253197516606,35.17718156040295],[140.332355582083,35.17680250878319],[140.33187154757218,35.17675444872677],[140.33165022055968,35.17645353864406],[140.33135227682646,35.17615505828467],[140.33095409741307,35.175867908131295],[140.3306655628442,35.17573297652228],[140.3305615855529,35.17560953437855],[140.33031050430478,35.17536480045709],[140.33030976969957,35.17536388745718],[140.33007534895134,35.17526260439264],[140.32919821199698,35.17548967702573],[140.3285624970556,35.17522898994043],[140.32835924268826,35.175090532557554],[140.32788416376346,35.17499692504985],[140.3275107541015,35.174972475445486],[140.32712810513908,35.17474003493749],[140.32696823010977,35.174591184091526],[140.32666671790977,35.174542070577786],[140.32636732558367,35.17470843977972],[140.32610951866442,35.17512738595625],[140.3234541696129,35.17415000164113],[140.32307542432676,35.17405809413977],[140.3228626780745,35.174086073683064],[140.32283731933543,35.17414047259871],[140.32327117001935,35.17424715685756],[140.32407450619363,35.17474402242657],[140.3245089462888,35.17494717795578],[140.3246252002413,35.17504614028346],[140.3250954928803,35.17527745664034],[140.32506298019658,35.17532575836046],[140.32422741205355,35.175287626011254],[140.3240094043944,35.17528316447658],[140.3234129769543,35.17519827449512],[140.32321439848948,35.17511577395837],[140.32253034450434,35.17494278519525],[140.32221527222654,35.175027730844455],[140.3215378197086,35.175296468896725],[140.32113653196058,35.1754654136172],[140.32102743590536,35.17550838861916],[140.32064982099416,35.17560603882839],[140.32029624255526,35.17553570138462],[140.3195774014247,35.17520563399122],[140.3193218039396,35.175197295805184],[140.31896456710115,35.17477302414606],[140.3187260929121,35.17412137369429],[140.31824913671664,35.174085752192006],[140.3175655213516,35.174136309884716],[140.31699028760332,35.17426086785098],[140.31589353657694,35.172351940694426],[140.31506187594252,35.17119920494308],[140.31436852193136,35.17123091202259],[140.31355728877517,35.17021315968389],[140.3130446571756,35.168663634998246],[140.31316994935517,35.16699262395818],[140.31397966439204,35.164447393709345],[140.3148470400244,35.16318179903789],[140.3156990544417,35.16235915176056],[140.31776656029348,35.16334326453625],[140.31885400760606,35.16291049719606],[140.32008298095798,35.16302934139623],[140.3222557242151,35.16282117375179],[140.32413259352717,35.16295214424061],[140.3232067357255,35.161791025949434],[140.32442829088566,35.16213620558386],[140.3246434193547,35.162642874575184],[140.32574094873758,35.162853613733695],[140.32634621435074,35.16468906109976],[140.32678845883123,35.16280468463036],[140.32733671873723,35.16248320829217],[140.32845562792792,35.16247164940984],[140.32878866869476,35.1614028053497],[140.32965119287843,35.16102595417262],[140.32930588581536,35.16042794309147],[140.33046773671597,35.15932810155788],[140.33248191668795,35.15856084903551],[140.33330187206337,35.158741325279735],[140.3322908271201,35.1588960722393],[140.33212703869975,35.15992610628305],[140.33242998539868,35.16242625428874],[140.33327320290158,35.16407418893406],[140.33446722175324,35.165815235830486],[140.33579854537098,35.167026607371625],[140.33675162880937,35.16760136747374],[140.33914639174046,35.169997205814084],[140.3399652088217,35.17051390205017],[140.34261118291317,35.17144738871888],[140.345158907192,35.173334955886546]]]},"properties":{"KEY_CODE":"122180100","PREF":"12","CITY":"218","CITY_NAME":"勝浦市","S_NAME":"部原","SETAI":"349"}},{"type":"Feature","geometry":{"type":"Polygon","coordinates":[[[140.22743093154529,35.115894278731496],[140.2268221728022,35.11674165423211],[140.22572989983712,35.11773716648632],[140.22438974810956,35.11813141924993],[140.22299989208514,35.11887899657389],[140.2213526181158,35.121196580955484],[140.2221825725347,35.122267924309085],[140.22225191869916,35.12289475384916],[140.22168481119542,35.123089273928045],[140.22037454078378,35.124994054945866],[140.22010711924864,35.12627586491668],[140.21969309649864,35.126871515070164],[140.21875929775624,35.12661804975642],[140.21897356425467,35.12563634645579],[140.21979243788502,35.12535651052429],[140.2192854376711,35.124965744648684],[140.2187433212347,35.1232608308188],[140.21802700121358,35.12320024583208],[140.2184645642972,35.12417238555421],[140.21833886388035,35.12488745808292],[140.21769933641912,35.126313218740975],[140.2168503620272,35.126103407237],[140.21625631573963,35.12641997204016],[140.21574120590608,35.126033722721886],[140.21510143825105,35.12629873600926],[140.21443113134032,35.12608446154651],[140.21427764409052,35.12526034485399],[140.213823999568,35.12554011067902],[140.21284835854226,35.12493755724062],[140.2121711523314,35.12499520205704],[140.21174889849644,35.12440496623447],[140.2119897550712,35.12306055532668],[140.21207897435423,35.12259821161155],[140.21293559664636,35.12171285724108],[140.2136498423408,35.12132452018351],[140.2133856928533,35.1198998119024],[140.2127158435294,35.11926634714489],[140.21212334553806,35.11815156069876],[140.21104451398602,35.117279437147],[140.21181331975447,35.11619007417735],[140.21177363939293,35.11450689870776],[140.21301572468718,35.1143172672713],[140.21648996670135,35.11522027912317],[140.21721597294595,35.11516929656466],[140.21997788761038,35.11645131826987],[140.22211480526548,35.116409203245034],[140.22419123483965,35.11610680153168],[140.22535456311468,35.11552157533197],[140.2256595320314,35.114832811870926],[140.22604496130677,35.11536606998762],[140.22743093154529,35.115894278731496]]]},"properties":{"KEY_CODE":"122180110","PREF":"12","CITY":"218","CITY_NAME":"勝浦市","S_NAME":"大沢","SETAI":"65"}},{"type":"Feature","geometry":{"type":"Polygon","coordinates":[[[140.22563245829448,35.13109070242905],[140.22505586327537,35.13153083123598],[140.22421811139367,35.1315720157571],[140.2230447555942,35.13264971614105],[140.22251066220062,35.13381490945429],[140.22141159443603,35.134834111686956],[140.22180576901914,35.136229884716364],[140.2210006502976,35.136286647853076],[140.22024070290567,35.136351852336986],[140.21967321841487,35.13602016199464],[140.21945651955173,35.13584593032228],[140.21931991025505,35.13540475002536],[140.2193857018213,35.13509700245951],[140.21943178053363,35.134682838666485],[140.21951733716557,35.13449333670579],[140.2195080393577,35.13377385760729],[140.21915828772958,35.13335392848856],[140.21894063518587,35.133012869874385],[140.21874889531102,35.13220743096454],[140.2182798171933,35.131641828614754],[140.21785556669096,35.1304130542005],[140.21735551759647,35.13001877440912],[140.21712136321054,35.12982718346976],[140.21661348733056,35.12928347171225],[140.21604138368542,35.12918663411536],[140.21532072332897,35.12939894275702],[140.21477065644183,35.129375421279725],[140.21376453408698,35.128719766455504],[140.21291123278493,35.127175542531475],[140.21156292376995,35.12606970872111],[140.21209701665873,35.125888994657736],[140.2121711523314,35.12499520205704],[140.21284835854226,35.12493755724062],[140.213823999568,35.12554011067902],[140.21427764409052,35.12526034485399],[140.21443113134032,35.12608446154651],[140.21510143825105,35.12629873600926],[140.21574120590608,35.126033722721886],[140.21625631573963,35.12641997204016],[140.2168503620272,35.126103407237],[140.21769933641912,35.126313218740975],[140.21833886388035,35.12488745808292],[140.2184645642972,35.12417238555421],[140.21802700121358,35.12320024583208],[140.2187433212347,35.1232608308188],[140.2192854376711,35.124965744648684],[140.21979243788502,35.12535651052429],[140.21897356425467,35.12563634645579],[140.21875929775624,35.12661804975642],[140.21969309649864,35.126871515070164],[140.22010711924864,35.12627586491668],[140.22037454078378,35.124994054945866],[140.22168481119542,35.123089273928045],[140.22225191869916,35.12289475384916],[140.2221825725347,35.122267924309085],[140.2213526181158,35.121196580955484],[140.22299989208514,35.11887899657389],[140.22438974810956,35.11813141924993],[140.22572989983712,35.11773716648632],[140.2268221728022,35.11674165423211],[140.22743093154529,35.115894278731496],[140.229069550053,35.11581584529246],[140.23117390800607,35.11517695668717],[140.2325067584597,35.1151617471024],[140.23427952986967,35.11648360846084],[140.23631906186645,35.1167174661713],[140.23767218542247,35.11835526678468],[140.23624087300408,35.11887841945433],[140.23430857343854,35.12015325526198],[140.2341301470976,35.12112464976783],[140.23434224172618,35.12186311085935],[140.23553255336046,35.122070102948456],[140.23667222122273,35.12201034792421],[140.23664354972493,35.12265045865776],[140.23803119396243,35.1230378921346],[140.23876632121525,35.12348252512619],[140.2393837290135,35.12474419037623],[140.24019633841476,35.12532017207267],[140.24066558058297,35.12524737663729],[140.24200492088187,35.12562232188944],[140.2426221603786,35.12531189494507],[140.24264251248405,35.12455195035492],[140.2439732158907,35.125169373810934],[140.2451068334925,35.124999558756656],[140.2449720316591,35.125616513111396],[140.24432419007286,35.126273614008504],[140.24203125597788,35.1268212712798],[140.24091222820732,35.126649875395096],[140.24011102448836,35.12603575952309],[140.23935278941354,35.12589643242476],[140.2392566493145,35.127158403823174],[140.23838050829838,35.128114494334035],[140.23824361646444,35.12864144853523],[140.2367405127321,35.12878420864646],[140.2345406083835,35.12968463922896],[140.2340988661521,35.12955712044379],[140.2338425314479,35.12948234102938],[140.23321936821483,35.12924476778259],[140.23248348832217,35.12914778261944],[140.23188349069562,35.12908886164826],[140.2311317532031,35.129184106129365],[140.23087480806913,35.12913277501567],[140.23057555678753,35.12913306279661],[140.2300539696062,35.12918260723829],[140.22973351043933,35.12924627454797],[140.22927200165702,35.12931963240631],[140.22766941046405,35.129040403800474],[140.22650459020042,35.12895289110986],[140.2261318631384,35.12966869843946],[140.2260775372397,35.12978817476582],[140.22583827121701,35.130388190316125],[140.2258163972401,35.130544671672],[140.22593339213552,35.13070070011949],[140.22622316535941,35.130857499537676],[140.22650769175334,35.130930863256324],[140.2266373072267,35.13102853865949],[140.22643549160108,35.131360611754744],[140.22602300019904,35.13114097540717],[140.22563245829448,35.13109070242905]]]},"properties":{"KEY_CODE":"122180120","PREF":"12","CITY":"218","CITY_NAME":"勝浦市","S_NAME":"浜行川","SETAI":"126"}},{"type":"Feature","geometry":{"type":"Polygon","coordinates":[[[140.25525200111954,35.14828074045189],[140.2545871868568,35.14843021747378],[140.25345207276303,35.147201778730185],[140.25297361530912,35.147035093817664],[140.25233308972355,35.14771792376404],[140.2515931459422,35.149339759622286],[140.2498546635715,35.14908221671244],[140.24790464505153,35.15020861540823],[140.2476301934171,35.14981197246197],[140.24629016154515,35.149205084718695],[140.2456866564384,35.14942856432027],[140.2444986690662,35.14807342086437],[140.24301837220995,35.14813263048815],[140.2423448775143,35.1479614038093],[140.2411881312622,35.14722413832452],[140.23966059286366,35.14717811319149],[140.23865190695687,35.1463599863569],[140.2386405386848,35.14538134905879],[140.23760612441077,35.14481332829525],[140.23445450211764,35.14418025725438],[140.23285604518603,35.14472461428834],[140.23236467630332,35.14470459823224],[140.23169652568242,35.143704341803804],[140.23107004182762,35.14319415241073],[140.22975298699814,35.14287088472811],[140.22831659322495,35.14220327386225],[140.2272416249564,35.1421787664343],[140.2265394330966,35.141730494875915],[140.22588207030043,35.14185251713252],[140.22588442564688,35.141848576787005],[140.2259244128653,35.14176885281909],[140.2259980204187,35.14162635838858],[140.226136925118,35.1414159768354],[140.22628217186247,35.1412703764701],[140.22631217430154,35.14124505069469],[140.2264169455766,35.1411566136448],[140.22652872410669,35.14106226393616],[140.22663956571347,35.14096798647695],[140.22676351510594,35.14085954627453],[140.22691353803995,35.14072468802355],[140.22715066409214,35.140511479194394],[140.2272893533716,35.140390053158015],[140.22739815573053,35.140301957771264],[140.2275147739847,35.1402103655808],[140.22758895525493,35.14016410177418],[140.2276359513869,35.14013479437274],[140.2277057606587,35.14009482509607],[140.2278679699281,35.14002229642001],[140.22795239279736,35.139974034628395],[140.22802133437918,35.13991684737209],[140.22825386580539,35.13974482405466],[140.22846524723468,35.13965430941651],[140.2286594334095,35.13956854663953],[140.22875617511065,35.13951049121202],[140.228829851518,35.13945819322387],[140.2288488342869,35.13944471963516],[140.22897889041244,35.13933612221958],[140.22905844582766,35.13927819343534],[140.22918324616012,35.13920757600598],[140.22923602275262,35.13918293801551],[140.22936727814013,35.139144716840626],[140.22942059073267,35.13912919018119],[140.22969956491735,35.13901808497954],[140.22986253918816,35.13894289988274],[140.23028268360102,35.138822524265095],[140.23034050846414,35.13880529485921],[140.23041594074667,35.13878693279205],[140.2306403574381,35.13872433811945],[140.2313373094442,35.138431926272204],[140.2316292355449,35.13832285066666],[140.23169030226072,35.138299500032225],[140.23172705805115,35.138284542607856],[140.23190219343064,35.13820510904463],[140.23196645560688,35.1381688321286],[140.23234610683525,35.137956760577076],[140.23265963783578,35.13779916297215],[140.23278440643378,35.13773522988411],[140.23307293448858,35.137590324284],[140.2333018725328,35.13743704319193],[140.23461870468518,35.13694806562294],[140.2382282019568,35.13571498162594],[140.24178012888575,35.13480754853554],[140.24115792736995,35.13377266982431],[140.24060495030315,35.13094180132776],[140.23971059464984,35.129342898646264],[140.23838050829838,35.128114494334035],[140.2392566493145,35.127158403823174],[140.23935278941354,35.12589643242476],[140.24011102448836,35.12603575952309],[140.24091222820732,35.126649875395096],[140.24203125597788,35.1268212712798],[140.24432419007286,35.126273614008504],[140.2449720316591,35.125616513111396],[140.2451068334925,35.124999558756656],[140.2458581390548,35.12559824873694],[140.24599154200754,35.126803870327066],[140.24641586879557,35.127398262033914],[140.24746390114905,35.12808245849496],[140.2486510500678,35.12828114757766],[140.24936078633377,35.128676148968246],[140.24922047672638,35.12935271497723],[140.248398422574,35.12952776991791],[140.24783980149115,35.1301517062286],[140.2475130034015,35.12997079481577],[140.24709950244173,35.13087366912974],[140.24759566421625,35.130904340179455],[140.24769344852479,35.13266363022792],[140.24749302808934,35.13337512504085],[140.2486491473422,35.134594792060284],[140.24955345223265,35.135037840017965],[140.2507459432315,35.13519500154699],[140.2517134205581,35.13491384773656],[140.2521398273567,35.13524510213331],[140.25265715576938,35.13362612611405],[140.25411939834052,35.134809018891026],[140.25471050824152,35.135042072709545],[140.25503139501316,35.135985830279765],[140.25527715992308,35.13775287929079],[140.25483886808343,35.138750786027764],[140.25528105821917,35.14054988947998],[140.25560466335222,35.1433017550875],[140.2553077571185,35.14569982443827],[140.25541728672803,35.14676056776049],[140.25525200111954,35.14828074045189]]]},"properties":{"KEY_CODE":"122180130","PREF":"12","CITY":"218","CITY_NAME":"勝浦市","S_NAME":"興津","SETAI":"493"}},{"type":"Feature","geometry":{"type":"Polygon","coordinates":[[[140.2714438852552,35.15169812369561],[140.27080666168146,35.152864871725455],[140.2698688327705,35.152289993548315],[140.26825246309969,35.151805909215746],[140.26800372000466,35.152778886875225],[140.2666751058488,35.15274211868614],[140.26584435341658,35.15227097909758],[140.2640000990408,35.15216105748935],[140.26214343919779,35.151625230728236],[140.2620524285161,35.15089596994707],[140.2608736524907,35.15024993004724],[140.26024730360774,35.15049979456357],[140.2593855780659,35.149851545044605],[140.25805612059568,35.14934947442125],[140.2568825226288,35.14925887952252],[140.25525200111954,35.14828074045189],[140.25541728672803,35.14676056776049],[140.2553077571185,35.14569982443827],[140.25560466335222,35.1433017550875],[140.25528105821917,35.14054988947998],[140.25483886808343,35.138750786027764],[140.25527715992308,35.13775287929079],[140.25503139501316,35.135985830279765],[140.25471050824152,35.135042072709545],[140.2561540747974,35.134853212748936],[140.2562164990991,35.134401362481064],[140.25710955217232,35.13479121979766],[140.2569406164755,35.13522718209636],[140.25763428085384,35.13525625937088],[140.25733009361147,35.1358459479267],[140.25689224667693,35.135627573951155],[140.25622826647668,35.136247414272745],[140.25709881317567,35.13694566553776],[140.25758464214533,35.13773267941972],[140.26024159760988,35.1381819659594],[140.2615735911048,35.13792744156421],[140.2627544949495,35.13711731578661],[140.2633345157887,35.13640309392482],[140.26343685120935,35.13562750448403],[140.2622954264458,35.13518001084605],[140.2619214062899,35.13459001709157],[140.2626437443314,35.133805919758956],[140.26402356544133,35.13493396384389],[140.26388875259656,35.133929373455665],[140.26476200872568,35.1336828231947],[140.26504290918987,35.13408835444146],[140.26584673231758,35.133787049147955],[140.26647890118483,35.13586341662198],[140.26758283151767,35.135865721311845],[140.2681653154954,35.13500541893451],[140.26722954450292,35.13463926307846],[140.26718141766062,35.1338461969046],[140.26811411051872,35.13404743590895],[140.26853913811337,35.1356929931883],[140.2679366182194,35.13715147394687],[140.26785651026822,35.139245799563575],[140.26841362535882,35.14066475433447],[140.26829780694155,35.14156413108699],[140.26881188171953,35.14300253534943],[140.26888651551468,35.14424163538544],[140.26926116094032,35.14490533344553],[140.26896213283266,35.14513664894523],[140.26882382117637,35.14734623186971],[140.2692997359075,35.147881681629336],[140.2700682254547,35.14935431936512],[140.2702758361413,35.15074014449813],[140.2706142564744,35.15071220730202],[140.2714438852552,35.15169812369561]]]},"properties":{"KEY_CODE":"122180140","PREF":"12","CITY":"218","CITY_NAME":"勝浦市","S_NAME":"守谷","SETAI":"143"}},{"type":"Feature","geometry":{"type":"Polygon","coordinates":[[[140.2833531282544,35.14337262322365],[140.28356973267515,35.14391522926752],[140.2831892454456,35.144712627126324],[140.28342918369103,35.14703118636578],[140.28292338400206,35.14797867628165],[140.28377465452232,35.149404529566226],[140.28211540866724,35.148956810177594],[140.28203816821113,35.14950080808554],[140.28133852365508,35.14956929038598],[140.2802681946211,35.14888107491188],[140.27962029244347,35.15123134656925],[140.27910933484767,35.15186991765032],[140.2776268461682,35.15238737089939],[140.27638950819716,35.15251893855174],[140.2765118864012,35.15275955466812],[140.27485572102972,35.153408455325504],[140.27381042184217,35.154403553212575],[140.27383653784634,35.15606713620964],[140.27323639193457,35.15618948607685],[140.27227577806696,35.154482147226126],[140.27190172255283,35.15415089470076],[140.27182296760154,35.153353468698384],[140.27133594731137,35.15303257589318],[140.2714438852552,35.15169812369561],[140.2706142564744,35.15071220730202],[140.2702758361413,35.15074014449813],[140.2700682254547,35.14935431936512],[140.2692997359075,35.147881681629336],[140.26882382117637,35.14734623186971],[140.26896213283266,35.14513664894523],[140.26926116094032,35.14490533344553],[140.26888651551468,35.14424163538544],[140.26881188171953,35.14300253534943],[140.26829780694155,35.14156413108699],[140.26841362535882,35.14066475433447],[140.26785651026822,35.139245799563575],[140.2679366182194,35.13715147394687],[140.26853913811337,35.1356929931883],[140.26811411051872,35.13404743590895],[140.26840699693653,35.13382192632854],[140.26872460673826,35.13453104508303],[140.26932862561998,35.13462080144737],[140.26889854075955,35.13565625318101],[140.2695742790896,35.13703835087883],[140.270345796253,35.13664156686208],[140.27078115434423,35.13740799502653],[140.27146087164257,35.13728562744801],[140.2713903553936,35.137842018460915],[140.2720347156353,35.137880207332394],[140.2738206086156,35.13735982483125],[140.27521513245665,35.13651277564813],[140.2765755247059,35.13504205219382],[140.27671030618106,35.134205999696185],[140.27569632220587,35.1329883598651],[140.27502994962543,35.13313413025339],[140.2745488061571,35.132029859272016],[140.27387566814116,35.13213599932807],[140.2738830595394,35.13147618811742],[140.27467623826215,35.130643064433265],[140.27537203796604,35.13066303407108],[140.27607492039496,35.1311877563266],[140.2771286637862,35.13105040823346],[140.2773312008098,35.13156979016796],[140.27783711679993,35.130977499624635],[140.27818471523452,35.131537751038856],[140.27897031173572,35.13193059725391],[140.27926834688924,35.1324468735739],[140.27789626000566,35.132962179884245],[140.27797407138522,35.13354329032714],[140.2786271999793,35.13318748692063],[140.27861892984498,35.134475595449274],[140.2792292186469,35.13451296940034],[140.2793401783325,35.13334166054788],[140.27982341154942,35.13321549459861],[140.280003784415,35.13448395228124],[140.28040102113516,35.13450232684601],[140.2805711141096,35.13583201556636],[140.28108008157471,35.137465209066846],[140.28209617638927,35.138546497150585],[140.28093841125042,35.13988137077602],[140.28171995448602,35.1417325940434],[140.2810663554337,35.14227799810281],[140.281593630343,35.14240670943066],[140.2822150418083,35.14333728681562],[140.2833531282544,35.14337262322365]]]},"properties":{"KEY_CODE":"122180150","PREF":"12","CITY":"218","CITY_NAME":"勝浦市","S_NAME":"鵜原","SETAI":"280"}},{"type":"Feature","geometry":{"type":"Polygon","coordinates":[[[140.2833531282544,35.14337262322365],[140.2822150418083,35.14333728681562],[140.281593630343,35.14240670943066],[140.2810663554337,35.14227799810281],[140.28171995448602,35.1417325940434],[140.28093841125042,35.13988137077602],[140.28209617638927,35.138546497150585],[140.28108008157471,35.137465209066846],[140.2805711141096,35.13583201556636],[140.28040102113516,35.13450232684601],[140.28083465859515,35.134522323869184],[140.28053754530694,35.133772605133494],[140.28187672283508,35.13306627025095],[140.28241157575636,35.13334552574094],[140.2821301463779,35.13424522357551],[140.2826981736621,35.1335797255054],[140.28303456731322,35.1340895062368],[140.28303854523784,35.13322324528103],[140.2838795023445,35.13349683482868],[140.28432346804257,35.134995973727285],[140.28496431476157,35.13499902214331],[140.2853683808791,35.13407085571973],[140.28640863354914,35.13446993632967],[140.28710945970641,35.1357860338033],[140.28659215180843,35.13648294376144],[140.28774119512929,35.13749363338515],[140.28998429536134,35.136558663194876],[140.29037080620452,35.13660763783275],[140.29091113266475,35.137462841536426],[140.29218017563466,35.13775644702949],[140.29186563332684,35.13814698609518],[140.2901991100203,35.137231362710345],[140.2892742607691,35.137482632175534],[140.28840428181718,35.13854232396866],[140.28739866003073,35.13938892585814],[140.28683496612496,35.140512457810736],[140.28560174700723,35.141070315172],[140.28435297657646,35.14239986951167],[140.28321113541108,35.14264762772862],[140.2833531282544,35.14337262322365]]]},"properties":{"KEY_CODE":"122180160","PREF":"12","CITY":"218","CITY_NAME":"勝浦市","S_NAME":"吉尾","SETAI":"62"}},{"type":"Feature","geometry":{"type":"Polygon","coordinates":[[[140.21260125305068,35.152843956195674],[140.2117943358109,35.153464684700026],[140.21191733548042,35.153195697096656],[140.21326674623165,35.15045763477953],[140.21359424538622,35.14919107059779],[140.21342888878192,35.14909975949328],[140.2128614744828,35.14911760697827],[140.2123906509126,35.14882225178029],[140.2123281703178,35.14805566599591],[140.21272608156494,35.14736129441551],[140.2127547217219,35.14691140179725],[140.2129696158594,35.14653092419398],[140.21303603207454,35.14638613350373],[140.21339096530892,35.145772247496964],[140.21371961390602,35.145507329136294],[140.21436075468733,35.14482486430576],[140.2151243484555,35.14462392627991],[140.21515062033032,35.1442681435827],[140.21488938490546,35.14353257563022],[140.21499810379018,35.1433422346088],[140.21532008533384,35.142839950737496],[140.21574294904278,35.14209601082174],[140.21590651346264,35.141900493851665],[140.21599055044712,35.14164022913628],[140.2160447665007,35.14152005799998],[140.21623517626475,35.14120938415988],[140.21609073223362,35.140932313622024],[140.2157660187593,35.14052581811563],[140.21575326821804,35.13975833448939],[140.21465625787886,35.138974303227094],[140.21448257597697,35.13894985514755],[140.2141223054521,35.138434670433305],[140.2140701500881,35.13835483736224],[140.21357667998404,35.13800014136304],[140.21311308703008,35.137854078500204],[140.21232986524535,35.13675024133744],[140.21134187375125,35.13613710309107],[140.21049741871718,35.13561843576957],[140.21048543898846,35.13500594661949],[140.21087858318086,35.13474597714783],[140.21124771549808,35.13455854689789],[140.21141241824427,35.134618025212866],[140.21243705021598,35.135251044452666],[140.21269969785084,35.13541021064671],[140.2134886431984,35.135460242234984],[140.21374377526453,35.1353144322354],[140.21393544952377,35.13495502323504],[140.21398822436495,35.134198523291985],[140.21404528238403,35.134025878109455],[140.2140447540751,35.13391334426063],[140.21415226256644,35.13346800495487],[140.21438769837857,35.13269845732957],[140.21513327928835,35.1319460103842],[140.21566603079344,35.130629171550446],[140.21551307346337,35.130150860286456],[140.21547896564542,35.13002596886923],[140.2154839461918,35.12979095488609],[140.21538870546533,35.12960872536091],[140.21532072332897,35.12939894275702],[140.21604138368542,35.12918663411536],[140.21661348733056,35.12928347171225],[140.21712136321054,35.12982718346976],[140.21735551759647,35.13001877440912],[140.21785556669096,35.1304130542005],[140.2182798171933,35.131641828614754],[140.21874889531102,35.13220743096454],[140.21894063518587,35.133012869874385],[140.21915828772958,35.13335392848856],[140.2195080393577,35.13377385760729],[140.21951733716557,35.13449333670579],[140.21943178053363,35.134682838666485],[140.2193857018213,35.13509700245951],[140.21931991025505,35.13540475002536],[140.21945651955173,35.13584593032228],[140.21967321841487,35.13602016199464],[140.22024070290567,35.136351852336986],[140.2210006502976,35.136286647853076],[140.22180576901914,35.136229884716364],[140.2220525079876,35.136286129772294],[140.22257655880912,35.136865209466244],[140.22220571198199,35.138020915456984],[140.22273086534062,35.13842541224893],[140.22272774654562,35.13902513921307],[140.22229302798567,35.13974471437995],[140.22157904009558,35.140511877886595],[140.22139683552305,35.140642536358854],[140.2206924710852,35.14116065448093],[140.21946974403184,35.14157303985628],[140.21867622381134,35.1423867072171],[140.21854221414372,35.14317029927928],[140.21808238188495,35.14412331149241],[140.2176669605344,35.145214494994086],[140.21767382443647,35.14567821942171],[140.2183230715384,35.146397995742475],[140.21840177580032,35.146586833292105],[140.2184092090868,35.14683470393158],[140.21704487477962,35.14872270821855],[140.21626172556148,35.14924902085562],[140.2157779418462,35.1491823886158],[140.21579914192876,35.1495240909436],[140.21569192546514,35.14963506920349],[140.21438404466446,35.150464664403486],[140.2139212069273,35.150734235578966],[140.21260125305068,35.152843956195674]]]},"properties":{"KEY_CODE":"122180170","PREF":"12","CITY":"218","CITY_NAME":"勝浦市","S_NAME":"台宿","SETAI":"25"}},{"type":"Feature","geometry":{"type":"Polygon","coordinates":[[[140.21230986610382,35.17941670003996],[140.2116264084543,35.17964639888343],[140.21126081627114,35.18029277407362],[140.20982447460057,35.18167703877504],[140.2082151329318,35.182568299117236],[140.20734013705547,35.1826349790252],[140.20646511844757,35.183651531706055],[140.20530543552687,35.1840869810277],[140.2045514766056,35.183676989148545],[140.2031149898513,35.18338382305584],[140.20193938911962,35.18384140562543],[140.2007328488372,35.18351700759202],[140.20013650321835,35.18244465018945],[140.19949842419945,35.18000617381157],[140.19932925133733,35.17891905048984],[140.1976984743413,35.17708247764469],[140.19618699077284,35.17680725645891],[140.19431662131078,35.17617026114799],[140.19403999129915,35.1755350845791],[140.1929130134683,35.17589502099664],[140.19260382739304,35.17552001736911],[140.19147404784815,35.17548556860743],[140.19024523728302,35.175774231691136],[140.18843425502047,35.175475287008],[140.1888730438842,35.17483748928751],[140.18833706480657,35.17473611177941],[140.1881859706949,35.17414083174365],[140.1883439494728,35.17294553486544],[140.18815086309155,35.170693911301505],[140.18973253876837,35.170281900077924],[140.19019240471414,35.170381526035435],[140.19050846068416,35.17042101370374],[140.19100374540594,35.17017037900758],[140.19112299582613,35.170237350357056],[140.1919288302418,35.170669686799535],[140.1927538004588,35.17071131124528],[140.19371620617798,35.17127796062296],[140.19512856787685,35.17131963996034],[140.19630350382906,35.17162794385335],[140.19770345210776,35.17131130394332],[140.19871589738906,35.17071969083984],[140.19906589329764,35.17038643187055],[140.20060463613615,35.169938415780884],[140.20133773457323,35.17003103562991],[140.20228283096415,35.169967783975146],[140.2027745573566,35.16894687528704],[140.20290456464662,35.168668439403],[140.2033933655499,35.16816051191088],[140.20415259806882,35.167647380537765],[140.2046753561199,35.16624600585702],[140.20511367710907,35.16620366444214],[140.2052169048159,35.16551909813816],[140.20514273332577,35.164221892932176],[140.20601545822288,35.16414052701995],[140.20643921787823,35.1634958818821],[140.20635206455395,35.16252527813117],[140.20680902524538,35.16225124558796],[140.20757523715164,35.16212815488555],[140.2076942701745,35.16146508769997],[140.20791308134255,35.16079304785666],[140.20814891787708,35.16041194858799],[140.20803530708358,35.16025708587395],[140.20717831319354,35.16003763380753],[140.206771038215,35.159117742467664],[140.20729187975866,35.158754069700684],[140.20729753602973,35.1585568627001],[140.20734896217556,35.158027601369135],[140.20715058131532,35.15773173046848],[140.20641603685416,35.1568474305482],[140.20642846047875,35.15624638690029],[140.2074409078139,35.15599640554087],[140.2074908872246,35.155863076326945],[140.2075879672604,35.15472611850442],[140.2077815404372,35.154593118009885],[140.2078919796664,35.154573125992215],[140.20815156773483,35.15449386497991],[140.2083096723399,35.15411688118358],[140.20862837841503,35.153971658374026],[140.20972828445704,35.15455493296343],[140.21066569090146,35.15441325853613],[140.211640624404,35.154071665173184],[140.2117943358109,35.153464684700026],[140.21260125305068,35.152843956195674],[140.2139212069273,35.15073423557897],[140.21438404466446,35.150464664403486],[140.21569192546514,35.14963506920349],[140.21579914192876,35.1495240909436],[140.2157779418462,35.1491823886158],[140.21626172556148,35.14924902085562],[140.21704487477962,35.14872270821855],[140.2184092090868,35.14683470393158],[140.21840177580032,35.146586833292105],[140.2183230715384,35.146397995742475],[140.21767382443647,35.14567821942171],[140.2176669605344,35.145214494994086],[140.21808238188495,35.14412331149241],[140.21854221414372,35.14317029927928],[140.21867622381134,35.1423867072171],[140.21946974403184,35.14157303985628],[140.2206924710852,35.14116065448093],[140.22139683552305,35.140642536358854],[140.22157904009558,35.140511877886595],[140.22229302798567,35.13974471437995],[140.22272774654562,35.13902513921307],[140.22302474493213,35.138852416931435],[140.22309306810857,35.13966275914277],[140.22491855042185,35.13984007001626],[140.22588207030043,35.14185251713252],[140.2265394330966,35.141730494875915],[140.2272416249564,35.1421787664343],[140.22831659322495,35.14220327386225],[140.22975298699814,35.14287088472811],[140.23107004182762,35.14319415241073],[140.23169652568242,35.143704341803804],[140.23236467630332,35.14470459823224],[140.23285604518603,35.14472461428834],[140.23445450211764,35.14418025725438],[140.23760612441077,35.14481332829525],[140.2386405386848,35.14538134905879],[140.23865190695687,35.1463599863569],[140.23966059286366,35.14717811319149],[140.2411881312622,35.14722413832452],[140.2423448775143,35.1479614038093],[140.24301837220995,35.14813263048815],[140.2444986690662,35.14807342086437],[140.2456866564384,35.14942856432027],[140.24667295472094,35.15175810370406],[140.24691392944254,35.153151686680076],[140.24785078522947,35.15480997135276],[140.24801143180488,35.15630610456588],[140.24765882759175,35.15637402194662],[140.2468629109669,35.15584305948265],[140.2463224835591,35.15572689823628],[140.24530336481692,35.15587914146348],[140.24464545044785,35.15575126231685],[140.24411074590114,35.156084719551394],[140.243197656265,35.15628932801616],[140.24153404032577,35.156289659804614],[140.23968238421526,35.157417588359934],[140.2390347207051,35.157573166373915],[140.2386294667271,35.1580607407447],[140.23830608820208,35.15878564555216],[140.2381316324616,35.15917229446727],[140.23736481280287,35.15976756892978],[140.23687869182274,35.16028492016703],[140.23661940102414,35.16059945954594],[140.23611060883283,35.15952144720528],[140.23572400918664,35.15777681500145],[140.23466076175694,35.157063968714965],[140.23466439976974,35.15478407035529],[140.2356018738331,35.15411126951673],[140.23619046623114,35.15397907784494],[140.23671173159912,35.15246780245549],[140.23661092979657,35.15194123605517],[140.2348196945041,35.151692245463934],[140.23428664898537,35.151073527681625],[140.23285746732446,35.15062095100995],[140.23172484423034,35.1507269617648],[140.23060532260985,35.15042692437461],[140.22926484518754,35.14973076429908],[140.2278293109265,35.14812678262502],[140.2268048648215,35.148689299692606],[140.2228372078974,35.150178223713986],[140.22102510633025,35.15075606347826],[140.2174692726998,35.1521193374436],[140.21695451784066,35.1528709291449],[140.217236462321,35.153253279877354],[140.21980724796325,35.15446902786204],[140.22166402239517,35.15477988690915],[140.2223950929289,35.15566036176288],[140.222868909246,35.15653687683165],[140.22423848336877,35.15793683248088],[140.22456370528047,35.15852964701662],[140.22437824831187,35.15932788031314],[140.22260006204317,35.159829732786456],[140.221912242695,35.16047810561774],[140.2200052676337,35.16338313091976],[140.21939185902113,35.16509338446153],[140.21991116544743,35.16768529738448],[140.219556509548,35.16907780911503],[140.2186638242751,35.17032936896042],[140.21812198637593,35.17066618455672],[140.2177611713239,35.17342239405536],[140.21746829867305,35.174192573178125],[140.21590074780426,35.17564345800049],[140.21564184472135,35.17620161970855],[140.21424569672774,35.176658891202536],[140.2143201566519,35.178425240134985],[140.2134964700135,35.1790687093558],[140.21299748316858,35.178957966392986],[140.21230986610382,35.17941670003996]]]},"properties":{"KEY_CODE":"122180180","PREF":"12","CITY":"218","CITY_NAME":"勝浦市","S_NAME":"上植野","SETAI":"142"}},{"type":"Feature","geometry":{"type":"Polygon","coordinates":[[[140.236750245058,35.17995830700054],[140.23616164047638,35.18063564517354],[140.23483722835786,35.179593097627716],[140.23367683195582,35.18041832247105],[140.23140432980435,35.18075187622582],[140.23091164407668,35.181005693036056],[140.2311828943964,35.18232527121922],[140.22979874930598,35.182923098287276],[140.22977334263652,35.183624514965096],[140.2284880597075,35.18480967484815],[140.22721547089392,35.186364007901254],[140.22510688788188,35.18755403939675],[140.22362711391096,35.18722578795585],[140.22326463675182,35.18643422506009],[140.22190221019702,35.18684254028091],[140.2211675361568,35.18566147116666],[140.2210397549587,35.185517729978585],[140.2209890553863,35.1838128161425],[140.22087363488288,35.18357163962078],[140.22061521722964,35.183285855211764],[140.22021224966932,35.18263102901042],[140.22005232474922,35.18251816498657],[140.2192523228707,35.18301814447727],[140.21780238454846,35.18272647193584],[140.21685236664098,35.18333473755927],[140.2161940457126,35.18294177164961],[140.21521218209207,35.18219102887594],[140.2133142047493,35.17988795963016],[140.21230986610382,35.17941670003996],[140.21299748316858,35.178957966392986],[140.2134964700135,35.1790687093558],[140.2143201566519,35.178425240134985],[140.21424569672774,35.176658891202536],[140.21564184472135,35.17620161970855],[140.21590074780426,35.17564345800049],[140.21746829867305,35.174192573178125],[140.2177611713239,35.17342239405536],[140.21812198637593,35.17066618455672],[140.2186638242751,35.17032936896042],[140.219556509548,35.16907780911503],[140.21991116544743,35.16768529738448],[140.21939185902113,35.16509338446153],[140.2200052676337,35.16338313091976],[140.221912242695,35.16047810561774],[140.22260006204317,35.159829732786456],[140.22437824831187,35.15932788031314],[140.22456370528047,35.15852964701662],[140.22423848336877,35.15793683248088],[140.222868909246,35.15653687683165],[140.2223950929289,35.15566036176288],[140.22360910240448,35.15501246419243],[140.22489314618804,35.15501215976774],[140.22766149052813,35.15457894304496],[140.22895342301643,35.153650947941216],[140.22975029324462,35.15425051672141],[140.230404210943,35.1540944818449],[140.2324446976411,35.15423209311988],[140.2325657189311,35.1558014328722],[140.23214012122622,35.15682257978439],[140.23107806920459,35.15747082925982],[140.23211328914078,35.15825832254314],[140.23357482177587,35.15743781411909],[140.23466076175694,35.157063968714965],[140.23572400918664,35.15777681500145],[140.23611060883283,35.15952144720528],[140.23661940102414,35.16059945954594],[140.23684895916185,35.160933688937966],[140.2366616752569,35.16135495821185],[140.23651798768876,35.16175720800422],[140.2363630548068,35.16257760282654],[140.23561606227622,35.16277139122642],[140.2358344059849,35.1645592041373],[140.23641562261358,35.16504739045996],[140.23595870637533,35.16552844751295],[140.23663923312324,35.167875689198446],[140.2377583219417,35.16716681724876],[140.23856637516747,35.16691590210238],[140.23912679869053,35.16730540806658],[140.23939135718314,35.16817261442902],[140.2404715457008,35.168119914616625],[140.24078252896655,35.1685989969937],[140.2411435199474,35.17011467625884],[140.2402690016514,35.17086796262039],[140.23952038607607,35.17116629913109],[140.23925360712158,35.1722495538429],[140.23876889267578,35.17248346286324],[140.2384100592348,35.17331723709715],[140.23728820956507,35.17478248873966],[140.23648806678207,35.175093096168396],[140.2366745131753,35.177197154071465],[140.23614500871838,35.17886009213558],[140.236750245058,35.17995830700054]]]},"properties":{"KEY_CODE":"122180190","PREF":"12","CITY":"218","CITY_NAME":"勝浦市","S_NAME":"大森","SETAI":"83"}},{"type":"Feature","geometry":{"type":"Polygon","coordinates":[[[140.2223950929289,35.15566036176288],[140.22166402239517,35.15477988690915],[140.21980724796325,35.15446902786204],[140.217236462321,35.153253279877354],[140.21695451784066,35.1528709291449],[140.2174692726998,35.1521193374436],[140.22102510633025,35.15075606347826],[140.2228372078974,35.150178223713986],[140.2268048648215,35.148689299692606],[140.2278293109265,35.14812678262502],[140.22926484518754,35.14973076429908],[140.23060532260985,35.15042692437461],[140.23172484423034,35.1507269617648],[140.23285746732446,35.15062095100995],[140.23428664898537,35.151073527681625],[140.2348196945041,35.151692245463934],[140.23661092979657,35.15194123605517],[140.23671173159912,35.15246780245549],[140.23619046623114,35.15397907784494],[140.2356018738331,35.15411126951673],[140.23466439976974,35.15478407035529],[140.23466076175694,35.157063968714965],[140.23357482177587,35.15743781411909],[140.23211328914078,35.15825832254314],[140.23107806920459,35.15747082925982],[140.23214012122622,35.15682257978439],[140.2325657189311,35.1558014328722],[140.2324446976411,35.15423209311988],[140.230404210943,35.1540944818449],[140.22975029324462,35.15425051672141],[140.22895342301643,35.153650947941216],[140.22766149052813,35.15457894304496],[140.22489314618804,35.15501215976774],[140.22360910240448,35.15501246419243],[140.2223950929289,35.15566036176288]]]},"properties":{"KEY_CODE":"122180200","PREF":"12","CITY":"218","CITY_NAME":"勝浦市","S_NAME":"名木","SETAI":"42"}},{"type":"Feature","geometry":{"type":"Polygon","coordinates":[[[140.25125342733688,35.156437228003774],[140.25089168459462,35.15644568087104],[140.25020600182404,35.15730076465054],[140.249903553902,35.157508724405915],[140.24955129977872,35.15801249313685],[140.2493364280478,35.15815070917245],[140.24936238473902,35.15867118323144],[140.2490175031858,35.159517812806385],[140.2486413263093,35.15994898453408],[140.2477375479513,35.16050776406813],[140.2468922681759,35.16064401067201],[140.24656910707583,35.16130759386483],[140.24633529865912,35.16157642925888],[140.24615068835922,35.16187425138871],[140.24622968455276,35.16210447169941],[140.2464731062677,35.16239116472197],[140.2462730601081,35.16297509667393],[140.24550579131744,35.16314992926485],[140.24508108536992,35.16315005704991],[140.24337664542207,35.16303225663788],[140.2430654281558,35.16305557932432],[140.24232215979825,35.16329700142406],[140.24209346254764,35.163910182835224],[140.24159873705432,35.163784126983586],[140.2411490534801,35.16378024168121],[140.24074149707783,35.163899592309804],[140.2406377518392,35.16413318774194],[140.24063829841566,35.16424156599879],[140.240642862401,35.164474862302015],[140.24056866502545,35.16452229897389],[140.24011143818794,35.16444329392589],[140.23947450344411,35.164303842220555],[140.23901704067285,35.16417765050672],[140.2385550105392,35.16391844102506],[140.23814579456524,35.16341721859555],[140.23777593048922,35.16273353238243],[140.23715701507584,35.16263583642696],[140.23662989024973,35.1626817735714],[140.2363630548068,35.16257760282654],[140.23651798768876,35.16175720800422],[140.2366616752569,35.16135495821185],[140.23684895916185,35.160933688937966],[140.23661940102414,35.16059945954594],[140.23687869182274,35.16028492016703],[140.23736481280287,35.15976756892978],[140.2381316324616,35.15917229446727],[140.23830608820208,35.15878564555216],[140.2386294667271,35.1580607407447],[140.2390347207051,35.157573166373915],[140.23968238421526,35.157417588359934],[140.24153404032577,35.156289659804614],[140.243197656265,35.15628932801616],[140.24411074590114,35.156084719551394],[140.24464545044785,35.15575126231685],[140.24530336481692,35.15587914146348],[140.2463224835591,35.15572689823628],[140.2468629109669,35.15584305948265],[140.24765882759175,35.15637402194662],[140.24801143180488,35.15630610456588],[140.24875609250242,35.15612125215888],[140.2496648368376,35.15622054116201],[140.2503421675921,35.156058732193216],[140.25086869139102,35.15586977224225],[140.25125342733688,35.156437228003774]]]},"properties":{"KEY_CODE":"122180210","PREF":"12","CITY":"218","CITY_NAME":"勝浦市","S_NAME":"中里","SETAI":"19"}},{"type":"Feature","geometry":{"type":"Polygon","coordinates":[[[140.2382222817943,35.18019337097718],[140.23717796254118,35.17958960603848],[140.236750245058,35.17995830700054],[140.23614500871838,35.17886009213558],[140.2366745131753,35.177197154071465],[140.23648806678207,35.175093096168396],[140.23728820956507,35.17478248873966],[140.2384100592348,35.17331723709715],[140.23876889267578,35.17248346286324],[140.23925360712158,35.1722495538429],[140.23952038607607,35.17116629913109],[140.2402690016514,35.17086796262039],[140.2411435199474,35.17011467625884],[140.24078252896655,35.1685989969937],[140.2404715457008,35.168119914616625],[140.23939135718314,35.16817261442902],[140.23912679869053,35.16730540806658],[140.23856637516747,35.16691590210238],[140.2377583219417,35.16716681724876],[140.23663923312324,35.167875689198446],[140.23595870637533,35.16552844751295],[140.23641562261358,35.16504739045996],[140.2358344059849,35.1645592041373],[140.23561606227622,35.16277139122642],[140.2363630548068,35.16257760282654],[140.23662989024973,35.1626817735714],[140.23715701507584,35.16263583642696],[140.23777593048922,35.16273353238243],[140.23814579456524,35.16341721859555],[140.2385550105392,35.16391844102506],[140.23901704067285,35.16417765050672],[140.23947450344411,35.164303842220555],[140.24011143818794,35.16444329392589],[140.24056866502545,35.16452229897389],[140.240642862401,35.164474862302015],[140.24063829841566,35.16424156599879],[140.2406377518392,35.16413318774194],[140.24074149707783,35.163899592309804],[140.2411490534801,35.16378024168121],[140.24159873705432,35.163784126983586],[140.24209346254764,35.163910182835224],[140.24232215979825,35.16329700142406],[140.2430654281558,35.16305557932432],[140.24337664542207,35.16303225663788],[140.24508108536992,35.16315005704991],[140.24550579131744,35.16314992926485],[140.2462730601081,35.16297509667393],[140.2464731062677,35.16239116472197],[140.24622968455276,35.16210447169941],[140.24615068835922,35.16187425138871],[140.24633529865912,35.16157642925888],[140.24656910707583,35.16130759386483],[140.2468922681759,35.16064401067201],[140.2477375479513,35.16050776406813],[140.2486413263093,35.15994898453408],[140.2490175031858,35.159517812806385],[140.24936238473902,35.15867118323144],[140.2493364280478,35.15815070917245],[140.24955129977872,35.15801249313685],[140.249903553902,35.157508724405915],[140.25020600182404,35.15730076465054],[140.25089168459462,35.15644568087104],[140.25125342733688,35.156437228003774],[140.25158421660308,35.156960717426074],[140.25325433487058,35.15703779507291],[140.25343542405514,35.157538358490996],[140.25268605947397,35.1575849440087],[140.2528615305148,35.15853292368818],[140.25237583744834,35.15938083598193],[140.25322216333396,35.15928503943103],[140.2538790634899,35.159595189455324],[140.25470308304628,35.15954671474386],[140.25575581981298,35.15911340505047],[140.25679496575756,35.15900281382278],[140.25747765840154,35.160881465986904],[140.25716636409945,35.1610619418722],[140.2567201932888,35.16131979751409],[140.25618389985902,35.162031144561965],[140.25610949554778,35.16236641121891],[140.25595521026145,35.163088233348404],[140.25592235479968,35.164204417082395],[140.2574570333726,35.16483961467165],[140.25764961556607,35.16508745487947],[140.25788815651953,35.165504568968515],[140.2580919845415,35.16604025944748],[140.25816036499185,35.1662257925288],[140.25811412313664,35.167278012133956],[140.2580163550177,35.16745814940708],[140.25790493307284,35.16779052099997],[140.25786216337505,35.16789342114794],[140.25753042222325,35.16798150218168],[140.25530688744914,35.16723070547426],[140.25522034911458,35.167254673298615],[140.25473895498408,35.168760962861576],[140.254500797534,35.16962025890942],[140.25410151350258,35.16968490539405],[140.25206042272725,35.16930678764975],[140.25080092728584,35.16922224949442],[140.25029684400636,35.16951253115499],[140.2488518260809,35.17079982791346],[140.24820925094076,35.171311784712124],[140.24738234217526,35.17108746725628],[140.24717656658518,35.17133318251595],[140.24682118101822,35.17244872253505],[140.24585180803376,35.17261208649386],[140.24524572777804,35.172732777877876],[140.24461934607606,35.17296762318055],[140.2435794514873,35.17359030692618],[140.2427296648795,35.17433521686554],[140.24237673215518,35.17490693217751],[140.2418221586866,35.17615406962333],[140.24119940106388,35.176830091410146],[140.24020251102823,35.17752351814052],[140.23908012785455,35.178972149589235],[140.2382222817943,35.18019337097718]]]},"properties":{"KEY_CODE":"122180220","PREF":"12","CITY":"218","CITY_NAME":"勝浦市","S_NAME":"赤羽根","SETAI":"62"}},{"type":"Feature","geometry":{"type":"Polygon","coordinates":[[[140.26980910833632,35.161982152922754],[140.27001186485268,35.16276214011558],[140.26999983890312,35.16360488450384],[140.26956376543342,35.16490066736087],[140.26938088202022,35.16520408926062],[140.26917061961265,35.165487821071615],[140.2689353553345,35.165706992496276],[140.26763045987315,35.16576828331169],[140.26724098743682,35.1656969463018],[140.26690515188722,35.16474884354727],[140.2669209989883,35.164737377412116],[140.26692452194632,35.16454595145416],[140.26679177513472,35.163591267296184],[140.26689136174858,35.16312110655043],[140.2668813989968,35.162652117391886],[140.2668475865247,35.162093070473695],[140.26687910892386,35.16151533428379],[140.26669043937972,35.16088564506726],[140.26638914297692,35.16011269836294],[140.26642873166745,35.159913815787284],[140.26723474449167,35.159689402754275],[140.26749104442388,35.159210495435],[140.26777992326038,35.15830476349168],[140.2669429415679,35.15804984259588],[140.2666786194403,35.1582694024752],[140.26621858688802,35.15796930316155],[140.26544636594153,35.1582249994155],[140.2653456685503,35.15873791467164],[140.2643209372954,35.158969091845215],[140.2619449257335,35.158695884510635],[140.2617874572547,35.15864215439124],[140.26226743357765,35.15866078186302],[140.26256525617987,35.15865294977715],[140.26280178385508,35.15800715201061],[140.26271582500328,35.15739984181532],[140.26230044125194,35.15707548452743],[140.26146483629867,35.15708525083679],[140.26134362657106,35.156751806677285],[140.2604024488581,35.156440742485884],[140.25961635537308,35.15642313567301],[140.2589543868802,35.15640515140393],[140.25795828697113,35.15578074253248],[140.25719253123356,35.15489416409882],[140.25678466532753,35.15442716033023],[140.25671339085304,35.1550316464824],[140.25690781581736,35.155825261513954],[140.2566708774828,35.156086599638854],[140.25736920636464,35.15672905196339],[140.25755051230465,35.15731651362212],[140.2578944693719,35.15821818693702],[140.25860876576564,35.158761069436444],[140.2589984210732,35.160132866822906],[140.25747765840154,35.160881465986904],[140.25679496575756,35.15900281382278],[140.25575581981298,35.15911340505047],[140.25470308304628,35.15954671474386],[140.2538790634899,35.159595189455324],[140.25322216333396,35.15928503943103],[140.25237583744834,35.15938083598193],[140.2528615305148,35.15853292368818],[140.25268605947397,35.1575849440087],[140.25343542405514,35.157538358490996],[140.25325433487058,35.15703779507291],[140.25158421660308,35.156960717426074],[140.25125342733688,35.156437228003774],[140.25086869139102,35.15586977224225],[140.2503421675921,35.156058732193216],[140.2496648368376,35.15622054116201],[140.24875609250242,35.15612125215888],[140.24801143180488,35.15630610456588],[140.24785078522947,35.15480997135276],[140.24691392944254,35.153151686680076],[140.24667295472094,35.15175810370406],[140.2456866564384,35.14942856432027],[140.24629016154515,35.149205084718695],[140.2476301934171,35.14981197246197],[140.24790464505153,35.15020861540823],[140.2498546635715,35.14908221671244],[140.2515931459422,35.149339759622286],[140.25233308972355,35.14771792376404],[140.25297361530912,35.147035093817664],[140.25345207276303,35.147201778730185],[140.2545871868568,35.14843021747378],[140.25525200111954,35.14828074045189],[140.2568825226288,35.14925887952252],[140.25805612059568,35.14934947442125],[140.2593855780659,35.149851545044605],[140.26024730360774,35.15049979456357],[140.2608736524907,35.15024993004724],[140.2620524285161,35.15089596994707],[140.26214343919779,35.151625230728236],[140.2640000990408,35.15216105748935],[140.26584435341658,35.15227097909758],[140.2666751058488,35.15274211868614],[140.26800372000466,35.152778886875225],[140.26825246309969,35.151805909215746],[140.2698688327705,35.152289993548315],[140.27080666168146,35.152864871725455],[140.2714438852552,35.15169812369561],[140.27133594731137,35.15303257589318],[140.27182296760154,35.153353468698384],[140.27190172255283,35.15415089470076],[140.27227577806696,35.154482147226126],[140.27323639193457,35.15618948607685],[140.27383653784634,35.15606713620964],[140.27381042184217,35.154403553212575],[140.27485572102972,35.153408455325504],[140.2765118864012,35.15275955466812],[140.2767252456678,35.153356614479776],[140.27749769025596,35.153409883270925],[140.2782153838057,35.15401521562253],[140.27881534674594,35.154949736531044],[140.2785436717351,35.15738181644915],[140.27797760404854,35.15790556565811],[140.27758571090175,35.158408947901975],[140.2775363241738,35.158433920742944],[140.27681372137314,35.15831242885847],[140.27679912055598,35.158837935848986],[140.27678066456778,35.15911118855687],[140.27672016341032,35.15916627467518],[140.27636765552936,35.159217506305886],[140.27549893607497,35.15967629475256],[140.2754655843993,35.159701347254995],[140.2748591984319,35.15947391548702],[140.2742283567479,35.159497498694314],[140.2738281385434,35.159726090663554],[140.27374356743618,35.15982626474437],[140.27344568622868,35.16013314549631],[140.27333048335882,35.16020589512584],[140.27277892161368,35.16055743457358],[140.27189761125405,35.16108856248431],[140.26927241647215,35.1606466670398],[140.26957627433902,35.16176574219261],[140.26980910833632,35.161982152922754]]]},"properties":{"KEY_CODE":"122180230","PREF":"12","CITY":"218","CITY_NAME":"勝浦市","S_NAME":"植野","SETAI":"158"}},{"type":"Feature","geometry":{"type":"Polygon","coordinates":[[[140.26682882547743,35.16414607638609],[140.26521333772672,35.16415191760233],[140.2648234048651,35.162781816550336],[140.2643162522986,35.1623245498986],[140.2623288977178,35.16201943868393],[140.26235859301363,35.162940052099295],[140.26144780466615,35.1621108376252],[140.26130469378754,35.16164289198142],[140.25993408397295,35.1615832121471],[140.2585915412034,35.16130757552118],[140.25785429443033,35.16167562893434],[140.2573551793295,35.1629435464606],[140.25764961556607,35.16508745487947],[140.2574570333726,35.16483961467165],[140.25592235479968,35.164204417082395],[140.25595521026145,35.163088233348404],[140.25610949554778,35.16236641121891],[140.25618389985902,35.162031144561965],[140.2567201932888,35.16131979751409],[140.25716636409945,35.1610619418722],[140.25747765840154,35.160881465986904],[140.2589984210732,35.160132866822906],[140.25860876576564,35.158761069436444],[140.2578944693719,35.15821818693702],[140.25755051230465,35.15731651362212],[140.25736920636464,35.15672905196339],[140.2566708774828,35.156086599638854],[140.25690781581736,35.155825261513954],[140.25671339085304,35.1550316464824],[140.25678466532753,35.15442716033023],[140.25719253123356,35.15489416409882],[140.25795828697113,35.15578074253248],[140.2589543868802,35.15640515140392],[140.25961635537308,35.15642313567301],[140.2604024488581,35.156440742485884],[140.26134362657106,35.156751806677285],[140.26146483629867,35.15708525083679],[140.26230044125194,35.15707548452743],[140.26271582500328,35.15739984181532],[140.26280178385508,35.15800715201061],[140.26256525617987,35.15865294977715],[140.26226743357765,35.15866078186302],[140.2617874572547,35.15864215439124],[140.2619449257335,35.158695884510635],[140.2643209372954,35.158969091845215],[140.2653456685503,35.15873791467164],[140.26544636594153,35.1582249994155],[140.26621858688802,35.15796930316155],[140.2666786194403,35.1582694024752],[140.2669429415679,35.15804984259588],[140.26777992326038,35.15830476349168],[140.26749104442388,35.159210495435],[140.26723474449167,35.159689402754275],[140.26642873166745,35.159913815787284],[140.26638914297692,35.16011269836294],[140.26669043937972,35.16088564506726],[140.26687910892386,35.16151533428379],[140.2668475865247,35.162093070473695],[140.2668813989968,35.162652117391886],[140.26689136174858,35.16312110655043],[140.26679177513472,35.163591267296184],[140.26682882547743,35.16414607638609]]]},"properties":{"KEY_CODE":"122180240","PREF":"12","CITY":"218","CITY_NAME":"勝浦市","S_NAME":"中島","SETAI":"44"}},{"type":"Feature","geometry":{"type":"Polygon","coordinates":[[[140.27549893607497,35.15967629475256],[140.2761244512311,35.16092596505066],[140.2769538952556,35.16112961391555],[140.27660870664053,35.162551792135986],[140.2758847406246,35.16284826724132],[140.27569607619378,35.163936813781724],[140.275935196099,35.16487272766862],[140.27555086812544,35.16534570441388],[140.27416101342658,35.16593680385347],[140.27375356803316,35.16635577255571],[140.27174762942522,35.16678789128851],[140.26923695042987,35.1675260157866],[140.26930797830505,35.16814528225978],[140.2687456180696,35.168677974292784],[140.2675090505931,35.168629851040414],[140.26764639574304,35.167602567592326],[140.267456042703,35.16654210324022],[140.2669060829366,35.16593569986868],[140.26627531001716,35.16578157027445],[140.26592412919038,35.165090358598455],[140.26515048661898,35.16472603148312],[140.26443851247944,35.1650889571186],[140.26322980346185,35.16496428741675],[140.262249686469,35.164254973382626],[140.261589491805,35.16458318912058],[140.2617851993765,35.16560764636244],[140.26236166616437,35.16652158420448],[140.26149363706418,35.16700047330412],[140.25984942616623,35.16724514478792],[140.2583745338366,35.16827421044693],[140.25786216337505,35.16789342114794],[140.25790493307284,35.16779052099997],[140.2580163550177,35.16745814940708],[140.25811412313664,35.167278012133956],[140.25816036499185,35.1662257925288],[140.2580919845415,35.16604025944748],[140.25788815651953,35.165504568968515],[140.25764961556607,35.16508745487947],[140.2573551793295,35.1629435464606],[140.25785429443033,35.16167562893434],[140.2585915412034,35.16130757552118],[140.25993408397295,35.1615832121471],[140.26130469378754,35.16164289198142],[140.26144780466615,35.1621108376252],[140.26235859301363,35.162940052099295],[140.2623288977178,35.16201943868393],[140.2643162522986,35.1623245498986],[140.2648234048651,35.162781816550336],[140.26521333772672,35.16415191760233],[140.26682882547743,35.16414607638609],[140.26692452194632,35.16454595145416],[140.2669209989883,35.164737377412116],[140.26690515188722,35.16474884354727],[140.26724098743682,35.1656969463018],[140.26763045987315,35.16576828331169],[140.2689353553345,35.165706992496276],[140.26917061961265,35.165487821071615],[140.26938088202022,35.16520408926062],[140.26956376543342,35.16490066736087],[140.26999983890312,35.16360488450384],[140.27001186485268,35.16276214011558],[140.26980910833632,35.161982152922754],[140.26957627433902,35.16176574219261],[140.26927241647215,35.1606466670398],[140.27189761125405,35.16108856248431],[140.27277892161368,35.16055743457358],[140.27333048335882,35.16020589512584],[140.27344568622868,35.16013314549631],[140.27374356743618,35.15982626474437],[140.2738281385434,35.159726090663554],[140.2742283567479,35.159497498694314],[140.2748591984319,35.15947391548702],[140.2754655843993,35.159701347254995],[140.27549893607497,35.15967629475256]]]},"properties":{"KEY_CODE":"122180250","PREF":"12","CITY":"218","CITY_NAME":"勝浦市","S_NAME":"荒川","SETAI":"30"}},{"type":"Feature","geometry":{"type":"Polygon","coordinates":[[[140.25188596728162,35.17775298419841],[140.2505871988383,35.17895224871106],[140.25043303087458,35.17937764497217],[140.25051276322637,35.181240248048574],[140.24906451907282,35.183269795486446],[140.24795473814567,35.184348646950305],[140.24769912336876,35.185235585452475],[140.24688079712337,35.18555531903546],[140.24335526086617,35.18562623703797],[140.24210951019666,35.18637213259123],[140.24204128695848,35.18634983166499],[140.24190737384552,35.186356558023164],[140.24182616863808,35.186362259542804],[140.24173613841356,35.186361652192986],[140.2416163508648,35.18634586577237],[140.24151725604435,35.18629120643778],[140.24148732964326,35.186233632923816],[140.2413549871723,35.18589606139942],[140.24115669750626,35.185553293701105],[140.2408859445858,35.18477000297138],[140.240586191512,35.18411209102526],[140.24028177314966,35.18361736247732],[140.24002355650637,35.18357768204816],[140.23970901600094,35.18346699753316],[140.23959008434355,35.18339803754261],[140.2392497615152,35.1831828630819],[140.23896781681137,35.18301164379815],[140.2388696647826,35.182920922468455],[140.23886545533315,35.182833825683836],[140.23889978238023,35.18257920455012],[140.2389099651045,35.182419594186776],[140.23875084624532,35.18199739426218],[140.23874384020147,35.181908194351486],[140.2389410173643,35.18160372284623],[140.23895824613484,35.18153246716081],[140.2389040363334,35.18123159956607],[140.23878929426647,35.180901149383004],[140.2387350483886,35.180807602404435],[140.2384417964986,35.18041353575225],[140.2382222817943,35.180193370977186],[140.23908012785455,35.178972149589235],[140.24020251102823,35.17752351814052],[140.24119940106388,35.176830091410146],[140.2418221586866,35.17615406962333],[140.24237673215518,35.17490693217751],[140.2427296648795,35.17433521686554],[140.2435794514873,35.17359030692618],[140.24461934607606,35.17296762318055],[140.24524572777804,35.172732777877876],[140.24585180803376,35.17261208649386],[140.24682118101822,35.17244872253505],[140.24717656658518,35.17133318251595],[140.24738234217526,35.17108746725628],[140.24820925094076,35.171311784712124],[140.2488518260809,35.17079982791346],[140.25029684400636,35.16951253115499],[140.25080092728584,35.16922224949442],[140.25206042272725,35.16930678764975],[140.25410151350258,35.16968490539405],[140.254500797534,35.16962025890942],[140.25473895498408,35.168760962861576],[140.25522034911458,35.167254673298615],[140.25530688744914,35.16723070547426],[140.25753042222325,35.16798150218168],[140.25786216337505,35.16789342114794],[140.2583745338366,35.16827421044693],[140.25984942616623,35.16724514478792],[140.26149363706418,35.16700047330412],[140.26245857263146,35.16776154123189],[140.2633118199696,35.167948556272876],[140.26493110194585,35.16747434625539],[140.26584174068557,35.16755930380568],[140.26520034255316,35.16986730159141],[140.26409959111862,35.16982372303801],[140.26243127608925,35.17024541223954],[140.26182022627978,35.17110817034359],[140.2606991188549,35.17213408137802],[140.25914808362995,35.17263150523248],[140.25880258045203,35.173546757453074],[140.2580847007762,35.174027836752686],[140.2572231948791,35.17574429285376],[140.25662124207824,35.175920229601374],[140.25422686246569,35.175174170582736],[140.25230523300755,35.176269737809605],[140.25193029068785,35.176947467033344],[140.25188596728162,35.17775298419841]]]},"properties":{"KEY_CODE":"122180260","PREF":"12","CITY":"218","CITY_NAME":"勝浦市","S_NAME":"法花","SETAI":"21"}},{"type":"Feature","geometry":{"type":"Polygon","coordinates":[[[140.27026506876965,35.17459873688666],[140.26886249879635,35.173928757268605],[140.26609114328687,35.17382758769998],[140.26591335569378,35.176045576027846],[140.26663172148457,35.176903345905224],[140.26700674603617,35.17774277354937],[140.2666583854638,35.17791931547699],[140.26631552133782,35.177255053195935],[140.26585344365358,35.177169325418156],[140.26494876426054,35.17773089840736],[140.2646282616861,35.17830733713394],[140.2637390441034,35.1784012342337],[140.263671475083,35.179122604822105],[140.26316140409898,35.17957070104344],[140.26096155432091,35.17951060190009],[140.25936589134727,35.180402331893504],[140.25838325755777,35.18068674451061],[140.2570231755376,35.180522628787465],[140.256544470651,35.17972784707112],[140.25550662089415,35.17924475789144],[140.2543463852567,35.178045259445675],[140.25324435682847,35.177659695828574],[140.25188596728162,35.17775298419841],[140.25193029068785,35.176947467033344],[140.25230523300755,35.176269737809605],[140.25422686246569,35.175174170582736],[140.25662124207824,35.175920229601374],[140.2572231948791,35.17574429285376],[140.2580847007762,35.174027836752686],[140.25880258045203,35.173546757453074],[140.25914808362995,35.17263150523248],[140.2606991188549,35.17213408137802],[140.26182022627978,35.17110817034359],[140.26243127608925,35.17024541223954],[140.26409959111862,35.16982372303801],[140.26520034255316,35.16986730159141],[140.26584174068557,35.16755930380568],[140.26493110194585,35.16747434625539],[140.2633118199696,35.167948556272876],[140.26245857263146,35.16776154123189],[140.26149363706418,35.16700047330412],[140.26236166616437,35.16652158420448],[140.2617851993765,35.16560764636244],[140.261589491805,35.16458318912058],[140.262249686469,35.164254973382626],[140.26322980346185,35.16496428741675],[140.26443851247944,35.1650889571186],[140.26515048661898,35.16472603148312],[140.26592412919038,35.165090358598455],[140.26627531001716,35.16578157027445],[140.2669060829366,35.16593569986868],[140.267456042703,35.16654210324022],[140.26764639574304,35.167602567592326],[140.2675090505931,35.168629851040414],[140.26807869002712,35.16968091313955],[140.26714749434933,35.17010267296834],[140.2668655633644,35.17080306705355],[140.26894719752949,35.171353350036874],[140.27113352087613,35.17305132798017],[140.27095983618486,35.17327231630101],[140.27051520098559,35.17394493093563],[140.27026506876965,35.17459873688666]]]},"properties":{"KEY_CODE":"122180270","PREF":"12","CITY":"218","CITY_NAME":"勝浦市","S_NAME":"貝掛","SETAI":"38"}},{"type":"Feature","geometry":{"type":"Polygon","coordinates":[[[140.28308599366224,35.171733917712174],[140.2829350706164,35.17275928254705],[140.28307469280506,35.17324588168012],[140.28286052009224,35.17370753138841],[140.2825349818577,35.173627898235125],[140.28140885274073,35.17308229364908],[140.2808775690059,35.1732055369454],[140.28029777091012,35.173466422643074],[140.27988435519424,35.17353260459553],[140.2797559511914,35.17346843039725],[140.27957698887133,35.1731780336203],[140.27950727865277,35.1730408251587],[140.27928908473118,35.17277486922577],[140.2788255992185,35.17268763714383],[140.2781657819737,35.172730497974314],[140.2779292426135,35.17271517214898],[140.27737676861994,35.1725717149181],[140.2771992739562,35.1725399727654],[140.2765688694682,35.17255848983741],[140.27551446812015,35.173407232406674],[140.2749382708498,35.173876251767894],[140.2748344871957,35.17382008141114],[140.27467500161134,35.17347298629678],[140.27451562786976,35.17315419855235],[140.27431175918764,35.17279923655666],[140.27412801557324,35.1725249756973],[140.2739544888892,35.17232349554928],[140.27376154418792,35.17216250858466],[140.2726789092104,35.171897653510314],[140.2724132656264,35.17196326961761],[140.27183649448958,35.172335302831264],[140.27138317542625,35.17276344099725],[140.27113352087613,35.17305132798017],[140.26894719752949,35.171353350036874],[140.2668655633644,35.17080306705355],[140.26714749434933,35.17010267296834],[140.26807869002712,35.16968091313955],[140.2675090505931,35.168629851040414],[140.2687456180696,35.168677974292784],[140.26930797830505,35.16814528225978],[140.26923695042987,35.1675260157866],[140.27174762942522,35.16678789128851],[140.27375356803316,35.16635577255571],[140.27416101342658,35.16593680385347],[140.27555086812544,35.16534570441388],[140.275935196099,35.16487272766862],[140.27569607619378,35.163936813781724],[140.2758847406246,35.16284826724132],[140.27660870664053,35.162551792135986],[140.2769538952556,35.16112961391555],[140.2761244512311,35.16092596505066],[140.27549893607497,35.15967629475256],[140.27636765552936,35.159217506305886],[140.27672016341032,35.15916627467518],[140.27678066456778,35.15911118855687],[140.27679912055598,35.158837935848986],[140.27681372137314,35.15831242885847],[140.2775363241738,35.158433920742944],[140.27758571090175,35.158408947901975],[140.27797760404854,35.15790556565811],[140.27861526380792,35.15752162978187],[140.27917960638342,35.15841431234907],[140.28052422479942,35.1598258204773],[140.28149640360013,35.16012299751261],[140.28203242217418,35.16015762165846],[140.28263095653637,35.160333289081656],[140.28321302792472,35.16110300235835],[140.28316772574217,35.162173654342574],[140.28278139281443,35.16284885441885],[140.28294736915697,35.16341522682567],[140.282546741609,35.163645322837084],[140.28188693641025,35.16403582372013],[140.2817234167326,35.16415608427167],[140.28124832590026,35.164694703506015],[140.28149804160404,35.16472398653185],[140.28220473068367,35.164506840904735],[140.2825199690755,35.16450566580455],[140.2826229383195,35.164602257211534],[140.28255535995427,35.16473406285007],[140.28218366035176,35.16497045703711],[140.28187812070058,35.16529280400934],[140.28158356069451,35.16546749880152],[140.28145310201293,35.16562749697235],[140.2808554872771,35.16586043038526],[140.28070343818737,35.16592346157143],[140.28049941873252,35.167032427575556],[140.2804488857128,35.16740347390958],[140.28099556677137,35.168410423885156],[140.28195366199887,35.16899652974173],[140.2819388990186,35.16917342313405],[140.28196609099956,35.16934579180618],[140.28266415366275,35.16987419716746],[140.2832610221763,35.17132093583964],[140.28308599366224,35.171733917712174]]]},"properties":{"KEY_CODE":"122180280","PREF":"12","CITY":"218","CITY_NAME":"勝浦市","S_NAME":"南山田","SETAI":"40"}},{"type":"Feature","geometry":{"type":"Polygon","coordinates":[[[140.26762670005624,35.18350788321591],[140.26886927753796,35.18366085020796],[140.26884664988515,35.18417431536308],[140.26889809437574,35.184943709681676],[140.2687346227525,35.18533880978151],[140.26829494952844,35.1856799820645],[140.2675325897539,35.18612893789805],[140.2669130128034,35.186739131922636],[140.26668597946747,35.18704065244773],[140.26605770491827,35.18750206516806],[140.2661966888956,35.18842641162033],[140.26632606726207,35.18903058595002],[140.2660840662345,35.18947771948029],[140.26553425757226,35.1898741973299],[140.26476281920344,35.190109780732996],[140.26421938984186,35.19022489618259],[140.263456285449,35.19054452467459],[140.2631733587126,35.19072018122077],[140.2629059750832,35.19085042957209],[140.26260713317288,35.19099381914525],[140.26246573708713,35.191094532722154],[140.26206482745206,35.19132229646964],[140.2612154912282,35.191739256230605],[140.26027224193396,35.192292316492924],[140.25925571506647,35.19240584538771],[140.2592929154562,35.19198537073425],[140.2599025211631,35.191613640391985],[140.25862038609117,35.190982078447284],[140.25838043915726,35.190825961724684],[140.25761726057783,35.19050135459525],[140.256989272304,35.19027224830835],[140.25640841414236,35.19015550453498],[140.2561616391156,35.19014398339019],[140.25518671209554,35.190237284319075],[140.25500824392543,35.1902874904688],[140.25442817304722,35.19056009397223],[140.25393918132482,35.190680615441124],[140.2537479814874,35.19069987919139],[140.25329995565988,35.190713848074175],[140.25259622523075,35.19068223545428],[140.25230161238437,35.190668760481564],[140.25120467298333,35.19077541559983],[140.2510236936822,35.19084717413273],[140.250355174746,35.19117288265077],[140.24905896334207,35.192059775110714],[140.24834926147548,35.19209526957084],[140.24575754597205,35.19232319163589],[140.24576842012547,35.19226815551075],[140.2455937164473,35.191788838699914],[140.24540067787498,35.19120395413657],[140.24527332710244,35.19090904712248],[140.24509377719173,35.19074861438494],[140.2449256584319,35.190854475279636],[140.24464781918618,35.191171485876275],[140.24402368707823,35.191698207944206],[140.24394083348113,35.19174391536029],[140.2437140300346,35.1916972336269],[140.2434711162691,35.19145018728289],[140.2433343229888,35.19127925272719],[140.24314774326604,35.19097525213477],[140.24302286200466,35.19066589769813],[140.24294945204772,35.19058558815435],[140.24275636324344,35.190317101612045],[140.24286640861834,35.19014362760179],[140.2429791930347,35.18986746973536],[140.24266448296203,35.18951785323487],[140.24233218007336,35.18915759219994],[140.2425808752087,35.188631957929516],[140.24261484679323,35.188385929752556],[140.24263857657763,35.18808205037116],[140.24282686008115,35.187748803666366],[140.24214365287764,35.18639814140577],[140.24210951019666,35.18637213259123],[140.24335526086617,35.18562623703797],[140.24688079712337,35.18555531903546],[140.24769912336876,35.185235585452475],[140.24795473814567,35.184348646950305],[140.24906451907282,35.183269795486446],[140.25051276322637,35.181240248048574],[140.25043303087458,35.17937764497217],[140.2505871988383,35.17895224871106],[140.25188596728162,35.17775298419841],[140.25324435682847,35.177659695828574],[140.2543463852567,35.178045259445675],[140.25550662089415,35.17924475789144],[140.256544470651,35.17972784707112],[140.2570231755376,35.180522628787465],[140.25838325755777,35.18068674451061],[140.25936589134727,35.180402331893504],[140.26096155432091,35.17951060190009],[140.26316140409898,35.17957070104344],[140.263671475083,35.179122604822105],[140.2637390441034,35.1784012342337],[140.2646282616861,35.17830733713394],[140.26494876426054,35.17773089840736],[140.26585344365358,35.177169325418156],[140.26631552133782,35.177255053195935],[140.2666583854638,35.17791931547699],[140.26700674603617,35.17774277354937],[140.26663172148457,35.176903345905224],[140.26591335569378,35.176045576027846],[140.26609114328687,35.17382758769998],[140.26886249879635,35.173928757268605],[140.27026506876965,35.17459873688666],[140.26961367599492,35.176672891397075],[140.26919419613634,35.17768146839146],[140.2687225675237,35.17818177727223],[140.26852051836192,35.17876195096701],[140.26854239623154,35.17886680064872],[140.2683253262804,35.179134349991116],[140.2668157489081,35.18085411377654],[140.2664470306895,35.181668826986176],[140.2661910881213,35.18214425897997],[140.26569224476248,35.182535282505576],[140.26557572989748,35.18317197173445],[140.26553941995095,35.18336020091571],[140.26545213282697,35.183977135619045],[140.26541198152066,35.18444953519199],[140.2653978757497,35.184803811502995],[140.2657883139435,35.185056069827844],[140.26762670005624,35.18350788321591]]]},"properties":{"KEY_CODE":"122180290","PREF":"12","CITY":"218","CITY_NAME":"勝浦市","S_NAME":"小羽戸","SETAI":"64"}},{"type":"Feature","geometry":{"type":"Polygon","coordinates":[[[140.3156990544417,35.16235915176056],[140.3148470400244,35.16318179903789],[140.31397966439204,35.164447393709345],[140.31316994935517,35.16699262395818],[140.3130446571756,35.168663634998246],[140.31355728877517,35.17021315968389],[140.31436852193136,35.17123091202259],[140.31506187594252,35.17119920494308],[140.31589353657694,35.172351940694426],[140.31699028760332,35.17426086785098],[140.31699163114655,35.17456558136168],[140.31671722622093,35.175085622157056],[140.31660475872283,35.17585219932127],[140.31647975573966,35.17612713555448],[140.31572439798424,35.17649120631762],[140.3156048779946,35.176852035236024],[140.315142412277,35.17849344677293],[140.31465493279163,35.17949331053508],[140.3148127227638,35.179697395047995],[140.31484552842014,35.17984148513225],[140.3145514500155,35.18010158959132],[140.31356765120645,35.181259335099966],[140.3135175763047,35.18205950872419],[140.31346756465797,35.18289270920183],[140.31400490852428,35.183594706578134],[140.31419770695885,35.18377090516759],[140.31462609557198,35.18393313815051],[140.314905237024,35.1843704620686],[140.31450492226847,35.18517562218446],[140.31353004700512,35.18550892684639],[140.313407648389,35.186293120683736],[140.31333793678763,35.18666049856268],[140.3132113873141,35.18688064039444],[140.31313841287604,35.187037050706486],[140.31248228963392,35.18813334335003],[140.31211062164465,35.188311500546845],[140.31167232828662,35.188428796358586],[140.311330515982,35.18860781931159],[140.3101986055094,35.18714827114907],[140.3099901788256,35.18645207797614],[140.3099304047515,35.1861118297895],[140.30959451022284,35.18504128303201],[140.30945578644227,35.184424663767416],[140.30891705737824,35.183949547309936],[140.3084955865395,35.18369332752057],[140.30816758730973,35.18355673603008],[140.30782961639366,35.18321103308246],[140.3077833275348,35.18317966673182],[140.30741803349406,35.18264991999888],[140.30698240073798,35.18167841633945],[140.3070930364808,35.18105926362912],[140.3063568897031,35.18056272699294],[140.30613625996722,35.17976593401392],[140.30585936391344,35.17965969826921],[140.30478733610033,35.179256505488176],[140.3045403614485,35.178933604301726],[140.30454293403042,35.17794508791115],[140.30379027225678,35.17745542262412],[140.30368840370713,35.17672117659462],[140.3033508722955,35.175829397551844],[140.30334015246308,35.17571880560927],[140.30414250576598,35.17480702417202],[140.30385084701913,35.17465140118465],[140.30320846182548,35.17410749671802],[140.30356826126416,35.17324286346207],[140.3037029291298,35.172875580873985],[140.3037833879239,35.172071892142],[140.30368495020176,35.171351292489625],[140.30386426920208,35.170816654479545],[140.30385725425126,35.1706570342689],[140.30373493402493,35.17052772291238],[140.30360068110977,35.170448456453435],[140.30340607279035,35.17043921345957],[140.30322866144522,35.17024532790067],[140.30339072720835,35.16988540196423],[140.30348009734647,35.16957568693061],[140.30361641465723,35.16896142217084],[140.3035246008813,35.16885699017427],[140.30337865000524,35.16885255837239],[140.3034138262566,35.16764157063227],[140.30457651666688,35.165638580711864],[140.30620623167246,35.164945801544796],[140.3069018953422,35.165069274608626],[140.3075238660853,35.16455683081231],[140.30871519815344,35.16409242677198],[140.30914896635446,35.1628209909142],[140.30904444764354,35.16219463637257],[140.31033440765734,35.16191115151447],[140.31127518504636,35.16238869374402],[140.31212710883932,35.16311834582135],[140.3156990544417,35.16235915176056]]]},"properties":{"KEY_CODE":"122180300","PREF":"12","CITY":"218","CITY_NAME":"勝浦市","S_NAME":"関谷","SETAI":"174"}},{"type":"Feature","geometry":{"type":"Polygon","coordinates":[[[140.29941175199176,35.174451528356165],[140.2989355663941,35.17373501626793],[140.29799759664056,35.17404330271979],[140.29804862808092,35.17451904898718],[140.29685841745064,35.174825904935645],[140.29601817427792,35.174348768893566],[140.29512099946007,35.17454247896619],[140.2943272290265,35.1743164197892],[140.2932670697486,35.173561086235374],[140.29322297705443,35.173067731212484],[140.29142848119608,35.172136854257346],[140.29091255472645,35.171063305987595],[140.29093922446597,35.1710097542148],[140.29103898325738,35.17067043222954],[140.29117427073948,35.169872027402725],[140.2912094068175,35.16934266152552],[140.2911740773715,35.16871179837856],[140.2911767772925,35.16825523057485],[140.29084217048677,35.16798627732853],[140.29072340123145,35.16727185163451],[140.2907953615576,35.16661818822911],[140.29115761489714,35.16602709536891],[140.29192024020992,35.16648831088409],[140.29222940652352,35.167013419035754],[140.2927608251382,35.167357258488096],[140.29285827441083,35.167392383051215],[140.29314635874283,35.16737354662251],[140.29364958797458,35.16719135600293],[140.29398843227244,35.16723140817011],[140.29417991485656,35.16733420460127],[140.2943889876093,35.16736291693644],[140.2946847634538,35.1671208766042],[140.2950612421539,35.16681197944767],[140.2955191555241,35.16689594119522],[140.29569263609258,35.16763141118885],[140.29619535915504,35.16766942474434],[140.29669658501933,35.167768075141915],[140.2970682986783,35.167884890581675],[140.29803827241525,35.1683733480423],[140.29821209716138,35.168535284921646],[140.29894882618828,35.16917547897382],[140.29938704053498,35.16958766371068],[140.29957898221275,35.16976727603367],[140.29996514444758,35.17020184221133],[140.30006296032423,35.1702990000621],[140.2999697631705,35.17069111987606],[140.2999850886411,35.17085070703515],[140.30017618274084,35.17088243488307],[140.3004021589618,35.17067163183667],[140.3006687265904,35.17040609587085],[140.3016073896969,35.170766052705645],[140.30162755129595,35.17051470801432],[140.30158290133255,35.17026065775598],[140.3012700477423,35.17035940407562],[140.30119787256095,35.17033602156916],[140.3011669075964,35.16996367789234],[140.30139908920813,35.169625735269776],[140.3021150680393,35.169163240864364],[140.30243142386448,35.169055604690875],[140.3029976381503,35.16916868753532],[140.30337865000524,35.16885255837239],[140.3035246008813,35.16885699017427],[140.30361641465723,35.16896142217084],[140.30348009734647,35.16957568693061],[140.30339072720835,35.16988540196423],[140.30322866144522,35.17024532790067],[140.30340607279035,35.17043921345957],[140.30360068110977,35.170448456453435],[140.30373493402493,35.17052772291238],[140.30385725425126,35.1706570342689],[140.30386426920208,35.170816654479545],[140.30368495020176,35.171351292489625],[140.3037833879239,35.172071892142],[140.3037029291298,35.172875580873985],[140.30356826126416,35.17324286346207],[140.30268229798875,35.17354067267664],[140.30195619829883,35.17415729188607],[140.30043604503288,35.17357650134143],[140.29992974437138,35.174419853116525],[140.29941175199176,35.174451528356165]]]},"properties":{"KEY_CODE":"122180310","PREF":"12","CITY":"218","CITY_NAME":"勝浦市","S_NAME":"中谷","SETAI":"52"}},{"type":"Feature","geometry":{"type":"Polygon","coordinates":[[[140.311330515982,35.18860781931159],[140.31106236272709,35.188920487427964],[140.31057711941946,35.18950681828344],[140.31045790874015,35.18965686124588],[140.31017692948407,35.18976669919178],[140.309522986959,35.19017869927611],[140.30935338087093,35.190213381338616],[140.30892151300847,35.19001798276611],[140.30862871153437,35.19022638460943],[140.3084646017616,35.190488711658396],[140.30833198927124,35.190475644239385],[140.30818596288412,35.19028932672502],[140.30807280983868,35.190062106263326],[140.30772105730622,35.18975597036666],[140.30736988785233,35.189900095498416],[140.30687183609237,35.19007021826925],[140.3064208870336,35.19014677783917],[140.3053856212416,35.1901576038232],[140.305274613014,35.190304160673634],[140.30524356253306,35.19065765038526],[140.30524431599696,35.190786797638786],[140.30517874184252,35.190905993610805],[140.3051884877612,35.19115735465214],[140.30513925546697,35.19123233376196],[140.30487692487708,35.19144596034589],[140.30462254675052,35.19091183566248],[140.30416090209974,35.19045626557893],[140.3036543863532,35.18998382578044],[140.3032807517635,35.189525935988115],[140.30323012549428,35.18938339145142],[140.3029478313889,35.188994998641554],[140.3024484134258,35.18819859176885],[140.30256588804787,35.18611228068048],[140.30199482096845,35.18547740353438],[140.30148784744614,35.18516290214362],[140.3026048043583,35.182953390482986],[140.3018616355326,35.18138201475434],[140.30194314161278,35.179554268693664],[140.30234914435866,35.1791974169398],[140.3037356038278,35.17971067107471],[140.30372175150688,35.1786101143378],[140.30322640928182,35.1781506424936],[140.30245585719345,35.17828835624839],[140.3001954575812,35.17767029307743],[140.29937993204533,35.17674670094794],[140.2995343227977,35.175721206875956],[140.29901250442526,35.17508863156107],[140.29941175199176,35.174451528356165],[140.29992974437138,35.174419853116525],[140.30043604503288,35.17357650134143],[140.30195619829883,35.17415729188607],[140.30268229798875,35.17354067267664],[140.30356826126416,35.17324286346207],[140.30320846182548,35.17410749671802],[140.30385084701913,35.17465140118465],[140.304142505766,35.17480702417202],[140.30334015246308,35.17571880560927],[140.3033508722955,35.175829397551844],[140.30368840370713,35.17672117659462],[140.30379027225678,35.17745542262412],[140.30454293403042,35.17794508791115],[140.3045403614485,35.178933604301726],[140.30478733610033,35.179256505488176],[140.30585936391344,35.17965969826921],[140.30613625996722,35.17976593401392],[140.3063568897031,35.18056272699294],[140.3070930364808,35.18105926362912],[140.30698240073798,35.18167841633945],[140.30741803349406,35.18264991999888],[140.3077833275348,35.18317966673182],[140.30782961639366,35.18321103308246],[140.30816758730973,35.18355673603008],[140.3084955865395,35.18369332752057],[140.30891705737824,35.183949547309936],[140.30945578644227,35.184424663767416],[140.30959451022284,35.18504128303201],[140.3099304047515,35.1861118297895],[140.3099901788256,35.18645207797614],[140.3101986055094,35.18714827114907],[140.311330515982,35.18860781931159]]]},"properties":{"KEY_CODE":"122180320","PREF":"12","CITY":"218","CITY_NAME":"勝浦市","S_NAME":"平田","SETAI":"22"}},{"type":"Feature","geometry":{"type":"Polygon","coordinates":[[[140.29941175199176,35.174451528356165],[140.29901250442526,35.17508863156107],[140.2995343227977,35.175721206875956],[140.29937993204533,35.17674670094794],[140.3001954575812,35.17767029307743],[140.30245585719345,35.17828835624839],[140.30322640928182,35.1781506424936],[140.30372175150688,35.1786101143378],[140.3037356038278,35.17971067107471],[140.30234914435866,35.1791974169398],[140.30194314161278,35.179554268693664],[140.3018616355326,35.18138201475434],[140.3026048043583,35.182953390482986],[140.30148784744614,35.18516290214362],[140.30090865599422,35.18483438248996],[140.30017445111332,35.18438392615961],[140.2994352490282,35.18436023831265],[140.2990908323063,35.18418600995689],[140.29890586931617,35.18403968479987],[140.2987003755797,35.1837913974726],[140.2986144620721,35.183558916085985],[140.29855324132387,35.183301903637094],[140.29775178007534,35.18290542213083],[140.2975875828111,35.18301422185679],[140.296749651864,35.183490678117046],[140.29602608623912,35.183784157120535],[140.29597539996954,35.183568016528135],[140.2959902076839,35.18327725940435],[140.2959647706366,35.18314890801184],[140.29521289179843,35.18320791721612],[140.2949144849599,35.183164833831235],[140.29435965905006,35.182746327337476],[140.29393859691737,35.18221294059972],[140.29373268605858,35.181887039408295],[140.29326183665202,35.18134567049456],[140.29175020478138,35.17996072516221],[140.29152146763747,35.17988067860586],[140.29116882518906,35.17956405892189],[140.2910477230208,35.1793228286625],[140.29098690898408,35.17903397563473],[140.29092636958381,35.17854279768668],[140.29036532155567,35.178494076850875],[140.28983239413765,35.178442921514986],[140.28978426894088,35.17840373714002],[140.28978839803807,35.17787998620781],[140.2897185537278,35.17749405096696],[140.28961415755407,35.17746895135964],[140.2891725489975,35.1773585038433],[140.2886231501955,35.17738134885917],[140.28756824019177,35.177453556971905],[140.28721013968638,35.17741328239278],[140.28635697348105,35.17678168748234],[140.28635624946335,35.17639893939477],[140.28637782614027,35.17622315315356],[140.28648140422706,35.17584924030342],[140.28654952088436,35.17543045985303],[140.28651958946003,35.175116061289444],[140.28647720147814,35.17470551174017],[140.28633556852014,35.174377517632756],[140.28614288738788,35.17400795436335],[140.28663594048624,35.17297623895547],[140.28683193415023,35.172803389917675],[140.28762824687587,35.17146806799168],[140.28789167596568,35.17085693312957],[140.28829907148543,35.1709910380065],[140.28978919086754,35.17157466099901],[140.29057686552562,35.17154042227391],[140.29079572704802,35.17119670583275],[140.29091255472645,35.171063305987595],[140.29142848119608,35.172136854257346],[140.29322297705443,35.173067731212484],[140.2932670697486,35.173561086235374],[140.2943272290265,35.1743164197892],[140.29512099946007,35.17454247896619],[140.29601817427792,35.174348768893566],[140.29685841745064,35.174825904935645],[140.29804862808092,35.17451904898718],[140.29799759664056,35.17404330271979],[140.2989355663941,35.17373501626793],[140.29941175199176,35.174451528356165]]]},"properties":{"KEY_CODE":"122180330","PREF":"12","CITY":"218","CITY_NAME":"勝浦市","S_NAME":"新戸","SETAI":"53"}},{"type":"Feature","geometry":{"type":"Polygon","coordinates":[[[140.3029478313889,35.188994998641554],[140.30323012549428,35.18938339145142],[140.3032807517635,35.189525935988115],[140.3036543863532,35.18998382578044],[140.30416090209974,35.19045626557893],[140.30462254675052,35.19091183566248],[140.30487692487708,35.19144596034589],[140.3047744188662,35.191520867067496],[140.3035800593091,35.190759442273375],[140.30341772005104,35.19058381513759],[140.30292991710613,35.19003897732608],[140.3025517018885,35.189958977084444],[140.30171306381575,35.18992717440827],[140.30126910941738,35.18987876232998],[140.29878300989358,35.188866672927546],[140.2978306334936,35.188894084122],[140.2979712712682,35.189579930128694],[140.29750365832797,35.18964631152894],[140.2969030850664,35.18877097303949],[140.2966540096758,35.18844841877492],[140.29553633020373,35.18852750626918],[140.29474709463187,35.18929552041058],[140.2945276619775,35.18983719650273],[140.29358885752148,35.189976004689214],[140.2925788863709,35.19011395149965],[140.29210628755519,35.19014963034678],[140.2920379381596,35.19010024362948],[140.2918917123887,35.18898694466575],[140.29117281381573,35.18856078870228],[140.29092801010194,35.188851124457614],[140.29019275418653,35.18992474116784],[140.2898032296016,35.189540873270886],[140.28961170775776,35.18919681500706],[140.28988927634725,35.18827231935336],[140.28905835570305,35.18812899299581],[140.28831175560222,35.18850414116459],[140.28789507340267,35.18837536610464],[140.2865800242359,35.1886658220098],[140.28698918568168,35.18696203098349],[140.28756517744458,35.18626887299959],[140.28637226953694,35.18513892736309],[140.28521405319282,35.18455602002985],[140.2853419976636,35.18341849095584],[140.28514199356837,35.18296163327584],[140.28407346403557,35.18240323262382],[140.28287051390603,35.18067158255099],[140.2829400374821,35.1799140647617],[140.28350167438717,35.178344561578555],[140.28263921762138,35.177232836204944],[140.282740813801,35.17592525809035],[140.2832693937747,35.17544356173907],[140.28373540726977,35.1744224432834],[140.28366259146975,35.17275396186134],[140.2829350706164,35.17275928254702],[140.28308599366224,35.171733917712174],[140.2832610221763,35.17132093583964],[140.28266415366275,35.16987419716746],[140.28340987196145,35.169263223278676],[140.2847934607988,35.168999320354416],[140.2851030690083,35.16725430336833],[140.2858514901797,35.16646078555561],[140.28652614078135,35.16645982111882],[140.28646450672653,35.168328487782816],[140.28972289434532,35.168064999885424],[140.29085613678595,35.16813608652135],[140.2911767772925,35.16825523057485],[140.2911740773715,35.16871179837856],[140.2912094068175,35.16934266152552],[140.29117427073948,35.169872027402725],[140.29103898325738,35.17067043222954],[140.29093922446597,35.1710097542148],[140.29079572704802,35.17119670583275],[140.29057686552562,35.17154042227391],[140.28978919086754,35.17157466099901],[140.28829907148543,35.1709910380065],[140.28789167596568,35.17085693312957],[140.28762824687587,35.17146806799168],[140.28683193415023,35.172803389917675],[140.28663594048624,35.17297623895547],[140.28614288738788,35.17400795436335],[140.28633556852014,35.174377517632756],[140.28647720147814,35.17470551174017],[140.28651958946003,35.175116061289444],[140.28654952088436,35.17543045985303],[140.28648140422706,35.17584924030342],[140.28637782614027,35.17622315315356],[140.28635624946335,35.17639893939477],[140.28635697348105,35.17678168748234],[140.28721013968638,35.17741328239278],[140.28756824019177,35.177453556971905],[140.2886231501955,35.17738134885917],[140.2891725489975,35.1773585038433],[140.28961415755407,35.17746895135964],[140.2897185537278,35.17749405096696],[140.28978839803807,35.17787998620781],[140.28978426894088,35.17840373714002],[140.28983239413765,35.178442921514986],[140.29036532155567,35.178494076850875],[140.29092636958381,35.17854279768668],[140.29098690898408,35.17903397563473],[140.2910477230208,35.1793228286625],[140.29116882518906,35.17956405892189],[140.29152146763747,35.17988067860586],[140.29175020478138,35.17996072516221],[140.29326183665202,35.18134567049456],[140.29373268605858,35.181887039408295],[140.29393859691737,35.18221294059972],[140.29435965905006,35.182746327337476],[140.2949144849599,35.183164833831235],[140.29521289179843,35.18320791721612],[140.2959647706366,35.18314890801184],[140.2959902076839,35.18327725940435],[140.29597539996954,35.183568016528135],[140.29602608623912,35.183784157120535],[140.296749651864,35.183490678117046],[140.2975875828111,35.18301422185679],[140.29775178007534,35.18290542213083],[140.29855324132387,35.183301903637094],[140.2986144620721,35.183558916085985],[140.2987003755797,35.1837913974726],[140.29890586931617,35.18403968479987],[140.2990908323063,35.18418600995689],[140.2994352490282,35.18436023831265],[140.30017445111332,35.18438392615961],[140.30090865599422,35.18483438248996],[140.30199482096845,35.18547740353438],[140.30256588804787,35.18611228068048],[140.3024484134258,35.18819859176885],[140.3029478313889,35.188994998641554]]]},"properties":{"KEY_CODE":"122180340","PREF":"12","CITY":"218","CITY_NAME":"勝浦市","S_NAME":"宿戸","SETAI":"80"}},{"type":"Feature","geometry":{"type":"Polygon","coordinates":[[[140.30853846656163,35.2093608354314],[140.30830396760172,35.209492609030754],[140.30741726995518,35.210339353006816],[140.30661657661648,35.21078377688802],[140.30606155016812,35.2103296212619],[140.30575280619232,35.209695341377774],[140.30547554737464,35.20889833100241],[140.30513471679618,35.20832199535077],[140.30468106799643,35.20828321345202],[140.30406736322337,35.20765689003167],[140.30302424703214,35.206900416380314],[140.3022486547456,35.2063028195148],[140.30138316716344,35.20538233499571],[140.30055730030963,35.205121897325974],[140.29952103226057,35.20412200105723],[140.29944377519854,35.203588223797475],[140.29876626778005,35.20335635462709],[140.29788626124855,35.20310618808125],[140.29764203547285,35.20307600905623],[140.29709237759545,35.20227063048057],[140.29647160595155,35.202301971529316],[140.2958085961803,35.20205981745052],[140.2951789498696,35.201381417031925],[140.29363350642618,35.20069779913456],[140.2937304937491,35.20035941049216],[140.29376123815408,35.19996719321304],[140.29305447187983,35.19890177133413],[140.29245284485415,35.19892435666549],[140.29226336433584,35.19893860243669],[140.29129505152108,35.19879505643838],[140.29140091394834,35.19803263671386],[140.29252113570266,35.19788638535372],[140.2939544978311,35.197725400025234],[140.29406926762854,35.19761679366234],[140.29387595762998,35.196968543948124],[140.29379150935324,35.19661057048409],[140.292941449623,35.19643130411019],[140.2924148169512,35.196588809962826],[140.2924443127773,35.19597688741078],[140.29286975173142,35.19542090960223],[140.29282756650957,35.19525206311651],[140.2921449872038,35.195525092035766],[140.29160192006756,35.19569617836686],[140.29122858764828,35.19527170559524],[140.2911118144967,35.19503554073929],[140.29098337126402,35.19422195915011],[140.29143497226178,35.19387488656228],[140.2918005781678,35.1937866591215],[140.29236321677516,35.193316978400816],[140.2924852281319,35.19302581181969],[140.29173375979545,35.19278192940602],[140.2914761405605,35.19241108785805],[140.29129268890804,35.192033201812194],[140.29094323686468,35.19145651402831],[140.29030688194604,35.19116147667566],[140.29010826368534,35.191020262150744],[140.29036109638614,35.190546065913075],[140.29044276954968,35.19041054536504],[140.29019275418653,35.189924741167836],[140.29092801010194,35.188851124457614],[140.2911728138158,35.18856078870228],[140.2918917123887,35.18898694466572],[140.2920379381596,35.19010024362948],[140.29210628755519,35.19014963034678],[140.2925788863709,35.19011395149965],[140.29358885752148,35.189976004689214],[140.2945276619775,35.18983719650275],[140.29474709463187,35.18929552041058],[140.29553633020373,35.18852750626918],[140.2966540096758,35.18844841877492],[140.2969030850664,35.18877097303949],[140.29750365832797,35.18964631152893],[140.2979712712682,35.189579930128694],[140.2978306334936,35.188894084122],[140.29878300989358,35.188866672927546],[140.30126910941738,35.18987876232998],[140.30171306381575,35.18992717440827],[140.3025517018885,35.189958977084444],[140.30292991710613,35.19003897732608],[140.30341772005104,35.19058381513759],[140.3035800593091,35.190759442273375],[140.3047744188662,35.191520867067496],[140.30472605516465,35.19175210463578],[140.30484011297455,35.19213565715178],[140.30500786114266,35.19249512755259],[140.30518043499654,35.19261507982786],[140.3054505399684,35.1927703512109],[140.30459460362573,35.193359815415256],[140.30378060693022,35.19403748725454],[140.30376576995704,35.194333168722466],[140.30407598940928,35.19533600059514],[140.30384094181383,35.195868730797585],[140.30353147375857,35.19606359696385],[140.3034005153533,35.196335929174616],[140.30360308253202,35.19662568816608],[140.3038146524531,35.196877736275745],[140.30390585645424,35.19752685916837],[140.30414750979605,35.197677595302395],[140.30426943391424,35.19938549556268],[140.30440590164898,35.20040942388225],[140.30485397395327,35.20054357150895],[140.30540090596858,35.20057881177629],[140.3054755785385,35.200598939891506],[140.30564225873212,35.200771584936874],[140.30588262220073,35.20078760871181],[140.30731845283435,35.200314568102996],[140.3079433640406,35.200472862475095],[140.30890574924578,35.2001062499109],[140.30987195758965,35.19987356152299],[140.30995897715192,35.19995090396336],[140.30889349871686,35.20136933472684],[140.30856253686002,35.201521485170225],[140.30821458181742,35.202212690133244],[140.30829409822263,35.20277157303844],[140.3082352697015,35.2030605955835],[140.30785548695656,35.20330124370495],[140.30778399999645,35.203349343873555],[140.30771779494708,35.20352988896552],[140.3077502976835,35.203717367037164],[140.308010419221,35.20414528308064],[140.308184922329,35.20517995105355],[140.30820335075552,35.20526452654067],[140.3081827314072,35.20556630045629],[140.30819728285022,35.205757511767274],[140.30783539718922,35.20599443863227],[140.30780945064078,35.20615637379362],[140.30794773765814,35.20640786997953],[140.30806296811724,35.20694093862964],[140.3080234211027,35.20708088469463],[140.30853846656163,35.2093608354314]]]},"properties":{"KEY_CODE":"122180350","PREF":"12","CITY":"218","CITY_NAME":"勝浦市","S_NAME":"白木","SETAI":"45"}},{"type":"Feature","geometry":{"type":"Polygon","coordinates":[[[140.29019275418653,35.18992474116784],[140.29044276954968,35.19041054536504],[140.29036109638614,35.190546065913075],[140.29010826368534,35.191020262150744],[140.29030688194604,35.19116147667566],[140.29094323686468,35.19145651402831],[140.29129268890804,35.192033201812194],[140.2914761405605,35.19241108785805],[140.29173375979545,35.19278192940602],[140.2924852281319,35.19302581181969],[140.29236321677516,35.193316978400816],[140.2918005781678,35.1937866591215],[140.29143497226178,35.19387488656228],[140.29098337126402,35.19422195915011],[140.2911118144967,35.19503554073929],[140.29122858764828,35.19527170559524],[140.29160192006756,35.19569617836686],[140.2921449872038,35.195525092035766],[140.29282756650957,35.19525206311651],[140.29286975173142,35.19542090960223],[140.2924443127773,35.19597688741078],[140.2924148169512,35.196588809962826],[140.292941449623,35.19643130411019],[140.2937915093532,35.19661057048409],[140.29387595762998,35.196968543948124],[140.29406926762854,35.19761679366234],[140.2939544978311,35.197725400025234],[140.29252113570266,35.19788638535372],[140.29140091394834,35.19803263671386],[140.29129505152108,35.19879505643838],[140.29146394312914,35.19886398581216],[140.29120088015068,35.19886062428606],[140.29079421316675,35.19872366062864],[140.2904300062598,35.1983439357907],[140.28962131134804,35.197752813754555],[140.28937878586854,35.19766374054506],[140.28842215699186,35.19836854411021],[140.2877689559147,35.198214337008714],[140.28603677697382,35.19786879176045],[140.28638990728632,35.197451700858664],[140.28676295586595,35.197205159841346],[140.28680415852904,35.19680635925018],[140.28674961626584,35.19652108515451],[140.28621331736184,35.195643572346064],[140.28517026445687,35.195771590319424],[140.28504892167572,35.19537650125714],[140.2852590676153,35.19508712964851],[140.28515893071054,35.19476173710149],[140.28490771431635,35.19413437518943],[140.28499291477996,35.19347475736214],[140.28463907260812,35.192072073638656],[140.28558370215,35.19125562979375],[140.28516245742514,35.190310877875156],[140.2856362266959,35.189485362540566],[140.2865800242359,35.1886658220098],[140.28789507340267,35.18837536610464],[140.28831175560222,35.18850414116459],[140.28905835570305,35.18812899299581],[140.28988927634725,35.18827231935336],[140.28961170775776,35.18919681500706],[140.2898032296016,35.189540873270886],[140.29019275418653,35.18992474116784]]]},"properties":{"KEY_CODE":"122180360","PREF":"12","CITY":"218","CITY_NAME":"勝浦市","S_NAME":"白井久保","SETAI":"46"}},{"type":"Feature","geometry":{"type":"Polygon","coordinates":[[[140.30853664522243,35.21237840378194],[140.30816522654678,35.21383911559968],[140.3075938804303,35.213481222578466],[140.30575383510595,35.21337296629285],[140.3040863110031,35.21248287013491],[140.30360349268045,35.21172474862729],[140.30335026744302,35.21191447291907],[140.3025604013146,35.211201006147235],[140.30125366764776,35.211155182762525],[140.29983815458348,35.21063040572249],[140.29954548592025,35.210810341855264],[140.2975713439155,35.21107262277399],[140.29769528964835,35.211825939291245],[140.29604542394944,35.21214152015314],[140.29390974941205,35.21192624560782],[140.29314065368683,35.21147685847247],[140.29285919440463,35.211481101909854],[140.2924142204442,35.211444840291676],[140.291897516846,35.21144680727292],[140.29141726659523,35.21153715212123],[140.29041642837774,35.210719638788035],[140.29002865291142,35.21033731754515],[140.28996739141874,35.20996002606912],[140.2898098625029,35.209387048663636],[140.28964582008368,35.209018667694764],[140.28933427973018,35.20847578109063],[140.28877132557955,35.207952083681285],[140.2882051748135,35.2077266972408],[140.2870181518169,35.20722485873941],[140.28673166421706,35.206678211061245],[140.28615184888187,35.2061574565256],[140.28604858865066,35.20579264837809],[140.286269082878,35.20541006988997],[140.28741932699,35.20478321618552],[140.28783296842255,35.204549266408875],[140.28837529327916,35.20381273104978],[140.28782081251177,35.20356047175244],[140.28723087520663,35.20367593811108],[140.28639227049877,35.203908673977054],[140.28486315443067,35.20278391330356],[140.2839116849462,35.2032311980464],[140.28319749702092,35.20308535472751],[140.28119338761155,35.201501486327516],[140.28049511326395,35.20069573187764],[140.28148132199937,35.199517747753845],[140.28135109318492,35.19922662421843],[140.28054033336406,35.19964849196286],[140.2793991582085,35.199480471873116],[140.27872236616756,35.19882834897839],[140.27890783011154,35.19783326179975],[140.2774028209199,35.19682891330063],[140.27856720302236,35.196416679971165],[140.27882537854953,35.195919265840715],[140.28112894895108,35.19571962896536],[140.28229787439136,35.19506094945711],[140.2825187153953,35.194307738544715],[140.28149765232325,35.19430378286769],[140.28135630793892,35.193022899512755],[140.28238146906477,35.191385499853595],[140.28324537811025,35.19067023880717],[140.28442170450654,35.19004837866294],[140.28516245742512,35.19031087787513],[140.28558370215,35.19125562979375],[140.28463907260812,35.19207207363867],[140.28499291477996,35.19347475736212],[140.28490771431635,35.19413437518943],[140.28515893071054,35.19476173710149],[140.2852590676153,35.19508712964851],[140.28504892167572,35.19537650125714],[140.2851702644569,35.195771590319424],[140.28621331736184,35.195643572346064],[140.28674961626584,35.19652108515451],[140.28680415852904,35.19680635925018],[140.28676295586595,35.197205159841346],[140.28638990728632,35.197451700858664],[140.28603677697382,35.19786879176045],[140.2877689559147,35.198214337008714],[140.28842215699177,35.198368544110224],[140.28937878586854,35.19766374054506],[140.28962131134804,35.197752813754555],[140.2904300062598,35.1983439357907],[140.29079421316675,35.19872366062864],[140.29120088015068,35.19886062428606],[140.29146394312914,35.19886398581216],[140.29226336433584,35.19893860243669],[140.29245284485415,35.19892435666549],[140.29305447187983,35.198901771334114],[140.29376123815408,35.19996719321304],[140.2937304937491,35.20035941049216],[140.29363350642615,35.20069779913458],[140.2951789498696,35.201381417031925],[140.2958085961803,35.20205981745052],[140.29647160595155,35.202301971529316],[140.29709237759545,35.20227063048056],[140.29764203547285,35.20307600905623],[140.29788626124855,35.20310618808125],[140.29876626778005,35.20335635462709],[140.29944377519854,35.203588223797524],[140.2995210322605,35.20412200105721],[140.30055730030963,35.205121897325974],[140.30138316716344,35.205382334995704],[140.3022486547456,35.2063028195148],[140.30302424703214,35.206900416380314],[140.30406736322337,35.20765689003167],[140.30468106799643,35.20828321345202],[140.30513471679618,35.20832199535077],[140.30547554737464,35.20889833100241],[140.30575280619232,35.209695341377774],[140.30606155016812,35.2103296212619],[140.30661657661648,35.21078377688802],[140.3068859457057,35.21086180014506],[140.30743462368994,35.21149048736881],[140.3078892367143,35.211953769987005],[140.3081669564109,35.21219669173313],[140.30842609594953,35.21224165480538],[140.3085390648141,35.21227163165354],[140.30855751960755,35.21232374368003],[140.30853664522243,35.21237840378194]]]},"properties":{"KEY_CODE":"122180370","PREF":"12","CITY":"218","CITY_NAME":"勝浦市","S_NAME":"芳賀","SETAI":"84"}},{"type":"Feature","geometry":{"type":"Polygon","coordinates":[[[140.28119338761155,35.201501486327516],[140.27952902094128,35.201268307178296],[140.27808972517164,35.201294616677686],[140.27696446370828,35.20228225657585],[140.27492782103823,35.202534879809846],[140.2741051367724,35.20200671287116],[140.27423887884694,35.20055372525892],[140.27416590117897,35.20016801636243],[140.27410111622004,35.19942130063699],[140.27418818886358,35.198690577877336],[140.27434764504926,35.19823768260452],[140.27456831601967,35.19787998410882],[140.27482012715424,35.197663223604266],[140.27534451796006,35.19732518687407],[140.27654590411908,35.196797909126914],[140.2766857602905,35.196473671835655],[140.27655068247472,35.19582679267635],[140.27635740757268,35.195649056287735],[140.27612751421415,35.195520115344856],[140.2774832789271,35.195652738454505],[140.27891892441463,35.19539929126957],[140.28047949654461,35.19448438727809],[140.28149765232325,35.19430378286769],[140.2825187153953,35.194307738544715],[140.28229787439136,35.19506094945711],[140.28112894895108,35.19571962896536],[140.27882537854953,35.195919265840715],[140.27856720302236,35.196416679971165],[140.2774028209199,35.19682891330063],[140.27890783011154,35.19783326179975],[140.27872236616756,35.19882834897839],[140.2793991582085,35.199480471873116],[140.28054033336406,35.19964849196286],[140.28135109318492,35.19922662421843],[140.28148132199937,35.199517747753845],[140.28049511326395,35.20069573187764],[140.28119338761155,35.201501486327516]]]},"properties":{"KEY_CODE":"122180380","PREF":"12","CITY":"218","CITY_NAME":"勝浦市","S_NAME":"蟹田","SETAI":"17"}},{"type":"Feature","geometry":{"type":"Polygon","coordinates":[[[140.26202128327893,35.20047014346158],[140.2614922840467,35.2015250956528],[140.26053262680173,35.20186884533977],[140.25934247001044,35.20264494082956],[140.25878343718318,35.202186237755406],[140.25715568624358,35.20250743883395],[140.2552728580636,35.200505562064414],[140.2553191889154,35.199683729267754],[140.2546600241057,35.19942873674073],[140.25401454828568,35.19985846706758],[140.25274799003927,35.19956827929829],[140.25212097786215,35.199655547427],[140.25157672412917,35.19911380441648],[140.25098379483165,35.197958016515045],[140.24932130403283,35.19741812430054],[140.24762369434305,35.197924082267576],[140.247182644081,35.19875770648424],[140.24606262085928,35.19863786029068],[140.2457051489725,35.19832509081226],[140.24552517236845,35.197756147987135],[140.24587352843207,35.196961998831675],[140.2448542615516,35.196498775309195],[140.24553327678285,35.19291768982508],[140.24575754597205,35.19232319163589],[140.24834926147548,35.19209526957084],[140.24905896334207,35.192059775110714],[140.250355174746,35.19117288265077],[140.2510236936822,35.19084717413273],[140.25120467298333,35.19077541559983],[140.25230161238437,35.190668760481564],[140.25259622523075,35.19068223545428],[140.25329995565988,35.190713848074175],[140.2537479814874,35.19069987919139],[140.25393918132482,35.190680615441124],[140.25442817304722,35.19056009397223],[140.25500824392543,35.1902874904688],[140.25518671209554,35.190237284319075],[140.2561616391156,35.19014398339019],[140.25640841414236,35.19015550453498],[140.256989272304,35.19027224830835],[140.25761726057783,35.19050135459525],[140.25838043915726,35.190825961724684],[140.25862038609117,35.190982078447284],[140.2599025211631,35.191613640391985],[140.2592929154562,35.19198537073425],[140.25925571506647,35.19240584538771],[140.26027224193396,35.192292316492924],[140.2612154912282,35.191739256230605],[140.26206482745206,35.19132229646964],[140.26246573708713,35.191094532722154],[140.26260713317288,35.19099381914525],[140.2629059750832,35.19085042957209],[140.2631733587126,35.19072018122077],[140.263456285449,35.19054452467459],[140.26421938984186,35.19022489618259],[140.26476281920344,35.190109780732996],[140.26553425757226,35.1898741973299],[140.2660840662345,35.18947771948029],[140.26632606726207,35.18903058595002],[140.2661966888956,35.18842641162033],[140.26605770491827,35.18750206516806],[140.26668597946747,35.18704065244773],[140.2669130128034,35.186739131922636],[140.2675325897539,35.18612893789805],[140.26829494952844,35.1856799820645],[140.2687346227525,35.18533880978151],[140.26889809437574,35.184943709681676],[140.26884664988515,35.18417431536308],[140.26886927753796,35.18366085020796],[140.26762670005624,35.18350788321591],[140.2657883139435,35.18505606982789],[140.2653978757497,35.184803811502995],[140.26541198152066,35.18444953519199],[140.26545213282697,35.183977135619045],[140.26553941995095,35.18336020091571],[140.26557572989748,35.18317197173445],[140.26569224476248,35.182535282505576],[140.2661910881213,35.18214425897997],[140.2664470306895,35.181668826986176],[140.2668157489081,35.18085411377654],[140.2683253262804,35.179134349991116],[140.26854239623154,35.17886680064872],[140.26852051836192,35.17876195096701],[140.2687225675237,35.17818177727223],[140.26919419613634,35.17768146839146],[140.26961367599492,35.176672891397075],[140.27026506876965,35.17459873688666],[140.27051520098559,35.17394493093563],[140.27095983618486,35.17327231630101],[140.27113352087613,35.17305132798017],[140.27138317542625,35.17276344099725],[140.27183649448958,35.172335302831264],[140.2724132656264,35.17196326961761],[140.2726789092104,35.171897653510314],[140.27376154418792,35.17216250858466],[140.2739544888892,35.17232349554928],[140.27412801557324,35.1725249756973],[140.27431175918764,35.17279923655666],[140.27451562786976,35.17315419855235],[140.27467500161134,35.17347298629678],[140.2748344871957,35.17382008141114],[140.2749382708498,35.173876251767894],[140.27551446812015,35.173407232406674],[140.2765688694682,35.17255848983741],[140.2771992739562,35.1725399727654],[140.27737676861994,35.1725717149181],[140.2779292426135,35.17271517214898],[140.2781657819737,35.172730497974314],[140.2788255992185,35.17268763714383],[140.27928908473118,35.17277486922577],[140.27950727865277,35.1730408251587],[140.27957698887133,35.1731780336203],[140.2797559511914,35.17346843039725],[140.27988435519424,35.17353260459553],[140.28029777091012,35.173466422643074],[140.2808775690059,35.1732055369454],[140.28140885274073,35.17308229364908],[140.2825349818577,35.173627898235125],[140.28286052009224,35.17370753138841],[140.28307469280506,35.17324588168012],[140.2829350706164,35.17275928254702],[140.28366259146975,35.17275396186134],[140.28373540726977,35.1744224432834],[140.2832693937747,35.17544356173907],[140.282740813801,35.17592525809035],[140.28263921762138,35.177232836204944],[140.28350167438717,35.178344561578555],[140.2829400374821,35.1799140647617],[140.28287051390603,35.18067158255099],[140.28407346403557,35.18240323262382],[140.28514199356837,35.18296163327584],[140.2853419976636,35.18341849095584],[140.28521405319282,35.18455602002985],[140.28637226953694,35.18513892736309],[140.28756517744458,35.18626887299959],[140.28698918568168,35.18696203098349],[140.2865800242359,35.1886658220098],[140.2856362266959,35.189485362540566],[140.28516245742512,35.19031087787513],[140.28442170450654,35.19004837866294],[140.28324537811025,35.19067023880717],[140.28238146906477,35.191385499853595],[140.28135630793892,35.193022899512755],[140.28149765232325,35.19430378286769],[140.28047949654461,35.19448438727809],[140.27891892441463,35.19539929126957],[140.2774832789271,35.195652738454505],[140.27612751421415,35.195520115344856],[140.2751521212489,35.19545425139395],[140.27447437548963,35.19550651511959],[140.27255314411843,35.195783299784814],[140.27209878105862,35.19597586269775],[140.27127498629127,35.19588111189851],[140.2709848704589,35.19583878714933],[140.27068023032615,35.19564067316603],[140.27060815435274,35.19541685557666],[140.2709610247201,35.195174873917054],[140.27079173788707,35.19490155020292],[140.2696245172107,35.19403931553729],[140.2693125021163,35.193823829098626],[140.26855981151212,35.19460633114225],[140.2677356737208,35.19571287934185],[140.26704698750993,35.19618239357026],[140.26590478694172,35.196432481491776],[140.26515483237208,35.197480431068335],[140.26412765207365,35.197062921026735],[140.26277270027433,35.19713452008676],[140.2624214515638,35.19830187000893],[140.26228270782926,35.19865397587825],[140.261808987793,35.199411770020454],[140.26166297541434,35.199672211310784],[140.26179279769207,35.19987744932462],[140.26197463405293,35.20029658080858],[140.26202128327893,35.20047014346158]]]},"properties":{"KEY_CODE":"122180390","PREF":"12","CITY":"218","CITY_NAME":"勝浦市","S_NAME":"大楠","SETAI":"97"}},{"type":"Feature","geometry":{"type":"Polygon","coordinates":[[[140.27423887884694,35.20055372525892],[140.27376374792283,35.20059335010529],[140.27286534167027,35.20071085339141],[140.2722137493578,35.19928051405],[140.27089911700978,35.19945958745836],[140.27077781668896,35.19949326668322],[140.26905639029255,35.199308593515724],[140.2681063012619,35.19941843213184],[140.2680068203681,35.199816245905225],[140.26784880476458,35.200050332886896],[140.26756257698878,35.20038220131604],[140.26743765320526,35.20046877738468],[140.26738683353466,35.2004633961214],[140.26701694013636,35.20036191411525],[140.26535427320775,35.20024141106413],[140.2649345180486,35.20032073057227],[140.26448482299594,35.20049747736645],[140.2641226455631,35.20057102468469],[140.26395072235292,35.200420164605156],[140.26386237315452,35.20037597437892],[140.2636857836634,35.200298789714694],[140.2633735792619,35.200210963564025],[140.26309887521535,35.200164691436285],[140.2628178365587,35.200201819519776],[140.262486380579,35.200316942084235],[140.2622716013037,35.2003913665662],[140.26213628269596,35.200428045105184],[140.26197463405293,35.20029658080858],[140.26179279769207,35.19987744932462],[140.26166297541434,35.199672211310784],[140.261808987793,35.199411770020454],[140.26228270782926,35.19865397587825],[140.2624214515638,35.19830187000893],[140.26277270027433,35.19713452008679],[140.26412765207365,35.19706292102675],[140.2651548323721,35.197480431068335],[140.26590478694172,35.196432481491776],[140.26704698750993,35.19618239357026],[140.2677356737208,35.19571287934185],[140.26855981151212,35.19460633114225],[140.2693125021163,35.19382382909864],[140.2696245172107,35.19403931553729],[140.27079173788707,35.19490155020292],[140.2709610247201,35.195174873917054],[140.27060815435274,35.19541685557666],[140.27068023032615,35.19564067316603],[140.2709848704589,35.19583878714933],[140.27127498629127,35.19588111189851],[140.27209878105862,35.19597586269775],[140.27255314411843,35.195783299784814],[140.27447437548963,35.19550651511959],[140.2751521212489,35.19545425139395],[140.27635740757268,35.195649056287735],[140.27655068247472,35.19582679267635],[140.2766857602905,35.196473671835655],[140.27654590411908,35.196797909126914],[140.27534451796006,35.19732518687407],[140.27482012715424,35.197663223604266],[140.27456831601967,35.19787998410882],[140.27434764504926,35.19823768260452],[140.27418818886358,35.198690577877336],[140.27410111622004,35.19942130063699],[140.27416590117897,35.20016801636243],[140.27423887884694,35.20055372525892]]]},"properties":{"KEY_CODE":"122180400","PREF":"12","CITY":"218","CITY_NAME":"勝浦市","S_NAME":"小松野","SETAI":"18"}},{"type":"Feature","geometry":{"type":"Polygon","coordinates":[[[140.26964123467383,35.209468424356075],[140.26906471534394,35.209549315246],[140.26866246858995,35.20978182477157],[140.26871178688216,35.21047882039201],[140.26898195969554,35.210838894101634],[140.2690993859421,35.211029382928714],[140.26862701090576,35.21126721616117],[140.2677075568564,35.209386829748446],[140.26727657581094,35.20889508071633],[140.2669436093198,35.20711953724165],[140.2665169242244,35.20656938939642],[140.26578230671387,35.20669392911505],[140.2635769590192,35.20604577804329],[140.2626045262392,35.2062154445162],[140.2617599672436,35.20694246323893],[140.26001852245042,35.20596674948319],[140.2586965890426,35.20546320180122],[140.25911900357346,35.20474740419199],[140.25934247001044,35.20264494082956],[140.26053262680173,35.20186884533977],[140.2614922840467,35.2015250956528],[140.26202128327893,35.20047014346158],[140.26213628269596,35.200428045105184],[140.2622716013037,35.2003913665662],[140.262486380579,35.200316942084235],[140.2628178365587,35.200201819519776],[140.26309887521535,35.200164691436285],[140.2633735792619,35.200210963564025],[140.2636857836634,35.200298789714694],[140.26386237315452,35.20037597437892],[140.26395072235292,35.200420164605156],[140.2641226455631,35.20057102468469],[140.26448482299594,35.20049747736645],[140.2649345180486,35.20032073057227],[140.26535427320775,35.20024141106413],[140.26701694013636,35.20036191411525],[140.26738683353466,35.2004633961214],[140.26743765320526,35.20046877738468],[140.26756257698878,35.20038220131604],[140.26784880476458,35.200050332886896],[140.2680068203681,35.199816245905225],[140.2681063012619,35.19941843213184],[140.26905639029255,35.199308593515724],[140.27077781668896,35.19949326668322],[140.27089911700978,35.19945958745836],[140.2722137493578,35.19928051405],[140.27286534167027,35.20071085339141],[140.27376374792283,35.20059335010529],[140.27423887884694,35.20055372525892],[140.2741051367724,35.20200671287116],[140.27492782103823,35.202534879809846],[140.27696446370828,35.20228225657585],[140.27808972517164,35.201294616677686],[140.27952902094128,35.201268307178296],[140.28119338761155,35.201501486327516],[140.28319749702092,35.20308535472751],[140.2839116849462,35.2032311980464],[140.28486315443067,35.20278391330356],[140.28639227049877,35.203908673977054],[140.2856158113036,35.20442897417007],[140.28510676676882,35.204809607965466],[140.28399611188846,35.20527861907437],[140.28257987807314,35.20540835324856],[140.28187124896414,35.20538614183391],[140.28083057727966,35.20571163019565],[140.2803280183344,35.205206896974936],[140.28010119959634,35.20468099597775],[140.2794519084453,35.204403275659146],[140.27929217415655,35.20480230623169],[140.27943512690425,35.20594089713477],[140.2793955239531,35.206094631746936],[140.27828782576202,35.206204511577155],[140.27800900683187,35.20611843429631],[140.27730483528234,35.20597991470035],[140.2764660306079,35.20620504934264],[140.27575367764294,35.20642760052389],[140.27554817107202,35.206496383525675],[140.27514679869896,35.206662927747814],[140.2748046698594,35.20686066034231],[140.27454739644227,35.20701096977759],[140.27386188121778,35.20751566135869],[140.27363019885198,35.20780425214207],[140.2733810925725,35.208525152935565],[140.27329644455384,35.20877658515209],[140.27325723559554,35.20901327404957],[140.27326982637365,35.20946554370111],[140.27314979494855,35.20972745831563],[140.27304926688177,35.209852331955034],[140.2728743129694,35.210255502424836],[140.27217487927885,35.21006299837289],[140.27170387580918,35.21000662333064],[140.27122228171183,35.209854859248324],[140.27089773956004,35.20973153465932],[140.27055799009426,35.20961241815273],[140.27026073055194,35.209543921948985],[140.26964123467383,35.209468424356075]]]},"properties":{"KEY_CODE":"122180410","PREF":"12","CITY":"218","CITY_NAME":"勝浦市","S_NAME":"松野","SETAI":"148"}},{"type":"Feature","geometry":{"type":"Polygon","coordinates":[[[140.2826644096396,35.21385594513654],[140.28174274553206,35.21448489806815],[140.28114347778134,35.21491313017089],[140.2799223904979,35.21494092532833],[140.27909299417888,35.21560197757642],[140.27842732132407,35.21611480755691],[140.27681358959762,35.21533627292305],[140.27570687002486,35.21512521900894],[140.27542955710712,35.21435215140695],[140.27412934218228,35.21363538529946],[140.2733554916947,35.21309674754652],[140.27276091897323,35.21289273161171],[140.27156413819344,35.21265035162469],[140.270624983237,35.21232074163034],[140.2705216140873,35.21212752402206],[140.2701490366718,35.2116902856695],[140.26958100641892,35.21124101401775],[140.26898195969554,35.210838894101634],[140.26871178688216,35.21047882039201],[140.26866246858995,35.20978182477157],[140.26906471534394,35.209549315246],[140.26964123467383,35.209468424356075],[140.27026073055194,35.209543921948985],[140.27055799009426,35.20961241815273],[140.27089773956004,35.20973153465932],[140.27122228171183,35.209854859248324],[140.27170387580918,35.21000662333064],[140.27217487927885,35.21006299837289],[140.2728743129694,35.210255502424836],[140.27304926688177,35.209852331955034],[140.27314979494855,35.20972745831563],[140.27326982637365,35.20946554370111],[140.27325723559554,35.20901327404957],[140.27329644455384,35.20877658515209],[140.2733810925725,35.208525152935565],[140.27363019885198,35.20780425214207],[140.27386188121778,35.20751566135869],[140.27454739644227,35.20701096977759],[140.2748046698594,35.20686066034231],[140.27514679869896,35.206662927747814],[140.27554817107202,35.206496383525675],[140.27575367764294,35.20642760052389],[140.2764660306079,35.20620504934264],[140.27730483528234,35.20597991470038],[140.27800900683187,35.20611843429631],[140.27828782576202,35.206204511577155],[140.2793955239531,35.206094631746936],[140.27943512690425,35.20594089713477],[140.27929217415655,35.20480230623169],[140.2794519084453,35.204403275659146],[140.28010119959634,35.20468099597775],[140.2803280183344,35.205206896974936],[140.28083057727966,35.20571163019565],[140.28187124896414,35.20538614183391],[140.28257987807314,35.20540835324856],[140.28399611188846,35.20527861907437],[140.28510676676882,35.204809607965466],[140.2856158113036,35.20442897417007],[140.28639227049877,35.203908673977054],[140.28723087520663,35.20367593811108],[140.28782081251177,35.20356047175244],[140.28837529327916,35.20381273104978],[140.28783296842255,35.204549266408875],[140.28741932699,35.20478321618552],[140.286269082878,35.20541006988997],[140.28604858865066,35.20579264837809],[140.28615184888187,35.2061574565256],[140.28673166421706,35.206678211061245],[140.2870181518169,35.20722485873941],[140.2882051748135,35.2077266972408],[140.28877132557955,35.207952083681285],[140.28933427973018,35.20847578109063],[140.28964582008368,35.209018667694764],[140.2898098625029,35.209387048663636],[140.28996739141874,35.20996002606912],[140.29002865291142,35.21033731754515],[140.2904164283777,35.210719638788035],[140.2903233918413,35.211538205431694],[140.28867904980376,35.2117088633752],[140.28824827021634,35.211908733743826],[140.28800472348362,35.2129535425314],[140.28750567991116,35.21290063426835],[140.2853097012176,35.212811846346945],[140.28435514507396,35.21313599193857],[140.28398888949974,35.21339547101665],[140.2835989166519,35.21360398317401],[140.2826644096396,35.21385594513654]]]},"properties":{"KEY_CODE":"122180420","PREF":"12","CITY":"218","CITY_NAME":"勝浦市","S_NAME":"中倉","SETAI":"48"}},{"type":"Feature","geometry":{"type":"Polygon","coordinates":[[[140.27519368900818,35.22206528314958],[140.2730461149615,35.22124294115707],[140.27165327133662,35.22169430915875],[140.2707391476848,35.22129868548716],[140.269126064908,35.22093058913705],[140.26838093028422,35.221431886765984],[140.26628799122065,35.22185071284631],[140.26447947013898,35.22248609428151],[140.26320146668073,35.22240918681937],[140.26047179293857,35.22283913090876],[140.25927397893167,35.22342346191123],[140.25876518932006,35.22295581598445],[140.25849788027327,35.22267245886324],[140.2580990051705,35.2225032305072],[140.2568616334679,35.222753162135994],[140.2555242865519,35.22234489558797],[140.25469935985032,35.22268652877977],[140.25322452901156,35.22133664913996],[140.25248713541532,35.221094988099615],[140.25206206442587,35.2211675261866],[140.2509247706717,35.221361623974566],[140.2504873232338,35.22089502828262],[140.25078735273985,35.21899524195086],[140.25154977166815,35.21829535094565],[140.25096261090815,35.21771000432818],[140.250494082241,35.21643911437067],[140.24800834743394,35.214406137078136],[140.24626277532226,35.21493758439055],[140.24566283152822,35.213812721803365],[140.24592531136435,35.21261296105148],[140.2457128341031,35.21198800676131],[140.24578785835948,35.21074657730449],[140.24433054238423,35.209525668578856],[140.24418798008003,35.20680558663814],[140.24488790459762,35.2059223395421],[140.24408021249917,35.20464994830574],[140.24465869492607,35.20378902333523],[140.2456761401917,35.20362289915162],[140.24563311647057,35.202832149510805],[140.24417547427714,35.201051241458934],[140.2445274576939,35.19960526632526],[140.2457051489725,35.19832509081226],[140.24606262085928,35.19863786029068],[140.247182644081,35.19875770648424],[140.24762369434305,35.197924082267576],[140.24932130403283,35.19741812430054],[140.25098379483165,35.197958016515045],[140.25157672412917,35.19911380441648],[140.25212097786215,35.199655547427],[140.25274799003927,35.19956827929829],[140.25401454828568,35.19985846706758],[140.2546600241057,35.19942873674073],[140.2553191889154,35.199683729267754],[140.2552728580636,35.200505562064414],[140.25715568624358,35.20250743883395],[140.25878343718318,35.202186237755406],[140.25934247001044,35.20264494082956],[140.25911900357346,35.20474740419199],[140.2586965890426,35.20546320180122],[140.26001852245042,35.20596674948319],[140.2617599672436,35.20694246323893],[140.2626045262392,35.2062154445162],[140.2635769590192,35.20604577804329],[140.26578230671387,35.20669392911505],[140.2665169242244,35.20656938939642],[140.2669436093198,35.20711953724165],[140.26727657581094,35.20889508071633],[140.2677075568564,35.209386829748446],[140.26862701090576,35.21126721616117],[140.2690993859421,35.211029382928714],[140.26958100641892,35.21124101401775],[140.2701490366718,35.2116902856695],[140.2705216140873,35.21212752402206],[140.270624983237,35.21232074163034],[140.27156413819344,35.21265035162469],[140.27276091897323,35.21289273161171],[140.2733554916947,35.21309674754652],[140.27412934218228,35.21363538529946],[140.27542955710712,35.21435215140695],[140.27570687002483,35.21512521900895],[140.27681358959762,35.21533627292305],[140.27842732132407,35.21611480755691],[140.27909299417888,35.21560197757642],[140.2799223904979,35.21494092532833],[140.28114347778134,35.21491313017089],[140.28174274553206,35.21448489806815],[140.2826644096396,35.21385594513654],[140.28264476395927,35.21510681211778],[140.2823933634231,35.21591227337043],[140.28276321776593,35.21654040535194],[140.28164774329107,35.217540015920285],[140.28077426163102,35.21883068839367],[140.28060700736498,35.21971906906831],[140.27802066371368,35.22092792473572],[140.27698544822317,35.22173951591611],[140.27519368900818,35.22206528314958]],[[140.25654516119107,35.22109416680139],[140.25762287920975,35.22090825567213],[140.25720980050696,35.22068702995176],[140.25654516119107,35.22109416680139]],[[140.26247536495626,35.22101456918871],[140.26221469849503,35.220535911906325],[140.26135831258543,35.22081840430073],[140.26247536495626,35.22101456918871]]]},"properties":{"KEY_CODE":"122180430","PREF":"12","CITY":"218","CITY_NAME":"勝浦市","S_NAME":"杉戸","SETAI":"104"}},{"type":"Feature","geometry":{"type":"Polygon","coordinates":[[[140.25902378737513,35.23081697207836],[140.2570144621612,35.22933601433668],[140.2552204033287,35.23082969850713],[140.25486046860306,35.231398866570096],[140.25432342654415,35.23199400822437],[140.25333685523805,35.23281706828356],[140.25254894194268,35.233610551315834],[140.2523967617014,35.23356016563897],[140.25208331510837,35.233495483903276],[140.2518194874721,35.233465699659966],[140.25166871236053,35.23329657329879],[140.25199577936388,35.23271421711782],[140.25223042369055,35.23219415778395],[140.25226939941257,35.23208768050986],[140.2524019965577,35.2318023492868],[140.25257172859088,35.23167013324641],[140.25258580150367,35.23166106972006],[140.2526482522041,35.23162120186948],[140.25334148654824,35.231411447111086],[140.25365881325,35.231381461805405],[140.25414149059318,35.23124370974655],[140.25454641084585,35.23072572570075],[140.2550812257485,35.230050518105735],[140.25557673622174,35.22942763192631],[140.25571620587053,35.22920453000281],[140.2557985497886,35.2285587993035],[140.2557898344779,35.22793867357041],[140.2559354574403,35.227843511076586],[140.2564490904181,35.227755151664205],[140.25697294006108,35.227930843323485],[140.25797226023428,35.228278025092415],[140.2583894733785,35.2282314775125],[140.2590215754071,35.22789479564483],[140.25919700758604,35.22761740774672],[140.25918023631954,35.227356968677206],[140.25909102605013,35.22710397070261],[140.25897806535846,35.22671584172685],[140.25886903178773,35.22582381588477],[140.25920458534512,35.2252971239235],[140.25947970000206,35.224963537672885],[140.26014878470195,35.22439467439653],[140.26043542127337,35.22420548410258],[140.25927397893167,35.22342346191123],[140.26047179293857,35.22283913090876],[140.26320146668073,35.22240918681937],[140.26447947013898,35.22248609428151],[140.26628799122065,35.22185071284631],[140.26838093028422,35.221431886765984],[140.269126064908,35.22093058913705],[140.2707391476848,35.22129868548716],[140.27165327133662,35.22169430915875],[140.2730461149615,35.22124294115707],[140.27519368900818,35.22206528314958],[140.27396933399,35.223321425456035],[140.2723293684364,35.223055666042086],[140.26940948255339,35.225025410115116],[140.26941240329387,35.22556963441281],[140.26852097539782,35.22540384614649],[140.26737757255646,35.22592855065785],[140.26746261162612,35.226408252254934],[140.2667186926503,35.22657692370526],[140.26674918816948,35.22807078396153],[140.26751706017825,35.22846252866146],[140.26766876276184,35.22889755453539],[140.26847201273446,35.2289779615947],[140.26878701586426,35.23007170501513],[140.26939269471006,35.230831146060495],[140.2656365857064,35.23179888731448],[140.262482320627,35.23124700808207],[140.25902378737513,35.23081697207836]]]},"properties":{"KEY_CODE":"122180440","PREF":"12","CITY":"218","CITY_NAME":"勝浦市","S_NAME":"佐野","SETAI":"70"}},{"type":"Feature","geometry":{"type":"Polygon","coordinates":[[[140.2904098206549,35.237429930653995],[140.28837913260833,35.239786680447985],[140.28800626644704,35.24067218968867],[140.28783462948758,35.242024337434565],[140.2880724825111,35.24297521094992],[140.28730571462964,35.24355361310482],[140.28673742804486,35.24459859299431],[140.28578560359276,35.24418950277951],[140.28451616991046,35.2443598470724],[140.28528475706653,35.243447504327136],[140.28445917216405,35.242300801165065],[140.2840059437478,35.24221700840088],[140.28294328102857,35.2427521272843],[140.2825885462452,35.2424878862304],[140.28138135427,35.242726414745604],[140.28114717319676,35.242638976604034],[140.28054625144486,35.2414845053425],[140.2785465072617,35.2405929048894],[140.2783840282366,35.239692997607676],[140.27778410074936,35.23939302998154],[140.27515936905627,35.23924306435355],[140.2741719788188,35.239534725971765],[140.27328460631196,35.237443291789624],[140.27142237245738,35.23530181691145],[140.27068493309682,35.234901888442266],[140.27054749550234,35.23424364258056],[140.2693350889394,35.23409360756777],[140.26716930415301,35.23405496498812],[140.26634585740976,35.2337367297846],[140.2656479596724,35.23427693076622],[140.2644980640216,35.23452691183299],[140.26357316177143,35.23439360438517],[140.26304785990212,35.233726102196364],[140.26177247825538,35.23343839525781],[140.26041055785595,35.233823111077925],[140.25985659316035,35.23448431927045],[140.25825820724612,35.23447315758102],[140.25752614247116,35.2348598441255],[140.25628250849073,35.23498388755915],[140.25578274919863,35.2346212035307],[140.25463840565422,35.2348739687817],[140.25445323281022,35.23416326102939],[140.2536547689001,35.234161414283385],[140.25254894194268,35.233610551315834],[140.25333685523805,35.23281706828356],[140.25432342654415,35.23199400822437],[140.25486046860306,35.231398866570096],[140.2552204033287,35.23082969850713],[140.2570144621612,35.229336014336674],[140.25902378737513,35.23081697207836],[140.26248232062696,35.23124700808207],[140.26563658570637,35.2317988873145],[140.26939269471006,35.230831146060495],[140.26878701586426,35.23007170501513],[140.26847201273446,35.2289779615947],[140.26766876276184,35.22889755453539],[140.26751706017825,35.22846252866146],[140.26674918816948,35.22807078396153],[140.2667186926503,35.22657692370526],[140.26746261162612,35.226408252254934],[140.26737757255646,35.22592855065785],[140.26852097539782,35.22540384614649],[140.26941240329387,35.22556963441281],[140.26940948255339,35.225025410115116],[140.2723293684364,35.223055666042086],[140.27396933399,35.223321425456035],[140.27519368900818,35.22206528314958],[140.27698544822317,35.22173951591611],[140.27802066371368,35.22092792473572],[140.28060700736498,35.21971906906831],[140.28155052573027,35.222148628624254],[140.281675470504,35.22380474461393],[140.2810200908105,35.22428677700556],[140.2812130141194,35.22488585808814],[140.28092362110056,35.22586047740137],[140.28107269801623,35.22660866915758],[140.28221929755688,35.22736102536241],[140.28307543992656,35.228889333782575],[140.2835730234218,35.22926254749721],[140.2848710483584,35.229438033459914],[140.28501111882323,35.230558655790375],[140.28595119275818,35.23112231434572],[140.28648896050862,35.23184030249019],[140.28716452758596,35.23211085927588],[140.28814177936698,35.23134398162233],[140.28866026633122,35.2320176666681],[140.28862921266864,35.233545137627836],[140.28920547250806,35.233505558535754],[140.28997730727883,35.23291768996726],[140.291396523305,35.232776090765164],[140.2921205775557,35.23294960241726],[140.29188521224512,35.23394939288969],[140.29137163179544,35.23413029690567],[140.29054280139502,35.235884258760976],[140.2904098206549,35.237429930653995]]]},"properties":{"KEY_CODE":"122180450","PREF":"12","CITY":"218","CITY_NAME":"勝浦市","S_NAME":"市野郷","SETAI":"51"}},{"type":"Feature","geometry":{"type":"Polygon","coordinates":[[[140.2967876505301,35.23765312215431],[140.29586017370272,35.23853177191636],[140.2947660155492,35.23898562883775],[140.292770143413,35.23865143997507],[140.29101882218416,35.24002503856715],[140.2908846865174,35.23818263968691],[140.2904098206549,35.237429930653995],[140.29054280139502,35.235884258760976],[140.29137163179544,35.23413029690567],[140.29188521224512,35.23394939288969],[140.2921205775557,35.23294960241726],[140.291396523305,35.232776090765164],[140.28997730727883,35.23291768996726],[140.28920547250806,35.233505558535754],[140.28862921266864,35.233545137627836],[140.28866026633122,35.2320176666681],[140.28814177936698,35.23134398162233],[140.28716452758596,35.23211085927588],[140.28648896050862,35.23184030249019],[140.28595119275818,35.23112231434572],[140.28501111882323,35.230558655790375],[140.2848710483584,35.229438033459914],[140.2835730234218,35.22926254749721],[140.28307543992656,35.228889333782575],[140.28221929755688,35.22736102536241],[140.28107269801623,35.22660866915758],[140.28092362110056,35.22586047740137],[140.2812130141194,35.22488585808814],[140.2810200908105,35.22428677700556],[140.281675470504,35.22380474461393],[140.28155052573027,35.222148628624254],[140.28060700736498,35.21971906906831],[140.28077426163102,35.21883068839367],[140.28164774329107,35.217540015920285],[140.28276321776593,35.21654040535194],[140.2823933634231,35.21591227337043],[140.28264476395927,35.21510681211778],[140.2826644096396,35.21385594513654],[140.2835989166519,35.21360398317401],[140.28398888949974,35.21339547101665],[140.28435514507396,35.21313599193857],[140.2853097012176,35.212811846346945],[140.28750567991116,35.21290063426835],[140.28800472348362,35.2129535425314],[140.28824827021634,35.211908733743826],[140.28867904980376,35.2117088633752],[140.2903233918413,35.211538205431694],[140.29041642837774,35.210719638788035],[140.29141726659523,35.21153715212123],[140.291897516846,35.21144680727292],[140.2924142204442,35.211444840291676],[140.29285919440463,35.211481101909854],[140.29314065368683,35.21147685847247],[140.29390974941205,35.21192624560782],[140.29604542394944,35.21214152015314],[140.29769528964835,35.211825939291245],[140.2975713439155,35.21107262277399],[140.29954548592025,35.210810341855264],[140.29983815458348,35.21063040572249],[140.30125366764776,35.211155182762525],[140.3025604013146,35.211201006147235],[140.30335026744302,35.21191447291907],[140.30360349268045,35.21172474862729],[140.3040863110031,35.21248287013491],[140.30575383510595,35.21337296629285],[140.3075938804303,35.213481222578466],[140.30816522654678,35.21383911559968],[140.30884037332382,35.214723785480984],[140.30869568500668,35.2156047907408],[140.3103257003158,35.216283926108794],[140.31047336167856,35.21641869622081],[140.31066531674637,35.21650554333481],[140.3113857718816,35.21704016276178],[140.3111878283714,35.217349260743],[140.3114739879356,35.21802010616184],[140.31228633365026,35.21736110251612],[140.31270704291433,35.21739323514199],[140.31351062652695,35.2178118765095],[140.31323047599912,35.21800390737002],[140.31317749772796,35.21846116495739],[140.31321376061464,35.21853447272259],[140.31307251337458,35.2188818684052],[140.31305928310184,35.21906706428131],[140.31310737008195,35.21932553706521],[140.3130930105179,35.219487075214424],[140.31175565271502,35.2196703458752],[140.3108557981718,35.22006201468393],[140.3103396586075,35.22057089421473],[140.31030630446503,35.22059011141853],[140.31019706298835,35.2206923756326],[140.3101368930601,35.22092339045526],[140.31008164330748,35.221049807607265],[140.31005456514703,35.22111484502266],[140.3099327944727,35.221705756098395],[140.30981870294076,35.22172782749911],[140.30947983960638,35.22182740609682],[140.30923096995252,35.22188592445821],[140.30889100816813,35.222002832893004],[140.30854868217193,35.22206812934813],[140.30831369310735,35.22207898711198],[140.30795659084566,35.222251665508864],[140.30752901698986,35.22258328394551],[140.30722063174454,35.222817952693745],[140.30709611799952,35.2229365423924],[140.306972781356,35.22307315682957],[140.3068756235527,35.223364669553646],[140.30686522956083,35.223465697634],[140.30684492081468,35.22374972476196],[140.3068817909691,35.224045217205315],[140.3068762598676,35.22422193076189],[140.306916974967,35.224426420995385],[140.30693954521584,35.224529080487194],[140.3069574613943,35.22477506936895],[140.30693586637912,35.22483916867316],[140.30683168354645,35.22505232824742],[140.30677122685105,35.22523644103616],[140.30669306283156,35.22558471105928],[140.30664300692402,35.22566152858281],[140.3062447490399,35.22574872902179],[140.30596621533428,35.22586623251832],[140.3056442692705,35.22600799166449],[140.3053252423209,35.22630488072187],[140.30510290682165,35.22642026095428],[140.30497320184324,35.2264081630013],[140.3048849073544,35.22633724051073],[140.30482952638033,35.226259076794584],[140.30477543483434,35.22621062557799],[140.30448969600707,35.22618920909241],[140.3042197061108,35.22623442183269],[140.3040571887048,35.22624674790481],[140.3038152497975,35.226385652913336],[140.30364684537392,35.226522369205256],[140.3034871246111,35.22663207972305],[140.30330958973096,35.22670397070564],[140.3031369336228,35.226677602267],[140.30311043597274,35.22665157916997],[140.30283333575144,35.22660308247084],[140.30271691395262,35.226609874727416],[140.30232059911847,35.22646360054543],[140.3021940736649,35.22642979790391],[140.30191260393286,35.22638223105983],[140.30176187203892,35.2263476771328],[140.30168376982175,35.226324529565325],[140.3014020429034,35.226239990772186],[140.30133828027706,35.22623305556929],[140.30120572225047,35.22629124835877],[140.30111499133366,35.22636998181477],[140.301026953324,35.22653624162275],[140.30099925141278,35.22668057648232],[140.3009346523958,35.2269079436442],[140.30084441508083,35.227072380851226],[140.30077891564622,35.22714383284051],[140.3006355188836,35.22723544782649],[140.3003351642104,35.22734386816208],[140.3001592162485,35.227505891499824],[140.29997880571977,35.227839200581315],[140.29975242354902,35.22820790040696],[140.2997392688077,35.22840534830835],[140.2997671462758,35.22847735425475],[140.29975703985636,35.22901106522261],[140.2995324536846,35.229312998128385],[140.29921242424854,35.22944219743547],[140.29907123259383,35.229530210554735],[140.29898265206018,35.22960358355098],[140.29838159455377,35.229577034811086],[140.29813734406264,35.229706009440996],[140.2978458997069,35.23003164859961],[140.29747739412062,35.23014215721493],[140.29680591963617,35.230094252951446],[140.29564466321645,35.229894986257904],[140.29456451707853,35.230005334401994],[140.29395029454273,35.23032255449718],[140.2939254222077,35.23080977169007],[140.29628078439876,35.2327573852706],[140.2967239548408,35.23328921004605],[140.29697369073673,35.23420094109041],[140.2970642885792,35.23579386185934],[140.2967876505301,35.23765312215431]]]},"properties":{"KEY_CODE":"122180460","PREF":"12","CITY":"218","CITY_NAME":"勝浦市","S_NAME":"市野川","SETAI":"88"}},{"type":"Feature","geometry":{"type":"Polygon","coordinates":[[[140.3154176892184,35.217770679444584],[140.31424284249206,35.21762064826275],[140.31351062652695,35.217811876509515],[140.31270704291433,35.21739323514199],[140.31228633365026,35.21736110251611],[140.3114739879356,35.21802010616184],[140.3111878283714,35.217349260743],[140.3113857718816,35.21704016276179],[140.31066531674637,35.21650554333481],[140.31047336167856,35.21641869622081],[140.3103257003158,35.216283926108794],[140.30869568500668,35.21560479074077],[140.3088403733238,35.214723785480984],[140.30816522654678,35.21383911559968],[140.30853664522243,35.21237840378194],[140.30855751960755,35.21232374368003],[140.3085390648141,35.21227163165354],[140.30842609594953,35.21224165480538],[140.3081669564109,35.21219669173313],[140.3078892367143,35.211953769987005],[140.30743462368994,35.21149048736881],[140.3068859457057,35.21086180014506],[140.30741726995518,35.210339353006816],[140.30830396760172,35.209492609030754],[140.30853846656163,35.2093608354314],[140.30856651604944,35.20934509003884],[140.3087417585299,35.209284748514904],[140.30909922406448,35.2093156579134],[140.30937498016792,35.20935675262258],[140.31023981521741,35.209594472122916],[140.3105978231772,35.20965869380767],[140.31092949804673,35.21084239075162],[140.31129068963787,35.2118426598055],[140.31153061552587,35.21183783688201],[140.3120663511547,35.21171606538638],[140.31227948107284,35.21155500848088],[140.31267089163205,35.211296764175465],[140.31281668998614,35.21128463623853],[140.3129722006105,35.211326413986306],[140.31312890173444,35.21156128552023],[140.3133098276923,35.211923387076084],[140.3141053075838,35.21196268808857],[140.31439685688213,35.211930681872914],[140.31475542796204,35.21208749427071],[140.3151680443785,35.21223444195026],[140.31524817156804,35.212253418231164],[140.31558667064363,35.21220960250195],[140.31581261866287,35.2122203194074],[140.3159220139393,35.21241284188886],[140.31605521744007,35.212655481353174],[140.31623842357283,35.21280052434953],[140.31629545962303,35.21289677655415],[140.31605247027443,35.2131795111542],[140.31596547215383,35.21338929684209],[140.31595225538916,35.21353984453002],[140.31613072086182,35.213874979168374],[140.31616659509538,35.2139694140197],[140.3161762083302,35.21400599561792],[140.3161649967066,35.21409681589579],[140.31606921437998,35.2148045284777],[140.3169908338642,35.215074856680594],[140.31729754823908,35.215216444958166],[140.3177562687658,35.21559291832486],[140.31754241200227,35.215804270345465],[140.31724242921365,35.21612089829445],[140.31560516383954,35.217320701091474],[140.3154176892184,35.217770679444584]]]},"properties":{"KEY_CODE":"122180470","PREF":"12","CITY":"218","CITY_NAME":"勝浦市","S_NAME":"花里","SETAI":"21"}},{"type":"Feature","geometry":{"type":"Polygon","coordinates":[[[140.22825386580539,35.13974482405466],[140.22802133437918,35.13991684737209],[140.22795239279736,35.139974034628395],[140.2278679699281,35.14002229642001],[140.2277057606587,35.14009482509607],[140.2276359513869,35.14013479437274],[140.22758895525493,35.14016410177418],[140.2275147739847,35.1402103655808],[140.22739815573053,35.140301957771264],[140.2272893533716,35.140390053158015],[140.22715066409214,35.140511479194394],[140.22691353803995,35.14072468802355],[140.22676351510594,35.14085954627453],[140.22663956571347,35.14096798647695],[140.22652872410669,35.14106226393616],[140.2264169455766,35.1411566136448],[140.22631217430154,35.14124505069469],[140.22628217186247,35.1412703764701],[140.226136925118,35.1414159768354],[140.2259980204187,35.14162635838858],[140.2259244128653,35.14176885281909],[140.22588442564688,35.141848576787005],[140.22588207030043,35.14185251713252],[140.22491855042185,35.13984007001626],[140.22309306810857,35.13966275914277],[140.22302474493213,35.138852416931435],[140.22273086534062,35.13842541224893],[140.22220571198199,35.138020915456984],[140.22257655880912,35.136865209466244],[140.2220525079876,35.136286129772294],[140.22180576901914,35.136229884716364],[140.22141159443603,35.134834111686956],[140.22251066220062,35.13381490945429],[140.2230447555942,35.13264971614105],[140.22421811139367,35.1315720157571],[140.22505586327537,35.13153083123598],[140.22563245829448,35.13109070242905],[140.22602300019904,35.13114097540717],[140.22643549160108,35.131360611754744],[140.2266373072267,35.13102853865949],[140.22650769175334,35.130930863256324],[140.22622316535941,35.130857499537676],[140.22593339213552,35.13070070011949],[140.2258163972401,35.130544671672],[140.22583827121701,35.130388190316125],[140.2260775372397,35.12978817476582],[140.2261318631384,35.12966869843946],[140.22650459020042,35.12895289110986],[140.22766941046405,35.129040403800474],[140.22927200165702,35.12931963240631],[140.22973351043933,35.12924627454797],[140.2300539696062,35.12918260723829],[140.23057555678753,35.12913306279661],[140.23087480806913,35.12913277501567],[140.2311317532031,35.129184106129365],[140.23188349069562,35.12908886164826],[140.23248348832217,35.12914778261944],[140.23321936821483,35.12924476778259],[140.2338425314479,35.12948234102938],[140.2340988661521,35.12955712044379],[140.2345406083835,35.12968463922896],[140.2367405127321,35.12878420864646],[140.23824361646444,35.12864144853523],[140.23838050829838,35.128114494334035],[140.23971059464984,35.129342898646264],[140.24060495030315,35.13094180132776],[140.24115792736995,35.13377266982431],[140.24178012888575,35.13480754853554],[140.2382282019568,35.13571498162594],[140.23461870468518,35.13694806562294],[140.2333018725328,35.13743704319193],[140.23307293448858,35.137590324284],[140.23278440643378,35.13773522988411],[140.23265963783578,35.13779916297215],[140.23234610683525,35.137956760577076],[140.23196645560688,35.1381688321286],[140.23190219343064,35.13820510904463],[140.23172705805115,35.138284542607856],[140.23169030226072,35.138299500032225],[140.2316292355449,35.13832285066666],[140.2313373094442,35.138431926272204],[140.2306403574381,35.13872433811945],[140.23041594074667,35.13878693279205],[140.23034050846414,35.13880529485921],[140.23028268360102,35.138822524265095],[140.22986253918816,35.13894289988274],[140.22969956491735,35.13901808497954],[140.22942059073267,35.13912919018119],[140.22936727814013,35.139144716840626],[140.22923602275262,35.13918293801551],[140.22918324616012,35.13920757600598],[140.22905844582766,35.13927819343534],[140.22897889041244,35.13933612221958],[140.2288488342869,35.13944471963516],[140.228829851518,35.13945819322387],[140.22875617511065,35.13951049121202],[140.2286594334095,35.13956854663953],[140.22846524723468,35.13965430941651],[140.22825386580539,35.13974482405466]]]},"properties":{"KEY_CODE":"122180480","PREF":"12","CITY":"218","CITY_NAME":"勝浦市","S_NAME":"興津久保山台","SETAI":"314"}}]}