{"type":"FeatureCollection","features":[{"type":"Feature","geometry":{"type":"Polygon","coordinates":[[[139.0380176639289,35.63428594996121],[139.03565421388112,35.63467864864919],[139.03357915885854,35.633781131485364],[139.03157947296427,35.63375305055593],[139.029433740214,35.63484046891947],[139.02843607738833,35.634239175720225],[139.02647033688254,35.633997221275735],[139.02413185339384,35.63500250494256],[139.0224533242395,35.63529100820333],[139.02080458504122,35.633550516514106],[139.02116759462584,35.63250250655529],[139.02150203946104,35.63164481033675],[139.021941391607,35.630297518979184],[139.02427344894585,35.62722163362819],[139.02568893257234,35.624833868706105],[139.02603445541226,35.62345647666848],[139.02701419643745,35.622430491235264],[139.02650865696745,35.620415063703696],[139.02473852001373,35.62039338202489],[139.02819565552963,35.618239087737145],[139.03092719646793,35.61778685652775],[139.0331098128508,35.618390997945816],[139.03188318254595,35.61978554787786],[139.03312079513395,35.62070299636345],[139.0332826862264,35.62170584228911],[139.03264418944062,35.622521483694264],[139.03408123680342,35.62230202310605],[139.03463355252057,35.62144591632417],[139.03638112093535,35.621092243429004],[139.03594131850735,35.622975153555124],[139.03822902479902,35.62433708663043],[139.03872572562088,35.62284098758776],[139.04072769327195,35.62130921338299],[139.04229576896296,35.62369664265772],[139.0400609185826,35.625058447817366],[139.04019698379108,35.62576755864327],[139.03932055028764,35.627094186544966],[139.0408295321911,35.62828461929541],[139.04008744627015,35.62881726947004],[139.0390075189241,35.63052867703403],[139.0380176639289,35.63428594996121]]]},"properties":{"KEY_CODE":"192120010","PREF":"19","CITY":"212","CITY_NAME":"上野原市","S_NAME":"犬目","SETAI":"65"}},{"type":"Feature","geometry":{"type":"Polygon","coordinates":[[[139.05794980888848,35.62905550645749],[139.05563451995812,35.62941999846863],[139.0515539537537,35.62975416082357],[139.04993922246442,35.63037108791805],[139.04823619731218,35.63297123147567],[139.04816925165142,35.634630139075995],[139.04494176611317,35.63588756279501],[139.04080944423848,35.636690724025605],[139.03899876542943,35.63609651927941],[139.0380176639289,35.63428594996121],[139.0390075189241,35.63052867703403],[139.04008744627015,35.62881726947004],[139.0408295321911,35.62828461929541],[139.03932055028764,35.627094186544966],[139.04019698379108,35.62576755864327],[139.0400609185826,35.625058447817366],[139.04229576896296,35.62369664265772],[139.04072769327195,35.62130921338299],[139.03872572562088,35.62284098758776],[139.03822902479902,35.62433708663043],[139.03594131850735,35.622975153555124],[139.03638112093535,35.621092243429004],[139.03463355252057,35.62144591632417],[139.03408123680342,35.62230202310605],[139.03264418944062,35.622521483694264],[139.0332826862264,35.62170584228911],[139.03312079513395,35.62070299636345],[139.03188318254595,35.61978554787786],[139.0331098128508,35.618390997945816],[139.03092719646793,35.61778685652775],[139.02819565552963,35.618239087737145],[139.02473852001373,35.62039338202489],[139.02650865696745,35.620415063703696],[139.02701419643745,35.622430491235264],[139.02603445541226,35.62345647666848],[139.02568893257234,35.624833868706105],[139.02427344894585,35.62722163362819],[139.021941391607,35.630297518979184],[139.02150203946104,35.63164481033675],[139.0208608873457,35.63016671912161],[139.02157143357485,35.628242962652116],[139.02246909105878,35.626908714827366],[139.02225259199275,35.62587944933767],[139.02298342151065,35.625038965355145],[139.02281867112185,35.62381928463433],[139.0233768829437,35.62308770474568],[139.0224312691173,35.622485231713334],[139.02349546165138,35.620970896929634],[139.02342150130337,35.61878732124231],[139.02425899270094,35.618230266615996],[139.02425346578377,35.617388470681064],[139.02503374719538,35.6166389655121],[139.02623554450096,35.61698229140044],[139.02762106336377,35.615866551183615],[139.03111053957733,35.61607967902277],[139.03296409708483,35.61554304738156],[139.03500066546508,35.6140826892578],[139.0366608685222,35.613428106880974],[139.03800669175087,35.61346894063822],[139.03902185414927,35.61275591785373],[139.0412837444392,35.61327392998739],[139.04213199527132,35.61269866389651],[139.04480869202484,35.61198538855028],[139.04490141405267,35.6120389422386],[139.04521946487696,35.61222498368953],[139.04536659498214,35.6122711769884],[139.04617483898767,35.61246759025368],[139.04642809086437,35.612540339892874],[139.04692580716477,35.61268679507891],[139.0472730847504,35.6127825703335],[139.0480937875308,35.613028504968206],[139.04837147640023,35.61312459365162],[139.04875992824984,35.61326975122405],[139.0489250285057,35.61336452109866],[139.04927047049435,35.613512583527054],[139.05024582235706,35.61377311496298],[139.0515604922645,35.614417903162426],[139.05197498971472,35.61466204406727],[139.0522908219296,35.614841780715565],[139.0526307693971,35.614991655071705],[139.0529877241815,35.61505670285758],[139.05329366990938,35.61507783199897],[139.053542170132,35.61509742863426],[139.05379363527757,35.615227884205645],[139.05405742827963,35.61538257610315],[139.05418271583912,35.615467627756026],[139.05452623239918,35.615658955863225],[139.05523767024005,35.61605315252064],[139.05559412909358,35.616201146384896],[139.0559040184529,35.61631780806597],[139.05602905915143,35.61636046757127],[139.056364152567,35.61645539302165],[139.05672673565425,35.61652850191816],[139.05734454761384,35.61663292670667],[139.05753573805373,35.6166698917431],[139.05790358526582,35.6167060387157],[139.05818618367257,35.616704729998574],[139.05854246833016,35.61682655701229],[139.05875290604115,35.616927440023105],[139.05911381252022,35.61692037961395],[139.0597471127895,35.6167783333821],[139.06083027024317,35.61632759720533],[139.06108806405456,35.61624492560575],[139.061582094938,35.61635765559278],[139.0616820457628,35.61637634417147],[139.06231985064582,35.61668131195929],[139.06272647400516,35.61647333916186],[139.06296639472362,35.61635719463933],[139.06300144502737,35.616325870882996],[139.06313829488835,35.616164715881915],[139.06322947856782,35.615978563788524],[139.06356596232368,35.61581644164018],[139.06362308676717,35.61558851577306],[139.0637796158382,35.61530741717085],[139.06423947563707,35.61557063722627],[139.0642910108886,35.61567584651757],[139.0647586015802,35.615615988246454],[139.0648942006819,35.61559010921987],[139.0650245545377,35.61560301938708],[139.06521850254407,35.61571298378866],[139.0652698796567,35.615795659755534],[139.06524829651738,35.616024688374],[139.06583360188168,35.61677101086172],[139.06946088404223,35.617805705124155],[139.06963973630482,35.619575501227644],[139.07068446354378,35.62031832808624],[139.0719540116611,35.62019285296549],[139.0734295107092,35.62080527031376],[139.0747585654766,35.62152173979948],[139.07770234127392,35.62425663086647],[139.07727220687073,35.62476693452105],[139.0756899076863,35.62848787835318],[139.07310279338463,35.63072338101226],[139.0728592817682,35.630973644206584],[139.07128823291225,35.63045172346796],[139.06839102267588,35.63012593793729],[139.06737498540522,35.63014834142563],[139.06678761590277,35.62957272061254],[139.06643681487412,35.627720071453936],[139.06599217420043,35.62776658626605],[139.0656447191595,35.62791397511039],[139.06494259072824,35.62738236885037],[139.06256782032474,35.62858541531333],[139.06136901065753,35.628850429648715],[139.05932351315568,35.63000552130201],[139.05907198826546,35.62996088223286],[139.0585919278968,35.629538890622534],[139.05794980888848,35.62905550645749]]]},"properties":{"KEY_CODE":"192120020","PREF":"19","CITY":"212","CITY_NAME":"上野原市","S_NAME":"大野","SETAI":"243"}},{"type":"Feature","geometry":{"type":"Polygon","coordinates":[[[139.03847797695803,35.66457948121849],[139.0363649410573,35.66538390527054],[139.030783021445,35.66525001191591],[139.029120277132,35.665016684527764],[139.0263711059185,35.665172957490086],[139.02499418739458,35.66556566731505],[139.02453672227472,35.66637886209637],[139.0215253942477,35.66783407545582],[139.02015098879897,35.66694887225826],[139.0208131326418,35.66484161415412],[139.0224055781225,35.66261497098132],[139.02223493355595,35.66175053935975],[139.02379618077845,35.65836866331328],[139.02411481131261,35.65632059269735],[139.02525763019702,35.654172732606675],[139.0253258935314,35.652176402214],[139.02492895631875,35.651108465395474],[139.022744907906,35.65030871182693],[139.0228464422374,35.64906730706719],[139.02147160517526,35.646692574563545],[139.01874693624725,35.64473448163033],[139.01798454589445,35.64317633784517],[139.0181345552023,35.642476446815444],[139.01743274948495,35.64119040737707],[139.0160598210369,35.64019334667783],[139.01490530745784,35.63790474857932],[139.01388755657806,35.63709583806253],[139.01654773218124,35.63479913177174],[139.01847254175038,35.634694397158626],[139.01973933603327,35.63425092264229],[139.02116759462584,35.63250250655529],[139.02080458504122,35.633550516514106],[139.0224533242395,35.63529100820333],[139.02413185339384,35.63500250494256],[139.02647033688254,35.633997221275735],[139.02843607738833,35.634239175720225],[139.029433740214,35.63484046891947],[139.03157947296427,35.63375305055593],[139.03357915885854,35.633781131485364],[139.03565421388112,35.63467864864919],[139.0380176639289,35.63428594996121],[139.03899876542943,35.63609651927941],[139.04080944423848,35.636690724025605],[139.04494176611317,35.63588756279501],[139.04816925165142,35.634630139075995],[139.04823619731218,35.63297123147567],[139.04993922246442,35.63037108791805],[139.0515539537537,35.62975416082357],[139.05563451995812,35.62941999846863],[139.05794980888848,35.62905550645749],[139.0585919278968,35.629538890622534],[139.05907198826546,35.62996088223286],[139.05932351315568,35.63000552130201],[139.06136901065753,35.628850429648715],[139.06256782032474,35.62858541531333],[139.06494259072824,35.62738236885037],[139.0656447191595,35.62791397511039],[139.06599217420043,35.62776658626605],[139.06643681487412,35.627720071453936],[139.06678761590277,35.62957272061254],[139.06737498540522,35.63014834142563],[139.06839102267588,35.63012593793729],[139.07128823291225,35.63045172346796],[139.0728592817682,35.630973644206584],[139.07468183873138,35.6316662871674],[139.07495468428817,35.63219730874706],[139.0759104775947,35.63755222655772],[139.07583214275206,35.637682621683254],[139.0750986621552,35.63825215565357],[139.07419180613851,35.63789233863699],[139.0706109395346,35.63802647506993],[139.06914232862252,35.63739522720642],[139.06796654286316,35.63741335795013],[139.06638040782616,35.63655371279242],[139.06467340400192,35.63685995058173],[139.06269180487052,35.63675375600544],[139.06197242469253,35.63541503186638],[139.0602583600534,35.63582043602087],[139.05882483520116,35.63513304011951],[139.05706774272522,35.63554226143464],[139.05707413268857,35.635035664607926],[139.0549748389915,35.63513998982418],[139.05410436630234,35.635558601491496],[139.05322220769804,35.63492543045807],[139.0518250408597,35.63581424855964],[139.05116782048506,35.63513764139892],[139.05011673423388,35.63562377039878],[139.04955138641094,35.636809189122204],[139.0480740433912,35.63802393367346],[139.04996487377863,35.63724119992129],[139.0513432244009,35.6382507705308],[139.05254975854646,35.64242669441125],[139.05269245269608,35.64362515991931],[139.0521698554841,35.645556139852296],[139.05345111897802,35.64635664739501],[139.05310200394365,35.647545070170494],[139.0518540471698,35.64929648997256],[139.05154886048948,35.652053868819806],[139.04910594103077,35.65288804062918],[139.04895174835826,35.65293602888363],[139.04762578098274,35.65298410951106],[139.04615352840582,35.65376554495996],[139.04106182438565,35.652974522133555],[139.0416930240982,35.653959126205315],[139.04122076982492,35.65600187747735],[139.04027129112393,35.65730260584473],[139.03997821554245,35.6577078007651],[139.0397425337523,35.6580012318748],[139.03959150140628,35.65881906265738],[139.03949870417108,35.660721508696845],[139.03911572363538,35.662114390090146],[139.0388657150017,35.66308808905741],[139.03858786524512,35.66440660611559],[139.03847797695803,35.66457948121849]]]},"properties":{"KEY_CODE":"192120030","PREF":"19","CITY":"212","CITY_NAME":"上野原市","S_NAME":"野田尻","SETAI":"143"}},{"type":"Feature","geometry":{"type":"Polygon","coordinates":[[[139.06638826682382,35.66592431263201],[139.06629347240462,35.665954509402034],[139.06590650152108,35.66605276331592],[139.06578741712235,35.66608307366341],[139.06549950023515,35.666137590198375],[139.06527006742434,35.66618285255037],[139.06515547779924,35.66622032441266],[139.06504107823082,35.666284869942146],[139.06490240845494,35.66635854366613],[139.06476563243552,35.666382597702885],[139.0641393699903,35.666389155779676],[139.0633007599973,35.666348887551976],[139.0624772988415,35.66626622260021],[139.06229019376127,35.66620128872977],[139.06201448300268,35.66610793178865],[139.06179394105786,35.66599988151268],[139.06165176718983,35.66588787457602],[139.06156306656555,35.665839628633385],[139.06140574431203,35.66577004846039],[139.06133275402738,35.66575957899155],[139.06128969667188,35.665759779375286],[139.0609255350375,35.665807421948784],[139.06083389124063,35.66581326977207],[139.06067134348126,35.66578607002178],[139.06013892944557,35.66562630024525],[139.05972260921345,35.66547683378076],[139.05953031294476,35.66546508537734],[139.05934251188177,35.66546056999754],[139.0588855183636,35.665496912514065],[139.0587302291474,35.665563437559754],[139.0585284480973,35.66561394694141],[139.05804184261132,35.66567929496047],[139.0578522148092,35.66572795130215],[139.0577794656395,35.6657517377199],[139.05769911829424,35.665793550005446],[139.05763892435846,35.66587315459622],[139.05756074119233,35.66606459612126],[139.05745069504889,35.66612281330691],[139.05742746423144,35.66612020906555],[139.05717279518962,35.66602945578979],[139.05702245634848,35.6660076166334],[139.05695294700564,35.66601962719074],[139.05682851414585,35.66607519807166],[139.05667135456193,35.66618950903692],[139.0565431471823,35.666335197228676],[139.05650381331645,35.66639308711691],[139.05639021012635,35.66657926865904],[139.05635744509095,35.66663262141644],[139.0562884358449,35.66671673759597],[139.0561146694697,35.666819398743435],[139.05585007423633,35.66689001673808],[139.05551226521823,35.666917733618135],[139.0552770248876,35.6669224086699],[139.05503291592885,35.66691723032418],[139.05498089491408,35.66690666060386],[139.0548754314983,35.66682961551868],[139.05485752408376,35.666791848108154],[139.05481159789386,35.66670192406114],[139.05477279118736,35.666680484777864],[139.05367304967413,35.666572871086686],[139.05339750302358,35.66649480943823],[139.05314078601728,35.66642567485383],[139.05288966006665,35.66637274549646],[139.0526750230116,35.66631785267689],[139.0524012362059,35.66617577148306],[139.05232712673165,35.66615899881316],[139.05207733564882,35.66613669414632],[139.05189721580922,35.666125829361484],[139.05169177836336,35.666122262831635],[139.0514455081777,35.66612877594978],[139.05115401104572,35.66614634030329],[139.05100170886203,35.666158761108406],[139.05057226300454,35.66619315120625],[139.05036999838435,35.6661742513899],[139.0501741488623,35.666121979411905],[139.04980568661256,35.66602722285365],[139.04955917585895,35.66599229254362],[139.04928936606146,35.6659511302221],[139.04883406552085,35.66591447357296],[139.04868814116347,35.66589439898896],[139.04858856533733,35.665869607117706],[139.04828525797458,35.66577542960117],[139.04808052907035,35.6657177723355],[139.04785479651267,35.66565482259953],[139.04705717393196,35.665142876403905],[139.04699372818772,35.66507644224629],[139.04683323741983,35.664862641038496],[139.046538985753,35.664470092615375],[139.0464023898863,35.66436255065784],[139.04629494596287,35.66431617535892],[139.04614218980885,35.66426821065506],[139.0459617421203,35.66420861107895],[139.04572269411256,35.664141213757446],[139.04545503058682,35.66408472090544],[139.04490948726885,35.663934878948375],[139.0448816303708,35.66389895100758],[139.0448625686119,35.66385576533088],[139.0448534237063,35.66381165448691],[139.04486297294721,35.66375031207196],[139.04487154724322,35.6637106282552],[139.0448700754965,35.66365922955328],[139.04463603656095,35.663516073224365],[139.0445310342386,35.663504859384844],[139.0444305740473,35.66350799021974],[139.0438912873432,35.66346536329254],[139.04361485647087,35.663419749577265],[139.04332605695154,35.663344439998546],[139.04326305703407,35.66333662659097],[139.04279777211153,35.66345410887107],[139.04267794848528,35.66353485552121],[139.04239828161332,35.66382634591176],[139.04234550984415,35.66386355347971],[139.0423168861405,35.663879914516095],[139.04223094387513,35.663911849431976],[139.042033441295,35.663938864479945],[139.0418567893999,35.663948674183644],[139.04089162167406,35.66396925104702],[139.04057705862488,35.66400129747894],[139.0401546275946,35.6640897395687],[139.03968440847683,35.66413600297273],[139.0395214023149,35.66420525112821],[139.03906352943156,35.66443802948676],[139.0389610308025,35.66447186700528],[139.03857289368995,35.6645664167129],[139.03847797695803,35.66457948121849],[139.03858786524512,35.66440660611559],[139.0388657150017,35.66308808905741],[139.03911572363538,35.662114390090146],[139.03949870417108,35.660721508696845],[139.03959150140628,35.65881906265738],[139.0397425337523,35.6580012318748],[139.03997821554245,35.6577078007651],[139.04027129112393,35.65730260584473],[139.04122076982492,35.65600187747737],[139.0416930240982,35.653959126205315],[139.04106182438565,35.65297452213355],[139.04615352840582,35.65376554495996],[139.04762578098274,35.65298410951106],[139.04895174835826,35.65293602888363],[139.04910594103077,35.65288804062918],[139.05154886048948,35.652053868819785],[139.05323162187918,35.652612187164706],[139.05376248863604,35.652581789311924],[139.0544845724367,35.65215099288178],[139.05589857044131,35.65065622220643],[139.05723860347442,35.64931922123423],[139.0582236835848,35.64861472449142],[139.0623592086574,35.647582890127445],[139.06533163372785,35.646555007102705],[139.06807626300025,35.64604227761681],[139.06988756170946,35.64566994305095],[139.07167784524736,35.645667506696896],[139.07282297233343,35.645454040866234],[139.07476774975206,35.646096946494346],[139.073665321948,35.64746620843389],[139.07411350663276,35.64824244813431],[139.07303417682607,35.649168364206226],[139.07337619663073,35.649967432112284],[139.07336360607206,35.65005853949193],[139.0733602082087,35.650204561262804],[139.07337844450157,35.65043790143524],[139.0733976482759,35.650649619497486],[139.07337379707607,35.650866964062395],[139.07308896626503,35.65134421920512],[139.07298278689487,35.65147449814962],[139.07292244399687,35.65152977948643],[139.07278167156153,35.65161244565018],[139.0725174062487,35.65172097764031],[139.07231588844493,35.651796714336086],[139.07216816860384,35.65183709311499],[139.07211997704633,35.651890485089766],[139.0721172224317,35.651969820975225],[139.07214332913594,35.65237528931492],[139.07214215289417,35.65267544005455],[139.0721100397945,35.652974822011174],[139.07211561100593,35.65313252583653],[139.07215067255387,35.6534027579099],[139.07215232318785,35.65348295527287],[139.07212574495864,35.653627294671395],[139.07152549711623,35.65524623199838],[139.0712398614568,35.65561441720222],[139.0711713071302,35.6557589543822],[139.071068392241,35.65603976888295],[139.0709886896196,35.65616362095354],[139.0708262958721,35.65631310768161],[139.07061949602107,35.65643037737592],[139.0704885756861,35.656498595128596],[139.07031019917733,35.65688789073472],[139.0702885419114,35.65709980698731],[139.07030166456462,35.657240367693916],[139.07040882639365,35.65755532991868],[139.0704965371199,35.657773948303785],[139.0705643087277,35.657985442372954],[139.070640784373,35.65833477142483],[139.07071039218422,35.65864631832731],[139.07066203783856,35.65890180777887],[139.0704323672198,35.65931011328679],[139.0703164642464,35.659627923947156],[139.07020463802817,35.65974291525731],[139.0700958328342,35.65997326984715],[139.0700714107135,35.660112211587524],[139.07003018383912,35.66036928722822],[139.06999179934078,35.660722785468195],[139.06994515314074,35.6611520567328],[139.06982238222113,35.66128149959865],[139.06976541631758,35.661345777090276],[139.06961992093196,35.66154384346183],[139.06950547232253,35.6617580320258],[139.06897973466624,35.66268978451393],[139.06871792923877,35.66299297183482],[139.06751279606118,35.665006865949984],[139.06740886530494,35.665147980378165],[139.06728393473009,35.66528465042616],[139.06714691314835,35.66543222214124],[139.06694577740737,35.665573793232795],[139.0667837506704,35.66562050200249],[139.06660572494735,35.66559521335296],[139.06649942727023,35.665554236414145],[139.06644102563226,35.665733901352674],[139.0663862083966,35.66579183065668],[139.0664695614047,35.66586446331063],[139.06638826682382,35.66592431263201]]]},"properties":{"KEY_CODE":"192120040","PREF":"19","CITY":"212","CITY_NAME":"上野原市","S_NAME":"和見","SETAI":"32"}},{"type":"Feature","geometry":{"type":"Polygon","coordinates":[[[139.07337619663073,35.649967432112284],[139.07303417682607,35.649168364206226],[139.07411350663276,35.64824244813431],[139.073665321948,35.64746620843389],[139.07476774975206,35.646096946494346],[139.07282297233343,35.645454040866234],[139.072848108126,35.645271440657794],[139.07289272592,35.645110893593504],[139.07303543757476,35.644493209143064],[139.07298422603733,35.64430477829119],[139.07314656940275,35.644025660969014],[139.07311313157297,35.6437835249605],[139.07311699922144,35.64369101789224],[139.0733413133973,35.64351888172889],[139.07338508196207,35.64330042501948],[139.0734767098076,35.642958727976264],[139.0736667633261,35.642273470128366],[139.0743310965105,35.641816241436224],[139.0748612206774,35.64097863797262],[139.07497521972815,35.64075058453026],[139.07505113577858,35.64059485316237],[139.0753523011693,35.640387171681695],[139.0754898175346,35.6401248205242],[139.0754601966428,35.63962833050735],[139.0755392068815,35.639585421538435],[139.07606191297862,35.63929714514866],[139.07613540748721,35.63895556523958],[139.07630944664317,35.638884423892236],[139.07669053159012,35.63892329837881],[139.07674019114924,35.63888975440603],[139.07705508021834,35.638391646152556],[139.07701500204448,35.63801913411353],[139.07707103346056,35.637930073209226],[139.07733257215375,35.63773831192471],[139.07737004880522,35.6375883250185],[139.0775278134425,35.637461806716814],[139.07769591966698,35.63739995007965],[139.07854600269945,35.63760725000088],[139.0784520760351,35.63803254962543],[139.07849892726034,35.63815935207359],[139.0787619028067,35.638166397084596],[139.0794644651444,35.637744786240276],[139.08010300641,35.63750648849266],[139.0802137576888,35.63747578102259],[139.08058347431268,35.63701869350798],[139.08064479434245,35.636975620344245],[139.08130846765613,35.63709317663859],[139.08180911505195,35.63726429443639],[139.08206195711824,35.63748568972229],[139.08243440385547,35.638056574449145],[139.08251576128865,35.63811170367644],[139.08241537089577,35.638475427017696],[139.0819506381775,35.63862998268349],[139.081631177625,35.638880339517314],[139.08099557651454,35.63942345706667],[139.08095427239286,35.63951470308981],[139.08092691805342,35.63954909256162],[139.08081503880052,35.63965057174566],[139.080720784435,35.63974386915146],[139.08052816058125,35.6399818149236],[139.0799239236997,35.64010010043058],[139.07868420426203,35.64474829588855],[139.07772482203598,35.64820391499796],[139.07727067581152,35.6493211518778],[139.07712533823633,35.64945746637519],[139.07676756104294,35.6496491220582],[139.07337619663073,35.649967432112284]]]},"properties":{"KEY_CODE":"192120050","PREF":"19","CITY":"212","CITY_NAME":"上野原市","S_NAME":"芦垣","SETAI":"40"}},{"type":"Feature","geometry":{"type":"Polygon","coordinates":[[[139.06988756170946,35.64566994305095],[139.06807626300025,35.64604227761681],[139.06533163372785,35.646555007102705],[139.0623592086574,35.647582890127445],[139.0582236835848,35.64861472449142],[139.05723860347442,35.64931922123423],[139.05589857044131,35.65065622220643],[139.0544845724367,35.65215099288178],[139.05376248863604,35.652581789311924],[139.05323162187918,35.652612187164706],[139.05154886048948,35.652053868819806],[139.0518540471698,35.64929648997256],[139.05310200394365,35.647545070170494],[139.05345111897802,35.64635664739501],[139.0521698554841,35.645556139852296],[139.05269245269608,35.64362515991931],[139.05254975854646,35.64242669441125],[139.0513432244009,35.6382507705308],[139.04996487377863,35.63724119992129],[139.0480740433912,35.63802393367346],[139.04955138641094,35.636809189122204],[139.05011673423388,35.63562377039878],[139.05116782048506,35.63513764139892],[139.0518250408597,35.63581424855964],[139.05322220769804,35.63492543045807],[139.05410436630234,35.635558601491496],[139.0549748389915,35.63513998982418],[139.05707413268857,35.635035664607926],[139.05706774272522,35.63554226143464],[139.05882483520116,35.63513304011951],[139.0602583600534,35.63582043602087],[139.06197242469253,35.63541503186638],[139.06269180487052,35.63675375600544],[139.06467340400192,35.63685995058173],[139.06638040782616,35.63655371279242],[139.06796654286316,35.63741335795013],[139.06914232862252,35.63739522720642],[139.0706109395346,35.63802647506993],[139.07419180613851,35.63789233863699],[139.0750986621552,35.63825215565357],[139.07583214275206,35.637682621683254],[139.07737004880522,35.6375883250185],[139.07733257215375,35.63773831192471],[139.07707103346056,35.637930073209226],[139.07701500204448,35.63801913411353],[139.07705508021834,35.638391646152556],[139.07674019114924,35.63888975440603],[139.07669053159012,35.63892329837881],[139.07630944664317,35.638884423892236],[139.07613540748721,35.63895556523958],[139.07606191297862,35.63929714514866],[139.0755392068815,35.639585421538435],[139.0754601966428,35.63962833050735],[139.0754898175346,35.6401248205242],[139.0753523011693,35.640387171681695],[139.07505113577858,35.64059485316237],[139.07497521972815,35.64075058453026],[139.0748612206774,35.64097863797262],[139.0743310965105,35.641816241436224],[139.0736667633261,35.642273470128366],[139.0734767098076,35.642958727976264],[139.07338508196207,35.64330042501948],[139.0733413133973,35.64351888172889],[139.07311699922144,35.64369101789224],[139.07311313157297,35.6437835249605],[139.07314656940275,35.644025660969014],[139.07298422603733,35.64430477829119],[139.07303543757476,35.644493209143064],[139.07289272592,35.645110893593504],[139.072848108126,35.645271440657794],[139.07167784524736,35.64566750669691],[139.06988756170946,35.64566994305095]]]},"properties":{"KEY_CODE":"192120060","PREF":"19","CITY":"212","CITY_NAME":"上野原市","S_NAME":"桑久保","SETAI":"95"}},{"type":"Feature","geometry":{"type":"Polygon","coordinates":[[[139.07922626183864,35.6185565851084],[139.07885691417144,35.61929414326273],[139.0794522742359,35.62024789528613],[139.080462436223,35.620415874309195],[139.08124885095094,35.621498312638934],[139.07954760743803,35.622289450048314],[139.07687424290626,35.62211377174158],[139.07598298293178,35.6206016220905],[139.0755334284782,35.620060039202855],[139.07597534603187,35.61873000514564],[139.07922626183864,35.6185565851084]]]},"properties":{"KEY_CODE":"19212007101","PREF":"19","CITY":"212","CITY_NAME":"上野原市","S_NAME":"コモアしおつ一丁目","SETAI":"348"}},{"type":"Feature","geometry":{"type":"Polygon","coordinates":[[[139.07922626183864,35.6185565851084],[139.07597534603187,35.61873000514564],[139.07567232709414,35.617412686815776],[139.07624830276035,35.616564687270525],[139.07633136516273,35.61641669662698],[139.07660752459748,35.61538274874996],[139.0769308773616,35.61549168665914],[139.0779914688231,35.61531267859045],[139.078132464321,35.61527052675302],[139.08167874168163,35.614925263718916],[139.08293430769564,35.61597097625965],[139.08199717936705,35.61644289044048],[139.0814555087841,35.617518828089835],[139.08125907319922,35.616592388757624],[139.0796367656198,35.61764965315281],[139.0801328071672,35.61823869555235],[139.07922626183864,35.6185565851084]]]},"properties":{"KEY_CODE":"19212007102","PREF":"19","CITY":"212","CITY_NAME":"上野原市","S_NAME":"コモアしおつ二丁目","SETAI":"278"}},{"type":"Feature","geometry":{"type":"Polygon","coordinates":[[[139.07598298293178,35.6206016220905],[139.0734295107092,35.62080527031376],[139.0719540116611,35.62019285296549],[139.07196107812598,35.61849520091168],[139.0730802823487,35.616942505362076],[139.07447641587274,35.61707099042023],[139.07506821015795,35.61652131183283],[139.07511290094334,35.616536132109296],[139.0756115166383,35.61656417263388],[139.07576794372432,35.61662905472319],[139.07624830276035,35.616564687270525],[139.07567232709414,35.617412686815776],[139.07597534603187,35.61873000514564],[139.0755334284782,35.620060039202855],[139.07598298293178,35.6206016220905]]]},"properties":{"KEY_CODE":"19212007103","PREF":"19","CITY":"212","CITY_NAME":"上野原市","S_NAME":"コモアしおつ三丁目","SETAI":"317"}},{"type":"Feature","geometry":{"type":"Polygon","coordinates":[[[139.0719540116611,35.62019285296549],[139.07068446354378,35.62031832808624],[139.06963973630482,35.619575501227644],[139.06946088404223,35.617805705124155],[139.06983675236756,35.616724823419794],[139.06839174583345,35.61644722073579],[139.06871258470596,35.615631298326434],[139.0700201872826,35.615452469239244],[139.07025307465094,35.61558019718474],[139.0716077134117,35.61642259921149],[139.07181949808125,35.61649859786355],[139.07194144822256,35.616554458222396],[139.0730802823487,35.616942505362076],[139.07196107812598,35.61849520091168],[139.0719540116611,35.62019285296549]]]},"properties":{"KEY_CODE":"19212007104","PREF":"19","CITY":"212","CITY_NAME":"上野原市","S_NAME":"コモアしおつ四丁目","SETAI":"321"}},{"type":"Feature","geometry":{"type":"Polygon","coordinates":[[[139.1019759041746,35.6170230134086],[139.0975101072957,35.61796682637937],[139.09739855291915,35.618783689931824],[139.09829865048155,35.62030411229636],[139.09675867912404,35.62043014384725],[139.09460717071443,35.62176173977647],[139.0929286823004,35.621734223572055],[139.09329439218982,35.62321678342365],[139.09150722327882,35.6233496284591],[139.09102246482846,35.622250009555444],[139.09046528899998,35.62319329936089],[139.08952176750498,35.623025351002795],[139.08658717771996,35.62395856266988],[139.0854722850274,35.62363766159877],[139.08463292202333,35.62473454418114],[139.08330283331765,35.625097125609315],[139.08270367817792,35.624162025326754],[139.08157180064592,35.62508993180146],[139.07946500012397,35.624441113234006],[139.07770234127392,35.62425663086647],[139.0747585654766,35.62152173979948],[139.0734295107092,35.62080527031376],[139.07598298293178,35.6206016220905],[139.07687424290626,35.62211377174158],[139.07954760743803,35.622289450048314],[139.08124885095094,35.621498312638934],[139.080462436223,35.620415874309195],[139.0794522742359,35.62024789528613],[139.07885691417144,35.61929414326273],[139.07922626183864,35.6185565851084],[139.0801328071672,35.61823869555235],[139.0796367656198,35.61764965315281],[139.08125907319922,35.616592388757624],[139.0814555087841,35.617518828089835],[139.08199717936705,35.61644289044048],[139.08293430769564,35.61597097625965],[139.08167874168163,35.614925263718916],[139.078132464321,35.61527052675302],[139.0779914688231,35.61531267859045],[139.0769308773616,35.61549168665914],[139.07660752459748,35.61538274874996],[139.07633136516273,35.61641669662698],[139.07624830276035,35.616564687270525],[139.07576794372432,35.61662905472319],[139.0756115166383,35.61656417263388],[139.07511290094334,35.616536132109296],[139.07506821015795,35.61652131183283],[139.07447641587274,35.61707099042023],[139.0730802823487,35.616942505362076],[139.07194144822256,35.616554458222396],[139.07181949808125,35.61649859786355],[139.0716077134117,35.61642259921149],[139.07025307465094,35.61558019718474],[139.0700201872826,35.615452469239244],[139.06871258470596,35.615631298326434],[139.06839174583345,35.61644722073579],[139.06983675236756,35.616724823419794],[139.06946088404223,35.617805705124155],[139.06583360188168,35.61677101086172],[139.06524829651738,35.616024688374],[139.0652698796567,35.615795659755534],[139.06521850254407,35.61571298378866],[139.0650245545377,35.61560301938708],[139.0648942006819,35.61559010921987],[139.0647586015802,35.615615988246454],[139.0642910108886,35.61567584651757],[139.06423947563707,35.61557063722627],[139.0637796158382,35.61530741717085],[139.06374422229004,35.615069149909075],[139.0638551589538,35.614565427959064],[139.0640472153889,35.61411283800922],[139.06353687376176,35.61377013909906],[139.06395048937452,35.61204530420497],[139.06466850174155,35.61187182118715],[139.06912710779966,35.61267101081226],[139.07100797409566,35.61268970160731],[139.07289169681272,35.612269927213596],[139.07687039459574,35.613287472500254],[139.07837329076713,35.612485237220554],[139.08204137657123,35.611412194929194],[139.08440449429742,35.61028145301062],[139.08607309885565,35.61034655325479],[139.08759864530822,35.611657238831164],[139.08885065254088,35.61096382217099],[139.0891058480592,35.6107676951127],[139.08916560847007,35.608647764365806],[139.0892593096342,35.60826652341709],[139.08933940526867,35.608665083372784],[139.08933958175876,35.60879507281834],[139.08939481034338,35.60891275178335],[139.0898526673514,35.60906141897088],[139.08989663639025,35.609124613812945],[139.0939870728266,35.61019322493751],[139.09501034715638,35.61075796371858],[139.09493502917636,35.610706331978555],[139.09491598056306,35.61066664058827],[139.09497554658662,35.6106113153736],[139.09518679784122,35.61054450229569],[139.0953003527643,35.610321387043896],[139.09538838122145,35.61031331212501],[139.09558755510955,35.61039186571542],[139.09665512455342,35.60895094927048],[139.0988337582944,35.607174501482824],[139.0977666709236,35.60836309260987],[139.0978162701414,35.609345841615095],[139.09963148602725,35.61098302330116],[139.1013769110545,35.61190282828915],[139.10349958650193,35.61389116640815],[139.1052403392124,35.61428984797169],[139.1016352584944,35.6158951842175],[139.1019759041746,35.6170230134086]]]},"properties":{"KEY_CODE":"192120072","PREF":"19","CITY":"212","CITY_NAME":"上野原市","S_NAME":"四方津","SETAI":"338"}},{"type":"Feature","geometry":{"type":"Polygon","coordinates":[[[139.0925210739181,35.63080600766185],[139.09127292223187,35.63076362135265],[139.08915180019494,35.62918135210147],[139.08819345756555,35.62953456138537],[139.08680083527972,35.630871985562536],[139.08443963823768,35.63109801970641],[139.08359210294788,35.630701351666474],[139.08155744944466,35.630905157295196],[139.08004238181115,35.62963466920952],[139.07769395847387,35.6296238074581],[139.0772540240731,35.63011884062566],[139.07534660517155,35.63027070469104],[139.07490864709175,35.63066523460527],[139.07310279338463,35.63072338101226],[139.0756899076863,35.62848787835318],[139.07727220687073,35.62476693452105],[139.07770234127392,35.62425663086647],[139.07946500012397,35.624441113234006],[139.08157180064592,35.62508993180146],[139.08270367817792,35.624162025326754],[139.08330283331765,35.625097125609315],[139.08463292202333,35.62473454418114],[139.0854722850274,35.62363766159877],[139.08658717771996,35.62395856266988],[139.08952176750498,35.623025351002795],[139.09046528899998,35.62319329936089],[139.09102246482846,35.622250009555444],[139.09150722327882,35.6233496284591],[139.09329439218982,35.62321678342365],[139.0929286823004,35.621734223572055],[139.09460717071443,35.62176173977647],[139.09675867912404,35.62043014384725],[139.09829865048155,35.62030411229636],[139.09739855291915,35.618783689931824],[139.0975101072957,35.61796682637937],[139.1019759041746,35.6170230134086],[139.10349906733214,35.61696541001101],[139.10501411832504,35.61764530823443],[139.10516293861218,35.6189453092524],[139.10443054879966,35.61998981502976],[139.1048882996025,35.62166558099599],[139.1032697028615,35.62230718705215],[139.1027739154955,35.62465052056825],[139.10162850824995,35.62543807313656],[139.1003444547897,35.628145334122976],[139.09979769515087,35.62870269083766],[139.097871089225,35.628432951549954],[139.09642415168196,35.62966406624099],[139.0925210739181,35.63080600766185]]]},"properties":{"KEY_CODE":"192120080","PREF":"19","CITY":"212","CITY_NAME":"上野原市","S_NAME":"八ツ沢","SETAI":"476"}},{"type":"Feature","geometry":{"type":"Polygon","coordinates":[[[139.111686743525,35.619954065783894],[139.1112809126914,35.620641378369285],[139.11160876003333,35.62243631819208],[139.11061138163367,35.6238564544038],[139.109952625212,35.62093976223541],[139.10895646563154,35.621484006551896],[139.1061817197865,35.62183738687108],[139.1048882996025,35.62166558099599],[139.10443054879966,35.61998981502976],[139.10516293861218,35.6189453092524],[139.10501411832504,35.61764530823443],[139.10349906733214,35.61696541001101],[139.1019759041746,35.6170230134086],[139.1016352584944,35.6158951842175],[139.1052403392124,35.61428984797169],[139.10676852636448,35.61429393357083],[139.10708415638751,35.614841706529624],[139.10901474677888,35.616006433595174],[139.1089771761399,35.61701059718889],[139.10989070178385,35.61688472604472],[139.11096863773872,35.6195680851799],[139.111686743525,35.619954065783894]]]},"properties":{"KEY_CODE":"192120090","PREF":"19","CITY":"212","CITY_NAME":"上野原市","S_NAME":"松留","SETAI":"348"}},{"type":"Feature","geometry":{"type":"Polygon","coordinates":[[[139.08885065254088,35.61096382217099],[139.08759864530822,35.611657238831164],[139.08607309885565,35.61034655325479],[139.08440449429742,35.61028145301062],[139.08204137657123,35.611412194929194],[139.07837329076713,35.612485237220554],[139.07687039459574,35.613287472500254],[139.07289169681272,35.612269927213596],[139.07100797409566,35.61268970160731],[139.06912710779966,35.61267101081226],[139.06466850174155,35.61187182118715],[139.06400628336218,35.61078776816507],[139.06528779286464,35.607529168381014],[139.0640350638256,35.60605790379942],[139.06649316308923,35.6039348350148],[139.0671500555515,35.601895666607824],[139.06645636933615,35.6005773759445],[139.0645407503213,35.59909016671359],[139.06456358125521,35.59765027714997],[139.06511084908007,35.59686874155913],[139.06598733302883,35.58634978340744],[139.06675926070645,35.58647435282093],[139.06911110955417,35.58585420075379],[139.07086170742875,35.58673548217033],[139.07248857398804,35.58681979131542],[139.07431028671093,35.58788916263699],[139.07697993392762,35.58893697401178],[139.0773105176969,35.58942594317462],[139.07767118672342,35.590413339605746],[139.07959378377876,35.59047454657817],[139.08047129609005,35.590135819418435],[139.08068597454255,35.59046664343377],[139.08101134400926,35.59083834371048],[139.08353011653332,35.590556114342654],[139.08410976531852,35.59090193400898],[139.08468969688866,35.59169550450057],[139.08600175999308,35.592488784992305],[139.08761907835094,35.593221266937114],[139.08911417052622,35.594482528889486],[139.08911926871855,35.59511436854654],[139.0892113140128,35.595351331854424],[139.0898077929326,35.59622127940355],[139.09268568051272,35.59866974607756],[139.09606452138596,35.60065112668877],[139.09841926881015,35.600939268905314],[139.09902537055441,35.601930173452466],[139.09915635110264,35.602180245565094],[139.09930620538444,35.60317524457611],[139.09886639165958,35.60508888411324],[139.0988337582944,35.607174501482824],[139.09665512455342,35.60895094927048],[139.09558755510955,35.61039186571542],[139.09538838122145,35.61031331212501],[139.0953003527643,35.610321387043896],[139.09518679784122,35.61054450229569],[139.09497554658662,35.6106113153736],[139.09491598056306,35.61066664058827],[139.09493502917636,35.610706331978555],[139.09501034715638,35.61075796371858],[139.0939870728266,35.61019322493751],[139.08989663639025,35.609124613812945],[139.0898526673514,35.60906141897088],[139.08939481034338,35.60891275178335],[139.08933958175876,35.60879507281834],[139.08933940526867,35.608665083372784],[139.0892593096342,35.60826652341709],[139.08916560847007,35.608647764365806],[139.0891058480592,35.6107676951127],[139.08885065254088,35.61096382217099]]]},"properties":{"KEY_CODE":"192120100","PREF":"19","CITY":"212","CITY_NAME":"上野原市","S_NAME":"川合","SETAI":"64"}},{"type":"Feature","geometry":{"type":"Polygon","coordinates":[[[139.08195063817755,35.63862998268351],[139.08224862845503,35.639755468273506],[139.0825575372984,35.64030641706377],[139.08396504672044,35.64188771730291],[139.08847811174925,35.64295836743029],[139.08701429030347,35.64447993536122],[139.08725459661645,35.64641371585363],[139.085026828891,35.64787003560345],[139.08397260074656,35.64852229687318],[139.08182910022686,35.648818359996795],[139.08056410547286,35.64950043952308],[139.080743853221,35.65469693214135],[139.0802802427362,35.65536034148808],[139.07726631651684,35.6563279174672],[139.07589405825962,35.656514772683764],[139.07481159583517,35.658220143165956],[139.07258980702815,35.66032158037413],[139.06950547232253,35.6617580320258],[139.06961992093196,35.66154384346183],[139.06976541631758,35.661345777090276],[139.06982238222113,35.66128149959865],[139.06994515314074,35.6611520567328],[139.06999179934078,35.660722785468195],[139.07003018383912,35.66036928722822],[139.0700714107135,35.660112211587524],[139.0700958328342,35.65997326984715],[139.07020463802817,35.65974291525731],[139.0703164642464,35.659627923947156],[139.0704323672198,35.65931011328679],[139.07066203783856,35.65890180777887],[139.07071039218422,35.65864631832731],[139.070640784373,35.65833477142483],[139.0705643087277,35.657985442372954],[139.0704965371199,35.657773948303785],[139.07040882639365,35.65755532991868],[139.07030166456462,35.657240367693916],[139.0702885419114,35.65709980698731],[139.07031019917733,35.65688789073472],[139.0704885756861,35.656498595128596],[139.07061949602107,35.65643037737592],[139.0708262958721,35.65631310768161],[139.0709886896196,35.65616362095354],[139.071068392241,35.65603976888295],[139.0711713071302,35.6557589543822],[139.0712398614568,35.65561441720222],[139.07152549711623,35.65524623199838],[139.07212574495864,35.653627294671395],[139.07215232318785,35.65348295527287],[139.07215067255387,35.6534027579099],[139.07211561100593,35.65313252583653],[139.0721100397945,35.652974822011174],[139.07214215289417,35.65267544005455],[139.07214332913594,35.65237528931492],[139.0721172224317,35.651969820975225],[139.07211997704633,35.651890485089766],[139.07216816860384,35.65183709311499],[139.07231588844493,35.651796714336086],[139.0725174062487,35.65172097764031],[139.07278167156153,35.65161244565018],[139.07292244399687,35.65152977948643],[139.07298278689487,35.65147449814962],[139.07308896626503,35.65134421920512],[139.07337379707607,35.650866964062395],[139.0733976482759,35.650649619497486],[139.07337844450157,35.65043790143524],[139.0733602082087,35.650204561262804],[139.07336360607206,35.65005853949193],[139.07337619663073,35.649967432112284],[139.07676756104294,35.6496491220582],[139.07712533823633,35.64945746637519],[139.07727067581152,35.6493211518778],[139.07772482203598,35.64820391499796],[139.07868420426203,35.64474829588855],[139.0799239236997,35.64010010043058],[139.08052816058125,35.6399818149236],[139.080720784435,35.63974386915146],[139.08081503880052,35.63965057174566],[139.08092691805342,35.63954909256162],[139.08095427239286,35.63951470308981],[139.08099557651454,35.63942345706667],[139.081631177625,35.638880339517314],[139.08195063817755,35.63862998268351]]]},"properties":{"KEY_CODE":"192120110","PREF":"19","CITY":"212","CITY_NAME":"上野原市","S_NAME":"大倉","SETAI":"40"}},{"type":"Feature","geometry":{"type":"Polygon","coordinates":[[[139.094337507321,35.637707185869935],[139.094175613038,35.63654214297954],[139.09467083194923,35.63564234351158],[139.09586955229685,35.63597512296767],[139.09584475417543,35.63680397716473],[139.094337507321,35.637707185869935]]]},"properties":{"KEY_CODE":"192120110","PREF":"19","CITY":"212","CITY_NAME":"上野原市","S_NAME":"大倉","SETAI":"0"}},{"type":"Feature","geometry":{"type":"Polygon","coordinates":[[[139.09812240828333,35.647037686722],[139.09470020036775,35.64707940698349],[139.09298829492582,35.647814916762606],[139.09096646300273,35.648275503231034],[139.08835495722687,35.64949604148037],[139.086312082387,35.647813058692584],[139.085026828891,35.64787003560345],[139.08725459661645,35.64641371585363],[139.08701429030347,35.64447993536122],[139.08847811174925,35.64295836743029],[139.08396504672044,35.64188771730291],[139.0825575372984,35.64030641706377],[139.08224862845503,35.639755468273506],[139.08195063817755,35.63862998268351],[139.08241537089577,35.638475427017696],[139.08251576128865,35.63811170367644],[139.08362296348614,35.63714822984404],[139.08495266906232,35.63726648111062],[139.08735268687442,35.63591875888775],[139.08954168443765,35.63728685071419],[139.09067781552736,35.635894682659725],[139.09150650646558,35.63651278323128],[139.09194019368576,35.63576261500294],[139.09266303293003,35.63914353877642],[139.0932175470042,35.639797262379155],[139.09465666607932,35.641088567186316],[139.09504595074407,35.642128905046036],[139.09797521729135,35.64062338033526],[139.09853137362595,35.64189835131701],[139.1010893608222,35.64463848766859],[139.0979847005464,35.6465154244666],[139.09812240828333,35.647037686722]]]},"properties":{"KEY_CODE":"192120120","PREF":"19","CITY":"212","CITY_NAME":"上野原市","S_NAME":"大曽根","SETAI":"99"}},{"type":"Feature","geometry":{"type":"Polygon","coordinates":[[[139.09584475417543,35.63680397716473],[139.09586955229685,35.63597512296767],[139.09467083194923,35.63564234351158],[139.094175613038,35.63654214297954],[139.094337507321,35.637707185869935],[139.0932175470042,35.639797262379155],[139.09266303293003,35.63914353877642],[139.09194019368576,35.63576261500294],[139.0927174430338,35.635332947482354],[139.09163508981428,35.63427409409179],[139.0897241582514,35.63328812105081],[139.0932006484197,35.63313655893073],[139.0932703149786,35.6322481892761],[139.0925210739181,35.63080600766185],[139.09642415168196,35.62966406624099],[139.097871089225,35.628432951549954],[139.09979769515087,35.62870269083766],[139.1003444547897,35.628145334122976],[139.10116571883225,35.62865901628272],[139.10177140266387,35.6287532761381],[139.10298434500857,35.62994088126857],[139.10338205997616,35.630324386707834],[139.10347485913698,35.630471623045004],[139.1040249650198,35.63153208381322],[139.10443500412285,35.63345482796975],[139.10372835325913,35.63598452337588],[139.10172950526336,35.636904826872474],[139.09878900726355,35.6374778733995],[139.09777816053014,35.63705775745135],[139.09753015401466,35.63656037020594],[139.09584475417543,35.63680397716473]]]},"properties":{"KEY_CODE":"192120130","PREF":"19","CITY":"212","CITY_NAME":"上野原市","S_NAME":"鶴川","SETAI":"98"}},{"type":"Feature","geometry":{"type":"Polygon","coordinates":[[[139.09194019368576,35.63576261500294],[139.09150650646558,35.63651278323128],[139.09067781552736,35.635894682659725],[139.08954168443765,35.63728685071419],[139.08735268687442,35.63591875888775],[139.08495266906232,35.63726648111062],[139.08362296348614,35.63714822984404],[139.08251576128865,35.63811170367644],[139.08243440385547,35.638056574449145],[139.08206195711824,35.63748568972229],[139.08180911505195,35.63726429443639],[139.08130846765613,35.63709317663859],[139.08064479434245,35.636975620344245],[139.08058347431268,35.63701869350798],[139.0802137576888,35.63747578102259],[139.08010300641,35.63750648849266],[139.0794644651444,35.637744786240276],[139.0787619028067,35.638166397084596],[139.07849892726034,35.63815935207359],[139.0784520760351,35.63803254962543],[139.07854600269945,35.63760725000088],[139.07769591966698,35.63739995007965],[139.0775278134425,35.637461806716814],[139.07737004880522,35.6375883250185],[139.0759104775947,35.63755222655772],[139.07495468428817,35.63219730874706],[139.07468183873138,35.6316662871674],[139.0728592817682,35.630973644206584],[139.07310279338463,35.63072338101226],[139.07490864709175,35.63066523460527],[139.07534660517155,35.63027070469104],[139.0772540240731,35.63011884062566],[139.07769395847387,35.6296238074581],[139.08004238181115,35.62963466920952],[139.08155744944466,35.630905157295196],[139.08359210294788,35.630701351666474],[139.08443963823768,35.63109801970641],[139.08680083527972,35.630871985562536],[139.08819345756555,35.62953456138537],[139.08915180019494,35.62918135210147],[139.09127292223187,35.63076362135265],[139.0925210739181,35.63080600766185],[139.0932703149786,35.6322481892761],[139.0932006484197,35.63313655893073],[139.0897241582514,35.63328812105081],[139.09163508981428,35.63427409409179],[139.0927174430338,35.635332947482354],[139.09194019368576,35.63576261500294]]]},"properties":{"KEY_CODE":"192120140","PREF":"19","CITY":"212","CITY_NAME":"上野原市","S_NAME":"大椚","SETAI":"83"}},{"type":"Feature","geometry":{"type":"Polygon","coordinates":[[[139.12920293221688,35.61397304030523],[139.12830103189623,35.614928469564894],[139.1287623766274,35.61537719140708],[139.12773751435793,35.61672227515649],[139.12590062111798,35.61718297797912],[139.1251686088834,35.61836914194505],[139.12452093708532,35.6206522344408],[139.12142288022892,35.621056053278465],[139.120392558118,35.62149966025479],[139.11832345794545,35.62133543576416],[139.11631843251004,35.61981931269038],[139.11426831201828,35.61873643411516],[139.1139517772434,35.618653614575535],[139.111686743525,35.619954065783894],[139.11096863773872,35.6195680851799],[139.10989070178385,35.61688472604472],[139.11250494988482,35.61625773309498],[139.115709986479,35.6164871480955],[139.11627313061877,35.61665640834125],[139.12182528039884,35.61778738498189],[139.12313259856825,35.61780644703792],[139.12477312934766,35.61712646751225],[139.12514635884142,35.615162333820884],[139.1267342952958,35.61383093137352],[139.1287589317065,35.61374495054205],[139.12920293221688,35.61397304030523]]]},"properties":{"KEY_CODE":"192120150","PREF":"19","CITY":"212","CITY_NAME":"上野原市","S_NAME":"新田","SETAI":"272"}},{"type":"Feature","geometry":{"type":"Polygon","coordinates":[[[139.1287589317065,35.61374495054205],[139.1267342952958,35.61383093137352],[139.12514635884142,35.615162333820884],[139.12477312934766,35.61712646751225],[139.12313259856825,35.61780644703792],[139.12182528039884,35.61778738498189],[139.11627313061877,35.61665640834125],[139.115709986479,35.6164871480955],[139.11250494988482,35.61625773309498],[139.10989070178385,35.61688472604472],[139.1089771761399,35.61701059718889],[139.10901474677888,35.616006433595174],[139.10708415638751,35.614841706529624],[139.10676852636448,35.61429393357083],[139.1052403392124,35.61428984797169],[139.10349958650193,35.61389116640815],[139.1013769110545,35.61190282828915],[139.09963148602725,35.61098302330116],[139.0978162701414,35.609345841615095],[139.0977666709236,35.60836309260987],[139.0988337582944,35.607174501482824],[139.09886639165958,35.60508888411324],[139.09930620538444,35.60317524457611],[139.09915635110264,35.602180245565094],[139.09902537055441,35.601930173452466],[139.09841926881015,35.600939268905314],[139.09606452138596,35.60065112668877],[139.09268568051272,35.59866974607756],[139.0898077929326,35.59622127940355],[139.0892113140128,35.595351331854424],[139.08911926871855,35.59511436854654],[139.08911417052622,35.594482528889486],[139.0910214916769,35.59461480247738],[139.09164697890827,35.59488949790701],[139.09356935039128,35.59400464395611],[139.09578168491348,35.593943628450646],[139.09697187537904,35.59307903695375],[139.09866535618963,35.59274359983788],[139.0990317180415,35.59219425130236],[139.10334978163328,35.59128739151195],[139.10388839511126,35.59149517641225],[139.10447181171796,35.591647527891276],[139.10532811480812,35.59132237978702],[139.10582537780473,35.59069267746099],[139.10617852243325,35.59034166919461],[139.10697520256602,35.590428892228175],[139.107701534062,35.59019060648469],[139.10946038577467,35.58960994769824],[139.11029483677663,35.58965948610132],[139.11065982130015,35.58985484042276],[139.11111074137176,35.59020111985673],[139.11154879808507,35.59052760697774],[139.11172968706703,35.59068903516956],[139.1122925744987,35.59100861750047],[139.1123655884403,35.59104739854471],[139.11263341278976,35.59117916126066],[139.1127738658661,35.59119826938503],[139.1129038222683,35.591214121679265],[139.1137092343148,35.59116734697511],[139.1147161579701,35.590211360755006],[139.1155402430459,35.590048641649695],[139.11694372252785,35.589906187318164],[139.11944606532512,35.58854335743503],[139.1204837250218,35.58852308660547],[139.12216189016976,35.589041681413974],[139.1235267240734,35.59066025207573],[139.12424292546527,35.59094588561164],[139.12545220213968,35.592633229331824],[139.1270265605839,35.59287202479667],[139.12868144078632,35.59395310524705],[139.1287110141158,35.59561774274174],[139.1291993788206,35.598089413735586],[139.13034720519218,35.598805409465434],[139.1308759436351,35.60064500136619],[139.13169233339255,35.60173228116799],[139.1319288837857,35.60346436334077],[139.13167430964847,35.60569045820999],[139.13247785619896,35.60576265113092],[139.13319785693272,35.60735612766895],[139.1326740447102,35.60881458768275],[139.13002037904093,35.611446941103935],[139.12782296778417,35.612740962117776],[139.1287589317065,35.61374495054205]]]},"properties":{"KEY_CODE":"192120160","PREF":"19","CITY":"212","CITY_NAME":"上野原市","S_NAME":"鶴島","SETAI":"499"}},{"type":"Feature","geometry":{"type":"Polygon","coordinates":[[[139.12920293221688,35.61397304030523],[139.1301312303382,35.61460103247031],[139.13299586537084,35.615465719757786],[139.13447584060157,35.616547674099984],[139.13359293423676,35.61782857866657],[139.1323522668976,35.61839841984215],[139.1307062368083,35.61781578489133],[139.12981715231842,35.61803491857432],[139.13054983338625,35.619261409348766],[139.12906022382586,35.61948462621461],[139.12779371650504,35.62084592657863],[139.12652734472994,35.620963347109026],[139.12665587983267,35.62187034124811],[139.12551880967345,35.622147522540345],[139.12640661407207,35.62344803842202],[139.12539061571596,35.62424468388924],[139.12346994330377,35.62398962320603],[139.12296326308984,35.62609691062419],[139.12407962032174,35.62918095412258],[139.12417864917538,35.63077927027384],[139.12342909115245,35.63192332525843],[139.12428743311992,35.633825180967044],[139.12382870785072,35.63446566508486],[139.12511561923318,35.63538919124675],[139.12553858957557,35.63667317869007],[139.12516474261503,35.63743674109001],[139.12580906376067,35.63921260700958],[139.12730266978454,35.64029636831342],[139.12700423220136,35.64222947595001],[139.1261243504702,35.64196995109605],[139.12574433571487,35.64279663911851],[139.1263961255095,35.643540442267316],[139.12519662202686,35.644348848665956],[139.12534644685635,35.6451520501181],[139.12437421109007,35.64565915615589],[139.1233963829468,35.647145071627726],[139.12280988570097,35.64684886748992],[139.12151094874716,35.64794617825562],[139.1218516264613,35.64872770106228],[139.11928414932805,35.65115914039982],[139.11904028337744,35.65247002875653],[139.11738601696632,35.6534807707778],[139.11716106266775,35.65496010241739],[139.118061335262,35.65612993383376],[139.11957966385546,35.65681257801241],[139.12003335518455,35.65763855259207],[139.1196924595924,35.65911038298825],[139.11533376544622,35.66026813461787],[139.11366140753387,35.65957154250514],[139.11493971253194,35.65879949553277],[139.11498433445564,35.65777935486966],[139.11276236355806,35.65787125547854],[139.11121146559657,35.65892421546824],[139.10931765874736,35.65874599648519],[139.10520207329927,35.65859347669215],[139.10342821500691,35.657627233653784],[139.10303459642685,35.65654039069864],[139.10291968944657,35.65638862028431],[139.10189428583263,35.65632075495458],[139.09977325991764,35.654622400392185],[139.09950815256326,35.653435770574795],[139.09845106716563,35.65340680376465],[139.0993824367742,35.651689656946154],[139.09855679329806,35.649974025449545],[139.09935075231,35.648789341493654],[139.09931460226503,35.64764842917391],[139.09812240828333,35.647037686722],[139.0979847005464,35.6465154244666],[139.1010893608222,35.64463848766859],[139.09853137362595,35.64189835131701],[139.09797521729135,35.64062338033526],[139.09504595074407,35.642128905046036],[139.09465666607932,35.641088567186316],[139.0932175470042,35.639797262379155],[139.094337507321,35.637707185869935],[139.09584475417543,35.63680397716473],[139.09753015401466,35.63656037020594],[139.09777816053014,35.63705775745135],[139.09878900726355,35.6374778733995],[139.10172950526336,35.636904826872474],[139.10372835325913,35.63598452337588],[139.10443500412285,35.63345482796975],[139.1040249650198,35.63153208381322],[139.10347485913698,35.630471623045004],[139.10338205997616,35.630324386707834],[139.10298434500857,35.62994088126857],[139.10177140266387,35.6287532761381],[139.10116571883225,35.62865901628272],[139.1003444547897,35.628145334122976],[139.10162850824995,35.62543807313656],[139.1027739154955,35.62465052056825],[139.1032697028615,35.62230718705215],[139.1048882996025,35.62166558099599],[139.1061817197865,35.62183738687108],[139.10895646563154,35.621484006551896],[139.109952625212,35.62093976223541],[139.11061138163367,35.6238564544038],[139.11160876003333,35.62243631819208],[139.1112809126914,35.620641378369285],[139.111686743525,35.619954065783894],[139.1139517772434,35.618653614575535],[139.11426831201828,35.61873643411516],[139.11631843251004,35.61981931269038],[139.11832345794545,35.62133543576416],[139.120392558118,35.62149966025479],[139.12142288022892,35.621056053278465],[139.12452093708532,35.6206522344408],[139.1251686088834,35.61836914194505],[139.12590062111798,35.61718297797912],[139.12773751435793,35.61672227515649],[139.1287623766274,35.61537719140708],[139.12830103189623,35.614928469564894],[139.12920293221688,35.61397304030523]],[[139.1237568518323,35.63093784779464],[139.12334486485813,35.62950553719668],[139.1225194781802,35.62859281528913],[139.1218677805115,35.62894445700498],[139.12171253226586,35.62789655269377],[139.1204212112174,35.6282457368242],[139.11818749089863,35.63301052943061],[139.11691240114146,35.63423631202351],[139.1178400254239,35.63444833706792],[139.11978128011623,35.63383107370765],[139.12075984166916,35.63598277463632],[139.12115706649567,35.63606543696833],[139.1215879589408,35.636212288850864],[139.12208959489246,35.636643391146904],[139.12321763154316,35.635337477649024],[139.12332385263636,35.63486612682518],[139.1232390018281,35.63278912077354],[139.12333079848833,35.63149679652816],[139.12372840601955,35.63110614771129],[139.1237568518323,35.63093784779464]],[[139.11597866393313,35.63424833618969],[139.11743078352012,35.63272330470002],[139.1189431214448,35.630370596130305],[139.11906167896686,35.629049476889364],[139.11787733146238,35.628746245221805],[139.1159804308177,35.62724988344033],[139.11395000291387,35.62903767609512],[139.1131251956617,35.628021644902915],[139.11161493600585,35.62890289372671],[139.1124882224629,35.62961065313446],[139.11192949061552,35.63039109472406],[139.11068467865897,35.629759184324854],[139.10907827422625,35.63282372586077],[139.10970155447427,35.633184841660814],[139.11082757014785,35.63212377962702],[139.11203548305602,35.63242572653507],[139.11229821184153,35.63405438863422],[139.11350597262023,35.634664214023516],[139.1155990147771,35.63460379911185],[139.11597866393313,35.63424833618969]]]},"properties":{"KEY_CODE":"19212017000","PREF":"19","CITY":"212","CITY_NAME":"上野原市","S_NAME":"上野原","SETAI":"3912"}},{"type":"Feature","geometry":{"type":"Polygon","coordinates":[[[139.1232390018281,35.63278912077354],[139.12332385263636,35.63486612682518],[139.12321763154316,35.635337477649024],[139.12208959489246,35.636643391146904],[139.1215879589408,35.636212288850864],[139.12115706649567,35.63606543696833],[139.12075984166916,35.63598277463632],[139.11978128011623,35.63383107370765],[139.1178400254239,35.63444833706792],[139.11691240114146,35.63423631202351],[139.11818749089863,35.63301052943061],[139.1204212112174,35.6282457368242],[139.12171253226586,35.62789655269377],[139.1218677805115,35.62894445700498],[139.1225194781802,35.62859281528913],[139.12334486485813,35.62950553719668],[139.1237568518323,35.63093784779464],[139.12372840601955,35.63110614771129],[139.12333079848833,35.63149679652816],[139.1232390018281,35.63278912077354]]]},"properties":{"KEY_CODE":"19212017001","PREF":"19","CITY":"212","CITY_NAME":"上野原市","S_NAME":"上野原","SETAI":"0"}},{"type":"Feature","geometry":{"type":"Polygon","coordinates":[[[139.11597866393313,35.63424833618969],[139.1155990147771,35.63460379911185],[139.11350597262023,35.634664214023516],[139.11229821184153,35.63405438863422],[139.11203548305602,35.63242572653507],[139.11082757014785,35.63212377962702],[139.10970155447427,35.633184841660814],[139.10907827422625,35.63282372586077],[139.11068467865897,35.629759184324854],[139.11192949061552,35.63039109472406],[139.1124882224629,35.62961065313446],[139.11161493600585,35.62890289372671],[139.1131251956617,35.628021644902915],[139.11395000291387,35.62903767609512],[139.1159804308177,35.62724988344033],[139.11787733146238,35.628746245221805],[139.11906167896686,35.629049476889364],[139.1189431214448,35.630370596130305],[139.11743078352012,35.63272330470002],[139.11597866393313,35.63424833618969]]]},"properties":{"KEY_CODE":"19212017001","PREF":"19","CITY":"212","CITY_NAME":"上野原市","S_NAME":"上野原","SETAI":"249"}},{"type":"Feature","geometry":{"type":"Polygon","coordinates":[[[139.1196924595924,35.65911038298825],[139.11977874949707,35.66041415239339],[139.12354518422552,35.66270304946053],[139.124198444368,35.66333510975881],[139.1250064204624,35.66539227062759],[139.126911911447,35.66696150404334],[139.12983987648843,35.667358134883074],[139.13070050682018,35.669058951064684],[139.1304573658807,35.670868316287084],[139.13110252081694,35.67185912035053],[139.12872782560095,35.675265932588154],[139.12713354954607,35.6765081731918],[139.1243568521395,35.67769880169687],[139.1233581996256,35.677412826990235],[139.12247208310782,35.67838453360791],[139.11940248707856,35.68030400859087],[139.1187190470495,35.68164060818221],[139.11634144109075,35.683779968804515],[139.11304059231838,35.6846755902417],[139.11046486255484,35.68780640877918],[139.10939129190862,35.68842746034438],[139.10825017625677,35.689911441858605],[139.1056875061123,35.69101857126089],[139.10492852235734,35.69088446909751],[139.1033248499575,35.69155679252272],[139.10007097919708,35.692001170818386],[139.09904726102704,35.692514639689065],[139.09682055487815,35.69247248161624],[139.09568100558772,35.69108737121965],[139.09303319755517,35.69176018720799],[139.0922403092487,35.69047696233305],[139.08901819084548,35.69178615462983],[139.08712018701317,35.692261387723356],[139.08583047421945,35.693280777443675],[139.08449376325498,35.693312467224914],[139.0821371511535,35.69575482236777],[139.07763579645064,35.69576384916601],[139.0759661034602,35.69497593639797],[139.07458741047643,35.69577934259693],[139.07224453577928,35.69555973160363],[139.07086220340162,35.69771783557645],[139.06677642546646,35.69869979406864],[139.06499178181807,35.69820884128144],[139.06162772642094,35.69693500334659],[139.0601182343696,35.69578062061847],[139.05915484298166,35.69351633683745],[139.0572842933332,35.6913446327356],[139.05375334010114,35.68859937038564],[139.05303686488244,35.686252827456514],[139.0532656888388,35.68344031355667],[139.0523164393477,35.68073594481197],[139.05176543722575,35.68284255559492],[139.04995393593876,35.682306191971584],[139.04761273922747,35.67990330028223],[139.04632831164383,35.677226964523776],[139.04467692650746,35.67552512111574],[139.04040104352083,35.67367380906719],[139.04047539764377,35.67160081637545],[139.03954350548977,35.66980045498928],[139.03954057901979,35.66691234835415],[139.03847797695803,35.66457948121849],[139.03857289368995,35.6645664167129],[139.0389610308025,35.66447186700528],[139.03906352943156,35.66443802948676],[139.0395214023149,35.66420525112821],[139.03968440847683,35.66413600297273],[139.0401546275946,35.6640897395687],[139.04057705862488,35.66400129747894],[139.04089162167406,35.66396925104702],[139.0418567893999,35.663948674183644],[139.042033441295,35.663938864479945],[139.04223094387513,35.663911849431976],[139.0423168861405,35.663879914516095],[139.04234550984415,35.66386355347971],[139.04239828161332,35.66382634591176],[139.04267794848528,35.66353485552121],[139.04279777211153,35.66345410887107],[139.04326305703407,35.66333662659097],[139.04332605695154,35.663344439998546],[139.04361485647087,35.663419749577265],[139.0438912873432,35.66346536329254],[139.0444305740473,35.66350799021974],[139.0445310342386,35.663504859384844],[139.04463603656095,35.663516073224365],[139.0448700754965,35.66365922955328],[139.04487154724322,35.6637106282552],[139.04486297294721,35.66375031207196],[139.0448534237063,35.66381165448691],[139.0448625686119,35.66385576533088],[139.0448816303708,35.66389895100758],[139.04490948726885,35.663934878948375],[139.04545503058682,35.66408472090544],[139.04572269411256,35.664141213757446],[139.0459617421203,35.66420861107895],[139.04614218980885,35.66426821065506],[139.04629494596287,35.66431617535892],[139.0464023898863,35.66436255065784],[139.046538985753,35.664470092615375],[139.04683323741983,35.664862641038496],[139.04699372818772,35.66507644224629],[139.04705717393196,35.665142876403905],[139.04785479651267,35.66565482259953],[139.04808052907035,35.6657177723355],[139.04828525797458,35.66577542960117],[139.04858856533733,35.665869607117706],[139.04868814116347,35.66589439898896],[139.04883406552085,35.66591447357296],[139.04928936606146,35.6659511302221],[139.04955917585895,35.66599229254362],[139.04980568661256,35.66602722285365],[139.0501741488623,35.666121979411905],[139.05036999838435,35.6661742513899],[139.05057226300454,35.66619315120625],[139.05100170886203,35.666158761108406],[139.05115401104572,35.66614634030329],[139.0514455081777,35.66612877594978],[139.05169177836336,35.666122262831635],[139.05189721580922,35.666125829361484],[139.05207733564882,35.66613669414632],[139.05232712673165,35.66615899881316],[139.0524012362059,35.66617577148306],[139.0526750230116,35.66631785267689],[139.05288966006665,35.66637274549646],[139.05314078601728,35.66642567485383],[139.05339750302358,35.66649480943823],[139.05367304967413,35.666572871086686],[139.05477279118736,35.666680484777864],[139.05481159789386,35.66670192406114],[139.05485752408376,35.666791848108154],[139.0548754314983,35.66682961551868],[139.05498089491408,35.66690666060386],[139.05503291592885,35.66691723032418],[139.0552770248876,35.6669224086699],[139.05551226521823,35.666917733618135],[139.05585007423633,35.66689001673808],[139.0561146694697,35.666819398743435],[139.0562884358449,35.66671673759597],[139.05635744509095,35.66663262141644],[139.05639021012635,35.66657926865904],[139.05650381331645,35.66639308711691],[139.0565431471823,35.666335197228676],[139.05667135456193,35.66618950903692],[139.05682851414585,35.66607519807166],[139.05695294700564,35.66601962719074],[139.05702245634848,35.6660076166334],[139.05717279518962,35.66602945578979],[139.05742746423144,35.66612020906555],[139.05745069504889,35.66612281330691],[139.05756074119233,35.66606459612126],[139.05763892435846,35.66587315459622],[139.05769911829424,35.665793550005446],[139.0577794656395,35.6657517377199],[139.0578522148092,35.66572795130215],[139.05804184261132,35.66567929496047],[139.0585284480973,35.66561394694141],[139.0587302291474,35.665563437559754],[139.0588855183636,35.665496912514065],[139.05934251188177,35.66546056999754],[139.05953031294476,35.66546508537734],[139.05972260921345,35.66547683378076],[139.06013892944557,35.66562630024525],[139.06067134348126,35.66578607002178],[139.06083389124063,35.66581326977207],[139.0609255350375,35.665807421948784],[139.06128969667188,35.665759779375286],[139.06133275402738,35.66575957899155],[139.06140574431203,35.66577004846039],[139.06156306656555,35.665839628633385],[139.06165176718983,35.66588787457602],[139.06179394105786,35.66599988151268],[139.06201448300268,35.66610793178865],[139.06229019376127,35.66620128872977],[139.0624772988415,35.66626622260021],[139.0633007599973,35.666348887551976],[139.0641393699903,35.666389155779676],[139.06476563243552,35.666382597702885],[139.06490240845494,35.66635854366613],[139.06504107823082,35.666284869942146],[139.06515547779924,35.66622032441266],[139.06527006742434,35.66618285255037],[139.06549950023515,35.666137590198375],[139.06578741712235,35.66608307366341],[139.06590650152108,35.66605276331592],[139.06629347240462,35.665954509402034],[139.06638826682382,35.66592431263201],[139.0664695614047,35.66586446331063],[139.0663862083966,35.66579183065668],[139.06644102563226,35.665733901352674],[139.06649942727023,35.665554236414145],[139.06660572494735,35.66559521335296],[139.0667837506704,35.66562050200249],[139.06694577740737,35.665573793232795],[139.06714691314835,35.66543222214124],[139.06728393473009,35.66528465042616],[139.06740886530494,35.665147980378165],[139.06751279606118,35.665006865949984],[139.06871792923877,35.66299297183482],[139.06897973466624,35.66268978451393],[139.06950547232253,35.6617580320258],[139.07258980702815,35.66032158037413],[139.07481159583517,35.658220143165956],[139.07589405825962,35.656514772683764],[139.07726631651684,35.6563279174672],[139.0802802427362,35.65536034148808],[139.080743853221,35.65469693214135],[139.08056410547286,35.64950043952308],[139.08182910022686,35.648818359996795],[139.08397260074656,35.64852229687318],[139.085026828891,35.64787003560345],[139.086312082387,35.647813058692584],[139.08835495722687,35.64949604148037],[139.09096646300273,35.648275503231034],[139.09298829492582,35.647814916762606],[139.09470020036775,35.64707940698349],[139.09812240828333,35.647037686722],[139.09931460226503,35.64764842917391],[139.09935075231,35.648789341493654],[139.09855679329806,35.649974025449545],[139.0993824367742,35.651689656946154],[139.09845106716563,35.65340680376465],[139.09950815256326,35.653435770574795],[139.09977325991764,35.654622400392185],[139.10189428583263,35.65632075495458],[139.10291968944657,35.65638862028431],[139.10303459642685,35.65654039069864],[139.10342821500691,35.657627233653784],[139.10520207329927,35.65859347669215],[139.10931765874736,35.65874599648519],[139.11121146559657,35.65892421546824],[139.11276236355806,35.65787125547854],[139.11498433445564,35.65777935486966],[139.11493971253194,35.65879949553277],[139.11366140753387,35.65957154250514],[139.11533376544622,35.66026813461787],[139.1196924595924,35.65911038298825]]]},"properties":{"KEY_CODE":"192120180","PREF":"19","CITY":"212","CITY_NAME":"上野原市","S_NAME":"棡原","SETAI":"381"}},{"type":"Feature","geometry":{"type":"Polygon","coordinates":[[[139.06499178181807,35.69820884128144],[139.0643243228389,35.6994513388275],[139.062822006139,35.70092487065682],[139.061218506966,35.7016912878268],[139.05860459713443,35.702237952487174],[139.05612484015097,35.70317783080947],[139.05289106713587,35.70487647934574],[139.05214235488492,35.704945720140216],[139.05195785234392,35.70591369664322],[139.05073629489576,35.70777069241373],[139.0481722866904,35.708388968039216],[139.04744734348947,35.70951894575076],[139.04355495015164,35.70964645817945],[139.0417963027371,35.71072600856792],[139.03834469017232,35.71182748874429],[139.0377148020453,35.71282268042205],[139.03660877929596,35.71334853247527],[139.03452115386514,35.71533523755259],[139.03221552719756,35.71630362573774],[139.0300776644809,35.71641496750008],[139.02483066785746,35.719868663908116],[139.02352987767208,35.721568127074256],[139.0221839352176,35.72262324253419],[139.02222806232865,35.724640382410946],[139.02100309501606,35.727474252334],[139.0192200235942,35.72898187821901],[139.0181294293311,35.73125449835199],[139.0159210126984,35.73333178845274],[139.01504486119677,35.73340493461455],[139.0129172112239,35.737223297970395],[139.01246026972285,35.738879219665556],[139.0119187313959,35.739071695321805],[139.00991011038673,35.73841389237222],[139.00929875399765,35.73770731366824],[139.00890180507682,35.73597564527711],[139.00661831544244,35.73292220171549],[139.00557685608266,35.73237577932954],[139.0047572533695,35.73125605076467],[139.00265527141602,35.72958817089211],[139.0005906895404,35.72700250317845],[138.9999877011958,35.72462533513844],[138.99816220104537,35.72311760539024],[138.99538073559324,35.721255057251135],[138.9948117452726,35.72020572833926],[138.99476884277186,35.71891439941125],[138.99309137787918,35.71818619310119],[138.99191136079864,35.71655516902748],[138.99148372093572,35.71498798376191],[138.99186346256516,35.71366873688002],[138.98956858590716,35.71356271725647],[138.98608783948103,35.71453671641648],[138.98441900430362,35.713438440254805],[138.98245450946445,35.71349949784351],[138.97733573599692,35.71426434795469],[138.9765337610422,35.71358072879569],[138.97430895056237,35.71280625934047],[138.97312458284276,35.71285687560816],[138.97138642769184,35.71233662941533],[138.96974333373262,35.71099300985235],[138.9676239520671,35.70885655995622],[138.967995412623,35.70785250073997],[138.96827817625405,35.70721336282156],[138.9682054027645,35.704331155334685],[138.96871947290123,35.703816449346355],[138.96987343873383,35.703398937290224],[138.97028742824472,35.70251433939735],[138.97128350371855,35.702201261968234],[138.97183543396974,35.701849545232385],[138.97256281623265,35.700938791673465],[138.9741463588593,35.70052238791586],[138.9758767675489,35.70099296791239],[138.977538996817,35.7005430754993],[138.9805067045456,35.69744942226004],[138.98016216669586,35.695345854986165],[138.98032609049483,35.69275258870321],[138.98215090731915,35.69132775745585],[138.9835632587009,35.68891138496576],[138.9860379922278,35.68765325609424],[138.98720036291516,35.68666170237709],[138.98927510232485,35.685603508523215],[138.99190757539068,35.68492532042934],[138.9930397183518,35.68420843107716],[138.99445250906334,35.68243660132953],[138.99457859607685,35.681646942934194],[138.9940497563108,35.679218441668255],[138.99257185017646,35.675542294274265],[138.99386231062488,35.67422158788759],[138.9958458675948,35.67367879025105],[138.99723699030875,35.671863504340664],[138.99853685280354,35.67169687271139],[138.9997036959915,35.67079162476185],[139.00014920795402,35.670255400501446],[139.00324879215412,35.66979719807428],[139.00476110011192,35.66911403624214],[139.0065858821003,35.669005748108496],[139.00791069629395,35.66815591856913],[139.01233513013526,35.667089513628035],[139.01449738064295,35.66730618042248],[139.01733456454647,35.66683130964932],[139.01839690804047,35.667139630325416],[139.02015098879897,35.66694887225826],[139.0215253942477,35.66783407545582],[139.02453672227472,35.66637886209637],[139.02499418739458,35.66556566731505],[139.0263711059185,35.665172957490086],[139.029120277132,35.665016684527764],[139.030783021445,35.66525001191591],[139.0363649410573,35.66538390527054],[139.03847797695803,35.66457948121849],[139.03954057901979,35.66691234835415],[139.03954350548977,35.66980045498928],[139.04047539764377,35.67160081637545],[139.04040104352083,35.67367380906719],[139.04467692650746,35.67552512111574],[139.04632831164383,35.677226964523776],[139.04761273922747,35.67990330028223],[139.04995393593876,35.682306191971584],[139.05176543722575,35.68284255559492],[139.0523164393477,35.68073594481197],[139.0532656888388,35.68344031355667],[139.05303686488244,35.686252827456514],[139.05375334010114,35.68859937038564],[139.0572842933332,35.6913446327356],[139.05915484298166,35.69351633683745],[139.0601182343696,35.69578062061847],[139.06162772642094,35.69693500334659],[139.06499178181807,35.69820884128144]]]},"properties":{"KEY_CODE":"192120190","PREF":"19","CITY":"212","CITY_NAME":"上野原市","S_NAME":"西原","SETAI":"235"}},{"type":"Feature","geometry":{"type":"Polygon","coordinates":[[[139.02404631684166,35.579187800209674],[139.02412009329257,35.580522467662064],[139.0241540545582,35.580595378107056],[139.02186602434907,35.581492058934195],[139.01995565717775,35.58369229611731],[139.01866063736261,35.58371744642942],[139.01799831404145,35.582617590429976],[139.01527377245787,35.581817676333316],[139.01409910507778,35.57945962205119],[139.01096209827628,35.579409558844205],[139.00758761512407,35.5788346090619],[139.00506289152793,35.57894294821775],[139.00505744531702,35.57643075482157],[139.0062254740062,35.57458516661056],[139.00728118794547,35.57232897637378],[139.00666595519795,35.57061496211621],[139.00580070950176,35.569077554916944],[139.0065381493077,35.56830269646818],[139.00826295750457,35.56806938862596],[139.00938790068548,35.56678621765544],[139.0120625787738,35.56606968397998],[139.01421241401607,35.56374505331614],[139.0155122582209,35.563603396527775],[139.01782456876654,35.56152036823036],[139.0179122356856,35.55920397239016],[139.01727488586852,35.558012445232755],[139.01876228774088,35.55669594889022],[139.0182499624543,35.554829515880854],[139.0184624564661,35.554271229504714],[139.02023728975482,35.55378797669315],[139.02083729152753,35.553113050471474],[139.02396199999112,35.551813275020685],[139.0273740764114,35.552429911153105],[139.03110637999916,35.55279314972769],[139.03226292035055,35.55385681558513],[139.03190024494398,35.55527207474324],[139.03219252280954,35.55602841538684],[139.03345628535476,35.556877202954254],[139.03381294241248,35.55813318812833],[139.03521261636772,35.5601245627436],[139.03745359726486,35.560728653794435],[139.03761026654078,35.56138108277227],[139.03998593074016,35.56324891653075],[139.04017327712774,35.56424428214013],[139.03948118012912,35.56410806820088],[139.0374812015997,35.56471794543838],[139.03675755432897,35.56517002753614],[139.0352581537395,35.565531168462016],[139.03420227080136,35.56591517769389],[139.03381312112586,35.56607330801401],[139.03312392837674,35.56608189594257],[139.03214752092967,35.56564455957438],[139.03178607151312,35.56551363237451],[139.02958545623534,35.56533195669279],[139.02798807948903,35.56642850489004],[139.02759974728838,35.567696407229626],[139.02805449651385,35.56903338383311],[139.02852241057312,35.56950865731765],[139.02882550064868,35.569780441950286],[139.02922859745024,35.57020751549214],[139.02929305581205,35.570278283761006],[139.0297039230006,35.571002311910924],[139.029754422086,35.571703773384066],[139.02938955503393,35.57233682306216],[139.02916535761074,35.57267603040985],[139.02863410766506,35.57333170891381],[139.02815783365926,35.57403273938304],[139.0277388812345,35.57448501018444],[139.0267602703377,35.5756831724841],[139.02569856411716,35.57685883607933],[139.02415964083875,35.57887116468898],[139.02404631684166,35.579187800209674]]]},"properties":{"KEY_CODE":"192120200","PREF":"19","CITY":"212","CITY_NAME":"上野原市","S_NAME":"秋山無生野","SETAI":"45"}},{"type":"Feature","geometry":{"type":"Polygon","coordinates":[[[139.03486187973581,35.58447292223853],[139.03391405481352,35.58334116878513],[139.03358253920555,35.58318842129964],[139.0321989151823,35.58279938964065],[139.03113654668195,35.582797636923786],[139.02912916688075,35.58209003738237],[139.02647582154182,35.58096275890444],[139.02539490664833,35.580524128034256],[139.02463995758197,35.58059488093034],[139.02412009329257,35.580522467662064],[139.02404631684166,35.579187800209674],[139.02415964083875,35.57887116468898],[139.02569856411716,35.57685883607933],[139.0267602703377,35.5756831724841],[139.0277388812345,35.57448501018444],[139.02815783365926,35.57403273938304],[139.02863410766506,35.57333170891381],[139.02916535761074,35.57267603040985],[139.02938955503393,35.57233682306216],[139.029754422086,35.571703773384066],[139.0297039230006,35.571002311910924],[139.02929305581205,35.570278283761006],[139.02922859745024,35.57020751549214],[139.02882550064868,35.569780441950286],[139.02852241057312,35.56950865731765],[139.02805449651385,35.56903338383311],[139.02759974728838,35.567696407229626],[139.02798807948903,35.56642850489004],[139.02958545623534,35.56533195669279],[139.03178607151312,35.56551363237451],[139.03214752092967,35.56564455957438],[139.03312392837674,35.56608189594257],[139.03381312112586,35.56607330801401],[139.03420227080136,35.56591517769389],[139.0352581537395,35.565531168462016],[139.03675755432897,35.56517002753614],[139.0374812015997,35.56471794543838],[139.03948118012912,35.56410806820088],[139.04017327712774,35.56424428214013],[139.040724002574,35.56474219805686],[139.04146888949165,35.56526289654856],[139.0418535338447,35.56578320684476],[139.04237668220875,35.56625856255884],[139.0430113596074,35.56668876573262],[139.04342533001338,35.56696032726129],[139.04216848324964,35.56845982057597],[139.0417511375807,35.56957184568123],[139.0416367056021,35.57151516636832],[139.04058672999167,35.57332390679826],[139.0386059165739,35.57412205738153],[139.0381300459709,35.57761944441314],[139.03754312536967,35.57880161709471],[139.03616912612162,35.57983116974666],[139.0360107350891,35.58156646295041],[139.03486187973581,35.58447292223853]]]},"properties":{"KEY_CODE":"192120210","PREF":"19","CITY":"212","CITY_NAME":"上野原市","S_NAME":"秋山浜沢","SETAI":"32"}},{"type":"Feature","geometry":{"type":"Polygon","coordinates":[[[139.04725063093105,35.584379656445975],[139.04602567141023,35.58460410897979],[139.04361173367909,35.58315323717462],[139.04028721121432,35.58436013178597],[139.03977633328978,35.58445878933843],[139.03735257559418,35.58387525382945],[139.03615107737156,35.58425329613234],[139.03486187973581,35.58447292223853],[139.0360107350891,35.58156646295041],[139.03616912612162,35.57983116974666],[139.03754312536967,35.57880161709471],[139.0381300459709,35.57761944441314],[139.0386059165739,35.57412205738153],[139.04058672999167,35.57332390679826],[139.0416367056021,35.57151516636832],[139.0417511375807,35.56957184568123],[139.04216848324964,35.56845982057597],[139.04342533001338,35.56696032726129],[139.04476534562681,35.56769353887304],[139.0446383112042,35.56935168185591],[139.04586411157462,35.5711011470245],[139.0464871078636,35.57572574917474],[139.04497462938627,35.57666930149041],[139.04602230784178,35.57767068596731],[139.04792273182608,35.57754062551358],[139.04827376842505,35.58027273490144],[139.04771993629888,35.58129273072603],[139.04796636608427,35.58316126212543],[139.04725063093105,35.584379656445975]]]},"properties":{"KEY_CODE":"192120220","PREF":"19","CITY":"212","CITY_NAME":"上野原市","S_NAME":"秋山原","SETAI":"20"}},{"type":"Feature","geometry":{"type":"Polygon","coordinates":[[[139.0540776018433,35.58548722089106],[139.05255389424178,35.58523619896165],[139.0504508423171,35.58553819523565],[139.0489263074683,35.58470339535873],[139.04725063093105,35.584379656445975],[139.04796636608427,35.58316126212543],[139.04771993629888,35.58129273072603],[139.04827376842505,35.58027273490144],[139.04792273182608,35.57754062551358],[139.04602230784178,35.57767068596731],[139.04497462938627,35.57666930149041],[139.0464871078636,35.57572574917474],[139.04586411157462,35.5711011470245],[139.0446383112042,35.56935168185591],[139.04476534562681,35.56769353887304],[139.04342533001338,35.56696032726129],[139.04342967167534,35.566882143087966],[139.04462357028012,35.56745131165788],[139.04520417076927,35.56770049163728],[139.04833080239436,35.5686071276886],[139.04949030713303,35.56933154149263],[139.05047755633822,35.570727940762936],[139.05071889943721,35.57326065905817],[139.05310965799146,35.57407587349216],[139.05254728528652,35.57582950117184],[139.05358375072421,35.57707188340483],[139.05581098489768,35.5777058407184],[139.05653805503684,35.58094146553264],[139.0573003960403,35.58193827531635],[139.0564069204693,35.583304083779794],[139.0540776018433,35.58548722089106]]]},"properties":{"KEY_CODE":"192120230","PREF":"19","CITY":"212","CITY_NAME":"上野原市","S_NAME":"秋山尾崎","SETAI":"25"}},{"type":"Feature","geometry":{"type":"Polygon","coordinates":[[[139.0624251234876,35.58345257766706],[139.05967302088754,35.58483067805995],[139.05938298536964,35.58499268277778],[139.0576129001548,35.58507154625906],[139.0575578608094,35.58507824349784],[139.05507053229783,35.585574831666726],[139.0540776018433,35.58548722089106],[139.0564069204693,35.583304083779794],[139.0573003960403,35.58193827531635],[139.05653805503684,35.58094146553264],[139.05581098489768,35.5777058407184],[139.05358375072421,35.57707188340483],[139.05254728528652,35.57582950117184],[139.05310965799146,35.57407587349216],[139.05071889943721,35.57326065905817],[139.05047755633822,35.570727940762936],[139.04949030713303,35.56933154149263],[139.04833080239436,35.5686071276886],[139.04520417076927,35.56770049163728],[139.04462357028012,35.56745131165788],[139.04342967167534,35.566882143087966],[139.04387010237627,35.566048795049646],[139.0446802167481,35.56566948046268],[139.04548934633686,35.565152428160346],[139.0460844269646,35.56472397906841],[139.04638065703864,35.56442814586811],[139.04649275924987,35.56424711957439],[139.04735570206427,35.56372722077033],[139.04766048630938,35.56372746037037],[139.04851971896642,35.563727756177315],[139.04910236307688,35.56366018585094],[139.04939518811133,35.56363832944436],[139.0505958220162,35.56413586459164],[139.05238721838307,35.56565238938147],[139.05432207893233,35.56649017848994],[139.05608574391653,35.56802907347353],[139.05823206787917,35.57038237310721],[139.05903373013027,35.57074464061598],[139.06010406270906,35.572351256367355],[139.06257228647183,35.57536075752094],[139.06448948958135,35.575723173280316],[139.06447753655496,35.57755555222721],[139.06382540292466,35.578015786862174],[139.06330868894938,35.58087316051328],[139.062453601779,35.5818077232437],[139.0624251234876,35.58345257766706]]]},"properties":{"KEY_CODE":"192120240","PREF":"19","CITY":"212","CITY_NAME":"上野原市","S_NAME":"秋山寺下","SETAI":"42"}},{"type":"Feature","geometry":{"type":"Polygon","coordinates":[[[139.06537046898015,35.56985066604823],[139.0659842183491,35.5718328578941],[139.06689740614894,35.572082087827845],[139.06813597081663,35.57343968163862],[139.06782332920005,35.574638401147304],[139.06640829900516,35.57481911175164],[139.06448948958135,35.575723173280316],[139.06257228647183,35.57536075752094],[139.06010406270906,35.572351256367355],[139.05903373013027,35.57074464061598],[139.05823206787917,35.57038237310721],[139.05608574391653,35.56802907347353],[139.05432207893233,35.56649017848994],[139.05238721838307,35.56565238938147],[139.0505958220162,35.56413586459164],[139.04939518811133,35.56363832944436],[139.05068366824426,35.5628979717877],[139.0515759189357,35.562643391579314],[139.05249034767905,35.562689037227166],[139.0532108274197,35.56273447115954],[139.0544279513811,35.56309704299947],[139.05509017237907,35.56350433189402],[139.05558504390703,35.5641379387129],[139.05692122067953,35.564818653822776],[139.05830666122029,35.56504380275594],[139.0594152846642,35.56571487595781],[139.06082865769184,35.56610901215669],[139.06157450958491,35.56711113153086],[139.0637966964062,35.569013510969135],[139.06537046898015,35.56985066604823]]]},"properties":{"KEY_CODE":"192120250","PREF":"19","CITY":"212","CITY_NAME":"上野原市","S_NAME":"秋山板崎","SETAI":"34"}},{"type":"Feature","geometry":{"type":"Polygon","coordinates":[[[139.06241994765554,35.553259747087466],[139.06357110495165,35.555205539916614],[139.06345315989708,35.55626853199501],[139.0650201281279,35.55917555880832],[139.0656157287635,35.55945560875307],[139.06549855187149,35.56133633524387],[139.06595676150678,35.563327366165254],[139.06558047146706,35.565747706217245],[139.0677008476266,35.567919987632614],[139.0686106007559,35.56804278608816],[139.0699094918885,35.56925517226461],[139.07252204370306,35.5688986991691],[139.0723131311778,35.569954215182676],[139.07089408418847,35.57043564281723],[139.06537046898015,35.569850666048204],[139.0637966964062,35.569013510969114],[139.06157450958491,35.56711113153086],[139.06082865769187,35.56610901215669],[139.0594152846642,35.56571487595781],[139.05830666122029,35.56504380275594],[139.05692122067953,35.564818653822776],[139.05558504390703,35.5641379387129],[139.05509017237907,35.56350433189402],[139.0544279513811,35.56309704299947],[139.0532108274197,35.56273447115954],[139.05249034767905,35.562689037227166],[139.0515759189357,35.562643391579314],[139.05068366824426,35.5628979717877],[139.04939518811133,35.56363832944436],[139.04910236307688,35.56366018585094],[139.04851971896642,35.563727756177315],[139.04766048630938,35.56372746037037],[139.04735570206427,35.56372722077033],[139.04649275924987,35.56424711957439],[139.04638065703864,35.56442814586811],[139.0460844269646,35.56472397906841],[139.04548934633686,35.565152428160346],[139.0446802167481,35.56566948046268],[139.04387010237627,35.566048795049646],[139.04342967167534,35.56688214308797],[139.04342533001338,35.56696032726129],[139.0430113596074,35.56668876573262],[139.04237668220875,35.56625856255884],[139.0418535338447,35.56578320684476],[139.04146888949165,35.56526289654856],[139.040724002574,35.56474219805686],[139.04017327712774,35.56424428214013],[139.03998593074016,35.56324891653075],[139.03761026654078,35.56138108277227],[139.03745359726486,35.560728653794435],[139.03521261636772,35.5601245627436],[139.03381294241248,35.55813318812833],[139.03345628535476,35.556877202954254],[139.03219252280954,35.55602841538684],[139.03190024494398,35.55527207474324],[139.03226292035055,35.55385681558513],[139.03110637999916,35.55279314972769],[139.0273740764114,35.552429911153105],[139.0273241875287,35.55078011586836],[139.0278491449007,35.55001355813124],[139.02622449913696,35.547388885776314],[139.02604958061903,35.54628900675315],[139.0246460970932,35.544368252706604],[139.02572195230334,35.54316640692912],[139.03064998101016,35.54425491473482],[139.03177903080072,35.543827785050475],[139.03449482998693,35.54478375531317],[139.03962117494288,35.544885533127456],[139.04075020945325,35.545424630492846],[139.04282494636826,35.5453841380512],[139.045647749524,35.544722903344564],[139.0478600066932,35.54500791602244],[139.05103350068592,35.54626924784812],[139.054023750068,35.5463709723535],[139.05692103819928,35.54724089818514],[139.05793136637143,35.54893751140742],[139.05815159404753,35.54914109365562],[139.0587041357644,35.54939024802659],[139.0592553326141,35.54984266831008],[139.06008316190614,35.550385947661],[139.06071732770582,35.550883891158364],[139.0622315652856,35.55254094633581],[139.06241994765554,35.553259747087466]]]},"properties":{"KEY_CODE":"192120260","PREF":"19","CITY":"212","CITY_NAME":"上野原市","S_NAME":"秋山遠所","SETAI":"20"}},{"type":"Feature","geometry":{"type":"Polygon","coordinates":[[[139.07248857398804,35.58681979131542],[139.07086170742875,35.58673548217033],[139.06911110955417,35.58585420075379],[139.06675926070645,35.58647435282093],[139.06598733302883,35.58634978340744],[139.06407591156142,35.58424475283638],[139.0624251234876,35.58345257766706],[139.062453601779,35.5818077232437],[139.06330868894938,35.58087316051328],[139.06382540292466,35.578015786862174],[139.06447753655496,35.57755555222721],[139.06448948958135,35.575723173280316],[139.06640829900516,35.57481911175164],[139.06782332920005,35.574638401147304],[139.06813597081663,35.57343968163862],[139.06689740614894,35.572082087827845],[139.0659842183491,35.5718328578941],[139.06537046898015,35.56985066604823],[139.07089408418847,35.57043564281723],[139.0707867068555,35.57077116427529],[139.07072805452933,35.57126862954721],[139.07094798256315,35.571585424952495],[139.07116845548165,35.57176659015504],[139.07163721845473,35.57217389279255],[139.07213405475366,35.57246807560126],[139.07329265194588,35.57337313201055],[139.0751694872034,35.574663083882704],[139.07684760378032,35.57577706043011],[139.07706385170997,35.57614001893262],[139.07779833688767,35.57735583295751],[139.07780136544142,35.57777645905101],[139.0773451171786,35.58124627097781],[139.07722728659704,35.58233190345069],[139.07697536335806,35.58271642461085],[139.07652978146615,35.583010429791216],[139.07611231861824,35.58325912548313],[139.07575037934225,35.58348537328457],[139.075638920288,35.58357579192604],[139.07519219164686,35.584095836125584],[139.07257760908823,35.58650825765337],[139.07248857398804,35.58681979131542]]]},"properties":{"KEY_CODE":"192120270","PREF":"19","CITY":"212","CITY_NAME":"上野原市","S_NAME":"秋山大地","SETAI":"20"}},{"type":"Feature","geometry":{"type":"Polygon","coordinates":[[[139.08160866514856,35.5621780993969],[139.08038790954637,35.56232053407381],[139.07962522264572,35.561425319171],[139.07880109752142,35.56303231978193],[139.0778247529113,35.563459426440765],[139.07661519447285,35.56199311250664],[139.07564046136392,35.56556085871041],[139.07667329523926,35.56831440535022],[139.07501501338322,35.569069688532124],[139.0748576864104,35.570559652193516],[139.07525516829722,35.57328628529557],[139.07657126584294,35.574445895758416],[139.07659705615902,35.57552837778211],[139.0751694872034,35.574663083882704],[139.07329265194588,35.57337313201055],[139.07213405475366,35.57246807560126],[139.07163721845473,35.57217389279255],[139.07116845548165,35.57176659015504],[139.07094798256315,35.571585424952495],[139.07072805452933,35.57126862954721],[139.0707867068555,35.57077116427529],[139.07089408418847,35.57043564281723],[139.0723131311778,35.569954215182676],[139.07252204370306,35.5688986991691],[139.0699094918885,35.56925517226461],[139.0686106007559,35.56804278608816],[139.0677008476266,35.567919987632614],[139.06558047146706,35.565747706217245],[139.06595676150678,35.563327366165254],[139.06549855187149,35.56133633524387],[139.0656157287635,35.55945560875307],[139.0650201281279,35.55917555880832],[139.06345315989708,35.55626853199501],[139.06357110495165,35.555205539916614],[139.06241994765554,35.553259747087466],[139.0622315652856,35.55254094633581],[139.06071732770582,35.550883891158364],[139.06008316190614,35.550385947661],[139.0592553326141,35.54984266831008],[139.0587041357644,35.54939024802659],[139.05815159404753,35.54914109365562],[139.05793136637143,35.54893751140742],[139.05692103819928,35.54724089818514],[139.05762448666428,35.54676770980283],[139.05930299375777,35.54576094585592],[139.06262905464993,35.5459237834339],[139.06467362213112,35.54518117274207],[139.06629070755088,35.54518119853391],[139.07272919728112,35.54659538300749],[139.07498727319077,35.547663359224046],[139.0765434917136,35.54795838500274],[139.07842279850698,35.54884646207846],[139.078487032503,35.550774757801534],[139.0780760044638,35.55227270877546],[139.07871741461895,35.55517338866412],[139.08016349991834,35.55698684623313],[139.08011763118472,35.55790481494125],[139.08117718367708,35.562002679359175],[139.08160866514856,35.5621780993969]]]},"properties":{"KEY_CODE":"192120280","PREF":"19","CITY":"212","CITY_NAME":"上野原市","S_NAME":"秋山栗谷","SETAI":"26"}},{"type":"Feature","geometry":{"type":"Polygon","coordinates":[[[139.08265912299984,35.57830652391431],[139.07883438654844,35.57810212929198],[139.07778869640038,35.57849520532548],[139.07780136544142,35.57777645905101],[139.07779833688767,35.57735583295751],[139.07706385170997,35.57614001893262],[139.07684760378032,35.57577706043011],[139.07659705615902,35.57552837778211],[139.07657126584294,35.574445895758416],[139.07525516829722,35.57328628529557],[139.0748576864104,35.570559652193516],[139.07501501338322,35.569069688532124],[139.07667329523926,35.56831440535022],[139.07564046136392,35.56556085871041],[139.07661519447285,35.56199311250664],[139.0778247529113,35.563459426440765],[139.07880109752142,35.56303231978193],[139.07962522264572,35.561425319171],[139.08038790954637,35.56232053407381],[139.08160866514856,35.5621780993969],[139.0825290018532,35.5624178900222],[139.08352479133404,35.563838905141615],[139.08355881930018,35.56527947807229],[139.08273754358254,35.567874149383556],[139.08325239412687,35.56856459221621],[139.0842950626039,35.568536430496685],[139.08551830208947,35.57020061036909],[139.0833817865109,35.57121430289775],[139.08253331635356,35.57627050947619],[139.08265912299984,35.57830652391431]]]},"properties":{"KEY_CODE":"192120290","PREF":"19","CITY":"212","CITY_NAME":"上野原市","S_NAME":"秋山中野","SETAI":"27"}},{"type":"Feature","geometry":{"type":"Polygon","coordinates":[[[139.08916076421957,35.57149857053834],[139.08854883737462,35.57183768243185],[139.088186110728,35.57224480411318],[139.08740579709843,35.5728781218688],[139.08670959687407,35.57337582742768],[139.08614056102235,35.57387287644443],[139.0858446203576,35.57428054671162],[139.08588760041306,35.57496701654994],[139.08610646695823,35.57674611597878],[139.08421470867032,35.57780911955707],[139.08265912299984,35.57830652391431],[139.08253331635356,35.57627050947619],[139.0833817865109,35.57121430289775],[139.08551830208947,35.57020061036909],[139.0842950626039,35.568536430496685],[139.08325239412687,35.56856459221621],[139.08273754358254,35.567874149383556],[139.08355881930018,35.56527947807229],[139.08352479133404,35.563838905141615],[139.0825290018532,35.5624178900222],[139.08160866514856,35.5621780993969],[139.08117718367708,35.562002679359175],[139.08011763118472,35.55790481494125],[139.08016349991834,35.55698684623313],[139.07871741461895,35.55517338866412],[139.0780760044638,35.55227270877546],[139.078487032503,35.550774757801534],[139.07842279850698,35.54884646207846],[139.08022063757505,35.54835511033509],[139.08165464663026,35.54877234242687],[139.08364816388956,35.54866346322499],[139.0836769181269,35.54880835319084],[139.0839505596062,35.54937393933414],[139.08422420465033,35.54993956067294],[139.0845765507278,35.55120636277298],[139.08481951314172,35.55222440913807],[139.0852280164475,35.55335545859966],[139.08561386137177,35.553695036588316],[139.08778287594464,35.55376979247805],[139.08860817296224,35.55351447659011],[139.09046260228484,35.55392192261073],[139.09131926269367,35.55430651376764],[139.09239190792402,35.55561876747742],[139.09263981186373,35.555867688087886],[139.0929984404658,35.55616180552866],[139.09341248632103,35.55643325651325],[139.09423153112047,35.556683115508875],[139.09554083051682,35.55790388980775],[139.09705007974983,35.558355081008315],[139.09755120965843,35.55858204298326],[139.09826607741235,35.55929725155486],[139.09864469789497,35.55990971599973],[139.09951700750955,35.560886832936816],[139.1003270793118,35.56178407769501],[139.1008330767742,35.56213437025401],[139.10099852097,35.56229273002497],[139.10127320995062,35.56267722414757],[139.10077355233176,35.56279032409618],[139.09985761307703,35.56301656305736],[139.0981091112151,35.5634010128617],[139.09699965846417,35.56349129427588],[139.09619386034353,35.56383055802968],[139.09590713768694,35.56536889177875],[139.0957353012102,35.56627373673308],[139.09540555417075,35.56699619884799],[139.09552668276467,35.56862625356785],[139.09574567306046,35.5690786733906],[139.09598716113533,35.57034561516932],[139.09542946939496,35.57218481829829],[139.09430517965833,35.57258587412088],[139.09233010019878,35.57195569383048],[139.09015763629208,35.571702261952844],[139.08916076421957,35.57149857053834]]]},"properties":{"KEY_CODE":"192120300","PREF":"19","CITY":"212","CITY_NAME":"上野原市","S_NAME":"秋山神野","SETAI":"47"}},{"type":"Feature","geometry":{"type":"Polygon","coordinates":[[[139.0962797223675,35.57643577371179],[139.0956920095847,35.57667005593613],[139.09514928874137,35.576857850404025],[139.09415479422586,35.5768215716016],[139.09397963327567,35.57665117422503],[139.0933733170316,35.57615882527704],[139.0928472569427,35.576023028245494],[139.09201483100614,35.57618145276771],[139.0912937145281,35.576204057217765],[139.0906021787863,35.57600025897828],[139.0898551057607,35.57575138032997],[139.0880781552455,35.57618097073159],[139.08715900967275,35.576882104205865],[139.08635592515137,35.57672350253741],[139.08588760041306,35.57496701654994],[139.0858446203576,35.57428054671162],[139.08614056102235,35.57387287644443],[139.08670959687407,35.57337582742768],[139.08740579709843,35.5728781218688],[139.088186110728,35.57224480411318],[139.08854883737462,35.57183768243185],[139.08916076421957,35.57149857053834],[139.09015763629208,35.571702261952844],[139.09233010019878,35.57195569383048],[139.09430517965833,35.57258587412088],[139.09542946939496,35.57218481829829],[139.09598716113533,35.57034561516932],[139.09574567306046,35.5690786733906],[139.09552668276467,35.56862625356785],[139.09540555417075,35.56699619884799],[139.0957353012102,35.56627373673308],[139.09590713768694,35.56536889177875],[139.09619386034353,35.56383055802968],[139.09699965846417,35.56349129427588],[139.0981091112151,35.5634010128617],[139.09985761307703,35.56301656305736],[139.10077355233176,35.56279032409618],[139.10094917192868,35.566995187701814],[139.1018860381342,35.567867161445534],[139.10199179115415,35.56924973918191],[139.1015212607921,35.569817392750636],[139.10046485188434,35.57048542038255],[139.10010746866269,35.57077534521908],[139.0999458728595,35.571227913527785],[139.0999987228872,35.5716577992508],[139.09985423206342,35.57260782034649],[139.09957406430425,35.573105515728834],[139.09908839785973,35.57499138893079],[139.10029075938795,35.57539997263407],[139.09943718823803,35.57697667410847],[139.09847426454465,35.57741976192694],[139.09813910482103,35.57726555122061],[139.0974717030006,35.57667054749753],[139.09690363349017,35.57649748587901],[139.0966766289082,35.5764615649335],[139.0962797223675,35.57643577371179]]]},"properties":{"KEY_CODE":"192120310","PREF":"19","CITY":"212","CITY_NAME":"上野原市","S_NAME":"秋山小和田","SETAI":"19"}},{"type":"Feature","geometry":{"type":"Polygon","coordinates":[[[139.10291843689188,35.59120275685579],[139.0990317180415,35.59219425130236],[139.09866535618963,35.59274359983785],[139.09697187537904,35.59307903695375],[139.09578168491348,35.593943628450646],[139.09356935039128,35.59400464395611],[139.09164697890827,35.59488949790701],[139.0910214916769,35.59461480247738],[139.08911417052622,35.594482528889486],[139.08761907835094,35.593221266937114],[139.08600175999308,35.592488784992305],[139.08468969688866,35.59169550450057],[139.08410976531852,35.59090193400898],[139.08353011653332,35.590556114342654],[139.08101134400926,35.59083834371048],[139.08068597454255,35.59046664343377],[139.08047129609005,35.590135819418435],[139.07959378377876,35.59047454657817],[139.07767118672342,35.59041333960571],[139.07731051769696,35.58942594317462],[139.07800724715747,35.5889250027722],[139.08277106452027,35.58685731863158],[139.08329974331642,35.58658598508326],[139.08421633522562,35.586337253920675],[139.0855192091499,35.586337401072356],[139.08599389887104,35.58620084971099],[139.08643619391236,35.58604343419356],[139.087046372351,35.585998469606096],[139.08801802355194,35.58577221489048],[139.08871336439154,35.58545578845555],[139.08949090732986,35.58525226198352],[139.08987959394085,35.58513917681816],[139.0907967833257,35.584777329670175],[139.09118581643693,35.58464167097785],[139.09185122428343,35.58464155213812],[139.09315451512208,35.58459665400928],[139.09412773414226,35.58414426738593],[139.09646008735317,35.58357874939621],[139.0987351647233,35.58333001142749],[139.1025328269995,35.583397949519],[139.10383981367988,35.58733406284038],[139.10293898341473,35.58952830303475],[139.10291843689188,35.59120275685579]]]},"properties":{"KEY_CODE":"192120320","PREF":"19","CITY":"212","CITY_NAME":"上野原市","S_NAME":"秋山金山","SETAI":"5"}},{"type":"Feature","geometry":{"type":"Polygon","coordinates":[[[139.1129038222683,35.591214121679265],[139.1127738658661,35.59119826938503],[139.11263341278976,35.59117916126066],[139.1123655884403,35.59104739854471],[139.1122925744987,35.59100861750047],[139.11172968706703,35.59068903516956],[139.11154879808507,35.59052760697774],[139.11111074137176,35.59020111985673],[139.11065982130015,35.58985484042276],[139.11029483677663,35.58965948610132],[139.10946038577467,35.58960994769824],[139.107701534062,35.59019060648469],[139.10697520256602,35.590428892228175],[139.10617852243325,35.59034166919461],[139.10582537780473,35.59069267746099],[139.10532811480812,35.59132237978702],[139.10447181171796,35.591647527891276],[139.10388839511126,35.59149517641225],[139.10334978163328,35.59128739151195],[139.10291843689188,35.59120275685579],[139.10293898341473,35.58952830303475],[139.10383981367988,35.58733406284038],[139.1025328269995,35.583397949519],[139.10397439797254,35.5834206762341],[139.10452964227406,35.583307448321726],[139.10525183388404,35.58305870804708],[139.10583645203005,35.582674150256885],[139.10617212560922,35.582153735733996],[139.10623170754414,35.58147517625849],[139.10626480075612,35.5805929616574],[139.10704757969285,35.579529777865034],[139.1076341743112,35.5787832224406],[139.10769260948197,35.57828553560034],[139.1078087915841,35.577425994161544],[139.10794927749762,35.57708657742905],[139.10845132491485,35.57661151154687],[139.10920089710217,35.57645309835727],[139.10984044385827,35.57611383115706],[139.1103443845416,35.57529939841106],[139.11183432860648,35.576430359242785],[139.11229788671295,35.577742453926184],[139.11379295695573,35.578081440154904],[139.11627481147045,35.58027532228557],[139.11636520507108,35.58193730119201],[139.1170362394088,35.58278633327352],[139.1169967614331,35.583837931770645],[139.11495294277296,35.5850691031582],[139.11457690853436,35.5861117529085],[139.1133396867183,35.58657566885267],[139.1113367952048,35.58792266649847],[139.11278920544348,35.588701777567586],[139.1129038222683,35.591214121679265]]]},"properties":{"KEY_CODE":"192120330","PREF":"19","CITY":"212","CITY_NAME":"上野原市","S_NAME":"秋山桜井","SETAI":"55"}},{"type":"Feature","geometry":{"type":"Polygon","coordinates":[[[139.12216189016976,35.589041681413974],[139.1204837250218,35.58852308660547],[139.11944606532512,35.58854335743505],[139.11694372252785,35.589906187318164],[139.1155402430459,35.590048641649695],[139.1147161579701,35.590211360755006],[139.1137092343148,35.59116734697511],[139.1129038222683,35.591214121679265],[139.11278920544348,35.588701777567586],[139.1113367952048,35.58792266649847],[139.1133396867183,35.58657566885267],[139.11457690853436,35.5861117529085],[139.11495294277296,35.5850691031582],[139.1169967614331,35.583837931770645],[139.1170362394088,35.58278633327352],[139.11636520507108,35.58193730119201],[139.1167915552025,35.582359133831446],[139.1199957001034,35.58203368939359],[139.1215825353121,35.581342147375864],[139.12472553960308,35.58071174792702],[139.12399322510817,35.5788197823909],[139.1240543730134,35.57776215681542],[139.1229556586642,35.576988914967025],[139.12362703150706,35.57574828590839],[139.1222235993847,35.57523973264355],[139.1219489252191,35.574527626814444],[139.12258975786241,35.57355139809585],[139.12197959392458,35.57233072726472],[139.12402418453738,35.57058128276501],[139.1247398191681,35.568371959058815],[139.12226287924514,35.56668319879917],[139.1245392384677,35.56550300142029],[139.12648130918703,35.565185920485796],[139.1292796939159,35.56528899183937],[139.1295778427587,35.56708247531102],[139.1287537236812,35.567855672833886],[139.12890639655828,35.56978807149089],[139.12698377528295,35.57172054286249],[139.12695342566454,35.57292067224739],[139.12820429170094,35.575544723437105],[139.12731929174282,35.57721280191928],[139.12771577595655,35.58099646282774],[139.12617406219016,35.5815597787956],[139.1243608602914,35.581609242337755],[139.12445126959574,35.58272939103028],[139.12677697411178,35.58345100141506],[139.12580250130713,35.584203167722364],[139.12384311550778,35.58437340555267],[139.12279252568212,35.583738514346926],[139.12214134710814,35.58404872630025],[139.12225611014833,35.58620929904499],[139.1214286738606,35.58697397870154],[139.12216189016976,35.589041681413974]]]},"properties":{"KEY_CODE":"192120340","PREF":"19","CITY":"212","CITY_NAME":"上野原市","S_NAME":"秋山一古沢","SETAI":"17"}},{"type":"Feature","geometry":{"type":"Polygon","coordinates":[[[139.11636520507108,35.58193730119201],[139.11627481147045,35.58027532228557],[139.11379295695573,35.578081440154904],[139.11229788671295,35.577742453926184],[139.11183432860648,35.576430359242785],[139.1103443845416,35.57529939841106],[139.1105437127016,35.57441732185762],[139.1104485528924,35.5737045425417],[139.11061252792797,35.572792611503004],[139.10983643329416,35.57215527406448],[139.1095616854202,35.571770595158526],[139.10931661529034,35.5710467384929],[139.10946439895426,35.56948607231154],[139.1093599839326,35.5684454680466],[139.10915452061388,35.56787789561568],[139.1090319571607,35.56765532986589],[139.10854065307828,35.56715531376873],[139.1083211333728,35.566995903964376],[139.11075940925903,35.56616070955623],[139.11182369429426,35.56633619371539],[139.11553940603673,35.5687390206462],[139.11734733593238,35.56769832968342],[139.12103644737851,35.56736070737702],[139.12226287924514,35.56668319879917],[139.1247398191681,35.568371959058815],[139.12402418453738,35.57058128276501],[139.12197959392458,35.57233072726472],[139.12258975786241,35.57355139809585],[139.1219489252191,35.574527626814444],[139.1222235993847,35.57523973264355],[139.12362703150706,35.57574828590839],[139.1229556586642,35.576988914967025],[139.1240543730134,35.57776215681542],[139.12399322510817,35.5788197823909],[139.12472553960308,35.58071174792702],[139.1215825353121,35.581342147375864],[139.1199957001034,35.58203368939359],[139.1167915552025,35.582359133831446],[139.11636520507108,35.58193730119201]]]},"properties":{"KEY_CODE":"192120350","PREF":"19","CITY":"212","CITY_NAME":"上野原市","S_NAME":"秋山富岡","SETAI":"53"}},{"type":"Feature","geometry":{"type":"Polygon","coordinates":[[[139.08421633522562,35.586337253920675],[139.08329974331642,35.58658598508326],[139.08277106452027,35.58685731863158],[139.07800724715747,35.5889250027722],[139.0773105176969,35.58942594317462],[139.07697993392762,35.58893697401178],[139.07431028671093,35.58788916263699],[139.07248857398804,35.58681979131542],[139.07257760908823,35.58650825765337],[139.07519219164686,35.584095836125584],[139.075638920288,35.58357579192604],[139.07575037934225,35.58348537328457],[139.07611231861824,35.58325912548313],[139.07652978146615,35.583010429791216],[139.07697536335806,35.58271642461085],[139.07722728659704,35.58233190345069],[139.0773451171786,35.58124627097781],[139.07778869640038,35.57849520532548],[139.07883438654844,35.57810212929198],[139.08265912299984,35.57830652391431],[139.08421470867032,35.57780911955707],[139.08610646695823,35.57674611597878],[139.08635592515137,35.57672350253741],[139.08715900967275,35.576882104205865],[139.0880781552455,35.57618097073159],[139.0898551057607,35.57575138032997],[139.0906021787863,35.57600025897828],[139.0912937145281,35.576204057217765],[139.09201483100614,35.57618145276771],[139.0928472569427,35.576023028245494],[139.0933733170316,35.57615882527704],[139.09397963327567,35.57665117422503],[139.09415479422586,35.5768215716016],[139.09514928874137,35.576857850404025],[139.0956920095847,35.57667005593613],[139.0962797223675,35.57643577371179],[139.0966766289082,35.5764615649335],[139.09690363349017,35.57649748587901],[139.0974717030006,35.57667054749753],[139.09813910482103,35.57726555122061],[139.09847426454465,35.57741976192694],[139.09943718823803,35.57697667410847],[139.10029075938795,35.57539997263407],[139.09908839785973,35.57499138893079],[139.09957406430425,35.573105515728834],[139.09985423206342,35.57260782034649],[139.0999987228872,35.5716577992508],[139.0999458728595,35.571227913527785],[139.10010746866269,35.57077534521908],[139.10046485188434,35.57048542038255],[139.1015212607921,35.569817392750636],[139.10199179115415,35.56924973918191],[139.10188603813418,35.567867161445534],[139.10094917192868,35.566995187701814],[139.10077355233176,35.56279032409618],[139.10127320995062,35.56267722414757],[139.10190902349828,35.56294866782482],[139.10296177029437,35.5630619204608],[139.10376572781996,35.56301651996168],[139.10459476106436,35.56342387443389],[139.10671441061828,35.565866742790895],[139.10740403282125,35.56638714861214],[139.10807524717848,35.566768498461734],[139.1083211333728,35.566995903964376],[139.10854065307828,35.56715531376873],[139.1090319571607,35.56765532986589],[139.10915452061388,35.56787789561568],[139.1093599839326,35.5684454680466],[139.10946439895426,35.56948607231154],[139.10931661529034,35.5710467384929],[139.1095616854202,35.571770595158526],[139.10983643329416,35.57215527406448],[139.11061252792797,35.572792611503026],[139.1104485528924,35.5737045425417],[139.1105437127016,35.57441732185762],[139.1103443845416,35.57529939841106],[139.10984044385827,35.57611383115706],[139.10920089710217,35.57645309835727],[139.10845132491485,35.57661151154687],[139.10794927749762,35.57708657742905],[139.1078087915841,35.577425994161544],[139.10769260948197,35.57828553560034],[139.1076341743112,35.5787832224406],[139.10704757969285,35.579529777865034],[139.10626480075612,35.5805929616574],[139.10623170754414,35.58147517625849],[139.10617212560922,35.582153735733996],[139.10583645203005,35.582674150256885],[139.10525183388404,35.58305870804708],[139.10452964227406,35.583307448321726],[139.10397439797254,35.5834206762341],[139.1025328269995,35.583397949519],[139.0987351647233,35.58333001142749],[139.09646008735317,35.58357874939621],[139.09412773414226,35.58414426738593],[139.09315451512208,35.58459665400928],[139.09185122428343,35.58464155213812],[139.09118581643693,35.58464167097785],[139.0907967833257,35.584777329670175],[139.08987959394085,35.58513917681816],[139.08949090732986,35.58525226198352],[139.08871336439154,35.58545578845555],[139.08801802355194,35.58577221489048],[139.087046372351,35.585998469606096],[139.08643619391236,35.58604343419356],[139.08599389887104,35.58620084971099],[139.0855192091499,35.586337401072356],[139.08421633522562,35.586337253920675]]]},"properties":{"KEY_CODE":"192120360","PREF":"19","CITY":"212","CITY_NAME":"上野原市","S_NAME":"秋山古福志","SETAI":"26"}},{"type":"Feature","geometry":{"type":"Polygon","coordinates":[[[139.12226287924514,35.56668319879917],[139.12103644737851,35.56736070737702],[139.11734733593238,35.56769832968342],[139.11553940603673,35.5687390206462],[139.11182369429426,35.56633619371539],[139.11075940925903,35.56616070955623],[139.1083211333728,35.566995903964376],[139.10807524717848,35.566768498461734],[139.10740403282125,35.56638714861214],[139.10671441061828,35.565866742790895],[139.10459476106436,35.56342387443389],[139.10376572781996,35.56301651996168],[139.10296177029437,35.5630619204608],[139.10190902349828,35.56294866782482],[139.10127320995062,35.56267722414757],[139.10099852097,35.56229273002497],[139.1008330767742,35.56213437025401],[139.1003270793118,35.56178407769501],[139.09951700750955,35.560886832936816],[139.09864469789497,35.55990971599973],[139.09826607741235,35.55929725155486],[139.09755120965843,35.55858204298326],[139.09705007974983,35.558355081008315],[139.09554083051682,35.55790388980775],[139.09423153112047,35.556683115508875],[139.09341248632103,35.55643325651325],[139.0929984404658,35.55616180552866],[139.09263981186373,35.555867688087886],[139.09239190792402,35.55561876747742],[139.09131926269367,35.55430651376764],[139.09046260228484,35.55392192261073],[139.08860817296224,35.55351447659011],[139.08778287594464,35.55376979247805],[139.08561386137177,35.553695036588316],[139.0852280164475,35.55335545859966],[139.08481951314172,35.55222440913807],[139.0845765507278,35.55120636277298],[139.08422420465033,35.54993956067294],[139.0839505596062,35.54937393933414],[139.0836769181269,35.54880835319084],[139.08426385341258,35.54853827177635],[139.08542350257906,35.54812145346031],[139.0867964546006,35.5468806108574],[139.08751366149679,35.545527746603554],[139.0887038552607,35.544114197044124],[139.090580684366,35.54379908989409],[139.09332684750473,35.54451112769412],[139.09434925362697,35.54451121432717],[139.09505088302558,35.54429766911137],[139.09614968873504,35.54555896576337],[139.0964088058766,35.54570149311808],[139.0973395810199,35.54566074457097],[139.0994451887739,35.54611864364734],[139.10142864781292,35.546047698969836],[139.1018711012302,35.54639352683793],[139.10362565329044,35.54720749139345],[139.10567019453893,35.548204446562565],[139.10634150590107,35.548733331897665],[139.10805025238326,35.54899790733964],[139.10936238658195,35.54941516722313],[139.1111983414359,35.54942927591851],[139.11221579445603,35.54988307680203],[139.11301827141233,35.55128084267698],[139.11446949344437,35.55213582902225],[139.11477898960118,35.55329059381501],[139.11685404389934,35.555060444395124],[139.12066848277908,35.55587446937094],[139.12362797038034,35.558193551356126],[139.12463492215224,35.560309016728695],[139.12612993811314,35.56148881036326],[139.12832680611476,35.5625872497876],[139.12921164616054,35.56405169266865],[139.1292796939159,35.56528899183937],[139.12648130918703,35.565185920485796],[139.1245392384677,35.56550300142029],[139.12226287924514,35.56668319879917]]]},"properties":{"KEY_CODE":"192120370","PREF":"19","CITY":"212","CITY_NAME":"上野原市","S_NAME":"秋山安寺沢","SETAI":"20"}}]}