{"type":"FeatureCollection","features":[{"type":"Feature","geometry":{"type":"Polygon","coordinates":[[[135.87158531557745,34.28553053729867],[135.8702018208096,34.283870063584786],[135.87040570677067,34.28376096024755],[135.87050750514877,34.2835204585403],[135.87076369587385,34.282999079496285],[135.87073008903567,34.282456268417896],[135.87079954302413,34.28203837612385],[135.87085068400845,34.28175880014738],[135.87091886094834,34.280981544812015],[135.87108947281246,34.28074717077695],[135.87138666197345,34.280651122499435],[135.87159877650024,34.280523712349996],[135.8718130883848,34.280129917365706],[135.87197991243377,34.2800009097417],[135.8721400306191,34.279507884548686],[135.87245770068927,34.2790375665844],[135.87255575505395,34.27886622980595],[135.872565590499,34.278338536887574],[135.87264950402636,34.27792672882364],[135.87253423801653,34.27748160912547],[135.87242386987202,34.27616748575466],[135.87240288564934,34.275656257234886],[135.87216794816166,34.275304265339955],[135.8718007639011,34.274977498086265],[135.8717249130127,34.27483021301837],[135.8715592448629,34.2741744459432],[135.8714202064029,34.273896230059826],[135.87084865498673,34.27336935592156],[135.87071854857274,34.2731707382615],[135.87026827937623,34.272696812476305],[135.87484872953218,34.27000185911558],[135.87634344840356,34.269647696099106],[135.87772737022516,34.268929538498156],[135.8783686610001,34.26984991412034],[135.87972302712484,34.270881988482536],[135.88078356855078,34.27102094329463],[135.8797747879868,34.27041520580116],[135.87943137705372,34.26922664149933],[135.87990643319702,34.26900932720174],[135.8810324358471,34.26901240609542],[135.88132188400374,34.268911121359324],[135.8817026019964,34.26972571785515],[135.88136662224733,34.271457779209186],[135.88274953932734,34.27322954060348],[135.8833438261277,34.27574698648167],[135.8852455299107,34.278491054642274],[135.88462786099313,34.27992166352098],[135.88475753268287,34.280493137157706],[135.88313768561898,34.28094561091736],[135.88177399870278,34.282147163615505],[135.8815121268194,34.28291660801357],[135.87936961835376,34.28404217734037],[135.87722266127722,34.28440843769192],[135.87679786302138,34.28507545289681],[135.87619907239946,34.28453814563074],[135.87428662606274,34.28555104805667],[135.87158531557745,34.28553053729867]]]},"properties":{"KEY_CODE":"29446001001","PREF":"29","CITY":"446","CITY_NAME":"天川村","S_NAME":"大字洞川","SETAI":"21"}},{"type":"Feature","geometry":{"type":"Polygon","coordinates":[[[135.87402890802184,34.28758710088434],[135.87221565112097,34.28635514120735],[135.87158531557745,34.28553053729867],[135.87428662606274,34.28555104805667],[135.87619907239946,34.28453814563074],[135.87679786302138,34.28507545289681],[135.87722266127722,34.28440843769192],[135.87936961835376,34.28404217734037],[135.8815121268194,34.28291660801357],[135.88177399870278,34.282147163615505],[135.88313768561898,34.28094561091736],[135.88475753268287,34.280493137157706],[135.88462786099313,34.27992166352098],[135.8852455299107,34.278491054642274],[135.8833438261277,34.27574698648167],[135.88274953932734,34.27322954060348],[135.88136662224733,34.271457779209186],[135.8817026019964,34.26972571785515],[135.88347053811128,34.2691521134186],[135.88528534860305,34.26957447342217],[135.8868686345456,34.26966356855134],[135.88821903772927,34.269446462051505],[135.88847388097082,34.269905224825095],[135.89054111165262,34.27010965862675],[135.89962183971895,34.27299204755572],[135.90142621566437,34.27408456772376],[135.9026698418442,34.27562977762675],[135.90513437044714,34.27779125191352],[135.90662436507105,34.279962362298335],[135.90881566148275,34.28200128955999],[135.90910908436638,34.28288123812933],[135.91051540355298,34.28382993193085],[135.91262475612334,34.28430174606142],[135.91455715628274,34.284260490308256],[135.91438993533038,34.28455154590986],[135.9142679010066,34.28501998937751],[135.9128770830894,34.28630214069171],[135.91123080719092,34.286823529101696],[135.90888460669646,34.288104826156406],[135.90788889295558,34.28934038419139],[135.9049523774098,34.290275343055214],[135.90181899156664,34.29244609054927],[135.90076876267761,34.29184694113838],[135.8982977050429,34.29194941039188],[135.8961972093359,34.29085909099965],[135.89518648010937,34.289968031259605],[135.89418798563182,34.28975091128278],[135.89352031266984,34.288892393730265],[135.89265227950372,34.28853844330245],[135.88960801592793,34.28874106098255],[135.88796580213892,34.28933797371185],[135.88697921822998,34.289982260565715],[135.8855731402476,34.28932472074013],[135.88453084043334,34.2894175488594],[135.88355914304026,34.28866689432113],[135.88198225380464,34.289065500143174],[135.8804024990088,34.288400744378926],[135.87906049580255,34.288525673295794],[135.87755886588562,34.2879185794664],[135.87402890802184,34.28758710088434]]]},"properties":{"KEY_CODE":"29446001002","PREF":"29","CITY":"446","CITY_NAME":"天川村","S_NAME":"大字洞川","SETAI":"26"}},{"type":"Feature","geometry":{"type":"Polygon","coordinates":[[[135.92487725183616,34.279268744375756],[135.92472603217138,34.279343028500534],[135.9241852869799,34.279229139706224],[135.92394748597528,34.279308016520034],[135.92300917612897,34.28016954371388],[135.92267910686343,34.28040613254876],[135.92238175333807,34.28061808985306],[135.92205775676788,34.28070408915982],[135.92146467641444,34.28096148836953],[135.92117623583206,34.28117598281478],[135.92102168221973,34.2812079974704],[135.92064735851667,34.28109420254054],[135.92035312443673,34.28113344706942],[135.92013617877433,34.28114569624175],[135.9197600534318,34.28138351168211],[135.91911504023457,34.281550705062706],[135.91850291511497,34.28150337140054],[135.91822765140225,34.281918889348376],[135.91775766019398,34.282411889472286],[135.91622523465057,34.28293991276094],[135.91574060858647,34.28318129830578],[135.91519349690904,34.28349673395175],[135.9150105412636,34.28370494850021],[135.91477851344007,34.28393665108642],[135.91455715628274,34.284260490308256],[135.91262475612334,34.28430174606142],[135.91051540355298,34.28382993193085],[135.90910908436638,34.28288123812933],[135.90881566148275,34.28200128955999],[135.90662436507105,34.279962362298335],[135.90513437044714,34.27779125191352],[135.9026698418442,34.27562977762675],[135.90142621566437,34.27408456772376],[135.89962183971895,34.27299204755572],[135.89054111165262,34.27010965862675],[135.88847388097082,34.269905224825095],[135.88821903772927,34.269446462051505],[135.8868686345456,34.26966356855134],[135.88528534860305,34.26957447342217],[135.88347053811128,34.2691521134186],[135.8817026019964,34.26972571785515],[135.88132188400374,34.268911121359324],[135.88286676463207,34.26821784861524],[135.8847369581646,34.26908161699402],[135.88563739029033,34.269200088988086],[135.88763183440562,34.26809428108797],[135.88938728808182,34.26797487807356],[135.8916530496968,34.26891199724259],[135.895274152165,34.266878767790985],[135.89528217178756,34.26649758606796],[135.89805795258223,34.26631372402535],[135.8986180181138,34.265665218355],[135.90017243517707,34.26548690809061],[135.90182808889242,34.26611724602678],[135.904980184876,34.266673813269456],[135.90664528067066,34.26806155714422],[135.9089900587669,34.269089459508315],[135.91061803340253,34.27028497097996],[135.91218247149467,34.27208669157125],[135.91302823108282,34.27168033694683],[135.9147495368368,34.271969925065235],[135.91556715647104,34.27271400755845],[135.91724207354122,34.27310608583142],[135.91824196811623,34.27296900158571],[135.9186120134243,34.27353963436284],[135.92006692210887,34.27394124918548],[135.92016658597584,34.27470384603741],[135.92188016717122,34.27508955811995],[135.92248839299359,34.276717857869656],[135.92487725183616,34.279268744375756]]]},"properties":{"KEY_CODE":"29446001003","PREF":"29","CITY":"446","CITY_NAME":"天川村","S_NAME":"大字洞川","SETAI":"27"}},{"type":"Feature","geometry":{"type":"Polygon","coordinates":[[[135.93513052142262,34.278289296660056],[135.934625475065,34.27819448112421],[135.93228567188402,34.27774053662886],[135.9315915921908,34.278010188145664],[135.93051550890164,34.27846598575469],[135.92961921055576,34.2788983568125],[135.9293933659709,34.27890808284034],[135.92927748572546,34.2788857554577],[135.92874279184136,34.27864623153345],[135.9276209918294,34.27865174722962],[135.92701488459443,34.27852543410054],[135.92635659708333,34.27862011438989],[135.92594928632226,34.27884680502672],[135.92495940648507,34.27923090258232],[135.92487725183616,34.279268744375756],[135.92248839299359,34.276717857869656],[135.92188016717122,34.27508955811995],[135.92016658597584,34.27470384603741],[135.92006692210887,34.27394124918548],[135.9186120134243,34.27353963436284],[135.91824196811623,34.27296900158571],[135.91724207354122,34.27310608583142],[135.91556715647104,34.27271400755845],[135.9147495368368,34.271969925065235],[135.91302823108282,34.27168033694683],[135.91218247149467,34.27208669157125],[135.91061803340253,34.27028497097996],[135.9089900587669,34.269089459508315],[135.90664528067066,34.26806155714422],[135.904980184876,34.266673813269456],[135.90182808889242,34.26611724602678],[135.90017243517707,34.26548690809061],[135.8986180181138,34.265665218355],[135.89805795258223,34.26631372402535],[135.89528217178756,34.26649758606796],[135.895274152165,34.266878767790985],[135.8916530496968,34.26891199724259],[135.88938728808182,34.26797487807356],[135.88763183440562,34.26809428108797],[135.88563739029033,34.269200088988086],[135.8847369581646,34.26908161699402],[135.88286676463207,34.26821784861524],[135.88329515287612,34.26745840770761],[135.88531130725852,34.26668483159824],[135.97058212012988,34.246281550776],[135.96989446212177,34.24760359699146],[135.96989173004945,34.2484870099867],[135.97009440720137,34.24950459105505],[135.97052457055767,34.25048772026356],[135.9713190950907,34.25174916772925],[135.97159279368668,34.25252911212803],[135.971822558453,34.253036878039616],[135.97178148619042,34.25465341084332],[135.9718059202961,34.25485684166121],[135.9720769922884,34.255311658297174],[135.97285187755793,34.25615020287369],[135.97314948495648,34.25667264200082],[135.972891708288,34.25731004060265],[135.97286864076202,34.257322431980285],[135.97271839376353,34.257403256974875],[135.97239988654408,34.2575119339507],[135.97185193717615,34.25745347323439],[135.97122065464228,34.257547414186526],[135.97069043884736,34.25761855654421],[135.96945147225398,34.257943643852315],[135.96878470984007,34.25819478043536],[135.9683611886258,34.258403860721],[135.96685079618382,34.259238816666745],[135.9661823569747,34.25925030935226],[135.9658918852601,34.25923275263562],[135.96546488357535,34.25936913106109],[135.96517608019383,34.2595652831219],[135.96521436568557,34.26014063385542],[135.9649727374874,34.26051247243758],[135.9648133457894,34.260923640286215],[135.96459415935402,34.26214538675129],[135.9646763177109,34.26235616089612],[135.96477407001197,34.26304478657038],[135.964464203556,34.26341814727207],[135.96418760980143,34.26369699131469],[135.9640335130547,34.26400785229202],[135.96404745074668,34.264170566799834],[135.9642398316515,34.26446702808053],[135.96432203609712,34.26458482529807],[135.9640292208068,34.26614646647085],[135.96389609806806,34.26650100519116],[135.9638802135559,34.266871499275524],[135.96429979336384,34.26798454219467],[135.96377486595884,34.26782166309648],[135.96312921895571,34.26759041811299],[135.96268832235458,34.26734331946525],[135.96236986412006,34.267250095182604],[135.96185887483747,34.267249922765494],[135.96131648247786,34.26700278558773],[135.96102610294955,34.26672671246743],[135.9606884889608,34.266417095382856],[135.9603875477743,34.26627174844291],[135.96018469153194,34.26592583131887],[135.9596245085256,34.266434187708484],[135.95935306869407,34.26692953820175],[135.95898544284367,34.2672315730524],[135.95885583071524,34.26750467842899],[135.95879628711722,34.26760918424944],[135.95854416643974,34.26789689341986],[135.9583567423006,34.268302116407234],[135.95793087044677,34.26884459944148],[135.95823579672484,34.268994325896564],[135.9596063204671,34.26969696215796],[135.96185192851314,34.271594494365424],[135.9628189136816,34.27272421127816],[135.96320570167777,34.27323599404674],[135.96332368622058,34.27343734192724],[135.9633694087691,34.27393267213972],[135.96325127388002,34.274133945166305],[135.9629822621507,34.27438968809354],[135.96197512265292,34.27441866415032],[135.9618806207304,34.27441567421134],[135.9614255543074,34.2745549906451],[135.96042450861765,34.27457508140946],[135.96000620981266,34.27465481525613],[135.95958264500797,34.27475637902402],[135.9592570452665,34.2749247414624],[135.9589313159024,34.27540697444081],[135.95873528988514,34.275401121808684],[135.95791439568478,34.2755243450923],[135.9574312202419,34.275814777438235],[135.957158101971,34.27601217472982],[135.9568815244864,34.27611377343296],[135.95675188587396,34.2763926533771],[135.95633179025035,34.276470947603364],[135.95584691410815,34.27663204818243],[135.95527973428938,34.27685270112808],[135.95513268021975,34.276936881271446],[135.954449998078,34.277113809852224],[135.95437298422834,34.27713406255539],[135.95417514479794,34.27725752328989],[135.9540105605544,34.27739987633302],[135.95366045530773,34.27750425156759],[135.9533979312308,34.27748385032031],[135.9524354054694,34.27726253237584],[135.9517440714575,34.27724630210586],[135.95122591713096,34.277414550710894],[135.95074626321852,34.27759154867085],[135.9502091025618,34.277261515150485],[135.9500761716087,34.27709874472134],[135.94994333971354,34.276752980198914],[135.9496214503283,34.276473760692284],[135.94943944928693,34.27644465483604],[135.94887071787025,34.27627435262288],[135.94775766630795,34.2761285804157],[135.9476071635572,34.276096529006956],[135.94688273983795,34.2758172522611],[135.94565252815605,34.27554195657271],[135.94522551807927,34.27548666668308],[135.9445028699186,34.27519132180047],[135.94308543189584,34.27487970229644],[135.94240288671378,34.27485610852373],[135.94226457377383,34.27492717772664],[135.94110229244072,34.27520564081371],[135.93993832182377,34.27536336388782],[135.9396793201141,34.275322512274315],[135.93873432264542,34.27518831274733],[135.9387167754938,34.27526676917727],[135.93845053706758,34.275563019521414],[135.93811077046223,34.27591149260604],[135.93788823004763,34.27628482310015],[135.93742582990123,34.27678142512592],[135.9365345613865,34.277375126846536],[135.9364645078899,34.27743904411818],[135.93582706589078,34.27792976484163],[135.9351955731977,34.278301590428185],[135.93513052142262,34.278289296660056]]]},"properties":{"KEY_CODE":"29446001004","PREF":"29","CITY":"446","CITY_NAME":"天川村","S_NAME":"大字洞川","SETAI":"17"}},{"type":"Feature","geometry":{"type":"Polygon","coordinates":[[[135.88132188400374,34.268911121359324],[135.8810324358471,34.26901240609542],[135.88194175915825,34.26734356408608],[135.8849151987518,34.265720060352116],[135.9238107915827,34.23732309289598],[135.923775503141,34.234996745258165],[135.9221180697019,34.23361810615065],[135.92164233769168,34.232197844923405],[135.92219013035387,34.2297918514863],[135.92214971863103,34.22886743791152],[135.92061833588664,34.22714335424367],[135.92037319674185,34.22475317597885],[135.91955752167885,34.22309177973425],[135.91990876790194,34.22237567298783],[135.9187423031896,34.221111864366],[135.91897870572896,34.21943268881925],[135.91869667181348,34.21880633349962],[135.91579009097077,34.216815588863426],[135.9141920901858,34.21534226008926],[135.91306530061476,34.21368681249353],[135.90977817084195,34.210695605246755],[135.90883211955548,34.20903004983482],[135.90916102554112,34.208114751444484],[135.91086588372073,34.20860102201056],[135.91194830066402,34.20843823742508],[135.91376969416305,34.207167139547636],[135.91574688724458,34.20752532858138],[135.91718375906834,34.207046760786646],[135.91935504011096,34.206764893292515],[135.92050745562818,34.20529154237395],[135.9214323330892,34.205199437153325],[135.922139623818,34.20640969710124],[135.92363242333167,34.205661324434445],[135.9255601094951,34.206419971641154],[135.92905150448507,34.20609927845201],[135.93122134167214,34.20693250194171],[135.93294809251108,34.206070031355765],[135.9354399296217,34.20581693090997],[135.93633856811866,34.20686437287111],[135.93737080561507,34.20707000970403],[135.9399685217485,34.20670247451474],[135.94168267958386,34.20580069263338],[135.9435077846517,34.20560585009326],[135.94482200079403,34.20467326447403],[135.9448592470433,34.204687087264205],[135.94587057967556,34.20517538287147],[135.94629475440408,34.20552818071022],[135.94669429959325,34.20583180145756],[135.9474313518214,34.20701493128575],[135.94811213547825,34.207388424219],[135.94827218861045,34.20794820240931],[135.94890064529312,34.20926244583354],[135.94967517073263,34.20972613103156],[135.95059280175613,34.210230866992354],[135.95136007924532,34.21046279417564],[135.951924879647,34.211663441934746],[135.95276973033347,34.21358111677527],[135.95300412499563,34.214162046886926],[135.95325328416968,34.21455617979034],[135.95357815178838,34.21509854600978],[135.95358269961852,34.215768838763],[135.95365090219352,34.21624812791651],[135.955131612003,34.217930371682776],[135.95509718247504,34.21832453122442],[135.9549550178492,34.21905956907739],[135.95484245974208,34.219246467018024],[135.95434100444876,34.21973580916153],[135.9542625151587,34.220243493726684],[135.95433566036675,34.22063346647765],[135.95407366688679,34.22137858910156],[135.95372634611238,34.221638501593546],[135.95350124064205,34.221971437496045],[135.9543346566005,34.2225993805859],[135.95483810423684,34.223022069082404],[135.9555242310034,34.22488471236527],[135.95568040427577,34.22551448549169],[135.95581232639347,34.22575825123188],[135.9559443560651,34.22576238905226],[135.9565996502344,34.22573418724048],[135.9571033183552,34.225783124470055],[135.95885149096682,34.2259280372839],[135.9592329416796,34.22590774995946],[135.95996875230657,34.22629597918116],[135.96147460645918,34.227157648601086],[135.96282652673807,34.22781808250213],[135.96312465327614,34.22830968895963],[135.96322236112812,34.228549483042244],[135.96339576370502,34.229083582567725],[135.96354237399066,34.229355792956596],[135.96326348984283,34.22968464137195],[135.9635369985806,34.23061490370841],[135.96364696040033,34.23081201807928],[135.96391102050598,34.23086901325601],[135.96473740516535,34.23120229083786],[135.96488155252453,34.23154564037382],[135.9649205225123,34.23195178665822],[135.96419655353296,34.23236995268849],[135.96433083560498,34.2329122103385],[135.9650887165205,34.23339986296778],[135.9653282133854,34.233793955977525],[135.9650053075761,34.23411476374555],[135.9644233235672,34.234053725386815],[135.96417140440695,34.234181557595775],[135.9637946297365,34.23466476826335],[135.96326133862868,34.235164267868875],[135.96320734084608,34.23566786632863],[135.96353732792943,34.23603564897178],[135.96351281937243,34.23616566556776],[135.96380608940666,34.23663683581958],[135.96401368105208,34.23740660190025],[135.96407232027303,34.23754072641278],[135.96449277173605,34.23803234692756],[135.96492041733308,34.23894840134247],[135.9658201195361,34.239647243152056],[135.96596414665746,34.24043318531346],[135.96638456475782,34.24110356015354],[135.9667633886763,34.24183688875483],[135.967526017138,34.24299180487038],[135.9682278169459,34.243395031783585],[135.96895158166257,34.243890668851456],[135.9693511843765,34.24414941391112],[135.97058212012988,34.246281550776],[135.88531130725852,34.26668483159824],[135.88329515287612,34.26745840770761],[135.88286676463207,34.26821784861524],[135.88132188400374,34.268911121359324]]]},"properties":{"KEY_CODE":"29446001005","PREF":"29","CITY":"446","CITY_NAME":"天川村","S_NAME":"大字洞川","SETAI":"15"}},{"type":"Feature","geometry":{"type":"Polygon","coordinates":[[[135.8810324358471,34.26901240609542],[135.87990643319702,34.26900932720174],[135.88042760028534,34.26737068563584],[135.90811490600746,34.23598195094719],[135.9091210535375,34.23658785572182],[135.91041394423235,34.236827002738444],[135.91209706796252,34.23676255625907],[135.91754310653766,34.23775364353796],[135.91970007564902,34.23709225268771],[135.92169851681246,34.23705605117406],[135.9238107915827,34.23732309289598],[135.8849151987518,34.265720060352116],[135.88194175915825,34.26734356408608],[135.8810324358471,34.26901240609542]]]},"properties":{"KEY_CODE":"29446001006","PREF":"29","CITY":"446","CITY_NAME":"天川村","S_NAME":"大字洞川","SETAI":"21"}},{"type":"Feature","geometry":{"type":"Polygon","coordinates":[[[135.87990643319702,34.26900932720174],[135.87943137705372,34.26922664149933],[135.8797747879868,34.27041520580116],[135.88078356855078,34.27102094329463],[135.87972302712484,34.270881988482536],[135.8783686610001,34.26984991412034],[135.87772737022516,34.268929538498156],[135.87675220677644,34.26863695716048],[135.8763201596876,34.26740800618429],[135.8770424736205,34.26788867507202],[135.87707168147216,34.26671752306787],[135.87759523753923,34.2665522470895],[135.87836314296675,34.2680703122149],[135.87969420180062,34.26692876233953],[135.8856114758588,34.249121654477406],[135.88675151877683,34.2493545904964],[135.88701193377292,34.24886784913702],[135.88709841332496,34.24585911311957],[135.88690962194636,34.24418317721208],[135.8882640187014,34.24246149936971],[135.88874800797467,34.24047966619995],[135.88822788935943,34.23932788982743],[135.88853818682696,34.238104884891335],[135.88492358883352,34.23647555794442],[135.88449779636605,34.23602888733024],[135.88303879256264,34.23558600229554],[135.88194728183709,34.234697183135395],[135.88048540692353,34.23491479597591],[135.8782861701648,34.234871464427634],[135.87687661368858,34.23454546878153],[135.87489547231814,34.23454512156806],[135.8760666284355,34.23331145449514],[135.87886997207983,34.231836862149585],[135.88140043856265,34.230858377286395],[135.8836305234201,34.2305669981522],[135.88466272160775,34.231516607112724],[135.88670055912496,34.23247033166171],[135.88818463006217,34.23267861327648],[135.88933961797244,34.23195642811913],[135.89077346795548,34.231803727745074],[135.8926506349812,34.23221022017146],[135.89405997920136,34.23178417495091],[135.89609570484882,34.23206565905079],[135.89682247538954,34.233628497885825],[135.89767567241384,34.23427973492414],[135.89988017851604,34.23535395901116],[135.90109879722388,34.23494345633933],[135.90380275646214,34.23455522704463],[135.90468022719415,34.23507232408984],[135.90603921273137,34.23524014357212],[135.90811490600746,34.23598195094719],[135.88042760028534,34.26737068563584],[135.87990643319702,34.26900932720174]]]},"properties":{"KEY_CODE":"29446001007","PREF":"29","CITY":"446","CITY_NAME":"天川村","S_NAME":"大字洞川","SETAI":"27"}},{"type":"Feature","geometry":{"type":"Polygon","coordinates":[[[135.8856114758588,34.249121654477406],[135.87969420180062,34.26692876233953],[135.87836314296675,34.2680703122149],[135.87759523753923,34.2665522470895],[135.87678354497243,34.26464181660385],[135.8760145624222,34.261274852105224],[135.87627166569794,34.259896587854925],[135.87590312294114,34.258235677993284],[135.87478596447875,34.25635411219361],[135.87422579650254,34.25498346751499],[135.87177041713943,34.25399457214788],[135.87130862427847,34.25359585210879],[135.87142388128865,34.25216799114608],[135.87021791257428,34.250493613620996],[135.87004962319563,34.24975133832956],[135.87028347868764,34.247446130799176],[135.86995603501555,34.246811450737],[135.87023108460622,34.24580819484836],[135.87233577805554,34.24659040290307],[135.87402331021357,34.24677653946179],[135.8776572293077,34.24660017594849],[135.87907093710962,34.24698727354963],[135.88053670758947,34.24704871586926],[135.8841289677893,34.24812050570203],[135.8856114758588,34.249121654477406]]]},"properties":{"KEY_CODE":"29446001008","PREF":"29","CITY":"446","CITY_NAME":"天川村","S_NAME":"大字洞川","SETAI":"27"}},{"type":"Feature","geometry":{"type":"Polygon","coordinates":[[[135.87772737022516,34.268929538498156],[135.87634344840356,34.269647696099106],[135.87484872953218,34.27000185911558],[135.87026827937623,34.272696812476305],[135.86976413652872,34.27191883607103],[135.8695402896368,34.27143753794359],[135.86925730300987,34.2705366732166],[135.86888513847157,34.269925899712945],[135.869007885424,34.2689923569187],[135.86880723705312,34.26874407577994],[135.8685973622893,34.2686145350498],[135.86834350867662,34.26762649723809],[135.868427537872,34.26714848111877],[135.86863669093063,34.266560861166454],[135.8687388084324,34.26609793718335],[135.86894216412492,34.26574330665278],[135.86827800977971,34.26424206941731],[135.86830767836022,34.26379709854106],[135.8685023329516,34.26320650647089],[135.86821318221635,34.26281232870348],[135.86799282031106,34.26244217111279],[135.86804638928254,34.26174915675037],[135.8679851899789,34.261505530173444],[135.86759999439258,34.26117280760963],[135.86655461431567,34.260320690131124],[135.86627079922914,34.26001230206567],[135.86551494514217,34.25931981161938],[135.86526030415328,34.25887903593208],[135.86496410012498,34.258382571070925],[135.86493890597433,34.25828027287673],[135.8649412499416,34.257939092614556],[135.864459508237,34.25683034803289],[135.86364176405158,34.25637245881967],[135.86328605335984,34.2557330805124],[135.86304503113232,34.254707426507274],[135.8631705507402,34.25319210393784],[135.86327235451387,34.2529365443034],[135.86325587518036,34.252439262336786],[135.86432891978615,34.25174978986483],[135.86451728606457,34.25028328363403],[135.86516045311924,34.24880953301619],[135.86671622794879,34.24686205004387],[135.8678429821535,34.24604299890842],[135.868141829225,34.24512697203718],[135.8680222830401,34.24369237130529],[135.8690917278035,34.24124831706991],[135.86899027419577,34.2407475589876],[135.87176940348596,34.238916565483315],[135.8732866490492,34.237147024919594],[135.87495225397282,34.23578780722366],[135.87551937698063,34.23647020867617],[135.8734910369813,34.24011969150497],[135.87189512420568,34.24090237882859],[135.87094355603557,34.24220440388451],[135.87070770083378,34.24462582553203],[135.87023108460622,34.24580819484836],[135.86995603501555,34.246811450737],[135.87028347868764,34.247446130799176],[135.87004962319563,34.24975133832956],[135.87021791257428,34.250493613620996],[135.87142388128865,34.25216799114608],[135.87130862427847,34.25359585210879],[135.87177041713943,34.25399457214788],[135.87422579650254,34.25498346751499],[135.87478596447875,34.25635411219361],[135.87590312294114,34.258235677993284],[135.87627166569794,34.259896587854925],[135.8760145624222,34.261274852105224],[135.87678354497243,34.26464181660385],[135.87759523753923,34.2665522470895],[135.87707168147216,34.26671752306787],[135.8770424736205,34.26788867507202],[135.8763201596876,34.26740800618429],[135.87675220677644,34.26863695716048],[135.87772737022516,34.268929538498156]]]},"properties":{"KEY_CODE":"29446001009","PREF":"29","CITY":"446","CITY_NAME":"天川村","S_NAME":"大字洞川","SETAI":"30"}},{"type":"Feature","geometry":{"type":"Polygon","coordinates":[[[135.8856114758588,34.249121654477406],[135.8841289677893,34.24812050570203],[135.88053670758947,34.24704871586926],[135.87907093710962,34.24698727354963],[135.8776572293077,34.24660017594849],[135.87402331021357,34.24677653946179],[135.87233577805554,34.24659040290307],[135.87023108460622,34.24580819484836],[135.87070770083378,34.24462582553203],[135.87094355603557,34.24220440388451],[135.87189512420568,34.24090237882859],[135.8734910369813,34.24011969150497],[135.87551937698063,34.23647020867617],[135.87495225397282,34.23578780722366],[135.8732866490492,34.237147024919594],[135.87176940348596,34.238916565483315],[135.86899027419577,34.2407475589876],[135.8643333475561,34.239203142812094],[135.86292655155248,34.238449304162074],[135.8625860191232,34.23787486671477],[135.86314902886306,34.237398940026324],[135.86410773948535,34.23562700934301],[135.8652925079065,34.23443529056127],[135.86537264772923,34.23233172393635],[135.86608794743165,34.23153687426784],[135.8660686315865,34.230520454901104],[135.86677361723105,34.229310297298134],[135.864847162866,34.22762442402063],[135.86497759926564,34.22736635046911],[135.8654843850313,34.2264195493496],[135.86558374964744,34.22606029356294],[135.86612263905917,34.2257184340797],[135.86660006604274,34.225452997114566],[135.8673929858032,34.22496560815668],[135.8681576846359,34.22399850831018],[135.86831629755721,34.223881193664404],[135.8689879525797,34.22359046063774],[135.86975716431326,34.222998499518354],[135.8698595601824,34.22287689535649],[135.8701020667627,34.22247806120199],[135.87008039791215,34.22216529775516],[135.8700536873885,34.22180871762952],[135.87017671855307,34.22155415026901],[135.87003886716528,34.220342626202516],[135.87037381403437,34.21963819286917],[135.87073719464374,34.219283437767615],[135.87123513074803,34.21894164427544],[135.87227494491077,34.21792619939598],[135.87220117567853,34.217145953077114],[135.87216121661106,34.216882755091],[135.87214820789583,34.216627476004916],[135.8721778261219,34.216178961952075],[135.87207620584024,34.2157853911786],[135.87221298120883,34.21544870453039],[135.87230678873135,34.21536822625006],[135.87266520862434,34.214884568953245],[135.8727643948253,34.21461306903133],[135.87281449255784,34.212985731965276],[135.87287717216196,34.21205461345135],[135.87278927685114,34.21148284688395],[135.87283609872452,34.21102786946678],[135.87313142765095,34.21002486980574],[135.87295275516811,34.20911828611274],[135.87295628260205,34.20880892721533],[135.873291056045,34.208176751476564],[135.87341314007276,34.20780736386911],[135.87384767774907,34.20732983114989],[135.87431582167042,34.207023495453704],[135.87505612894745,34.206803093986615],[135.8755730451219,34.20679870106844],[135.875680787779,34.20677063756901],[135.87613024685842,34.206599796859294],[135.8766274082349,34.20643280686177],[135.87683687899195,34.206266928200726],[135.87736639160033,34.20605531015306],[135.87807928112707,34.20563805252609],[135.8782979542323,34.20548232282596],[135.87856905919682,34.2052447956258],[135.87863288532043,34.204704172162224],[135.87867911936792,34.20464547221062],[135.87902098092678,34.204413085987895],[135.87922122456754,34.204231836158606],[135.87938012254665,34.20391121617468],[135.87972839092743,34.20348963403289],[135.8799840585923,34.20328279832328],[135.88024463572123,34.20285493937537],[135.88035890166617,34.20254836861141],[135.88061445724136,34.20241056372531],[135.88093456338797,34.202313675226826],[135.88166548289314,34.20218520892057],[135.8822685751732,34.20213733519714],[135.8834237929815,34.20221903282334],[135.88451312050975,34.202094837162214],[135.88542919913172,34.201709283569016],[135.88615199493037,34.201438214309526],[135.8864881732896,34.201324701429186],[135.88668476683983,34.20120035043013],[135.8868712095,34.20094497416564],[135.88694240250243,34.20086023275268],[135.88704342499727,34.20069493753001],[135.8869454247706,34.20052734370202],[135.88674160240427,34.200243568669],[135.88669262089752,34.200142655196956],[135.88679829431203,34.19938779509398],[135.88674813340813,34.199208412217295],[135.886916599109,34.1988498966258],[135.88750591996836,34.19785712006602],[135.88801959675513,34.19738396389286],[135.88808450615866,34.19715002658744],[135.8882113592889,34.19700616645463],[135.8884248860937,34.19677546471785],[135.88836761318532,34.196097933340084],[135.88810609613682,34.19545867535935],[135.8884142181039,34.19504238281421],[135.88854522062482,34.19466340503919],[135.88874756446017,34.19408797129599],[135.8888785155436,34.19375421515249],[135.88901016014358,34.19289189428391],[135.88869679962698,34.192379384862676],[135.88820648906662,34.19180768496105],[135.8880948139551,34.191228864502214],[135.88811572368098,34.19104630863247],[135.88792615094528,34.19075297148008],[135.88793610769073,34.190058180746284],[135.88849955314976,34.189033264120276],[135.88921998926628,34.18850451389881],[135.8892976940845,34.18837356996948],[135.88969626882422,34.18792285030711],[135.8900466833432,34.187745947019664],[135.8902643085095,34.18732098278313],[135.89034214459446,34.18709339856895],[135.8906334232079,34.18666737271316],[135.8906481993538,34.18622166739502],[135.89114287329807,34.18517163217346],[135.8915923850094,34.184595868924625],[135.89177721993312,34.1836234535206],[135.89197630261404,34.18103454267565],[135.89356811113987,34.179258553711946],[135.8937878500582,34.17815162908771],[135.89454680394894,34.17668538922175],[135.895712155023,34.17567168877866],[135.8962069801904,34.1746175429376],[135.89855032611734,34.173802460423865],[135.90340334376347,34.17006194699924],[135.90397481651436,34.17082606242512],[135.9047855138506,34.171387087688785],[135.9060911002959,34.171906793515674],[135.9063863279785,34.172466557548674],[135.90660765037086,34.173284900053815],[135.9070711526823,34.17356981338482],[135.90732688420104,34.17363875368897],[135.90760726770353,34.173841819947796],[135.90925752674022,34.174446550535336],[135.9104051184413,34.17562506500878],[135.91100322717836,34.17650015871824],[135.91116045486643,34.176898510240804],[135.91131108571733,34.177482663679925],[135.91125974130676,34.178428283887506],[135.91117729008712,34.17888381115643],[135.91120861760956,34.1790672523212],[135.9112842462115,34.17910914717301],[135.91345276220846,34.17978648576789],[135.9143322451252,34.179967851848154],[135.91463498359096,34.17991058819551],[135.91543625815757,34.179481480776005],[135.91682333672517,34.17969727284015],[135.91778824054617,34.179537050354476],[135.91841893047834,34.179327007619094],[135.91912666673772,34.17921675260997],[135.91935819930723,34.17918999981011],[135.9210019723929,34.179265321109646],[135.92224208578853,34.17949081724081],[135.92332946892793,34.179836488239964],[135.9268780404173,34.17877765064001],[135.92728671845694,34.17878647901004],[135.9287568670378,34.17922699076274],[135.92934311490228,34.17878327592371],[135.92970790197526,34.17870402436296],[135.9306249700501,34.17857013375834],[135.93151480266212,34.17853398945593],[135.93158722464423,34.17853839516659],[135.93193883854312,34.178770749302736],[135.93231120531703,34.1787715120356],[135.93356936723214,34.179007723012546],[135.93379504781464,34.17908377357078],[135.93465193825992,34.17963701864222],[135.93579925825912,34.180511752231766],[135.93759804802346,34.18052266138837],[135.93853960210356,34.18034759403625],[135.93896478558736,34.18019804914639],[135.93944047442852,34.179938785093526],[135.94009891347736,34.17932840260244],[135.94178191436347,34.18009767329961],[135.94244951301852,34.18015785351191],[135.94298745760526,34.18018190598884],[135.94324366997753,34.181393695708756],[135.94367564507982,34.18189287223608],[135.94310559292978,34.18326376118927],[135.94274681773666,34.18473068108308],[135.94273204348062,34.18528952907629],[135.94375228029338,34.186106360075854],[135.94490913944657,34.18740827649451],[135.9456122354707,34.188500366414694],[135.94563823747242,34.18921292757262],[135.94585855671298,34.19033876008182],[135.94559803464972,34.19224681189733],[135.94511479118438,34.1929990227939],[135.94426876410427,34.193896879351946],[135.9441266607982,34.19454146444094],[135.9439098502618,34.19556736559926],[135.94433915914396,34.19666736906904],[135.9453831606375,34.19821054886808],[135.94538049294889,34.198667688677034],[135.94549520742186,34.199673729618816],[135.94557378096997,34.20088134762498],[135.94555901419574,34.201472172851894],[135.94547722972013,34.201659783844306],[135.94552759535367,34.20179744072752],[135.9456085842732,34.20298702732535],[135.94482200079403,34.20467326447403],[135.9435077846517,34.20560585009326],[135.94168267958386,34.20580069263338],[135.9399685217485,34.20670247451474],[135.93737080561507,34.20707000970403],[135.93633856811866,34.20686437287111],[135.9354399296217,34.20581693090997],[135.93294809251108,34.206070031355765],[135.93122134167214,34.20693250194171],[135.92905150448507,34.20609927845201],[135.9255601094951,34.206419971641154],[135.92363242333167,34.205661324434445],[135.922139623818,34.20640969710124],[135.9214323330892,34.205199437153325],[135.92050745562818,34.20529154237395],[135.91935504011096,34.206764893292515],[135.91718375906834,34.207046760786646],[135.91574688724458,34.20752532858138],[135.91376969416305,34.207167139547636],[135.91194830066402,34.20843823742508],[135.91086588372073,34.20860102201056],[135.90916102554112,34.208114751444484],[135.90883211955548,34.20903004983482],[135.90977817084195,34.210695605246755],[135.91306530061476,34.21368681249353],[135.9141920901858,34.21534226008926],[135.91579009097077,34.216815588863426],[135.91869667181348,34.21880633349962],[135.91897870572896,34.21943268881925],[135.9187423031896,34.221111864366],[135.91990876790194,34.22237567298783],[135.91955752167885,34.22309177973425],[135.92037319674185,34.22475317597885],[135.92061833588664,34.22714335424367],[135.92214971863103,34.22886743791152],[135.92219013035387,34.2297918514863],[135.92164233769168,34.232197844923405],[135.9221180697019,34.23361810615065],[135.923775503141,34.234996745258165],[135.9238107915827,34.23732309289598],[135.92169851681246,34.23705605117406],[135.91970007564902,34.23709225268771],[135.91754310653766,34.23775364353796],[135.91209706796252,34.23676255625907],[135.91041394423235,34.236827002738444],[135.9091210535375,34.23658785572182],[135.90811490600746,34.23598195094719],[135.90603921273137,34.23524014357212],[135.90468022719415,34.23507232408984],[135.90380275646214,34.23455522704463],[135.90109879722388,34.23494345633933],[135.89988017851604,34.23535395901116],[135.89767567241384,34.23427973492414],[135.89682247538954,34.233628497885825],[135.89609570484882,34.23206565905079],[135.89405997920136,34.23178417495091],[135.8926506349812,34.23221022017146],[135.89077346795548,34.231803727745074],[135.88933961797244,34.23195642811913],[135.88818463006217,34.23267861327648],[135.88670055912496,34.23247033166171],[135.88466272160775,34.231516607112724],[135.8836305234201,34.2305669981522],[135.88140043856265,34.230858377286395],[135.87886997207983,34.231836862149585],[135.8760666284355,34.23331145449514],[135.87489547231814,34.23454512156806],[135.87687661368858,34.23454546878153],[135.8782861701648,34.234871464427634],[135.88048540692353,34.23491479597591],[135.88194728183709,34.234697183135395],[135.88303879256264,34.23558600229554],[135.88449779636605,34.23602888733024],[135.88492358883352,34.23647555794442],[135.88853818682696,34.238104884891335],[135.88822788935943,34.23932788982743],[135.88874800797467,34.24047966619995],[135.8882640187014,34.24246149936971],[135.88690962194636,34.24418317721208],[135.88709841332496,34.24585911311957],[135.88701193377292,34.24886784913702],[135.88675151877683,34.2493545904964],[135.8856114758588,34.249121654477406]]]},"properties":{"KEY_CODE":"294460020","PREF":"29","CITY":"446","CITY_NAME":"天川村","S_NAME":"大字北角","SETAI":"8"}},{"type":"Feature","geometry":{"type":"Polygon","coordinates":[[[135.8588785904217,34.24352379422353],[135.85873628861285,34.24339557645287],[135.85863771075765,34.24123660128288],[135.85801781273307,34.23852565153554],[135.85796706659997,34.237160826822866],[135.8588996873532,34.234992455715705],[135.85860948322198,34.234132373727896],[135.8592130115412,34.23285520083831],[135.85997909186815,34.2321811572688],[135.86083561382802,34.23036375906063],[135.8605561774778,34.229340270345745],[135.86075052368096,34.229261325407094],[135.86100270815382,34.229238938086404],[135.86130273071524,34.229131798727224],[135.86169304150405,34.22902039640867],[135.8621600244915,34.22890781383864],[135.86263439981184,34.22844136315098],[135.86285962142702,34.22822932564182],[135.8631849694278,34.22825660447972],[135.864847162866,34.22762442402063],[135.86677361723105,34.229310297298134],[135.8660686315865,34.230520454901104],[135.86608794743165,34.23153687426784],[135.86537264772923,34.23233172393635],[135.8652925079065,34.23443529056127],[135.86410773948535,34.23562700934301],[135.86314902886306,34.237398940026324],[135.8625860191232,34.23787486671477],[135.86292655155248,34.238449304162074],[135.86236588451715,34.23976609469236],[135.85991153387403,34.24288810230769],[135.8588785904217,34.24352379422353]]]},"properties":{"KEY_CODE":"294460030","PREF":"29","CITY":"446","CITY_NAME":"天川村","S_NAME":"大字南角","SETAI":"0"}},{"type":"Feature","geometry":{"type":"Polygon","coordinates":[[[135.86325587518036,34.252439262336786],[135.8620487683752,34.251215168230466],[135.86052799830827,34.249857304478866],[135.86004176105516,34.24940273195863],[135.8598204946263,34.24844697405195],[135.85997721955576,34.24811527060063],[135.85985215984905,34.247327256433714],[135.85980200347473,34.247094626277615],[135.86004499834925,34.245967684104045],[135.85989477172959,34.24512047622253],[135.8588785904217,34.24352379422353],[135.85991153387403,34.24288810230769],[135.86236588451715,34.23976609469236],[135.86292655155248,34.238449304162074],[135.8643333475561,34.239203142812094],[135.86899027419577,34.2407475589876],[135.8690917278035,34.24124831706991],[135.8680222830401,34.24369237130529],[135.868141829225,34.24512697203718],[135.8678429821535,34.24604299890842],[135.86671622794879,34.24686205004387],[135.86516045311924,34.24880953301619],[135.86451728606457,34.25028328363403],[135.86432891978615,34.25174978986483],[135.86325587518036,34.252439262336786]]]},"properties":{"KEY_CODE":"294460040","PREF":"29","CITY":"446","CITY_NAME":"天川村","S_NAME":"大字中越","SETAI":"18"}},{"type":"Feature","geometry":{"type":"Polygon","coordinates":[[[135.8695439605778,34.28395333449235],[135.868544310231,34.284204300180356],[135.86738090877154,34.284014156927455],[135.8668496602476,34.28400302388045],[135.86598908346437,34.28429609709341],[135.86510435047165,34.283854073218116],[135.86389063488008,34.28348535870987],[135.86331516974576,34.283447959925006],[135.8618859516058,34.2833834106308],[135.8609370289537,34.28355027062279],[135.85987439795124,34.28362261152123],[135.85866022180386,34.283568666971476],[135.85712998175205,34.283419950054096],[135.85663662923665,34.2834509244762],[135.85461400452877,34.282766008133464],[135.8528486672239,34.28224323160656],[135.8532131641649,34.280963585640315],[135.8535144431229,34.279880235347115],[135.8528299201853,34.27917590686384],[135.85228690789612,34.27801195070055],[135.85233990208613,34.276791667401106],[135.85149469710407,34.27551042656229],[135.8511013876575,34.27438651792862],[135.85049678716865,34.274251531171025],[135.85019428924915,34.274298492478785],[135.8490925844934,34.274192752747275],[135.8475808798792,34.273979430413995],[135.84717414542294,34.27371056640421],[135.8461976568674,34.27391812673724],[135.84559951899894,34.27351477835905],[135.8453229567835,34.27245805581695],[135.845066730174,34.27175169956402],[135.84472378903735,34.27097832182035],[135.84420976675665,34.270440823790224],[135.84360556345115,34.270101976809535],[135.8433543914881,34.26991768480088],[135.8432502696559,34.26961834882571],[135.84327561071024,34.26941116412858],[135.84368342836225,34.26889356543008],[135.84388484503282,34.26862757915348],[135.84399010334576,34.26840387170954],[135.8442445283776,34.26781043333031],[135.84456114015038,34.26733948627909],[135.8451910359977,34.26615994322448],[135.84503874856293,34.26547907753839],[135.84472450348463,34.26463009263317],[135.84468467799223,34.26457411779929],[135.8444478337937,34.26441421549114],[135.84381362771347,34.264529489068124],[135.84364760825832,34.26454280198543],[135.84307104760995,34.26452333444129],[135.8417932681767,34.26372494776573],[135.8414666453838,34.26353590397298],[135.84132591479846,34.26337301925989],[135.84121148157598,34.263159455466095],[135.84101721760825,34.26292916587934],[135.84080273119642,34.26283140734972],[135.8401853718256,34.26261409149829],[135.83973908110266,34.262342056236214],[135.83948238510015,34.262134502998705],[135.83894265075983,34.26179078124955],[135.83862602605998,34.26158737281727],[135.83833055039108,34.26143456396991],[135.83817096133092,34.261353636407925],[135.83798166539145,34.26113982917748],[135.83779898312153,34.26073247538394],[135.83771945007348,34.260554170717676],[135.83749562079402,34.26013309832574],[135.837484247872,34.2601191372256],[135.83909124369245,34.25849618258049],[135.8403804549768,34.2584199626973],[135.84226504467577,34.25875625637213],[135.84295113743224,34.25843144486206],[135.84490948186493,34.25578431819625],[135.84645787370607,34.25482539150943],[135.84535964573706,34.25256221653629],[135.84369511858674,34.2508826408095],[135.8449155857725,34.25028704242266],[135.84761349081788,34.24806933674964],[135.84874556313062,34.24763757130601],[135.84949424055586,34.24744198447853],[135.8500148452249,34.24702593590508],[135.8508679602883,34.246209238293865],[135.85233921845298,34.24490869888151],[135.85386567944875,34.24393261565305],[135.8547270901659,34.24318308440874],[135.85551206354614,34.24356366345552],[135.85589093827755,34.243935307313784],[135.85633461160256,34.24418249657667],[135.8564702456363,34.24418096591798],[135.85666863188567,34.24416795746649],[135.85698971906086,34.24412748191095],[135.857215952864,34.24408534536679],[135.85763297574303,34.2439369313256],[135.85815862228424,34.2437015844633],[135.85835244521604,34.24360672076392],[135.8588785904217,34.24352379422353],[135.85989477172959,34.24512047622253],[135.86004499834925,34.245967684104045],[135.85980200347473,34.247094626277615],[135.85985215984905,34.247327256433714],[135.85997721955576,34.24811527060063],[135.8598204946263,34.24844697405195],[135.86004176105516,34.24940273195863],[135.86052799830827,34.249857304478866],[135.8620487683752,34.251215168230466],[135.86325587518036,34.25243926233676],[135.86327235451387,34.2529365443034],[135.8631705507402,34.25319210393784],[135.86304503113232,34.254707426507274],[135.86328605335984,34.2557330805124],[135.86364176405158,34.25637245881967],[135.864459508237,34.25683034803289],[135.8649412499416,34.257939092614556],[135.86493890597433,34.25828027287673],[135.86496410012498,34.258382571070925],[135.86526030415328,34.25887903593208],[135.86551494514217,34.25931981161938],[135.86627079922914,34.26001230206567],[135.86655461431567,34.260320690131124],[135.86759999439258,34.26117280760963],[135.8679851899789,34.261505530173444],[135.86804638928254,34.26174915675037],[135.86799282031106,34.26244217111279],[135.86821318221635,34.26281232870348],[135.8685023329516,34.26320650647089],[135.86830767836022,34.26379709854106],[135.86827800977971,34.26424206941731],[135.86894216412492,34.26574330665278],[135.8687388084324,34.26609793718335],[135.86863669093063,34.266560861166454],[135.868427537872,34.26714848111877],[135.86834350867662,34.26762649723809],[135.8685973622893,34.2686145350498],[135.86880723705312,34.26874407577994],[135.869007885424,34.2689923569187],[135.86888513847157,34.269925899712945],[135.86925730300987,34.2705366732166],[135.8695402896368,34.27143753794359],[135.86976413652872,34.27191883607103],[135.87026827937623,34.272696812476305],[135.87071854857274,34.2731707382615],[135.87084865498673,34.27336935592156],[135.8714202064029,34.273896230059826],[135.8715592448629,34.2741744459432],[135.8717249130127,34.27483021301837],[135.8718007639011,34.274977498086265],[135.87216794816166,34.275304265339955],[135.87240288564934,34.275656257234886],[135.87242386987202,34.27616748575466],[135.87253423801653,34.27748160912547],[135.87264950402636,34.27792672882364],[135.872565590499,34.278338536887574],[135.87255575505395,34.27886622980595],[135.87245770068927,34.2790375665844],[135.8721400306191,34.279507884548686],[135.87197991243377,34.2800009097417],[135.8718130883848,34.280129917365706],[135.87159877650024,34.280523712349996],[135.87138666197345,34.280651122499435],[135.87108947281246,34.28074717077695],[135.87091886094834,34.280981544812015],[135.87085068400845,34.28175880014738],[135.87079954302413,34.28203837612385],[135.87073008903567,34.282456268417896],[135.87076369587385,34.282999079496285],[135.87050750514877,34.2835204585403],[135.87040570677067,34.28376096024755],[135.8695439605778,34.28395333449235]]]},"properties":{"KEY_CODE":"294460050","PREF":"29","CITY":"446","CITY_NAME":"天川村","S_NAME":"大字川合","SETAI":"30"}},{"type":"Feature","geometry":{"type":"Polygon","coordinates":[[[135.85873628861285,34.24339557645287],[135.85835244521604,34.24360672076392],[135.85815862228424,34.2437015844633],[135.85763297574303,34.2439369313256],[135.857215952864,34.24408534536679],[135.85698971906086,34.24412748191095],[135.85666863188567,34.24416795746649],[135.8564702456363,34.24418096591798],[135.85633461160256,34.24418249657667],[135.85589093827755,34.243935307313784],[135.85551206354614,34.24356366345552],[135.8547270901659,34.24318308440874],[135.85442893094267,34.24298297362133],[135.85340438521223,34.24079416597087],[135.85276119953406,34.23893263427165],[135.8552988956396,34.23709404286963],[135.8577753356799,34.23556085447989],[135.8588996873532,34.234992455715705],[135.85796706659997,34.237160826822866],[135.85801781273307,34.23852565153554],[135.85863771075765,34.24123660128288],[135.85873628861285,34.24339557645287]]]},"properties":{"KEY_CODE":"294460060","PREF":"29","CITY":"446","CITY_NAME":"天川村","S_NAME":"大字沢谷","SETAI":"15"}},{"type":"Feature","geometry":{"type":"Polygon","coordinates":[[[135.8547270901659,34.24318308440874],[135.85386567944875,34.24393261565305],[135.85233921845295,34.24490869888151],[135.8508679602883,34.246209238293865],[135.8500148452249,34.24702593590508],[135.84949424055586,34.24744198447853],[135.84874556313062,34.24763757130601],[135.84885134023003,34.246648238550705],[135.84970150851916,34.24477742188676],[135.85077536632943,34.243780818054994],[135.85116617200916,34.242607142189165],[135.85116825397557,34.24140369011557],[135.8512808785759,34.24099797975164],[135.85220380449712,34.23953221301604],[135.85276119953406,34.23893263427165],[135.85340438521223,34.24079416597087],[135.85442893094267,34.24298297362133],[135.8547270901659,34.24318308440874]]]},"properties":{"KEY_CODE":"294460070","PREF":"29","CITY":"446","CITY_NAME":"天川村","S_NAME":"大字沖金","SETAI":"25"}},{"type":"Feature","geometry":{"type":"Polygon","coordinates":[[[135.8370626459416,34.260094208682226],[135.83606421994423,34.2601219007397],[135.83482594926497,34.25962184667402],[135.83440806817129,34.25952281922039],[135.83395646434985,34.25944346876981],[135.83384444995764,34.259287938715005],[135.83370005363196,34.25909912025651],[135.83362030893156,34.2590411155798],[135.8333073487268,34.258898697446],[135.83299310474794,34.25877388586084],[135.83184711775934,34.2583339441161],[135.83150809190985,34.25812640212772],[135.8307045595517,34.257434050764765],[135.83056035823287,34.25715211131192],[135.8303629327743,34.25665555256149],[135.83021121083763,34.25639205535609],[135.83003072011743,34.2561628910945],[135.82971440682337,34.25583492873779],[135.8295699523006,34.25568343314976],[135.8291626991178,34.25528603388701],[135.82848659125202,34.254548475426894],[135.82818309723197,34.254058944964974],[135.82788034305253,34.25381917952989],[135.8278984230645,34.25344011928269],[135.8285001316797,34.25206579233263],[135.82856546251247,34.25077551820495],[135.82860921886618,34.25053793241227],[135.82906739896583,34.250002704968956],[135.82950935322154,34.24979708819615],[135.83027204816452,34.24887700191068],[135.8302524093451,34.248750473776916],[135.8302811704265,34.2485273762245],[135.8303728923617,34.24844678566953],[135.8314955784973,34.246959063692806],[135.831872671678,34.2466274115414],[135.83211171135306,34.246300641274175],[135.83223496750097,34.24562026892708],[135.83223592873708,34.2454870076184],[135.83241672913744,34.2451049354698],[135.83315947026983,34.24452387525897],[135.8341599437121,34.245649378020794],[135.83497473209647,34.24595433389701],[135.83549899198118,34.246053645753946],[135.83691796960943,34.24594425159058],[135.83778935558294,34.245681415561876],[135.83881537135858,34.24599732761385],[135.84060515694853,34.24655652026415],[135.84103192043614,34.246368026033345],[135.84100889360383,34.24590890297141],[135.8420536415377,34.24264221421206],[135.84186542533416,34.24121552202727],[135.84219572803747,34.239495221240404],[135.84262855481694,34.23761093833585],[135.84256103202975,34.23726571998139],[135.84205885517662,34.236098945506164],[135.84234304686677,34.235728538931994],[135.8426015664423,34.235580675201135],[135.84290082965086,34.2355790876756],[135.84551224209923,34.237144814754394],[135.84567822987813,34.237691316358344],[135.84500799693785,34.23899788069766],[135.84532534425537,34.240651106192416],[135.84561208264583,34.24037987124471],[135.8464266597568,34.239266053088606],[135.84679489173428,34.23886334646394],[135.84778055568768,34.23836490919401],[135.84847528188763,34.23805994017318],[135.85159609340556,34.23548115567408],[135.85177583161155,34.235340922811545],[135.85266856282925,34.23502827003361],[135.85674737842237,34.235075482479765],[135.857060970396,34.235022033672244],[135.85795612742123,34.23461411319987],[135.8583690717508,34.234238174890386],[135.85860948322198,34.234132373727896],[135.85889968735322,34.23499245571572],[135.8577753356799,34.23556085447989],[135.8552988956396,34.23709404286963],[135.85276119953406,34.23893263427165],[135.85220380449712,34.23953221301604],[135.8512808785759,34.24099797975164],[135.85116825397557,34.24140369011557],[135.85116617200924,34.242607142189165],[135.85077536632943,34.243780818054994],[135.84970150851916,34.24477742188676],[135.84885134023003,34.246648238550705],[135.84874556313062,34.24763757130601],[135.84761349081788,34.24806933674964],[135.8449155857725,34.25028704242266],[135.84369511858674,34.2508826408095],[135.84535964573706,34.25256221653629],[135.84645787370607,34.25482539150943],[135.84490948186493,34.25578431819625],[135.84295113743224,34.25843144486206],[135.84226504467577,34.25875625637213],[135.8403804549768,34.2584199626973],[135.83909124369245,34.25849618258049],[135.837484247872,34.2601191372256],[135.83745328165716,34.260081202428935],[135.8370626459416,34.260094208682226]]]},"properties":{"KEY_CODE":"294460080","PREF":"29","CITY":"446","CITY_NAME":"天川村","S_NAME":"大字中谷","SETAI":"33"}},{"type":"Feature","geometry":{"type":"Polygon","coordinates":[[[135.82768292958266,34.25379030526562],[135.8246915641432,34.253462338760905],[135.82267342993526,34.25306217806778],[135.82078376424818,34.25226227796004],[135.8197806139977,34.250681392368634],[135.81890852323602,34.25015439667743],[135.81905918401577,34.24925656725927],[135.81838516182233,34.24768642679912],[135.819781297694,34.24594476938139],[135.8192799313622,34.24452533404447],[135.8196037074137,34.24345970343877],[135.82239216806036,34.24169287971394],[135.82263595608904,34.241009452639275],[135.82417989353684,34.23970088620931],[135.8237590837991,34.23919639266718],[135.8238336318026,34.238036298349805],[135.82345372285226,34.236537604690874],[135.82385362218642,34.23461122042553],[135.823892412665,34.23284265492852],[135.82476118325062,34.23230450484312],[135.8292899002926,34.233301753956326],[135.83137643190378,34.234993525036614],[135.83443010027258,34.235768518109325],[135.83690851598647,34.23615318324703],[135.83874414723525,34.23596783599665],[135.84024675067687,34.23484551590818],[135.8425623049165,34.2339387695337],[135.84403271009845,34.23391994227895],[135.8438690003938,34.23281079282886],[135.84511377698874,34.23184106164369],[135.84679678726016,34.232944512867746],[135.8473578075609,34.23330471665603],[135.8480322262866,34.23464002982666],[135.84792851642266,34.236008896014425],[135.84882680808258,34.23776032105076],[135.84847528188763,34.23805994017318],[135.84778055568768,34.23836490919401],[135.84679489173428,34.23886334646394],[135.8464266597568,34.239266053088606],[135.84561208264583,34.24037987124471],[135.84532534425537,34.240651106192416],[135.84500799693785,34.23899788069766],[135.84567822987813,34.237691316358344],[135.84551224209923,34.237144814754394],[135.84290082965086,34.2355790876756],[135.8426015664423,34.235580675201135],[135.84234304686677,34.235728538931994],[135.84205885517662,34.236098945506164],[135.84256103202975,34.23726571998139],[135.84262855481694,34.23761093833585],[135.84219572803747,34.239495221240404],[135.84186542533416,34.24121552202727],[135.8420536415377,34.24264221421206],[135.84100889360383,34.24590890297141],[135.84103192043614,34.246368026033345],[135.84060515694853,34.24655652026415],[135.83881537135858,34.24599732761385],[135.83778935558294,34.245681415561876],[135.83691796960943,34.24594425159058],[135.83549899198118,34.246053645753946],[135.83497473209647,34.24595433389701],[135.8341599437121,34.245649378020794],[135.83315947026983,34.24452387525897],[135.83241672913744,34.2451049354698],[135.83223592873708,34.2454870076184],[135.83223496750097,34.24562026892708],[135.83211171135306,34.246300641274175],[135.831872671678,34.2466274115414],[135.8314955784973,34.246959063692806],[135.8303728923617,34.24844678566953],[135.8302811704265,34.2485273762245],[135.8302524093451,34.248750473776916],[135.83027204816452,34.24887700191068],[135.82950935322154,34.24979708819615],[135.82906739896583,34.250002704968956],[135.82860921886618,34.25053793241227],[135.82856546251247,34.25077551820495],[135.8285001316797,34.25206579233263],[135.8278984230645,34.25344011928269],[135.82768292958266,34.25379030526562]]]},"properties":{"KEY_CODE":"294460090","PREF":"29","CITY":"446","CITY_NAME":"天川村","S_NAME":"大字沢原","SETAI":"20"}},{"type":"Feature","geometry":{"type":"Polygon","coordinates":[[[135.85860948322198,34.234132373727896],[135.8583690717508,34.234238174890386],[135.85795612742123,34.23461411319987],[135.857060970396,34.235022033672244],[135.85674737842237,34.235075482479765],[135.85266856282925,34.23502827003361],[135.85177583161155,34.235340922811545],[135.85159609340556,34.23548115567408],[135.84882680808258,34.23776032105076],[135.84792851642266,34.236008896014425],[135.8480322262866,34.23464002982666],[135.8473578075609,34.23330471665603],[135.84679678726016,34.232944512867746],[135.84811456604456,34.23265834313437],[135.8506302652502,34.23270494342746],[135.85222912865467,34.23031217465307],[135.8532911130143,34.229220125732844],[135.85367306097348,34.22809627287374],[135.8551995495516,34.22839601297186],[135.85551776165838,34.22859374732708],[135.857594071146,34.22927347176545],[135.85824320112383,34.22928619120721],[135.85954299524434,34.228950985785886],[135.8605561774778,34.229340270345745],[135.86083561382802,34.23036375906063],[135.85997909186815,34.2321811572688],[135.8592130115412,34.23285520083831],[135.85860948322198,34.234132373727896]]]},"properties":{"KEY_CODE":"294460100","PREF":"29","CITY":"446","CITY_NAME":"天川村","S_NAME":"大字北小原","SETAI":"6"}},{"type":"Feature","geometry":{"type":"Polygon","coordinates":[[[135.84679678726016,34.232944512867746],[135.84511377698874,34.23184106164369],[135.8444572419623,34.230842295845704],[135.8439750870183,34.22763727713299],[135.84361122326973,34.22721335567494],[135.84514330192323,34.226252011311054],[135.8469678992179,34.22549710287152],[135.84855852315695,34.22644811582631],[135.85079462747058,34.22671327693997],[135.85226354080612,34.22780552941057],[135.85299559361653,34.22805349048744],[135.85326859918723,34.22807888956424],[135.85367306097348,34.22809627287374],[135.8532911130143,34.229220125732844],[135.85222912865467,34.23031217465307],[135.8506302652502,34.23270494342746],[135.84811456604456,34.23265834313437],[135.84679678726016,34.232944512867746]]]},"properties":{"KEY_CODE":"294460110","PREF":"29","CITY":"446","CITY_NAME":"天川村","S_NAME":"大字五色","SETAI":"6"}},{"type":"Feature","geometry":{"type":"Polygon","coordinates":[[[135.84511377698874,34.23184106164369],[135.8438690003938,34.23281079282886],[135.84403271009845,34.23391994227895],[135.8425623049165,34.2339387695337],[135.84024675067687,34.23484551590818],[135.83874414723525,34.23596783599665],[135.83690851598647,34.23615318324703],[135.83443010027258,34.235768518109325],[135.83137643190378,34.234993525036614],[135.8292899002926,34.233301753956326],[135.82476118325062,34.23230450484312],[135.82478020503837,34.230245576597326],[135.82745380796987,34.22823801082188],[135.82856621720643,34.227942893044],[135.82844576871085,34.227116104043034],[135.82916287225532,34.22538257595428],[135.82885303835585,34.223832864094845],[135.83032608829038,34.22282726159445],[135.83267303484917,34.22283046995187],[135.83345567380886,34.222662486351],[135.83507464409732,34.22226430985558],[135.8361678167973,34.22223012099459],[135.8375710180992,34.22258794929843],[135.83849518347054,34.222873436024756],[135.8383882668407,34.22378317780259],[135.83892146562044,34.22490703498415],[135.84015155703403,34.22566947657583],[135.84096072729267,34.22649813985805],[135.84242988665966,34.22684178060911],[135.84332071157897,34.22702280991071],[135.84361122326973,34.22721335567494],[135.8439750870183,34.22763727713299],[135.8444572419623,34.230842295845704],[135.84511377698874,34.23184106164369]]]},"properties":{"KEY_CODE":"294460120","PREF":"29","CITY":"446","CITY_NAME":"天川村","S_NAME":"大字南日裏","SETAI":"37"}},{"type":"Feature","geometry":{"type":"Polygon","coordinates":[[[135.86169304150405,34.22902039640867],[135.86130273071524,34.229131798727224],[135.86100270815382,34.229238938086404],[135.86075052368096,34.229261325407094],[135.8605561774778,34.229340270345745],[135.85954299524434,34.228950985785886],[135.85824320112383,34.22928619120721],[135.857594071146,34.22927347176545],[135.85551776165838,34.22859374732708],[135.8551995495516,34.22839601297186],[135.85442654262667,34.22803841789738],[135.85326859918723,34.22807888956424],[135.85299559361653,34.22805349048744],[135.85226354080612,34.22780552941057],[135.85079462747058,34.22671327693997],[135.84855852315695,34.22644811582631],[135.8469678992179,34.22549710287152],[135.84514330192323,34.226252011311054],[135.8436112232697,34.227213355674934],[135.84332071157897,34.22702280991071],[135.84242988665966,34.22684178060911],[135.84096072729267,34.22649813985805],[135.84015155703403,34.22566947657583],[135.83892146562044,34.22490703498415],[135.8383882668407,34.22378317780259],[135.83849518347054,34.22287343602473],[135.8375710180992,34.22258794929843],[135.8361678167973,34.22223012099459],[135.83507464409732,34.22226430985558],[135.83345567380886,34.222662486351],[135.83267303484917,34.22283046995187],[135.8303260882904,34.22282726159445],[135.8306428647337,34.22142815852571],[135.83084542531415,34.219906340159724],[135.8315517035082,34.21920097883102],[135.83363794651578,34.21690182509634],[135.8340246991775,34.215857358335356],[135.83461790367065,34.21518210859751],[135.83539971665746,34.21646155665948],[135.83753021364066,34.21666101125779],[135.83754718521726,34.215517853622316],[135.83896234873905,34.21445624043419],[135.83952589168146,34.213793172833135],[135.84010383090754,34.213339035130936],[135.84089170943957,34.21138556254185],[135.84044381430104,34.20955939970964],[135.8405302780187,34.208486327705884],[135.84275022208442,34.2081562577569],[135.8442495708177,34.20837296992249],[135.84662828958142,34.209110990404284],[135.8492979188233,34.20925613230504],[135.85230518858754,34.20890110240292],[135.8556913622536,34.20717275637689],[135.85700991009588,34.20602966540713],[135.85807086351295,34.205649247109214],[135.8593926311612,34.20436933080152],[135.8603466548588,34.20406232717566],[135.86299731728482,34.20272422650067],[135.86407799633207,34.202380731024405],[135.86610108285797,34.20056546010791],[135.86505119905047,34.19900498235892],[135.86264113742067,34.19823127350484],[135.86190998761478,34.198192967830785],[135.85979114744447,34.19708693371921],[135.85799866531426,34.19508548837418],[135.85561683062235,34.19393421606579],[135.85702313137983,34.19272901692439],[135.8582499853705,34.19200213562145],[135.85858401873185,34.1919110950884],[135.8591583631765,34.19169129292703],[135.85947939667133,34.19154571903071],[135.85998921412352,34.191292456198596],[135.86083258034938,34.190648800509386],[135.8609272756497,34.1900997976839],[135.8604187783292,34.18890224830214],[135.8599374021256,34.18840710826743],[135.85947131522997,34.18781900864667],[135.85937384464953,34.18758998417362],[135.85876857471027,34.187005098941654],[135.85861941831226,34.18692956095699],[135.85831443177565,34.186527584965255],[135.8582219170522,34.18635659900749],[135.85805460173808,34.18628920824017],[135.85795188792008,34.18618019475083],[135.85781257120965,34.1856442935557],[135.85757869138067,34.185565273159575],[135.8573065735924,34.18543591617255],[135.8570680806149,34.18509951598048],[135.85665418665698,34.18470078388416],[135.8569070284055,34.18429367705533],[135.85702374354491,34.18386556121663],[135.8563386975446,34.18336339296342],[135.85636867717866,34.18293672549304],[135.8563522730941,34.18249154922292],[135.85655527598,34.18173065321945],[135.85675160394334,34.1813403844075],[135.85698379750755,34.18061727507766],[135.85720151115606,34.179497591588905],[135.8574897190207,34.17904614818508],[135.85757406957654,34.17866983429091],[135.85780677962467,34.178225793788],[135.85794593495052,34.17763162305902],[135.8581338850311,34.17742067599372],[135.85836715221006,34.17663291788063],[135.85873071181862,34.17634835568438],[135.86029433715711,34.17615066416273],[135.86084939713191,34.17593829139259],[135.86098461563594,34.175898295336246],[135.86121250232668,34.175927005385056],[135.861474607473,34.17600787567303],[135.86181519427552,34.17606037747864],[135.86276633353805,34.17598254448929],[135.86417914024048,34.176376419131685],[135.8648396201887,34.17646870457682],[135.86539682360163,34.17658707640348],[135.86646988313038,34.176876453133104],[135.86821978517602,34.177354177407025],[135.86849725236323,34.17771368845756],[135.86874475019914,34.17787172369126],[135.86937333094616,34.17812975424179],[135.86985472267853,34.178338463732096],[135.8710754216265,34.17839580239967],[135.87168365812036,34.178462781958956],[135.87345050981025,34.17868648897773],[135.87384958137667,34.17872352785111],[135.87451361457835,34.17921712626802],[135.8748243888707,34.1794050873276],[135.87488212007426,34.17945318405656],[135.8749751392776,34.179849133508405],[135.8754112293211,34.17999016785991],[135.87648883391256,34.18003126461133],[135.8768849584751,34.18020789432157],[135.8769592566002,34.180221633433604],[135.87740518270786,34.180231236056],[135.8779373948097,34.180532528892],[135.8784651854449,34.18104089675831],[135.87946305622805,34.18201417743221],[135.88033227573956,34.18247482991193],[135.8808838196802,34.18274428758613],[135.8813817372975,34.182991714754074],[135.88215268292723,34.183869799037666],[135.88245233727974,34.184167463122094],[135.8846752067502,34.18521270001047],[135.88523671411534,34.18526366468117],[135.8856646334115,34.18537732924782],[135.8861574702152,34.18531369708082],[135.88650445286072,34.18522245703879],[135.88731007863635,34.18489962745791],[135.88783317752265,34.18485432944156],[135.88824185213193,34.18494049749057],[135.88848128876415,34.18499326358044],[135.8888667645529,34.18492966148917],[135.88916146195942,34.184810894940014],[135.88967519933308,34.18455624513338],[135.89014618362617,34.18435085917075],[135.8909393991186,34.18404038957418],[135.89109101637504,34.18386668926673],[135.89177721993312,34.18362345352061],[135.8915923850094,34.184595868924625],[135.89114287329807,34.18517163217346],[135.8906481993538,34.18622166739502],[135.8906334232079,34.18666737271316],[135.89034214459446,34.18709339856895],[135.8902643085095,34.18732098278313],[135.8900466833432,34.187745947019664],[135.88969626882422,34.18792285030711],[135.8892976940845,34.18837356996948],[135.88921998926628,34.18850451389881],[135.88849955314976,34.189033264120276],[135.88793610769073,34.190058180746284],[135.88792615094528,34.19075297148008],[135.88811572368098,34.19104630863247],[135.8880948139551,34.191228864502214],[135.88820648906662,34.19180768496105],[135.88869679962698,34.192379384862676],[135.88901016014358,34.19289189428391],[135.8888785155436,34.19375421515249],[135.88874756446017,34.19408797129599],[135.88854522062482,34.19466340503919],[135.8884142181039,34.19504238281421],[135.88810609613682,34.19545867535935],[135.88836761318532,34.196097933340084],[135.8884248860937,34.19677546471785],[135.8882113592889,34.19700616645463],[135.88808450615866,34.19715002658744],[135.88801959675513,34.19738396389286],[135.88750591996836,34.19785712006602],[135.886916599109,34.1988498966258],[135.88674813340813,34.199208412217295],[135.88679829431203,34.19938779509398],[135.88669262089752,34.200142655196956],[135.88674160240427,34.200243568669],[135.8869454247706,34.20052734370202],[135.88704342499727,34.20069493753001],[135.88694240250243,34.20086023275268],[135.8868712095,34.20094497416564],[135.88668476683983,34.20120035043013],[135.8864881732896,34.201324701429186],[135.88615199493037,34.201438214309526],[135.88542919913172,34.201709283569016],[135.88451312050975,34.202094837162214],[135.8834237929815,34.20221903282334],[135.8822685751732,34.20213733519714],[135.88166548289314,34.20218520892057],[135.88093456338797,34.202313675226826],[135.88061445724136,34.20241056372531],[135.88035890166617,34.20254836861141],[135.88024463572123,34.20285493937537],[135.8799840585923,34.20328279832328],[135.87972839092743,34.20348963403289],[135.87938012254665,34.20391121617468],[135.87922122456754,34.204231836158606],[135.87902098092678,34.204413085987895],[135.87867911936792,34.20464547221062],[135.87863288532043,34.204704172162224],[135.87856905919682,34.2052447956258],[135.8782979542323,34.20548232282596],[135.87807928112707,34.20563805252609],[135.87736639160033,34.20605531015306],[135.87683687899195,34.206266928200726],[135.8766274082349,34.20643280686177],[135.87613024685842,34.206599796859294],[135.875680787779,34.20677063756901],[135.8755730451219,34.20679870106844],[135.87505612894745,34.206803093986615],[135.87431582167042,34.207023495453704],[135.87384767774907,34.20732983114989],[135.87341314007276,34.20780736386911],[135.873291056045,34.208176751476564],[135.87295628260205,34.20880892721533],[135.87295275516811,34.20911828611274],[135.87313142765095,34.21002486980574],[135.87283609872452,34.21102786946678],[135.87278927685114,34.21148284688395],[135.87287717216196,34.21205461345135],[135.87281449255784,34.212985731965276],[135.8727643948253,34.21461306903133],[135.87266520862434,34.214884568953245],[135.87230678873135,34.21536822625006],[135.87221298120883,34.21544870453039],[135.87207620584024,34.2157853911786],[135.8721778261219,34.216178961952075],[135.87214820789583,34.216627476004916],[135.87216121661106,34.216882755091],[135.87220117567853,34.217145953077114],[135.87227494491077,34.21792619939598],[135.87123513074803,34.21894164427544],[135.87073719464374,34.219283437767615],[135.87037381403437,34.21963819286917],[135.87003886716528,34.220342626202516],[135.87017671855307,34.22155415026901],[135.8700536873885,34.22180871762952],[135.87008039791215,34.22216529775516],[135.8701020667627,34.22247806120199],[135.8698595601824,34.22287689535649],[135.86975716431326,34.222998499518354],[135.8689879525797,34.22359046063774],[135.86831629755721,34.223881193664404],[135.8681576846359,34.22399850831018],[135.8673929858032,34.22496560815668],[135.86660006604274,34.225452997114566],[135.86612263905917,34.2257184340797],[135.86558374964744,34.22606029356294],[135.8654843850313,34.2264195493496],[135.86497759926564,34.22736635046911],[135.8631849694278,34.22825660447972],[135.86285962142702,34.22822932564182],[135.86263439981184,34.22844136315098],[135.8621600244915,34.22890781383864],[135.86169304150405,34.22902039640867]]]},"properties":{"KEY_CODE":"294460130","PREF":"29","CITY":"446","CITY_NAME":"天川村","S_NAME":"大字坪内","SETAI":"49"}},{"type":"Feature","geometry":{"type":"Polygon","coordinates":[[[135.8196037074137,34.24345970343877],[135.81722869711479,34.24222810305059],[135.81696550214613,34.24105087962213],[135.81644696943903,34.24044605399255],[135.81313338998157,34.24017341050653],[135.8095089773295,34.24034662139652],[135.80914374991752,34.24015053030004],[135.80852245927483,34.238082411700724],[135.8060098502492,34.236254793419654],[135.8051839900956,34.234730838445024],[135.8033033573588,34.23416354793756],[135.80237816276838,34.23059931861921],[135.802371661754,34.228985915809936],[135.8062703251853,34.227848225663166],[135.8074299875226,34.22683451052203],[135.8083107842059,34.22521517747896],[135.8096861411211,34.224515641536435],[135.81139139084186,34.2241208820242],[135.81345438839992,34.22391244986222],[135.81504765467022,34.22304823363852],[135.81709553171802,34.220898819945475],[135.8173714533102,34.22000865486056],[135.81840005569322,34.21898577261414],[135.81835685502764,34.21668938075355],[135.81901261513582,34.215759761783566],[135.81995879133754,34.21274399871386],[135.81952755068173,34.21171472617365],[135.8208374597934,34.21134137134366],[135.82128638708193,34.211265535322106],[135.82309171758246,34.211870372355925],[135.8238393087341,34.21204358033153],[135.8250138880577,34.211615023234614],[135.82583155546345,34.2112815977487],[135.82620066243052,34.210842306044526],[135.82865415968624,34.20956474300606],[135.83180275552306,34.20857460216818],[135.83260813101893,34.208663593756626],[135.8334728105723,34.20868813857656],[135.83509595712417,34.20837079141224],[135.8360144139146,34.20806010364564],[135.8374001930524,34.20766211394762],[135.83911330706582,34.207575021376165],[135.8405302780187,34.208486327705884],[135.84044381430104,34.20955939970964],[135.84089170943952,34.21138556254185],[135.84010383090754,34.21333903513094],[135.83952589168146,34.213793172833135],[135.83896234873905,34.21445624043419],[135.83754718521726,34.215517853622316],[135.83753021364066,34.21666101125779],[135.83539971665746,34.21646155665948],[135.83461790367065,34.21518210859751],[135.8340246991775,34.215857358335356],[135.83363794651578,34.21690182509634],[135.8315517035082,34.21920097883102],[135.83084542531415,34.219906340159724],[135.8306428647337,34.22142815852571],[135.83032608829038,34.22282726159445],[135.82885303835585,34.223832864094845],[135.82916287225532,34.22538257595428],[135.82844576871085,34.227116104043034],[135.82856621720643,34.227942893044],[135.82745380796987,34.22823801082188],[135.82478020503837,34.230245576597326],[135.82476118325062,34.23230450484312],[135.823892412665,34.23284265492852],[135.82385362218642,34.23461122042553],[135.82345372285226,34.236537604690874],[135.8238336318026,34.238036298349805],[135.8237590837991,34.23919639266718],[135.82417989353684,34.23970088620931],[135.82263595608904,34.241009452639275],[135.82239216806036,34.24169287971394],[135.8196037074137,34.24345970343877]]]},"properties":{"KEY_CODE":"294460140","PREF":"29","CITY":"446","CITY_NAME":"天川村","S_NAME":"大字九尾","SETAI":"6"}},{"type":"Feature","geometry":{"type":"Polygon","coordinates":[[[135.8250138880577,34.211615023234614],[135.8238393087341,34.21204358033153],[135.82309171758246,34.211870372355925],[135.82128638708193,34.211265535322106],[135.8208374597934,34.21134137134366],[135.8195275506817,34.21171472617365],[135.81755418499765,34.20906394456969],[135.81670999710485,34.208170250882866],[135.81670601479706,34.20736557847658],[135.8163285397781,34.20671417894985],[135.81561717210366,34.20501136367298],[135.81576693144518,34.20424946646245],[135.8169586187613,34.2024689135955],[135.81806495178796,34.20062678337335],[135.81835622710767,34.20028643763368],[135.81988334187554,34.1987856901917],[135.82000995095603,34.198179970671994],[135.82011966625768,34.19747476682586],[135.8217858245099,34.19739577425712],[135.8237811713541,34.19734775910093],[135.82516981293261,34.197521719033865],[135.8281931548963,34.19848147059797],[135.8295016461873,34.198372534266234],[135.83023398133122,34.197968794904526],[135.83136853261908,34.19669329393683],[135.83333645383522,34.19612426040056],[135.83397789362243,34.19555062307322],[135.83448063985023,34.19433806736582],[135.8348902608021,34.193954585457476],[135.8352802313058,34.193818034028034],[135.83577505986085,34.193035847050055],[135.8360363274242,34.19248410290299],[135.83708925294982,34.1918426861721],[135.83750243986952,34.19141426639766],[135.84020202246836,34.18923847121636],[135.84046112250334,34.1893230517659],[135.84137317685887,34.19001888746508],[135.84163513780246,34.19016277685833],[135.8420581687553,34.19023023776266],[135.84312335962636,34.19031457785752],[135.84399586016113,34.19065984504028],[135.84484089025258,34.19054089094708],[135.8462899477441,34.190101919779025],[135.84774930978725,34.18972605810746],[135.84842143599155,34.18964645204908],[135.8495387779303,34.189729533698305],[135.84988154326152,34.1896854379459],[135.85050003063344,34.189608009767426],[135.8511138016646,34.18966580892612],[135.85148307332878,34.18981234066635],[135.8517788272917,34.19024728762224],[135.8531851985929,34.1912233844851],[135.85366148573897,34.191531051102366],[135.85461219893025,34.19236556967942],[135.85506779697317,34.19345926266761],[135.85531596423186,34.19385948465926],[135.85561683062235,34.19393421606579],[135.85799866531426,34.19508548837418],[135.85979114744447,34.19708693371921],[135.86190998761478,34.198192967830785],[135.86264113742067,34.19823127350484],[135.86505119905047,34.19900498235892],[135.86610108285797,34.20056546010791],[135.86407799633207,34.202380731024405],[135.86299731728482,34.20272422650067],[135.8603466548588,34.20406232717566],[135.8593926311612,34.20436933080152],[135.85807086351295,34.205649247109214],[135.85700991009588,34.20602966540713],[135.8556913622536,34.20717275637689],[135.85230518858754,34.20890110240292],[135.8492979188233,34.20925613230504],[135.84662828958142,34.209110990404284],[135.8442495708177,34.20837296992249],[135.84275022208442,34.2081562577569],[135.8405302780187,34.208486327705884],[135.83911330706582,34.207575021376165],[135.8374001930524,34.20766211394762],[135.8360144139146,34.20806010364564],[135.83509595712417,34.20837079141224],[135.8334728105723,34.20868813857656],[135.83260813101893,34.208663593756626],[135.83180275552306,34.20857460216818],[135.82865415968624,34.209564743006084],[135.82620066243052,34.210842306044526],[135.82583155546345,34.2112815977487],[135.8250138880577,34.211615023234614]]]},"properties":{"KEY_CODE":"294460150","PREF":"29","CITY":"446","CITY_NAME":"天川村","S_NAME":"大字栃尾","SETAI":"28"}},{"type":"Feature","geometry":{"type":"Polygon","coordinates":[[[135.8033033573588,34.23416354793756],[135.80210691784393,34.23459158382786],[135.7997894268493,34.23418075141215],[135.798423771116,34.234352939866476],[135.797166885219,34.23374753886211],[135.79623383931698,34.2340373285349],[135.7946607648808,34.23370015724418],[135.7919441207923,34.23177102492624],[135.79036620147588,34.23159142438841],[135.79007863152302,34.23154064566874],[135.78975907793537,34.23122032238727],[135.78957069689193,34.23098530942737],[135.7897121861822,34.229803209625864],[135.78981689674364,34.2289437857296],[135.78962377635605,34.228441248241985],[135.7895348819024,34.22800453500624],[135.7907305996491,34.22695284649689],[135.7905587225376,34.2258627729517],[135.79112746741194,34.22509105431972],[135.79089322569126,34.224482233469146],[135.79092696795544,34.2224644446157],[135.79127097133573,34.220875991501494],[135.79269312504695,34.21916241129551],[135.7936192652212,34.21721427511869],[135.7948970739616,34.21827970707538],[135.79675963831244,34.21903545821557],[135.79742307388727,34.21785449003048],[135.7982464913243,34.21738111035781],[135.79922448397258,34.21599202820034],[135.7998770493188,34.214607478233226],[135.80086574717424,34.211731073340644],[135.80295286724635,34.21204832222857],[135.80544298076052,34.21159067660882],[135.8064387178596,34.21042992093875],[135.808404993329,34.20875016135606],[135.80944346119782,34.20826634244295],[135.81172530980842,34.20764074190511],[135.81170744017112,34.20631144102573],[135.81079844487928,34.205276597922385],[135.81092545788232,34.2042113752743],[135.81003608946867,34.20369708199612],[135.80914644183522,34.20200111536224],[135.8091338696104,34.2009825689293],[135.80997719853303,34.19949666228826],[135.808704547997,34.19786193919778],[135.8069698056784,34.19716132738584],[135.80561058695983,34.19709015415785],[135.80594275462454,34.19532721453245],[135.80761037845977,34.191743796006605],[135.80818007447309,34.191391781303025],[135.80958533957642,34.189732711249185],[135.81159093642987,34.18903085624091],[135.8132566937897,34.18781579675965],[135.8133955405756,34.18670729527372],[135.81428420024972,34.185705356105956],[135.81446044378742,34.184845600808195],[135.8180855438597,34.183447950279465],[135.8204109041537,34.18217225422352],[135.82184825541236,34.18232663343219],[135.82320085296578,34.18169099022213],[135.82512425932157,34.18167020563404],[135.82581309723318,34.1814061996243],[135.82652190434365,34.182307228981806],[135.82674769015856,34.18336873313138],[135.82751321293924,34.18497447087443],[135.82974027305724,34.185129830792164],[135.83165044052618,34.185824535137776],[135.83331724708648,34.18602611434529],[135.83461669616474,34.1866728941167],[135.83749442971566,34.18628936078109],[135.84020202246836,34.189238471216335],[135.83750243986952,34.19141426639766],[135.83708925294982,34.1918426861721],[135.8360363274242,34.19248410290299],[135.83577505986085,34.193035847050055],[135.8352802313058,34.193818034028034],[135.8348902608021,34.193954585457476],[135.83448063985023,34.19433806736582],[135.83397789362243,34.19555062307322],[135.83333645383522,34.19612426040056],[135.83136853261908,34.19669329393683],[135.83023398133122,34.197968794904526],[135.8295016461873,34.198372534266234],[135.8281931548963,34.19848147059797],[135.82516981293261,34.19752171903385],[135.8237811713541,34.19734775910093],[135.8217858245099,34.19739577425712],[135.8201196662577,34.197474766825835],[135.82000995095603,34.198179970671994],[135.81988334187554,34.198785690191656],[135.81835622710767,34.20028643763368],[135.81806495178796,34.20062678337335],[135.8169586187613,34.2024689135955],[135.81576693144518,34.20424946646245],[135.81561717210366,34.20501136367298],[135.8163285397781,34.20671417894985],[135.81670601479706,34.20736557847658],[135.81670999710485,34.208170250882866],[135.81755418499765,34.20906394456969],[135.81952755068173,34.21171472617365],[135.81995879133754,34.21274399871386],[135.81901261513582,34.215759761783566],[135.81835685502764,34.21668938075355],[135.81840005569322,34.21898577261414],[135.8173714533102,34.22000865486056],[135.81709553171802,34.220898819945475],[135.81504765467022,34.22304823363852],[135.81345438839992,34.22391244986222],[135.81139139084186,34.2241208820242],[135.8096861411211,34.224515641536435],[135.8083107842059,34.22521517747896],[135.8074299875226,34.22683451052203],[135.8062703251853,34.227848225663166],[135.802371661754,34.228985915809936],[135.80237816276838,34.23059931861921],[135.8033033573588,34.23416354793756]]]},"properties":{"KEY_CODE":"294460160","PREF":"29","CITY":"446","CITY_NAME":"天川村","S_NAME":"大字和田","SETAI":"18"}},{"type":"Feature","geometry":{"type":"Polygon","coordinates":[[[135.7936192652212,34.21721427511869],[135.79306114183575,34.215422000633225],[135.79314649826955,34.21457084664446],[135.79193076871306,34.21418210810278],[135.79078665086817,34.21301261514261],[135.7895712716673,34.211138760437166],[135.78842622603707,34.21037016890871],[135.78723589864805,34.209112940267225],[135.78858881234478,34.20678057735455],[135.78889228929398,34.205203175892834],[135.78804309644676,34.20284082888796],[135.78681929980928,34.20142506923127],[135.78490655872326,34.200482976040455],[135.78308784788845,34.20030455060314],[135.78206907112767,34.19837449810673],[135.78405332325056,34.19871819311886],[135.78672714669796,34.19874256971225],[135.78778047674894,34.197933669755734],[135.78821294243133,34.19651963715255],[135.7898892919731,34.19483330791413],[135.79239448779978,34.19442718544923],[135.79266421112246,34.19308947134533],[135.79226738058117,34.19152467147681],[135.79361507387497,34.193505802893554],[135.79469999561204,34.196309444473165],[135.79512003879177,34.19640649972573],[135.7978022053706,34.19491965844984],[135.799206358882,34.19455075226169],[135.8010464139354,34.19471433757336],[135.80248775813513,34.19392986582986],[135.8041859073272,34.19383015829054],[135.80488034372152,34.19432911847549],[135.80427040856412,34.19593567611535],[135.8035490367873,34.19663297627674],[135.8029929764705,34.197914597694094],[135.80433026275347,34.199327731299505],[135.80528142878367,34.19954196853592],[135.80617351539473,34.19918809928309],[135.80682787543128,34.19822174837683],[135.8069698056784,34.19716132738584],[135.808704547997,34.19786193919778],[135.80997719853303,34.19949666228826],[135.8091338696104,34.2009825689293],[135.80914644183522,34.20200111536224],[135.81003608946867,34.20369708199612],[135.81092545788232,34.2042113752743],[135.81079844487928,34.205276597922385],[135.81170744017112,34.20631144102573],[135.81172530980842,34.20764074190511],[135.80944346119782,34.20826634244295],[135.808404993329,34.20875016135606],[135.8064387178596,34.21042992093875],[135.80544298076052,34.21159067660882],[135.80295286724635,34.21204832222857],[135.80086574717424,34.211731073340644],[135.7998770493188,34.214607478233226],[135.79922448397258,34.21599202820034],[135.7982464913243,34.21738111035781],[135.79742307388727,34.21785449003048],[135.79675963831244,34.21903545821557],[135.7948970739616,34.21827970707538],[135.7936192652212,34.21721427511869]]]},"properties":{"KEY_CODE":"294460170","PREF":"29","CITY":"446","CITY_NAME":"天川村","S_NAME":"大字篭山","SETAI":"9"}},{"type":"Feature","geometry":{"type":"Polygon","coordinates":[[[135.8069698056784,34.19716132738584],[135.80682787543128,34.19822174837683],[135.80617351539473,34.19918809928309],[135.80528142878367,34.19954196853592],[135.80433026275347,34.199327731299505],[135.8029929764705,34.197914597694094],[135.8035490367873,34.19663297627674],[135.80427040856412,34.19593567611535],[135.80488034372152,34.19432911847549],[135.8041859073272,34.19383015829054],[135.80248775813513,34.19392986582986],[135.8010464139354,34.19471433757336],[135.799206358882,34.19455075226169],[135.7978022053706,34.19491965844984],[135.79512003879177,34.19640649972573],[135.79469999561204,34.196309444473165],[135.79361507387497,34.193505802893554],[135.79226738058117,34.19152467147681],[135.79203199011047,34.18881651954755],[135.79137616446783,34.18720253253819],[135.79155250438288,34.1853411777487],[135.7898832141844,34.18319804242497],[135.78916149240783,34.1816731193972],[135.7924002541923,34.17978047242763],[135.79426904849782,34.177145161532586],[135.79450842218193,34.176177896214156],[135.7951619292289,34.17581975437338],[135.79581017428472,34.17574602406825],[135.79928063220927,34.176650361647155],[135.8004268250754,34.1776228402245],[135.80294790499988,34.17830294805292],[135.80386104512024,34.179077940136075],[135.8039879688253,34.18054744714717],[135.8050415497149,34.18188543264692],[135.80776772670936,34.18207930828912],[135.80879818745004,34.18246562331439],[135.80941615693615,34.18346183062766],[135.8119201976463,34.1836168483331],[135.8134937193268,34.18418752929301],[135.81446044378742,34.184845600808195],[135.81428420024972,34.185705356105956],[135.8133955405756,34.18670729527372],[135.8132566937897,34.18781579675965],[135.81159093642987,34.18903085624091],[135.80958533957642,34.189732711249185],[135.80818007447309,34.191391781303025],[135.80761037845977,34.191743796006605],[135.80594275462454,34.19532721453245],[135.80561058695983,34.19709015415785],[135.8069698056784,34.19716132738584]]]},"properties":{"KEY_CODE":"294460180","PREF":"29","CITY":"446","CITY_NAME":"天川村","S_NAME":"大字庵住","SETAI":"17"}},{"type":"Feature","geometry":{"type":"Polygon","coordinates":[[[135.78308784788845,34.20030455060314],[135.78089822535222,34.200255043764564],[135.77977006237836,34.201115741188794],[135.77793824037016,34.20179950007191],[135.7760817986471,34.20324813063827],[135.77365853701474,34.2027071347267],[135.7713647098641,34.20140080740442],[135.77045391048821,34.2006858619737],[135.76914941567892,34.200184014762804],[135.7681118320604,34.198454936809085],[135.7668960304096,34.19733211260018],[135.76480254728867,34.19608967729092],[135.76343719655335,34.1945491115874],[135.76283701315378,34.194268031998824],[135.76276350402108,34.19383568645601],[135.7627207494414,34.193620628481966],[135.76166932593168,34.192963800345105],[135.75925327201767,34.191892372758886],[135.75950457329049,34.19089251824092],[135.76106138369673,34.18858212510816],[135.76096634479924,34.187846997764915],[135.76255938487927,34.18724306470035],[135.76531208112405,34.185182178578245],[135.76685855525938,34.18493719305277],[135.76759243243166,34.1843359349119],[135.77018222982875,34.185183372179615],[135.77157783615232,34.18442766454222],[135.77265686496622,34.18428794936326],[135.77497613715136,34.185229997050186],[135.77606137885476,34.18472089114883],[135.7774059913711,34.18471980850509],[135.77883185071929,34.183745989993035],[135.78153384298665,34.183859144527084],[135.7830044259552,34.18317175020375],[135.78545125433612,34.183514835546426],[135.78795432557712,34.1820105558742],[135.78916149240783,34.1816731193972],[135.7898832141844,34.18319804242497],[135.79155250438288,34.1853411777487],[135.79137616446783,34.18720253253819],[135.79203199011047,34.18881651954755],[135.79226738058117,34.19152467147681],[135.79266421112246,34.19308947134533],[135.79239448779978,34.19442718544923],[135.7898892919731,34.19483330791413],[135.78821294243133,34.19651963715255],[135.78778047674894,34.197933669755734],[135.78672714669796,34.19874256971225],[135.78405332325056,34.19871819311886],[135.78206907112767,34.19837449810673],[135.78308784788845,34.20030455060314]]]},"properties":{"KEY_CODE":"294460190","PREF":"29","CITY":"446","CITY_NAME":"天川村","S_NAME":"大字山西","SETAI":"8"}},{"type":"Feature","geometry":{"type":"Polygon","coordinates":[[[135.7936192652212,34.21721427511869],[135.79269312504695,34.21916241129551],[135.79127097133573,34.220875991501494],[135.79092696795544,34.2224644446157],[135.79089322569126,34.224482233469146],[135.79112746741194,34.22509105431972],[135.7905587225376,34.2258627729517],[135.7907305996491,34.22695284649689],[135.7895348819024,34.22800453500624],[135.78877616520631,34.2277103688058],[135.78821873876566,34.2275389610244],[135.7876775737355,34.22732433019454],[135.78703006817253,34.22718868466576],[135.78669593770522,34.22695186694949],[135.78562245909993,34.22661079221868],[135.78508291646963,34.22647236523553],[135.7844574216604,34.22617826226613],[135.78331123033075,34.22612398359057],[135.78138249916452,34.22668898297029],[135.78109472446457,34.22670030398373],[135.78049060168746,34.22663963837462],[135.7795658150385,34.22562102889506],[135.77895718637077,34.225071379687996],[135.77763988947055,34.22439478679825],[135.7765713701859,34.22424042224352],[135.77620820312447,34.22411410226858],[135.77590149097654,34.22372952411097],[135.77504600795558,34.22332125905629],[135.77476193557038,34.22322804399552],[135.77413814632328,34.22298628599707],[135.7738292362367,34.222764545676206],[135.77282685692595,34.222194128902856],[135.77213073749408,34.22159553488286],[135.77188003848576,34.22119499116651],[135.77095653112391,34.22035254759728],[135.77067244651565,34.22026834133008],[135.7704819801549,34.22016627599423],[135.77012497126503,34.219769479101345],[135.76961808065914,34.21956539704025],[135.76895241834808,34.21885401786652],[135.76878855245022,34.21823190408639],[135.76892488020798,34.21772248783593],[135.7689299696359,34.217175353175264],[135.76850308570457,34.21601010591348],[135.76797844237993,34.21572807590287],[135.7674276241989,34.21515157117662],[135.76702933591733,34.214726226624364],[135.76582072217172,34.21387953322535],[135.76552263043692,34.21366666765472],[135.76516218588924,34.21322208683286],[135.76356152411358,34.21232657202495],[135.7627818254296,34.21190342601592],[135.76256965878318,34.211849200014065],[135.76209047855465,34.211419312001595],[135.7618789726352,34.21112898681481],[135.76180015014657,34.21100613454798],[135.76173264982518,34.21097275735737],[135.7633784131514,34.209414821634496],[135.76406175300767,34.2077462521522],[135.76649713240508,34.203616046239944],[135.76629323950053,34.20240400152024],[135.76553351722387,34.20139177679376],[135.7662273752584,34.201304772706884],[135.76825045994687,34.20175165946822],[135.76920887118774,34.201580753567235],[135.76914941567892,34.200184014762804],[135.77045391048821,34.2006858619737],[135.7713647098641,34.20140080740442],[135.77365853701474,34.2027071347267],[135.7760817986471,34.20324813063827],[135.77793824037016,34.20179950007191],[135.77977006237836,34.201115741188794],[135.78089822535222,34.200255043764564],[135.78308784788845,34.20030455060314],[135.78490655872326,34.200482976040455],[135.78681929980928,34.20142506923127],[135.78804309644676,34.20284082888796],[135.78889228929398,34.205203175892834],[135.78858881234478,34.20678057735455],[135.78723589864805,34.209112940267225],[135.78842622603707,34.21037016890871],[135.7895712716673,34.211138760437166],[135.79078665086817,34.21301261514261],[135.79193076871306,34.21418210810278],[135.79314649826955,34.21457084664446],[135.79306114183575,34.215422000633225],[135.7936192652212,34.21721427511869]]]},"properties":{"KEY_CODE":"294460200","PREF":"29","CITY":"446","CITY_NAME":"天川村","S_NAME":"大字広瀬","SETAI":"2"}},{"type":"Feature","geometry":{"type":"Polygon","coordinates":[[[135.76173264982518,34.21097275735737],[135.76146823526972,34.21088898715288],[135.76125350376898,34.21088110093927],[135.76071659927146,34.21088005037481],[135.76024775252756,34.21054836691871],[135.75983675405556,34.21032822437563],[135.759360528382,34.21023262472971],[135.7590291720111,34.210332273935585],[135.75837580203634,34.210382969718225],[135.75788835911143,34.21030396597192],[135.75736072396734,34.20940148973651],[135.75647036536805,34.20706365635768],[135.75637945849363,34.20678285979887],[135.75647659228545,34.20567171988508],[135.75728950329713,34.20372847103013],[135.7574899990876,34.20349643180843],[135.7587105003358,34.20476823890114],[135.75955184734062,34.20529830473199],[135.7608315484389,34.2050462533652],[135.76134220340825,34.20475888494101],[135.7618047670835,34.20338657255686],[135.7616432924524,34.20270146663441],[135.76151059913366,34.20199528257457],[135.76126299640023,34.20103473530058],[135.76174335170427,34.2001143441814],[135.7636648612495,34.20013003750341],[135.7638772289111,34.19951045494953],[135.76385763766916,34.199081029999235],[135.76438374001455,34.198079717493115],[135.7681118320604,34.198454936809085],[135.76914941567892,34.200184014762804],[135.76920887118774,34.201580753567235],[135.76825045994687,34.20175165946822],[135.7662273752584,34.201304772706884],[135.76553351722387,34.20139177679376],[135.76629323950053,34.20240400152024],[135.76649713240508,34.203616046239944],[135.76406175300767,34.2077462521522],[135.7633784131514,34.209414821634496],[135.76173264982518,34.21097275735737]]]},"properties":{"KEY_CODE":"294460210","PREF":"29","CITY":"446","CITY_NAME":"天川村","S_NAME":"大字滝尾","SETAI":"0"}},{"type":"Feature","geometry":{"type":"Polygon","coordinates":[[[135.78003517963384,34.24037757459857],[135.77909011278467,34.2412326443035],[135.77640383664973,34.24118227189863],[135.7747469120382,34.24096807169361],[135.77345886002294,34.24130674339044],[135.7719255638241,34.24070942945925],[135.77044599900438,34.240493257374936],[135.7686409194477,34.23961915258741],[135.76778578810104,34.23949836284734],[135.76751108637387,34.239325698067404],[135.7673914998851,34.239186854315044],[135.76722783460366,34.238954810331236],[135.7671108123767,34.23882456469905],[135.76673692175194,34.238692844896036],[135.7656903209292,34.238019314647396],[135.76540242870632,34.23790508131922],[135.76523555230293,34.23789391430559],[135.7648231566882,34.238010047391164],[135.76303327480827,34.237810650407795],[135.76251113757337,34.23753127597715],[135.7619692052923,34.23733314280447],[135.7614006770452,34.23686095821739],[135.76102112654107,34.23642689735229],[135.7605335899943,34.23636311659215],[135.75999311933137,34.236116381384804],[135.75974052532985,34.23598586479357],[135.75883154218076,34.23601549997811],[135.75827372454322,34.235906078292594],[135.75751462642845,34.23550282353617],[135.75717260523484,34.235439461557604],[135.75719108222802,34.23476092479104],[135.75854656198499,34.23306624516846],[135.7588299830493,34.2326395423893],[135.75910153206993,34.23199474766746],[135.75926611490718,34.23120056203508],[135.75928856846232,34.23090759591384],[135.75933585805532,34.230611015848545],[135.75905046215223,34.22921598079681],[135.75905445151975,34.22906469444122],[135.75896443488153,34.228683180985406],[135.7588365967749,34.228421897388536],[135.75873416370925,34.22800922568071],[135.75898114485017,34.22657367039605],[135.75926375120468,34.22642588893296],[135.75963933025224,34.22624264908073],[135.76019098824167,34.22569489384884],[135.76035945300046,34.22548743817691],[135.76056914642487,34.225228361698576],[135.76085160361967,34.225139740266414],[135.76121631954513,34.22500394577966],[135.76123023867754,34.22485647999022],[135.76135162365654,34.224766698964636],[135.7614198756652,34.224649485624106],[135.76140559997177,34.2245015429772],[135.76153758686874,34.2242372426154],[135.76164793978222,34.22415053949624],[135.761891176754,34.223811087422085],[135.76193862810368,34.22357409315361],[135.76205659495332,34.2233944279846],[135.76204221635786,34.223290718747506],[135.76184619645213,34.22315918861347],[135.76154121964092,34.22294292312907],[135.76150135862272,34.22274928853154],[135.76155661365237,34.22268529966488],[135.76162773254873,34.22252005382302],[135.7618404270193,34.22226802391638],[135.76204647353117,34.22209627798068],[135.7620649041559,34.2220703932457],[135.76189649650888,34.22191299533766],[135.76123628358178,34.221400212566095],[135.76129940699337,34.22114578027166],[135.76218598522019,34.22044468704469],[135.76265089383287,34.22024441874537],[135.76157645068207,34.21921467577081],[135.76156606690233,34.21899503428993],[135.76163909047034,34.21880851767041],[135.76171636248134,34.21873851226653],[135.76195693718265,34.218685586775685],[135.76214475111556,34.21846646968589],[135.7626970524116,34.218181703810274],[135.76275594128703,34.21812081930398],[135.7628665699595,34.21793958797224],[135.76306795190985,34.21778670619819],[135.76318206301553,34.21767112891541],[135.76316962634172,34.21752473723023],[135.76289183455526,34.21713032009922],[135.76217844623423,34.21540493164383],[135.76161455106487,34.21509419619649],[135.76134963449323,34.21506339276935],[135.76102898723425,34.214831734831975],[135.76063354347704,34.213519566899485],[135.76009003453973,34.21303840305738],[135.75927949472364,34.21211366389845],[135.75846830548375,34.21199359432914],[135.75806467008164,34.21183051246198],[135.75741874304057,34.211266595258195],[135.75718057197082,34.2111531457269],[135.7562049799069,34.211202206822705],[135.7550809200056,34.210468000576114],[135.75451762919724,34.20996748524439],[135.7494204442402,34.20874087815649],[135.74868925000678,34.209700978892826],[135.74711958021783,34.208928722905235],[135.74545929193133,34.20778856795792],[135.74542414052442,34.207509848149904],[135.7454718244181,34.206769943671006],[135.74517640053597,34.20608468780918],[135.74500773807677,34.20546393405183],[135.745201528055,34.204663054275265],[135.7455464443296,34.204004063871814],[135.74593443567193,34.20288872795893],[135.745623475546,34.20233543555081],[135.7454958562954,34.20217133425204],[135.746027324966,34.20106290628772],[135.7466004655507,34.20032322697637],[135.74669619342632,34.200252563701035],[135.74686498160534,34.199945944731304],[135.74689080686667,34.199178229558484],[135.74666666366895,34.19885615302165],[135.74653481038342,34.198662743996465],[135.7463610508224,34.19821863198419],[135.7459919234057,34.1976602938067],[135.7458604158325,34.196866477676004],[135.74599976671212,34.1955439518439],[135.74627993755934,34.195341665311446],[135.74673947912444,34.19518116085398],[135.74706974072546,34.194951926752054],[135.74742725098704,34.19461950360389],[135.74768308875488,34.19449944654553],[135.74888456444592,34.194416833537396],[135.7497063526087,34.19373585673757],[135.74994124093374,34.19359673288064],[135.75094407978148,34.19323166611453],[135.75137417931697,34.193048561688094],[135.75178139403656,34.19261761596892],[135.75195290933888,34.192306072314224],[135.7527941840256,34.19182655263044],[135.75296920464373,34.19151064713776],[135.75311616053702,34.191219337336044],[135.75364962948098,34.19128732397066],[135.75497898534917,34.19175021754466],[135.75535553091945,34.19193185018424],[135.7556842651434,34.1920125215682],[135.7572530920068,34.191655142592296],[135.7585792339839,34.19201896095594],[135.75893617830448,34.19202417131648],[135.759218096236,34.19195189343174],[135.75925327201767,34.191892372758886],[135.76166932593168,34.19296380034511],[135.7627207494414,34.193620628481966],[135.76276350402108,34.19383568645601],[135.76283701315378,34.194268031998824],[135.76343719655335,34.1945491115874],[135.76480254728867,34.19608967729092],[135.7668960304096,34.19733211260018],[135.7681118320604,34.198454936809085],[135.76438374001455,34.198079717493115],[135.76385763766916,34.199081029999235],[135.7638772289111,34.19951045494953],[135.7636648612495,34.20013003750341],[135.76174335170427,34.2001143441814],[135.76126299640023,34.20103473530056],[135.76151059913366,34.20199528257457],[135.7616432924524,34.20270146663441],[135.7618047670835,34.20338657255686],[135.76134220340822,34.20475888494101],[135.7608315484389,34.2050462533652],[135.75955184734062,34.20529830473199],[135.7587105003358,34.20476823890114],[135.7574899990876,34.20349643180843],[135.75728950329713,34.20372847103013],[135.75647659228545,34.20567171988508],[135.75637945849363,34.20678285979887],[135.75647036536805,34.20706365635768],[135.75736072396734,34.20940148973651],[135.75788835911143,34.21030396597192],[135.75837580203634,34.210382969718225],[135.7590291720111,34.210332273935585],[135.759360528382,34.21023262472971],[135.75983675405556,34.21032822437563],[135.76024775252756,34.21054836691871],[135.76071659927146,34.21088005037481],[135.76125350376898,34.21088110093927],[135.76146823526972,34.21088898715288],[135.76180015014657,34.21100613454798],[135.7618789726352,34.21112898681481],[135.76209047855465,34.211419312001595],[135.76256965878318,34.211849200014065],[135.7627818254296,34.21190342601592],[135.76356152411358,34.21232657202495],[135.76516218588924,34.21322208683286],[135.76552263043692,34.21366666765472],[135.76582072217172,34.21387953322535],[135.76702933591733,34.214726226624364],[135.7674276241989,34.21515157117662],[135.76797844237993,34.21572807590287],[135.76850308570457,34.21601010591348],[135.7689299696359,34.217175353175264],[135.76892488020798,34.21772248783593],[135.76878855245022,34.21823190408639],[135.76895241834808,34.21885401786652],[135.76961808065914,34.21956539704025],[135.77012497126503,34.219769479101345],[135.7704819801549,34.22016627599423],[135.77067244651565,34.22026834133008],[135.77095653112391,34.22035254759728],[135.77188003848576,34.22119499116651],[135.77213073749408,34.22159553488286],[135.77282685692595,34.222194128902856],[135.7738292362367,34.222764545676206],[135.77413814632328,34.22298628599707],[135.77476193557038,34.22322804399552],[135.77504600795558,34.22332125905629],[135.77590149097654,34.22372952411097],[135.77620820312447,34.22411410226858],[135.7765713701859,34.22424042224352],[135.77763988947055,34.22439478679825],[135.77895718637077,34.225071379687996],[135.7795658150385,34.22562102889506],[135.78049060168746,34.22663963837462],[135.78109472446457,34.22670030398373],[135.78138249916452,34.22668898297029],[135.78331123033075,34.22612398359057],[135.7844574216604,34.22617826226613],[135.78508291646963,34.22647236523553],[135.78562245909993,34.22661079221868],[135.78669593770522,34.22695186694949],[135.78703006817253,34.22718868466576],[135.7876775737355,34.22732433019454],[135.78821873876566,34.2275389610244],[135.78877616520631,34.2277103688058],[135.7895348819024,34.22800453500624],[135.78962377635605,34.228441248241985],[135.78981689674364,34.2289437857296],[135.7897121861822,34.229803209625864],[135.78957069689193,34.23098530942737],[135.78975907793537,34.23122032238727],[135.79007863152302,34.23154064566874],[135.79036620147588,34.23159142438841],[135.79027138367508,34.231689170244536],[135.78995054838524,34.232248591682556],[135.789571433836,34.232642107277016],[135.78942767697802,34.23276752049726],[135.789118053184,34.23300844771271],[135.7887728542205,34.23339342617965],[135.78838477213628,34.233723107398845],[135.78751283952116,34.2345999510475],[135.7870709279992,34.23506054701074],[135.78711850838107,34.23533025824116],[135.7871728669241,34.236018089659424],[135.78703057585136,34.23659626589624],[135.78648512836182,34.237263474617876],[135.78625578753892,34.2377168208311],[135.78623928885588,34.23805474038287],[135.78623887215426,34.23873373378632],[135.78610809369275,34.23888522410273],[135.7857533141312,34.2389170096717],[135.78521852836548,34.238972429359414],[135.78488814862692,34.239148365273394],[135.78446240051622,34.23939681850721],[135.7841387010658,34.23951091668279],[135.78357878555147,34.239697285814145],[135.78290253709162,34.239986422191826],[135.78237816863444,34.240041698951906],[135.78196458624365,34.24011365246472],[135.78171141961167,34.24018025571492],[135.78084331467605,34.240535106726476],[135.7805197303084,34.24060158153111],[135.78003517963384,34.24037757459857]]]},"properties":{"KEY_CODE":"294460220","PREF":"29","CITY":"446","CITY_NAME":"天川村","S_NAME":"大字塩野","SETAI":"15"}},{"type":"Feature","geometry":{"type":"Polygon","coordinates":[[[135.7494204442402,34.20874087815649],[135.75451762919727,34.20996748524437],[135.7550809200056,34.210468000576114],[135.7562049799069,34.211202206822705],[135.75718057197082,34.2111531457269],[135.75741874304057,34.211266595258195],[135.75806467008164,34.21183051246198],[135.75846830548375,34.21199359432914],[135.75927949472364,34.21211366389845],[135.76009003453973,34.21303840305738],[135.76063354347704,34.213519566899485],[135.76102898723425,34.214831734831975],[135.76134963449323,34.21506339276935],[135.76161455106487,34.21509419619649],[135.76217844623423,34.21540493164383],[135.76289183455526,34.21713032009922],[135.76316962634172,34.21752473723023],[135.76318206301553,34.21767112891541],[135.76306795190985,34.21778670619819],[135.7628665699595,34.21793958797224],[135.76275594128703,34.21812081930398],[135.7626970524116,34.218181703810274],[135.76214475111556,34.21846646968589],[135.76195693718265,34.218685586775685],[135.76171636248134,34.21873851226653],[135.76163909047034,34.21880851767041],[135.76156606690233,34.21899503428993],[135.76157645068207,34.21921467577081],[135.76265089383287,34.22024441874537],[135.76218598522019,34.22044468704469],[135.76129940699337,34.22114578027166],[135.76123628358178,34.221400212566095],[135.76189649650888,34.22191299533766],[135.7620649041559,34.2220703932457],[135.76204647353117,34.22209627798068],[135.7618404270193,34.22226802391638],[135.76162773254873,34.22252005382302],[135.76155661365237,34.22268529966488],[135.76150135862272,34.22274928853154],[135.76154121964092,34.22294292312907],[135.76184619645213,34.22315918861347],[135.76204221635786,34.223290718747506],[135.76205659495332,34.2233944279846],[135.76193862810368,34.22357409315361],[135.761891176754,34.223811087422085],[135.76164793978222,34.22415053949624],[135.76153758686874,34.2242372426154],[135.76140559997177,34.2245015429772],[135.7614198756652,34.224649485624106],[135.76135162365654,34.224766698964636],[135.76123023867754,34.22485647999022],[135.76121631954513,34.22500394577966],[135.76085160361967,34.225139740266414],[135.76056914642487,34.225228361698576],[135.76035945300046,34.22548743817691],[135.76019098824167,34.22569489384884],[135.75963933025224,34.22624264908073],[135.75926375120468,34.22642588893296],[135.75898114485017,34.22657367039605],[135.75873416370925,34.22800922568071],[135.7588365967749,34.228421897388536],[135.75896443488153,34.228683180985406],[135.75905445151975,34.22906469444122],[135.75905046215223,34.22921598079681],[135.75933585805532,34.230611015848545],[135.75928856846232,34.23090759591384],[135.75926611490718,34.23120056203508],[135.75910153206993,34.23199474766746],[135.7588299830493,34.2326395423893],[135.75854656198499,34.23306624516846],[135.75719108222802,34.23476092479104],[135.75717260523484,34.235439461557604],[135.75567837925718,34.23422008702455],[135.75243158415736,34.234176828362855],[135.75046771050722,34.23376024866535],[135.74835841380738,34.232192271979834],[135.74873394094297,34.231283288857604],[135.7488494571793,34.22923200563309],[135.7491657132455,34.22869945349819],[135.74936912696833,34.22671032319787],[135.751088018722,34.22462187049318],[135.75144250318692,34.22293296481939],[135.7518310131787,34.22250437493845],[135.7517084282725,34.220064072535095],[135.7504691176077,34.21680429774876],[135.74975175291945,34.2164781199572],[135.74772206371068,34.213738647054484],[135.7473518070574,34.21291040529024],[135.7435550963506,34.21140203187354],[135.74303526999444,34.21099902747565],[135.74295700907808,34.21029506747074],[135.74608049672216,34.21048673002747],[135.74580858032053,34.20924394659157],[135.74467495935994,34.20752279430515],[135.7441760996039,34.20583072114214],[135.7446118699498,34.2035092093839],[135.7454958562954,34.20217133425204],[135.745623475546,34.20233543555081],[135.74593443567193,34.20288872795893],[135.7455464443296,34.204004063871814],[135.745201528055,34.204663054275265],[135.74500773807677,34.20546393405183],[135.74517640053597,34.20608468780918],[135.7454718244181,34.206769943671006],[135.74542414052442,34.207509848149904],[135.74545929193133,34.20778856795792],[135.74711958021783,34.208928722905235],[135.74868925000678,34.209700978892826],[135.7494204442402,34.20874087815649]]]},"properties":{"KEY_CODE":"294460230","PREF":"29","CITY":"446","CITY_NAME":"天川村","S_NAME":"大字塩谷","SETAI":"0"}}]}