{"type":"FeatureCollection","features":[{"type":"Feature","geometry":{"type":"Polygon","coordinates":[[[135.63410978522145,35.30069255879406],[135.63238087754524,35.303379350504024],[135.63125883605144,35.30575638537403],[135.6306302372554,35.308182534740496],[135.63061323125604,35.30984841911364],[135.6282496311456,35.310411965727724],[135.62458806316042,35.31184834272702],[135.62318212397344,35.31160044070588],[135.62236120394206,35.31100770111286],[135.62188017990565,35.30989599890912],[135.62227597246957,35.308416849029065],[135.6243805074849,35.30600603567896],[135.62524037359037,35.30385928506155],[135.62795189814275,35.30172111384681],[135.62928709907257,35.29997645095511],[135.62979843032343,35.29876360072709],[135.62956083946432,35.29739788336486],[135.6271367337828,35.295590928674486],[135.62627027208308,35.294457982782774],[135.62493490067604,35.290766576092594],[135.62322843124142,35.2885707343017],[135.62329707700164,35.28768984823986],[135.62478397192814,35.28632181974707],[135.62685875485298,35.285227276050506],[135.6274013795413,35.285868007240886],[135.6279431448322,35.28654802574218],[135.62858638818648,35.28803928741313],[135.62906175720943,35.289844257869206],[135.6291654898178,35.29043046813968],[135.62959295766666,35.29155967925203],[135.63034182370546,35.293457015933384],[135.63103357279658,35.29557901322375],[135.63173319184278,35.29693560755791],[135.6320560060858,35.297568646025454],[135.63281239654285,35.29874561180738],[135.6331919607303,35.299199031971696],[135.63389487718888,35.300240477005566],[135.63410978522145,35.30069255879406]]]},"properties":{"KEY_CODE":"26213001001","PREF":"26","CITY":"213","CITY_NAME":"南丹市","S_NAME":"知井南","SETAI":"15"}},{"type":"Feature","geometry":{"type":"Polygon","coordinates":[[[135.60803919257327,35.32676465507032],[135.6073344888547,35.325903025914364],[135.60425929902422,35.324436053459834],[135.60229401726704,35.3240364245857],[135.60191538712934,35.3234099071052],[135.60204896243982,35.32188336861569],[135.60109002747797,35.321461502092774],[135.6015203025158,35.32062952628475],[135.60176789409965,35.31863377899876],[135.60132440980448,35.31754880506029],[135.60253958749837,35.31464951535913],[135.60330740947546,35.31283685870004],[135.60323542852726,35.3117090118948],[135.60358194404137,35.3110513283376],[135.60473733647478,35.309913230224865],[135.6069147525104,35.30838439642856],[135.60966809414091,35.3075527932904],[135.61164072642688,35.30788504389997],[135.61339945557796,35.30767510644277],[135.61615530912826,35.308272216512385],[135.6178023669792,35.30836982526665],[135.61874992754628,35.307571076729786],[135.6195416927476,35.30733796919512],[135.6199676802913,35.30650956329984],[135.62260438453947,35.30541211172561],[135.62524037359037,35.30385928506155],[135.6243805074849,35.30600603567896],[135.62227597246957,35.308416849029065],[135.62188017990565,35.30989599890912],[135.62236120394206,35.31100770111286],[135.62318212397344,35.31160044070588],[135.62458806316042,35.31184834272702],[135.6282496311456,35.310411965727724],[135.63061323125604,35.30984841911364],[135.6306302372554,35.308182534740496],[135.63125883605144,35.30575638537403],[135.63238087754524,35.303379350504024],[135.63410978522145,35.30069255879406],[135.63421541888852,35.301098616011366],[135.6345378545412,35.301776698947535],[135.63508655555296,35.30249809668959],[135.63488223585455,35.30452534010496],[135.6347557984794,35.31018495688066],[135.63494985209624,35.31461507596662],[135.60803919257327,35.32676465507032]]]},"properties":{"KEY_CODE":"26213001002","PREF":"26","CITY":"213","CITY_NAME":"南丹市","S_NAME":"知井北","SETAI":"40"}},{"type":"Feature","geometry":{"type":"Polygon","coordinates":[[[135.65020506045116,35.3214055995703],[135.64961443496367,35.31964742975796],[135.648277606311,35.31831215437827],[135.64504779202673,35.31593240774433],[135.64197014373016,35.314976106557914],[135.63494985209624,35.31461507596662],[135.6347557984794,35.31018495688066],[135.63488223585455,35.30452534010496],[135.63508655555296,35.30249809668959],[135.63886636317218,35.305441518566845],[135.6405956990489,35.3063413505713],[135.64245485179035,35.30692581450315],[135.64469923560605,35.30751138104756],[135.64630188334093,35.30804232835449],[135.64720087803732,35.307992367356945],[135.64887002573695,35.307997256584706],[135.65085632795672,35.30889764222052],[135.65207160442733,35.309953654960026],[135.65404172067227,35.31099155072308],[135.65123263596286,35.31745192078724],[135.6507197664873,35.31933872800299],[135.65059829298096,35.320508407357806],[135.65020506045116,35.3214055995703]]]},"properties":{"KEY_CODE":"26213001003","PREF":"26","CITY":"213","CITY_NAME":"南丹市","S_NAME":"知井中","SETAI":"51"}},{"type":"Feature","geometry":{"type":"Polygon","coordinates":[[[135.66533290079593,35.30153985174933],[135.66367580067333,35.30260676662266],[135.66223949476338,35.303540414250214],[135.65909543360644,35.3050902279055],[135.65688303334701,35.30678284343978],[135.65560317711638,35.308528165951856],[135.65431976367816,35.31063368132714],[135.65404172067227,35.31099155072308],[135.65207160442728,35.309953654960026],[135.65085632795672,35.30889764222052],[135.64887002573693,35.307997256584706],[135.64720087803732,35.307992367356945],[135.6463018833409,35.30804232835449],[135.64469923560605,35.30751138104756],[135.64245485179035,35.30692581450315],[135.6405956990489,35.30634135057128],[135.63886636317218,35.30544151856683],[135.63508655555296,35.30249809668959],[135.6345378545412,35.301776698947535],[135.63421541888852,35.301098616011366],[135.63410978522145,35.30069255879406],[135.63389487718888,35.300240477005566],[135.6331919607303,35.299199031971696],[135.63281239654285,35.29874561180738],[135.6320560060858,35.297568646025454],[135.63173319184278,35.29693560755791],[135.63103357279658,35.29557901322375],[135.63034182370546,35.293457015933384],[135.62959295766666,35.29155967925203],[135.6291654898178,35.29043046813968],[135.62906175720943,35.289844257869206],[135.62858638818648,35.28803928741313],[135.6279431448322,35.28654802574218],[135.6274013795413,35.285868007240886],[135.62685875485298,35.285227276050506],[135.6272851803747,35.28500272340242],[135.6270067264844,35.28467596313557],[135.62667563992875,35.28454361949618],[135.6262337061849,35.28431058435914],[135.62584530724868,35.28370728603074],[135.6258006211106,35.2829267212119],[135.62582385143963,35.282655663354646],[135.62587413771223,35.28210355931099],[135.62589897333504,35.281978282101896],[135.6259205713494,35.28181968548073],[135.62583203839972,35.28141427142321],[135.6257878398807,35.280331311317134],[135.62608063654213,35.27976431509954],[135.62612144843246,35.27886112330846],[135.62620090408376,35.27867981588693],[135.62652284728958,35.27822537588197],[135.6267073544427,35.27774966087822],[135.6267783868767,35.27702676235256],[135.6269630259497,35.27645583335157],[135.6269052161787,35.27381876066645],[135.62769334617346,35.272889526170644],[135.62903514506942,35.2721745133654],[135.62876531531342,35.26987300326472],[135.628360498022,35.26841010879475],[135.6278552209248,35.26749297678778],[135.62653214724537,35.26644333252856],[135.62591416235148,35.26547858930832],[135.6263362400132,35.26441379750026],[135.62730821240098,35.263456749260904],[135.63030963598385,35.2625710208224],[135.63270442586654,35.26121584533811],[135.6335331876222,35.26034536770752],[135.63588183698653,35.25956193294098],[135.63616674966173,35.25849846918181],[135.63741609868876,35.25776445710364],[135.63808026227838,35.25683156470532],[135.6385952494959,35.257037616612976],[135.63930767545605,35.25780419848174],[135.64004511030188,35.25802921806366],[135.64364484982164,35.25714605146406],[135.64433229322222,35.25738772985563],[135.64446978393403,35.25772934007983],[135.64490720972503,35.25878755564763],[135.6463195573428,35.25968749442695],[135.64664451642554,35.25987084403603],[135.64790691523626,35.259870868736535],[135.64991924555207,35.26047089287326],[135.65056922536934,35.26007093355432],[135.6509476916851,35.26004850670907],[135.651919132721,35.25991264578011],[135.6519441013393,35.26062928810953],[135.65265653058924,35.26119586396528],[135.65479750707382,35.262515403241295],[135.65491880268158,35.26279575194538],[135.6555687288213,35.263329090770654],[135.65636872265773,35.262295871098615],[135.65689367686875,35.26204595386813],[135.65783112018735,35.26216263013647],[135.65923101777102,35.261862715095695],[135.65971850341563,35.2615044395116],[135.65991852224118,35.26064617153294],[135.66051847418643,35.26028791173763],[135.6614975902806,35.2605787549821],[135.6627921167727,35.26041629994956],[135.66354323244155,35.26075452161841],[135.6642306698524,35.26052958960122],[135.66515560694734,35.26039629814603],[135.66584310414203,35.25912978374134],[135.66636320766898,35.25855803453364],[135.6667656721878,35.258411673706426],[135.6672979284058,35.25837693820259],[135.66755704094095,35.25927921835226],[135.66773559164858,35.26346808912329],[135.6675635481255,35.264232133731014],[135.66741643068315,35.26805811226215],[135.6676714051251,35.2700412983868],[135.6676542465425,35.27179717603174],[135.6681344080514,35.27319695281553],[135.66870717566186,35.27635339742486],[135.66836391477287,35.27779140724706],[135.66789202453654,35.28116441979492],[135.6673797022456,35.283051255721745],[135.66659962641913,35.28426051497623],[135.66586471588712,35.28646073846625],[135.66562361276766,35.288664957592175],[135.66583517529435,35.289477174218476],[135.6659777495585,35.29172964175534],[135.66671475280978,35.29493257507012],[135.66767974893256,35.297281870875736],[135.66793704322032,35.29903990653302],[135.66588438726933,35.30127427628127],[135.66533290079593,35.30153985174933]]]},"properties":{"KEY_CODE":"26213001004","PREF":"26","CITY":"213","CITY_NAME":"南丹市","S_NAME":"知井河内谷","SETAI":"14"}},{"type":"Feature","geometry":{"type":"Polygon","coordinates":[[[135.61729144518335,35.343487926422085],[135.61672998688587,35.34264256498503],[135.616763365147,35.34156435990551],[135.61587681805253,35.3404020478052],[135.6154164890793,35.33856762668801],[135.61473293822098,35.337763833441805],[135.61240880160082,35.335685002677074],[135.61010252903108,35.33421168772284],[135.6086318851625,35.333073311794074],[135.60749921305802,35.331127424244876],[135.60762080918548,35.33000520897669],[135.6083979744988,35.32736073412858],[135.60803919257327,35.32676465507032],[135.63494985209624,35.31461507596662],[135.64197014373016,35.314976106557914],[135.64504779202673,35.31593240774433],[135.648277606311,35.31831215437827],[135.64961443496367,35.31964742975796],[135.65020506045116,35.3214055995703],[135.6491247213431,35.325133766071005],[135.64802717911704,35.32507959456783],[135.64467285046877,35.32559172799561],[135.64208301971422,35.326515558443305],[135.64058888414672,35.32767365622331],[135.63882156921662,35.328694367648716],[135.6366630290241,35.330387146003595],[135.63389821889402,35.33229983013013],[135.62831876842412,35.335584293868685],[135.6262133420827,35.33741241102058],[135.6249919910931,35.338707641937674],[135.6189682910355,35.34239298896037],[135.61797518631104,35.342834657351474],[135.61729144518335,35.343487926422085]]]},"properties":{"KEY_CODE":"26213001005","PREF":"26","CITY":"213","CITY_NAME":"南丹市","S_NAME":"知井下","SETAI":"30"}},{"type":"Feature","geometry":{"type":"Polygon","coordinates":[[[135.61145684969154,35.36754181229593],[135.61223719338213,35.367464884480896],[135.61321832398826,35.36664480994854],[135.61423248269588,35.36483344441833],[135.6149241801548,35.364560231164326],[135.6168281944315,35.364751835296055],[135.6177078178027,35.364424129704155],[135.61853082102732,35.36332230797725],[135.6197213600144,35.363128942612136],[135.6203066886941,35.36212198862798],[135.62021160088085,35.36125205807345],[135.62116385522177,35.36052456667306],[135.62093033729874,35.35895852856599],[135.61935767643013,35.35605487817413],[135.61844127769623,35.35518237263974],[135.61833262146635,35.35418487482461],[135.61707836985187,35.35289383479722],[135.61701232464694,35.351873279748496],[135.6174404980599,35.35115569096274],[135.61775166211632,35.349724707275136],[135.61736198063736,35.34827404862464],[135.61746454166604,35.34451755592609],[135.61729144518335,35.343487926422085],[135.61797518631104,35.342834657351474],[135.6189682910355,35.34239298896037],[135.6249919910931,35.338707641937674],[135.6262133420827,35.33741241102058],[135.62831876842412,35.335584293868685],[135.63389821889402,35.33229983013013],[135.6366630290241,35.330387146003595],[135.63882156921662,35.328694367648716],[135.64058888414672,35.32767365622331],[135.64208301971422,35.326515558443305],[135.64467285046877,35.32559172799561],[135.64802717911704,35.32507959456783],[135.6491247213431,35.325133766071005],[135.6512060100524,35.325646478924746],[135.66805663615492,35.33181948789299],[135.6710676190868,35.33274470266177],[135.67385778431014,35.3338030927699],[135.67517288464097,35.33408394543581],[135.67708769919915,35.33481996997103],[135.68245005141418,35.33679953787344],[135.68524348743534,35.33754251794382],[135.69043369295142,35.339296644976535],[135.69379824326134,35.34213117198219],[135.69678896984092,35.34507858076486],[135.69441410870147,35.345770127283686],[135.6926142258502,35.34580348171438],[135.69148927553118,35.34637008699835],[135.68982851051004,35.34771786869875],[135.6874395240257,35.34807823754459],[135.68529029017603,35.34744098984807],[135.68303978561073,35.34831149180873],[135.68143987786016,35.34955302610785],[135.68033994903675,35.34996957500828],[135.67676276939272,35.34986206417422],[135.6754629593427,35.35083599219757],[135.67476529547477,35.352094267376586],[135.67334036996894,35.3534357888311],[135.67201546765213,35.35410235233743],[135.67055307262382,35.3540356363075],[135.66956574130683,35.354437597139466],[135.66920318999036,35.355918801009196],[135.66799079740213,35.35716858880199],[135.66640805573232,35.35666099573374],[135.66407859495243,35.35681856945291],[135.66175378706814,35.35632688253155],[135.66024141972014,35.35673518471981],[135.65912900483798,35.35853495260928],[135.65814158103163,35.3591265372125],[135.65704166264163,35.358901525295074],[135.65582925434254,35.35911815660599],[135.6538294062277,35.35990970764993],[135.6523170212914,35.35996797813481],[135.64945475856547,35.36120112287314],[135.6480548661759,35.362750933882005],[135.64615500114164,35.3638591338877],[135.6452925671851,35.36487562995835],[135.643667676249,35.36557558379809],[135.64225527281621,35.366750367168315],[135.6405928909178,35.36665037777562],[135.6405602395609,35.36589295892927],[135.6387679973516,35.36425897348352],[135.63637853927753,35.36366521391836],[135.6340558258245,35.36460053667318],[135.63371835454365,35.36556704328446],[135.63137571447402,35.365984907180206],[135.62982968943865,35.36657348031493],[135.62829373108596,35.36690009421604],[135.62748129453553,35.36729997981069],[135.6260814213044,35.368433175302265],[135.6246815030434,35.368724741009],[135.62391909220915,35.369624610568586],[135.62310661642883,35.36996622854639],[135.62101979172448,35.36968715768661],[135.6187943852017,35.370499383832616],[135.61812593766146,35.370169095815804],[135.61631952387896,35.37015766309441],[135.61476406218182,35.370949629381684],[135.61187386621563,35.368921284511096],[135.61145684969154,35.36754181229593]]]},"properties":{"KEY_CODE":"26213001006","PREF":"26","CITY":"213","CITY_NAME":"南丹市","S_NAME":"知井知見","SETAI":"21"}},{"type":"Feature","geometry":{"type":"Polygon","coordinates":[[[135.67708769919915,35.33481996997103],[135.67517288464097,35.33408394543581],[135.67385778431014,35.3338030927699],[135.6710676190868,35.33274470266177],[135.66805663615492,35.33181948789299],[135.6512060100524,35.325646478924746],[135.6491247213431,35.325133766071005],[135.65020506045116,35.3214055995703],[135.65059829298096,35.320508407357806],[135.6507197664873,35.31933872800299],[135.65123263596286,35.31745192078724],[135.65404172067227,35.31099155072308],[135.65431976367816,35.31063368132714],[135.65560317711638,35.308528165951856],[135.65688303334701,35.30678284343978],[135.65909543360644,35.3050902279055],[135.66223949476338,35.303540414250214],[135.66367580067333,35.30260676662266],[135.665332900796,35.30153985174933],[135.67136709192621,35.301904769650314],[135.67306467525114,35.3306449258935],[135.67448607377779,35.33128684666314],[135.6761223742226,35.33242579818944],[135.67714866336337,35.334190138718824],[135.67708769919915,35.33481996997103]]]},"properties":{"KEY_CODE":"26213001007","PREF":"26","CITY":"213","CITY_NAME":"南丹市","S_NAME":"知井江和","SETAI":"31"}},{"type":"Feature","geometry":{"type":"Polygon","coordinates":[[[135.69678896984092,35.34507858076486],[135.69379824326134,35.34213117198219],[135.69043369295142,35.339296644976535],[135.68524348743534,35.33754251794382],[135.68245005141418,35.33679953787344],[135.67708769919915,35.33481996997103],[135.67714866336337,35.334190138718824],[135.6761223742226,35.33242579818944],[135.67448607377779,35.33128684666314],[135.67306467525114,35.3306449258935],[135.67136709192621,35.301904769650314],[135.67747522430912,35.301925856439254],[135.67969608022494,35.302261109208175],[135.6886590916122,35.32160635100242],[135.69146773339352,35.32390504410025],[135.69347820275385,35.32612729954997],[135.69833440135454,35.32936278682465],[135.69997350616254,35.33023127023211],[135.70269072068308,35.33328980212413],[135.70434519664673,35.33534586632419],[135.70509719435557,35.33805453457531],[135.70408099445004,35.340526927550066],[135.70367077498972,35.342547071156545],[135.70392589913268,35.34474539864723],[135.7018135811302,35.34427041367521],[135.7007850556549,35.343817864641025],[135.70017620127967,35.34451200306262],[135.69881380661374,35.34497024871239],[135.6977639000928,35.3446952987109],[135.69678896984092,35.34507858076486]]]},"properties":{"KEY_CODE":"26213001008","PREF":"26","CITY":"213","CITY_NAME":"南丹市","S_NAME":"知井田歌","SETAI":"28"}},{"type":"Feature","geometry":{"type":"Polygon","coordinates":[[[135.70392589913268,35.34474539864723],[135.70367077498972,35.342547071156545],[135.70408099445004,35.340526927550066],[135.70509719435557,35.33805453457531],[135.70434519664673,35.33534586632419],[135.70269072068308,35.33328980212413],[135.69997350616254,35.33023127023211],[135.69833440135454,35.32936278682465],[135.69347820275385,35.32612729954997],[135.69146773339352,35.32390504410025],[135.6886590916122,35.32160635100242],[135.67969608022494,35.302261109208175],[135.68360284603162,35.30236479563337],[135.68623731149555,35.30238610083749],[135.69128375993452,35.302741845349225],[135.69446498457296,35.30299242201171],[135.695890317355,35.303183885495585],[135.6966570185653,35.303370097125324],[135.69830064607416,35.30369833285148],[135.699508567787,35.30366293250349],[135.70000295218765,35.303621823937505],[135.70050030064846,35.30326557765381],[135.70077856330332,35.302862518268654],[135.7010018669717,35.30245904023362],[135.70140294111815,35.30066116781686],[135.7019615001407,35.29962996421359],[135.70317861749209,35.29860401217],[135.70450422734532,35.29771394296676],[135.7049454032936,35.29749224913833],[135.7064351930562,35.296648462574595],[135.70797823009187,35.29598520927246],[135.7088052203894,35.2955864473366],[135.71018480315522,35.294786799711574],[135.71156209058205,35.294212266066154],[135.71205805691747,35.29399104877181],[135.71260851297072,35.293815240532396],[135.71404113993142,35.29319615600158],[135.71525176467958,35.29284540477607],[135.7160765705796,35.292671769246546],[135.7173424172108,35.29227640546889],[135.71828107694296,35.29165336730542],[135.71971201271754,35.29121427105221],[135.7201526307094,35.29103753599546],[135.7212575630341,35.29023569327519],[135.72164413685542,35.28996854498401],[135.72258032147758,35.28961560368792],[135.72423025809297,35.28922314437163],[135.72660087585896,35.28802571498198],[135.72820160662755,35.28700251145901],[135.728753174848,35.28669154849849],[135.73015579533083,35.286002327489314],[135.7316626291986,35.284710499206874],[135.73317322427386,35.285020078249175],[135.73349232606174,35.2855672581476],[135.73346406811427,35.2866602353362],[135.7348449973049,35.28751523659914],[135.73575779039905,35.287679185959725],[135.73664734512047,35.28739771545408],[135.73830290636158,35.28687498551532],[135.74101809669702,35.28690097196436],[135.74163409358886,35.287263761111745],[135.74329043128884,35.28647786258596],[135.7436612053334,35.28631666811907],[135.74403044642673,35.28664131634851],[135.74630131063438,35.28666625467572],[135.74682032144918,35.28646493174895],[135.74830098841792,35.28658946510237],[135.74945888004646,35.2873205179388],[135.75074218594986,35.28740412633777],[135.75382790989497,35.287349666699846],[135.7544691966354,35.287512860773255],[135.7551926466864,35.28719120280757],[135.75686203214178,35.28802370656509],[135.75735012794217,35.28857250662337],[135.758437997228,35.28798767196085],[135.76090554550947,35.28829611144341],[135.76191932221457,35.28771109405293],[135.7629313072373,35.28773326461573],[135.76337432908443,35.28817941624809],[135.76475623472479,35.28832376799848],[135.76588884881352,35.289317800618036],[135.76765219225115,35.28984863802136],[135.7707163240364,35.28872083956765],[135.77173076425342,35.28787262504886],[135.772054101545,35.28700276651225],[135.77329080895498,35.286114503551985],[135.77440058282514,35.28411305173681],[135.77672290542935,35.28494517546235],[135.7767693057641,35.28601801294835],[135.77723663155666,35.28662613429081],[135.7790861197553,35.28731772052482],[135.77995003873366,35.28733957714022],[135.78019273382742,35.2888783859932],[135.7807832124324,35.28960821521759],[135.7816397206075,35.28989589976933],[135.78137226344964,35.291393429666485],[135.78050699123602,35.29306002469082],[135.7784709646442,35.29356958018852],[135.77765999331498,35.29442355025743],[135.77778682132785,35.295749742588484],[135.7774197556301,35.296433456321765],[135.77833015672482,35.29739747659767],[135.7776756453802,35.298939213062525],[135.77809047057843,35.299880986819936],[135.7778534867921,35.30069325410737],[135.7783722718978,35.30178486924343],[135.7775869706271,35.302767193766606],[135.77721653553058,35.30451783152127],[135.77734574424946,35.30496716593021],[135.77878050784537,35.3050126084592],[135.7803969177779,35.305421824337024],[135.781545451198,35.3051886791323],[135.78211884389086,35.305403589882594],[135.7825591169338,35.3066233568176],[135.78326182542938,35.30726625151797],[135.78571368357328,35.30748442217414],[135.7875906835728,35.30804380662842],[135.78844956924362,35.309136541139814],[135.78855216718003,35.30982110584431],[135.7896187593424,35.31104194598567],[135.79005836545107,35.312582532366314],[135.78976873498178,35.31360859686487],[135.7906269094407,35.314683907223696],[135.7919548968231,35.31575551124841],[135.7929947911581,35.31727569747972],[135.79385483197626,35.31768350872849],[135.79460850609362,35.31890374862293],[135.79400853983907,35.3207654435035],[135.79509427576875,35.32129609913475],[135.79499383774808,35.321957566064434],[135.79295643991765,35.32288243987012],[135.79158152788605,35.32314903707373],[135.790906536118,35.3238323299685],[135.790584221825,35.32691495412617],[135.7898564915163,35.328381832936294],[135.7883440843485,35.32892344172826],[135.78608359147913,35.33058444016799],[135.78586916286744,35.33153978370484],[135.7849067285594,35.33203971209191],[135.7837067364563,35.334831077437705],[135.78226929633928,35.33623092515039],[135.78243173871232,35.33863068402428],[135.7818192630274,35.33958058193495],[135.78078182217743,35.340572106089994],[135.77924441981662,35.33994712900436],[135.7788069600962,35.3400137984413],[135.77786948063218,35.34113865195181],[135.77503214481817,35.34249682895874],[135.77369472146174,35.342946745822495],[135.7723698072202,35.342988355029384],[135.77119488987793,35.343513331073865],[135.7698449995443,35.34344661285717],[135.76899505558376,35.34391323878163],[135.76503287516329,35.344146453721066],[135.76408295348924,35.34448806151942],[135.76372045890972,35.34545462299302],[135.7642704036399,35.34685445006028],[135.76604374099287,35.3486258150638],[135.76608268839766,35.35029584771727],[135.7675317937375,35.35113542734287],[135.76768576334817,35.352758922986396],[135.76798861013947,35.35313824683521],[135.76926980689396,35.35335712161617],[135.7696822866156,35.35437051561101],[135.769544788733,35.35520377259745],[135.76878234744422,35.35602027119973],[135.7660076341526,35.355236961149224],[135.76539517553093,35.355478590388756],[135.76488270144097,35.356311826803356],[135.76339535155546,35.35640343039697],[135.76174549932688,35.355645173657386],[135.76009568010056,35.35442856630163],[135.7597082579188,35.35316198920027],[135.75830838112392,35.35404520921034],[135.75713348683263,35.35431180804001],[135.75539613901077,35.354403453254236],[135.75347131374596,35.35540330351658],[135.7505340671119,35.35713640707685],[135.7465469567612,35.358094551871865],[135.7452845919179,35.35881945685266],[135.74434719506843,35.35899445927865],[135.7426848707883,35.35827783384415],[135.74011015130907,35.35835276929036],[135.74036014010508,35.35746125085387],[135.74107255053454,35.356427971023805],[135.7408225867911,35.35419487300126],[135.73914776515383,35.35325332143097],[135.73774790097838,35.35173676726847],[135.73657300383837,35.35118682498312],[135.7314423184707,35.35068630481896],[135.730523272412,35.351584497246975],[135.72885661793023,35.35231848081465],[135.72778770421496,35.35235362898643],[135.72662876263564,35.351913420185895],[135.72466003473252,35.35164637299078],[135.7238117328527,35.35194494645679],[135.72303681656393,35.35310319364349],[135.72144945889377,35.353361477003226],[135.72034954923316,35.35435306209273],[135.71937462815094,35.35457800702306],[135.71859969455238,35.35537792459618],[135.71776226148336,35.35491963897007],[135.71670521647812,35.353537722093286],[135.71483751203107,35.3540780206021],[135.71293766459587,35.35321973957225],[135.7125127024194,35.35217822330217],[135.7125126902772,35.35101165066651],[135.71211273668706,35.35017836260455],[135.71077189561157,35.34825830509654],[135.7092169704329,35.347396397772165],[135.707253355163,35.34682545243123],[135.70639725407077,35.34600694748153],[135.70532526847344,35.346510905532405],[135.70470083785287,35.34622029026379],[135.70438836669155,35.34511203170375],[135.70392589913268,35.34474539864723]]]},"properties":{"KEY_CODE":"26213001009","PREF":"26","CITY":"213","CITY_NAME":"南丹市","S_NAME":"知井芦生","SETAI":"24"}},{"type":"Feature","geometry":{"type":"Polygon","coordinates":[[[135.73161366633886,35.284699687317826],[135.7301557953309,35.286002327489335],[135.728753174848,35.28669154849849],[135.72820160662755,35.28700251145901],[135.72660087585896,35.28802571498198],[135.72423025809297,35.28922314437163],[135.72258032147758,35.28961560368792],[135.72164413685542,35.28996854498401],[135.7212575630341,35.29023569327519],[135.7201526307094,35.29103753599546],[135.71971201271754,35.29121427105221],[135.71828107694296,35.29165336730542],[135.7173424172108,35.29227640546889],[135.7160765705796,35.292671769246546],[135.71525176467958,35.29284540477607],[135.71404113993142,35.29319615600158],[135.71260851297072,35.293815240532396],[135.71205805691747,35.29399104877181],[135.71156209058205,35.294212266066154],[135.71018480315522,35.294786799711574],[135.7088052203894,35.2955864473366],[135.70797823009187,35.29598520927246],[135.7064351930562,35.296648462574595],[135.7049454032936,35.29749224913833],[135.70450422734532,35.29771394296676],[135.70317861749209,35.29860401217],[135.7019615001407,35.29962996421359],[135.70140294111815,35.30066116781686],[135.7010018669717,35.30245904023362],[135.70077856330332,35.302862518268654],[135.70050030064846,35.30326557765381],[135.70000295218765,35.303621823937505],[135.699508567787,35.30366293250349],[135.69830064607416,35.30369833285148],[135.6966570185653,35.303370097125324],[135.695890317355,35.303183885495585],[135.69446498457296,35.30299242201171],[135.69128375993452,35.302741845349225],[135.68623731149555,35.30238610083749],[135.68360284603162,35.30236479563337],[135.67969608022494,35.302261109208175],[135.67747522430912,35.301925856439254],[135.67136709192621,35.301904769650314],[135.66533290079593,35.30153985174933],[135.66588438726933,35.30127427628127],[135.66793704322032,35.29903990653302],[135.66767974893256,35.297281870875736],[135.66671475280978,35.29493257507012],[135.6659777495585,35.29172964175534],[135.66583517529435,35.289477174218476],[135.66562361276766,35.288664957592175],[135.66586471588712,35.28646073846625],[135.66659962641913,35.28426051497623],[135.6673797022456,35.283051255721745],[135.66789202453654,35.28116441979492],[135.66836391477287,35.27779140724706],[135.66870717566186,35.27635339742486],[135.6681344080514,35.27319695281553],[135.6676542465425,35.27179717603174],[135.6676714051251,35.2700412983868],[135.66741643068315,35.26805811226215],[135.6675635481255,35.264232133731014],[135.66773559164858,35.26346808912329],[135.66755704094095,35.25927921835226],[135.6672979284058,35.25837693820259],[135.66840540143,35.258679839174945],[135.66909284868083,35.2585715744921],[135.66991777853818,35.25908820009581],[135.6728300803469,35.258205028384474],[135.67405498385455,35.25818002350428],[135.67549236099896,35.258113392985344],[135.67655483020272,35.2568969207185],[135.67757972381767,35.25703022213536],[135.6786971713244,35.257007911731286],[135.67991704299635,35.256980299037195],[135.68030256517534,35.25702998162684],[135.6808419819751,35.256780343984936],[135.68131692911726,35.2569387119096],[135.68136692379895,35.25704701461648],[135.68202936655612,35.25748031463555],[135.68409168081055,35.257880301092605],[135.68496660785186,35.25781370420905],[135.6856540846796,35.2573804056862],[135.68641657826456,35.25618889971243],[135.68950387509383,35.25514736501513],[135.6901320201291,35.25535087267915],[135.69040376800913,35.25620559833984],[135.69136954713113,35.25600586568521],[135.6922161615298,35.255688991039555],[135.6932035802609,35.25587233574178],[135.69496592581044,35.25672228214708],[135.69579084896867,35.25726386898103],[135.69730322459145,35.25721391085759],[135.69947805214855,35.25791382666468],[135.7001905175643,35.25746388576536],[135.70115372538086,35.25713751696788],[135.7031123544175,35.257239570374374],[135.7052335432418,35.258657075225244],[135.70714806926784,35.26134926526474],[135.70752741539602,35.26131348573789],[135.70878984737556,35.260705235168466],[135.71035223774916,35.26072192307279],[135.7121646123262,35.26110525144727],[135.71290528339776,35.26178609741196],[135.71337700041366,35.26191355179787],[135.7138519498355,35.26243010192395],[135.71385194624574,35.262571794595516],[135.71412692011305,35.26290505205019],[135.7149738445873,35.26308535595799],[135.71540126455395,35.2636441125881],[135.71643852813986,35.26458218490783],[135.7169147483966,35.264624423242736],[135.717426286765,35.26533506094838],[135.7198589021185,35.26517618734277],[135.72159907379998,35.26587935211393],[135.72432057002544,35.26556680370887],[135.72574292075046,35.26572937861053],[135.72650560171212,35.266337717049446],[135.72725596315726,35.26772420056844],[135.72697785900533,35.26972754279525],[135.7255340237907,35.27159099904224],[135.7266395167004,35.27311157914184],[135.72892922278274,35.274796681275646],[135.7292998945778,35.27561045977483],[135.7311200873269,35.27749686740648],[135.7315883668485,35.277700289195884],[135.72956104381444,35.27970076255122],[135.7299536656925,35.28038987375865],[135.72992581832568,35.28134115645341],[135.72910335299045,35.283727800755564],[135.72922515451577,35.28421384873993],[135.73070559958057,35.284791984168514],[135.73161366633886,35.284699687317826]]]},"properties":{"KEY_CODE":"26213001010","PREF":"26","CITY":"213","CITY_NAME":"南丹市","S_NAME":"知井佐々里","SETAI":"8"}},{"type":"Feature","geometry":{"type":"Polygon","coordinates":[[[135.58475123106862,35.267220151097284],[135.58096477491466,35.267672468655825],[135.57937508207874,35.2676867053829],[135.57710558295213,35.26806814714621],[135.57264033363688,35.26826586773669],[135.5702691754662,35.267338967340045],[135.5689947378238,35.26642486716194],[135.56889682033778,35.26536500442139],[135.56997707730076,35.26427204873899],[135.570367785112,35.26289178502789],[135.56998842446802,35.261337749879694],[135.56888515833154,35.25902282363026],[135.56821144885058,35.25846149480551],[135.5683216902908,35.25830842875244],[135.5692668358011,35.25645085926654],[135.5695219796928,35.253578577386705],[135.57035573191357,35.25260329204179],[135.57203219444662,35.25184692531714],[135.57407103788236,35.251480387997006],[135.57432683985715,35.2513978282127],[135.57494077999488,35.25119975256482],[135.5755468625965,35.250737343870924],[135.5757882033381,35.250562473966305],[135.5764298814865,35.25011286111311],[135.57693255280043,35.249805091433686],[135.5774608044141,35.24948909735725],[135.57841728573683,35.249204726316336],[135.57952958444412,35.249185540067806],[135.57989667325174,35.24921265250036],[135.58084429528262,35.2494135971125],[135.5809850677551,35.24947640629564],[135.58136177968905,35.24968615723536],[135.58229633180326,35.25016099585434],[135.58293028733212,35.25025690209737],[135.5836789420375,35.2501515004437],[135.5845020008273,35.24995874068591],[135.58505773445805,35.24988739735024],[135.58544184636668,35.249825256846606],[135.58641833994702,35.24958294624929],[135.58650453329656,35.24956612663789],[135.58707510074433,35.24949743286164],[135.58827483219906,35.249638903684094],[135.5896596996291,35.24985810234833],[135.59029012150577,35.249802834838604],[135.5910275906198,35.249638204011454],[135.59197208649587,35.24968729680244],[135.59238601130858,35.2497911540533],[135.592848790448,35.24988531482328],[135.5931947949069,35.24999203973993],[135.59341288987832,35.25013995687906],[135.59403813964593,35.250399168147865],[135.59426729868733,35.250446483824405],[135.59580819747168,35.25043000180853],[135.59182459202808,35.256106719249516],[135.58475123106862,35.267220151097284]]]},"properties":{"KEY_CODE":"26213002001","PREF":"26","CITY":"213","CITY_NAME":"南丹市","S_NAME":"平屋又林","SETAI":"18"}},{"type":"Feature","geometry":{"type":"Polygon","coordinates":[[[135.58449451706866,35.27234224060669],[135.58262628600636,35.27246514635212],[135.57909390909919,35.27302116554609],[135.5780266258294,35.273463608299714],[135.5775747127335,35.275028496946],[135.57625714722369,35.27579985044601],[135.56864730309445,35.27603152898115],[135.56861496857226,35.27597563773936],[135.5684756813699,35.27536237222788],[135.56847896022447,35.274997438611784],[135.56846558950457,35.27478336801324],[135.56833751503996,35.27426669486509],[135.56832414499334,35.27405262405025],[135.56813270892633,35.2737747498897],[135.5672992934984,35.27338846221377],[135.56676072228765,35.27312540585844],[135.5663033998669,35.27290890569464],[135.56579151353904,35.27251600115032],[135.56541765661186,35.27210281063305],[135.56511494018096,35.2717151560946],[135.56474326573132,35.27105871410503],[135.56487541275985,35.26941489556128],[135.56584180373034,35.26747787495692],[135.565666800029,35.26593317174375],[135.5651337728226,35.26439824972],[135.56538847751193,35.26208811324258],[135.56695497462766,35.26052020199674],[135.56821144885058,35.25846149480551],[135.56888515833154,35.25902282363026],[135.56998842446802,35.261337749879694],[135.570367785112,35.26289178502789],[135.56997707730076,35.26427204873899],[135.56889682033778,35.26536500442139],[135.5689947378238,35.26642486716194],[135.5702691754662,35.267338967340045],[135.57264033363688,35.26826586773669],[135.57710558295213,35.26806814714621],[135.57937508207874,35.2676867053829],[135.58096477491466,35.267672468655825],[135.58475123106862,35.267220151097284],[135.58341018359584,35.27026902192563],[135.58345464779663,35.271108218791966],[135.58449451706866,35.27234224060669]]]},"properties":{"KEY_CODE":"26213002002","PREF":"26","CITY":"213","CITY_NAME":"南丹市","S_NAME":"平屋下平屋","SETAI":"35"}},{"type":"Feature","geometry":{"type":"Polygon","coordinates":[[[135.58026514060435,35.286616319487194],[135.57990520380739,35.2863869056679],[135.57793655206473,35.28612411248092],[135.57696197414748,35.28625284801109],[135.57693754183057,35.28624410101767],[135.5762630125221,35.28575801335816],[135.57577424854145,35.285489334073645],[135.57569142234837,35.28543749504834],[135.57505720228073,35.28519485566356],[135.57436583932514,35.284794755231054],[135.5741719202522,35.28466104564781],[135.57391237824268,35.28435682037098],[135.57355286605264,35.28403604604576],[135.57268376890175,35.28286507818468],[135.5724140497367,35.282034740562146],[135.57219461028092,35.281247325726405],[135.57203982719827,35.280860506664986],[135.57122727722913,35.27983672071979],[135.57076756531012,35.279305657479604],[135.57057059624265,35.27907805767575],[135.57004862577963,35.27837796349352],[135.56951480076134,35.2775024629402],[135.56912070717448,35.276806259570336],[135.56895355152014,35.27662721162603],[135.56864730309445,35.27603152898115],[135.57625714722369,35.27579985044601],[135.5775747127335,35.275028496946],[135.5780266258294,35.273463608299714],[135.57909390909919,35.27302116554609],[135.58262628600636,35.27246514635212],[135.58449451706866,35.27234224060669],[135.5866130650621,35.274655112822686],[135.58635860026476,35.275347510860044],[135.5861421732076,35.27658653616512],[135.585913724382,35.27780742080864],[135.58588901090897,35.277988258468085],[135.58578680723946,35.278485668530344],[135.58573872769787,35.278937553995206],[135.5856595358966,35.279141372233326],[135.5854195843142,35.279594926387404],[135.5851515606874,35.280003595131916],[135.58461546164003,35.280821000719634],[135.5844834825119,35.28116069575869],[135.58418733751552,35.281524478043856],[135.58392162692414,35.282091114012424],[135.58319599148786,35.283068152857105],[135.5814972234647,35.28497933024367],[135.58087747135139,35.285707142851685],[135.58058231400125,35.28613859943023],[135.58026514060435,35.286616319487194]]]},"properties":{"KEY_CODE":"26213002003","PREF":"26","CITY":"213","CITY_NAME":"南丹市","S_NAME":"平屋上平屋","SETAI":"53"}},{"type":"Feature","geometry":{"type":"Polygon","coordinates":[[[135.5901958992953,35.27481957893926],[135.5904604775491,35.27638686309486],[135.5914725789894,35.277373612032186],[135.5922502950224,35.278043711230424],[135.59244625665355,35.27831275571568],[135.59289369911698,35.27889553608635],[135.59413177738168,35.27998723667562],[135.59455810208877,35.28054627860611],[135.59520981997025,35.281583053787685],[135.59558151495767,35.28259537236791],[135.59552942477265,35.28277640084599],[135.59557595423772,35.28403989477362],[135.59607996544128,35.28473504088095],[135.5971278547146,35.285131773449116],[135.59831217408427,35.28548217106398],[135.59982611819163,35.285874624074424],[135.59905306642312,35.28677907082454],[135.5985107027777,35.28696214755106],[135.58485779709991,35.29520691510793],[135.58437380496687,35.29481645836448],[135.58462053319886,35.294258838334514],[135.5848269167823,35.293971230765585],[135.5850582393004,35.29353511805596],[135.5855649395488,35.29234353118213],[135.58524749055212,35.29149772071206],[135.5848460965981,35.291313036286546],[135.58396617550878,35.29066806492465],[135.5837296125223,35.29043493366766],[135.58354478993328,35.290271133567],[135.58287615774248,35.289866737016894],[135.58205121768648,35.28927686745784],[135.5811325461279,35.28834511142033],[135.58081627213852,35.28747668432037],[135.58069398811097,35.287156539111834],[135.58026514060435,35.286616319487194],[135.58058231400125,35.28613859943023],[135.58087747135139,35.285707142851685],[135.5814972234647,35.28497933024367],[135.58319599148786,35.283068152857105],[135.58392162692414,35.282091114012424],[135.58418733751552,35.281524478043856],[135.5844834825119,35.28116069575869],[135.58461546164003,35.280821000719634],[135.5851515606874,35.280003595131916],[135.5854195843142,35.279594926387404],[135.5856595358966,35.279141372233326],[135.58573872769787,35.278937553995206],[135.58578680723946,35.278485668530344],[135.58588901090897,35.277988258468085],[135.585913724382,35.27780742080864],[135.5861421732076,35.27658653616512],[135.58635860026476,35.275347510860044],[135.58771082682583,35.27489356990764],[135.58910634433,35.27505351320933],[135.5901958992953,35.27481957893926]]]},"properties":{"KEY_CODE":"26213002004","PREF":"26","CITY":"213","CITY_NAME":"南丹市","S_NAME":"平屋安掛","SETAI":"45"}},{"type":"Feature","geometry":{"type":"Polygon","coordinates":[[[135.59982611819163,35.285874624074424],[135.59831217408427,35.28548217106398],[135.5971278547146,35.285131773449116],[135.59607996544128,35.28473504088095],[135.59557595423772,35.28403989477362],[135.59552942477265,35.28277640084599],[135.59558151495767,35.28259537236791],[135.59520981997025,35.281583053787685],[135.59455810208877,35.28054627860611],[135.59413177738168,35.27998723667562],[135.59289369911698,35.27889553608635],[135.59244625665355,35.27831275571568],[135.5922502950224,35.278043711230424],[135.5914725789894,35.277373612032186],[135.59046047754907,35.27638686309488],[135.5901958992953,35.27481957893926],[135.59107025622185,35.27396890395989],[135.59325096394033,35.27349789796839],[135.59424351605205,35.2726394983911],[135.59723321406847,35.268932426639104],[135.5979835988482,35.268819770176826],[135.60048084240083,35.269392113069976],[135.601856096888,35.26969551217686],[135.60304051532896,35.27006841556433],[135.60504757424837,35.27045638247543],[135.60669557375226,35.27066695049071],[135.60826135424603,35.27087835731549],[135.60938792573688,35.27104854281425],[135.61216353734136,35.27149702875659],[135.61268498682054,35.271537356067846],[135.6155949425325,35.271803929417075],[135.61606124005135,35.27182216480244],[135.61663789309043,35.27188455138234],[135.61918526496729,35.27240954839358],[135.6192505021509,35.272424683379576],[135.62065645256425,35.272930784374964],[135.62115755416795,35.27321305966389],[135.62292176844872,35.27425525706669],[135.6240609141124,35.27492597393093],[135.6269630259497,35.27645583335157],[135.6267783868767,35.27702676235256],[135.6265488549888,35.27813481998427],[135.62575215772426,35.27802941995801],[135.62492945345824,35.27801457135022],[135.62380696538827,35.27811527580278],[135.62184031892,35.27858505250364],[135.62009639476656,35.279278292735185],[135.61685029685634,35.28034664200954],[135.61366033315701,35.28150457998585],[135.60849958476464,35.28288369797647],[135.60552764914127,35.28397178381772],[135.6039153520829,35.284325074816714],[135.60085864052897,35.28525581517201],[135.59982611819163,35.285874624074424]]]},"properties":{"KEY_CODE":"26213002005","PREF":"26","CITY":"213","CITY_NAME":"南丹市","S_NAME":"平屋野添","SETAI":"29"}},{"type":"Feature","geometry":{"type":"Polygon","coordinates":[[[135.5901958992953,35.27481957893926],[135.58910634433,35.27505351320933],[135.58771082682583,35.27489356990764],[135.58635860026476,35.275347510860044],[135.5866130650621,35.274655112822686],[135.58449451706866,35.27234224060669],[135.58345464779663,35.271108218791966],[135.58341018359584,35.27026902192563],[135.58475123106862,35.267220151097284],[135.59182459202808,35.256106719249516],[135.59580819747168,35.25043000180853],[135.59647120866953,35.252590782256014],[135.59678769444878,35.253581017417815],[135.59696846611675,35.25466278248156],[135.59708935735247,35.25540651953119],[135.5971845350614,35.256263344563436],[135.59728043528685,35.25716531331806],[135.59729200384757,35.25793263249344],[135.59729647539928,35.25822596683186],[135.59728065416985,35.258993546575965],[135.59744331401376,35.26068484899492],[135.59723321406847,35.268932426639104],[135.59424351605205,35.2726394983911],[135.59325096394033,35.27349789796839],[135.59107025622185,35.27396890395989],[135.5901958992953,35.27481957893926]]]},"properties":{"KEY_CODE":"26213002006","PREF":"26","CITY":"213","CITY_NAME":"南丹市","S_NAME":"平屋長尾","SETAI":"21"}},{"type":"Feature","geometry":{"type":"Polygon","coordinates":[[[135.63808026227838,35.25683156470532],[135.63741609868876,35.25776445710364],[135.63616674966173,35.25849846918181],[135.63588183698653,35.25956193294098],[135.6335331876222,35.26034536770752],[135.63270442586654,35.26121584533811],[135.63030963598385,35.2625710208224],[135.62730821240098,35.263456749260904],[135.6263362400132,35.26441379750026],[135.62591416235148,35.26547858930832],[135.62653214724537,35.26644333252856],[135.6278552209248,35.26749297678778],[135.628360498022,35.26841010879475],[135.62876531531342,35.26987300326472],[135.62903514506942,35.2721745133654],[135.62769334617346,35.272889526170644],[135.6269052161787,35.27381876066645],[135.6269630259497,35.27645583335157],[135.6240609141124,35.27492597393093],[135.62292176844872,35.27425525706669],[135.62115755416795,35.27321305966389],[135.62065645256425,35.272930784374964],[135.6192505021509,35.272424683379576],[135.61918526496729,35.27240954839358],[135.61663789309043,35.27188455138234],[135.61606124005135,35.27182216480244],[135.6155949425325,35.271803929417075],[135.61268498682054,35.271537356067846],[135.61216353734136,35.27149702875659],[135.60938792573688,35.27104854281425],[135.60826135424603,35.27087835731549],[135.60669557375226,35.27066695049071],[135.60504757424837,35.27045638247543],[135.60304051532896,35.27006841556433],[135.601856096888,35.26969551217686],[135.60048084240083,35.269392113069976],[135.5979835988482,35.268819770176826],[135.59723321406847,35.268932426639104],[135.59744331401376,35.26068484899492],[135.59728065416985,35.258993546575965],[135.59729647539928,35.25822596683186],[135.59729200384757,35.25793263249344],[135.59728043528685,35.25716531331806],[135.5971845350614,35.256263344563436],[135.59708935735247,35.25540651953119],[135.59696846611675,35.25466278248156],[135.59678769444878,35.253581017417815],[135.59647120866953,35.252590782256014],[135.59580819747168,35.25043000180853],[135.59787556930974,35.250276574824525],[135.5990978526522,35.2504904053427],[135.60032406970504,35.25019302482219],[135.6023856902726,35.25021231766131],[135.60400666206115,35.250693817891865],[135.6061705905989,35.25089831647301],[135.6069880749494,35.25075567487773],[135.60927376468436,35.24918214236077],[135.61085540539815,35.248712484764766],[135.61342902023014,35.248602885323464],[135.6146471215656,35.24874331156232],[135.6169587444049,35.24818222631023],[135.61890387724688,35.24820933350801],[135.6203966403288,35.24873029528147],[135.62166636552465,35.24941209996653],[135.62394062002528,35.25015764246222],[135.62681060569733,35.2491818807598],[135.62846190577736,35.2475077918513],[135.62867727424333,35.24690286253902],[135.62959996593582,35.246290795230244],[135.6301212927114,35.24651344813073],[135.6302337669286,35.246680135331204],[135.63013374447618,35.24730506782418],[135.63023371498238,35.247588341480046],[135.63063366242383,35.24861326217373],[135.63133289293572,35.24951619826253],[135.6337833430243,35.250904797635485],[135.63463322980238,35.251679714692855],[135.63579564151837,35.25232965378559],[135.63617058578242,35.252679669484195],[135.6364830019287,35.254171217131464],[135.63672715886563,35.25562867671181],[135.63808026227838,35.25683156470532]]]},"properties":{"KEY_CODE":"26213002007","PREF":"26","CITY":"213","CITY_NAME":"南丹市","S_NAME":"平屋深見","SETAI":"10"}},{"type":"Feature","geometry":{"type":"Polygon","coordinates":[[[135.5887915771092,35.30472819322765],[135.58707662745422,35.30393862957679],[135.58507787623756,35.30372027132226],[135.584662906227,35.30318792177876],[135.58466981606935,35.302464828908],[135.58528295821108,35.30125633061282],[135.585730356553,35.29895223980992],[135.5856252598565,35.297430789044114],[135.58635311434747,35.296593815295964],[135.58632184167215,35.29609559853553],[135.58485779709991,35.295206915107954],[135.5985107027777,35.28696214755103],[135.59905306642312,35.28677907082454],[135.59982611819163,35.285874624074424],[135.60085864052897,35.28525581517201],[135.6039153520829,35.284325074816714],[135.60552764914127,35.28397178381772],[135.60849958476464,35.28288369797647],[135.61366033315701,35.28150457998585],[135.61685029685634,35.28034664200954],[135.62009639476656,35.279278292735185],[135.62184031892,35.27858505250364],[135.62380696538827,35.27811527580278],[135.62492945345824,35.27801457135022],[135.62575215772426,35.27802941995801],[135.6265488549888,35.27813481998427],[135.62620090408376,35.27867981588693],[135.62612144843246,35.27886112330846],[135.62608063654213,35.27976431509954],[135.6257878398807,35.280331311317134],[135.62583203839972,35.28141427142321],[135.6259205713494,35.28181968548073],[135.62589897333504,35.281978282101896],[135.62587413771223,35.28210355931099],[135.62364094794754,35.28333061422944],[135.6203177357224,35.284738294913126],[135.61911602491534,35.285042841456246],[135.6164443758514,35.286038093442876],[135.61470335671797,35.28693440486645],[135.6133391546037,35.28737583937957],[135.61034419459517,35.28875761894771],[135.60835870012204,35.28981408647548],[135.60586391294999,35.29164261962103],[135.60279054948046,35.293295822102294],[135.6009991810719,35.29450835422725],[135.59980101496714,35.29506097278739],[135.59676131860925,35.297142509450424],[135.59504827137943,35.298105976236315],[135.59369405254563,35.29922421707599],[135.59029253917743,35.3027984924092],[135.5887915771092,35.30472819322765]]]},"properties":{"KEY_CODE":"26213002008","PREF":"26","CITY":"213","CITY_NAME":"南丹市","S_NAME":"平屋荒倉","SETAI":"14"}},{"type":"Feature","geometry":{"type":"Polygon","coordinates":[[[135.59882200573932,35.31023445343072],[135.59733108889108,35.30940010445582],[135.5923735015386,35.307149234880065],[135.59125027058275,35.30646003553238],[135.59035061049377,35.30512205154434],[135.5887915771092,35.30472819322765],[135.59029253917743,35.3027984924092],[135.59369405254563,35.29922421707599],[135.59504827137943,35.298105976236315],[135.59676131860925,35.297142509450424],[135.59980101496714,35.29506097278739],[135.6009991810719,35.29450835422725],[135.60279054948046,35.293295822102294],[135.60586391294999,35.29164261962103],[135.60835870012204,35.28981408647548],[135.61034419459517,35.28875761894771],[135.6133391546037,35.28737583937957],[135.61470335671797,35.28693440486645],[135.6164443758514,35.286038093442876],[135.61911602491534,35.285042841456246],[135.6203177357224,35.284738294913126],[135.62364094794754,35.28333061422944],[135.62587413771223,35.28210355931099],[135.62582385143963,35.282655663354646],[135.6258006211106,35.2829267212119],[135.62584530724868,35.28370728603074],[135.6262337061849,35.28431058435914],[135.62667563992875,35.28454361949618],[135.6270067264844,35.28467596313557],[135.6272851803747,35.28500272340242],[135.62685875485298,35.285227276050506],[135.62478397192814,35.28632181974707],[135.62329707700164,35.28768984823986],[135.62322843124142,35.2885707343017],[135.62067013962303,35.289233925408354],[135.6181182116099,35.290638170222415],[135.6116931759654,35.292443030414255],[135.60662847364054,35.29801077241012],[135.60602343961668,35.29975789971104],[135.60319374204437,35.30363789377839],[135.60058186311716,35.306323631673415],[135.59882200573932,35.31023445343072]]]},"properties":{"KEY_CODE":"26213002009","PREF":"26","CITY":"213","CITY_NAME":"南丹市","S_NAME":"平屋内久保（大内）","SETAI":"26"}},{"type":"Feature","geometry":{"type":"Polygon","coordinates":[[[135.60253958749837,35.31464951535913],[135.60097188607608,35.31271869098149],[135.59977791033367,35.311778867199536],[135.59938528075415,35.31077257377113],[135.59882200573932,35.31023445343072],[135.60058186311716,35.306323631673415],[135.60319374204437,35.30363789377839],[135.60602343961668,35.29975789971104],[135.60662847364054,35.29801077241012],[135.6116931759654,35.292443030414255],[135.6181182116099,35.290638170222415],[135.62067013962303,35.289233925408354],[135.62322843124142,35.2885707343017],[135.62493490067604,35.290766576092594],[135.62627027208308,35.294457982782774],[135.6271367337828,35.295590928674486],[135.62956083946432,35.29739788336486],[135.62979843032343,35.29876360072709],[135.62928709907257,35.29997645095511],[135.62795189814275,35.30172111384681],[135.62524037359037,35.30385928506155],[135.62260438453947,35.30541211172561],[135.6199676802913,35.30650956329984],[135.6195416927476,35.30733796919512],[135.61874992754628,35.307571076729786],[135.6178023669792,35.30836982526665],[135.61615530912826,35.308272216512385],[135.61339945557796,35.30767510644277],[135.61164072642688,35.30788504389997],[135.60966809414091,35.3075527932904],[135.6069147525104,35.30838439642856],[135.60473733647478,35.309913230224865],[135.60358194404137,35.3110513283376],[135.60323542852726,35.3117090118948],[135.60330740947546,35.31283685870004],[135.60253958749837,35.31464951535913]]]},"properties":{"KEY_CODE":"26213002010","PREF":"26","CITY":"213","CITY_NAME":"南丹市","S_NAME":"平屋内久保","SETAI":"40"}},{"type":"Feature","geometry":{"type":"Polygon","coordinates":[[[135.59580819747168,35.25043000180853],[135.59426729868733,35.250446483824405],[135.59403813964593,35.250399168147865],[135.59341288987832,35.25013995687906],[135.5931947949069,35.24999203973993],[135.592848790448,35.24988531482328],[135.59238601130858,35.2497911540533],[135.59197208649587,35.24968729680244],[135.5910275906198,35.249638204011454],[135.59029012150577,35.249802834838604],[135.5896596996291,35.24985810234833],[135.58827483219906,35.249638903684094],[135.58707510074433,35.24949743286164],[135.58650453329656,35.24956612663789],[135.58641833994702,35.24958294624929],[135.58544184636668,35.249825256846606],[135.58505773445805,35.24988739735024],[135.5845020008273,35.24995874068591],[135.5836789420375,35.2501515004437],[135.58293028733212,35.25025690209737],[135.58229633180326,35.25016099585434],[135.58136177968905,35.24968615723536],[135.5809850677551,35.24947640629564],[135.58084429528262,35.2494135971125],[135.57989667325174,35.24921265250036],[135.57952958444412,35.249185540067806],[135.57841728573683,35.249204726316336],[135.5774608044141,35.24948909735725],[135.57693255280043,35.249805091433686],[135.5764298814865,35.25011286111311],[135.5757882033381,35.250562473966305],[135.5755468625965,35.250737343870924],[135.57494077999488,35.25119975256482],[135.57432683985715,35.2513978282127],[135.57407103788236,35.251480387997006],[135.57415209290173,35.2509689649942],[135.57412508964532,35.249982994519065],[135.57355161340053,35.2479116971878],[135.57321659881384,35.24714634350719],[135.57296618262077,35.24662058990285],[135.5724141954467,35.24558558988174],[135.57227950666467,35.24524087989408],[135.57226271117116,35.24483383611932],[135.57221372190992,35.244607038217964],[135.5721090466445,35.24432539704464],[135.5716917522637,35.24363519326311],[135.57093175369792,35.24247321071474],[135.5705545573715,35.241867084541326],[135.56797009453246,35.23879486200116],[135.56688431515474,35.23756815335099],[135.5661423394923,35.2366914685687],[135.5656659521503,35.23617277553405],[135.5652023691588,35.23570891625097],[135.56440756707326,35.23493652792414],[135.56415579954285,35.23463342732478],[135.5636175847147,35.2340366054177],[135.5633890304168,35.23369583483055],[135.5630637257501,35.233142238659745],[135.56277949415556,35.231735279452046],[135.5626771278615,35.23121029883774],[135.56263927763382,35.230882887186965],[135.56248120211052,35.22974505807997],[135.56241885682584,35.22930424002295],[135.56239319159872,35.228754462102316],[135.56231965591692,35.227856340149536],[135.562266237736,35.22755818766826],[135.56226787094374,35.22606930996492],[135.56371533778557,35.22587085857467],[135.56475727430023,35.22551776373475],[135.5654157091106,35.22483800148629],[135.56589124702708,35.22477808176788],[135.56742618443087,35.224498413376104],[135.5681261662013,35.22429012655474],[135.56930109051575,35.224498456297454],[135.56992605786357,35.22498173680712],[135.57031349420714,35.225206704524076],[135.57102599084496,35.22513175730361],[135.5718009302834,35.22500674359334],[135.5730758740815,35.225123414285825],[135.57363832337484,35.22531511067473],[135.57490077872689,35.2248818443324],[135.5754507402891,35.22512348929515],[135.57641320302733,35.225056844252265],[135.57822559332544,35.22552343696992],[135.5794505131717,35.22614839907027],[135.58122543112202,35.22618170774893],[135.58319556570888,35.22515795956726],[135.5841003293305,35.22459026901579],[135.586350202767,35.22407364837002],[135.58740854730925,35.22343005399643],[135.58766268515802,35.22322380096022],[135.58788836412282,35.222722160684896],[135.5877002203671,35.22164895981634],[135.5876252451453,35.22106566241067],[135.5878204523311,35.2209628026923],[135.58900019640726,35.22029080265099],[135.5896752155421,35.21909925342078],[135.59007515219395,35.2195992104004],[135.59253745282336,35.22103247109482],[135.59394104976823,35.22096626004337],[135.5955747505591,35.22119911797123],[135.59596218654116,35.22232402827089],[135.59746202095292,35.22398222015278],[135.59896191051706,35.22500711838792],[135.60001179938854,35.22528205246114],[135.60206171752395,35.22527375898552],[135.60409903563627,35.22653189617141],[135.60971805829243,35.22850561279305],[135.61108603006315,35.22851506955009],[135.61157352694997,35.227798439756825],[135.6125606830699,35.22740862515121],[135.61243072423122,35.22588078564576],[135.6129060909567,35.225655954860784],[135.61411091921192,35.22586535589134],[135.61613570586985,35.22674030726031],[135.61734815577515,35.22659863464303],[135.61816063276274,35.225848776809926],[135.61887307944266,35.22539881886274],[135.61914560756233,35.22551227331416],[135.61936050728224,35.22600705050705],[135.61942299595515,35.22656423176929],[135.61950587494798,35.230924401696974],[135.61962269380513,35.2319231061536],[135.62004760277745,35.23318130067861],[135.6209850419575,35.233198025687564],[135.6218599782915,35.23326469253716],[135.62387895265317,35.23331940434298],[135.62487220758004,35.23422291702754],[135.6258661682507,35.23469796176349],[135.62684706164973,35.23457287249435],[135.6276094939091,35.2348895121767],[135.6289472769729,35.23573516928266],[135.6297465022419,35.235936200137964],[135.6298467653418,35.2361560871455],[135.62975922716404,35.23697267758871],[135.62994667602524,35.23808089691667],[135.62958416505833,35.23884750011229],[135.6286967177785,35.23921410379232],[135.62898413214424,35.240638979769166],[135.62880910829153,35.241305583802884],[135.6292785022835,35.24160506534769],[135.62930900986535,35.24218052193446],[135.62942149518895,35.242955472411914],[135.62900894450297,35.24494689530886],[135.629246360462,35.245905193569534],[135.62959996593582,35.246290795230244],[135.62867727424333,35.24690286253902],[135.62846190577736,35.2475077918513],[135.62681060569733,35.2491818807598],[135.62394062002528,35.25015764246222],[135.62166636552465,35.24941209996653],[135.6203966403288,35.24873029528147],[135.61890387724688,35.24820933350801],[135.6169587444049,35.24818222631023],[135.6146471215656,35.24874331156232],[135.61342902023014,35.248602885323464],[135.61085540539815,35.248712484764766],[135.60927376468436,35.24918214236077],[135.6069880749494,35.25075567487773],[135.6061705905989,35.25089831647301],[135.60400666206115,35.250693817891865],[135.6023856902726,35.25021231766131],[135.60032406970504,35.25019302482219],[135.5990978526522,35.2504904053427],[135.59787556930974,35.250276574824525],[135.59580819747168,35.25043000180853]]]},"properties":{"KEY_CODE":"26213003001","PREF":"26","CITY":"213","CITY_NAME":"南丹市","S_NAME":"宮島原","SETAI":"32"}},{"type":"Feature","geometry":{"type":"Polygon","coordinates":[[[135.57221372190992,35.24460703821794],[135.57120496816933,35.24502952416232],[135.56672480352861,35.24572272571687],[135.56490729033243,35.2458723030573],[135.5608473600972,35.24577470357204],[135.55901539533986,35.2458318171124],[135.55391100293656,35.245585609304165],[135.55201672855785,35.24520173808765],[135.5497743312518,35.24495438467819],[135.54322414688758,35.24439756920422],[135.54209125993125,35.24436621496813],[135.5417637083083,35.24435843672055],[135.54118075994458,35.24429730256682],[135.54049408101426,35.244203026828075],[135.5390978590186,35.24383098807731],[135.53821948796073,35.24372942700643],[135.5356876568831,35.2435233460315],[135.53473721170482,35.243454234858184],[135.5342495944746,35.243485127269814],[135.53410849705185,35.243516562590806],[135.53498909058993,35.24181624439828],[135.53678570457447,35.241431352515924],[135.53713621936225,35.240184658916306],[135.53738153784593,35.23931293644915],[135.53818899686217,35.23822754730289],[135.53916767641675,35.23722716428225],[135.5400357806604,35.23704513319086],[135.54062636336542,35.236855013051894],[135.54206782248085,35.23595028503688],[135.54268488712145,35.235529113445885],[135.54407446494082,35.23436260272881],[135.54656411133095,35.233798066825166],[135.54707282092747,35.23346732209152],[135.54716698875959,35.23315821485216],[135.54791021171667,35.2325166828706],[135.54898913642432,35.23230646947116],[135.5503571208789,35.232396121674086],[135.55151321106544,35.23232455547585],[135.5519150271422,35.232111285061244],[135.55197626428435,35.23148935473854],[135.5518621530932,35.23122364111012],[135.5520733367163,35.230649652889035],[135.55232662402486,35.23045640501915],[135.55418420392445,35.229978311949054],[135.5553306317916,35.229556081720496],[135.55640516023564,35.22889039477968],[135.5580732226159,35.22745949021015],[135.5586135702012,35.22655508201873],[135.55897010262396,35.226158467956715],[135.55975654249713,35.226041282686246],[135.56040153513246,35.226256508655005],[135.56226787094374,35.22606930996492],[135.562266237736,35.22755818766826],[135.56231965591692,35.227856340149536],[135.56239319159872,35.228754462102316],[135.56241885682584,35.22930424002295],[135.56248120211052,35.22974505807997],[135.56263927763382,35.230882887186965],[135.5626771278615,35.23121029883774],[135.56277949415556,35.231735279452046],[135.5630637257501,35.233142238659745],[135.5633890304168,35.23369583483055],[135.5636175847147,35.2340366054177],[135.56415579954285,35.23463342732478],[135.56440756707326,35.23493652792414],[135.5652023691588,35.23570891625097],[135.5656659521503,35.23617277553405],[135.5661423394923,35.2366914685687],[135.56688431515474,35.23756815335099],[135.56797009453246,35.23879486200116],[135.5705545573715,35.241867084541326],[135.57093175369792,35.24247321071474],[135.5716917522637,35.24363519326311],[135.5721090466445,35.24432539704464],[135.57221372190992,35.24460703821794]]]},"properties":{"KEY_CODE":"26213003002","PREF":"26","CITY":"213","CITY_NAME":"南丹市","S_NAME":"宮島板橋","SETAI":"33"}},{"type":"Feature","geometry":{"type":"Polygon","coordinates":[[[135.5683216902908,35.25830842875244],[135.5664449836784,35.257779965917436],[135.56503047330287,35.256624587402634],[135.5630384826842,35.256084195724654],[135.5583313739522,35.25548943747775],[135.5574049616108,35.255522329053164],[135.55728012394786,35.2555130796469],[135.55611087934383,35.25504101004481],[135.55595288369955,35.25501917694755],[135.55546450208553,35.254861299680066],[135.55464573687712,35.25456737478807],[135.55390816436173,35.25432000574775],[135.5533385627537,35.25411549032433],[135.5531049397786,35.25399676176752],[135.55150074519577,35.25310702619229],[135.55077992281016,35.25270868763449],[135.54998896061184,35.25216310563617],[135.54958849758145,35.25187980013789],[135.5489099658767,35.251322291752786],[135.54858071668366,35.25106452446387],[135.54757291727236,35.250249233832285],[135.5465862877839,35.24935432530364],[135.54562416615542,35.248572800579595],[135.54535609202395,35.24831952997338],[135.54452192869977,35.24749678231587],[135.54353439358783,35.24635611256525],[135.54292309636458,35.24564652451063],[135.54209125993125,35.24436621496813],[135.54322414688758,35.24439756920422],[135.5497743312518,35.24495438467819],[135.55201672855785,35.24520173808765],[135.55391100293656,35.245585609304165],[135.55901539533986,35.2458318171124],[135.5608473600972,35.24577470357204],[135.56490729033243,35.2458723030573],[135.56672480352861,35.24572272571687],[135.57120496816933,35.24502952416232],[135.57221372190992,35.24460703821794],[135.57227950666467,35.24524087989408],[135.5724141954467,35.24558558988174],[135.57296618262077,35.24662058990285],[135.57321659881384,35.24714634350719],[135.57355161340053,35.2479116971878],[135.57412508964532,35.249982994519065],[135.57415209290173,35.2509689649942],[135.57407103788236,35.251480387997006],[135.57203219444662,35.25184692531714],[135.57035573191357,35.25260329204179],[135.5695219796928,35.253578577386705],[135.5692668358011,35.25645085926654],[135.5683216902908,35.25830842875244]]]},"properties":{"KEY_CODE":"26213003003","PREF":"26","CITY":"213","CITY_NAME":"南丹市","S_NAME":"宮島宮脇","SETAI":"26"}},{"type":"Feature","geometry":{"type":"Polygon","coordinates":[[[135.56474326573132,35.27105871410503],[135.56470991858146,35.2710639474549],[135.56396225270677,35.27109217965158],[135.56321789661737,35.271016750981076],[135.56216761987415,35.27091866262844],[135.55907900206805,35.27050735391243],[135.5567890679882,35.270348000446816],[135.5553169893846,35.27004631494437],[135.55453699993373,35.26995816593366],[135.55381817460966,35.26987452742482],[135.5530337205542,35.269714950489806],[135.55245402009822,35.26948948628204],[135.5537727246755,35.26706517190531],[135.5574049616108,35.255522329053164],[135.5583313739522,35.25548943747775],[135.5630384826842,35.256084195724654],[135.56503047330287,35.256624587402634],[135.5664449836784,35.257779965917436],[135.5683216902908,35.25830842875244],[135.56821144885058,35.25846149480551],[135.56695497462766,35.26052020199674],[135.56538847751193,35.26208811324258],[135.5651337728226,35.26439824972],[135.565666800029,35.26593317174375],[135.56584180373034,35.26747787495692],[135.56487541275985,35.26941489556128],[135.56474326573132,35.27105871410503]]]},"properties":{"KEY_CODE":"26213003004","PREF":"26","CITY":"213","CITY_NAME":"南丹市","S_NAME":"宮島下吉田","SETAI":"15"}},{"type":"Feature","geometry":{"type":"Polygon","coordinates":[[[135.54452192869977,35.24749678231587],[135.54535609202395,35.24831952997338],[135.54562416615542,35.248572800579595],[135.5465862877839,35.24935432530364],[135.54757291727236,35.250249233832285],[135.54858071668366,35.25106452446387],[135.5489099658767,35.251322291752786],[135.54958849758145,35.25187980013789],[135.54998896061184,35.25216310563617],[135.55077992281016,35.25270868763449],[135.55150074519577,35.25310702619229],[135.5531049397786,35.25399676176752],[135.5533385627537,35.25411549032433],[135.55390816436173,35.25432000574775],[135.55464573687712,35.25456737478807],[135.55546450208553,35.254861299680066],[135.55595288369955,35.25501917694755],[135.55611087934383,35.25504101004481],[135.55728012394786,35.2555130796469],[135.5574049616108,35.255522329053164],[135.5537727246755,35.26706517190531],[135.55245402009822,35.26948948628204],[135.55318530973298,35.27052884026093],[135.5533958741418,35.27243174688683],[135.552767762952,35.27312423816982],[135.55137685032412,35.27398502448692],[135.5503041623424,35.274088177712315],[135.54868167125238,35.273294212680305],[135.54684350100888,35.271720253220586],[135.5453184101022,35.27018827720966],[135.54450404235558,35.269407627473015],[135.5440423156746,35.26911977803779],[135.5434281827129,35.26875973765561],[135.5420452149275,35.26821075938142],[135.54158238928548,35.2680445873068],[135.54086033683177,35.267767792211956],[135.5386975355355,35.267130561744736],[135.53635116664358,35.266479568770954],[135.53606078680684,35.26642755130159],[135.53548007077234,35.26632358485907],[135.5349204618612,35.26614004749598],[135.53462007285876,35.26606700174531],[135.53326503575616,35.26582433876454],[135.5325519357968,35.26569018888037],[135.53141823434012,35.265440470041355],[135.53115129428414,35.26541366575457],[135.53112814798075,35.26525012464469],[135.53098760221692,35.26494049519013],[135.53070399644585,35.264758624542466],[135.5303844322436,35.2646407696658],[135.53002235391276,35.264487749313744],[135.52964643400992,35.26427051894045],[135.52927105496363,35.263959978987586],[135.52900960119663,35.26363825960902],[135.52876762727638,35.263319150415306],[135.52861198141585,35.263053968061655],[135.52813682284864,35.262582261740086],[135.5278545690722,35.26220637417825],[135.52773675422696,35.261710701608735],[135.52772017609433,35.261303660731535],[135.52754234298908,35.26068176520841],[135.5273833988206,35.26022360563448],[135.5272534488941,35.259392244997755],[135.52712222997022,35.25924046423904],[135.5267373648617,35.25892776491257],[135.5263413997904,35.25871572540581],[135.52575189353217,35.258468985482196],[135.52385080252083,35.25825661655972],[135.5232289593773,35.258190091930345],[135.52295420913111,35.258108729714536],[135.52274870360733,35.257969187853824],[135.5218265528569,35.2570408326055],[135.52202567427662,35.25564426637683],[135.52321926550897,35.25419562429414],[135.5224353440798,35.25255146204009],[135.52228714567153,35.25012536020479],[135.52147785740766,35.24843934774442],[135.52145386227244,35.248409957360494],[135.52251446796117,35.24777235065734],[135.52352694752608,35.24771405612701],[135.52556433770508,35.24695578530663],[135.52727683200652,35.245614223998636],[135.52888923700883,35.24584750223925],[135.53015170712087,35.245547494040636],[135.5313891662861,35.24607247955523],[135.53338908248244,35.245472501873685],[135.53437658748376,35.24453086940563],[135.53410849705185,35.243516562590806],[135.5342495944746,35.243485127269814],[135.53473721170482,35.243454234858184],[135.5356876568831,35.2435233460315],[135.53821948796073,35.24372942700643],[135.5390978590186,35.24383098807731],[135.54049408101426,35.244203026828075],[135.54118075994458,35.24429730256682],[135.5417637083083,35.24435843672055],[135.54209125993125,35.24436621496814],[135.54292309636458,35.24564652451063],[135.54353439358783,35.24635611256525],[135.54452192869977,35.24749678231587]]]},"properties":{"KEY_CODE":"26213003005","PREF":"26","CITY":"213","CITY_NAME":"南丹市","S_NAME":"宮島島","SETAI":"46"}},{"type":"Feature","geometry":{"type":"Polygon","coordinates":[[[135.53687406215735,35.279919510060445],[135.5357757797758,35.28003069003224],[135.53435372025703,35.27983377868453],[135.53258997796007,35.28015924430553],[135.53128650020778,35.280986335438286],[135.53056582622304,35.281899759462235],[135.53027003730153,35.283009620217214],[135.52827699083355,35.2833567434411],[135.52450702878465,35.28246818553723],[135.524989544464,35.28192760154968],[135.5244945170813,35.281086908249755],[135.52513212370187,35.28056946895894],[135.52668481430447,35.278157324919626],[135.52740470353473,35.277307731679],[135.52844126358505,35.27361199859406],[135.52982683998894,35.27224397217631],[135.52980712597392,35.27108598746798],[135.5306084482993,35.269978925155264],[135.53130452058056,35.26629672693059],[135.53115129428414,35.26541366575457],[135.53141823434012,35.265440470041355],[135.5325519357968,35.26569018888037],[135.53326503575616,35.26582433876454],[135.53462007285876,35.26606700174531],[135.5349204618612,35.26614004749598],[135.53548007077234,35.26632358485907],[135.53606078680684,35.26642755130159],[135.53635116664358,35.266479568770954],[135.5386975355355,35.267130561744736],[135.54086033683177,35.267767792211956],[135.54158238928548,35.2680445873068],[135.5420452149275,35.26821075938142],[135.5434281827129,35.26875973765561],[135.5440423156746,35.26911977803779],[135.54450404235558,35.269407627473015],[135.5453184101022,35.27018827720966],[135.54684350100888,35.27172025322061],[135.5466234259466,35.271999516232015],[135.54637013305674,35.272160482387335],[135.54594577126653,35.27243623926527],[135.54579669826532,35.27255702769343],[135.54537609630486,35.27278962555355],[135.5446652427458,35.27316417394386],[135.54379044177895,35.27373719695748],[135.54312166036433,35.27431654654925],[135.5426920902551,35.274964394491754],[135.5423482025644,35.27573017161013],[135.54199095860946,35.27628187622828],[135.54168045397302,35.27674579529224],[135.54140555777894,35.27722252348687],[135.54129648836033,35.277427471803385],[135.54103272074138,35.27780353431463],[135.54080568072578,35.278070716062366],[135.54061981692024,35.278300446892494],[135.53976294494754,35.2787947732179],[135.53963940650638,35.27890733873127],[135.539351149201,35.2791699920621],[135.53872019587936,35.27951881732129],[135.53800799867344,35.27982106039594],[135.53785441294076,35.279870480584364],[135.53737923794566,35.2799265678382],[135.53687406215735,35.279919510060445]]]},"properties":{"KEY_CODE":"26213003006","PREF":"26","CITY":"213","CITY_NAME":"南丹市","S_NAME":"宮島長谷","SETAI":"48"}},{"type":"Feature","geometry":{"type":"Polygon","coordinates":[[[135.52514782255528,35.311308990865854],[135.5249841628315,35.31169130185891],[135.52348351218353,35.31219857292095],[135.5206443398929,35.31386417892063],[135.51924971026955,35.31341556308235],[135.51825452301136,35.31337196344697],[135.5163563876735,35.31378868816111],[135.51521990726962,35.31357224980251],[135.5136052353216,35.31415555212759],[135.51328935936698,35.314169142225744],[135.51317926590085,35.313937790451],[135.51296582474936,35.31330307616119],[135.51295258699824,35.31308908550389],[135.5129272279166,35.31253934966856],[135.51275268086079,35.31211049041365],[135.51251946451072,35.31087577475798],[135.51237168225677,35.31031694894328],[135.51205465127916,35.30983687747061],[135.5119306209303,35.30839724424843],[135.51207377855383,35.308084303030654],[135.51237083650506,35.307212692933234],[135.51268275787976,35.30662726495998],[135.5127591655443,35.30654278377833],[135.51292148314377,35.30628569321648],[135.51307308836252,35.30604545947444],[135.51329925057686,35.30578580772215],[135.51346415977383,35.30547520515367],[135.51348583599605,35.30539867336172],[135.51407964776055,35.30416466052892],[135.51425677396776,35.30379234626242],[135.5144227329843,35.303520620094275],[135.51465106690486,35.30313188913765],[135.51487940132816,35.30274308330468],[135.5152313330211,35.30224174252541],[135.51578832745778,35.30111657011411],[135.51594098569765,35.300630840772904],[135.51603246289451,35.30014057084587],[135.51660361379948,35.29966566357427],[135.5166133350097,35.29964175803876],[135.5166938921379,35.29929700830319],[135.51679209415732,35.29863479225726],[135.51696361396137,35.29831279784382],[135.51733508913884,35.297943501174785],[135.51803620451605,35.297391990548405],[135.5181894517507,35.29716633101468],[135.51834885690536,35.296508652875445],[135.51861949484018,35.29596071081484],[135.5187709772315,35.29559659240587],[135.51897251810036,35.295337672566184],[135.51911169069976,35.29519589990664],[135.51933764318625,35.29505038638913],[135.51988084022736,35.2948270435598],[135.52031718898073,35.29456531886412],[135.52058995007656,35.294331959315535],[135.52071467296093,35.294097733848524],[135.5208260902824,35.29364958146856],[135.52088748789902,35.29309616079479],[135.52093658689418,35.292765015905],[135.52105261541124,35.29183026051439],[135.5212609000894,35.29139932021781],[135.52118080286579,35.29123111646999],[135.52127126829745,35.29030449914116],[135.52146391499272,35.28990293440897],[135.52151068226843,35.2898150903854],[135.52152644734701,35.28922789679045],[135.52146756196203,35.28897998840692],[135.52131417721486,35.28847149419342],[135.52131060564344,35.28841408557021],[135.52124870731282,35.28783771348468],[135.52129336731315,35.28743521231742],[135.52144596034412,35.286949474421846],[135.52154506703297,35.28672352632577],[135.52162884935953,35.286438079255426],[135.52184772429777,35.28602977692692],[135.52187475482086,35.285865443054064],[135.52217211845843,35.285187583905135],[135.52234473123656,35.28474388784475],[135.52241065917013,35.284390336686194],[135.52255217910547,35.283968631071836],[135.52287732806312,35.283699906108076],[135.52296443278112,35.28366052928642],[135.52450702878465,35.28246818553723],[135.52827699083355,35.2833567434411],[135.53027003730153,35.283009620217214],[135.53056582622304,35.281899759462235],[135.53128650020778,35.280986335438286],[135.53258997796007,35.28015924430553],[135.53435372025703,35.27983377868453],[135.5357757797758,35.28003069003224],[135.53687406215735,35.279919510060445],[135.53711989485973,35.28037397527568],[135.53723005573613,35.28060531454713],[135.53731457606517,35.28084493703325],[135.53738351312285,35.28111379747894],[135.53747804891424,35.2813744445302],[135.53767713662245,35.28191676273043],[135.53777167410206,35.28217734009442],[135.53819217272724,35.28306071930796],[135.53894645641418,35.28427319192143],[135.53935479194107,35.28482088287425],[135.5401469522507,35.28580285807608],[135.54039392834125,35.28613570535715],[135.54106038861866,35.28691558146901],[135.54292190200778,35.28871748632318],[135.54383993140152,35.289343584942515],[135.54379206540818,35.289553063473576],[135.5437263381031,35.29003516429667],[135.5436127448092,35.2907267434997],[135.54345351631446,35.291384486487836],[135.54339211031217,35.29305384554444],[135.54365129437574,35.293722395298836],[135.54378591780997,35.29406714768964],[135.54409294243828,35.29564207052376],[135.54414744384442,35.29581854137607],[135.54438779533456,35.296323315176814],[135.54474611243427,35.29732373446948],[135.54513560077933,35.29826560795702],[135.54539408131254,35.29898015950582],[135.54437881913594,35.29962730912358],[135.5435873539902,35.30009840064],[135.54212487373692,35.30037540186618],[135.5394524782038,35.29989645274886],[135.53819284028992,35.299992210722934],[135.53574755141273,35.30056136741838],[135.5342884580926,35.30047328942949],[135.53211495317333,35.29981467446776],[135.53098734001136,35.29997832989579],[135.52950705844327,35.30084842103176],[135.5291985548292,35.30162687009002],[135.5267071191997,35.30383578645602],[135.5261232655768,35.30620676888946],[135.5254586068977,35.306857320814856],[135.5244529055961,35.3090244684595],[135.52445931020466,35.309968352989685],[135.52514782255528,35.311308990865854]]]},"properties":{"KEY_CODE":"26213003007","PREF":"26","CITY":"213","CITY_NAME":"南丹市","S_NAME":"宮島上司","SETAI":"14"}},{"type":"Feature","geometry":{"type":"Polygon","coordinates":[[[135.55137685032412,35.27398502448692],[135.55147472235444,35.27499655455084],[135.55042205109717,35.27569973320887],[135.55021503574056,35.27768293624561],[135.5493635719285,35.2814749539182],[135.54873767077007,35.285028064124376],[135.5489603233051,35.2875725455296],[135.54866544670762,35.287687809675724],[135.5484628038624,35.28838788501676],[135.54832812563518,35.28860113606432],[135.54809776734191,35.288675365810526],[135.54762587402547,35.28892442374821],[135.5475457338869,35.28931415386681],[135.54842485004212,35.29029237007572],[135.54909365003098,35.29082886639418],[135.54949143946612,35.29190418877412],[135.5484899791707,35.292992492823934],[135.54837430298738,35.2931629253056],[135.5484172682267,35.293412816243915],[135.5487057555096,35.294280544022264],[135.54872235349023,35.294507026912015],[135.54864998590256,35.29486650183926],[135.5491135122756,35.296101062334664],[135.54906000875687,35.29664184228893],[135.54906328668477,35.296903258015234],[135.54888632346987,35.29727563148733],[135.5483042231872,35.297851304055],[135.54824940928916,35.2978833552625],[135.5478423177385,35.29812143318269],[135.54721677207115,35.298419971861314],[135.54650559217438,35.29860054249261],[135.54630082622222,35.298666532090834],[135.5457788290287,35.298810412399526],[135.54513560077933,35.29826560795702],[135.54474611243427,35.29732373446948],[135.54438779533456,35.296323315176814],[135.54414744384442,35.29581854137607],[135.54409294243828,35.29564207052376],[135.54378591780997,35.29406714768964],[135.54365129437574,35.293722395298836],[135.54339211031217,35.29305384554444],[135.54345351631446,35.291384486487836],[135.5436127448092,35.2907267434997],[135.5437263381031,35.29003516429667],[135.54379206540818,35.289553063473576],[135.54383993140152,35.289343584942515],[135.54292190200778,35.28871748632318],[135.54106038861866,35.28691558146901],[135.54039392834125,35.28613570535715],[135.5401469522507,35.28580285807608],[135.53935479194107,35.28482088287425],[135.53894645641418,35.28427319192143],[135.53819217272724,35.28306071930796],[135.53777167410206,35.28217734009442],[135.53767713662245,35.28191676273043],[135.53747804891424,35.2813744445302],[135.53738351312285,35.28111379747894],[135.53731457606517,35.28084493703325],[135.53723005573613,35.28060531454713],[135.53711989485973,35.28037397527568],[135.53687406215735,35.279919510060445],[135.53737923794566,35.2799265678382],[135.53785441294076,35.279870480584364],[135.53800799867344,35.27982106039594],[135.53872019587936,35.27951881732129],[135.539351149201,35.2791699920621],[135.53963940650638,35.27890733873127],[135.53976294494754,35.2787947732179],[135.54061981692024,35.278300446892494],[135.54080568072578,35.278070716062366],[135.54103272074138,35.27780353431463],[135.54129648836033,35.277427471803385],[135.54140555777894,35.27722252348687],[135.54168045397302,35.27674579529224],[135.54199095860946,35.27628187622828],[135.5423482025644,35.27573017161013],[135.5426920902551,35.274964394491754],[135.54312166036433,35.27431654654925],[135.54379044177895,35.27373719695748],[135.5446652427458,35.27316417394386],[135.54537609630486,35.27278962555355],[135.54579669826532,35.27255702769343],[135.54594577126653,35.27243623926527],[135.54637013305674,35.272160482387335],[135.5466234259466,35.271999516232015],[135.54684350100888,35.271720253220586],[135.54868167125238,35.273294212680305],[135.5503041623424,35.274088177712315],[135.55137685032412,35.27398502448692]]]},"properties":{"KEY_CODE":"26213003008","PREF":"26","CITY":"213","CITY_NAME":"南丹市","S_NAME":"宮島和泉","SETAI":"83"}},{"type":"Feature","geometry":{"type":"Polygon","coordinates":[[[135.56756640805557,35.28683970388253],[135.56679414127237,35.2870159410336],[135.56644692300264,35.287030845520206],[135.56594611800318,35.28709521094335],[135.56572133440173,35.287119207960664],[135.56464852547356,35.287222465378555],[135.56311394654892,35.28759584774646],[135.56261760093616,35.28773162648768],[135.56185642588534,35.28780716211651],[135.56089155313057,35.28782710514723],[135.559682945538,35.2877072178888],[135.5585333257036,35.28727716508485],[135.55686842477948,35.28681918761396],[135.55643167108167,35.286988116001105],[135.5561449688121,35.28722808135842],[135.5551120250551,35.28753577661244],[135.5544624241477,35.28759462761493],[135.55374908303554,35.28746062850038],[135.55349419477858,35.2874214620303],[135.5531225180503,35.287322924613605],[135.55283205456277,35.28727102169815],[135.55221551210786,35.28715433686051],[135.55180646371218,35.28701143119843],[135.55139671867298,35.28697099221012],[135.55087898411236,35.28686487214167],[135.55057062486736,35.28683430840581],[135.5503804091499,35.286896645394165],[135.54971153672628,35.287476065018076],[135.5489603233051,35.2875725455296],[135.54873767077007,35.285028064124376],[135.5493635719285,35.2814749539182],[135.55021503574056,35.27768293624561],[135.55042205109717,35.27569973320887],[135.55147472235444,35.27499655455084],[135.55137685032412,35.27398502448692],[135.552767762952,35.27312423816982],[135.5533958741418,35.27243174688683],[135.55318530973298,35.27052884026093],[135.55245402009822,35.26948948628204],[135.5530337205542,35.269714950489806],[135.55381817460966,35.26987452742482],[135.55453699993373,35.26995816593366],[135.5553169893846,35.27004631494437],[135.5567890679882,35.270348000446816],[135.55907900206805,35.27050735391243],[135.56216761987415,35.27091866262844],[135.56321789661737,35.271016750981076],[135.56396225270677,35.27109217965158],[135.56470991858146,35.2710639474549],[135.56511494018096,35.2717151560946],[135.56541765661186,35.27210281063305],[135.56579151353904,35.27251600115032],[135.5663033998669,35.27290890569464],[135.56676072228765,35.27312540585844],[135.5672992934984,35.27338846221377],[135.56813270892633,35.2737747498897],[135.56832414499334,35.27405262405025],[135.56833751503996,35.27426669486509],[135.56846558950457,35.27478336801324],[135.56847896022447,35.274997438611784],[135.5684756813699,35.27536237222788],[135.56861496857226,35.27597563773936],[135.56864730309445,35.27603152898115],[135.56895355152014,35.27662721162603],[135.56912070717448,35.276806259570336],[135.56951480076134,35.2775024629402],[135.57004862577963,35.27837796349352],[135.57057059624265,35.27907805767575],[135.57076756531012,35.279305657479604],[135.57122727722913,35.27983672071979],[135.57203982719827,35.280860506664986],[135.57219461028092,35.281247325726405],[135.5724140497367,35.282034740562146],[135.57268376890175,35.28286507818468],[135.57355286605264,35.28403604604576],[135.57391237824268,35.28435682037098],[135.5741719202522,35.28466104564781],[135.57436583932514,35.284794755231054],[135.57505720228073,35.28519485566356],[135.57569142234837,35.28543749504834],[135.57577424854145,35.285489334073645],[135.5762630125221,35.28575801335816],[135.57693754183057,35.28624410101767],[135.57684349608942,35.28632560733799],[135.57513263031188,35.28660776154669],[135.5736926616051,35.28668393343987],[135.5732686675434,35.28672357812017],[135.57200231488596,35.2867922450591],[135.5713846729306,35.28679735023431],[135.57108022605422,35.28674847082931],[135.57103298207957,35.286740911516496],[135.57073696063213,35.28673931631685],[135.56965078789398,35.2866286183869],[135.56851342482423,35.28653435065957],[135.56756640805557,35.28683970388253]]]},"properties":{"KEY_CODE":"26213003009","PREF":"26","CITY":"213","CITY_NAME":"南丹市","S_NAME":"宮島静原","SETAI":"60"}},{"type":"Feature","geometry":{"type":"Polygon","coordinates":[[[135.5484172682267,35.293412816243915],[135.54837430298738,35.2931629253056],[135.5484899791707,35.292992492823934],[135.54949143946612,35.29190418877412],[135.54909365003098,35.29082886639418],[135.54842485004212,35.29029237007572],[135.5475457338869,35.28931415386681],[135.54762587402547,35.28892442374821],[135.54809776734191,35.288675365810526],[135.54832812563518,35.28860113606432],[135.5484628038624,35.28838788501676],[135.54866544670762,35.287687809675724],[135.5489603233051,35.2875725455296],[135.54971153672628,35.287476065018076],[135.5503804091499,35.286896645394165],[135.55057062486736,35.28683430840581],[135.55087898411236,35.28686487214167],[135.55139671867298,35.28697099221012],[135.55180646371218,35.28701143119843],[135.55221551210786,35.28715433686051],[135.55283205456277,35.28727102169815],[135.5531225180503,35.287322924613605],[135.55349419477858,35.2874214620303],[135.55374908303554,35.28746062850038],[135.5544624241477,35.28759462761493],[135.5551120250551,35.28753577661244],[135.5561449688121,35.28722808135842],[135.55643167108167,35.286988116001105],[135.55686842477948,35.28681918761396],[135.5585333257036,35.28727716508485],[135.559682945538,35.2877072178888],[135.56089155313057,35.28782710514723],[135.56185642588534,35.28780716211651],[135.56261760093616,35.28773162648768],[135.56311394654892,35.28759584774646],[135.56464852547356,35.287222465378555],[135.56572133440173,35.287119207960664],[135.56594611800318,35.28709521094335],[135.56644692300264,35.287030845520206],[135.56679414127237,35.2870159410336],[135.56756640805557,35.28683970388253],[135.56851342482423,35.28653435065957],[135.56965078789398,35.2866286183869],[135.57073696063213,35.28673931631685],[135.57103298207957,35.286740911516496],[135.57108022605422,35.28674847082933],[135.57087379018932,35.28708607700188],[135.5693601668326,35.28823831010062],[135.56763968789878,35.28911302512419],[135.56360483679674,35.290618433988875],[135.56238599398995,35.290784959465334],[135.55945408085867,35.2916681340031],[135.55666563032085,35.29185483971277],[135.554564515285,35.292627449238104],[135.55296636942822,35.29266941558552],[135.55140143354436,35.293164395618675],[135.5484172682267,35.293412816243915]]]},"properties":{"KEY_CODE":"26213004001","PREF":"26","CITY":"213","CITY_NAME":"南丹市","S_NAME":"鶴ケ岡高野（今宮）","SETAI":"9"}},{"type":"Feature","geometry":{"type":"Polygon","coordinates":[[[135.584662906227,35.30318792177876],[135.57528293181286,35.30249837281204],[135.5696403111733,35.30135617069576],[135.56769878825685,35.30109407866721],[135.5606454434379,35.300677254178744],[135.55633443258537,35.30105367162349],[135.55531029586584,35.30084757487093],[135.55287533694883,35.29998768866802],[135.550204948497,35.29867705204057],[135.5489851134028,35.29819907536879],[135.5486343568939,35.29805279198157],[135.54839247102467,35.29793247066446],[135.54824940928913,35.2978833552625],[135.5483042231872,35.297851304055],[135.54888632346987,35.29727563148733],[135.54906328668477,35.296903258015234],[135.54906000875687,35.29664184228893],[135.5491135122756,35.296101062334664],[135.54864998590256,35.29486650183926],[135.54872235349023,35.294507026912015],[135.5487057555096,35.294280544022264],[135.5484172682267,35.293412816243915],[135.55140143354436,35.293164395618675],[135.55296636942822,35.29266941558552],[135.554564515285,35.292627449238104],[135.55666563032085,35.29185483971277],[135.55945408085867,35.2916681340031],[135.56238599398995,35.290784959465334],[135.56360483679674,35.290618433988875],[135.56763968789878,35.28911302512419],[135.5693601668326,35.28823831010062],[135.57087379018932,35.28708607700188],[135.57108022605422,35.28674847082933],[135.5713846729306,35.28679735023431],[135.57200231488596,35.2867922450591],[135.5732686675434,35.28672357812017],[135.5736926616051,35.28668393343987],[135.57513263031188,35.28660776154669],[135.57684349608942,35.28632560733799],[135.57696197414748,35.28625284801109],[135.57793655206473,35.28612411248092],[135.57990520380739,35.2863869056679],[135.58026514060435,35.286616319487194],[135.58069398811097,35.287156539111834],[135.58081627213852,35.28747668432037],[135.5811325461279,35.28834511142033],[135.58205121768648,35.28927686745784],[135.58287615774248,35.289866737016894],[135.58354478993328,35.290271133567],[135.5837296125223,35.29043493366766],[135.58396617550878,35.29066806492465],[135.5848460965981,35.291313036286546],[135.58524749055212,35.29149772071206],[135.5855649395488,35.29234353118213],[135.5850582393004,35.29353511805596],[135.5848269167823,35.293971230765585],[135.58462053319886,35.294258838334514],[135.58437380496687,35.29481645836448],[135.58485779709991,35.295206915107954],[135.58632184167215,35.29609559853553],[135.58635311434747,35.296593815295964],[135.5856252598565,35.297430789044114],[135.585730356553,35.29895223980992],[135.58528295821108,35.30125633061282],[135.58466981606935,35.302464828908],[135.584662906227,35.30318792177876]]]},"properties":{"KEY_CODE":"26213004002","PREF":"26","CITY":"213","CITY_NAME":"南丹市","S_NAME":"鶴ケ岡高野（栃原）","SETAI":"21"}},{"type":"Feature","geometry":{"type":"Polygon","coordinates":[[[135.60803919257327,35.32676465507032],[135.6083979744988,35.32736073412858],[135.60762080918548,35.33000520897669],[135.60749921305802,35.331127424244876],[135.604718887921,35.33005324572662],[135.60244777482015,35.32975925318202],[135.600383006682,35.329177514172805],[135.59648813922888,35.32829223897731],[135.59498648102038,35.32750894785394],[135.59491246973244,35.32678137642046],[135.59334748118883,35.32585109695965],[135.5919518337191,35.3255498173488],[135.5903637929079,35.32578463515633],[135.58612806986565,35.32554533861009],[135.58606107767568,35.3245927918875],[135.5855816299345,35.32398264665046],[135.5848169620925,35.32428525671581],[135.58332592781747,35.32416657930812],[135.5831984881465,35.32388994817344],[135.58140774412414,35.323183745891555],[135.57826358297737,35.32134777661122],[135.57728240064003,35.32094008288525],[135.5738459317228,35.318163269262584],[135.57060846347665,35.31505948287338],[135.56743096748357,35.313069578172865],[135.56595866072698,35.312138883070865],[135.56033260778472,35.30900553599707],[135.55791508377774,35.30788269256992],[135.55536403529106,35.30718515575322],[135.55303805394252,35.30640487353687],[135.5525692218622,35.30591394832646],[135.5527268145034,35.30304726279326],[135.5511455092965,35.30174939115982],[135.5495332898155,35.301015822357954],[135.54437881913594,35.29962730912358],[135.54539408131254,35.29898015950582],[135.5457788290287,35.298810412399526],[135.54630082622222,35.298666532090834],[135.54650559217438,35.29860054249261],[135.54721677207115,35.298419971861314],[135.5478423177385,35.29812143318269],[135.54824940928913,35.2978833552625],[135.54839247102467,35.29793247066446],[135.5486343568939,35.29805279198157],[135.5489851134028,35.29819907536879],[135.550204948497,35.29867705204057],[135.55287533694883,35.29998768866802],[135.55531029586584,35.30084757487093],[135.55633443258537,35.30105367162349],[135.5606454434379,35.300677254178744],[135.56769878825685,35.30109407866721],[135.5696403111733,35.30135617069576],[135.57528293181286,35.30249837281204],[135.584662906227,35.30318792177876],[135.58507787623756,35.30372027132226],[135.58707662745422,35.30393862957679],[135.5887915771092,35.30472819322765],[135.59035061049377,35.30512205154434],[135.59125027058275,35.30646003553238],[135.5923735015386,35.307149234880065],[135.59733108889108,35.30940010445582],[135.59882200573932,35.31023445343072],[135.59938528075415,35.31077257377113],[135.59977791033367,35.311778867199536],[135.60097188607608,35.31271869098149],[135.60253958749837,35.31464951535913],[135.60132440980448,35.31754880506029],[135.60176789409965,35.31863377899876],[135.6015203025158,35.32062952628475],[135.60109002747797,35.321461502092774],[135.60204896243982,35.32188336861569],[135.60191538712934,35.3234099071052],[135.60229401726704,35.3240364245857],[135.60425929902422,35.324436053459834],[135.6073344888547,35.325903025914364],[135.60803919257327,35.32676465507032]]]},"properties":{"KEY_CODE":"26213004003","PREF":"26","CITY":"213","CITY_NAME":"南丹市","S_NAME":"鶴ケ岡高野（砂木）","SETAI":"38"}},{"type":"Feature","geometry":{"type":"Polygon","coordinates":[[[135.5551802635165,35.31671652660093],[135.55349391564351,35.31777307118254],[135.54885284651195,35.32097698149507],[135.54720634983494,35.32201176377802],[135.5458392693262,35.321246890460515],[135.5441673703372,35.31995291026055],[135.54278729941052,35.31945887440075],[135.53967715778705,35.31773684337765],[135.53743694285885,35.31624457054489],[135.53089019962297,35.31194380303996],[135.52514782255528,35.311308990865854],[135.52445931020466,35.309968352989685],[135.5244529055961,35.3090244684595],[135.5254586068977,35.306857320814856],[135.5261232655768,35.30620676888946],[135.5267071191997,35.30383578645602],[135.5291985548292,35.30162687009002],[135.52950705844327,35.30084842103176],[135.53098734001136,35.29997832989579],[135.53211495317333,35.29981467446776],[135.5342884580926,35.30047328942949],[135.53574755141273,35.30056136741838],[135.53819284028992,35.299992210722934],[135.5394524782038,35.29989645274886],[135.54212487373692,35.30037540186618],[135.5435873539902,35.30009840064],[135.54437881913594,35.29962730912358],[135.5495332898155,35.301015822357954],[135.5511455092965,35.30174939115982],[135.5527268145034,35.30304726279326],[135.5525692218622,35.30591394832646],[135.55303805394252,35.30640487353687],[135.55536403529106,35.30718515575322],[135.55791508377774,35.30788269256992],[135.56033260778472,35.30900553599707],[135.56595866072698,35.312138883070865],[135.56466365828146,35.312157454793365],[135.5623385440271,35.31268084825652],[135.55762668293022,35.31443639601665],[135.5559908097371,35.31552937038891],[135.5551802635165,35.31671652660093]]]},"properties":{"KEY_CODE":"26213004004","PREF":"26","CITY":"213","CITY_NAME":"南丹市","S_NAME":"鶴ケ岡鶴ケ岡（棚）","SETAI":"17"}},{"type":"Feature","geometry":{"type":"Polygon","coordinates":[[[135.55599548523227,35.32300207896316],[135.5552869284013,35.32124468413563],[135.5551802635165,35.31671652660093],[135.5559908097371,35.31552937038891],[135.55762668293022,35.31443639601665],[135.5623385440271,35.31268084825652],[135.56466365828146,35.312157454793365],[135.56595866072698,35.312138883070865],[135.56743096748357,35.313069578172865],[135.5662498652062,35.314466301461316],[135.56404572574547,35.316443094439535],[135.5616793716804,35.31756934111193],[135.5601694342733,35.318631086650015],[135.559858806321,35.319367492843426],[135.56000030657896,35.32043403057163],[135.55969834477636,35.32098989427811],[135.55812174469958,35.32114551018785],[135.557102141702,35.32059477740028],[135.55669967126596,35.322096785303],[135.55599548523227,35.32300207896316]]]},"properties":{"KEY_CODE":"26213004005","PREF":"26","CITY":"213","CITY_NAME":"南丹市","S_NAME":"鶴ケ岡鶴ケ岡（川合）","SETAI":"15"}},{"type":"Feature","geometry":{"type":"Polygon","coordinates":[[[135.572238723759,35.32471437132603],[135.56901197135176,35.325407847950835],[135.56703091434247,35.325958203470826],[135.56380669591468,35.32717144593598],[135.5597207773643,35.32912693275534],[135.5588253462912,35.327133485249036],[135.55752195112245,35.32503728615115],[135.55599548523227,35.32300207896316],[135.55669967126596,35.322096785303],[135.557102141702,35.32059477740028],[135.55812174469958,35.32114551018785],[135.55969834477636,35.32098989427811],[135.56000030657896,35.32043403057163],[135.559858806321,35.319367492843426],[135.5601694342733,35.318631086650015],[135.5616793716804,35.31756934111193],[135.56404572574547,35.316443094439535],[135.5662498652062,35.314466301461316],[135.56743096748357,35.313069578172865],[135.57060846347665,35.31505948287338],[135.5738459317228,35.318163269262584],[135.57728240064003,35.32094008288525],[135.57826358297737,35.32134777661122],[135.57575386407848,35.323170607429795],[135.57425370066252,35.32402938631299],[135.572238723759,35.32471437132603]]]},"properties":{"KEY_CODE":"26213004006","PREF":"26","CITY":"213","CITY_NAME":"南丹市","S_NAME":"鶴ケ岡鶴ケ岡（殿）","SETAI":"28"}},{"type":"Feature","geometry":{"type":"Polygon","coordinates":[[[135.5597207773643,35.32912693275534],[135.55920623643124,35.33023243368066],[135.55767099795582,35.33114368036727],[135.5550326741672,35.331656322640754],[135.55399507214324,35.332546796806874],[135.55342531755548,35.330653654080244],[135.55194259338938,35.328280701191076],[135.54978108313074,35.325141259652334],[135.54720634983494,35.32201176377802],[135.54885284651195,35.32097698149507],[135.55349391564351,35.31777307118254],[135.5551802635165,35.31671652660093],[135.5552869284013,35.32124468413563],[135.55599548523227,35.32300207896316],[135.55752195112245,35.32503728615115],[135.5588253462912,35.327133485249036],[135.5597207773643,35.32912693275534]]]},"properties":{"KEY_CODE":"26213004007","PREF":"26","CITY":"213","CITY_NAME":"南丹市","S_NAME":"鶴ケ岡鶴ケ岡（舟津）","SETAI":"11"}},{"type":"Feature","geometry":{"type":"Polygon","coordinates":[[[135.5468977051506,35.34157499047431],[135.54528510245436,35.339039817599804],[135.54389177697,35.33709888452441],[135.54098992985237,35.33332656533234],[135.54074656070418,35.33266369886008],[135.54080749464612,35.331399888267],[135.54121684761472,35.32976247707371],[135.54102789783641,35.32797125937116],[135.53985349074347,35.32549446766885],[135.53910261289795,35.32336961842002],[135.53831504227244,35.3202944309134],[135.53743527675505,35.31741981838583],[135.53743694285885,35.31624457054489],[135.53967715778705,35.31773684337765],[135.54278729941052,35.31945887440075],[135.5441673703372,35.31995291026055],[135.5458392693262,35.321246890460515],[135.54720634983494,35.32201176377802],[135.54978108313074,35.325141259652334],[135.55194259338938,35.328280701191076],[135.55342531755548,35.330653654080244],[135.55399507214324,35.332546796806874],[135.5528784186447,35.3334395069672],[135.54937633282506,35.335841871465995],[135.54850591882078,35.33676460367877],[135.5474184244301,35.33876566146584],[135.5468977051506,35.34157499047431]]]},"properties":{"KEY_CODE":"26213004008","PREF":"26","CITY":"213","CITY_NAME":"南丹市","S_NAME":"鶴ケ岡豊郷（松尾）","SETAI":"11"}},{"type":"Feature","geometry":{"type":"Polygon","coordinates":[[[135.54074656070418,35.33266369886008],[135.53903094675155,35.33227236613736],[135.53724945197234,35.33210504586292],[135.53443640892752,35.3316349575669],[135.53215030459012,35.33165551741438],[135.528175101257,35.33130800170364],[135.52607706975581,35.33142459846094],[135.52094620174222,35.33106400531083],[135.51606287057066,35.331275763312135],[135.51313016412323,35.331004922019275],[135.51084518136958,35.33100246638946],[135.5079080721393,35.33082175753141],[135.50429365735752,35.330981714885645],[135.50188547960508,35.33068148498591],[135.4995802936828,35.330720421904275],[135.5005146102628,35.32975383463346],[135.5008770960416,35.328487430924184],[135.50190205202736,35.32726259752448],[135.50203955578039,35.32667930264735],[135.50208955337084,35.32642937266673],[135.5026057235136,35.32550665288227],[135.50273310482862,35.32538203812221],[135.50288347800827,35.32524251678376],[135.5030866606733,35.32504560800226],[135.50318387768945,35.32493551607773],[135.50341369259186,35.32473920944458],[135.503989833242,35.32421453786813],[135.5057240658805,35.32385135127895],[135.50679994914455,35.32298603589383],[135.50970160784388,35.32164572933457],[135.51096223383368,35.319895729354684],[135.5115481902517,35.31862235908787],[135.51175216410428,35.31721406767183],[135.51240455995702,35.31558878522834],[135.5136052353216,35.31415555212759],[135.51521990726962,35.31357224980251],[135.5163563876735,35.31378868816111],[135.51825452301136,35.31337196344697],[135.51924971026955,35.31341556308235],[135.5206443398929,35.31386417892063],[135.52348351218353,35.31219857292095],[135.5249841628315,35.31169130185891],[135.52514782255528,35.311308990865854],[135.53089019962297,35.31194380303996],[135.53743694285885,35.31624457054489],[135.53743527675505,35.31741981838583],[135.53831504227244,35.3202944309134],[135.53910261289795,35.32336961842002],[135.53985349074347,35.32549446766885],[135.54102789783641,35.32797125937116],[135.54121684761472,35.32976247707371],[135.54080749464612,35.331399888267],[135.54074656070418,35.33266369886008]]]},"properties":{"KEY_CODE":"26213004009","PREF":"26","CITY":"213","CITY_NAME":"南丹市","S_NAME":"鶴ケ岡豊郷（神谷）","SETAI":"12"}},{"type":"Feature","geometry":{"type":"Polygon","coordinates":[[[135.54528813004012,35.34240748425407],[135.54098048898865,35.34494319857083],[135.53431409188752,35.33819357664877],[135.53104193262706,35.337497946451535],[135.52531675353345,35.336893399950576],[135.52184619896929,35.33692270095314],[135.51521932156146,35.336176948617165],[135.51219733788108,35.33603897682767],[135.51055550978242,35.335830317873],[135.50771836319984,35.33585604195671],[135.5063008477637,35.33556378010503],[135.49858776470424,35.3333823711501],[135.49737886887036,35.33286843237662],[135.4983772629443,35.33205346856379],[135.4995802936828,35.330720421904275],[135.50188547960508,35.33068148498591],[135.50429365735752,35.330981714885645],[135.5079080721393,35.33082175753141],[135.51084518136958,35.33100246638946],[135.51313016412323,35.331004922019275],[135.51606287057066,35.331275763312135],[135.52094620174222,35.33106400531083],[135.52607706975581,35.33142459846094],[135.528175101257,35.33130800170364],[135.53215030459012,35.33165551741438],[135.53443640892752,35.3316349575669],[135.53724945197234,35.33210504586292],[135.53903094675155,35.33227236613736],[135.54074656070418,35.33266369886008],[135.54098992985237,35.33332656533234],[135.54389177697,35.33709888452441],[135.54528510245436,35.339039817599804],[135.5468977051506,35.34157499047431],[135.54528813004012,35.34240748425407]]]},"properties":{"KEY_CODE":"26213004010","PREF":"26","CITY":"213","CITY_NAME":"南丹市","S_NAME":"鶴ケ岡豊郷（名島）","SETAI":"10"}},{"type":"Feature","geometry":{"type":"Polygon","coordinates":[[[135.54098048898865,35.34494319857083],[135.53802291754744,35.34688714452977],[135.5369598060822,35.34780397725081],[135.53599142418219,35.34904009030103],[135.53511359656667,35.35125079359789],[135.5340679831497,35.3546543162369],[135.5334405896406,35.35623986998084],[135.53295443715862,35.35889208529543],[135.5325347459257,35.36016750927466],[135.53171707752014,35.364549853523066],[135.53175813656853,35.36540999565194],[135.53135224562965,35.36810977841904],[135.53072572016265,35.36983724262957],[135.53067373475565,35.36983232276711],[135.52928122825043,35.36970987325149],[135.52871057530118,35.369322660636826],[135.52766157022342,35.36930737321175],[135.52485590967137,35.370038063669774],[135.52410789190324,35.37007463053549],[135.52306210917106,35.36969058692755],[135.52181222632075,35.36974051342708],[135.52093733486856,35.368907289937276],[135.51916248949507,35.36762408566189],[135.51817512594047,35.36660757097143],[135.5180501329092,35.366365880164246],[135.51723771333036,35.36574095974757],[135.51660288976004,35.36491780027221],[135.5159853720178,35.364744696156265],[135.5146846309958,35.36434694579802],[135.51352947565934,35.36459257834183],[135.51263908259173,35.36472553678554],[135.51166031267599,35.36452813407899],[135.51044604340976,35.363049837290355],[135.5091136823723,35.36261611335164],[135.5076138326693,35.36207443538361],[135.50610151437718,35.36160775653145],[135.50483916775582,35.36102449596481],[135.50422672312655,35.36077452356941],[135.50302684753746,35.36094112947883],[135.50151451260965,35.360849398970416],[135.50003967345,35.35993283316293],[135.49975216659257,35.35899125087051],[135.50082701376104,35.356250017380866],[135.50121445880455,35.355450166092815],[135.50191467556013,35.354859060394034],[135.50348728999606,35.35435752365069],[135.50446892065307,35.35372946073662],[135.5054819992609,35.35267617494396],[135.5056491876701,35.35069190472702],[135.50605505661926,35.34980745841794],[135.50599215978806,35.349470448937346],[135.50382888014974,35.34862272977222],[135.50318023631797,35.34849605229851],[135.5008995908284,35.34797264976112],[135.5002010186223,35.34773364045395],[135.4998157825841,35.34680889803893],[135.49920931491013,35.34650061849622],[135.49894511068234,35.34604467358648],[135.49896829355214,35.345796606833645],[135.4995797521778,35.34494056866549],[135.49960635650146,35.34470878472303],[135.49932534443613,35.34435207152615],[135.49907804237571,35.344139857661595],[135.49895112196316,35.343289154086385],[135.4985898562307,35.34293724619709],[135.49822040852055,35.34237925472815],[135.49831477360144,35.341485316225835],[135.49910218779476,35.34115204918198],[135.49990211294272,35.34058545953194],[135.49868972082683,35.33999390424364],[135.49861473086426,35.339693886162486],[135.49856476230477,35.339077364574216],[135.4983522819678,35.33832742538519],[135.49852726955982,35.33736093675712],[135.49818980013933,35.336994336625594],[135.4980398257139,35.33674435534945],[135.49800229486442,35.33498626277049],[135.49736488079887,35.33374480541484],[135.49730235367886,35.333236544533634],[135.49737886887036,35.33286843237662],[135.49858776470424,35.3333823711501],[135.5063008477637,35.33556378010503],[135.50771836319984,35.33585604195671],[135.51055550978242,35.335830317873],[135.51219733788108,35.33603897682767],[135.51521932156146,35.336176948617165],[135.52184619896929,35.33692270095314],[135.52531675353345,35.336893399950576],[135.53104193262706,35.337497946451535],[135.53431409188752,35.33819357664877],[135.54098048898865,35.34494319857083]]]},"properties":{"KEY_CODE":"26213004011","PREF":"26","CITY":"213","CITY_NAME":"南丹市","S_NAME":"鶴ケ岡豊郷（洞）","SETAI":"21"}},{"type":"Feature","geometry":{"type":"Polygon","coordinates":[[[135.54791248985393,35.34108603461158],[135.5468977051506,35.34157499047431],[135.5474184244301,35.33876566146584],[135.54850591882078,35.33676460367877],[135.54937633282506,35.335841871465995],[135.5528784186447,35.3334395069672],[135.55399507214324,35.332546796806874],[135.5550326741672,35.331656322640754],[135.55767099795582,35.33114368036727],[135.55920623643124,35.33023243368066],[135.5597207773643,35.32912693275534],[135.56380669591468,35.32717144593598],[135.56703091434247,35.325958203470826],[135.56901197135176,35.325407847950835],[135.572238723759,35.32471437132603],[135.57178256411873,35.32619226767141],[135.57121378442199,35.327146948303145],[135.57038668190594,35.329472450887316],[135.5696555545984,35.33094209179665],[135.5678413544634,35.332604838095364],[135.56930970747132,35.334140951668054],[135.57010407821969,35.3371031635266],[135.56716219199237,35.33586150355734],[135.56446728456433,35.33521488578908],[135.5617156361575,35.335176651157795],[135.55804312108637,35.335969375058205],[135.5550869836634,35.33732620178413],[135.5516886645871,35.33871470711087],[135.54791248985393,35.34108603461158]]]},"properties":{"KEY_CODE":"26213004012","PREF":"26","CITY":"213","CITY_NAME":"南丹市","S_NAME":"鶴ケ岡盛郷（田土）","SETAI":"14"}},{"type":"Feature","geometry":{"type":"Polygon","coordinates":[[[135.57322231283447,35.33868909109103],[135.57010407821969,35.3371031635266],[135.56930970747132,35.334140951668054],[135.5678413544634,35.332604838095364],[135.5696555545984,35.33094209179665],[135.57038668190594,35.329472450887316],[135.57121378442199,35.327146948303145],[135.57178256411873,35.32619226767141],[135.572238723759,35.32471437132603],[135.57425370066252,35.32402938631299],[135.57575386407848,35.323170607429795],[135.57826358297737,35.32134777661122],[135.58140774412414,35.323183745891555],[135.5831984881465,35.32388994817344],[135.58332592781747,35.32416657930812],[135.58103486369487,35.32615505381094],[135.57927542599847,35.32725469207373],[135.57824312425214,35.327539997015904],[135.5733499324345,35.33026266506559],[135.57255904426495,35.33125586625398],[135.5716526904668,35.33351116534222],[135.5716811987824,35.334642095672464],[135.57203853840218,35.33580559640313],[135.57312370353566,35.33787248785558],[135.57322231283447,35.33868909109103]]]},"properties":{"KEY_CODE":"26213004013","PREF":"26","CITY":"213","CITY_NAME":"南丹市","S_NAME":"鶴ケ岡盛郷（吉田）","SETAI":"10"}},{"type":"Feature","geometry":{"type":"Polygon","coordinates":[[[135.5975280414773,35.372501158689445],[135.5961376971811,35.36984539246187],[135.59558016900496,35.36824659852935],[135.5947708092203,35.366730624761104],[135.5945758846646,35.36561731923809],[135.59371453383474,35.36287935591777],[135.59296864847812,35.36003184954222],[135.59236333779975,35.35886097544098],[135.59214096160343,35.35774687316407],[135.59053876877272,35.35437635012291],[135.5888419310963,35.35219489809517],[135.58725945853632,35.35076386728591],[135.58198662109703,35.34718049370945],[135.5795602015397,35.34493763104454],[135.579357435949,35.34456988971759],[135.57843540381938,35.343118179921106],[135.57690954229378,35.34162562953543],[135.57624422518458,35.3405658546398],[135.57322231283447,35.33868909109103],[135.57312370353566,35.33787248785558],[135.57203853840218,35.33580559640313],[135.5716811987824,35.334642095672464],[135.5716526904668,35.33351116534222],[135.57255904426495,35.33125586625398],[135.5733499324345,35.33026266506559],[135.57824312425214,35.327539997015904],[135.57927542599847,35.32725469207373],[135.58103486369487,35.32615505381094],[135.58332592781747,35.32416657930812],[135.5848169620925,35.32428525671581],[135.5855816299345,35.32398264665046],[135.58606107767568,35.3245927918875],[135.58612806986565,35.32554533861009],[135.5903637929079,35.32578463515633],[135.5919518337191,35.3255498173488],[135.59334748118883,35.32585109695965],[135.59491246973244,35.32678137642046],[135.59498648102038,35.32750894785394],[135.59648813922888,35.32829223897731],[135.600383006682,35.329177514172805],[135.60244777482015,35.32975925318202],[135.604718887921,35.33005324572662],[135.60749921305802,35.331127424244876],[135.6086318851625,35.333073311794074],[135.61010252903108,35.33421168772284],[135.61240880160082,35.335685002677074],[135.61473293822098,35.337763833441805],[135.6154164890793,35.33856762668801],[135.61587681805253,35.3404020478052],[135.616763365147,35.34156435990551],[135.61672998688587,35.34264256498503],[135.61729144518335,35.343487926422085],[135.61746454166604,35.34451755592609],[135.61736198063736,35.34827404862464],[135.61775166211632,35.349724707275136],[135.6174404980599,35.35115569096274],[135.61701232464694,35.351873279748496],[135.61707836985187,35.35289383479722],[135.61833262146635,35.35418487482461],[135.61844127769623,35.35518237263974],[135.61935767643013,35.35605487817413],[135.62093033729874,35.35895852856599],[135.62116385522177,35.36052456667306],[135.62021160088085,35.36125205807345],[135.6203066886941,35.36212198862798],[135.6197213600144,35.363128942612136],[135.61853082102732,35.36332230797725],[135.6177078178027,35.364424129704155],[135.6168281944315,35.364751835296055],[135.6149241801548,35.364560231164326],[135.61423248269588,35.36483344441833],[135.61321832398826,35.36664480994854],[135.61223719338213,35.367464884480896],[135.61145684969154,35.36754181229593],[135.6103948783926,35.367666205969876],[135.6094199695298,35.36931597600128],[135.60782002980244,35.37011585525166],[135.60689502528083,35.3716657514645],[135.60454509390917,35.37144916061125],[135.60299513887858,35.37212415821112],[135.6003577782285,35.37124090606545],[135.599782978995,35.3712682534734],[135.59930779867358,35.37198255624814],[135.5975280414773,35.372501158689445]]]},"properties":{"KEY_CODE":"26213004014","PREF":"26","CITY":"213","CITY_NAME":"南丹市","S_NAME":"鶴ケ岡盛郷（林）","SETAI":"16"}},{"type":"Feature","geometry":{"type":"Polygon","coordinates":[[[135.579357435949,35.34456988971759],[135.57820253847407,35.344535032061685],[135.57319737428884,35.34381886153428],[135.572440403395,35.343524789829594],[135.5698168270085,35.34310644101555],[135.56679970374913,35.34285698057754],[135.56266525905983,35.34222757608036],[135.56161756516548,35.34226182279641],[135.55852492100607,35.34272843032308],[135.5560828765605,35.34277262488147],[135.55338263528589,35.34262117327429],[135.54992900880393,35.341935968840055],[135.54791248985393,35.34108603461158],[135.5516886645871,35.33871470711087],[135.5550869836634,35.33732620178413],[135.55804312108637,35.335969375058205],[135.5617156361575,35.335176651157795],[135.56446728456433,35.33521488578908],[135.56716219199237,35.33586150355734],[135.57010407821969,35.3371031635266],[135.57322231283447,35.33868909109103],[135.57624422518458,35.3405658546398],[135.57690954229378,35.34162562953543],[135.57843540381938,35.343118179921106],[135.579357435949,35.34456988971759]]]},"properties":{"KEY_CODE":"26213004015","PREF":"26","CITY":"213","CITY_NAME":"南丹市","S_NAME":"鶴ケ岡福居（庄田）","SETAI":"7"}},{"type":"Feature","geometry":{"type":"Polygon","coordinates":[[[135.579357435949,35.34456988971759],[135.5795602015397,35.34493763104454],[135.58198662109703,35.34718049370945],[135.58725945853632,35.35076386728591],[135.5888419310963,35.35219489809517],[135.59053876877272,35.35437635012291],[135.58971160632,35.35439673502806],[135.58607979866753,35.3537450903048],[135.58312097388358,35.35284232481686],[135.58120565951455,35.35258123620468],[135.57722615628353,35.35171535068236],[135.5718965491784,35.350288804054],[135.56891159374737,35.349362264233136],[135.56379907753194,35.34800965179924],[135.56201225568935,35.347367943471724],[135.55833250513797,35.346578277716105],[135.5528993095406,35.345034646097794],[135.54888272216056,35.343240086685775],[135.5471784253975,35.34203553149246],[135.5468977051506,35.34157499047431],[135.54791248985393,35.34108603461158],[135.54992900880393,35.341935968840055],[135.55338263528589,35.34262117327429],[135.5560828765605,35.34277262488147],[135.55852492100607,35.34272843032308],[135.56161756516548,35.34226182279641],[135.56266525905983,35.34222757608036],[135.56679970374913,35.34285698057754],[135.5698168270085,35.34310644101555],[135.572440403395,35.343524789829594],[135.57319737428884,35.34381886153428],[135.57820253847407,35.344535032061685],[135.579357435949,35.34456988971759]]]},"properties":{"KEY_CODE":"26213004016","PREF":"26","CITY":"213","CITY_NAME":"南丹市","S_NAME":"鶴ケ岡福居（脇）","SETAI":"5"}},{"type":"Feature","geometry":{"type":"Polygon","coordinates":[[[135.57438171203623,35.37447331712942],[135.57262417718817,35.37019986861851],[135.57112443290018,35.367578025013444],[135.56996828595106,35.36526040074215],[135.5685889518094,35.36300380113246],[135.56720907062885,35.36133477147101],[135.56564063612004,35.359004541972496],[135.56480489311502,35.358052613664384],[135.56297348497566,35.35546577403676],[135.5605834874414,35.3530427991566],[135.55908680306842,35.35209336593894],[135.55821132915352,35.35130187700215],[135.55525801870633,35.34912152445429],[135.55245842924714,35.347616941427376],[135.55084033712777,35.347133215917154],[135.54665235239287,35.34635665309592],[135.54607148871463,35.34589441858025],[135.54528813004012,35.34240748425407],[135.5468977051506,35.34157499047431],[135.5471784253975,35.34203553149246],[135.54888272216056,35.343240086685775],[135.5528993095406,35.345034646097794],[135.55833250513797,35.346578277716105],[135.56201225568935,35.347367943471724],[135.56379907753194,35.34800965179924],[135.56891159374737,35.349362264233136],[135.5718965491784,35.350288804054],[135.57722615628353,35.35171535068236],[135.58120565951455,35.35258123620468],[135.58312097388358,35.35284232481686],[135.58607979866753,35.3537450903048],[135.58971160632,35.35439673502806],[135.59053876877272,35.35437635012291],[135.59214096160343,35.35774687316407],[135.59236333779975,35.35886097544098],[135.59296864847812,35.36003184954222],[135.59371453383474,35.36287935591777],[135.5945758846646,35.36561731923809],[135.5947708092203,35.366730624761104],[135.59558016900496,35.36824659852935],[135.5961376971811,35.36984539246187],[135.5975280414773,35.372501158689445],[135.59554539883834,35.372974174205986],[135.5948704206721,35.37269917815583],[135.59424548564368,35.37109101975172],[135.5936080408523,35.370441068536714],[135.59144560828938,35.369799459972285],[135.59074563780854,35.3688912816262],[135.589864039837,35.36831903030943],[135.5886827908042,35.36857088640959],[135.58790608015184,35.36827594292438],[135.586833318276,35.36910792475352],[135.58565832749125,35.36925787205395],[135.5837208949769,35.37050772726091],[135.58278338033224,35.37203254308952],[135.58080840301594,35.37344074361089],[135.58009587621135,35.373624056934005],[135.5800334538645,35.37433890909612],[135.57899586510408,35.3750655245262],[135.5768834088794,35.37481557810877],[135.5757785061991,35.37517841006796],[135.57438171203623,35.37447331712942]]]},"properties":{"KEY_CODE":"26213004017","PREF":"26","CITY":"213","CITY_NAME":"南丹市","S_NAME":"鶴ケ岡福居（熊壁）","SETAI":"8"}},{"type":"Feature","geometry":{"type":"Polygon","coordinates":[[[135.53434824212042,35.37741492131528],[135.5343230511999,35.37728707889049],[135.53393580888203,35.376098343781045],[135.53418577116466,35.37523177662233],[135.5346343534858,35.37376928676621],[135.53457039603674,35.373587281514084],[135.53414037704087,35.37300929286681],[135.53431081129798,35.37244882570596],[135.5343608024354,35.37139057471483],[135.53416083068973,35.37114896090423],[135.53329843445096,35.37103225803894],[135.53277348485827,35.370857275323175],[135.5326235336308,35.37050733245225],[135.5320736147991,35.36996570209297],[135.53072572016265,35.36983724262957],[135.53135224562965,35.36810977841904],[135.53175813656853,35.36540999565194],[135.53171707752014,35.364549853523066],[135.5325347459257,35.36016750927466],[135.53295443715862,35.35889208529543],[135.5334405896406,35.35623986998084],[135.5340679831497,35.3546543162369],[135.53511359656667,35.35125079359789],[135.53599142418219,35.34904009030103],[135.5369598060822,35.34780397725081],[135.53802291754744,35.34688714452977],[135.54098048898865,35.34494319857083],[135.54528813004012,35.34240748425407],[135.54607148871463,35.34589441858025],[135.54665235239287,35.34635665309592],[135.55084033712777,35.347133215917154],[135.55245842924714,35.347616941427376],[135.55525801870633,35.34912152445429],[135.55821132915352,35.35130187700215],[135.55908680306842,35.35209336593894],[135.5605834874414,35.3530427991566],[135.56297348497566,35.35546577403676],[135.56480489311502,35.358052613664384],[135.56564063612004,35.359004541972496],[135.56720907062885,35.36133477147101],[135.5685889518094,35.36300380113246],[135.56996828595106,35.36526040074215],[135.57112443290018,35.367578025013444],[135.57262417718817,35.37019986861851],[135.57438171203623,35.37447331712942],[135.57245849985358,35.37462388277955],[135.5715585169287,35.37431557155028],[135.5704210629039,35.37493217459052],[135.56898699766714,35.37516497129723],[135.5681125701358,35.37485559842551],[135.56658369463773,35.37604864648002],[135.56595870031475,35.37721519502029],[135.5642741645543,35.37759639888155],[135.56273233770906,35.377149588934905],[135.56189577957394,35.37659503038895],[135.56062324366872,35.37677844973317],[135.55943063790997,35.37635793560413],[135.55881123504705,35.37644589629451],[135.5575244791973,35.377564429307945],[135.55684399265263,35.37761708658613],[135.55488320045293,35.377040842923186],[135.55330705675323,35.37783482394146],[135.5514050891237,35.37770492747237],[135.55040841926206,35.37676112385094],[135.5493226632044,35.376972656964874],[135.5479267662565,35.37674683934617],[135.5452654863327,35.37708794515408],[135.5444349004989,35.37690673582852],[135.5402227251342,35.37659838991944],[135.5363480425251,35.376739981558984],[135.53434824212042,35.37741492131528]]]},"properties":{"KEY_CODE":"26213004018","PREF":"26","CITY":"213","CITY_NAME":"南丹市","S_NAME":"鶴ケ岡福居（山森）","SETAI":"7"}},{"type":"Feature","geometry":{"type":"Polygon","coordinates":[[[135.52450702878465,35.28246818553723],[135.52296443278112,35.28366052928642],[135.5225525066289,35.28298135648272],[135.5222373990677,35.281507262171516],[135.5221120655921,35.2806697777024],[135.52198417843894,35.28003383779441],[135.5219061512064,35.279368093060235],[135.52184073698896,35.27868239687281],[135.52188897061092,35.27781644709807],[135.52222644262534,35.274666632562365],[135.52221608198195,35.27354827703135],[135.52234398962852,35.27226011256355],[135.52246443499484,35.27058895800885],[135.52227533269203,35.2699020138571],[135.522131258578,35.268600947997676],[135.5221785274865,35.26684851729663],[135.5221315594801,35.265689523024236],[135.5223313226688,35.26458332845473],[135.522450820027,35.263949850807],[135.52267092601573,35.25837093142051],[135.52295420913111,35.258108729714536],[135.5232289593773,35.258190091930345],[135.52385080252083,35.25825661655972],[135.52575189353217,35.258468985482196],[135.5263413997904,35.25871572540581],[135.5267373648617,35.25892776491257],[135.52712222997022,35.25924046423904],[135.5272534488941,35.259392244997755],[135.5273833988206,35.26022360563448],[135.52754234298908,35.26068176520841],[135.52772017609433,35.261303660731535],[135.52773675422696,35.261710701608735],[135.5278545690722,35.26220637417825],[135.52813682284864,35.262582261740086],[135.52861198141585,35.263053968061655],[135.52876762727638,35.263319150415306],[135.52900960119663,35.26363825960902],[135.52927105496363,35.263959978987586],[135.52964643400992,35.26427051894045],[135.53002235391276,35.264487749313744],[135.5303844322436,35.2646407696658],[135.53070399644585,35.264758624542466],[135.53098760221692,35.26494049519013],[135.53112814798075,35.26525012464469],[135.53115129428414,35.26541366575457],[135.53130452058056,35.26629672693059],[135.5306084482993,35.269978925155264],[135.52980712597392,35.27108598746798],[135.52982683998894,35.27224397217631],[135.52844126358505,35.27361199859406],[135.52740470353473,35.277307731679],[135.52668481430447,35.278157324919626],[135.52513212370187,35.28056946895894],[135.5244945170813,35.281086908249755],[135.524989544464,35.28192760154968],[135.52450702878465,35.28246818553723]]]},"properties":{"KEY_CODE":"26213005001","PREF":"26","CITY":"213","CITY_NAME":"南丹市","S_NAME":"大野萱野","SETAI":"20"}},{"type":"Feature","geometry":{"type":"Polygon","coordinates":[[[135.5136052353216,35.31415555212759],[135.51240455995702,35.31558878522834],[135.5083213772883,35.29270885359326],[135.50823853461452,35.29052189652836],[135.50810791875074,35.289150450485614],[135.5079560006701,35.2875168043632],[135.5079379721534,35.28700285724883],[135.50786841052692,35.28474552604079],[135.50775897475663,35.28269930036773],[135.50771303910386,35.282426858841404],[135.50782066199204,35.281763067521915],[135.5078623384379,35.280463865023584],[135.50795798793587,35.279769742976605],[135.50820722825787,35.27868427046214],[135.5084744457984,35.278112815956966],[135.50903090895423,35.277181617618744],[135.50963919898348,35.27606956747092],[135.5099256039253,35.274974451460146],[135.50999332847107,35.27452176519626],[135.51032875773146,35.27251036220075],[135.51081115560723,35.27061130970532],[135.51094073855054,35.2701592928616],[135.51120381628854,35.26895301786203],[135.51141372109885,35.268028361304985],[135.51152075844865,35.265810957623884],[135.51012678378868,35.264703027278884],[135.50906649599614,35.263799874984606],[135.5088528687776,35.26354971494828],[135.50820399101977,35.26263124179242],[135.5079352430083,35.261540920672495],[135.50826899107722,35.260449722712515],[135.50930688577355,35.25977601711477],[135.51015189989994,35.259472373500934],[135.51069709132193,35.259397380622765],[135.51108399528923,35.25912935316377],[135.5114495835981,35.25859912330689],[135.51113692638668,35.25791088749081],[135.50991419708615,35.25777745184404],[135.5091774282381,35.25736694450932],[135.50887086050156,35.25716232544417],[135.5081567441603,35.25691317229255],[135.5069033753877,35.25628577169876],[135.50677430519738,35.25575052486849],[135.507054763601,35.255108625532095],[135.50763308451022,35.254389265965095],[135.50844542260205,35.25374274896116],[135.50916800134678,35.253337065006875],[135.5097643260469,35.253131645600945],[135.5104729977924,35.252846743256555],[135.51143032443747,35.252463678234996],[135.51280778463465,35.25210496193881],[135.5155306547035,35.250994394734896],[135.51613955889368,35.250768853058304],[135.51764386828862,35.25015959887936],[135.5187499967231,35.24973763013657],[135.51912434502898,35.249554739958164],[135.52086577265146,35.24870138062642],[135.52147785740766,35.24843934774442],[135.52228714567153,35.25012536020479],[135.5224353440798,35.25255146204009],[135.52321926550897,35.25419562429414],[135.52202567427662,35.25564426637683],[135.5218265528569,35.2570408326055],[135.52274870360733,35.257969187853824],[135.52267092601573,35.25837093142051],[135.522450820027,35.26394985080703],[135.5223313226688,35.26458332845473],[135.5221315594801,35.265689523024236],[135.5221785274865,35.26684851729663],[135.522131258578,35.268600947997676],[135.52227533269203,35.2699020138571],[135.52246443499484,35.27058895800885],[135.52234398962852,35.27226011256355],[135.52221608198195,35.27354827703135],[135.52222644262534,35.27466663256238],[135.52188897061092,35.27781644709807],[135.52184073698896,35.27868239687281],[135.5219061512064,35.279368093060235],[135.52198417843894,35.28003383779441],[135.5221120655921,35.2806697777024],[135.5222373990677,35.281507262171516],[135.5225525066289,35.28298135648272],[135.52287732806312,35.283699906108076],[135.52255217910547,35.283968631071836],[135.52241065917013,35.284390336686194],[135.52234473123656,35.28474388784475],[135.52217211845843,35.285187583905135],[135.52187475482086,35.285865443054064],[135.52184772429777,35.28602977692692],[135.52162884935953,35.286438079255426],[135.52154506703297,35.28672352632577],[135.52144596034412,35.286949474421846],[135.52129336731315,35.28743521231742],[135.52124870731282,35.28783771348468],[135.52131060564344,35.28841408557021],[135.52131417721486,35.28847149419342],[135.52146756196203,35.28897998840692],[135.52152644734701,35.28922789679045],[135.52151068226843,35.2898150903854],[135.52146391499272,35.28990293440897],[135.52127126829745,35.29030449914116],[135.52118080286579,35.29123111646999],[135.5212609000894,35.29139932021781],[135.52105261541124,35.29183026051439],[135.52093658689418,35.292765015905],[135.52088748789902,35.29309616079479],[135.5208260902824,35.29364958146856],[135.52071467296093,35.294097733848524],[135.52058995007656,35.294331959315535],[135.52031718898073,35.29456531886412],[135.51988084022736,35.2948270435598],[135.51933764318625,35.29505038638913],[135.51911169069976,35.29519589990664],[135.51897251810036,35.295337672566184],[135.5187709772315,35.29559659240587],[135.51861949484018,35.29596071081484],[135.51834885690536,35.296508652875445],[135.5181894517507,35.29716633101468],[135.51803620451605,35.297391990548405],[135.51733508913884,35.297943501174785],[135.51696361396137,35.29831279784382],[135.51679209415732,35.29863479225726],[135.5166938921379,35.29929700830319],[135.5166133350097,35.29964175803876],[135.51660361379948,35.29966566357427],[135.51603246289451,35.30014057084587],[135.51594098569765,35.300630840772904],[135.51578832745778,35.30111657011411],[135.5152313330211,35.30224174252541],[135.51487940132816,35.30274308330468],[135.51465106690486,35.30313188913765],[135.5144227329843,35.303520620094275],[135.51425677396776,35.30379234626242],[135.51407964776055,35.30416466052892],[135.51348583599605,35.30539867336172],[135.51346415977383,35.30547520515367],[135.51329925057686,35.30578580772215],[135.51307308836252,35.30604545947444],[135.51292148314377,35.30628569321648],[135.5127591655443,35.30654278377833],[135.51268275787976,35.30662726495998],[135.51237083650506,35.307212692933234],[135.51207377855383,35.308084303030654],[135.5119306209303,35.30839724424843],[135.51205465127916,35.30983687747061],[135.51237168225677,35.31031694894328],[135.51251946451072,35.31087577475798],[135.51275268086079,35.31211049041365],[135.5129272279166,35.31253934966856],[135.51295258699824,35.31308908550389],[135.51296582474936,35.31330307616119],[135.51317926590085,35.313937790451],[135.51328935936698,35.314169142225744],[135.5136052353216,35.31415555212759]]]},"properties":{"KEY_CODE":"26213005002","PREF":"26","CITY":"213","CITY_NAME":"南丹市","S_NAME":"大野大野","SETAI":"72"}},{"type":"Feature","geometry":{"type":"Polygon","coordinates":[[[135.51240455995702,35.31558878522834],[135.51175216410428,35.31721406767183],[135.5115481902517,35.31862235908787],[135.51096223383368,35.319895729354684],[135.50970160784388,35.32164572933457],[135.50679994914455,35.32298603589383],[135.5057240658805,35.32385135127895],[135.503989833242,35.32421453786813],[135.50341369259186,35.32473920944458],[135.50318387768945,35.32493551607773],[135.5030866606733,35.32504560800226],[135.50288347800827,35.32524251678376],[135.50273310482862,35.32538203812221],[135.5026057235136,35.32550665288227],[135.50263956458244,35.32544615929752],[135.5019896486953,35.323804721760986],[135.5000523466189,35.32333809083267],[135.49843995185034,35.32292143568191],[135.4973169324,35.322343905825846],[135.49631079817107,35.32187092484094],[135.495990240671,35.32057172901571],[135.49570156104716,35.3197235714526],[135.49417705187545,35.31861554112511],[135.49167547283355,35.31755902335491],[135.49168916611654,35.31651601018529],[135.49084083621295,35.31641385363436],[135.490465847455,35.31675543456108],[135.48989091030705,35.316722096233015],[135.48919097557587,35.317247015345],[135.48842852800212,35.31758026248646],[135.48775357780244,35.317355299542314],[135.48652868250807,35.31699701765293],[135.48535381918086,35.3163304253404],[135.48387897143036,35.31543051200241],[135.48234166170292,35.3138473827952],[135.48017937886382,35.312997451147865],[135.47999190937952,35.31237258257547],[135.47980443873482,35.311472652717704],[135.47897954449508,35.31036449093582],[135.47884211393352,35.30944793751881],[135.47909210791462,35.30900634825541],[135.4781297253755,35.30802314666483],[135.47770476911273,35.30748153951515],[135.476442390868,35.30669828993398],[135.47621627139398,35.30435835047665],[135.475655049337,35.30376537010345],[135.47518013595985,35.303590357616336],[135.47412676894305,35.30324529967271],[135.47432196708675,35.30287580069346],[135.4747801860896,35.30218223652455],[135.47568013955706,35.300790731246565],[135.47635508864292,35.30027414920368],[135.47690508204957,35.29935758989225],[135.47779250399194,35.29859106982416],[135.47822999331467,35.297499509992356],[135.47814256258542,35.2961580165512],[135.47796308402116,35.29605675182515],[135.47802465079087,35.29591969415894],[135.47866807945834,35.29499964777611],[135.47913968699754,35.29489378443118],[135.48002043436375,35.29473178647795],[135.48061713671964,35.29452645593007],[135.48104022922544,35.29434960625438],[135.48186040958439,35.29408614110303],[135.482109228506,35.29398804946362],[135.48264403466652,35.29378209383844],[135.4828682237944,35.29367361433834],[135.48325405249432,35.293506387133526],[135.48382610494212,35.29329079692771],[135.48560548654046,35.2925438000179],[135.48585561681588,35.292344936779415],[135.48610772900662,35.29199495688304],[135.48665851993977,35.29151716090733],[135.48732374514205,35.29080886188543],[135.48766297430427,35.29041952822854],[135.4878911489763,35.29000887776836],[135.4878930061704,35.28987036614886],[135.4879184606369,35.28981772842902],[135.48908834865867,35.28858310059376],[135.48931670846366,35.28781209761185],[135.49223185952997,35.28374216449881],[135.49309060537672,35.282993358420555],[135.49389062788833,35.28270887629585],[135.49628512008087,35.282744953271504],[135.497352433182,35.28311578482135],[135.49919793819043,35.284157083022556],[135.5004799553021,35.284666103534875],[135.50190064773668,35.284698071433226],[135.50409419797396,35.28364726600988],[135.50443560620243,35.28264119247906],[135.50452195901178,35.28025364749512],[135.50479706899543,35.27963983910473],[135.5062501004233,35.2782654028072],[135.5079030675892,35.27734127408117],[135.50903090895423,35.277181617618744],[135.5084744457984,35.278112815956966],[135.50820722825787,35.27868427046214],[135.50795798793587,35.279769742976605],[135.5078623384379,35.280463865023584],[135.50782066199204,35.281763067521915],[135.50771303910386,35.282426858841404],[135.50775897475663,35.28269930036773],[135.50786841052692,35.28474552604079],[135.5079379721534,35.28700285724883],[135.5079560006701,35.2875168043632],[135.50810791875074,35.289150450485614],[135.50823853461452,35.29052189652836],[135.5083213772883,35.29270885359326],[135.51240455995702,35.31558878522834]]]},"properties":{"KEY_CODE":"26213005003","PREF":"26","CITY":"213","CITY_NAME":"南丹市","S_NAME":"大野三埜（川谷）","SETAI":"25"}},{"type":"Feature","geometry":{"type":"Polygon","coordinates":[[[135.50903090895423,35.277181617618744],[135.5079030675892,35.27734127408117],[135.5062501004233,35.2782654028072],[135.50479706899543,35.27963983910473],[135.50452195901178,35.28025364749512],[135.50443560620243,35.28264119247906],[135.50409419797396,35.28364726600988],[135.50190064773668,35.284698071433226],[135.5004799553021,35.284666103534875],[135.49919793819043,35.284157083022556],[135.497352433182,35.28311578482135],[135.49628512008087,35.282744953271504],[135.49389062788833,35.28270887629585],[135.49309060537672,35.282993358420555],[135.49223185952997,35.28374216449881],[135.48931670846366,35.28781209761185],[135.48908834865867,35.28858310059376],[135.4879184606369,35.28981772842902],[135.4874968468111,35.27708112584238],[135.48829053376,35.27670503243335],[135.4889894947671,35.27623881733643],[135.4898627110755,35.27569382409153],[135.49112365245696,35.274830521563096],[135.49183655252705,35.27424357818707],[135.49296442376075,35.27221020600032],[135.49315843146218,35.27195052419356],[135.4935216768981,35.27122873538617],[135.493763689693,35.27069735453482],[135.4940429830189,35.27015627036127],[135.49434554465944,35.269726194666084],[135.4947551594875,35.26961966072466],[135.495094967858,35.27011677758513],[135.49565361420798,35.27090838786929],[135.49583581539898,35.27116209971352],[135.49610446755557,35.27142680418147],[135.49644830088818,35.27162181933409],[135.49674554270874,35.27159467160473],[135.49715646982634,35.27138736239891],[135.49792914960108,35.27095211138262],[135.4987616886952,35.27066857750926],[135.4989851379828,35.27061041517712],[135.4993415901272,35.270785403021364],[135.4994778961295,35.27076666813245],[135.49991143867473,35.270720777176706],[135.5001601626413,35.27062257551751],[135.50042215338536,35.270454005294454],[135.50054714393536,35.27035459002582],[135.50092150671577,35.270106622066336],[135.50153323248358,35.26967969526661],[135.50211972111566,35.26929287026832],[135.50277999278424,35.26893697856566],[135.50390235349616,35.268243388387035],[135.50471221662147,35.267798377138604],[135.50648678956813,35.266416285921025],[135.50683779123912,35.26605721419983],[135.50731380932217,35.26559871704032],[135.5084646750186,35.264613155409045],[135.50855305816546,35.26447301798957],[135.50906649599614,35.263799874984606],[135.51012678378868,35.264703027278884],[135.51152075844865,35.265810957623884],[135.51141372109885,35.268028361304985],[135.51120381628854,35.26895301786203],[135.51094073855054,35.2701592928616],[135.51081115560723,35.27061130970532],[135.51032875773146,35.27251036220075],[135.50999332847107,35.27452176519626],[135.5099256039253,35.274974451460146],[135.50963919898348,35.27606956747092],[135.50903090895423,35.277181617618744]]]},"properties":{"KEY_CODE":"26213005004","PREF":"26","CITY":"213","CITY_NAME":"南丹市","S_NAME":"大野三埜（岩江戸）","SETAI":"34"}},{"type":"Feature","geometry":{"type":"Polygon","coordinates":[[[135.5088528687776,35.26354971494828],[135.50855305816546,35.26447301798957],[135.5084646750186,35.264613155409045],[135.50731380932217,35.26559871704032],[135.50683779123912,35.26605721419983],[135.50648678956813,35.266416285921025],[135.50471221662147,35.267798377138604],[135.50390235349616,35.268243388387035],[135.50277999278424,35.26893697856566],[135.50211972111566,35.26929287026832],[135.50153323248358,35.26967969526661],[135.50092150671577,35.270106622066336],[135.50054714393536,35.27035459002582],[135.50042215338536,35.270454005294454],[135.5001601626413,35.27062257551751],[135.49991143867473,35.270720777176706],[135.4994778961295,35.27076666813245],[135.4993415901272,35.270785403021364],[135.4989851379828,35.27061041517712],[135.4987616886952,35.27066857750926],[135.49792914960108,35.27095211138262],[135.49726954337925,35.27125755066394],[135.49533675791278,35.267556156303414],[135.49469680063908,35.266589406468356],[135.49527166867935,35.265257213375556],[135.49544952181748,35.26382843891651],[135.4951180732372,35.260858738051056],[135.4944990519355,35.259965808023615],[135.493417257016,35.25758706532288],[135.49217859097308,35.25329665585107],[135.49210941895367,35.252087823621885],[135.491187549237,35.25037083204025],[135.4908731992967,35.24889667074516],[135.4907084668565,35.246396496242724],[135.49087270226082,35.2451993438538],[135.4913474213866,35.24390470358055],[135.49010910483372,35.24123218686961],[135.48912002814697,35.24028493318754],[135.48803598622493,35.238107689568565],[135.4862969127775,35.23634118978798],[135.48788041886664,35.23642364798712],[135.4880428940588,35.23585708145649],[135.48919282478354,35.235023892868874],[135.48963028106067,35.233690732724845],[135.490792750096,35.2317076457282],[135.49185513292673,35.23148264883573],[135.492767595947,35.23046609861904],[135.4936424742988,35.23100769982544],[135.4945548930204,35.2318159317956],[135.4966671753269,35.23251588778647],[135.4972545916448,35.23248253971173],[135.49990437779425,35.23271579310262],[135.50242923595184,35.232157480810045],[135.50344162226625,35.232832380679724],[135.5070412673846,35.234657125406976],[135.51001224885204,35.234740760955276],[135.51119534925922,35.23461127439906],[135.51121588328934,35.235556954364164],[135.51145333580635,35.236015246005316],[135.51296565661747,35.237773388512174],[135.51330303644517,35.23989817336279],[135.5133654351697,35.24187298305421],[135.51320292431194,35.24240629096507],[135.51317787046642,35.243631153137564],[135.512577893507,35.24453102883349],[135.51332781310583,35.245222635272434],[135.51362775656645,35.24607258016784],[135.51437769674874,35.246889107664124],[135.51459014505832,35.24794736594584],[135.5154650605641,35.248222333060184],[135.51743990937155,35.24815566545345],[135.51913420210786,35.24787750465297],[135.51975219192082,35.24783071666403],[135.52050216081966,35.24788071456777],[135.52135206022072,35.24842230341356],[135.52145386227244,35.248409957360494],[135.52147785740766,35.24843934774442],[135.52086577265146,35.24870138062642],[135.51912434502898,35.249554739958164],[135.5187499967231,35.24973763013657],[135.51764386828862,35.25015959887936],[135.51613955889368,35.250768853058304],[135.5155306547035,35.250994394734896],[135.51280778463465,35.25210496193881],[135.51143032443747,35.252463678234996],[135.5104729977924,35.252846743256555],[135.5097643260469,35.253131645600945],[135.50916800134678,35.253337065006875],[135.50844542260205,35.25374274896116],[135.50763308451022,35.254389265965095],[135.507054763601,35.255108625532095],[135.50677430519738,35.25575052486849],[135.5069033753877,35.25628577169876],[135.5081567441603,35.25691317229255],[135.50887086050156,35.25716232544417],[135.5091774282381,35.25736694450932],[135.50991419708615,35.25777745184404],[135.51113692638668,35.25791088749081],[135.5114495835981,35.25859912330689],[135.51108399528923,35.25912935316377],[135.51069709132193,35.259397380622765],[135.51015189989994,35.259472373500934],[135.50930688577355,35.25977601711477],[135.50826899107722,35.260449722712515],[135.5079352430083,35.261540920672495],[135.50820399101977,35.26263124179242],[135.5088528687776,35.26354971494828]]]},"properties":{"KEY_CODE":"26213005005","PREF":"26","CITY":"213","CITY_NAME":"南丹市","S_NAME":"大野肱谷","SETAI":"21"}},{"type":"Feature","geometry":{"type":"Polygon","coordinates":[[[135.48182860193657,35.27515652340089],[135.4815306778963,35.275233983560135],[135.48113430035636,35.27527017892102],[135.48069009109628,35.27518489988637],[135.48091825804323,35.274774254663],[135.48105798033754,35.27450372535462],[135.48116107731119,35.27419247542499],[135.481517663723,35.27343054599013],[135.48199921948552,35.272569218757894],[135.4824162888955,35.27190874144711],[135.4834923527388,35.267785286640496],[135.48458701285276,35.26504881440792],[135.48470795112783,35.26486538336561],[135.48587466671427,35.26334025908717],[135.48762942358553,35.262215911769474],[135.49011684691436,35.26196137662958],[135.49116700317808,35.26205157256955],[135.4913051809415,35.26207755567772],[135.49147069255434,35.262135728138055],[135.49152091552978,35.262139753561065],[135.49154983706293,35.26212766368606],[135.49162082404706,35.26208445902541],[135.49170959827393,35.26209894913906],[135.4917541196112,35.26212203187785],[135.49181523771173,35.26216960587185],[135.4918558856918,35.26221709449408],[135.49186009540364,35.26229863965865],[135.4928326336615,35.26284288885663],[135.49328342113813,35.263498928100574],[135.49386720218493,35.265238270471485],[135.49415606857545,35.26574862994153],[135.493601421992,35.26612195337155],[135.49316256628333,35.26657068723151],[135.49288663958333,35.26686002952236],[135.49242113988055,35.26744956431483],[135.49138711395435,35.2689398876332],[135.49040357253668,35.27035005807772],[135.48868377122693,35.271931766189894],[135.48817575108023,35.27230138623621],[135.4878013359242,35.27254931463858],[135.48708978263446,35.27303553758214],[135.48640478239315,35.2733810244983],[135.48575503800342,35.273867854213805],[135.48460715206033,35.27460137234607],[135.48376118615013,35.27495517550261],[135.48289332610645,35.27509718752018],[135.48271976158165,35.27512560310857],[135.4823107648186,35.27518174838314],[135.48182860193657,35.27515652340089]]]},"properties":{"KEY_CODE":"26213005006","PREF":"26","CITY":"213","CITY_NAME":"南丹市","S_NAME":"大野小渕","SETAI":"35"}},{"type":"Feature","geometry":{"type":"Polygon","coordinates":[[[135.49011684691436,35.26196137662958],[135.48762942358553,35.262215911769474],[135.48587466671427,35.26334025908717],[135.48470795112783,35.26486538336561],[135.48458701285276,35.26504881440792],[135.4834923527388,35.267785286640496],[135.4824162888955,35.27190874144711],[135.48199921948552,35.272569218757894],[135.481517663723,35.27343054599013],[135.48116107731119,35.27419247542499],[135.48105798033754,35.27450372535464],[135.48054463867575,35.274034911132],[135.4798159780107,35.27301982075196],[135.47845236819995,35.27138355286858],[135.4742217124293,35.26861890056256],[135.4727955546234,35.26796918902963],[135.47182892528983,35.267183215029206],[135.47107268409113,35.265472642377],[135.47081323788566,35.26361620474525],[135.47119910031748,35.26068861667048],[135.4711384873779,35.25876374761203],[135.47160190346477,35.25650192393512],[135.47164620978367,35.25505167189057],[135.47352939267128,35.251132525723406],[135.47405941280599,35.25034229659422],[135.474451794476,35.24828098246806],[135.47506196382133,35.246290252478076],[135.47552381478607,35.24536091364562],[135.4744795741435,35.24484619234574],[135.47240554175087,35.24458248714036],[135.4700283056462,35.24479916690659],[135.46706143314813,35.245523137574104],[135.46751958473843,35.244464236703145],[135.46735714061376,35.24383099240628],[135.4676196637717,35.24225616727204],[135.46803210043547,35.241806217077524],[135.46833209988355,35.241122956701],[135.46933204670503,35.24058141666825],[135.46965700598608,35.23999811900071],[135.4695695421515,35.23907323203479],[135.47011949448648,35.23882330775679],[135.47141941008928,35.23814840478244],[135.47204438057625,35.237698444803826],[135.47380667753242,35.23763178901735],[135.4766446887389,35.236437769197295],[135.4772683216418,35.23659171819203],[135.4787312490311,35.237598495670156],[135.48061857160016,35.237415163940014],[135.48194343807327,35.237348562254034],[135.48345581317025,35.23669858530331],[135.48411826517847,35.236606960948386],[135.4850182084092,35.23604035835011],[135.4862969127775,35.23634118978798],[135.48803598622493,35.238107689568565],[135.48912002814697,35.24028493318754],[135.49010910483372,35.24123218686961],[135.4913474213866,35.24390470358055],[135.49087270226082,35.2451993438538],[135.4907084668565,35.246396496242724],[135.4908731992967,35.24889667074516],[135.491187549237,35.25037083204025],[135.49210941895367,35.252087823621885],[135.49217859097308,35.25329665585107],[135.493417257016,35.25758706532288],[135.4944990519355,35.259965808023615],[135.4951180732372,35.260858738051056],[135.49544952181748,35.26382843891651],[135.49527166867935,35.265257213375556],[135.49469680063908,35.266589406468356],[135.49415606857545,35.26574862994153],[135.49386720218493,35.265238270471485],[135.49328342113813,35.263498928100574],[135.4928326336615,35.26284288885663],[135.49186009540364,35.26229863965865],[135.4918558856918,35.26221709449408],[135.49181523771173,35.26216960587185],[135.4917541196112,35.26212203187785],[135.49170959827393,35.26209894913906],[135.49162082404706,35.26208445902541],[135.49154983706293,35.26212766368606],[135.49152091552978,35.262139753561065],[135.49147069255434,35.262135728138055],[135.4913051809415,35.26207755567772],[135.49116700317808,35.26205157256955],[135.49011684691436,35.26196137662958]]]},"properties":{"KEY_CODE":"26213005007","PREF":"26","CITY":"213","CITY_NAME":"南丹市","S_NAME":"大野向山","SETAI":"18"}},{"type":"Feature","geometry":{"type":"Polygon","coordinates":[[[135.48069009109628,35.27518489988637],[135.47825139696505,35.278997526398676],[135.476740034747,35.280996470770695],[135.4750348891056,35.2835977056644],[135.472076510356,35.286457738039786],[135.47043563094675,35.2886675622399],[135.47003096771795,35.28825058639015],[135.46923101413125,35.28832554481252],[135.46704371370996,35.28785061450162],[135.4658813267377,35.286725715935084],[135.46460646606232,35.28665073535991],[135.46339404902722,35.28684235699941],[135.46248164445925,35.28595910019539],[135.4618941972793,35.28567579682042],[135.46156923677538,35.28538421763186],[135.46138176555579,35.284809235873524],[135.46099635978715,35.28450280869004],[135.46164426241253,35.2834844260767],[135.46158179937095,35.28290950589672],[135.46085688238733,35.2818012935868],[135.46049442142984,35.28024314158418],[135.45963204459977,35.27850170024062],[135.45991954857365,35.27736848767113],[135.45935709500336,35.27657690382957],[135.4590196514316,35.27610195434808],[135.4584821854897,35.27293571837321],[135.4587283860716,35.27188570183702],[135.45921432511037,35.27108337153957],[135.45905715563373,35.27059436597551],[135.45851970733275,35.27008612775037],[135.45816975204934,35.2696444989278],[135.45719485867036,35.268586277401816],[135.45660740548703,35.267228096669754],[135.45641513799183,35.266577804699374],[135.45617000756835,35.26373687298568],[135.45633248753185,35.26266204831332],[135.4560575144407,35.26129554123523],[135.45639499402859,35.260787260394494],[135.4593573398206,35.258670836981054],[135.46039480703965,35.25762930925649],[135.46148725041954,35.25647554294741],[135.46193459191028,35.25587364107909],[135.4634521514487,35.253467422671534],[135.46358220253063,35.25319644299947],[135.46457035286423,35.24958824384719],[135.46480720388428,35.249288581738625],[135.46598216280634,35.24773043894625],[135.46706143314813,35.245523137574104],[135.4700283056462,35.24479916690659],[135.47240554175087,35.24458248714036],[135.4744795741435,35.24484619234574],[135.47552381478607,35.24536091364562],[135.47506196382133,35.246290252478076],[135.474451794476,35.24828098246806],[135.47405941280599,35.25034229659422],[135.47352939267128,35.251132525723406],[135.47164620978367,35.25505167189057],[135.47160190346477,35.25650192393512],[135.4711384873779,35.25876374761203],[135.47119910031748,35.26068861667048],[135.47081323788566,35.26361620474525],[135.47107268409113,35.265472642377],[135.47182892528983,35.267183215029206],[135.4727955546234,35.26796918902963],[135.4742217124293,35.26861890056256],[135.47845236819995,35.27138355286858],[135.4798159780107,35.27301982075196],[135.48054463867575,35.274034911132],[135.48105798033754,35.27450372535464],[135.48091825804323,35.274774254663],[135.48069009109628,35.27518489988637]]]},"properties":{"KEY_CODE":"26213005008","PREF":"26","CITY":"213","CITY_NAME":"南丹市","S_NAME":"大野樫原","SETAI":"23"}},{"type":"Feature","geometry":{"type":"Polygon","coordinates":[[[135.4874968468111,35.27708112584238],[135.48791846063696,35.289817728429036],[135.4878930061704,35.28987036614886],[135.4878911489763,35.29000887776836],[135.48766297430427,35.29041952822854],[135.48732374514205,35.29080886188543],[135.48665851993977,35.29151716090733],[135.48610772900662,35.29199495688304],[135.48585561681588,35.292344936779415],[135.48560548654046,35.2925438000179],[135.48382610494212,35.29329079692771],[135.48325405249432,35.293506387133526],[135.4828682237944,35.29367361433834],[135.48264403466652,35.29378209383844],[135.482109228506,35.29398804946362],[135.48186040958439,35.29408614110303],[135.48104022922544,35.29434960625438],[135.48061713671964,35.29452645593007],[135.48002043436375,35.29473178647795],[135.47913968699754,35.29489378443118],[135.47866807945834,35.29499964777611],[135.47802465079087,35.29591969415894],[135.4778175832184,35.29597471800778],[135.47748008893817,35.295908054718666],[135.47726766186727,35.295233131835204],[135.47600526610802,35.294499878892786],[135.47499289578812,35.293433329709295],[135.47503039089207,35.292766735085415],[135.4743929694175,35.29270010339787],[135.47338054918202,35.292033462391906],[135.47294314797125,35.29062530009778],[135.47198072003866,35.29005034159327],[135.47095581982617,35.28937546179068],[135.47043563094675,35.2886675622399],[135.472076510356,35.286457738039786],[135.4750348891056,35.2835977056644],[135.476740034747,35.280996470770695],[135.47825139696505,35.278997526398676],[135.48069009109628,35.27518489988637],[135.48113430035636,35.27527017892102],[135.4815306778963,35.275233983560135],[135.48182860193657,35.27515652340089],[135.4823107648186,35.27518174838314],[135.48271976158165,35.27512560310857],[135.48289332610645,35.27509718752018],[135.48376118615013,35.27495517550261],[135.48460715206033,35.27460137234607],[135.48575503800342,35.273867854213805],[135.48640478239315,35.2733810244983],[135.48708978263446,35.27303553758214],[135.4878013359242,35.27254931463858],[135.48817575108023,35.27230138623621],[135.48868377122693,35.271931766189894],[135.49040357253668,35.27035005807772],[135.49138711395435,35.2689398876332],[135.49242113988055,35.26744956431483],[135.49288663958333,35.26686002952236],[135.49316256628333,35.26657068723151],[135.493601421992,35.26612195337155],[135.49415606857545,35.26574862994153],[135.49469680063908,35.266589406468356],[135.49533675791278,35.267556156303414],[135.49726954337925,35.27125755066394],[135.49715646982634,35.27138736239891],[135.49674554270874,35.27159467160473],[135.49644830088818,35.27162181933409],[135.49610446755557,35.27142680418147],[135.49583581539898,35.27116209971352],[135.49565361420798,35.27090838786929],[135.495094967858,35.27011677758513],[135.4947551594875,35.26961966072466],[135.49434554465944,35.269726194666084],[135.4940429830189,35.27015627036127],[135.493763689693,35.27069735453482],[135.4935216768981,35.27122873538617],[135.49315843146218,35.27195052419356],[135.49296442376075,35.27221020600032],[135.49183655252705,35.27424357818707],[135.49112365245696,35.274830521563096],[135.4898627110755,35.27569382409153],[135.4889894947671,35.27623881733643],[135.48829053376,35.27670503243335],[135.4874968468111,35.27708112584238]]]},"properties":{"KEY_CODE":"26213005009","PREF":"26","CITY":"213","CITY_NAME":"南丹市","S_NAME":"大野音海","SETAI":"5"}},{"type":"Feature","geometry":{"type":"Polygon","coordinates":[[[135.4722022370302,35.107588018262085],[135.47248425268359,35.11019221839285],[135.47201743445976,35.110285919261],[135.47112991226842,35.11029852535387],[135.470895451348,35.10875077690095],[135.47026116320296,35.108721241240886],[135.47088694615647,35.10763833952456],[135.4722022370302,35.107588018262085]]]},"properties":{"KEY_CODE":"26213006001","PREF":"26","CITY":"213","CITY_NAME":"南丹市","S_NAME":"園部町宮町","SETAI":"92"}},{"type":"Feature","geometry":{"type":"Polygon","coordinates":[[[135.47201743445976,35.110285919261],[135.47210513676782,35.11095620654322],[135.47214163581586,35.11133491261987],[135.47206982560323,35.11175032932837],[135.471952802163,35.112027439251996],[135.4719339422315,35.112061303059285],[135.47167362884426,35.11191417287947],[135.47136543562326,35.1116967593777],[135.4709850629384,35.11141627813601],[135.47019083270865,35.110806637515346],[135.46885539670401,35.109961857221386],[135.46944632677517,35.10984049591325],[135.46935742845886,35.10925865889221],[135.47026116320296,35.108721241240886],[135.470895451348,35.10875077690095],[135.47112991226842,35.11029852535387],[135.47201743445976,35.110285919261]]]},"properties":{"KEY_CODE":"26213006002","PREF":"26","CITY":"213","CITY_NAME":"南丹市","S_NAME":"園部町上本町","SETAI":"62"}},{"type":"Feature","geometry":{"type":"Polygon","coordinates":[[[135.47636299213968,35.11020184007729],[135.4761528024415,35.11093591218154],[135.47309159881692,35.11096607078587],[135.47210513676782,35.11095620654322],[135.47201743445976,35.110285919261],[135.47248425268359,35.11019221839285],[135.47349966897974,35.10988557480206],[135.47475986960927,35.11024980070983],[135.47636299213968,35.11020184007729]]]},"properties":{"KEY_CODE":"26213006003","PREF":"26","CITY":"213","CITY_NAME":"南丹市","S_NAME":"園部町本町","SETAI":"52"}},{"type":"Feature","geometry":{"type":"Polygon","coordinates":[[[135.47764494544606,35.11104082187534],[135.47665591754208,35.1118301917398],[135.4755230577918,35.112267000694104],[135.47495143121301,35.11239002108335],[135.4736936631171,35.11253153384047],[135.4719339422315,35.112061303059285],[135.471952802163,35.112027439251996],[135.47206982560323,35.11175032932837],[135.47214163581586,35.11133491261987],[135.47210513676785,35.110956206543236],[135.47309159881692,35.11096607078587],[135.4761528024415,35.11093591218154],[135.47621602180087,35.11152031111688],[135.47736358993802,35.11073247201472],[135.47764494544606,35.11104082187534]]]},"properties":{"KEY_CODE":"26213006004","PREF":"26","CITY":"213","CITY_NAME":"南丹市","S_NAME":"園部町若松町","SETAI":"108"}},{"type":"Feature","geometry":{"type":"Polygon","coordinates":[[[135.47764494544606,35.11104082187534],[135.47736358993802,35.11073247201472],[135.47621602180087,35.11152031111688],[135.4761528024415,35.11093591218154],[135.47636299213968,35.11020184007729],[135.47671458285174,35.1098286868451],[135.47698696377284,35.10987888221476],[135.4768120931792,35.10950443810818],[135.47588432317676,35.10917279336088],[135.47697397596875,35.108624511776064],[135.47799066854944,35.10744994316006],[135.47690133611465,35.107617858233716],[135.47793593057023,35.10694453025537],[135.47898134821241,35.107068761557336],[135.48140843115232,35.1066581683233],[135.47764494544606,35.11104082187534]]]},"properties":{"KEY_CODE":"26213006005","PREF":"26","CITY":"213","CITY_NAME":"南丹市","S_NAME":"園部町新町","SETAI":"256"}},{"type":"Feature","geometry":{"type":"Polygon","coordinates":[[[135.4839136507392,35.107152997545285],[135.48374486733263,35.10732193841991],[135.48211811810688,35.10919618480184],[135.4819095021545,35.1096572978182],[135.48109644897585,35.109549933057224],[135.48157365179307,35.10748717718883],[135.48140843115232,35.1066581683233],[135.47898134821241,35.107068761557336],[135.47793593057023,35.10694453025537],[135.47690133611465,35.107617858233716],[135.47799066854944,35.10744994316006],[135.47697397596875,35.108624511776064],[135.47588432317676,35.10917279336088],[135.4748054634336,35.108569341486216],[135.47444963579682,35.1076787906753],[135.4747001204298,35.10629837249759],[135.47396033875808,35.10469701891536],[135.47485092718128,35.104506364319704],[135.4743074855095,35.103369841340495],[135.474454724778,35.10231582489556],[135.47644156131858,35.10173896156272],[135.47806049049842,35.101812009001286],[135.47739427249826,35.10058608312168],[135.47638998391025,35.100100443098434],[135.4749124204994,35.09876352796418],[135.47496254968516,35.09802382916793],[135.47613623541963,35.09691036760118],[135.47696903396704,35.096912553174036],[135.47710231537462,35.09639879146418],[135.47937923336724,35.09550569228248],[135.4784644972464,35.09492502843555],[135.4811587226654,35.09392192498199],[135.48271964569443,35.09398661986657],[135.48218041288013,35.09288135414947],[135.4827527171324,35.09247806150109],[135.48279562073944,35.09113589568787],[135.48157248919532,35.09060789268326],[135.48209058462174,35.089844979658736],[135.4814939409899,35.08987215161208],[135.48075414762081,35.09057896951314],[135.47989747161478,35.09054205905114],[135.47965110181502,35.09130387478094],[135.47840873443948,35.09174223486855],[135.4779078437187,35.09263493442622],[135.47693969625172,35.0925738601546],[135.47642668551208,35.0913618418753],[135.47601137462215,35.09138258620111],[135.4745878862249,35.0934132701985],[135.47389816193643,35.09474805635305],[135.47299112587461,35.093714609078376],[135.47225218221786,35.0936063904721],[135.47173207901332,35.094137897458985],[135.4723554500383,35.0952997103707],[135.47182872798965,35.096096349193616],[135.47144755413424,35.09650626668787],[135.47114278553022,35.097833625409535],[135.47076151833872,35.09788569828856],[135.47100429151553,35.09903465718184],[135.47068434104975,35.09946871430259],[135.47007242149493,35.099362395865185],[135.46978417735616,35.09921567815171],[135.4695800863612,35.099080127686236],[135.46929608373995,35.09883992435346],[135.46903817180424,35.09858067727666],[135.46878923276293,35.09777833155003],[135.46844188708744,35.0953293095625],[135.46770403119254,35.09504837703525],[135.46708927619048,35.09495665616134],[135.46604022575744,35.09502887675287],[135.46515363608881,35.09547387523257],[135.46451357222728,35.09624349886955],[135.46437681552314,35.097949563466955],[135.4645278494957,35.10023017852833],[135.46426515068572,35.10071539066866],[135.4632151346973,35.10130113716918],[135.46197393180717,35.10179440001244],[135.46221280665114,35.101461633927606],[135.46301079322959,35.1002138181167],[135.46310837201247,35.0990697342767],[135.4628112320093,35.097924394540314],[135.46267082540422,35.09597053794809],[135.4631073049255,35.095039378002944],[135.46362676561515,35.09434726196919],[135.46555347961595,35.0922905540458],[135.46634662122085,35.091985221312385],[135.46676726529168,35.09186882413088],[135.46730025586703,35.091756439211835],[135.46903287241392,35.08862282363324],[135.47336693881485,35.088453601014834],[135.47519402170414,35.08761722927411],[135.47577609345092,35.08762876029601],[135.47764011622155,35.087933581829944],[135.4799442150454,35.08804067005057],[135.48205857866574,35.087646163197185],[135.48351073934927,35.08742409755665],[135.48526483651239,35.0872608386671],[135.48607648259815,35.087231112610525],[135.48632305156704,35.08802073557387],[135.48667700459137,35.088375218478575],[135.48741684961476,35.08867689284854],[135.48818248819967,35.088669565709644],[135.48851559483327,35.089421940404314],[135.4890731921093,35.089802699815856],[135.48926941067776,35.091020443774354],[135.48961375691425,35.09144262895082],[135.49016051435257,35.09179925117713],[135.49070117612743,35.092842019461344],[135.49077338985086,35.09303839296545],[135.49002271713252,35.093588584866254],[135.48963015701443,35.0944148075787],[135.48916589195017,35.09467223531846],[135.48906252710825,35.09475920005632],[135.4887389601612,35.09541232548033],[135.48831332067138,35.095656254362716],[135.48814189594273,35.096053663459415],[135.48823117415265,35.09645815851589],[135.48818795479656,35.096907380797674],[135.48833472622493,35.097217110275245],[135.48807664305758,35.09737892206885],[135.48794054058396,35.09741743578267],[135.48771004726143,35.09786586601994],[135.48775996430652,35.09810433649008],[135.48786786146724,35.09875773467447],[135.4879933510325,35.0989497594554],[135.48909701273578,35.100394250796334],[135.48943009843657,35.10079202352666],[135.48958138925246,35.10084019907038],[135.48981888314924,35.101101712637764],[135.4902656378688,35.10122035937883],[135.49088786523885,35.10120606826413],[135.4917536285994,35.101881581735036],[135.49102301603818,35.10227665130214],[135.49033235349614,35.10253750756617],[135.4893977526502,35.10289417355762],[135.48775990611554,35.10387890629317],[135.48518223872037,35.106031549591826],[135.4839136507392,35.107152997545285]]]},"properties":{"KEY_CODE":"26213007001","PREF":"26","CITY":"213","CITY_NAME":"南丹市","S_NAME":"園部小山東町","SETAI":"976"}},{"type":"Feature","geometry":{"type":"Polygon","coordinates":[[[135.47638998391025,35.100100443098434],[135.47458017547578,35.10032537476688],[135.47475609389508,35.09961375964873],[135.4732343045202,35.09943967942364],[135.47340219656633,35.0984990012243],[135.47269000251023,35.09643054280796],[135.47182872798965,35.096096349193616],[135.4723554500383,35.0952997103707],[135.47173207901332,35.094137897458985],[135.47225218221786,35.0936063904721],[135.47299112587461,35.093714609078376],[135.47389816193643,35.09474805635305],[135.4745878862249,35.0934132701985],[135.47601137462215,35.09138258620111],[135.47642668551208,35.0913618418753],[135.47693969625172,35.0925738601546],[135.4779078437187,35.09263493442622],[135.47840873443948,35.09174223486855],[135.47965110181502,35.09130387478094],[135.47989747161478,35.09054205905114],[135.48075414762081,35.09057896951314],[135.4814939409899,35.08987215161208],[135.48209058462174,35.089844979658736],[135.48157248919532,35.09060789268326],[135.48279562073944,35.09113589568787],[135.4827527171324,35.09247806150109],[135.48218041288013,35.09288135414947],[135.48271964569443,35.09398661986657],[135.4811587226654,35.09392192498199],[135.4784644972464,35.09492502843555],[135.47937923336724,35.09550569228248],[135.47710231537462,35.09639879146418],[135.47696903396704,35.096912553174036],[135.47613623541963,35.09691036760118],[135.47496254968516,35.09802382916793],[135.4749124204994,35.09876352796418],[135.47638998391025,35.100100443098434]]]},"properties":{"KEY_CODE":"26213007002","PREF":"26","CITY":"213","CITY_NAME":"南丹市","S_NAME":"園部小山西町","SETAI":"913"}},{"type":"Feature","geometry":{"type":"Polygon","coordinates":[[[135.47638998391025,35.100100443098434],[135.47739427249826,35.10058608312168],[135.47806049049842,35.101812009001286],[135.47644156131858,35.10173896156272],[135.474454724778,35.10231582489556],[135.4724798677862,35.102228151069184],[135.4709283786387,35.10193164668711],[135.47084543837232,35.10187036525761],[135.4708499698369,35.101164067381426],[135.47109205668744,35.09996517762023],[135.47068434104975,35.09946871430259],[135.47100429151553,35.09903465718184],[135.47076151833872,35.09788569828856],[135.47114278553022,35.097833625409535],[135.47144755413424,35.09650626668787],[135.47182872798965,35.096096349193616],[135.47269000251023,35.09643054280796],[135.47340219656633,35.0984990012243],[135.4732343045202,35.09943967942364],[135.47475609389508,35.09961375964873],[135.47458017547578,35.10032537476688],[135.47638998391025,35.100100443098434]]]},"properties":{"KEY_CODE":"26213007003","PREF":"26","CITY":"213","CITY_NAME":"南丹市","S_NAME":"園部栄町","SETAI":"481"}},{"type":"Feature","geometry":{"type":"Polygon","coordinates":[[[135.47636299213968,35.11020184007729],[135.47475986960927,35.11024980070983],[135.47349966897974,35.10988557480206],[135.47248425268359,35.11019221839285],[135.4722022370302,35.107588018262085],[135.47193026920993,35.106781496238796],[135.47269170523737,35.106568672773705],[135.47293812661795,35.10714591331615],[135.4735565181134,35.107134660047755],[135.4728139393988,35.10515974114013],[135.47281570371942,35.10405882707158],[135.4724798677862,35.102228151069184],[135.474454724778,35.10231582489556],[135.4743074855095,35.103369841340495],[135.47485092718128,35.104506364319704],[135.47396033875808,35.10469701891536],[135.4747001204298,35.10629837249759],[135.47444963579682,35.1076787906753],[135.4748054634336,35.108569341486216],[135.47588432317676,35.10917279336088],[135.4768120931792,35.10950443810818],[135.47698696377284,35.10987888221476],[135.47671458285174,35.1098286868451],[135.47636299213968,35.11020184007729]]]},"properties":{"KEY_CODE":"26213007004","PREF":"26","CITY":"213","CITY_NAME":"南丹市","S_NAME":"園部美園町","SETAI":"191"}},{"type":"Feature","geometry":{"type":"Polygon","coordinates":[[[135.4728139393988,35.10515974114013],[135.4735565181134,35.107134660047755],[135.47293812661795,35.10714591331615],[135.47269170523737,35.106568672773705],[135.47193026920993,35.106781496238796],[135.4722022370302,35.107588018262085],[135.47088694615647,35.10763833952456],[135.47026116320296,35.108721241240886],[135.46935742845886,35.10925865889221],[135.46944632677517,35.10984049591325],[135.46885539670401,35.109961857221386],[135.46849281837873,35.109747857708456],[135.4678266039128,35.10925166052486],[135.46715467674557,35.108365196061605],[135.466978206903,35.10806587917161],[135.4666432887731,35.10717582427498],[135.4666291160147,35.10713883325486],[135.46624426492556,35.10621555250585],[135.46597102547796,35.10584812686387],[135.46730508610068,35.105452495350356],[135.46729453060635,35.10457584047475],[135.46802491188083,35.10437952968431],[135.46761385308196,35.10283959115451],[135.46929330406599,35.101998798739736],[135.46955904346416,35.10114018282813],[135.47048858461565,35.10116741780623],[135.4708499698369,35.101164067381426],[135.47084543837232,35.10187036525761],[135.4709283786387,35.10193164668711],[135.4724798677862,35.102228151069184],[135.47281570371942,35.10405882707158],[135.4728139393988,35.10515974114013]]]},"properties":{"KEY_CODE":"26213007005","PREF":"26","CITY":"213","CITY_NAME":"南丹市","S_NAME":"園部小桜町","SETAI":"365"}},{"type":"Feature","geometry":{"type":"Polygon","coordinates":[[[135.47048858461565,35.10116741780623],[135.46955904346416,35.10114018282813],[135.46929330406599,35.101998798739736],[135.46761385308196,35.10283959115451],[135.46802491188083,35.10437952968431],[135.46729453060635,35.10457584047475],[135.46730508610068,35.105452495350356],[135.46597102547796,35.10584812686387],[135.46624426492556,35.10621555250585],[135.46562485525587,35.106154930522855],[135.46440276298463,35.105712109841335],[135.46388798682653,35.105672083893516],[135.46372948645717,35.105679199771174],[135.46326554475667,35.105740952097584],[135.46265263079312,35.10544983609302],[135.46163542342185,35.105175302707295],[135.46155550837864,35.10500704947323],[135.4611600564468,35.10480703974971],[135.46086259890868,35.10344041735659],[135.46062647833222,35.102868060983496],[135.46119630998018,35.10267832987402],[135.46197393180717,35.10179440001244],[135.4632151346973,35.10130113716918],[135.46426515068572,35.10071539066866],[135.4645278494957,35.10023017852833],[135.46437681552314,35.097949563466955],[135.46451357222728,35.09624349886955],[135.46515363608881,35.09547387523257],[135.46604022575744,35.09502887675287],[135.46708927619048,35.09495665616134],[135.46770403119254,35.09504837703525],[135.46844188708744,35.0953293095625],[135.46878923276293,35.09777833155003],[135.46903817180424,35.09858067727666],[135.46929608373995,35.09883992435346],[135.4695800863612,35.099080127686236],[135.46978417735616,35.09921567815171],[135.47007242149493,35.099362395865185],[135.47068434104975,35.09946871430259],[135.47109205668744,35.09996517762023],[135.4708499698369,35.101164067381426],[135.47048858461565,35.10116741780623]]]},"properties":{"KEY_CODE":"26213007006","PREF":"26","CITY":"213","CITY_NAME":"南丹市","S_NAME":"園部城南町","SETAI":"222"}},{"type":"Feature","geometry":{"type":"Polygon","coordinates":[[[135.46849281837873,35.109747857708456],[135.4677466791254,35.109666406124866],[135.46614976035025,35.11023047011045],[135.46491972212422,35.11093015738522],[135.4623468366307,35.11177719145478],[135.46035161718876,35.112082556681926],[135.4583767175899,35.111590057615835],[135.45770486418013,35.111097728373764],[135.45748798642066,35.10974625158136],[135.4563290419333,35.108615989871666],[135.4544869339421,35.107364468770925],[135.44996872063993,35.106043129262154],[135.44747268536835,35.105836345940155],[135.4477003442994,35.10496282126567],[135.44831009091706,35.10328795791142],[135.44875337029123,35.1026309875804],[135.44959598316265,35.101870399693574],[135.4501835786263,35.10183228807996],[135.45196205376004,35.10089964359438],[135.45521753227425,35.101959522342064],[135.45605037357655,35.103408075738635],[135.45707319122818,35.10240153610378],[135.45724740978432,35.10264592449354],[135.45812721773268,35.1026540845473],[135.46041175994006,35.10265582308319],[135.46062647833222,35.102868060983496],[135.46086259890868,35.10344041735659],[135.4611600564468,35.10480703974971],[135.46155550837864,35.10500704947323],[135.46163542342185,35.105175302707295],[135.46265263079312,35.10544983609302],[135.46326554475667,35.105740952097584],[135.46372948645717,35.105679199771174],[135.46388798682653,35.105672083893516],[135.46440276298463,35.105712109841335],[135.46562485525587,35.106154930522855],[135.46624426492556,35.10621555250585],[135.4666291160147,35.10713883325486],[135.4666432887731,35.10717582427498],[135.466978206903,35.10806587917161],[135.46715467674557,35.108365196061605],[135.4678266039128,35.10925166052486],[135.46849281837873,35.109747857708456]]]},"properties":{"KEY_CODE":"26213007007","PREF":"26","CITY":"213","CITY_NAME":"南丹市","S_NAME":"園部横田","SETAI":"742"}},{"type":"Feature","geometry":{"type":"Polygon","coordinates":[[[135.44532724692675,35.119032351372866],[135.44430921402082,35.12016415295402],[135.44324370387534,35.12037969681978],[135.44209416893656,35.120673229776756],[135.44111277755147,35.12138226770384],[135.44047139809328,35.121523048729976],[135.44016259763436,35.1218873464782],[135.4399112550421,35.12199724784453],[135.4393076744572,35.12184423968903],[135.43784408610924,35.120658525809375],[135.43714175509652,35.11983226497069],[135.43485151706543,35.11951053890901],[135.4340821390603,35.119951977001854],[135.43397398899944,35.11919481965618],[135.43415225279628,35.11821433921743],[135.4342507410196,35.11791668615765],[135.43534091830173,35.11730652558401],[135.43563880771327,35.116958601236675],[135.4355626395129,35.11660111821765],[135.435530918911,35.115833542128065],[135.43570458431412,35.11547722176296],[135.43623363058103,35.115251714809936],[135.43678409501132,35.114604665525974],[135.43695124271724,35.11418563377765],[135.43737728588226,35.11379442372299],[135.4377857718848,35.113606308406645],[135.43901407614396,35.112956682799854],[135.43951283239144,35.11242706172105],[135.44086298738236,35.11188242032418],[135.4419909241398,35.11203578933736],[135.44350416755017,35.11166476381392],[135.44523572869247,35.110821656987305],[135.446066057005,35.1105138821091],[135.44712642131773,35.11039335864289],[135.44732225458273,35.11034868512169],[135.44732088640248,35.107516109661645],[135.44716750604834,35.10713369731692],[135.44733028112938,35.106382773066784],[135.44747268536835,35.105836345940155],[135.44996872063993,35.106043129262154],[135.4544869339421,35.107364468770925],[135.4563290419333,35.108615989871666],[135.45748798642066,35.10974625158136],[135.45770486418013,35.111097728373764],[135.4583767175899,35.111590057615835],[135.46035161718876,35.112082556681926],[135.4623468366307,35.11177719145478],[135.46491972212422,35.11093015738522],[135.46532960172237,35.11132072575681],[135.46396666413347,35.11169331343408],[135.46351191230218,35.11189701449281],[135.46179095825434,35.112622513700124],[135.4611907251118,35.11286971640853],[135.46015582624935,35.112995676503694],[135.45795711049965,35.1131834785375],[135.45569884155108,35.11365669571134],[135.45397074881225,35.11424163106352],[135.4525780286643,35.11493094849359],[135.452379906092,35.1151178103431],[135.4523682531611,35.115666448068424],[135.45235143378548,35.115803491292205],[135.4521650246352,35.116019843235115],[135.45048785534289,35.116712710272544],[135.45002819650637,35.11675147204795],[135.4494319284382,35.1166997484251],[135.44813613209425,35.11716416098474],[135.44746610977555,35.11742886839377],[135.44696591338817,35.11787076529136],[135.44631420903266,35.11836415366354],[135.44532724692675,35.119032351372866]]]},"properties":{"KEY_CODE":"26213007008","PREF":"26","CITY":"213","CITY_NAME":"南丹市","S_NAME":"園部黒田","SETAI":"73"}},{"type":"Feature","geometry":{"type":"Polygon","coordinates":[[[135.44788571287066,35.133217489341355],[135.4465123376238,35.133059462206425],[135.44461248171282,35.133151065874756],[135.44344219309366,35.132967104133364],[135.4427021927853,35.13289933899172],[135.44310015502603,35.13214282576208],[135.444087658352,35.130251360323115],[135.44601253655114,35.12950146977652],[135.44651252921906,35.12907655002777],[135.44656255819845,35.128259912586074],[135.4464501020854,35.12783501344205],[135.4462376543732,35.1274100108915],[135.445987683732,35.12666010236505],[135.44488775965965,35.126818393030604],[135.44392537907476,35.12648509680983],[135.44340047390043,35.125693496490555],[135.44285053746538,35.125468496450736],[135.44257556384187,35.12533511463397],[135.44186310739633,35.12493519926616],[135.44138818405523,35.12468518321278],[135.44076332828368,35.12324363892183],[135.44050781772037,35.12288011782479],[135.4399112550421,35.12199724784453],[135.44016259763436,35.1218873464782],[135.44047139809328,35.121523048729976],[135.44111277755147,35.12138226770384],[135.44209416893656,35.120673229776756],[135.44324370387534,35.12037969681978],[135.44430921402082,35.12016415295402],[135.44532724692675,35.119032351372866],[135.44631420903266,35.11836415366354],[135.44696591338817,35.11787076529136],[135.44746610977555,35.11742886839377],[135.44813613209425,35.11716416098474],[135.4494319284382,35.1166997484251],[135.45002819650637,35.11675147204795],[135.45048785534289,35.116712710272544],[135.4521650246352,35.116019843235115],[135.45235143378548,35.115803491292205],[135.4523682531611,35.115666448068424],[135.452379906092,35.1151178103431],[135.4525780286643,35.11493094849359],[135.45397074881225,35.11424163106352],[135.45569884155108,35.11365669571134],[135.45795711049965,35.1131834785375],[135.46015582624935,35.112995676503694],[135.4611907251118,35.11286971640853],[135.46179095825434,35.112622513700124],[135.46351191230218,35.11189701449281],[135.46396666413347,35.11169331343408],[135.46532960172237,35.11132072575681],[135.46543727873885,35.11135479441582],[135.46532775924007,35.111575522570185],[135.46649736182167,35.11189429028437],[135.46888485594138,35.11154364122078],[135.47019796926253,35.11151495581705],[135.46999011328407,35.11189463114567],[135.47136543562326,35.1116967593777],[135.47167362884426,35.11191417287947],[135.4713824207874,35.11294295851189],[135.47133837507798,35.11377443119134],[135.47130295601062,35.11484130628847],[135.4719005010322,35.11490736806037],[135.47219130517936,35.11490701654059],[135.47362022971885,35.1148573303296],[135.4734552965676,35.1158569500972],[135.47274600960947,35.11668671848804],[135.4731796052212,35.11780050263735],[135.4730742188396,35.11880206954777],[135.471335649971,35.11868609296469],[135.46907453142188,35.12007366302627],[135.46650178875606,35.12186475471114],[135.46565745229609,35.12208294267628],[135.46404614080248,35.12226230847762],[135.46351758442438,35.123760458064304],[135.46305391979084,35.124213987796075],[135.46215164174814,35.124420345522935],[135.45675223600352,35.12383686307793],[135.45489468900735,35.12320215502441],[135.45401549220804,35.123230311358775],[135.45369727985226,35.12455422062338],[135.45337589127752,35.124943564863685],[135.4521631596573,35.1281230252458],[135.45201820543673,35.12912529880763],[135.45067621019854,35.13002757023036],[135.4499783796061,35.131046208777875],[135.44835710579633,35.132363473569406],[135.44788571287066,35.133217489341355]]]},"properties":{"KEY_CODE":"26213008001","PREF":"26","CITY":"213","CITY_NAME":"南丹市","S_NAME":"桐ノ庄上木崎町","SETAI":"230"}},{"type":"Feature","geometry":{"type":"Polygon","coordinates":[[[135.47136543562326,35.1116967593777],[135.46999011328407,35.11189463114567],[135.47019796926253,35.11151495581705],[135.46888485594138,35.11154364122078],[135.46649736182167,35.11189429028437],[135.46532775924007,35.111575522570185],[135.46543727873885,35.11135479441582],[135.46532960172237,35.11132072575681],[135.46491972212422,35.11093015738522],[135.46614976035025,35.11023047011045],[135.4677466791254,35.109666406124866],[135.46849281837873,35.109747857708456],[135.46885539670401,35.109961857221386],[135.47019083270865,35.110806637515346],[135.4709850629384,35.11141627813601],[135.47136543562326,35.1116967593777]]]},"properties":{"KEY_CODE":"26213008002","PREF":"26","CITY":"213","CITY_NAME":"南丹市","S_NAME":"桐ノ庄河原町","SETAI":"88"}},{"type":"Feature","geometry":{"type":"Polygon","coordinates":[[[135.47873385714757,35.11473293738873],[135.47746140213093,35.115889836540305],[135.4751499136865,35.11509117970805],[135.47362022971885,35.1148573303296],[135.47219130517936,35.11490701654059],[135.4719005010322,35.11490736806037],[135.47130295601062,35.11484130628847],[135.47133837507798,35.11377443119134],[135.4713824207874,35.11294295851189],[135.47167362884426,35.11191417287947],[135.4719339422315,35.112061303059285],[135.4736936631171,35.11253153384047],[135.47495143121301,35.11239002108335],[135.4755230577918,35.112267000694104],[135.47665591754208,35.1118301917398],[135.47764494544606,35.11104082187534],[135.48140843115232,35.1066581683233],[135.48157365179307,35.10748717718883],[135.48109644897585,35.109549933057224],[135.4805953786313,35.11027825857203],[135.48012436969492,35.11073324059858],[135.47987233015465,35.111120566273044],[135.47980391132967,35.11135965565721],[135.4795399947566,35.11210920306638],[135.47922843115376,35.11302453945223],[135.47916486588787,35.113442038982654],[135.47892924285517,35.11443559290706],[135.47873385714757,35.11473293738873]]]},"properties":{"KEY_CODE":"26213008003","PREF":"26","CITY":"213","CITY_NAME":"南丹市","S_NAME":"桐ノ庄木崎町","SETAI":"645"}},{"type":"Feature","geometry":{"type":"Polygon","coordinates":[[[135.48123287721324,35.1233092023576],[135.48007343019003,35.12362838195153],[135.4794686597301,35.12389782888365],[135.47953964723322,35.1249826064122],[135.47927203655146,35.12603599504393],[135.47895611195818,35.12623210466899],[135.47867810626312,35.126289077559655],[135.47840616919967,35.126321918642155],[135.47834085481983,35.12637501937226],[135.47791031415835,35.126271254851694],[135.47699196046585,35.12577219638723],[135.47678042212476,35.12559662661218],[135.4765252729447,35.12485774962033],[135.476473021668,35.12471195408052],[135.47626864971576,35.12434218205076],[135.47615184618815,35.12413786541832],[135.47593103206754,35.12379950043816],[135.47565124032693,35.12358884186606],[135.47552351135525,35.123510960502735],[135.4753548659592,35.123145004073045],[135.47525321740792,35.122997021476536],[135.47495453940238,35.12291142383637],[135.47479449367214,35.12256141894569],[135.47458833681247,35.12275637519131],[135.47447228022145,35.12272312274506],[135.47447345958506,35.12254023276065],[135.47455589316343,35.122410938661645],[135.4747986356985,35.12189218655841],[135.47432771012743,35.121861332954666],[135.47420074783497,35.121379493964376],[135.4740060124844,35.120442482818824],[135.47363951849476,35.119339636583476],[135.4730742188396,35.11880206954777],[135.4731796052212,35.11780050263735],[135.47274600960947,35.11668671848804],[135.4734552965676,35.1158569500972],[135.47362022971885,35.1148573303296],[135.4751499136865,35.11509117970805],[135.47746140213093,35.115889836540305],[135.4782813205148,35.117367766364374],[135.4784692399545,35.11844413704015],[135.47860517438352,35.11950788802439],[135.47864853803432,35.119556089962344],[135.47924258388488,35.12016151808],[135.47939998582095,35.12023663573178],[135.47997797352573,35.12019778815098],[135.4816298243186,35.12111907913636],[135.48195526211725,35.12170788819495],[135.48188701232803,35.123356448348616],[135.48123287721324,35.1233092023576]]]},"properties":{"KEY_CODE":"26213008004","PREF":"26","CITY":"213","CITY_NAME":"南丹市","S_NAME":"桐ノ庄内林町","SETAI":"447"}},{"type":"Feature","geometry":{"type":"Polygon","coordinates":[[[135.47452770426437,35.12777939889848],[135.47138499784853,35.12774739546776],[135.4702582432763,35.126998007788806],[135.4690593093162,35.1270550158589],[135.46783724568579,35.12749671545481],[135.46735899427455,35.12795301421254],[135.46717823767167,35.12729979754407],[135.4664783693084,35.12684381110277],[135.4659739030423,35.12601507401802],[135.46407371318287,35.12578019376378],[135.46305391979084,35.124213987796075],[135.46351758442438,35.123760458064304],[135.46404614080248,35.12226230847762],[135.46565745229609,35.12208294267628],[135.46650178875606,35.121864754711154],[135.46907453142188,35.12007366302627],[135.471335649971,35.11868609296469],[135.4730742188396,35.11880206954777],[135.47363951849476,35.119339636583476],[135.4740060124844,35.120442482818824],[135.47420074783497,35.121379493964376],[135.47432771012743,35.121861332954666],[135.4747986356985,35.12189218655841],[135.47455589316343,35.122410938661645],[135.47447345958506,35.12254023276065],[135.47447228022145,35.12272312274506],[135.47458833681247,35.12275637519131],[135.47479449367214,35.12256141894569],[135.47495453940238,35.12291142383637],[135.47525321740792,35.122997021476536],[135.4753548659592,35.123145004073045],[135.47552351135525,35.123510960502735],[135.47565124032693,35.12358884186606],[135.47593103206754,35.12379950043816],[135.47615184618815,35.12413786541832],[135.47626864971576,35.12434218205076],[135.476473021668,35.12471195408052],[135.4765252729447,35.12485774962033],[135.47678042212476,35.12559662661218],[135.47699196046585,35.12577219638723],[135.47791031415835,35.126271254851694],[135.47834085481983,35.12637501937226],[135.47840616919967,35.126321918642155],[135.47867810626312,35.126289077559655],[135.47895611195818,35.12623210466899],[135.47927203655146,35.12603599504393],[135.4793119568291,35.12786432580961],[135.47452770426437,35.12777939889848]]]},"properties":{"KEY_CODE":"26213008005","PREF":"26","CITY":"213","CITY_NAME":"南丹市","S_NAME":"桐ノ庄瓜生野","SETAI":"24"}},{"type":"Feature","geometry":{"type":"Polygon","coordinates":[[[135.47452770426437,35.12777939889848],[135.47443276926668,35.13110743652301],[135.47335546885856,35.13216622543051],[135.47046032548528,35.13329892247659],[135.46803635470448,35.13469948648172],[135.46520513832306,35.137447972755886],[135.4653368645409,35.14005587163221],[135.46575155409838,35.14145892787107],[135.46564662893502,35.14227651456269],[135.46509366740844,35.143071705591964],[135.4637909219495,35.14429310345801],[135.4629500621017,35.145988608308464],[135.46208530073838,35.1456833592558],[135.46131036556275,35.14544174507906],[135.46054796780984,35.145483362983335],[135.4602979985249,35.14548337932848],[135.45970472918393,35.14521248889476],[135.45889812951356,35.144858391537156],[135.45814821399276,35.1446584269035],[135.45711082415428,35.14465844671619],[135.45663585337357,35.14481675167929],[135.4552984353849,35.145874967317205],[135.4545373752463,35.145874018893174],[135.4537722778138,35.145816495908846],[135.4534589671544,35.14589621746875],[135.45264489298026,35.1457776906582],[135.4524070167436,35.14565499461575],[135.45177375178656,35.145175008780534],[135.4513363618386,35.1439167926722],[135.45147389945333,35.142925195572865],[135.4507614864663,35.14259189477745],[135.45092397535092,35.141683653374024],[135.45174896379197,35.140833758845176],[135.4524864108306,35.13997557760009],[135.45182400722106,35.139858852168054],[135.45143653946965,35.13977554947862],[135.45019913184697,35.13955057576045],[135.44978670837213,35.139367220985996],[135.44951170312606,35.13956717882635],[135.44937423329992,35.13959219002786],[135.44838685042657,35.13943389750168],[135.44772441902396,35.13844232305348],[135.44829941413462,35.13756736888508],[135.44841194420292,35.13655079670629],[135.44898690999074,35.13637586842943],[135.44904941655275,35.13591754221435],[135.448824484335,35.13540093544134],[135.4489370546847,35.13411773302922],[135.44879053815686,35.133694232073054],[135.448687095933,35.133601152789],[135.4484048731143,35.133412959299875],[135.44788571287066,35.133217489341355],[135.44835710579633,35.132363473569406],[135.4499783796061,35.131046208777875],[135.45067621019854,35.13002757023036],[135.45201820543673,35.12912529880763],[135.4521631596573,35.1281230252458],[135.45337589127752,35.124943564863706],[135.45369727985226,35.12455422062338],[135.45401549220804,35.123230311358775],[135.45489468900735,35.12320215502441],[135.45675223600352,35.12383686307793],[135.46215164174814,35.124420345522935],[135.46305391979084,35.124213987796075],[135.46407371318287,35.12578019376378],[135.4659739030423,35.12601507401802],[135.4664783693084,35.12684381110277],[135.46717823767167,35.12729979754407],[135.46735899427455,35.12795301421254],[135.46783724568579,35.12749671545481],[135.4690593093162,35.1270550158589],[135.4702582432763,35.126998007788806],[135.47138499784853,35.12774739546776],[135.47452770426437,35.12777939889848]]]},"properties":{"KEY_CODE":"26213008006","PREF":"26","CITY":"213","CITY_NAME":"南丹市","S_NAME":"桐ノ庄熊崎","SETAI":"50"}},{"type":"Feature","geometry":{"type":"Polygon","coordinates":[[[135.4681516542927,35.143463243137276],[135.46787202005865,35.14424112164531],[135.46779722812002,35.14491686744922],[135.46779722375257,35.14498348988245],[135.4670847482003,35.146291687961444],[135.46480998684888,35.146341690934804],[135.4639600419286,35.14638336830649],[135.4629500621017,35.145988608308464],[135.4637909219495,35.14429310345801],[135.46509366740844,35.143071705591964],[135.46564662893502,35.14227651456269],[135.46575155409838,35.14145892787107],[135.4653368645409,35.14005587163221],[135.46520513832306,35.137447972755886],[135.46803635470448,35.13469948648172],[135.47046032548528,35.13329892247659],[135.47335546885856,35.13216622543051],[135.47443276926668,35.13110743652301],[135.47452770426437,35.12777939889848],[135.4793119568291,35.12786432580961],[135.47927203655146,35.12603599504393],[135.47953964723322,35.1249826064122],[135.4794686597301,35.12389782888365],[135.48007343019003,35.12362838195153],[135.48123287721324,35.1233092023576],[135.48188701232806,35.12335644834864],[135.48183198898548,35.124427301424845],[135.4818302929562,35.12453912909998],[135.481752912615,35.12624096168601],[135.48204477452228,35.12624221290054],[135.482034072792,35.1279260201982],[135.4838205002422,35.12785492587885],[135.4841411911254,35.128523770277894],[135.48304004928306,35.128837801539106],[135.48306136428093,35.12891690739083],[135.48331090304572,35.129119172067014],[135.48347619761873,35.12922375091026],[135.48016227328597,35.13222887777219],[135.477140661799,35.13412835917623],[135.47549552658404,35.13508246214348],[135.47401892703556,35.136397356007166],[135.47410437930318,35.137758457658364],[135.47080019502673,35.13761515633063],[135.47006847905482,35.139612581316015],[135.46960125674713,35.14035612358863],[135.46885806330403,35.142297784023235],[135.4681516542927,35.143463243137276]]]},"properties":{"KEY_CODE":"26213008007","PREF":"26","CITY":"213","CITY_NAME":"南丹市","S_NAME":"桐ノ庄新堂","SETAI":"41"}},{"type":"Feature","geometry":{"type":"Polygon","coordinates":[[[135.49004763998565,35.12890720736483],[135.48439466155898,35.12899280977434],[135.4841411911254,35.128523770277894],[135.4838205002422,35.12785492587885],[135.482034072792,35.1279260201982],[135.48204477452228,35.12624221290054],[135.481752912615,35.12624096168601],[135.4818302929562,35.12453912909998],[135.48318517111144,35.12474162881764],[135.48443002993002,35.12470835458807],[135.48631554034915,35.12362947264781],[135.48670897722053,35.12330959283642],[135.48781986722454,35.123417210534186],[135.48868621088798,35.12382610753134],[135.49045386692484,35.124058667633186],[135.4914203025807,35.12348394130175],[135.4920769777229,35.12344910555497],[135.4920076060084,35.1235430395732],[135.49199727568603,35.12399151995978],[135.49218888621206,35.12468986599504],[135.49288311964807,35.12595370735218],[135.49303591945701,35.126664773803164],[135.4908795542244,35.12665570130672],[135.4906228178548,35.127928011266775],[135.49004763998565,35.12890720736483]]]},"properties":{"KEY_CODE":"26213008008","PREF":"26","CITY":"213","CITY_NAME":"南丹市","S_NAME":"桐ノ庄千妻","SETAI":"18"}},{"type":"Feature","geometry":{"type":"Polygon","coordinates":[[[135.4920769777229,35.12344910555497],[135.4914203025807,35.12348394130175],[135.49045386692484,35.124058667633186],[135.48868621088798,35.12382610753134],[135.48781986722454,35.123417210534186],[135.48670897722053,35.12330959283642],[135.48631554034915,35.12362947264781],[135.48443002993002,35.12470835458807],[135.48318517111144,35.124741628817645],[135.48183198898548,35.124427301424845],[135.48188701232806,35.12335644834864],[135.48195526211725,35.12170788819495],[135.4816298243186,35.12111907913636],[135.47997797352573,35.12019778815098],[135.47939998582095,35.12023663573178],[135.47924258388488,35.12016151808],[135.47864853803432,35.119556089962344],[135.47860517438352,35.11950788802439],[135.4784692399545,35.11844413704015],[135.4782813205148,35.117367766364374],[135.47746140213093,35.115889836540305],[135.47873385714757,35.11473293738873],[135.47892924285517,35.11443559290706],[135.47916486588787,35.113442038982654],[135.47922843115376,35.11302453945223],[135.4795399947566,35.11210920306638],[135.47980391132967,35.11135965565721],[135.47987233015465,35.111120566273044],[135.48012436969492,35.11073324059858],[135.4805953786313,35.11027825857203],[135.48109644897585,35.109549933057224],[135.48190950215448,35.1096572978182],[135.48211811810688,35.10919618480184],[135.48374486733263,35.10732193841991],[135.4839136507392,35.107152997545285],[135.48518223872037,35.106031549591826],[135.48775990611554,35.10387890629317],[135.4893977526502,35.10289417355762],[135.49033235349614,35.10253750756617],[135.49102301603818,35.10227665130214],[135.4918009192819,35.10196629354599],[135.49220802165823,35.10362440135045],[135.49270927960086,35.103889831511204],[135.49464978212433,35.10328709256301],[135.49483239820964,35.104363659141775],[135.49341423646544,35.105091900564965],[135.49396819377048,35.106014087964276],[135.49379297014488,35.10718621210083],[135.4945402367373,35.10852318965793],[135.49480908519635,35.110295183251196],[135.49541691157748,35.111562557571446],[135.49535560245673,35.112413237444244],[135.49452471352714,35.11598647105631],[135.49523562626453,35.11782104956039],[135.49376055355938,35.118740509931975],[135.49349595901654,35.11927599859969],[135.49411553231147,35.12179810520246],[135.4920769777229,35.12344910555497]]]},"properties":{"KEY_CODE":"26213008009","PREF":"26","CITY":"213","CITY_NAME":"南丹市","S_NAME":"桐ノ庄曽我谷","SETAI":"43"}},{"type":"Feature","geometry":{"type":"Polygon","coordinates":[[[135.50118181790427,35.14929998913804],[135.49943196254685,35.14929998725482],[135.49865698474144,35.149616584847834],[135.49835700439027,35.150183164542405],[135.49762358063583,35.15083196795697],[135.4969571256163,35.15212885824884],[135.4963622956956,35.15229548199601],[135.4950821619801,35.15184954091642],[135.49345732113798,35.14986649414827],[135.48930760330626,35.14924148657697],[135.4885573305787,35.14895352808111],[135.48680778208174,35.148366538934965],[135.48443299099304,35.14794152110833],[135.48367055988228,35.14762490254234],[135.4821582130088,35.14744989423953],[135.47957095726676,35.14747494504304],[135.47867102455706,35.14764991424206],[135.4781461139786,35.14664171298708],[135.4768712283468,35.146350046141244],[135.47627131351612,35.145833439327966],[135.4748464131991,35.147591609282095],[135.47313409572612,35.14755000112209],[135.47152176696116,35.14720835666144],[135.46909706434784,35.14531686792712],[135.46852211346024,35.14509187973321],[135.4679721836306,35.1449418603456],[135.46779722811996,35.14491686744922],[135.4681516542927,35.143463243137276],[135.46885806330403,35.142297784023235],[135.46960125674713,35.140356123588624],[135.47006847905482,35.139612581316015],[135.47080019502673,35.13761515633063],[135.47410437930318,35.137758457658364],[135.47401892703556,35.136397356007166],[135.47549552658404,35.13508246214348],[135.477140661799,35.13412835917623],[135.48016227328597,35.13222887777219],[135.48347619761873,35.12922375091026],[135.48331090304572,35.129119172067014],[135.48306136428093,35.12891690739083],[135.48304004928306,35.128837801539106],[135.48414119112536,35.128523770277894],[135.48439466155898,35.12899280977434],[135.49004763998565,35.12890720736483],[135.4906228178548,35.127928011266775],[135.49087955422442,35.12665570130671],[135.49303591945701,35.126664773803164],[135.4930029710676,35.127146819915154],[135.49286592027167,35.12792497940812],[135.49401784113823,35.12825199020103],[135.49455162199018,35.12889851509373],[135.49504190538684,35.12917767440122],[135.4965195349947,35.131228395401074],[135.49690001606905,35.13093061455791],[135.4981151611263,35.1310584379841],[135.4994361362426,35.13199455132931],[135.50051778596318,35.13307657423382],[135.50204846694214,35.13386647837525],[135.50239980553621,35.13492107200989],[135.5024992619971,35.13572964083411],[135.50309426144383,35.1359402307408],[135.50451339532535,35.136206276668226],[135.50626706203755,35.13698373414414],[135.50719266778103,35.13771219838677],[135.50709440506412,35.14132556957229],[135.50729228979972,35.14248039378411],[135.5070192838565,35.14317584563481],[135.5044819015845,35.14264259483003],[135.50286951128695,35.142600889052346],[135.50380684998828,35.144484012828116],[135.5039193183207,35.145383841445906],[135.50343182111834,35.14626706849781],[135.5034817524806,35.147158612927456],[135.5020567985233,35.14826681013414],[135.50170679304827,35.14894171624022],[135.50118181790427,35.14929998913804]]]},"properties":{"KEY_CODE":"26213009001","PREF":"26","CITY":"213","CITY_NAME":"南丹市","S_NAME":"川辺船岡","SETAI":"121"}},{"type":"Feature","geometry":{"type":"Polygon","coordinates":[[[135.5060162898758,35.121682628527864],[135.50525863788374,35.123467919862556],[135.50421016917176,35.12451306799402],[135.50324504625527,35.12497966005351],[135.49877555747355,35.12589963381922],[135.4968537136404,35.12660461595788],[135.49518892104214,35.127872310440694],[135.49504190538684,35.129177674401234],[135.49455162199018,35.12889851509373],[135.49401784113826,35.128251990201],[135.49286592027167,35.12792497940812],[135.4930029710676,35.127146819915154],[135.49303591945701,35.126664773803164],[135.49288311964807,35.12595370735218],[135.49218888621206,35.12468986599504],[135.49199727568603,35.12399151995978],[135.4920076060084,35.1235430395732],[135.4920769777229,35.12344910555497],[135.49411553231147,35.12179810520246],[135.49349595901654,35.11927599859969],[135.49376055355938,35.118740509931975],[135.49523562626453,35.11782104956039],[135.49452471352714,35.11598647105631],[135.49535560245673,35.112413237444244],[135.49541691157748,35.111562557571446],[135.49480908519635,35.110295183251196],[135.4945402367373,35.10852318965793],[135.49379297014488,35.10718621210083],[135.49396819377048,35.106014087964276],[135.49341423646544,35.105091900564965],[135.49483239820964,35.104363659141775],[135.496036222307,35.1063151224577],[135.4985401463356,35.109074459803246],[135.50105829953878,35.11142230939463],[135.50232771820788,35.11424486712669],[135.5030069971474,35.11713148821114],[135.50287577088812,35.11823542840284],[135.50239990919724,35.118703900375564],[135.50301261619944,35.12028128171227],[135.50623626932588,35.12065807039502],[135.5060162898758,35.121682628527864]]]},"properties":{"KEY_CODE":"26213009002","PREF":"26","CITY":"213","CITY_NAME":"南丹市","S_NAME":"川辺高屋","SETAI":"34"}},{"type":"Feature","geometry":{"type":"Polygon","coordinates":[[[135.50845618985946,35.11545363066544],[135.5076639488375,35.11513366783807],[135.50696262887496,35.11598359889485],[135.50667794151963,35.11860704375361],[135.50623626932588,35.12065807039502],[135.50301261619944,35.12028128171227],[135.50239990919724,35.118703900375564],[135.50287577088812,35.11823542840284],[135.5030069971474,35.11713148821114],[135.50232771820788,35.11424486712669],[135.50105829953878,35.11142230939463],[135.4985401463356,35.109074459803246],[135.496036222307,35.1063151224577],[135.49483239820964,35.104363659141775],[135.49464978212433,35.10328709256301],[135.4951484914217,35.103183664064076],[135.49562660869773,35.10231988120922],[135.49624190935026,35.10197783179388],[135.4974715430679,35.10223822109871],[135.49801634109605,35.1017119006793],[135.49784839949905,35.10014377225727],[135.4980381571545,35.099601274829936],[135.49895102506804,35.0991311224391],[135.50169827390513,35.099542476651024],[135.5050464563971,35.100856596178666],[135.5071760348791,35.102161109541136],[135.50996433702795,35.104301206366266],[135.5105476677853,35.10510737701151],[135.5101352064197,35.106516477531386],[135.50984390017842,35.10821109829549],[135.5099344037594,35.11036575594584],[135.51042442548496,35.11162587339143],[135.5102385319943,35.1138897345116],[135.50845618985946,35.11545363066544]]]},"properties":{"KEY_CODE":"26213009003","PREF":"26","CITY":"213","CITY_NAME":"南丹市","S_NAME":"川辺大戸","SETAI":"17"}},{"type":"Feature","geometry":{"type":"Polygon","coordinates":[[[135.5137745082474,35.11859369003926],[135.5119532139848,35.1191230986782],[135.51061580606293,35.11814163303013],[135.50972416014005,35.11656850711601],[135.50845618985946,35.11545363066544],[135.5102385319943,35.1138897345116],[135.51042442548496,35.11162587339143],[135.5099344037594,35.11036575594584],[135.50984390017842,35.10821109829549],[135.5101352064197,35.106516477531386],[135.51299300064233,35.10782028668979],[135.51355675154662,35.10856619944541],[135.51452555030025,35.10888749373135],[135.51458569846307,35.10963201634618],[135.51547657884976,35.11003144367514],[135.5169068484365,35.109816060045866],[135.51679850999335,35.11115100062909],[135.51713565788177,35.11440238729947],[135.5171276010161,35.11576518065599],[135.5158140926269,35.11741381485223],[135.5137745082474,35.11859369003926]]]},"properties":{"KEY_CODE":"26213009004","PREF":"26","CITY":"213","CITY_NAME":"南丹市","S_NAME":"川辺熊原","SETAI":"21"}},{"type":"Feature","geometry":{"type":"Polygon","coordinates":[[[135.50723271671455,35.137653838327005],[135.50626706203755,35.13698373414414],[135.50451339532535,35.136206276668226],[135.50309426144383,35.1359402307408],[135.5024992619971,35.1357296408341],[135.50239980553621,35.13492107200989],[135.50204846694214,35.13386647837525],[135.50051778596318,35.13307657423382],[135.4994361362426,35.13199455132931],[135.4981151611263,35.1310584379841],[135.49690001606905,35.13093061455791],[135.4965195349947,35.131228395401095],[135.49504190538684,35.129177674401234],[135.49518892104214,35.127872310440694],[135.4968537136404,35.12660461595788],[135.49877555747355,35.12589963381922],[135.50324504625527,35.12497966005351],[135.50421016917176,35.12451306799402],[135.50525863788374,35.123467919862556],[135.5060162898758,35.121682628527864],[135.50681612002938,35.12191492960222],[135.50750576513806,35.12313427207264],[135.50887279276665,35.124820214837975],[135.5110770195766,35.12514016624555],[135.5134264477991,35.12495508092871],[135.51564812745465,35.12461944065616],[135.51735942330174,35.12518649453166],[135.51927565419106,35.1270775403],[135.5202248523793,35.12748141647849],[135.52123397067982,35.12843539095202],[135.5223946727218,35.13034917872749],[135.52139218842117,35.131217453782426],[135.52047532545578,35.13240359661848],[135.52042380854311,35.132946569821364],[135.51962908375083,35.13324972100151],[135.51884570708867,35.13280860878064],[135.51813215372067,35.13306326639683],[135.51731790123412,35.133975696005905],[135.51648973935468,35.1341899600995],[135.51447165188745,35.135129219402394],[135.51401919773264,35.13553094304196],[135.51195791872908,35.13575075653234],[135.509572852868,35.136413317818096],[135.50865652039656,35.13651984529193],[135.5082570674848,35.13730993702706],[135.50723271671455,35.137653838327005]]]},"properties":{"KEY_CODE":"26213009005","PREF":"26","CITY":"213","CITY_NAME":"南丹市","S_NAME":"川辺越方","SETAI":"27"}},{"type":"Feature","geometry":{"type":"Polygon","coordinates":[[[135.5223946727218,35.13034917872749],[135.52123397067982,35.12843539095202],[135.5202248523793,35.12748141647849],[135.51927565419106,35.1270775403],[135.51735942330174,35.12518649453166],[135.51564812745465,35.12461944065616],[135.5134264477991,35.12495508092871],[135.5110770195766,35.12514016624555],[135.50887279276665,35.124820214837975],[135.50750576513806,35.12313427207264],[135.50681612002938,35.12191492960222],[135.5060162898758,35.121682628527864],[135.50623626932588,35.12065807039502],[135.50667794151963,35.11860704375361],[135.50696262887496,35.11598359889485],[135.5076639488375,35.11513366783807],[135.50845618985946,35.11545363066544],[135.50972416014005,35.11656850711601],[135.51061580606293,35.11814163303013],[135.5119532139848,35.1191230986782],[135.5137745082474,35.11859369003926],[135.5143290968932,35.119686453780375],[135.51610734453226,35.12001273155784],[135.51719097876187,35.1210097140456],[135.51813806399713,35.12149444442889],[135.51893383372456,35.12226921553944],[135.52025110140815,35.122554812608215],[135.52148463607568,35.12394735798714],[135.5244382040142,35.12463257725845],[135.52409480516525,35.12699497641903],[135.5242779593492,35.1280845983884],[135.52395616981278,35.12938512583697],[135.52335880131523,35.13005822616443],[135.5223946727218,35.13034917872749]]]},"properties":{"KEY_CODE":"26213009006","PREF":"26","CITY":"213","CITY_NAME":"南丹市","S_NAME":"川辺佐切","SETAI":"21"}},{"type":"Feature","geometry":{"type":"Polygon","coordinates":[[[135.42141416224737,35.10465663245048],[135.42030351721894,35.10456169240438],[135.41947857566555,35.10491996329929],[135.41862860615922,35.10572820597567],[135.4173036840632,35.105869832817696],[135.41560373691846,35.10679475993737],[135.41296644004814,35.1069114347369],[135.41229725775833,35.10742781006583],[135.4117789948015,35.10736135821879],[135.4106541679307,35.10652812092439],[135.408979285685,35.10639478140512],[135.4059920830161,35.10528653312788],[135.4045546800855,35.105219866160745],[135.40414221268165,35.10553652902747],[135.40191736499358,35.105178215405886],[135.39966757231934,35.10461994075783],[135.39873020602025,35.10358667632171],[135.3984803410328,35.10192021555085],[135.39741797340366,35.10081194999334],[135.39619228191648,35.100936879446444],[135.39548816797497,35.100539637771845],[135.39388450752853,35.0986416463628],[135.39173059275322,35.09804300174047],[135.39199357969554,35.09725405904204],[135.3937059422111,35.09716229749652],[135.3964807902699,35.0959874047891],[135.39721824009715,35.09592062598436],[135.3976307758334,35.09506254891616],[135.39850573315474,35.094595861959064],[135.4003555857444,35.094204186700644],[135.4010930755892,35.093079239022714],[135.4016930924847,35.090462834119435],[135.40414290380093,35.08911308333704],[135.4037804494264,35.08825478858848],[135.40279301331435,35.08816318745662],[135.4017431193057,35.087713155873566],[135.40109321530318,35.086413277665415],[135.40029328892277,35.08605502755208],[135.39989331241884,35.08508011811595],[135.39983086756655,35.083113576041455],[135.39873097189118,35.081605391899934],[135.3992452124947,35.08100275509005],[135.39943698789992,35.078558213444936],[135.4000334765183,35.07768047067684],[135.39948359751446,35.07612908127386],[135.40146264700564,35.07608185060343],[135.40388766881978,35.07640728405864],[135.4054803743808,35.07680417623535],[135.4088348402561,35.07882314998532],[135.411432197076,35.08083807854813],[135.41324252837362,35.08005027749534],[135.4161828670523,35.078512456751454],[135.41828635963634,35.07825670892536],[135.41909216110884,35.07861500762819],[135.42071053446094,35.078379020731404],[135.4221428938452,35.0777655640091],[135.42433223115123,35.07876312617444],[135.4248863091374,35.07992104143552],[135.42604870424728,35.080504250322186],[135.4270070997704,35.08055638052453],[135.42882748732495,35.08107188123487],[135.4294412101803,35.08174480790309],[135.4297213414631,35.083349608421976],[135.42962607603977,35.0851171656417],[135.4303060260059,35.086890607386145],[135.43032242619205,35.08821830222605],[135.43078110897122,35.08862089745632],[135.43242003746758,35.08890251543183],[135.43310863640548,35.0894325907074],[135.43461028329352,35.091423227316625],[135.43519958194017,35.0913233547985],[135.43408437848916,35.094158209115555],[135.4332822382398,35.094162361217926],[135.43271219184695,35.09512426985546],[135.4298902325952,35.09719266513384],[135.4277795597677,35.09920482327018],[135.42512971085128,35.10109296736282],[135.42490915164873,35.101737517591786],[135.42362516119056,35.102796687824025],[135.42343811103603,35.10405002317226],[135.42309000161964,35.10405780562844],[135.42182189058423,35.104242348868155],[135.42141416224737,35.10465663245048]]]},"properties":{"KEY_CODE":"26213010001","PREF":"26","CITY":"213","CITY_NAME":"南丹市","S_NAME":"摩気竹井","SETAI":"118"}},{"type":"Feature","geometry":{"type":"Polygon","coordinates":[[[135.43756003243723,35.10523579708423],[135.4393155242906,35.10607509145912],[135.43873744446654,35.10637412734049],[135.43912129226493,35.10722137300091],[135.43928238033394,35.10742487531943],[135.43783133629492,35.10775691511681],[135.4333404685599,35.10833768595311],[135.43161378940135,35.107529144032725],[135.42909635304545,35.107517327588454],[135.42910035481057,35.10694548292922],[135.42854421322164,35.105819350446026],[135.4251214061805,35.10441929985251],[135.42343811103603,35.10405002317226],[135.42362516119056,35.102796687824025],[135.42490915164873,35.101737517591786],[135.42512971085128,35.10109296736282],[135.4277795597677,35.09920482327018],[135.4298902325952,35.09719266513384],[135.43271219184695,35.09512426985546],[135.4332822382398,35.094162361217926],[135.43408437848916,35.094158209115555],[135.43519958194017,35.0913233547985],[135.43621939036504,35.092115745269176],[135.4376936286041,35.092561757325754],[135.43842480970008,35.09247055404918],[135.43829880584133,35.094220369196044],[135.43847203098545,35.09461887212301],[135.43951241146556,35.09582994989685],[135.4401478816875,35.09779272224277],[135.44006829752004,35.09835224925617],[135.44094948518713,35.09986950139771],[135.43994627843597,35.101139115208355],[135.43974390153062,35.10245284054155],[135.43910521167598,35.10330233940003],[135.43776442103027,35.10320838818682],[135.4374035935601,35.1034142648856],[135.439696018937,35.10482184505974],[135.439966534371,35.10503859907053],[135.43756003243723,35.10523579708423]]]},"properties":{"KEY_CODE":"26213010002","PREF":"26","CITY":"213","CITY_NAME":"南丹市","S_NAME":"摩気仁江","SETAI":"70"}},{"type":"Feature","geometry":{"type":"Polygon","coordinates":[[[135.43397398899944,35.11919481965618],[135.4340821390603,35.11995197700185],[135.4335266367487,35.11982712935214],[135.4321017523864,35.119485464476575],[135.43185175700003,35.11932717676292],[135.43157677632863,35.11931046708392],[135.43138929707345,35.11953544535667],[135.43070180225928,35.12036874675154],[135.42918933692016,35.121543609759414],[135.42809924486673,35.12093943983008],[135.42795196549005,35.12071028513618],[135.42762697922308,35.12052698567895],[135.427564490319,35.12046035077495],[135.42710208208464,35.11946875868313],[135.42616471201524,35.118885434497024],[135.42568978066961,35.11786891594088],[135.42668979197154,35.11670231401467],[135.4272273347039,35.11532745811415],[135.42775232753002,35.11432756072141],[135.4274546099358,35.11369436544596],[135.4271524583197,35.112961002986154],[135.42571512836966,35.1118777510677],[135.42472772929165,35.11178609923648],[135.42467775244282,35.11176945310738],[135.42461528276021,35.11129448381938],[135.42486529468212,35.11027793339601],[135.4242279411492,35.10899469669421],[135.42409049491988,35.10806976597857],[135.42255325761835,35.106428209739825],[135.42189082842242,35.10601989502325],[135.42170342288335,35.10473667490201],[135.4215909461912,35.10467000899096],[135.42182189058423,35.10424234886817],[135.42309000161964,35.10405780562844],[135.42343811103603,35.10405002317226],[135.4251214061805,35.10441929985251],[135.42854421322164,35.105819350446026],[135.42910035481057,35.10694548292922],[135.42909635304545,35.10751732758843],[135.43161378940135,35.1075291440327],[135.4333404685599,35.108337685953096],[135.43783133629492,35.10775691511681],[135.43928238033394,35.10742487531942],[135.43912129226493,35.10722137300091],[135.43873744446654,35.10637412734049],[135.4393155242906,35.10607509145912],[135.43756003243723,35.10523579708423],[135.439966534371,35.10503859907053],[135.439696018937,35.10482184505974],[135.4374035935601,35.1034142648856],[135.43776442103027,35.10320838818682],[135.43910521167598,35.10330233940003],[135.43974390153062,35.10245284054155],[135.43994627843597,35.101139115208355],[135.44094948518713,35.09986950139771],[135.44345625029888,35.10067366822104],[135.44481971654605,35.10120275785734],[135.44550607576096,35.101285475598495],[135.44618927625316,35.101145484804675],[135.44672817045998,35.101953203390295],[135.44741173491437,35.10175947329248],[135.44875337029123,35.1026309875804],[135.44831009091706,35.10328795791142],[135.4477003442994,35.10496282126567],[135.44747268536835,35.105836345940155],[135.44733028112938,35.106382773066784],[135.44716750604834,35.10713369731692],[135.44732088640248,35.107516109661645],[135.44732225458273,35.11034868512169],[135.44712642131773,35.11039335864289],[135.446066057005,35.1105138821091],[135.44523572869247,35.110821656987305],[135.44350416755012,35.11166476381392],[135.4419909241398,35.11203578933736],[135.44086298738236,35.11188242032418],[135.4395128323914,35.11242706172106],[135.43901407614396,35.112956682799854],[135.4377857718848,35.113606308406645],[135.43737728588226,35.11379442372299],[135.43695124271724,35.11418563377765],[135.43678409501132,35.114604665525974],[135.43623363058103,35.115251714809936],[135.43570458431412,35.11547722176296],[135.435530918911,35.115833542128065],[135.4355626395129,35.11660111821765],[135.43563880771327,35.116958601236675],[135.43534091830173,35.11730652558401],[135.4342507410196,35.11791668615765],[135.43415225279628,35.11821433921743],[135.43397398899944,35.11919481965618]]]},"properties":{"KEY_CODE":"26213010003","PREF":"26","CITY":"213","CITY_NAME":"南丹市","S_NAME":"摩気船阪","SETAI":"57"}},{"type":"Feature","geometry":{"type":"Polygon","coordinates":[[[135.45196205376004,35.10089964359438],[135.4501835786263,35.10183228807996],[135.44959598316265,35.101870399693574],[135.44875337029123,35.1026309875804],[135.44741173491437,35.10175947329248],[135.44672817045998,35.101953203390295],[135.44618927625316,35.10114548480467],[135.44550607576096,35.101285475598495],[135.44481971654605,35.10120275785734],[135.44345625029888,35.10067366822104],[135.44094948518713,35.09986950139771],[135.44006829752004,35.09835224925617],[135.4401478816875,35.09779272224278],[135.43951241146564,35.0958299498968],[135.43847203098545,35.09461887212301],[135.43829880584133,35.094220369196044],[135.43842480970008,35.09247055404917],[135.43822223616792,35.09186662026576],[135.43882540249925,35.09099970085752],[135.44087129378653,35.0905785338145],[135.4419373263238,35.09096233146127],[135.442554061762,35.091166441861134],[135.44314603005304,35.09200055135219],[135.44407237426176,35.092900980585924],[135.44470299689326,35.09308760876443],[135.44437740184406,35.09224789316017],[135.44405003600747,35.091750938381914],[135.44433802981314,35.0914917437661],[135.44599314748467,35.091821997407905],[135.44633147909394,35.09173282807253],[135.44615742742616,35.09036595036968],[135.44689862024555,35.09038700155582],[135.45099647280836,35.09050308946382],[135.45055068079043,35.09142712283972],[135.4507164296198,35.09247907592164],[135.45010306509428,35.093740542265856],[135.45066428741853,35.09509261559568],[135.45138443405605,35.096202004040954],[135.45241958760704,35.09879389505764],[135.4519970978468,35.09994262614593],[135.45196205376004,35.10089964359438]]]},"properties":{"KEY_CODE":"26213010004","PREF":"26","CITY":"213","CITY_NAME":"南丹市","S_NAME":"摩気大西","SETAI":"56"}},{"type":"Feature","geometry":{"type":"Polygon","coordinates":[[[135.44405003600747,35.091750938381914],[135.44437740184406,35.09224789316017],[135.44470299689326,35.0930876087644],[135.44407237426176,35.092900980585924],[135.44314603005304,35.09200055135219],[135.442554061762,35.091166441861134],[135.4419373263238,35.09096233146127],[135.4408712937865,35.0905785338145],[135.43882540249925,35.09099970085749],[135.43822223616792,35.09186662026573],[135.43842480970008,35.09247055404918],[135.4376936286041,35.092561757325754],[135.43621939036504,35.092115745269176],[135.43519958194017,35.0913233547985],[135.43461028329352,35.091423227316625],[135.43310863640548,35.0894325907074],[135.43242003746758,35.08890251543183],[135.43078110897122,35.08862089745632],[135.43032242619205,35.08821830222605],[135.4303060260059,35.086890607386145],[135.42962607603977,35.0851171656417],[135.4297213414631,35.083349608421976],[135.4294412101803,35.08174480790309],[135.42882748732495,35.08107188123487],[135.4270070997704,35.08055638052453],[135.42604870424728,35.080504250322186],[135.4248863091374,35.07992104143552],[135.42433223115123,35.07876312617444],[135.4221428938452,35.0777655640091],[135.4211665981335,35.07481494016938],[135.4206330665799,35.07405927108787],[135.41845805156154,35.0730078848316],[135.41789929785244,35.07200840714802],[135.4179628586649,35.070635397039204],[135.4190765060312,35.06935598661619],[135.41961928405559,35.06755579133995],[135.42193701511914,35.06788533618382],[135.42340748477233,35.068707850210984],[135.4255486424484,35.06957845201924],[135.42624058937895,35.06964334192136],[135.42755661629676,35.06914944416425],[135.4286021488365,35.069772212627406],[135.43194549601435,35.07130662077553],[135.43389096364052,35.07250977508911],[135.43579256654587,35.07389629427675],[135.43821732323053,35.075030745742254],[135.443345339533,35.07508790689424],[135.44492331073667,35.07759278814237],[135.44949424097393,35.077819074362495],[135.45068162333885,35.078150383353716],[135.45193446388996,35.07895877409243],[135.45199534666904,35.07969846749864],[135.45207837209514,35.08078081893619],[135.45093667463206,35.08353338587228],[135.4507468525443,35.086836132312236],[135.45183734980543,35.08768274762233],[135.45200921533436,35.09004827081464],[135.45099647280836,35.09050308946382],[135.44689862024555,35.09038700155582],[135.44615742742616,35.09036595036968],[135.44633147909394,35.09173282807253],[135.44599314748467,35.091821997407905],[135.44433802981314,35.091491743766085],[135.44405003600747,35.091750938381914]]]},"properties":{"KEY_CODE":"26213010005","PREF":"26","CITY":"213","CITY_NAME":"南丹市","S_NAME":"摩気宍人","SETAI":"58"}},{"type":"Feature","geometry":{"type":"Polygon","coordinates":[[[135.45724740978432,35.10264592449354],[135.45707319122818,35.10240153610378],[135.45605037357655,35.103408075738635],[135.45521753227425,35.101959522342064],[135.45196205376004,35.10089964359438],[135.45199709784677,35.09994262614593],[135.45241958760704,35.098793895057625],[135.45138443405605,35.09620200404094],[135.45066428741853,35.09509261559568],[135.45010306509428,35.093740542265856],[135.4507164296198,35.09247907592164],[135.45055068079043,35.09142712283972],[135.45099647280836,35.09050308946382],[135.45200921533436,35.090048270814634],[135.45183734980543,35.08768274762233],[135.4507468525443,35.0868361323122],[135.4552891493024,35.08724094738239],[135.45599139860644,35.08707239802071],[135.4582595953631,35.087911695820175],[135.45896335954797,35.088668692918745],[135.45916792960202,35.08891321381263],[135.4611079324272,35.08854576534729],[135.46260290837023,35.088459925785905],[135.4632561405165,35.08930815796609],[135.46397705577073,35.089641509537266],[135.4648816268527,35.08891911360498],[135.46687537621895,35.088729708063426],[135.4690328724139,35.08862282363324],[135.46730025586697,35.09175643921182],[135.46676726529168,35.09186882413088],[135.46634662122085,35.091985221312385],[135.46555347961595,35.0922905540458],[135.46362676561515,35.09434726196919],[135.4631073049255,35.095039378002944],[135.46267082540422,35.09597053794809],[135.4628112320093,35.097924394540314],[135.46310837201247,35.0990697342767],[135.46301079322959,35.1002138181167],[135.46221280665114,35.101461633927606],[135.46197393180717,35.10179440001244],[135.46119630998018,35.10267832987402],[135.46062647833222,35.102868060983496],[135.46041175994006,35.10265582308319],[135.45812721773268,35.1026540845473],[135.45724740978432,35.10264592449354]]]},"properties":{"KEY_CODE":"26213010006","PREF":"26","CITY":"213","CITY_NAME":"南丹市","S_NAME":"摩気半田","SETAI":"77"}},{"type":"Feature","geometry":{"type":"Polygon","coordinates":[[[135.47336693881485,35.088453601014834],[135.4730031737902,35.0885351962476],[135.4690328724139,35.08862282363329],[135.46687537621895,35.088729708063426],[135.4648816268527,35.08891911360498],[135.46397705577073,35.089641509537266],[135.4632561405165,35.089308157966094],[135.46260290837023,35.088459925785884],[135.4611079324272,35.08854576534729],[135.45916792960202,35.08891321381264],[135.45896335954797,35.088668692918745],[135.4582595953631,35.087911695820175],[135.45599139860644,35.08707239802071],[135.4552891493024,35.08724094738239],[135.4507468525443,35.086836132312236],[135.45093667463206,35.08353338587228],[135.45207837209514,35.08078081893619],[135.45199534666904,35.07969846749864],[135.45193446388996,35.0789587740924],[135.45320220648873,35.07836162829902],[135.4544519250978,35.07813631636972],[135.45734098854135,35.077738810017934],[135.45909220338376,35.07716947121606],[135.45992959333432,35.07556986011958],[135.4606967113823,35.07496851740571],[135.46241240460023,35.0750165605141],[135.4647309005469,35.074705175367676],[135.46619215279284,35.0742981373126],[135.46719606908962,35.07566356099799],[135.46945699714064,35.07609181447445],[135.47191822588613,35.07605988122307],[135.4738588899612,35.075837595068116],[135.4746101432351,35.076012766251885],[135.47727852134304,35.07531501852145],[135.47563356905798,35.078784018277936],[135.47477496843612,35.08184797708342],[135.4744417376005,35.08216416078828],[135.47450997191595,35.08358032748483],[135.47581831003765,35.084448229214146],[135.474681202554,35.08603496714274],[135.47479471537153,35.08705496718687],[135.47577609345092,35.08762876029601],[135.47519402170414,35.08761722927411],[135.47336693881485,35.088453601014834]]]},"properties":{"KEY_CODE":"26213010007","PREF":"26","CITY":"213","CITY_NAME":"南丹市","S_NAME":"摩気口人","SETAI":"43"}},{"type":"Feature","geometry":{"type":"Polygon","coordinates":[[[135.48607648259815,35.087231112610525],[135.48526483651239,35.0872608386671],[135.48351073934927,35.08742409755665],[135.48205857866574,35.087646163197185],[135.4799442150454,35.08804067005057],[135.47764011622155,35.087933581829944],[135.47577609345092,35.08762876029601],[135.47479471537153,35.08705496718687],[135.474681202554,35.08603496714274],[135.47581831003765,35.084448229214146],[135.47450997191595,35.08358032748483],[135.4744417376005,35.08216416078828],[135.47477496843612,35.08184797708342],[135.47563356905798,35.078784018277936],[135.47727852134304,35.07531501852145],[135.47918700851596,35.07256534203579],[135.47949922400676,35.07237363836811],[135.48107408877334,35.07209881363341],[135.48183653622274,35.07124890690802],[135.4820740456587,35.070982224414365],[135.48326145259688,35.070123979103705],[135.48382393303842,35.06914081041202],[135.48557374537776,35.06898246156675],[135.48628619054296,35.06947418022026],[135.48778603494222,35.06963251435392],[135.4887984321475,35.069840890418824],[135.48994831375018,35.06902427056521],[135.49021078948596,35.068924241314434],[135.49112319598953,35.068532696231706],[135.493110528361,35.068507644383835],[135.49433540995236,35.068232811751535],[135.49464784652844,35.068232777699876],[135.49589775716157,35.06810783337948],[135.4971726336656,35.067982909024416],[135.49843499721908,35.06817456548823],[135.4989349318593,35.067999578290504],[135.50040978511447,35.06822463167918],[135.50108684022817,35.068087410775156],[135.50133705349927,35.068170912873455],[135.50210960466072,35.06856623384671],[135.50438438619761,35.069041301419055],[135.5057540811356,35.06909528128392],[135.5058681344469,35.069209557931494],[135.506058453049,35.06966811546778],[135.5060333049315,35.06985464610975],[135.50611163294278,35.07065094304408],[135.5060093190551,35.07118704568451],[135.50597586536082,35.071244872037305],[135.50504280169676,35.0722388161141],[135.5043753635792,35.07223932623044],[135.5041879330985,35.071419341542004],[135.503460991459,35.071522780690394],[135.50213615370797,35.07117555712871],[135.49944184721738,35.071277702420474],[135.4979590948196,35.07233382857916],[135.4960366984701,35.07401653650754],[135.49448515796666,35.07620009667296],[135.49324490282513,35.07659311600406],[135.49203008441316,35.077477886061764],[135.49065737425292,35.079467054411325],[135.48859359279402,35.08137616642565],[135.48852782757592,35.082253903496145],[135.4890165284567,35.08355499405295],[135.48863696326944,35.08444929630937],[135.48793559907006,35.0846874769242],[135.48664988921504,35.08444314829507],[135.4863729090929,35.08560909138669],[135.48659789348906,35.08610402027122],[135.48607648259815,35.087231112610525]]]},"properties":{"KEY_CODE":"26213010008","PREF":"26","CITY":"213","CITY_NAME":"南丹市","S_NAME":"摩気口司","SETAI":"42"}},{"type":"Feature","geometry":{"type":"Polygon","coordinates":[[[135.47727852134304,35.07531501852145],[135.4746101432351,35.076012766251885],[135.4738588899612,35.075837595068116],[135.47191822588613,35.07605988122307],[135.46945699714064,35.07609181447445],[135.46719606908962,35.07566356099799],[135.46619215279284,35.0742981373126],[135.4647309005469,35.074705175367676],[135.46241240460023,35.0750165605141],[135.4606967113823,35.07496851740571],[135.45949594451437,35.073525689158444],[135.45905136024402,35.07239772571693],[135.45721581326347,35.07036279979609],[135.45488376419485,35.06886607654119],[135.45437138038872,35.06642671976425],[135.45441732216386,35.06493478564718],[135.45513052866684,35.06360676825258],[135.45546677888296,35.06290062121978],[135.4570917975658,35.06194225474076],[135.45785145857397,35.06182098473751],[135.46001176735385,35.06160149327037],[135.4612833407718,35.061299374291615],[135.46418012866675,35.061379092980815],[135.46672439233208,35.06294934196653],[135.46770142371324,35.063054128779875],[135.46902440558733,35.0648800476965],[135.46964930579983,35.06642190077307],[135.47032695600046,35.06736168577198],[135.4721497678087,35.06659900595397],[135.47261220696174,35.06699900276614],[135.47363713982304,35.06739066445598],[135.47402460705646,35.068023938336594],[135.47426212288406,35.06828230909516],[135.47459958582422,35.068557241132325],[135.47491207452273,35.07051542320453],[135.47622446454812,35.071848731000735],[135.4769244158813,35.072382002293516],[135.47782435055422,35.07242369944418],[135.4790367339415,35.07258202153633],[135.47918700851596,35.07256534203579],[135.47727852134304,35.07531501852145]]]},"properties":{"KEY_CODE":"26213011001","PREF":"26","CITY":"213","CITY_NAME":"南丹市","S_NAME":"西本梅殿谷","SETAI":"25"}},{"type":"Feature","geometry":{"type":"Polygon","coordinates":[[[135.45992959333432,35.07556986011958],[135.45909220338376,35.07716947121605],[135.4573409885413,35.077738810017934],[135.4544519250978,35.07813631636972],[135.45320220648873,35.07836162829902],[135.45193446388996,35.07895877409243],[135.45068162333885,35.078150383353716],[135.44949424097393,35.077819074362495],[135.44492331073667,35.07759278814237],[135.443345339533,35.07508790689424],[135.43821732323053,35.075030745742254],[135.43914286066354,35.07421123680458],[135.43939484851978,35.073466018638634],[135.4393581128751,35.07177800765061],[135.43897227159812,35.07130718784551],[135.438694758049,35.06992787174303],[135.43966196629606,35.06758599384035],[135.43920192496373,35.065937156581676],[135.4373015293379,35.06387551663098],[135.43704836024864,35.06306866425727],[135.43603787900622,35.062115408744035],[135.43652139909676,35.060929616488075],[135.43591868684516,35.06075301184214],[135.43461112752883,35.05835024310559],[135.43363342331787,35.057154497288465],[135.4337833496014,35.05492617862394],[135.43501075783846,35.05388420368726],[135.4382923107537,35.05159732964208],[135.4390568288657,35.05000715644137],[135.43970181963616,35.04751622692742],[135.44066079901245,35.046340129843365],[135.44286990368192,35.04602557368079],[135.44339223881582,35.045732868429],[135.4432089171739,35.043651341686314],[135.4440922473776,35.043035617914306],[135.4474474821213,35.04303607642942],[135.44779277546502,35.04323695073619],[135.4485285937067,35.04503313959785],[135.44853991024385,35.046021853237384],[135.4453417546632,35.04932756339202],[135.4461438058703,35.05012809761505],[135.44729129381028,35.050266133761724],[135.4475579735362,35.05063624499543],[135.44863489580496,35.05059683485867],[135.45074403070046,35.049145502570106],[135.4515798944236,35.0502707643544],[135.44931022037713,35.051573838096125],[135.4525659107123,35.05270848348995],[135.45492393888043,35.054555823224625],[135.45442543326305,35.05542512244227],[135.45335270887938,35.055668700729086],[135.45386821773266,35.05720372186305],[135.4557312031409,35.05627476031076],[135.45633070163183,35.057179189868705],[135.4559018876249,35.057371368447384],[135.45625745613947,35.058329990931526],[135.45575158764197,35.05875043138416],[135.45600666469585,35.05987572778358],[135.45553007124923,35.060361725877954],[135.4567759457516,35.06124784251627],[135.45785145857397,35.06182098473751],[135.4570917975658,35.06194225474076],[135.45546677888296,35.06290062121978],[135.45513052866684,35.06360676825258],[135.45441732216386,35.06493478564717],[135.45437138038872,35.06642671976425],[135.45488376419485,35.06886607654119],[135.45721581326347,35.07036279979609],[135.45905136024408,35.07239772571693],[135.45949594451437,35.073525689158444],[135.46069671138235,35.07496851740571],[135.45992959333432,35.07556986011958]]]},"properties":{"KEY_CODE":"26213011002","PREF":"26","CITY":"213","CITY_NAME":"南丹市","S_NAME":"西本梅埴生","SETAI":"105"}},{"type":"Feature","geometry":{"type":"Polygon","coordinates":[[[135.4432089171739,35.043651341686314],[135.44339223881582,35.045732868429],[135.44286990368192,35.04602557368079],[135.44066079901245,35.046340129843365],[135.43970181963616,35.04751622692742],[135.4390568288657,35.05000715644137],[135.4382923107537,35.05159732964208],[135.43501075783846,35.05388420368726],[135.4337833496014,35.05492617862394],[135.43363342331787,35.057154497288465],[135.43461112752883,35.05835024310559],[135.43591868684516,35.06075301184214],[135.43652139909676,35.060929616488075],[135.43603787900622,35.062115408744035],[135.43704836024864,35.06306866425727],[135.4373015293379,35.06387551663098],[135.43920192496373,35.065937156581676],[135.43966196629606,35.06758599384035],[135.438694758049,35.06992787174303],[135.43897227159812,35.07130718784551],[135.4393581128751,35.07177800765061],[135.43939484851978,35.073466018638634],[135.43914286066354,35.07421123680458],[135.43821732323053,35.075030745742254],[135.43579256654587,35.07389629427675],[135.43389096364052,35.07250977508911],[135.43194549601435,35.07130662077553],[135.4286021488365,35.069772212627406],[135.42755661629676,35.06914944416425],[135.42624058937895,35.06964334192136],[135.4255486424484,35.06957845201924],[135.42340748477233,35.068707850210984],[135.42193701511914,35.06788533618382],[135.41961928405559,35.06755579133995],[135.418986454027,35.066254112697116],[135.418995058895,35.06503774584494],[135.42097268238635,35.062055224331175],[135.42147376819605,35.0603606112432],[135.42126054525366,35.059363278270226],[135.420338426765,35.057472811334165],[135.42161509876607,35.05764557492126],[135.4230718080108,35.05873979454146],[135.42396382112895,35.05912657480361],[135.42563711508544,35.059338295880124],[135.4270911128173,35.0588863194444],[135.42690585918433,35.05808103464691],[135.4240743255713,35.056978810869445],[135.42186426384959,35.0552809968968],[135.42163500353016,35.05439718601347],[135.4230265215489,35.05329527052272],[135.42323269093197,35.05281558456919],[135.42322372202014,35.050696683699194],[135.42413084049562,35.04891565538098],[135.42208651407338,35.04499651960849],[135.42030982020543,35.04271752806709],[135.42109554395435,35.04123997851478],[135.42307626937668,35.039424826511485],[135.42463853577877,35.03773514324552],[135.42709601516876,35.035931976177736],[135.42867774146674,35.0338576736373],[135.43130330452243,35.03286165818223],[135.4326918491583,35.03211280297813],[135.43511358573005,35.030528740850144],[135.4371334618684,35.03362156271261],[135.4379064878329,35.038258208661915],[135.43767653370492,35.04010400998755],[135.43906512799626,35.04046042112464],[135.44137608717918,35.04168179615939],[135.4432089171739,35.043651341686314]]]},"properties":{"KEY_CODE":"26213011003","PREF":"26","CITY":"213","CITY_NAME":"南丹市","S_NAME":"西本梅南八田","SETAI":"51"}},{"type":"Feature","geometry":{"type":"Polygon","coordinates":[[[135.4221428938452,35.0777655640091],[135.42071053446094,35.078379020731404],[135.41909216110884,35.07861500762819],[135.41828635963634,35.07825670892536],[135.4161828670523,35.078512456751454],[135.41324252837362,35.08005027749534],[135.411432197076,35.08083807854813],[135.4088348402561,35.07882314998532],[135.4054803743808,35.07680417623535],[135.40388766881978,35.07640728405864],[135.40146264700564,35.07608185060343],[135.39948359751446,35.07612908127386],[135.39810611046897,35.07615587418324],[135.39748116674022,35.075730928602454],[135.39562935551675,35.075826555070634],[135.3941151476094,35.074992230154685],[135.39372718590607,35.073782063231256],[135.39314071854164,35.07311079638144],[135.39181920886492,35.07269791802128],[135.38918752801428,35.07291103914649],[135.3889791905141,35.07218579802762],[135.38657885248463,35.07253643792555],[135.38554621260445,35.07126764069129],[135.3841700568578,35.07067502365174],[135.3830639574004,35.070477160603836],[135.38182710845936,35.06878557888824],[135.37912838269267,35.06795426355599],[135.37800186378823,35.0673704498624],[135.3771462941297,35.06622558147816],[135.37605324010048,35.06575720738609],[135.37593796892176,35.06429701688795],[135.3766307565187,35.06332128098041],[135.3767634199028,35.060895754709236],[135.37491561513096,35.06026820909177],[135.37347248941202,35.05955553270402],[135.37277398994968,35.05983575194456],[135.3707222268484,35.05877481069781],[135.3681724673316,35.05542688211443],[135.36846627948896,35.05350449130088],[135.36931742611807,35.05237116257012],[135.3686306388315,35.0497470709621],[135.36855751662856,35.04888621085572],[135.36939118921651,35.04725486562333],[135.3704652253578,35.045810404948405],[135.371436228619,35.04532187390919],[135.37254614896597,35.04516689086512],[135.3760333829464,35.04415864670881],[135.37658337186446,35.04282540226346],[135.3775583096697,35.04169222736282],[135.37818327801855,35.04058401617761],[135.38004418695454,35.03924349656643],[135.382537965052,35.04034568156983],[135.38387312619187,35.04023335584231],[135.38532088381535,35.040768667716414],[135.38751699101257,35.04252209579739],[135.3887217673847,35.043089658406686],[135.39021951573142,35.04443076252361],[135.39068049266172,35.0455677193945],[135.39063490021988,35.04621922721656],[135.39011595534825,35.04655285293295],[135.38847805332782,35.048323287093496],[135.38680372231545,35.04919978806494],[135.38648385595803,35.050251132748095],[135.38640055003037,35.0513214866441],[135.38642220603822,35.052746264010715],[135.38740958710125,35.05453867031474],[135.3870536972903,35.05608542018993],[135.3864953175256,35.05737451479955],[135.38620407263886,35.058046819096475],[135.38634987164923,35.059559474393424],[135.3867870567717,35.06154376388014],[135.38737069164935,35.06265281871778],[135.38799123830177,35.06314265584788],[135.39000207435626,35.064816283185415],[135.39106460778945,35.06521091538181],[135.39278512696598,35.06513900523881],[135.39422527370587,35.06484911510335],[135.39523278678854,35.063945057957085],[135.39517025337713,35.06237240899174],[135.39549764129248,35.06116178572675],[135.39696890309656,35.06048967648278],[135.39933502210937,35.059984570010045],[135.40036146494225,35.06004018900228],[135.40328788493682,35.05930211455797],[135.40684095122876,35.057873462698616],[135.40946660384787,35.057734512043226],[135.41137284966842,35.056967636159854],[135.41324418162932,35.0570499727904],[135.4168345699378,35.05783153952887],[135.420338426765,35.057472811334165],[135.42126054525366,35.059363278270226],[135.42147376819605,35.0603606112432],[135.42097268238635,35.062055224331175],[135.418995058895,35.06503774584494],[135.418986454027,35.066254112697116],[135.41961928405559,35.06755579133995],[135.4190765060312,35.06935598661619],[135.4179628586649,35.070635397039204],[135.41789929785244,35.07200840714802],[135.41845805156154,35.0730078848316],[135.4206330665799,35.07405927108787],[135.4211665981335,35.07481494016938],[135.4221428938452,35.0777655640091]]]},"properties":{"KEY_CODE":"26213011004","PREF":"26","CITY":"213","CITY_NAME":"南丹市","S_NAME":"西本梅天引","SETAI":"57"}},{"type":"Feature","geometry":{"type":"Polygon","coordinates":[[[135.40328788493682,35.05930211455797],[135.40036146494225,35.06004018900231],[135.3993350221093,35.05998457001002],[135.39696890309656,35.06048967648278],[135.39549764129248,35.06116178572675],[135.39517025337713,35.06237240899174],[135.39523278678854,35.063945057957085],[135.39422527370587,35.06484911510335],[135.39278512696598,35.06513900523881],[135.39106460778953,35.06521091538181],[135.39000207435626,35.064816283185415],[135.38799123830177,35.06314265584788],[135.3873706916493,35.062652818717744],[135.3867870567717,35.06154376388014],[135.38634987164923,35.059559474393424],[135.38620407263892,35.058046819096475],[135.3864953175256,35.05737451479955],[135.3870536972903,35.05608542018993],[135.38740958710125,35.05453867031474],[135.3864222060382,35.05274626401072],[135.38640055003037,35.0513214866441],[135.38648385595803,35.050251132748095],[135.38680372231548,35.04919978806494],[135.38847805332782,35.048323287093496],[135.39011595534825,35.046552852932955],[135.39063490021988,35.04621922721656],[135.39280206772614,35.04561943389844],[135.39472255954888,35.04502816408016],[135.39629582273798,35.045100687266356],[135.39641500417207,35.048038402992546],[135.3980311516798,35.050034439782756],[135.39876771397059,35.050843350369],[135.39906056040206,35.0519951618742],[135.3996256450911,35.05270588733152],[135.40140650781672,35.053148340465874],[135.4016509045426,35.05359336758151],[135.40140843154788,35.05466138877827],[135.401887499139,35.05537159482327],[135.4030639225628,35.05785502673555],[135.40328788493682,35.05930211455797]]]},"properties":{"KEY_CODE":"26213011005","PREF":"26","CITY":"213","CITY_NAME":"南丹市","S_NAME":"西本梅法京","SETAI":"11"}},{"type":"Feature","geometry":{"type":"Polygon","coordinates":[[[135.420338426765,35.057472811334165],[135.4168345699378,35.05783153952887],[135.41324418162932,35.0570499727904],[135.41137284966842,35.056967636159854],[135.40946660384787,35.057734512043226],[135.40684095122876,35.057873462698616],[135.40328788493682,35.05930211455797],[135.4030639225628,35.05785502673555],[135.401887499139,35.05537159482327],[135.40140843154788,35.054661388778264],[135.4016509045426,35.05359336758151],[135.40140650781672,35.05314834046589],[135.3996256450911,35.05270588733152],[135.399060560402,35.05199516187418],[135.39876771397059,35.050843350369],[135.3980311516798,35.050034439782756],[135.39641500417207,35.048038402992546],[135.39629582273798,35.045100687266356],[135.39472255954885,35.04502816408016],[135.39280206772614,35.04561943389844],[135.39063490021988,35.04621922721656],[135.39068049266172,35.0455677193945],[135.39021951573142,35.04443076252361],[135.3887217673847,35.043089658406686],[135.38751699101257,35.04252209579739],[135.38532088381535,35.040768667716414],[135.38387312619187,35.04023335584231],[135.382537965052,35.04034568156983],[135.38004418695454,35.03924349656643],[135.3806550632395,35.03708350950415],[135.3805581900084,35.03628057276089],[135.3799818784668,35.03548111787157],[135.38062439744456,35.03373570066664],[135.381445256709,35.032482973560214],[135.38224986980302,35.03181131850531],[135.38239349061476,35.03115060266204],[135.38304170418365,35.031049305936925],[135.3831944616785,35.03087626777308],[135.3832116337073,35.030846986987314],[135.38374631795475,35.03015613620075],[135.38377985637936,35.030010664822996],[135.38381853324196,35.02935610668947],[135.3838710304208,35.02926840990268],[135.3842342262416,35.02925038705804],[135.3856328572581,35.02861023876362],[135.3859703622887,35.02801860076159],[135.38710774237626,35.028385269481376],[135.3887825843259,35.02864363807435],[135.38933257512747,35.02866851295989],[135.38978252827846,35.028501958426354],[135.39055747782538,35.02797701277227],[135.39216980114423,35.02876025931782],[135.392307287401,35.02911026064631],[135.39325720821395,35.029476921448264],[135.39378218651788,35.02895197506053],[135.3947945720943,35.02871862104177],[135.39555703494028,35.02807695505235],[135.39575700704225,35.027602079615825],[135.39640789862077,35.026287289157324],[135.39613198455652,35.02551898137236],[135.39725693208987,35.02487741475389],[135.39778185179836,35.02472740037249],[135.39841501984554,35.024983291132195],[135.39868177740624,35.025102432023154],[135.3988692958302,35.0251107525576],[135.3995567310242,35.024910756094286],[135.40174401853358,35.025760722189325],[135.4031314099374,35.025469069864286],[135.40428130649957,35.025769082760654],[135.40491877219202,35.025427396670345],[135.40633115290876,35.02531907816124],[135.40750605408047,35.02593574562237],[135.4095558965864,35.025777530766376],[135.41035580160195,35.02594408964863],[135.411673705243,35.02572256743991],[135.41381805593383,35.026360751583994],[135.4146179883193,35.02740224835195],[135.41598040936537,35.02797719330972],[135.4173427970165,35.02721065882376],[135.42029257632046,35.028152165798794],[135.4216174451767,35.02667742015049],[135.42365468104106,35.02646910126392],[135.42455462034397,35.02741902019908],[135.42594194910427,35.02849376923272],[135.42665434070977,35.02846887857689],[135.42720429009805,35.02767727345674],[135.42911650383297,35.02633576587606],[135.4313787371947,35.026044209508065],[135.4337819214611,35.02458984469261],[135.43688214377764,35.028547004406406],[135.43511358573005,35.030528740850144],[135.4326918491583,35.03211280297813],[135.43130330452243,35.03286165818223],[135.42867774146674,35.0338576736373],[135.42709601516876,35.035931976177736],[135.42463853577877,35.03773514324552],[135.42307626937668,35.039424826511485],[135.42109554395435,35.04123997851478],[135.42030982020543,35.04271752806709],[135.42208651407338,35.04499651960849],[135.42413084049562,35.04891565538098],[135.42322372202014,35.050696683699194],[135.42323269093197,35.05281558456919],[135.4230265215489,35.05329527052272],[135.42163500353016,35.05439718601347],[135.42186426384959,35.0552809968968],[135.4240743255713,35.056978810869445],[135.42690585918433,35.05808103464691],[135.4270911128173,35.0588863194444],[135.42563711508544,35.059338295880124],[135.42396382112895,35.05912657480361],[135.4230718080108,35.05873979454146],[135.42161509876607,35.05764557492126],[135.420338426765,35.057472811334165]]]},"properties":{"KEY_CODE":"26213011006","PREF":"26","CITY":"213","CITY_NAME":"南丹市","S_NAME":"西本梅大河内","SETAI":"89"}},{"type":"Feature","geometry":{"type":"Polygon","coordinates":[[[135.45729117238898,35.05552936125467],[135.45629019023843,35.05535628756379],[135.45583650712308,35.05580104699196],[135.4557312031409,35.05627476031076],[135.45386821773266,35.05720372186305],[135.45335270887938,35.055668700729086],[135.45442543326305,35.05542512244227],[135.45492393888043,35.054555823224625],[135.4525659107123,35.05270848348995],[135.44931022037713,35.051573838096125],[135.4515798944236,35.0502707643544],[135.45074403070046,35.049145502570106],[135.44863489580496,35.05059683485867],[135.4475579735362,35.05063624499543],[135.44729129381028,35.050266133761724],[135.4461438058703,35.05012809761505],[135.4453417546632,35.04932756339202],[135.44853991024385,35.046021853237384],[135.4485285937067,35.04503313959785],[135.44779277546502,35.04323695073619],[135.4474474821213,35.04303607642942],[135.4440922473776,35.043035617914306],[135.4432089171739,35.043651341686314],[135.44137608717918,35.04168179615939],[135.43906512799626,35.04046042112464],[135.43767653370492,35.04010400998755],[135.4379064878329,35.038258208661915],[135.4371334618684,35.03362156271261],[135.43511358573005,35.030528740850144],[135.43688214377764,35.028547004406406],[135.4401986199114,35.03277694600751],[135.44302732379205,35.03690133171393],[135.44492710814873,35.03633474269604],[135.44698939544494,35.036084792761464],[135.44802680868713,35.036259791987504],[135.44918920763624,35.036876361515986],[135.4498891376228,35.037559637206606],[135.44980822758123,35.039992230488984],[135.45155148389583,35.04076767978483],[135.4531763217205,35.04115931113836],[135.45388876408498,35.04159253618664],[135.45521364873167,35.04181757266283],[135.45613857391973,35.04276754124934],[135.45647605239492,35.04426730898962],[135.45867582278652,35.04544226661856],[135.45868828327588,35.0468671489179],[135.46008814806018,35.04697549427956],[135.46080061784662,35.047600537845355],[135.46240904431087,35.048219614987815],[135.46306291337137,35.04849210405872],[135.4654852188777,35.0506727329006],[135.4661613622367,35.051424631921826],[135.4668988046698,35.05242653064076],[135.4680527284994,35.053738224401656],[135.46892490005015,35.053783449173984],[135.4693322955721,35.05423187812045],[135.46935105205884,35.05425181992056],[135.46728041985065,35.05507190149816],[135.4662129916344,35.055240257478765],[135.46453625799617,35.05527203861114],[135.46375637722105,35.05601991573748],[135.4624166182546,35.055819899373816],[135.46233062704454,35.055124616874906],[135.45861969977227,35.056042005363224],[135.45839038861342,35.056022039923654],[135.45729117238898,35.05552936125467]]]},"properties":{"KEY_CODE":"26213011007","PREF":"26","CITY":"213","CITY_NAME":"南丹市","S_NAME":"西本梅南大谷","SETAI":"28"}},{"type":"Feature","geometry":{"type":"Polygon","coordinates":[[[135.4721497678087,35.06659900595397],[135.47032695600046,35.06736168577198],[135.46964930579983,35.06642190077307],[135.46902440558733,35.0648800476965],[135.46770142371324,35.063054128779875],[135.46672439233208,35.06294934196653],[135.46418012866675,35.061379092980815],[135.4612833407718,35.061299374291615],[135.46001176735385,35.06160149327037],[135.45785145857397,35.06182098473751],[135.4567759457516,35.06124784251627],[135.45553007124923,35.060361725877954],[135.45600666469585,35.05987572778358],[135.45575158764197,35.05875043138416],[135.45625745613947,35.058329990931526],[135.4559018876249,35.057371368447384],[135.45633070163183,35.05717918986872],[135.45573120314094,35.05627476031076],[135.45583650712308,35.05580104699196],[135.4562901902385,35.05535628756379],[135.45729117238898,35.05552936125467],[135.45839038861342,35.056022039923654],[135.45861969977227,35.056042005363224],[135.46233062704454,35.055124616874906],[135.4624166182546,35.055819899373816],[135.46375637722105,35.05601991573748],[135.46453625799617,35.05527203861114],[135.4662129916344,35.055240257478765],[135.46728041985065,35.05507190149818],[135.46935105205884,35.05425181992056],[135.46896242263344,35.054533381287605],[135.46921237012933,35.055366640455034],[135.47056229206476,35.055933269294826],[135.4714372431063,35.057199837849524],[135.47308712227934,35.05919960615313],[135.47374958589995,35.05971631839907],[135.47419954174367,35.06059128608829],[135.47391206927773,35.06161616686856],[135.47269968777135,35.06327432998635],[135.47259967491027,35.06386590972532],[135.47237471362004,35.06522425293226],[135.4721497678087,35.06659900595397]]]},"properties":{"KEY_CODE":"26213011008","PREF":"26","CITY":"213","CITY_NAME":"南丹市","S_NAME":"西本梅若森","SETAI":"28"}},{"type":"Feature","geometry":{"type":"Polygon","coordinates":[[[135.5334932396209,35.07483063923986],[135.53322747929394,35.07515977490681],[135.53149789194478,35.07492827981472],[135.53081327084604,35.07492337039334],[135.53075267702795,35.0747777035264],[135.53064239481589,35.07478283931396],[135.53047293547496,35.07461188722531],[135.53029298019126,35.07423066952312],[135.53191828120154,35.071952672855424],[135.53231903730813,35.0711185369296],[135.5329512863996,35.0712899391132],[135.53345264128296,35.071704086955855],[135.53364300831976,35.071578828451976],[135.5340789275988,35.07147670204213],[135.53455145896572,35.07165649348767],[135.5352758930258,35.07148482863573],[135.53580498615628,35.07166792518748],[135.534062743087,35.07385481722503],[135.5334932396209,35.07483063923986]]]},"properties":{"KEY_CODE":"26213012001","PREF":"26","CITY":"213","CITY_NAME":"南丹市","S_NAME":"八木本町一丁目","SETAI":"141"}},{"type":"Feature","geometry":{"type":"Polygon","coordinates":[[[135.53580498615628,35.07166792518748],[135.5352758930258,35.07148482863573],[135.53455145896572,35.07165649348767],[135.5340789275988,35.07147670204213],[135.5342471186475,35.07081878843436],[135.535500422639,35.0712782824772],[135.53599580400126,35.07144652904242],[135.53580498615628,35.07166792518748]]]},"properties":{"KEY_CODE":"26213012002","PREF":"26","CITY":"213","CITY_NAME":"南丹市","S_NAME":"八木本町二丁目","SETAI":"17"}},{"type":"Feature","geometry":{"type":"Polygon","coordinates":[[[135.53638932831004,35.070968781350096],[135.535500422639,35.0712782824772],[135.5342471186475,35.07081878843436],[135.53456062840763,35.07004023051105],[135.53512735284664,35.07003466160687],[135.53651347101695,35.07082847253997],[135.53638932831004,35.070968781350096]]]},"properties":{"KEY_CODE":"26213012003","PREF":"26","CITY":"213","CITY_NAME":"南丹市","S_NAME":"八木本町三丁目","SETAI":"26"}},{"type":"Feature","geometry":{"type":"Polygon","coordinates":[[[135.53753440380697,35.06987999298337],[135.53651347101695,35.07082847253997],[135.53512735284664,35.07003466160687],[135.53456062840763,35.07004023051105],[135.53471805714722,35.06970194102412],[135.53405419255694,35.06948013833024],[135.53416553118433,35.06908990468175],[135.5342944097594,35.06892285499725],[135.5341769569661,35.06874316287799],[135.53426961424137,35.06870253103476],[135.53469020637198,35.068444839111926],[135.53520542499953,35.068950305667805],[135.5355746501655,35.0690970147899],[135.5367071509327,35.06954913162811],[135.53753440380697,35.06987999298337]]]},"properties":{"KEY_CODE":"26213012004","PREF":"26","CITY":"213","CITY_NAME":"南丹市","S_NAME":"八木本町四丁目","SETAI":"65"}},{"type":"Feature","geometry":{"type":"Polygon","coordinates":[[[135.53827390111348,35.06917966724291],[135.5378182966453,35.06958781622772],[135.5367071509327,35.06954913162811],[135.5355746501655,35.0690970147899],[135.53520542499953,35.068950305667805],[135.53469020637198,35.06844483911192],[135.53426961424137,35.06870253103476],[135.53421581837895,35.06808143189157],[135.53538395058493,35.0677483678657],[135.53611201212175,35.068227251627974],[135.53640711331042,35.06839395750521],[135.53712099084007,35.06856346172868],[135.53827390111348,35.06917966724291]]]},"properties":{"KEY_CODE":"26213012005","PREF":"26","CITY":"213","CITY_NAME":"南丹市","S_NAME":"八木本町五丁目","SETAI":"40"}},{"type":"Feature","geometry":{"type":"Polygon","coordinates":[[[135.5368920068341,35.065190865831056],[135.53847920745872,35.065376736566556],[135.53879591793236,35.06571423582302],[135.54010286993525,35.06585267323086],[135.54107960914695,35.066377122086195],[135.53904117964504,35.06841894666912],[135.53827390111348,35.06917966724291],[135.53712099084007,35.06856346172868],[135.53640711331042,35.06839395750521],[135.53611201212175,35.068227251627974],[135.53538395058493,35.0677483678657],[135.53491218636168,35.06736856938851],[135.5368920068341,35.065190865831056]]]},"properties":{"KEY_CODE":"26213012006","PREF":"26","CITY":"213","CITY_NAME":"南丹市","S_NAME":"八木本町六丁目","SETAI":"108"}},{"type":"Feature","geometry":{"type":"Polygon","coordinates":[[[135.5340789275988,35.07147670204213],[135.53364300831976,35.071578828451976],[135.53345264128296,35.071704086955855],[135.5329512863996,35.0712899391132],[135.53283437349387,35.070689730308395],[135.5326146710015,35.07024786474253],[135.5330321692753,35.070077216164336],[135.5330326476064,35.06999277595163],[135.53456062840763,35.07004023051105],[135.5342471186475,35.07081878843436],[135.5340789275988,35.07147670204213]]]},"properties":{"KEY_CODE":"26213012007","PREF":"26","CITY":"213","CITY_NAME":"南丹市","S_NAME":"八木栄町一丁目","SETAI":"46"}},{"type":"Feature","geometry":{"type":"Polygon","coordinates":[[[135.5329512863996,35.0712899391132],[135.53231903730813,35.0711185369296],[135.53191828120154,35.071952672855424],[135.53029298019126,35.07423066952312],[135.53004251292833,35.07412954837676],[135.52917801898627,35.07382894638104],[135.5290660117895,35.07378361022821],[135.528657019659,35.07336100102164],[135.52794762136236,35.07322709471422],[135.52789634309053,35.0730788558174],[135.52793469411145,35.07300886049981],[135.52768274163185,35.072547349798434],[135.52704615273066,35.07284164032699],[135.52697248155877,35.07302073132542],[135.52686493149017,35.07322933906441],[135.5264119522225,35.07298768779462],[135.52692493539476,35.07263284098352],[135.52900729034317,35.071084393628574],[135.52918323873755,35.070942323086975],[135.5289618505656,35.0706564397936],[135.52860903872877,35.07023876656407],[135.5294963429451,35.06923799897252],[135.53022262217772,35.06992862734692],[135.53013996092227,35.070003381064204],[135.5299565484514,35.07022310438721],[135.53029507620207,35.07006659472745],[135.53160645302586,35.06916613144809],[135.5319436830224,35.06895059256224],[135.53421581837895,35.06808143189157],[135.53426961424137,35.06870253103476],[135.5341769569661,35.06874316287799],[135.53289334782247,35.06945121139545],[135.5330326476064,35.06999277595163],[135.5330321692753,35.070077216164336],[135.5326146710015,35.07024786474253],[135.53283437349387,35.070689730308395],[135.5329512863996,35.0712899391132]]]},"properties":{"KEY_CODE":"26213012008","PREF":"26","CITY":"213","CITY_NAME":"南丹市","S_NAME":"八木栄町二丁目","SETAI":"245"}},{"type":"Feature","geometry":{"type":"Polygon","coordinates":[[[135.53456062840763,35.07004023051105],[135.5330326476064,35.06999277595163],[135.53289334782247,35.06945121139545],[135.5342944097594,35.06892285499725],[135.53416553118433,35.06908990468175],[135.53405419255694,35.06948013833024],[135.53471805714722,35.06970194102412],[135.53456062840763,35.07004023051105]]]},"properties":{"KEY_CODE":"26213012009","PREF":"26","CITY":"213","CITY_NAME":"南丹市","S_NAME":"八木栄町三丁目","SETAI":"36"}},{"type":"Feature","geometry":{"type":"Polygon","coordinates":[[[135.5373953082629,35.05891439725698],[135.5391858678981,35.05975716334565],[135.53875662367744,35.060500386900436],[135.53870646048378,35.061513039586245],[135.53785612469653,35.0622262474728],[135.5371223692453,35.063644947390365],[135.5368920068341,35.065190865831056],[135.53491218636168,35.06736856938851],[135.53538395058493,35.0677483678657],[135.53421581837895,35.06808143189157],[135.5319436830224,35.06895059256224],[135.53093122830964,35.06862501676484],[135.53103309970916,35.06814713677762],[135.53107343956233,35.06802777739319],[135.53091575305442,35.067333449340644],[135.5309038275189,35.06716388293677],[135.53086048638173,35.0669378520067],[135.53068449173935,35.06668383867677],[135.5305999630687,35.06607951965815],[135.53108153703613,35.065446273019106],[135.5316374682713,35.065013541226506],[135.53192849390118,35.0648085989797],[135.53236577965149,35.06455013414767],[135.53245303962285,35.06438820658718],[135.53242552507714,35.06416512513811],[135.5324055820206,35.06405687053151],[135.5322387959034,35.06338046773396],[135.5315682237325,35.06200599821081],[135.5323526512553,35.06070478144371],[135.53242614479188,35.05889906745228],[135.5326639623842,35.05897274100057],[135.5339274455879,35.05883381347325],[135.53582139449844,35.0592731871662],[135.5373953082629,35.05891439725698]]]},"properties":{"KEY_CODE":"26213012010","PREF":"26","CITY":"213","CITY_NAME":"南丹市","S_NAME":"八木本郷東","SETAI":"170"}},{"type":"Feature","geometry":{"type":"Polygon","coordinates":[[[135.52368573019405,35.074037470055174],[135.52289326671917,35.07336584307702],[135.52286951509788,35.073206864021216],[135.52291591834012,35.07300428547345],[135.5228611289952,35.07252431389062],[135.52277158868753,35.0723651452744],[135.52221626262622,35.072048700896836],[135.5220442525927,35.07192977146543],[135.52178509183545,35.0719490282044],[135.52101538598103,35.071729692004936],[135.52096399295945,35.07137474192381],[135.5208623764543,35.07117157651058],[135.52066979153142,35.07105587343581],[135.52055072701887,35.071025046090405],[135.5202365421963,35.07111591743395],[135.51963068403174,35.07084398045562],[135.51859294284154,35.07062630831242],[135.51834867275286,35.07067061845007],[135.51770699264907,35.070637490957765],[135.51758153040134,35.0703091472749],[135.5174083944003,35.07012048228345],[135.51724570515213,35.069815794563844],[135.5175437689734,35.069472241174495],[135.51793948274616,35.0689534992453],[135.5180178044204,35.06856864152384],[135.51792116483105,35.06822012979252],[135.51721924124493,35.06731859284602],[135.51754001140364,35.06660700167279],[135.5178327843643,35.06611144238307],[135.51785858231364,35.06591885416241],[135.5177937089265,35.065763230272005],[135.51737246598927,35.06537975714889],[135.51718349765173,35.0653519575325],[135.517014412457,35.065439105284185],[135.51697327801008,35.06544232133191],[135.5167522316552,35.06527586080411],[135.51640631842056,35.06528095626256],[135.51539909845127,35.066040146806586],[135.51503755298222,35.06621152574912],[135.51491924787123,35.0662499268488],[135.51490188412205,35.0665216390978],[135.51482868315435,35.0669290518205],[135.51433892955035,35.067015681421594],[135.514229907713,35.06700453785739],[135.51376505401834,35.066965269756125],[135.51314900115352,35.06692046045878],[135.51245342745858,35.066880820960314],[135.5120243829048,35.066949444841704],[135.51156181050914,35.067110333379084],[135.50969657686966,35.06678035640125],[135.50881839749374,35.06641296792607],[135.50726312029752,35.06523078684191],[135.50674874199152,35.06462047814622],[135.5062242813718,35.064320993306445],[135.5057399399785,35.06410928322233],[135.50562329473257,35.06366511060456],[135.50609702508143,35.06338998153879],[135.50931067857053,35.06334022871179],[135.5104917956103,35.063270645045435],[135.5113125281192,35.063287278734],[135.5114590085689,35.062147010493476],[135.5129261766355,35.0621098304731],[135.51301458441048,35.06197743070289],[135.51352803933196,35.06168687007035],[135.51409390801788,35.06143997334664],[135.51435002232074,35.061401563453686],[135.51807258364943,35.06129124560368],[135.518951552146,35.06133531370058],[135.51974809719334,35.06126622306975],[135.52049496559138,35.060548151677764],[135.52186294772656,35.06069745436757],[135.5227481538792,35.06152052475906],[135.52370395756296,35.06140823970758],[135.52375896499922,35.06133084511259],[135.52534362506802,35.06141224060866],[135.5259458586292,35.06178280810557],[135.52770777099292,35.063802276694545],[135.52853678969703,35.06520823676073],[135.52870864062018,35.06638709888795],[135.52900209107156,35.0685917258152],[135.5287251900252,35.06919886022665],[135.52786484920935,35.06901301820349],[135.5263532963435,35.0698146229705],[135.5238586250359,35.07032512771728],[135.5234208330908,35.070661383786586],[135.52368573019405,35.074037470055174]]]},"properties":{"KEY_CODE":"26213012011","PREF":"26","CITY":"213","CITY_NAME":"南丹市","S_NAME":"八木本郷西","SETAI":"22"}},{"type":"Feature","geometry":{"type":"Polygon","coordinates":[[[135.53068449173935,35.06668383867677],[135.52945404129898,35.06685842487803],[135.52946336846992,35.06638018476789],[135.52870864062018,35.06638709888795],[135.52853678969703,35.06520823676073],[135.52770777099292,35.063802276694545],[135.5259458586292,35.06178280810557],[135.52534362506802,35.06141224060866],[135.52375896499922,35.06133084511259],[135.52380040653674,35.06079906823027],[135.52476350853715,35.059834696879996],[135.52480622435212,35.05980169364879],[135.52526700441194,35.058793360805076],[135.52517273134725,35.05840162161616],[135.5256244002744,35.057664961494545],[135.52637065828884,35.05697861221598],[135.526494445875,35.05694423583823],[135.5273192210079,35.05708909880892],[135.52828378593824,35.05732979098809],[135.52843726879564,35.057457020496166],[135.52850378193276,35.05755320350978],[135.52876425514387,35.057902840317126],[135.52921857021997,35.05827985496637],[135.53005565738562,35.058236283095596],[135.5309812725075,35.05854462762591],[135.53242614479188,35.05889906745228],[135.5323526512553,35.06070478144371],[135.5315682237325,35.06200599821081],[135.5322387959034,35.06338046773396],[135.5324055820206,35.06405687053151],[135.53242552507714,35.06416512513811],[135.53245303962285,35.06438820658718],[135.53236577965149,35.06455013414767],[135.53192849390118,35.0648085989797],[135.5316374682713,35.065013541226506],[135.53108153703613,35.065446273019106],[135.5305999630687,35.06607951965815],[135.53068449173935,35.06668383867677]]]},"properties":{"KEY_CODE":"26213012012","PREF":"26","CITY":"213","CITY_NAME":"南丹市","S_NAME":"八木本郷南","SETAI":"23"}},{"type":"Feature","geometry":{"type":"Polygon","coordinates":[[[135.52900729034317,35.071084393628574],[135.52692493539476,35.07263284098352],[135.52658068489015,35.072507539646864],[135.52730529064678,35.070674754780505],[135.52782177567232,35.06987742456892],[135.5287251900252,35.06919886022665],[135.52900209107156,35.0685917258152],[135.52870864062018,35.06638709888795],[135.52946336846992,35.06638018476789],[135.52945404129898,35.06685842487803],[135.53068449173935,35.06668383867677],[135.53086048638173,35.0669378520067],[135.5309038275189,35.06716388293677],[135.53091575305442,35.067333449340644],[135.53107343956233,35.06802777739319],[135.53103309970916,35.06814713677762],[135.53093122830964,35.06862501676484],[135.53160645302586,35.06916613144809],[135.53029507620207,35.07006659472745],[135.5299565484514,35.07022310438721],[135.53013996092227,35.070003381064204],[135.53022262217772,35.06992862734692],[135.5294963429451,35.06923799897252],[135.52860903872877,35.07023876656407],[135.5289618505656,35.0706564397936],[135.52918323873755,35.070942323086975],[135.52900729034317,35.071084393628574]]]},"properties":{"KEY_CODE":"26213012013","PREF":"26","CITY":"213","CITY_NAME":"南丹市","S_NAME":"八木本郷北","SETAI":"17"}},{"type":"Feature","geometry":{"type":"Polygon","coordinates":[[[135.5266717916872,35.07342458180668],[135.52613854836727,35.073912456210955],[135.52607440681584,35.07398312523651],[135.52496997346353,35.074404594743754],[135.52475615538322,35.07440375408115],[135.52368573019405,35.074037470055174],[135.5234208330908,35.070661383786586],[135.5238586250359,35.07032512771728],[135.5263532963435,35.0698146229705],[135.52786484920935,35.06901301820349],[135.5287251900252,35.06919886022665],[135.52782177567232,35.06987742456892],[135.52730529064678,35.070674754780505],[135.52658068489015,35.072507539646864],[135.52692493539476,35.07263284098352],[135.5264119522225,35.07298768779462],[135.5266717916872,35.07342458180668]]]},"properties":{"KEY_CODE":"26213012014","PREF":"26","CITY":"213","CITY_NAME":"南丹市","S_NAME":"八木垣内","SETAI":"10"}},{"type":"Feature","geometry":{"type":"Polygon","coordinates":[[[135.51754001140364,35.06660700167279],[135.51721924124493,35.06731859284602],[135.51792116483105,35.06822012979252],[135.5180178044204,35.06856864152384],[135.51793948274616,35.0689534992453],[135.5175437689734,35.069472241174495],[135.51724570515213,35.069815794563844],[135.5174083944003,35.07012048228345],[135.51758153040134,35.0703091472749],[135.5171212071725,35.070362662422674],[135.51287714816186,35.06977796017189],[135.51140220222712,35.06888665095635],[135.50918237664348,35.06880335221519],[135.50662980708307,35.06821089711725],[135.50585206678636,35.06670219056689],[135.5059153842681,35.06468947947088],[135.5057399399785,35.06410928322233],[135.5062242813718,35.064320993306445],[135.50674874199152,35.06462047814622],[135.50726312029752,35.06523078684191],[135.50881839749374,35.06641296792607],[135.50969657686966,35.06678035640125],[135.51156181050914,35.067110333379084],[135.5120243829048,35.066949444841704],[135.51245342745858,35.066880820960314],[135.51314900115352,35.06692046045878],[135.51376505401834,35.066965269756125],[135.514229907713,35.06700453785739],[135.51433892955035,35.067015681421594],[135.51482868315435,35.0669290518205],[135.51490188412205,35.0665216390978],[135.51491924787123,35.0662499268488],[135.51503755298222,35.06621152574912],[135.51539909845127,35.066040146806586],[135.51640631842056,35.06528095626256],[135.5167522316552,35.06527586080411],[135.51697327801008,35.06544232133191],[135.517014412457,35.065439105284185],[135.51718349765173,35.0653519575325],[135.51737246598927,35.06537975714889],[135.5177937089265,35.065763230272005],[135.51785858231364,35.06591885416241],[135.5178327843643,35.06611144238307],[135.51754001140364,35.06660700167279]]]},"properties":{"KEY_CODE":"26213012015","PREF":"26","CITY":"213","CITY_NAME":"南丹市","S_NAME":"八木柴山","SETAI":"8"}},{"type":"Feature","geometry":{"type":"Polygon","coordinates":[[[135.55165518706002,35.08512819007417],[135.54990952777106,35.08496130923223],[135.54812049569364,35.08481529941258],[135.54510906940627,35.08445410595078],[135.54519828351107,35.08191417050648],[135.54546477887493,35.079709351252625],[135.54450606548434,35.079812451065536],[135.54394215350786,35.07878084213138],[135.54454636964223,35.078411825624755],[135.54502150912302,35.07764173612229],[135.5449450357703,35.07718712787211],[135.5446252108887,35.07638623571839],[135.54485885847393,35.0759467359723],[135.54514598069093,35.07576674770334],[135.54654795828458,35.074562707703315],[135.54683171297424,35.074409535865215],[135.54801069527667,35.07363387629187],[135.5499687145513,35.073578508653185],[135.550940197766,35.073191504020336],[135.55135317493776,35.07327119747995],[135.55166121859295,35.07342071882112],[135.55215393336064,35.07368430600157],[135.5523198426128,35.07375907403479],[135.55252113445783,35.073801787763706],[135.55244189148863,35.07404658221098],[135.5521856407418,35.07446108836137],[135.55208069174,35.075076162266946],[135.55175088650918,35.07574308820857],[135.5514521735565,35.07609581281528],[135.55108429874892,35.07687703906166],[135.55109957015011,35.07702210435905],[135.55106631290406,35.07723734592903],[135.55097424452813,35.077452512067396],[135.5505303212566,35.077616236315706],[135.55042755299866,35.077610222879514],[135.5498402207847,35.07879910513642],[135.5497715484398,35.07882420468037],[135.54968456138604,35.078744301803745],[135.5491619824972,35.07932282062216],[135.54971288026647,35.07978425028251],[135.5503511417521,35.08041523506019],[135.55095346659056,35.08076473120055],[135.5520890833323,35.081321834429126],[135.5515928573601,35.08337610421793],[135.5515841896518,35.08461233644423],[135.55165518706002,35.08512819007417]]]},"properties":{"KEY_CODE":"26213013001","PREF":"26","CITY":"213","CITY_NAME":"南丹市","S_NAME":"富本青戸","SETAI":"64"}},{"type":"Feature","geometry":{"type":"Polygon","coordinates":[[[135.54006718556857,35.07938476329918],[135.5396408207564,35.07964224421423],[135.53923586190277,35.08014643708827],[135.53801254324264,35.08057751116166],[135.53699861425255,35.081119519088794],[135.53677346473532,35.08123444080499],[135.5365622783481,35.07930071445831],[135.53655338157367,35.078917491659055],[135.53927227700035,35.078828407865565],[135.5395917871365,35.078298889108744],[135.54209362816084,35.07709075577029],[135.54197290348546,35.076316383052415],[135.53665585752856,35.07414682590911],[135.53621912793378,35.07348596047473],[135.53610858436247,35.071301107435744],[135.53638932831004,35.070968781350096],[135.53651347101695,35.07082847253997],[135.53753440380697,35.06987999298337],[135.5378182966453,35.06958781622772],[135.53827390111348,35.06917966724291],[135.53904117964504,35.06841894666912],[135.54107960914695,35.066377122086195],[135.54188654308254,35.065877332076624],[135.5458575174391,35.063456465297605],[135.5472384768997,35.062438277612095],[135.54911355635969,35.06245230129769],[135.5491892371558,35.06220108491999],[135.5492086319928,35.06183451479249],[135.54942953531003,35.06167700695478],[135.54933000357738,35.06143542336789],[135.55038007380958,35.060788288587666],[135.55038785229647,35.06078345796134],[135.55130552423614,35.06073554571432],[135.55136592189626,35.06131477339382],[135.55248883985524,35.06146043994342],[135.55269744106116,35.061760802264835],[135.55268064530964,35.06176200870914],[135.55190756767686,35.06226147391918],[135.55142016363706,35.0624258300795],[135.55123332168716,35.06244768305906],[135.55052958606893,35.06207339106912],[135.54976426079804,35.0629378908205],[135.550456388185,35.06292916281343],[135.55030302484494,35.06340729230158],[135.55008300009484,35.06364628890073],[135.54957442748244,35.063732594224795],[135.54915668305316,35.06372640956222],[135.54892556320473,35.0636606259579],[135.54822980388337,35.06390863995467],[135.5479041567881,35.064608395042114],[135.5476461629044,35.06583990626828],[135.54774453275184,35.06796863089526],[135.54778477656978,35.06938231060313],[135.54702095556547,35.069676463179846],[135.54667787718256,35.06994209527172],[135.5466910941221,35.07215409738932],[135.54669923127474,35.07272965231128],[135.54628925972284,35.07366704279204],[135.54628670804576,35.073819013400986],[135.54683171297424,35.074409535865215],[135.54654795828458,35.074562707703315],[135.54514598069093,35.07576674770334],[135.54485885847393,35.0759467359723],[135.5446252108887,35.07638623571839],[135.5449450357703,35.07718712787211],[135.54502150912302,35.07764173612229],[135.54454636964223,35.078411825624755],[135.54385369979602,35.07874994426709],[135.54358874500144,35.07873035502978],[135.54243516682715,35.07879798399966],[135.54202340790513,35.0788571379078],[135.54163141289726,35.079097853203265],[135.54110841532355,35.07947878246055],[135.54032777527422,35.07935765163053],[135.54006718556857,35.07938476329918]]]},"properties":{"KEY_CODE":"26213013002","PREF":"26","CITY":"213","CITY_NAME":"南丹市","S_NAME":"富本西田","SETAI":"137"}},{"type":"Feature","geometry":{"type":"Polygon","coordinates":[[[135.53610858436247,35.071301107435744],[135.53621912793378,35.07348596047473],[135.53665585752856,35.07414682590911],[135.54197290348546,35.076316383052415],[135.54209362816084,35.07709075577029],[135.5395917871365,35.078298889108744],[135.53927227700035,35.078828407865565],[135.53655338157367,35.078917491659055],[135.5364906149325,35.07693262990407],[135.5352472192835,35.076440446346766],[135.53545320775865,35.076083326531375],[135.53441510038274,35.07537619955579],[135.5334932396209,35.07483063923986],[135.534062743087,35.07385481722503],[135.53580498615628,35.07166792518748],[135.53599580400126,35.07144652904242],[135.53610858436247,35.071301107435744]]]},"properties":{"KEY_CODE":"26213013003","PREF":"26","CITY":"213","CITY_NAME":"南丹市","S_NAME":"富本井尻","SETAI":"33"}},{"type":"Feature","geometry":{"type":"Polygon","coordinates":[[[135.550940197766,35.073191504020336],[135.5499687145513,35.073578508653185],[135.54801069527667,35.07363387629187],[135.54683171297424,35.074409535865215],[135.54628670804576,35.073819013400986],[135.54628925972284,35.07366704279204],[135.54669923127474,35.07272965231128],[135.5466910941221,35.07215409738932],[135.54667787718256,35.06994209527172],[135.54702095556547,35.069676463179846],[135.54778477656978,35.06938231060313],[135.54774453275184,35.06796863089526],[135.5476461629044,35.06583990626828],[135.5479041567881,35.064608395042114],[135.54822980388337,35.06390863995467],[135.54892556320473,35.0636606259579],[135.54915668305316,35.06372640956222],[135.54957442748244,35.063732594224795],[135.55008300009484,35.06364628890073],[135.55030302484494,35.06340729230158],[135.550456388185,35.06292916281343],[135.54976426079804,35.0629378908205],[135.55052958606893,35.06207339106912],[135.55123332168716,35.06244768305906],[135.55129928616287,35.064235575594104],[135.5512688771762,35.06618284271616],[135.55124111539433,35.067134351263284],[135.55125492032698,35.068222922332836],[135.55167972127234,35.069531256110274],[135.55221834645687,35.07005904115213],[135.5521735301989,35.07052594743049],[135.5517160468109,35.07068547519239],[135.55146536937744,35.07078589843464],[135.55130714025412,35.07081961472156],[135.5510881543075,35.070896912221485],[135.5506738590418,35.07141372816645],[135.55047988825999,35.07179599400576],[135.55039705437594,35.07190548451863],[135.54938226544752,35.07200590190848],[135.54861996126658,35.07214569779574],[135.54821296163507,35.07271070122315],[135.54895330963285,35.07287366188765],[135.54904329680932,35.072928575166145],[135.54932756416355,35.07308597219239],[135.54999264015564,35.073111880427],[135.55033055236927,35.07301537398409],[135.55063198571332,35.07307317889334],[135.55079793453552,35.073140132094366],[135.550940197766,35.073191504020336]]]},"properties":{"KEY_CODE":"26213013004","PREF":"26","CITY":"213","CITY_NAME":"南丹市","S_NAME":"富本観音寺","SETAI":"51"}},{"type":"Feature","geometry":{"type":"Polygon","coordinates":[[[135.55252113445783,35.073801787763706],[135.55215393336064,35.07368430600157],[135.55166121859295,35.07342071882112],[135.55135317493776,35.07327119747995],[135.55079793453552,35.073140132094366],[135.55063198571332,35.07307317889334],[135.55033055236927,35.07301537398409],[135.54999264015564,35.073111880427],[135.54932756416355,35.07308597219239],[135.54904329680932,35.072928575166145],[135.54895330963285,35.07287366188765],[135.54821296163507,35.07271070122315],[135.54861996126658,35.07214569779576],[135.54938226544752,35.07200590190848],[135.55039705437594,35.07190548451863],[135.55047988825999,35.07179599400576],[135.5506738590418,35.07141372816645],[135.5510881543075,35.070896912221485],[135.55130714025412,35.07081961472156],[135.55146536937744,35.07078589843464],[135.5517160468109,35.07068547519239],[135.5521735301989,35.07052594743049],[135.55221834645687,35.07005904115213],[135.55167972127234,35.069531256110274],[135.55125492032698,35.068222922332836],[135.55124111539433,35.067134351263284],[135.5512688771762,35.06618284271616],[135.55129928616287,35.064235575594104],[135.55142016363706,35.0624258300795],[135.55190756767686,35.06226147391918],[135.55268064530964,35.06176200870914],[135.55269744106116,35.061760802264835],[135.55278342418885,35.06175484774193],[135.55316238808902,35.06172418431958],[135.5530234601933,35.06268550472826],[135.55307199095537,35.062983449107705],[135.55351300814084,35.063317050595124],[135.5536315671009,35.06439530394777],[135.55655082035318,35.06441773942711],[135.5568215745165,35.064560984240046],[135.55667473056542,35.06459059539421],[135.55607392687017,35.066655615226594],[135.55594867188452,35.06679488926773],[135.555630180277,35.06712305310519],[135.55523674264734,35.067537005079934],[135.5546760185077,35.06873230215346],[135.55452923141388,35.06924778997708],[135.55439620221452,35.069729732462],[135.55397171378058,35.07035364565059],[135.55394405034954,35.070447353848536],[135.55364794550022,35.07043514357721],[135.55320706523335,35.07057424432577],[135.5527032372828,35.07154527526297],[135.55280134882676,35.07273725711692],[135.55254360494064,35.073663340684696],[135.55252113445783,35.073801787763706]]]},"properties":{"KEY_CODE":"26213013005","PREF":"26","CITY":"213","CITY_NAME":"南丹市","S_NAME":"富本屋賀","SETAI":"58"}},{"type":"Feature","geometry":{"type":"Polygon","coordinates":[[[135.5525898909502,35.0801139617243],[135.5520890833323,35.081321834429126],[135.55095346659056,35.08076473120055],[135.5503511417521,35.08041523506019],[135.54971288026647,35.07978425028251],[135.5491619824972,35.07932282062216],[135.54968456138604,35.078744301803745],[135.5497715484398,35.07882420468037],[135.5498402207847,35.07879910513642],[135.55042755299866,35.077610222879514],[135.5505303212566,35.077616236315706],[135.55089850960894,35.07761041103908],[135.55163929400803,35.07757581424261],[135.55233500285394,35.07795311407562],[135.55230773268167,35.078579881336985],[135.55258917431655,35.07911953746688],[135.5525898909502,35.0801139617243]]]},"properties":{"KEY_CODE":"26213013006","PREF":"26","CITY":"213","CITY_NAME":"南丹市","S_NAME":"富本屋賀上","SETAI":"20"}},{"type":"Feature","geometry":{"type":"Polygon","coordinates":[[[135.55163929400803,35.07757581424261],[135.55089850960894,35.07761041103908],[135.55097424452813,35.077452512067396],[135.55106631290406,35.07723734592903],[135.55109957015011,35.07702210435905],[135.55108429874892,35.07687703906166],[135.5514521735565,35.07609581281528],[135.55175088650918,35.07574308820857],[135.55208069174,35.075076162266946],[135.5521856407418,35.07446108836137],[135.55244189148863,35.07404658221098],[135.55252113445783,35.07380178776373],[135.55254360494064,35.073663340684696],[135.55280134882676,35.07273725711692],[135.5527032372828,35.07154527526297],[135.55320706523335,35.07057424432577],[135.55364794550022,35.07043514357721],[135.55394405034954,35.070447353848536],[135.55397171378058,35.07035364565059],[135.55439620221452,35.069729732462],[135.55452923141388,35.06924778997708],[135.5546760185077,35.06873230215346],[135.55523674264734,35.067537005079934],[135.555630180277,35.06712305310519],[135.55594867188452,35.06679488926773],[135.55718031518896,35.06668779631433],[135.55684112153492,35.067178506693125],[135.55625128153213,35.067916563829456],[135.55641474569887,35.069101470823696],[135.55606123492896,35.069187657899455],[135.55681969618485,35.070635021083085],[135.55682885432734,35.072232906561844],[135.5563287032369,35.07274274209776],[135.55523168274982,35.07249323927271],[135.55533379147897,35.07421167877312],[135.55389905571846,35.07420122701094],[135.55328928750245,35.074589299683915],[135.5528961400226,35.07549333672091],[135.55301915419523,35.076115938502824],[135.55223558071782,35.077599981034936],[135.55163929400803,35.07757581424261]]]},"properties":{"KEY_CODE":"26213013007","PREF":"26","CITY":"213","CITY_NAME":"南丹市","S_NAME":"富本北屋賀","SETAI":"140"}},{"type":"Feature","geometry":{"type":"Polygon","coordinates":[[[135.55885287021925,35.1310050642865],[135.556977655674,35.130952772796256],[135.55614751810518,35.13122038649347],[135.55556027117402,35.13222162717713],[135.55553174334466,35.13339335344411],[135.55510464753138,35.13353679695009],[135.55368043943804,35.133065116489384],[135.55369883182178,35.131329194871036],[135.55432680060014,35.130480082864636],[135.55651723072853,35.12836835540115],[135.55681900319152,35.126756553548155],[135.55771349142043,35.124978314318575],[135.5583259759241,35.12014515304969],[135.55900942372364,35.118238525783404],[135.5584296497514,35.117023084831544],[135.55813364783273,35.11554106497079],[135.5586154030372,35.114793440630585],[135.5576705941156,35.1128272828288],[135.55806952223946,35.11132997798504],[135.55929006543272,35.11047792992721],[135.5593792209445,35.110050075973035],[135.55873559805562,35.10860241954493],[135.55980593504802,35.10741086385561],[135.56086989579154,35.10739690475021],[135.5612418486102,35.10686295811595],[135.55923070893053,35.105356895364125],[135.55820427615944,35.10242689118814],[135.5567163749497,35.102613718978816],[135.55591965300906,35.10093575901652],[135.55482739244272,35.10042829052938],[135.55341431905842,35.098198109164905],[135.55095262082668,35.096224749702586],[135.55035983026465,35.09493139596885],[135.55009740688553,35.09125251309312],[135.54055001090003,35.09127132494576],[135.54056806869914,35.0901469780517],[135.5406087811551,35.08924638896017],[135.54069167329965,35.08427104549524],[135.54510906940627,35.08445410595078],[135.54812049569364,35.08481529941258],[135.54990952777106,35.08496130923223],[135.55165518706002,35.08512819007417],[135.55167806408588,35.08513559877327],[135.55231766710935,35.08508914954213],[135.5533318191114,35.085094076774936],[135.55505162022175,35.08513292032681],[135.5555240525294,35.08590588960821],[135.55590926660193,35.08651352944511],[135.5565789340923,35.086764014598494],[135.55679872023285,35.086862779429886],[135.55748805992812,35.08868108654988],[135.55896888987684,35.08898416127965],[135.56085043474954,35.09000256254492],[135.56126731638906,35.09087615038391],[135.5615148469918,35.09251501442131],[135.561622650266,35.0927694295614],[135.56224396605927,35.093302183108065],[135.5622017579413,35.09418926120578],[135.56223710469064,35.09450271451042],[135.56224227740773,35.09457724404711],[135.56231097012812,35.09485567446396],[135.5626521487005,35.09615772276133],[135.56276566678648,35.096386308044316],[135.56304644792218,35.09684064395182],[135.5633414617518,35.09705156977971],[135.5636049145304,35.09727618585601],[135.56391609003833,35.09758301883539],[135.56413138526977,35.09781654654126],[135.5641909587,35.09789345277052],[135.56426341311908,35.098054282337664],[135.56449126342366,35.098360886547965],[135.56468646307914,35.09855476285471],[135.56564767677912,35.09913019908854],[135.56600867173808,35.099327483981064],[135.5666916971121,35.099457886281904],[135.5677239352318,35.099558963893806],[135.56877233480589,35.10011638099439],[135.56915787355595,35.10035811455804],[135.56927049683992,35.10041020768276],[135.56952286654354,35.10064534079849],[135.56970384226668,35.101071920830904],[135.56783029998314,35.102556671263144],[135.5678890493383,35.10328909647889],[135.5685455525914,35.10483505358807],[135.5682275347287,35.10569055537535],[135.56745674879477,35.10625091470082],[135.56396731520485,35.106263342904654],[135.5632933644665,35.10662451613709],[135.56225216449482,35.10774705125646],[135.5617271677525,35.10907342262892],[135.5618375832061,35.1105594150988],[135.56242419131357,35.11189451361596],[135.56172784993132,35.11390737913011],[135.56159885874425,35.117070403746936],[135.56174455820118,35.118664537973416],[135.56126428235189,35.12025613756329],[135.55984445616028,35.12244243980406],[135.55966512036696,35.123728700148085],[135.55943717757188,35.1239326634535],[135.55933900929327,35.125250131362954],[135.55930075841533,35.12554830472078],[135.55866185920198,35.12640754268591],[135.55845112365324,35.127335939110864],[135.5585235358023,35.12838789645971],[135.55897443479006,35.12926910339965],[135.55924277245038,35.12945443960714],[135.5593666279126,35.13020530633987],[135.55885287021925,35.1310050642865]]]},"properties":{"KEY_CODE":"26213013008","PREF":"26","CITY":"213","CITY_NAME":"南丹市","S_NAME":"富本氷所","SETAI":"110"}},{"type":"Feature","geometry":{"type":"Polygon","coordinates":[[[135.55681900319152,35.126756553548155],[135.55335263838842,35.12656050098478],[135.5523329054476,35.12619069147767],[135.55088751752453,35.126349594560935],[135.55112113301468,35.124581337960585],[135.55073538900263,35.123650810449604],[135.5509610463221,35.12297050426653],[135.5499522072955,35.12060446747455],[135.55034699554523,35.1182208034001],[135.5489283435062,35.118097292095456],[135.54708316356664,35.1169923567561],[135.54623818412205,35.1175656376409],[135.5469602600011,35.11687569973131],[135.5480981739698,35.1150666516502],[135.54793386684818,35.113162674929136],[135.54901187849347,35.11225441517209],[135.548611952352,35.109150051105345],[135.54912638929434,35.10804209075333],[135.5486501005144,35.1063744457285],[135.5474789443316,35.10443913299645],[135.5473023951424,35.10332824481324],[135.5460122248673,35.102307215027125],[135.5452854602201,35.10269380437632],[135.54430566187435,35.1013862311967],[135.54253274225607,35.10037813709579],[135.5420496312274,35.09919543965011],[135.54130458110882,35.0986437391102],[135.5403692508615,35.098893380252875],[135.540502053589,35.09833597828272],[135.540524109595,35.095136036862804],[135.54050951003052,35.094850197335155],[135.54048460883425,35.093171440485605],[135.54055001090003,35.09127132494576],[135.55009740688553,35.09125251309312],[135.55035983026465,35.09493139596885],[135.55095262082668,35.096224749702586],[135.55341431905842,35.098198109164905],[135.55482739244272,35.10042829052938],[135.55591965300906,35.10093575901652],[135.5567163749497,35.102613718978816],[135.55820427615944,35.10242689118814],[135.55923070893053,35.105356895364125],[135.5612418486102,35.10686295811595],[135.56086989579154,35.10739690475021],[135.55980593504802,35.10741086385561],[135.55873559805562,35.10860241954493],[135.5593792209445,35.110050075973035],[135.55929006543272,35.11047792992721],[135.55806952223946,35.11132997798504],[135.5576705941156,35.1128272828288],[135.5586154030372,35.114793440630585],[135.55813364783273,35.11554106497079],[135.5584296497514,35.117023084831544],[135.55900942372364,35.118238525783404],[135.5583259759241,35.12014515304969],[135.55771349142043,35.124978314318575],[135.55681900319152,35.126756553548155]]]},"properties":{"KEY_CODE":"26213013009","PREF":"26","CITY":"213","CITY_NAME":"南丹市","S_NAME":"富本日置","SETAI":"62"}},{"type":"Feature","geometry":{"type":"Polygon","coordinates":[[[135.54394215350786,35.07878084213138],[135.54450606548434,35.079812451065536],[135.54546477887493,35.079709351252625],[135.54519828351107,35.08191417050648],[135.54510906940627,35.08445410595078],[135.54069167329965,35.08427104549524],[135.54069200325512,35.08421188876342],[135.539424271656,35.08416489728096],[135.53806212816949,35.084148450174744],[135.53580380964894,35.08413419615162],[135.53428414240815,35.0840357594784],[135.5329955787508,35.083907410963995],[135.53268280222068,35.082890445268134],[135.53386710560463,35.081932000756126],[135.53686743505617,35.08221203357682],[135.53677346473532,35.08123444080499],[135.53699861425255,35.081119519088794],[135.53801254324264,35.08057751116166],[135.53923586190277,35.08014643708827],[135.5396408207564,35.07964224421423],[135.54006718556857,35.07938476329918],[135.54032777527422,35.07935765163053],[135.54110841532355,35.07947878246055],[135.54163141289726,35.079097853203265],[135.54202340790513,35.0788571379078],[135.54243516682715,35.07879798399966],[135.54358874500144,35.07873035502978],[135.54385369979602,35.07874994426709],[135.54394215350786,35.07878084213138]]]},"properties":{"KEY_CODE":"26213013010","PREF":"26","CITY":"213","CITY_NAME":"南丹市","S_NAME":"富本刑部","SETAI":"40"}},{"type":"Feature","geometry":{"type":"Polygon","coordinates":[[[135.5258055569196,35.090670079922596],[135.52523433565398,35.09106764737669],[135.52259762344212,35.09185140116187],[135.5221379789722,35.09191705534374],[135.5209029734477,35.09211492371001],[135.52113724977187,35.09131624207706],[135.52132875953893,35.09079888104581],[135.52199609632322,35.09037918119288],[135.5227586702121,35.08988315487018],[135.52348596620863,35.088729563165316],[135.5232647006326,35.08834388865466],[135.52320485034966,35.0881444908176],[135.52261525393268,35.08752918711936],[135.52222190140992,35.08681246689326],[135.5221848212391,35.08669844290729],[135.52218977542427,35.08475419086454],[135.51921344572204,35.08326693524943],[135.51942833067022,35.08305172012272],[135.52010762690807,35.08238473218553],[135.5208221546453,35.08168315879774],[135.52192466932152,35.08061380036196],[135.52237973329468,35.07978174451646],[135.5237050520197,35.07968886253616],[135.5283690760569,35.07964015376723],[135.53021800039556,35.0788269462],[135.53090696707997,35.07833684555807],[135.53229404537356,35.076217432653536],[135.53322747929394,35.07515977490682],[135.5334932396209,35.07483063923986],[135.53441510038274,35.07537619955579],[135.53545320775865,35.076083326531375],[135.5352472192835,35.076440446346766],[135.5364906149325,35.07693262990407],[135.53655338157367,35.078917491659055],[135.5365622783481,35.07930071445831],[135.53677346473532,35.08123444080499],[135.53686743505617,35.08221203357682],[135.53386710560463,35.081932000756126],[135.53268280222068,35.082890445268134],[135.53234406447967,35.08199577834835],[135.5321601130679,35.081740969222864],[135.5316403372693,35.08152120152422],[135.53028196106283,35.08158594193714],[135.5294252199015,35.081865095600456],[135.5291500815411,35.08235997018977],[135.52866572101874,35.08260774785623],[135.5283052422286,35.08275092936564],[135.52807259601784,35.08290770803936],[135.52784690149102,35.083241777746345],[135.52759374113717,35.083487212636115],[135.527289231758,35.08355786014981],[135.52699390237325,35.083663684580905],[135.52649790368346,35.0841009271236],[135.52610496724995,35.084493639506306],[135.52597610954834,35.084732444652005],[135.5257422301755,35.08520669869965],[135.52582004751775,35.08617184836137],[135.52585267891772,35.086896589943656],[135.52545799977605,35.08793818605226],[135.52532828357104,35.08861453639253],[135.52551104282495,35.088844416467964],[135.52563331731503,35.089036381899206],[135.52563632316534,35.08910956619664],[135.52550078319288,35.08943566836834],[135.52560779346376,35.08989786610026],[135.52589399196515,35.09019174531342],[135.52585434813236,35.090529491124414],[135.5258055569196,35.090670079922596]]]},"properties":{"KEY_CODE":"26213013011","PREF":"26","CITY":"213","CITY_NAME":"南丹市","S_NAME":"富本北広瀬","SETAI":"41"}},{"type":"Feature","geometry":{"type":"Polygon","coordinates":[[[135.51025264157536,35.09247538473019],[135.50853642344407,35.09298311456164],[135.50741023425323,35.09194708697269],[135.50661338069798,35.09057814119913],[135.50642729269697,35.08960310469828],[135.5051305394359,35.08955302891834],[135.50507825814583,35.08655482494845],[135.50528133036067,35.08410211408356],[135.50579065582576,35.08374719775311],[135.50663883668958,35.084034407370446],[135.50762289140803,35.08360598894336],[135.50891370109335,35.08515647084283],[135.5095059378152,35.08461651172381],[135.5102518723316,35.084553053493515],[135.5120380484459,35.08552682420963],[135.51310292290714,35.08540583125778],[135.51309113023984,35.08654853301515],[135.51308255156655,35.08718134525119],[135.51310534992876,35.08744109804332],[135.51326430020262,35.08768541158193],[135.51356010641507,35.08780252385951],[135.51380298952066,35.087827517205824],[135.51425808764472,35.087811670164804],[135.51292872941332,35.08915103112509],[135.51025264157536,35.09247538473019]]]},"properties":{"KEY_CODE":"26213014001","PREF":"26","CITY":"213","CITY_NAME":"南丹市","S_NAME":"吉富鳥羽","SETAI":"38"}},{"type":"Feature","geometry":{"type":"Polygon","coordinates":[[[135.5169068484365,35.109816060045866],[135.51547657884976,35.11003144367514],[135.51458569846307,35.10963201634618],[135.51452555030025,35.10888749373135],[135.51355675154662,35.10856619944541],[135.51299300064233,35.10782028668979],[135.5101352064197,35.106516477531386],[135.5105476677853,35.10510737701151],[135.50996433702795,35.104301206366266],[135.5071760348791,35.102161109541136],[135.5050464563971,35.100856596178666],[135.50169827390513,35.099542476651024],[135.50189164439018,35.09830769971868],[135.5012412792865,35.09646914964073],[135.5011540790637,35.09502715285678],[135.50365890865692,35.09496627882202],[135.50604288687623,35.09416665418324],[135.50853642344407,35.09298311456164],[135.51025264157536,35.09247538473019],[135.5099794070852,35.09398674739034],[135.5105092421019,35.095272048851314],[135.51313080850218,35.09774370287679],[135.51379340382712,35.09823019035845],[135.51498372606926,35.10145868788624],[135.5165839296227,35.10426510210695],[135.51698111862393,35.10565276827197],[135.51708768873476,35.10927139021282],[135.5169068484365,35.109816060045866]]]},"properties":{"KEY_CODE":"26213014002","PREF":"26","CITY":"213","CITY_NAME":"南丹市","S_NAME":"吉富美里","SETAI":"47"}},{"type":"Feature","geometry":{"type":"Polygon","coordinates":[[[135.49464978212433,35.10328709256301],[135.49270927960086,35.103889831511204],[135.49220802165823,35.10362440135045],[135.4918009192819,35.10196629354599],[135.4917536285994,35.101881581735036],[135.49088786523885,35.10120606826413],[135.4902656378688,35.10122035937883],[135.48981888314924,35.101101712637764],[135.48958138925246,35.10084019907038],[135.48943009843657,35.10079202352666],[135.48909701273578,35.100394250796334],[135.4879933510325,35.0989497594554],[135.48786786146724,35.09875773467447],[135.48775996430652,35.09810433649008],[135.48771004726143,35.09786586601994],[135.48794054058396,35.09741743578267],[135.48807664305758,35.09737892206885],[135.48833472622493,35.097217110275245],[135.48818795479656,35.096907380797674],[135.48823117415265,35.09645815851589],[135.48814189594273,35.096053663459415],[135.48831332067138,35.095656254362716],[135.4887389601612,35.09541232548033],[135.48906252710825,35.09475920005632],[135.48916589195017,35.09467223531846],[135.48963015701443,35.0944148075787],[135.49002271713252,35.093588584866254],[135.49068061183536,35.093284076604505],[135.49342843141866,35.09460526264504],[135.49598671652998,35.09491355538289],[135.4968385153321,35.095333604947484],[135.49781042410302,35.09423663565668],[135.49886256529422,35.094218021756504],[135.49982336314218,35.092960491549675],[135.49869487906906,35.092496792564276],[135.50019683424486,35.0912675544123],[135.50167872085686,35.089962088420585],[135.50416194014764,35.09001663500379],[135.5051305394359,35.08955302891834],[135.50642729269697,35.08960310469828],[135.50661338069798,35.09057814119913],[135.50741023425323,35.09194708697269],[135.50853642344407,35.09298311456164],[135.50604288687623,35.09416665418324],[135.50365890865692,35.09496627882202],[135.5011540790637,35.09502715285678],[135.5012412792865,35.09646914964073],[135.50189164439018,35.09830769971868],[135.50169827390513,35.099542476651024],[135.49895102506804,35.0991311224391],[135.4980381571545,35.099601274829936],[135.49784839949905,35.10014377225727],[135.49801634109605,35.1017119006793],[135.4974715430679,35.10223822109871],[135.49624190935026,35.10197783179388],[135.49562660869773,35.10231988120922],[135.4951484914217,35.103183664064076],[135.49464978212433,35.10328709256301]]]},"properties":{"KEY_CODE":"26213014003","PREF":"26","CITY":"213","CITY_NAME":"南丹市","S_NAME":"吉富室河原","SETAI":"35"}},{"type":"Feature","geometry":{"type":"Polygon","coordinates":[[[135.50019683424486,35.0912675544123],[135.49869487906906,35.092496792564276],[135.49982336314218,35.092960491549675],[135.49886256529422,35.094218021756504],[135.49781042410302,35.09423663565668],[135.4968385153321,35.095333604947484],[135.49598671652998,35.09491355538289],[135.49342843141866,35.09460526264504],[135.49068061183536,35.093284076604505],[135.49077338985086,35.09303839296545],[135.49070117612743,35.092842019461344],[135.49016051435257,35.09179925117713],[135.48961375691425,35.09144262895082],[135.48926941067776,35.091020443774354],[135.4890731921093,35.089802699815856],[135.49009234470444,35.089316677026325],[135.49152106390724,35.08927598684554],[135.4920541519725,35.08778241311996],[135.49441170981552,35.08730667590787],[135.49390351305533,35.086352728095534],[135.49464747191612,35.0851901922762],[135.4962388375317,35.08331021390186],[135.49734432065193,35.082982599920136],[135.49848240296203,35.08302732080698],[135.499462369076,35.082388725809984],[135.5003603421212,35.082370038027626],[135.50069259349655,35.08296264544507],[135.50042315735485,35.08542789469785],[135.4994625366795,35.087416385530304],[135.50001412641657,35.088391050603846],[135.49988070758718,35.08977368949509],[135.50019683424486,35.0912675544123]]]},"properties":{"KEY_CODE":"26213014004","PREF":"26","CITY":"213","CITY_NAME":"南丹市","S_NAME":"吉富木原","SETAI":"59"}},{"type":"Feature","geometry":{"type":"Polygon","coordinates":[[[135.50069259349655,35.08296264544507],[135.5003603421212,35.082370038027626],[135.499462369076,35.082388725809984],[135.49848240296203,35.08302732080698],[135.49734432065193,35.082982599920136],[135.4962388375317,35.08331021390186],[135.49464747191612,35.0851901922762],[135.49390351305533,35.086352728095534],[135.49441170981552,35.08730667590787],[135.4920541519725,35.08778241311996],[135.49152106390724,35.08927598684554],[135.49009234470444,35.089316677026325],[135.4890731921093,35.089802699815856],[135.48851559483327,35.089421940404314],[135.48818248819967,35.088669565709644],[135.48741684961476,35.08867689284854],[135.48667700459137,35.088375218478575],[135.48632305156704,35.08802073557387],[135.48607648259815,35.087231112610525],[135.48659789348906,35.08610402027122],[135.4863729090929,35.08560909138669],[135.48664988921504,35.08444314829507],[135.48793559907006,35.0846874769242],[135.48863696326944,35.08444929630937],[135.4890165284567,35.08355499405295],[135.48852782757592,35.082253903496145],[135.48859359279402,35.08137616642565],[135.49065737425292,35.079467054411325],[135.49203008441316,35.077477886061764],[135.49324490282513,35.07659311600406],[135.49448515796666,35.07620009667296],[135.4960366984701,35.07401653650754],[135.4979590948196,35.07233382857916],[135.49944184721738,35.071277702420474],[135.50213615370797,35.07117555712871],[135.503460991459,35.071522780690394],[135.5041879330985,35.071419341542004],[135.5043753635792,35.07223932623044],[135.50504280169676,35.0722388161141],[135.50597586536082,35.071244872037305],[135.50595552921993,35.07142240790074],[135.50596696391767,35.07226047691397],[135.50630322564518,35.07309972991497],[135.50679501832363,35.07337210584794],[135.50691280653902,35.07361591404991],[135.5049013749765,35.07616762290723],[135.5033518249413,35.07795634282796],[135.50202697626816,35.0804790298061],[135.50119732798834,35.081669497727844],[135.50069259349655,35.08296264544507]]]},"properties":{"KEY_CODE":"26213014005","PREF":"26","CITY":"213","CITY_NAME":"南丹市","S_NAME":"吉富池ノ内","SETAI":"21"}},{"type":"Feature","geometry":{"type":"Polygon","coordinates":[[[135.5051305394359,35.08955302891834],[135.50416194014764,35.09001663500379],[135.50167872085686,35.089962088420585],[135.50019683424486,35.0912675544123],[135.49988070758718,35.08977368949509],[135.50001412641657,35.088391050603846],[135.4994625366795,35.087416385530304],[135.50042315735485,35.08542789469785],[135.50069259349655,35.08296264544507],[135.50119732798834,35.081669497727844],[135.50202697626816,35.0804790298061],[135.5033518249413,35.07795634282796],[135.5049013749765,35.07616762290723],[135.50691280653902,35.07361591404991],[135.50696525151218,35.07378501381071],[135.50721905210222,35.07397528664187],[135.50916329763632,35.074780637820965],[135.51127939591203,35.0764380766993],[135.51196841430604,35.07674497187525],[135.51325710929098,35.077155627489454],[135.51434808545696,35.07785120076637],[135.5149667771719,35.07939280602453],[135.51544448385394,35.08142189605708],[135.5154511906454,35.082381420764335],[135.51538424391296,35.08257715052496],[135.515052362956,35.08306922942125],[135.514862680865,35.08315621966459],[135.51407220029787,35.08330854454521],[135.51379176623644,35.08344256535291],[135.51346110715048,35.08372505522522],[135.51334412923467,35.08403544830427],[135.51310292290714,35.08540583125778],[135.5120380484459,35.08552682420963],[135.5102518723316,35.084553053493515],[135.5095059378152,35.08461651172381],[135.50891370109335,35.08515647084283],[135.50762289140803,35.08360598894336],[135.50663883668958,35.084034407370446],[135.50579065582576,35.08374719775311],[135.50528133036067,35.08410211408356],[135.50507825814583,35.08655482494845],[135.5051305394359,35.08955302891834]]]},"properties":{"KEY_CODE":"26213014006","PREF":"26","CITY":"213","CITY_NAME":"南丹市","S_NAME":"吉富玉ノ井","SETAI":"18"}},{"type":"Feature","geometry":{"type":"Polygon","coordinates":[[[135.51859294284154,35.07062630831242],[135.5186285012925,35.07101408572219],[135.5187749265858,35.07181775918465],[135.51884391884892,35.07213517188995],[135.52000028621708,35.072256263696765],[135.52037738635002,35.072380659462375],[135.52053804836987,35.07242538508902],[135.52132821373937,35.07266276504637],[135.52190936682103,35.072891564498725],[135.52214317233515,35.073293647761965],[135.5222422463115,35.07359638620289],[135.52182546405737,35.075143235060345],[135.5212379479224,35.076008085093044],[135.52071497438592,35.07674000940945],[135.51989855186065,35.077814100807466],[135.52031087617902,35.07822746051758],[135.52033447833927,35.078411862278514],[135.52020588168884,35.07878137415103],[135.51955153834015,35.07902998513446],[135.51953989402114,35.07967702254662],[135.51890719931697,35.080185732233865],[135.5186932936781,35.08041785280918],[135.5186138835187,35.08053402194302],[135.52082215464534,35.08168315879774],[135.52010762690807,35.08238473218553],[135.51942833067022,35.08305172012272],[135.51921344572204,35.08326693524946],[135.5176648956768,35.08485980458012],[135.51535606464802,35.08685251375072],[135.5144455716039,35.08764171152197],[135.51380298952066,35.087827517205824],[135.51356010641507,35.08780252385951],[135.51326430020262,35.08768541158193],[135.51310534992876,35.08744109804332],[135.51308255156655,35.08718134525119],[135.51309113023984,35.08654853301515],[135.51310292290714,35.08540583125778],[135.51334412923467,35.08403544830427],[135.51346110715048,35.08372505522522],[135.51379176623644,35.08344256535291],[135.51407220029787,35.08330854454521],[135.514862680865,35.08315621966459],[135.515052362956,35.08306922942125],[135.51538424391296,35.08257715052496],[135.5154511906454,35.082381420764335],[135.51544448385394,35.08142189605708],[135.5149667771719,35.07939280602453],[135.51434808545696,35.07785120076637],[135.51325710929098,35.077155627489454],[135.51196841430604,35.07674497187525],[135.51127939591203,35.0764380766993],[135.50916329763632,35.074780637820965],[135.50721905210222,35.07397528664187],[135.50696525151218,35.07378501381071],[135.50691280653902,35.07361591404991],[135.50679501832363,35.07337210584794],[135.50630322564518,35.07309972991497],[135.50596696391767,35.07226047691397],[135.50595552921993,35.07142240790074],[135.5060093190551,35.07118704568451],[135.50611163294278,35.07065094304408],[135.5060333049315,35.06985464610975],[135.506058453049,35.06966811546778],[135.5058681344469,35.069209557931494],[135.5057540811356,35.06909528128392],[135.50553064823475,35.06905147894371],[135.50662980708307,35.06821089711725],[135.50918237664348,35.06880335221519],[135.51140220222712,35.06888665095635],[135.51287714816186,35.06977796017189],[135.5171212071725,35.070362662422674],[135.51758153040134,35.0703091472749],[135.51770699264907,35.070637490957765],[135.51834867275286,35.07067061845007],[135.51859294284154,35.07062630831242]]]},"properties":{"KEY_CODE":"26213014007","PREF":"26","CITY":"213","CITY_NAME":"南丹市","S_NAME":"吉富八木嶋","SETAI":"75"}},{"type":"Feature","geometry":{"type":"Polygon","coordinates":[[[135.5237050520197,35.07968886253616],[135.52237973329468,35.07978174451646],[135.52192466932152,35.08061380036196],[135.5208221546453,35.08168315879774],[135.5186138835187,35.080534021942995],[135.5186932936781,35.08041785280918],[135.51890719931697,35.080185732233865],[135.51953989402114,35.07967702254662],[135.51955153834015,35.07902998513446],[135.52020588168884,35.07878137415103],[135.52033447833927,35.078411862278514],[135.52031087617902,35.07822746051758],[135.51989855186065,35.077814100807466],[135.52071497438592,35.07674000940945],[135.5212379479224,35.076008085093044],[135.52182546405737,35.075143235060345],[135.5222422463115,35.07359638620289],[135.52214317233515,35.073293647761965],[135.52190936682103,35.072891564498725],[135.52132821373937,35.07266276504637],[135.52053804836987,35.07242538508902],[135.52037738635002,35.072380659462375],[135.52000028621708,35.072256263696765],[135.51884391884892,35.07213517188995],[135.5187749265858,35.07181775918465],[135.5186285012925,35.07101408572219],[135.51859294284154,35.07062630831242],[135.51963068403174,35.07084398045562],[135.5202365421963,35.07111591743395],[135.52055072701887,35.071025046090405],[135.52066979153142,35.07105587343581],[135.5208623764543,35.07117157651058],[135.52096399295945,35.07137474192381],[135.52101538598103,35.071729692004936],[135.52178509183545,35.0719490282044],[135.5220442525927,35.07192977146543],[135.52221626262622,35.072048700896836],[135.52277158868753,35.0723651452744],[135.5228611289952,35.07252431389062],[135.52291591834012,35.07300428547345],[135.52286951509788,35.073206864021216],[135.52289326671917,35.07336584307702],[135.52368573019405,35.074037470055174],[135.52475615538322,35.07440375408115],[135.52496997346353,35.074404594743754],[135.52607440681584,35.07398312523651],[135.52613854836727,35.073912456210955],[135.52652696526619,35.073582828461916],[135.5275371405569,35.07521055896005],[135.5275027965776,35.07618802808147],[135.5266840971744,35.076197784632285],[135.52668904250567,35.07670903787698],[135.52497414814945,35.076891482389954],[135.52442571239865,35.07644323792177],[135.5237050520197,35.07968886253616]]]},"properties":{"KEY_CODE":"26213014008","PREF":"26","CITY":"213","CITY_NAME":"南丹市","S_NAME":"吉富大薮","SETAI":"54"}},{"type":"Feature","geometry":{"type":"Polygon","coordinates":[[[135.52910588259016,35.073799752635054],[135.5275371405569,35.07521055896005],[135.52652696526619,35.073582828461916],[135.5266717916872,35.07342458180668],[135.52686493149017,35.07322933906441],[135.52697248155877,35.07302073132542],[135.52704615273066,35.07284164032699],[135.52768274163185,35.072547349798434],[135.52793469411145,35.07300886049981],[135.52789634309053,35.0730788558174],[135.52794762136236,35.07322709471422],[135.528657019659,35.07336100102164],[135.5290660117895,35.07378361022821],[135.52910588259016,35.073799752635054]]]},"properties":{"KEY_CODE":"26213014009","PREF":"26","CITY":"213","CITY_NAME":"南丹市","S_NAME":"吉富折戸","SETAI":"50"}},{"type":"Feature","geometry":{"type":"Polygon","coordinates":[[[135.53322747929394,35.07515977490682],[135.53229404537356,35.076217432653536],[135.53090696707997,35.07833684555807],[135.53021800039556,35.0788269462],[135.5283690760569,35.07964015376723],[135.5237050520197,35.07968886253616],[135.52442571239865,35.07644323792177],[135.52497414814945,35.076891482389954],[135.52668904250567,35.07670903787698],[135.5266840971744,35.076197784632285],[135.5275027965776,35.07618802808147],[135.5275371405569,35.07521055896005],[135.52910588259016,35.073799752635054],[135.52917801898627,35.07382894638104],[135.53004251292833,35.07412954837676],[135.53029298019126,35.07423066952312],[135.53047293547496,35.07461188722531],[135.53064239481589,35.07478283931396],[135.53075267702795,35.0747777035264],[135.53081327084604,35.07492337039334],[135.53149789194478,35.07492827981472],[135.53322747929394,35.07515977490682]]]},"properties":{"KEY_CODE":"26213014010","PREF":"26","CITY":"213","CITY_NAME":"南丹市","S_NAME":"吉富南広瀬","SETAI":"73"}},{"type":"Feature","geometry":{"type":"Polygon","coordinates":[[[135.51325457137196,35.13949336891621],[135.5123934408055,35.14066325913725],[135.5096201381251,35.14100032500396],[135.50939457331273,35.1409837838565],[135.50911409494688,35.14071821550156],[135.50889858065457,35.140031072282646],[135.50790695157485,35.138879669783236],[135.50719266778103,35.13771219838677],[135.50723271671455,35.137653838327005],[135.5082570674848,35.13730993702706],[135.50865652039656,35.13651984529193],[135.509572852868,35.136413317818096],[135.51195791872908,35.13575075653234],[135.51401919773264,35.13553094304196],[135.51447165188745,35.135129219402394],[135.51648973935468,35.1341899600995],[135.51731790123412,35.133975696005905],[135.51813215372067,35.13306326639683],[135.51884570708867,35.13280860878064],[135.51962908375083,35.13324972100151],[135.52042380854311,35.132946569821364],[135.52047532545578,35.13240359661848],[135.52139218842117,35.131217453782426],[135.5223946727218,35.13034917872749],[135.52335880131523,35.13005822616443],[135.52395616981278,35.12938512583697],[135.5242779593492,35.1280845983884],[135.52409480516525,35.12699497641903],[135.5244382040142,35.12463257725845],[135.52148463607568,35.12394735798714],[135.52025110140815,35.122554812608215],[135.51893383372456,35.12226921553944],[135.51813806399713,35.12149444442889],[135.51719097876187,35.1210097140456],[135.51610734453226,35.12001273155784],[135.5143290968932,35.119686453780375],[135.5137745082474,35.11859369003926],[135.5158140926269,35.11741381485223],[135.5171276010161,35.11576518065599],[135.51713565788177,35.11440238729947],[135.51679850999335,35.11115100062909],[135.5169068484365,35.109816060045866],[135.51708768873476,35.10927139021282],[135.51698111862393,35.10565276827197],[135.5165839296227,35.10426510210695],[135.51918366722984,35.10362986813261],[135.52223595363827,35.104355105930885],[135.5232162775258,35.10451840413962],[135.52346262534397,35.10405878914987],[135.5235439658469,35.104602440752984],[135.52504079745427,35.104631688193855],[135.5256525743493,35.10418948521716],[135.52771421773699,35.10460007419509],[135.52833128928572,35.10492685083557],[135.52888343253778,35.10510723913779],[135.52917534493065,35.10519245852955],[135.52951384464333,35.106061685123116],[135.52979226795077,35.10712709037486],[135.52986667662606,35.108501363321544],[135.53011189616547,35.109380786682806],[135.53085598469153,35.11258643279148],[135.534279797464,35.112899367373764],[135.5343096370806,35.11392909356767],[135.5344004890824,35.11487806446155],[135.53435170880468,35.11509126620963],[135.53365823942696,35.11586603655047],[135.53323920609105,35.11630170183807],[135.532486309239,35.11719828535339],[135.5321678589324,35.11762419203674],[135.5317969010999,35.118380683535406],[135.5318029454418,35.11887494908999],[135.53198035082565,35.119635516244095],[135.5312157662617,35.12189540143563],[135.5313700309021,35.12323688199689],[135.5319191766548,35.12467248571295],[135.5322112804468,35.125148128251055],[135.5323960444014,35.125327996856186],[135.53245987614213,35.12546761143677],[135.5323611070985,35.125785764203165],[135.53176176067768,35.1260622075],[135.52919373067652,35.12651086386962],[135.52872567389508,35.126813152069666],[135.5280880301906,35.12679378623853],[135.52795757641036,35.126821451650486],[135.52743296299073,35.127416341181195],[135.52646041390437,35.12838675440154],[135.5263745443055,35.12900023338937],[135.5267707277419,35.129857769277976],[135.52713003035905,35.13083812065651],[135.52710307895526,35.13095463769438],[135.5265458060384,35.130965434652985],[135.52555592996177,35.130799615604595],[135.52456990216513,35.13093599100433],[135.52384154045183,35.13234655093269],[135.52292731601185,35.13270340741673],[135.52244043368827,35.132695868621994],[135.52162690331753,35.132833463308486],[135.51846776845105,35.13479622416115],[135.5183837010263,35.13481885033287],[135.51701376379202,35.13511633404115],[135.51532483287815,35.13587683524316],[135.51404134048133,35.13668321999105],[135.5131457113155,35.137635794611185],[135.51331796178994,35.13857191797413],[135.51325457137196,35.13949336891621]]]},"properties":{"KEY_CODE":"26213015001","PREF":"26","CITY":"213","CITY_NAME":"南丹市","S_NAME":"新庄船枝","SETAI":"60"}},{"type":"Feature","geometry":{"type":"Polygon","coordinates":[[[135.51918366722984,35.10362986813261],[135.5165839296227,35.10426510210695],[135.51498372606926,35.10145868788624],[135.51379340382712,35.09823019035845],[135.51313080850218,35.09774370287679],[135.5105092421019,35.095272048851314],[135.5099794070852,35.09398674739034],[135.51025264157536,35.09247538473019],[135.51292872941332,35.08915103112509],[135.51425808764472,35.087811670164804],[135.5144455716039,35.08764171152197],[135.51535606464802,35.08685251375072],[135.5176648956768,35.08485980458012],[135.51921344572204,35.08326693524946],[135.52218977542427,35.08475419086454],[135.5221848212391,35.08669844290729],[135.52222190140992,35.08681246689326],[135.52261525393268,35.08752918711936],[135.52320485034966,35.0881444908176],[135.5232647006326,35.08834388865466],[135.52348596620863,35.088729563165316],[135.5227586702121,35.08988315487018],[135.52199609632322,35.09037918119288],[135.52132875953893,35.09079888104581],[135.52113724977187,35.09131624207706],[135.5209029734477,35.09211492371001],[135.52019450640103,35.09312018435526],[135.5200877341178,35.0932098349075],[135.51973542036785,35.093675850260816],[135.51980144074724,35.09410972214043],[135.5197726433902,35.09434609583288],[135.5193951700304,35.0944234736596],[135.51864295836256,35.09469641077725],[135.51822721858557,35.09545500017172],[135.51799190917328,35.095836966718025],[135.51808737872906,35.09650751701266],[135.5182281661725,35.097048663710524],[135.51854194524796,35.09790023129468],[135.51845605740465,35.09851935294303],[135.51840312515543,35.099363825388735],[135.51843555422641,35.099679320637534],[135.51882049935213,35.100086363949835],[135.51928817581134,35.101000447424],[135.51913031108361,35.10220494132399],[135.51913403717225,35.10273997844261],[135.51916491933198,35.103320128275776],[135.51918366722984,35.10362986813261]]]},"properties":{"KEY_CODE":"26213015002","PREF":"26","CITY":"213","CITY_NAME":"南丹市","S_NAME":"新庄山室","SETAI":"48"}},{"type":"Feature","geometry":{"type":"Polygon","coordinates":[[[135.53327106093397,35.09507531272581],[135.53299602183907,35.09841536499884],[135.53358426249224,35.100346222778704],[135.53196706701712,35.10129594251196],[135.53073824681718,35.102515396078694],[135.531216112409,35.102953316934865],[135.53110754648193,35.1037702475216],[135.5304199203779,35.104610077498336],[135.53080689286233,35.10551709246565],[135.53275993337658,35.105204332706634],[135.53287592534923,35.1074820874035],[135.53418940611638,35.108512361273135],[135.53432322592496,35.11091179752912],[135.5339578734346,35.11186211410302],[135.53475397850252,35.11293512329334],[135.534279797464,35.112899367373764],[135.53085598469153,35.11258643279148],[135.53011189616547,35.109380786682806],[135.52986667662606,35.108501363321544],[135.52979226795077,35.10712709037486],[135.52951384464333,35.106061685123116],[135.52917534493065,35.10519245852955],[135.52888343253778,35.10510723913779],[135.52833128928572,35.10492685083557],[135.52771421773699,35.10460007419512],[135.5256525743493,35.104189485217155],[135.52504079745427,35.104631688193855],[135.5235439658469,35.104602440752984],[135.52346262534397,35.10405878914987],[135.52321627752573,35.10451840413962],[135.52223595363827,35.104355105930885],[135.51918366722984,35.10362986813261],[135.51916491933198,35.103320128275776],[135.51913403717225,35.10273997844261],[135.51913031108361,35.10220494132399],[135.51928817581134,35.101000447424],[135.51882049935213,35.100086363949835],[135.51843555422641,35.099679320637534],[135.51840312515543,35.099363825388735],[135.51845605740465,35.09851935294303],[135.51854194524796,35.09790023129468],[135.5182281661725,35.097048663710524],[135.51808737872906,35.09650751701266],[135.51799190917328,35.095836966718025],[135.51822721858557,35.09545500017172],[135.51864295836256,35.09469641077725],[135.5193951700304,35.0944234736596],[135.5197726433902,35.09434609583288],[135.51980144074724,35.09410972214043],[135.51973542036785,35.093675850260816],[135.5200877341178,35.0932098349075],[135.52019450640103,35.09312018435526],[135.5209029734477,35.09211492371001],[135.5221379789722,35.09191705534374],[135.52259762344212,35.09185140116187],[135.52523433565398,35.09106764737669],[135.5258055569196,35.090670079922596],[135.52582779672565,35.090974334157025],[135.52596164544457,35.091537979809615],[135.52599507548035,35.09168452496437],[135.52674890209988,35.09212720792801],[135.52695991464446,35.09225853094997],[135.52728895687966,35.09291265880227],[135.5275732933382,35.09411670403461],[135.5275326996186,35.09548603821687],[135.52847145491924,35.09555167095663],[135.52908518713346,35.095589694525415],[135.52922537977102,35.094974509924484],[135.53327106093397,35.09507531272581]]]},"properties":{"KEY_CODE":"26213015003","PREF":"26","CITY":"213","CITY_NAME":"南丹市","S_NAME":"新庄室橋","SETAI":"59"}},{"type":"Feature","geometry":{"type":"Polygon","coordinates":[[[135.54623818412205,35.1175656376409],[135.54583611848733,35.118683749644426],[135.54406889515982,35.11894265082972],[135.53938788138916,35.119150261851374],[135.53927525236702,35.120276138388256],[135.53744935295853,35.12243161182658],[135.53634002895976,35.12397040170949],[135.53550726519592,35.12450217818951],[135.5345144006453,35.123570756385924],[135.53467059917222,35.120906197166875],[135.53329723007445,35.120045009849925],[135.5312157662617,35.12189540143563],[135.53198035082565,35.119635516244095],[135.5318029454418,35.11887494908999],[135.5317969010999,35.118380683535406],[135.5321678589324,35.11762419203674],[135.532486309239,35.11719828535339],[135.53323920609105,35.11630170183807],[135.53365823942696,35.11586603655047],[135.53435170880468,35.11509126620963],[135.5344004890824,35.11487806446155],[135.5343096370806,35.11392909356767],[135.534279797464,35.112899367373764],[135.53475397850252,35.11293512329334],[135.5339578734346,35.11186211410302],[135.53432322592496,35.11091179752912],[135.53418940611638,35.108512361273135],[135.53287592534923,35.1074820874035],[135.53275993337658,35.105204332706634],[135.53080689286233,35.10551709246565],[135.5304199203779,35.104610077498336],[135.53110754648193,35.1037702475216],[135.531216112409,35.102953316934865],[135.53073824681718,35.102515396078694],[135.53196706701712,35.10129594251196],[135.53358426249224,35.100346222778704],[135.53299602183907,35.09841536499884],[135.53327106093397,35.09507531272581],[135.53558259448735,35.09502778279722],[135.53828182786566,35.09507519896515],[135.5398998137762,35.09514881181882],[135.540524109595,35.095136036862804],[135.540502053589,35.09833597828272],[135.5403692508615,35.098893380252875],[135.54130458110882,35.0986437391102],[135.5420496312274,35.09919543965011],[135.54253274225607,35.10037813709579],[135.54430566187435,35.1013862311967],[135.5452854602201,35.10269380437632],[135.5460122248673,35.102307215027125],[135.5473023951424,35.10332824481324],[135.5474789443316,35.10443913299645],[135.5486501005144,35.1063744457285],[135.54912638929434,35.10804209075333],[135.548611952352,35.109150051105345],[135.54901187849347,35.11225441517209],[135.54793386684818,35.113162674929136],[135.5480981739698,35.1150666516502],[135.5469602600011,35.11687569973131],[135.54623818412205,35.1175656376409]]]},"properties":{"KEY_CODE":"26213015004","PREF":"26","CITY":"213","CITY_NAME":"南丹市","S_NAME":"新庄諸畑","SETAI":"58"}},{"type":"Feature","geometry":{"type":"Polygon","coordinates":[[[135.540524109595,35.095136036862804],[135.5398998137762,35.09514881181882],[135.53828182786566,35.09507519896515],[135.53558259448735,35.09502778279722],[135.53327106093397,35.09507531272581],[135.52922537977102,35.094974509924484],[135.52908518713352,35.09558969452539],[135.52847145491924,35.09555167095663],[135.5275326996186,35.09548603821687],[135.5275732933382,35.09411670403461],[135.52728895687966,35.09291265880227],[135.52695991464446,35.09225853094997],[135.52674890209988,35.09212720792801],[135.52599507548035,35.09168452496437],[135.52596164544457,35.091537979809615],[135.52582779672565,35.090974334157025],[135.5258055569196,35.090670079922596],[135.52585434813236,35.090529491124414],[135.52589399196515,35.09019174531342],[135.52560779346376,35.08989786610026],[135.52550078319288,35.08943566836834],[135.52563632316534,35.08910956619664],[135.5275583436602,35.089118977191056],[135.52869293091064,35.08946277694126],[135.53011257954788,35.09025888768542],[135.5325045725807,35.09030194622072],[135.53403447450393,35.09006571689267],[135.54056806869914,35.0901469780517],[135.54055001090003,35.09127132494576],[135.54048460883425,35.093171440485605],[135.54050951003052,35.094850197335155],[135.540524109595,35.095136036862804]]]},"properties":{"KEY_CODE":"26213015005","PREF":"26","CITY":"213","CITY_NAME":"南丹市","S_NAME":"新庄野条","SETAI":"42"}},{"type":"Feature","geometry":{"type":"Polygon","coordinates":[[[135.54056806869914,35.0901469780517],[135.53403447450393,35.09006571689267],[135.5325045725807,35.09030194622072],[135.53011257954788,35.09025888768542],[135.52869293091064,35.08946277694126],[135.5275583436602,35.089118977191056],[135.52563632316534,35.08910956619664],[135.52563331731503,35.089036381899206],[135.52551104282495,35.088844416467964],[135.52532828357104,35.08861453639253],[135.52545799977605,35.08793818605226],[135.52585267891772,35.086896589943656],[135.52582004751775,35.08617184836137],[135.5257422301755,35.08520669869965],[135.52597610954834,35.084732444652005],[135.52610496724995,35.084493639506306],[135.52649790368346,35.0841009271236],[135.52699390237325,35.083663684580905],[135.527289231758,35.08355786014981],[135.52759374113717,35.083487212636115],[135.52784690149102,35.083241777746345],[135.52807259601784,35.08290770803936],[135.5283052422286,35.08275092936564],[135.52866572101874,35.08260774785623],[135.5291500815411,35.08235997018977],[135.5294252199015,35.081865095600456],[135.53028196106283,35.08158594193714],[135.5316403372693,35.08152120152422],[135.5321601130679,35.081740969222864],[135.53234406447967,35.08199577834835],[135.53268280222068,35.082890445268134],[135.5329955787508,35.083907410963995],[135.53428414240815,35.0840357594784],[135.53580380964894,35.08413419615162],[135.53806212816949,35.084148450174744],[135.539424271656,35.08416489728096],[135.54069200325512,35.08421188876342],[135.5406087811551,35.08924638896017],[135.54056806869914,35.0901469780517]]]},"properties":{"KEY_CODE":"26213015006","PREF":"26","CITY":"213","CITY_NAME":"南丹市","S_NAME":"新庄池上","SETAI":"44"}},{"type":"Feature","geometry":{"type":"Polygon","coordinates":[[[135.56748250256646,35.12781243048225],[135.56664038101601,35.12809936924898],[135.5659029071132,35.12892195071902],[135.56529743144537,35.12975253146595],[135.56354462267768,35.13133421179574],[135.56152230142624,35.13261475883481],[135.56141199331893,35.1326676009479],[135.55942200425366,35.133613587459834],[135.5584184932579,35.133796156310396],[135.55794815220437,35.13333649759706],[135.56001585540483,35.13208468384562],[135.56029679350257,35.13169746083693],[135.560256446309,35.131309078035585],[135.56017230505984,35.1311743384632],[135.55988816263957,35.13103394694204],[135.55885287021925,35.1310050642865],[135.5593666279126,35.13020530633987],[135.55924277245038,35.12945443960714],[135.55897443479006,35.12926910339965],[135.5585235358023,35.12838789645971],[135.55845112365324,35.127335939110864],[135.55866185920198,35.12640754268591],[135.55930075841533,35.12554830472078],[135.55933900929327,35.125250131362954],[135.55943717757188,35.1239326634535],[135.55966512036696,35.123728700148085],[135.55984445616028,35.12244243980406],[135.56126428235189,35.12025613756329],[135.56174455820118,35.118664537973416],[135.56159885874425,35.117070403746936],[135.56172784993132,35.11390737913011],[135.56242419131357,35.11189451361596],[135.5618375832061,35.1105594150988],[135.5617271677525,35.10907342262892],[135.56225216449482,35.10774705125646],[135.5632933644665,35.10662451613709],[135.56396731520485,35.106263342904654],[135.56745674879477,35.10625091470082],[135.5682275347287,35.10569055537535],[135.5685455525914,35.10483505358807],[135.5678890493383,35.10328909647889],[135.56783029998314,35.102556671263144],[135.56970384226668,35.101071920830904],[135.57144806139186,35.10129719160287],[135.57202199613977,35.10126879373754],[135.57223733103817,35.10114630476988],[135.57242309719874,35.1010161699821],[135.5730533671731,35.10079708446466],[135.5734895884335,35.102148187028405],[135.57373072636494,35.103526978938106],[135.5739303224538,35.10377070405787],[135.5752779255797,35.10411742353385],[135.57593536470327,35.104249206663006],[135.5763456363153,35.10445337407028],[135.57712700178428,35.10514868900273],[135.57819878275498,35.1060308474637],[135.5787964306281,35.10612860770923],[135.5790447298441,35.10583663653999],[135.579114092647,35.105679265569265],[135.5793139973862,35.10546593262107],[135.5793519249691,35.10533063720491],[135.57942611618523,35.10566061708699],[135.57956855155206,35.10595956262729],[135.5799363549464,35.10642815722438],[135.5804812276728,35.106432275984986],[135.5808494735888,35.106438113287496],[135.5812833093171,35.106714742144206],[135.58287155036555,35.10893288714026],[135.5836884141657,35.11008442729035],[135.5839400585394,35.11116080330059],[135.58418773308586,35.11166848858069],[135.58430160338344,35.11219818432503],[135.58409155593202,35.11305910988605],[135.58121279388354,35.11396873555832],[135.58092359704807,35.114327749234725],[135.58092287141767,35.114469861461764],[135.58203484567932,35.11527615086709],[135.58264257676706,35.11553753095955],[135.58315614031582,35.11566879583462],[135.58391078972997,35.115581298893474],[135.5841476743825,35.11551449912722],[135.58435942047666,35.115672900209596],[135.5853289409843,35.11648147621171],[135.587480980989,35.115294861934444],[135.58776460887418,35.11547595610421],[135.58764669193425,35.115745920570745],[135.58776339044203,35.11708084940966],[135.58813974300097,35.11767402240878],[135.58777147663938,35.11807991501529],[135.5872203330687,35.11844681225471],[135.58707587149618,35.118617459502396],[135.5874944365173,35.11962775789707],[135.58750691978713,35.11999949282559],[135.58738531787216,35.12061562378529],[135.58746932297794,35.121046599865515],[135.58779125400335,35.12128365710858],[135.5884702306379,35.12191724927207],[135.58886458580116,35.122036518554175],[135.58938496180062,35.12279936168387],[135.58937918490352,35.12323299512741],[135.5884156161274,35.12349527320204],[135.58828336279316,35.12409073518687],[135.58820108140335,35.12474530618837],[135.5880274343376,35.12499845452142],[135.5876068064042,35.12510620240884],[135.586969001008,35.12484442830555],[135.58635112370672,35.123491329287376],[135.58585065431495,35.12305895496194],[135.58531972843815,35.122962737201206],[135.58491662833887,35.123156096658256],[135.58482681906926,35.12386965453002],[135.5846927979349,35.12480728475858],[135.5838873147651,35.12574558264318],[135.58366450488188,35.12578616001548],[135.58319812702553,35.12570196476272],[135.5823030487037,35.12519743403959],[135.58182942752262,35.12513088364996],[135.58205361103288,35.12622903253083],[135.5824935225055,35.12656975700555],[135.58320003110168,35.12744539496741],[135.58313716873727,35.12770362789203],[135.58202994756675,35.12811456118756],[135.58035553616702,35.128371615125126],[135.57778561480487,35.12766909612939],[135.57534977754543,35.132077498323135],[135.57495658995452,35.13248586555504],[135.5745929953805,35.132255781667084],[135.5741727197677,35.132077912147864],[135.57397856115725,35.13204456013745],[135.57248053045367,35.131705814091376],[135.5714471869261,35.13138648748896],[135.57065290532617,35.13000877418366],[135.56938795830413,35.128493760196086],[135.5683573029097,35.127821167274966],[135.56748250256646,35.12781243048225]]]},"properties":{"KEY_CODE":"26213016001","PREF":"26","CITY":"213","CITY_NAME":"南丹市","S_NAME":"神吉上区","SETAI":"73"}},{"type":"Feature","geometry":{"type":"Polygon","coordinates":[[[135.59728110638963,35.126119658388134],[135.59666228619787,35.1269364141089],[135.59660735492704,35.12766424337289],[135.59567479414716,35.12883711772869],[135.59198218942748,35.12900631302569],[135.59116759737864,35.128543751553536],[135.589302624021,35.12767355957226],[135.58806719996323,35.12756803991843],[135.5871505109664,35.12768434274796],[135.58597485212113,35.12726266964526],[135.5857122131085,35.12744080004812],[135.583856471699,35.12735826642515],[135.58359954678525,35.12738084191389],[135.58320003110168,35.12744539496741],[135.5824935225055,35.12656975700555],[135.58205361103288,35.12622903253083],[135.58182942752262,35.12513088364996],[135.5823030487037,35.12519743403959],[135.58319812702553,35.12570196476272],[135.58366450488188,35.12578616001548],[135.5838873147651,35.12574558264318],[135.5846927979349,35.12480728475858],[135.58482681906926,35.12386965453002],[135.58491662833887,35.123156096658256],[135.58531972843815,35.122962737201206],[135.58585065431495,35.12305895496194],[135.58635112370672,35.123491329287376],[135.586969001008,35.12484442830555],[135.5876068064042,35.12510620240884],[135.5880274343376,35.12499845452142],[135.58820108140335,35.12474530618837],[135.58828336279316,35.12409073518687],[135.5884156161274,35.12349527320204],[135.58937918490352,35.12323299512741],[135.58938496180062,35.12279936168387],[135.58886458580116,35.122036518554175],[135.5884702306379,35.12191724927207],[135.58779125400335,35.12128365710858],[135.58746932297794,35.121046599865515],[135.58738531787216,35.12061562378529],[135.58750691978713,35.11999949282559],[135.5874944365173,35.11962775789707],[135.58707587149618,35.118617459502396],[135.5872203330687,35.11844681225471],[135.58777147663938,35.11807991501529],[135.58813974300097,35.11767402240878],[135.58776339044203,35.11708084940966],[135.58764669193425,35.115745920570745],[135.58776460887418,35.11547595610421],[135.587480980989,35.115294861934444],[135.5853289409843,35.11648147621171],[135.58435942047666,35.115672900209596],[135.5841476743825,35.11551449912722],[135.58391078972997,35.115581298893474],[135.58315614031582,35.11566879583462],[135.58264257676706,35.11553753095955],[135.58203484567932,35.11527615086709],[135.58092287141767,35.114469861461764],[135.58092359704807,35.114327749234725],[135.58121279388354,35.11396873555832],[135.58409155593202,35.11305910988605],[135.58430160338344,35.11219818432503],[135.58418773308586,35.11166848858069],[135.5839400585394,35.11116080330059],[135.5836884141657,35.11008442729035],[135.58287155036555,35.10893288714026],[135.5812833093171,35.106714742144206],[135.5808494735888,35.106438113287496],[135.5804812276728,35.106432275984986],[135.5799363549464,35.10642815722438],[135.57956855155206,35.10595956262729],[135.57942611618523,35.10566061708699],[135.57952562314773,35.104946646766294],[135.57992396829928,35.104737724867086],[135.58068660778787,35.10439173373038],[135.58168537064762,35.10395245590891],[135.5828596378257,35.10342524133905],[135.58360735415906,35.10322875970763],[135.584815124108,35.10486782334599],[135.58576399617377,35.10430381707955],[135.58705535615866,35.10366658177685],[135.58664359365773,35.10321638649813],[135.58643350528754,35.10295503594121],[135.5863815816433,35.102766613100165],[135.58633236059657,35.102424317969444],[135.58714025421162,35.09931546871648],[135.58728854442654,35.099067080551556],[135.58746093194856,35.098763699386076],[135.5875760028185,35.09867168610693],[135.58789911372327,35.09862438553255],[135.58810192097917,35.09859344303107],[135.58821019967536,35.098565353758296],[135.58838767664568,35.09847664672537],[135.58852274144965,35.098344275619034],[135.58935671694593,35.09763780207202],[135.58959004912666,35.097405188702275],[135.58962919254424,35.09733954208485],[135.58995766749302,35.09682575408225],[135.5902019019084,35.09648507317157],[135.59042832209903,35.0961163730403],[135.59066560683968,35.095802500566684],[135.59091774441873,35.09564600823744],[135.5912184054298,35.09552707277902],[135.59192862787205,35.095349916520334],[135.59255640449564,35.09540918265159],[135.59269359361838,35.095468020366106],[135.59304755219085,35.095607789392844],[135.59335447388565,35.095660214433764],[135.59359450091418,35.09564692250282],[135.59440491903248,35.095315428167005],[135.59500099548802,35.095043718841495],[135.5952479091651,35.094962767656064],[135.59662338891138,35.09494770777359],[135.59673407998432,35.094871799963265],[135.5970424403958,35.09460427551115],[135.59739360994303,35.09443119216449],[135.5977074090159,35.09437461239848],[135.5981083222094,35.09465664299264],[135.5996230322437,35.09459341740206],[135.60055589699195,35.09516478973397],[135.6023286871725,35.094271346224886],[135.6039641069413,35.094379169998504],[135.60533618767928,35.09272526895377],[135.60784140179308,35.09431561847796],[135.60971830272305,35.09495429751488],[135.61230611907817,35.09614398921849],[135.6144439513024,35.09732030929798],[135.61573956562822,35.099255109418095],[135.61642038821492,35.10083345259596],[135.61555327062607,35.10150845241915],[135.61590892172134,35.10223245705671],[135.6159637418517,35.104435087076716],[135.61476210666643,35.104744009537875],[135.61358918421513,35.104558908697996],[135.61197246471704,35.10493528902031],[135.61108407383637,35.10591369709388],[135.60943627258374,35.106784257477464],[135.609663986493,35.10829767903824],[135.60546858598474,35.11008218162459],[135.60408944706305,35.11207841593832],[135.6031511912406,35.111349107763154],[135.6022228157181,35.11012775085006],[135.60079848865118,35.10996169738703],[135.59739258529353,35.11009539854508],[135.59555563446708,35.11155605889486],[135.5953780332263,35.1126732224606],[135.59395913442594,35.11374137292951],[135.5927095401521,35.11611500426685],[135.59198431386818,35.117051944455724],[135.5919934032571,35.1182065100411],[135.59129450149078,35.11928957898526],[135.59157469748652,35.1204134104697],[135.59105875174936,35.12159255291792],[135.591270883421,35.123068438333604],[135.59063494798616,35.124557727979884],[135.591496583569,35.1247002967195],[135.5938799564734,35.12594756398254],[135.59513433886175,35.126340799011984],[135.59728110638963,35.126119658388134]]]},"properties":{"KEY_CODE":"26213016002","PREF":"26","CITY":"213","CITY_NAME":"南丹市","S_NAME":"神吉下区","SETAI":"48"}},{"type":"Feature","geometry":{"type":"Polygon","coordinates":[[[135.5793519249691,35.10533063720491],[135.5793139973862,35.10546593262107],[135.579114092647,35.105679265569265],[135.5790447298441,35.10583663653999],[135.5787964306281,35.10612860770923],[135.57819878275498,35.1060308474637],[135.57712700178428,35.10514868900273],[135.5763456363153,35.10445337407028],[135.57593536470327,35.104249206663006],[135.5752779255797,35.10411742353385],[135.5739303224538,35.10377070405787],[135.57373072636494,35.103526978938106],[135.5734895884335,35.102148187028405],[135.5730533671731,35.10079708446466],[135.5733987872718,35.10060573911522],[135.5736140540956,35.10045408481974],[135.57405792763896,35.100204908076],[135.57420475989647,35.100088298375944],[135.57465573737895,35.09949208198114],[135.57476832886093,35.0991942855964],[135.57487887272,35.09893606234153],[135.57514673900184,35.09866929912115],[135.5752972312821,35.09856481435937],[135.5755272084064,35.09846673170237],[135.57661474191553,35.098576061185796],[135.57774950806578,35.098849213946444],[135.57802293290325,35.0980486309031],[135.57809656588609,35.09794296286315],[135.57814087657363,35.09792417059284],[135.57945246107394,35.09796980469789],[135.5800658155184,35.09800979652206],[135.5805207082357,35.09819791275498],[135.58118666485205,35.09849266870816],[135.58304501644716,35.09871802634147],[135.58351102503275,35.09850713368767],[135.5840806270958,35.09800833635713],[135.5842805646071,35.09770596985723],[135.58432977583306,35.09748056218521],[135.58434747218982,35.097437661650616],[135.58436280514385,35.097447221151825],[135.58440344004697,35.09758729621319],[135.58449228657275,35.09770774429806],[135.58460532234741,35.09778953929625],[135.58473871967763,35.09785238788847],[135.58529357036412,35.0980510998508],[135.58586944056424,35.09836418181113],[135.58617998308438,35.09869418624492],[135.58650734840137,35.09901903408197],[135.58692058309876,35.099351141628155],[135.58696233770468,35.099380578903116],[135.58704399598668,35.09939803727881],[135.58710276486855,35.099358302842326],[135.58712489029497,35.099337741678006],[135.58633236059657,35.102424317969444],[135.5863815816433,35.102766613100165],[135.58643350528754,35.10295503594121],[135.58664359365773,35.10321638649813],[135.58705535615866,35.10366658177683],[135.58576399617377,35.10430381707955],[135.584815124108,35.10486782334599],[135.58360735415906,35.10322875970763],[135.5828596378257,35.10342524133905],[135.58168537064762,35.10395245590891],[135.58068660778787,35.10439173373038],[135.57992396829928,35.104737724867086],[135.57952562314773,35.104946646766294],[135.5793519249691,35.10533063720491]]]},"properties":{"KEY_CODE":"26213016003","PREF":"26","CITY":"213","CITY_NAME":"南丹市","S_NAME":"神吉和田","SETAI":"15"}},{"type":"Feature","geometry":{"type":"Polygon","coordinates":[[[135.51158265503207,35.16266368231875],[135.51085518446203,35.162662035491124],[135.50959646301345,35.16177479434767],[135.50864773046297,35.1616525956317],[135.50676342676604,35.163628952300805],[135.5064089852976,35.16340026450697],[135.50629288324777,35.16298422689984],[135.50601326157704,35.1618097737297],[135.50584956114744,35.16181523697398],[135.50576803818083,35.16175990664429],[135.50570933442322,35.16162523011057],[135.50556818804026,35.16158796748524],[135.50491876882668,35.16193977425209],[135.50487276005168,35.16229501447858],[135.50460618979986,35.162733867596216],[135.5045813417052,35.16292207898799],[135.50263276536768,35.16217392968042],[135.49999743638236,35.16218639735826],[135.49874327095463,35.16140088099263],[135.49711830682264,35.160946366360676],[135.49643603164347,35.15878322786333],[135.4957015096379,35.15809898202582],[135.49426411411164,35.157742036460874],[135.4914264968261,35.15861652768055],[135.48997679255675,35.15865456076657],[135.48910532173232,35.15751735882524],[135.48800679194602,35.15717154393041],[135.48798678801532,35.15713399340561],[135.48801077860216,35.156718518192555],[135.4875716017427,35.15548937926073],[135.48744029262727,35.155136562040646],[135.4874810921066,35.154714044374195],[135.4882746077018,35.15362530243295],[135.48862478443314,35.152523077255694],[135.48805196536682,35.15013826715135],[135.4885573305787,35.14895352808111],[135.48930760330626,35.14924148657697],[135.49345732113798,35.14986649414827],[135.4950821619801,35.15184954091642],[135.4963622956956,35.15229548199601],[135.4969571256163,35.15212885824884],[135.49762358063583,35.15083196795697],[135.49835700439027,35.150183164542405],[135.49865698474144,35.149616584847834],[135.49943196254685,35.14929998725482],[135.50118181790427,35.14929998913804],[135.50170679304827,35.14894171624022],[135.5020567985233,35.14826681013414],[135.5034817524806,35.147158612927456],[135.50343182111834,35.14626706849781],[135.5039193183207,35.145383841445906],[135.50380684998828,35.144484012828116],[135.50286951128695,35.142600889052346],[135.5044819015845,35.14264259483003],[135.5070192838565,35.14317584563481],[135.50729228979972,35.14248039378411],[135.50709440506412,35.14132556957229],[135.50719266778103,35.13771219838677],[135.50790695157485,35.138879669783236],[135.50889858065457,35.140031072282646],[135.50911409494688,35.14071821550156],[135.50939457331273,35.1409837838565],[135.5096201381251,35.14100032500396],[135.51239344080554,35.14066325913725],[135.51208494329325,35.141822113004565],[135.51217505839688,35.1426358644429],[135.5131239688707,35.14623307422528],[135.5127893057746,35.14772477803941],[135.5117231188783,35.148968485314555],[135.51262752020605,35.15093873248946],[135.51316079908327,35.1525565045913],[135.51313839859532,35.15580818899784],[135.5117828839938,35.15676165093427],[135.51017276264986,35.158793372813385],[135.51131373650057,35.160797950985724],[135.51158265503207,35.16266368231875]]]},"properties":{"KEY_CODE":"26213017001","PREF":"26","CITY":"213","CITY_NAME":"南丹市","S_NAME":"世木殿田","SETAI":"176"}},{"type":"Feature","geometry":{"type":"Polygon","coordinates":[[[135.53588054619496,35.174677613640505],[135.53428302964514,35.17588308836407],[135.533733866527,35.17679473443803],[135.53259301594065,35.17805192556152],[135.53206961660692,35.178224139422795],[135.5292198018167,35.1779458037173],[135.52840763222804,35.177931245205585],[135.5279456890019,35.178102200518396],[135.52645429428438,35.17799977683384],[135.52599851244412,35.177198833928216],[135.525061171792,35.17633650207337],[135.52480624026654,35.175663315117646],[135.5248430896169,35.174103791610676],[135.52332157803096,35.17421438829488],[135.52024757127012,35.17137067004761],[135.52109196446455,35.17097828287151],[135.5217942597535,35.169851168593276],[135.52160078596472,35.169176743187336],[135.52068689945915,35.16827342926033],[135.51919352294064,35.167320711887335],[135.5175492991141,35.167433655312124],[135.51700567720363,35.16726065773382],[135.51657292122624,35.166216753369056],[135.51568806314154,35.165417885082284],[135.5139967517462,35.16460270175624],[135.5131438626045,35.16314218009915],[135.5125963065042,35.162743301103795],[135.51158265503207,35.16266368231875],[135.51131373650057,35.160797950985724],[135.51017276264986,35.158793372813385],[135.5117828839938,35.15676165093427],[135.51313839859532,35.15580818899784],[135.51415533661043,35.15530259079574],[135.5152341916394,35.15559540184126],[135.51707472046178,35.15743221288593],[135.51839830199808,35.158405686337396],[135.51847065910687,35.15845238107713],[135.51912796443315,35.158633212501755],[135.52021000404446,35.15929486918624],[135.520950845629,35.159482358635266],[135.52175323686092,35.15919346102544],[135.5238338434873,35.15927434802165],[135.5244742595113,35.159697132017016],[135.5253949472114,35.16042819074515],[135.52572648618798,35.16072384922607],[135.5276224213967,35.161265299954145],[135.5279641584107,35.16157240176376],[135.52865811615587,35.161741075530635],[135.52985688073304,35.16193021373543],[135.53157967721734,35.16274678777764],[135.5333419002018,35.163881522276284],[135.53460077726015,35.165339668449],[135.53656098636426,35.166272989453624],[135.53745132404035,35.16759160498322],[135.53727415551558,35.16859722037871],[135.53876054466372,35.17009654963036],[135.53978267807793,35.17091663080909],[135.54023251515366,35.17268928628812],[135.54009396728932,35.1733601160699],[135.53969872574942,35.17330714303629],[135.53881507775222,35.17336492916427],[135.53806881639946,35.17387556288529],[135.53731565411914,35.1745584234631],[135.53678747354368,35.17457888105581],[135.53588054619496,35.174677613640505]]]},"properties":{"KEY_CODE":"26213017002","PREF":"26","CITY":"213","CITY_NAME":"南丹市","S_NAME":"世木木住","SETAI":"33"}},{"type":"Feature","geometry":{"type":"Polygon","coordinates":[[[135.55895614985639,35.20477182368787],[135.558865066424,35.20579595292466],[135.55719836763353,35.206000998112934],[135.55593743238416,35.20581333062733],[135.55509037942113,35.205485955466976],[135.55410387351816,35.205029683516294],[135.5532050139583,35.20500690096433],[135.5525307418791,35.204696335814425],[135.55231369774927,35.20406292641666],[135.55220437201973,35.20372090218907],[135.55215970947367,35.203478833097456],[135.55039188513885,35.20263038321343],[135.54868264128058,35.20270198422265],[135.54814018352184,35.202083153874845],[135.54743113022076,35.200252086414885],[135.54712572719052,35.199934195808076],[135.546471617261,35.199481417323724],[135.54609955756405,35.19938757123108],[135.54563109877492,35.19935625176568],[135.5450099450219,35.199166052493986],[135.54456191471587,35.198618112287186],[135.54340800670997,35.19792217984894],[135.5424317189715,35.197394717471454],[135.5417776596581,35.1969419777503],[135.54103596177754,35.197604337696916],[135.53962993056365,35.19889567955756],[135.53945335679552,35.198516064668866],[135.5391914587242,35.19801507037116],[135.53740245553806,35.196299050332186],[135.5365684723995,35.19610496574884],[135.53632658628277,35.19573305305168],[135.53648464351238,35.19412053024129],[135.53635496296772,35.192746428348876],[135.5358019000617,35.19120859747287],[135.53568501263496,35.18907326377714],[135.53632568060567,35.18731871099276],[135.53617671557765,35.187084336929246],[135.53593161533394,35.187063965474884],[135.53541775911773,35.18723806173031],[135.53480358546796,35.186875568021044],[135.53364554115984,35.18565324185992],[135.5324453257683,35.18503905768207],[135.53157570161997,35.18437789402111],[135.5309880632596,35.18407555908059],[135.52924429067073,35.18377558234355],[135.52844256132806,35.18331550251978],[135.5275442174425,35.18174390755483],[135.52733955381763,35.180715428605815],[135.52750520475433,35.179730360560306],[135.52800096417988,35.17907284607522],[135.5279456890019,35.178102200518396],[135.52840763222804,35.177931245205585],[135.5292198018167,35.1779458037173],[135.53206961660692,35.178224139422795],[135.53259301594065,35.17805192556152],[135.533733866527,35.17679473443803],[135.53428302964514,35.17588308836407],[135.53588054619496,35.174677613640505],[135.53678747354368,35.17457888105581],[135.53731565411914,35.1745584234631],[135.53806881639946,35.17387556288529],[135.53881507775222,35.17336492916427],[135.53969872574942,35.17330714303629],[135.54009396728932,35.1733601160699],[135.54124310184926,35.17507857322142],[135.54170988170813,35.1766079708329],[135.54266585678224,35.177277495112335],[135.54378215568383,35.17873339759041],[135.5449860394356,35.17907417273219],[135.54662892182517,35.17891022879737],[135.5476563445706,35.177958815801524],[135.54810979874495,35.17790936141899],[135.54905538744273,35.179024411868234],[135.55054517889295,35.179076016302055],[135.5519195835664,35.17820871881447],[135.55292058267153,35.17874569244828],[135.55372984859068,35.17828434315313],[135.5540016160921,35.177165518300974],[135.55479020832897,35.17567201256433],[135.55615410831012,35.17525033193454],[135.5572731944992,35.17563305306257],[135.55928752293545,35.17593736618233],[135.56121756874353,35.17691762909791],[135.56246791189983,35.176772731863664],[135.56295795291263,35.17803077660375],[135.56401564223128,35.178414691199755],[135.56577641785245,35.17809628944354],[135.5684151569996,35.1786916754958],[135.56906819605715,35.1781434720709],[135.57104768239964,35.17871021262575],[135.57198060259594,35.1794204564306],[135.57497836156705,35.1797048776327],[135.57620434650184,35.17908343015726],[135.57742473625967,35.17949527128436],[135.57804644226255,35.17980376361947],[135.57854696019908,35.18015394596877],[135.5798984933648,35.18179954380756],[135.5802324131473,35.18216455588281],[135.58100894675297,35.18308800131584],[135.58162557108292,35.18475329141735],[135.5828755311535,35.18521988842589],[135.5829354195772,35.18556924938259],[135.58237566836593,35.187211291860486],[135.58237568101976,35.18733629293833],[135.58358816242713,35.18885276320835],[135.58432223019366,35.18967019689155],[135.58397723845042,35.190224521243195],[135.582559718194,35.19127519155658],[135.58205721229044,35.192854191451445],[135.58044212378593,35.19350387523945],[135.57900362705578,35.19314794156424],[135.5778918834204,35.19376735062918],[135.5763335346333,35.19388949540187],[135.57491458208133,35.19681276331732],[135.5749671839495,35.197682180171306],[135.57420061026664,35.198709730839234],[135.57213172519312,35.19940884443442],[135.57156092509976,35.20078664392277],[135.5697673822848,35.202016758020136],[135.56840301638204,35.20243863627584],[135.56749661972336,35.20327317970499],[135.5657173216216,35.20347377006697],[135.56410409083225,35.2034247820224],[135.56326225242913,35.20393382630159],[135.5631615954151,35.203959663385525],[135.56185764778957,35.20358061817235],[135.560276866387,35.20339345223587],[135.55980810823965,35.2037619114555],[135.55939252124963,35.20453958653175],[135.55895614985639,35.20477182368787]]]},"properties":{"KEY_CODE":"26213017003","PREF":"26","CITY":"213","CITY_NAME":"南丹市","S_NAME":"世木生畑","SETAI":"43"}},{"type":"Feature","geometry":{"type":"Polygon","coordinates":[[[135.57641321038034,35.177504276953336],[135.57620434650184,35.17908343015726],[135.57497836156705,35.1797048776327],[135.57198060259594,35.1794204564306],[135.57104768239964,35.17871021262575],[135.56906819605715,35.1781434720709],[135.5684151569996,35.1786916754958],[135.56577641785245,35.17809628944354],[135.56401564223128,35.178414691199755],[135.56295795291263,35.17803077660375],[135.56246791189983,35.176772731863664],[135.56121756874353,35.17691762909791],[135.55928752293545,35.17593736618233],[135.5572731944992,35.17563305306257],[135.55615410831012,35.17525033193454],[135.55479020832897,35.17567201256433],[135.5540016160921,35.177165518300974],[135.55372984859068,35.17828434315313],[135.55292058267153,35.17874569244828],[135.5519195835664,35.17820871881447],[135.55054517889295,35.179076016302055],[135.54905538744273,35.179024411868234],[135.54810979874495,35.17790936141899],[135.5476563445706,35.177958815801524],[135.54662892182517,35.17891022879737],[135.5449860394356,35.17907417273219],[135.54378215568383,35.17873339759041],[135.54266585678224,35.177277495112335],[135.54170988170813,35.1766079708329],[135.54124310184926,35.17507857322142],[135.54009396728932,35.1733601160699],[135.54023251515366,35.17268928628812],[135.53978267807793,35.17091663080909],[135.53876054466372,35.17009654963036],[135.53727415551558,35.16859722037871],[135.53745132404035,35.16759160498322],[135.53656098636426,35.166272989453624],[135.53460077726015,35.165339668449],[135.5333419002018,35.163881522276284],[135.53157967721734,35.16274678777764],[135.52985688073304,35.16193021373543],[135.52865811615587,35.161741075530635],[135.5279641584107,35.16157240176376],[135.5276224213967,35.161265299954145],[135.52572648618798,35.16072384922607],[135.5253949472114,35.16042819074515],[135.5244742595113,35.159697132017016],[135.5238338434873,35.15927434802165],[135.52175323686092,35.15919346102544],[135.520950845629,35.159482358635266],[135.52021000404446,35.15929486918624],[135.51912796443315,35.158633212501755],[135.51847065910687,35.15845238107713],[135.51845345543504,35.15826576294617],[135.51878288188752,35.157793749868134],[135.51978486887816,35.15485908682583],[135.5207970049064,35.15420165043665],[135.5213663645673,35.15432212321779],[135.52210837051302,35.15445953746209],[135.52305486999646,35.15445119689479],[135.5237407422253,35.15436697220478],[135.52448407212978,35.15445057453159],[135.5248367021848,35.15447004565714],[135.52516550321346,35.154318928984374],[135.52586671966884,35.15394080490631],[135.52674648162596,35.15415647372703],[135.52780531605367,35.15459128307832],[135.5295477872307,35.154091594157464],[135.53147526127532,35.151665116184276],[135.53234519429097,35.150289716304684],[135.5338036423844,35.1498683919266],[135.53476173214085,35.1498395098433],[135.53625344996854,35.14919278113118],[135.53733160296582,35.15015482620508],[135.5388119959643,35.149233653907594],[135.54117425165322,35.14892007160773],[135.54313207549785,35.147832880590094],[135.54438281875835,35.14734260854625],[135.54733678388476,35.147061733964144],[135.5487344427,35.14732774665125],[135.5508777445518,35.14745753520449],[135.55163258171027,35.14802664570211],[135.5530455779408,35.14797146105024],[135.55467219992826,35.14847577115439],[135.5556246809754,35.149044019237884],[135.55706450029064,35.14870170059177],[135.55879948201348,35.148748385552],[135.5602881656423,35.149423255057286],[135.5602431156237,35.15007766307389],[135.56080292405485,35.15220741225926],[135.56152777595196,35.15339896809674],[135.56067785768423,35.15438212452047],[135.56055210325306,35.15507690090493],[135.5614946165977,35.15623167037346],[135.5639219889873,35.15777549582785],[135.56452729966603,35.15831506783693],[135.56453975785058,35.15961485926336],[135.56554951871345,35.16061897630189],[135.56733388659293,35.16102321585191],[135.56784839336422,35.16139581348685],[135.56820746412635,35.161730057945086],[135.56836463025073,35.16334614157185],[135.56888917626233,35.16425597294443],[135.57040147806768,35.16598077363345],[135.57083889806378,35.165939070565784],[135.57131385536542,35.16567249477877],[135.57243875335897,35.16578080554088],[135.57231235169363,35.1673573614827],[135.5725871417875,35.16798868670013],[135.57357607343192,35.1685637758655],[135.5739823962893,35.16888942540168],[135.57423851402714,35.170255201816744],[135.5741288465572,35.170605879799474],[135.57342608268874,35.170880118894345],[135.5737510185054,35.17156337713913],[135.57485093672398,35.1725215940426],[135.57475091087568,35.17326315699168],[135.5749658597213,35.174453569364914],[135.57532230023705,35.17490425319345],[135.5760481416712,35.17608003308599],[135.57615391768184,35.176242021896314],[135.57641321038034,35.177504276953336]]]},"properties":{"KEY_CODE":"26213017004","PREF":"26","CITY":"213","CITY_NAME":"南丹市","S_NAME":"世木中世木","SETAI":"38"}},{"type":"Feature","geometry":{"type":"Polygon","coordinates":[[[135.5213663645673,35.15432212321779],[135.5207970049064,35.15420165043665],[135.51978486887816,35.15485908682583],[135.51878288188752,35.157793749868134],[135.51845345543504,35.15826576294617],[135.51839830199808,35.158405686337396],[135.51707472046178,35.15743221288593],[135.5152341916394,35.15559540184126],[135.51415533661043,35.15530259079574],[135.51313839859532,35.15580818899784],[135.51316079908327,35.1525565045913],[135.51262752020605,35.15093873248946],[135.5117231188783,35.148968485314555],[135.5127893057746,35.14772477803941],[135.5131239688707,35.14623307422528],[135.51217505839688,35.1426358644429],[135.51208494329325,35.141822113004565],[135.51239344080554,35.14066325913725],[135.51325457137196,35.13949336891621],[135.51331796178994,35.13857191797413],[135.5131457113155,35.137635794611185],[135.51404134048133,35.13668321999105],[135.51532483287815,35.13587683524316],[135.51701376379202,35.13511633404115],[135.5183837010263,35.13481885033287],[135.51846776845105,35.13479622416115],[135.51985915825455,35.13401584448748],[135.52086300318658,35.135191134255535],[135.52221283838006,35.13628833367481],[135.52230504787389,35.1380478110653],[135.52298607786946,35.13898598716037],[135.52395097730803,35.14129247347908],[135.5239064226924,35.14282803100322],[135.52281481178807,35.145244086666644],[135.52190136673582,35.145541781495155],[135.52104340824468,35.146628845805814],[135.52118652284162,35.148606741320656],[135.5216441251909,35.14908367828467],[135.52107969792635,35.15146323728833],[135.5218598990528,35.15281446947117],[135.5230764912238,35.153185495799754],[135.52610964934115,35.15228617458815],[135.52711865576148,35.15270170608165],[135.5277099120971,35.15390484879396],[135.52780531605367,35.15459128307832],[135.52674648162596,35.15415647372703],[135.52586671966884,35.15394080490631],[135.52516550321346,35.154318928984374],[135.5248367021848,35.15447004565714],[135.52448407212978,35.15445057453159],[135.5237407422253,35.15436697220478],[135.52305486999646,35.15445119689479],[135.52210837051302,35.15445953746209],[135.5213663645673,35.15432212321779]]]},"properties":{"KEY_CODE":"26213017005","PREF":"26","CITY":"213","CITY_NAME":"南丹市","S_NAME":"世木中","SETAI":"0"}},{"type":"Feature","geometry":{"type":"Polygon","coordinates":[[[135.5602881656423,35.149423255057286],[135.55879948201348,35.148748385552],[135.55706450029064,35.14870170059177],[135.5556246809754,35.149044019237884],[135.55467219992826,35.14847577115439],[135.5530455779408,35.14797146105024],[135.55163258171027,35.14802664570211],[135.5508777445518,35.14745753520449],[135.5487344427,35.14732774665125],[135.54733678388476,35.147061733964144],[135.54438281875835,35.14734260854625],[135.54313207549785,35.147832880590094],[135.54117425165322,35.14892007160773],[135.5388119959643,35.149233653907594],[135.53733160296582,35.15015482620508],[135.53625344996854,35.14919278113118],[135.53476173214085,35.1498395098433],[135.5338036423844,35.1498683919266],[135.53234519429097,35.150289716304684],[135.53147526127532,35.151665116184276],[135.5295477872307,35.154091594157464],[135.52780531605367,35.15459128307832],[135.5277099120971,35.15390484879396],[135.52711865576148,35.15270170608165],[135.52610964934115,35.15228617458815],[135.5230764912238,35.153185495799754],[135.5218598990528,35.15281446947117],[135.52107969792635,35.15146323728833],[135.5216441251909,35.14908367828467],[135.52118652284162,35.148606741320656],[135.52104340824468,35.146628845805814],[135.52190136673582,35.145541781495155],[135.52281481178807,35.145244086666644],[135.5239064226924,35.14282803100322],[135.52395097730803,35.14129247347908],[135.52298607786946,35.13898598716037],[135.52230504787389,35.1380478110653],[135.52221283838006,35.13628833367481],[135.52086300318658,35.135191134255535],[135.51985915825455,35.13401584448748],[135.52162690331755,35.132833463308486],[135.52244043368827,35.132695868621994],[135.52292731601185,35.13270340741673],[135.52384154045183,35.13234655093269],[135.52456990216513,35.13093599100433],[135.52555592996177,35.130799615604595],[135.5265458060384,35.130965434652985],[135.52710307895526,35.13095463769438],[135.52713003035905,35.13083812065651],[135.5267707277419,35.129857769277976],[135.5263745443055,35.12900023338937],[135.52646041390437,35.12838675440154],[135.52743296299073,35.127416341181195],[135.52795757641036,35.126821451650486],[135.5280880301906,35.12679378623853],[135.52872567389508,35.126813152069666],[135.52919373067652,35.12651086386962],[135.53176176067768,35.1260622075],[135.5323611070985,35.125785764203165],[135.53245987614213,35.12546761143677],[135.5323960444014,35.125327996856186],[135.5322112804468,35.125148128251055],[135.5319191766548,35.12467248571295],[135.5313700309021,35.12323688199689],[135.5312157662617,35.12189540143563],[135.53329723007445,35.120045009849925],[135.53467059917222,35.120906197166875],[135.5345144006453,35.123570756385924],[135.53550726519592,35.12450217818951],[135.53634002895976,35.12397040170949],[135.53744935295853,35.12243161182658],[135.53927525236702,35.120276138388256],[135.53938788138916,35.119150261851374],[135.54406889515982,35.11894265082972],[135.54583611848733,35.118683749644426],[135.54623818412205,35.1175656376409],[135.54708316356664,35.1169923567561],[135.5489283435062,35.118097292095456],[135.55034699554523,35.1182208034001],[135.5499522072955,35.12060446747455],[135.5509610463221,35.12297050426653],[135.55073538900263,35.123650810449604],[135.55112113301468,35.124581337960585],[135.55088751752453,35.126349594560935],[135.5523329054476,35.12619069147767],[135.55335263838842,35.12656050098478],[135.55681900319152,35.126756553548155],[135.55651723072853,35.12836835540115],[135.55432680060014,35.130480082864636],[135.55369883182178,35.131329194871036],[135.55368043943804,35.133065116489384],[135.55510464753138,35.13353679695009],[135.55553174334466,35.13339335344411],[135.55556027117402,35.13222162717713],[135.55614751810518,35.13122038649347],[135.556977655674,35.130952772796256],[135.55885287021925,35.1310050642865],[135.55988816263957,35.13103394694204],[135.56017230505984,35.1311743384632],[135.560256446309,35.131309078035585],[135.56029679350257,35.13169746083693],[135.56001585540483,35.13208468384562],[135.55794815220437,35.13333649759706],[135.5584184932579,35.133796156310396],[135.55942200425366,35.133613587459834],[135.56141199331893,35.1326676009479],[135.561427674478,35.13276469901987],[135.56159740760324,35.134245440875056],[135.5614172913701,35.134702677086445],[135.55958470998416,35.13625098926639],[135.55915193216202,35.13722491853535],[135.5595783709767,35.13803455289265],[135.55994077874982,35.13958430884061],[135.55985325704097,35.140459201208216],[135.56030315592724,35.142250609945485],[135.56121552237684,35.1429005189006],[135.56171544599772,35.14389203458593],[135.56219032140942,35.1463416880637],[135.5622652980537,35.14724152774077],[135.5624402952276,35.14813306617624],[135.56049050976316,35.14921624156355],[135.5602881656423,35.149423255057286]]]},"properties":{"KEY_CODE":"26213017006","PREF":"26","CITY":"213","CITY_NAME":"南丹市","S_NAME":"世木天若","SETAI":"0"}},{"type":"Feature","geometry":{"type":"Polygon","coordinates":[[[135.50651850402681,35.163863176508706],[135.50518470742,35.165138707581455],[135.50498389147165,35.165004793747954],[135.50451233448484,35.16452886215381],[135.50455869689674,35.1640517907271],[135.50471235483303,35.16348754743624],[135.50469001092048,35.16325365102261],[135.50460618979986,35.162733867596216],[135.50487276005168,35.16229501447858],[135.50491876882668,35.16193977425209],[135.50556818804026,35.16158796748524],[135.50570933442322,35.16162523011057],[135.50576803818083,35.16175990664429],[135.50584956114744,35.16181523697398],[135.50601326157704,35.1618097737297],[135.50629288324777,35.16298422689984],[135.5064089852976,35.16340026450697],[135.50676342676604,35.163628952300805],[135.50651850402681,35.163863176508706]]]},"properties":{"KEY_CODE":"26213018001","PREF":"26","CITY":"213","CITY_NAME":"南丹市","S_NAME":"五ヶ荘田原（田原駅前）","SETAI":"26"}},{"type":"Feature","geometry":{"type":"Polygon","coordinates":[[[135.52189664418435,35.20107271820754],[135.52098252084522,35.2007902653406],[135.5209695311062,35.20300040937053],[135.52079320597912,35.203911925444544],[135.5198893919649,35.20496081189199],[135.5175322578972,35.206004059208105],[135.5158587537295,35.20708503774596],[135.5150378280649,35.20855529726772],[135.51430945955917,35.20883313229554],[135.51251833690637,35.2081243211371],[135.51222523602408,35.20710579509732],[135.51403415157623,35.20483253787374],[135.5169978327711,35.20242353601801],[135.51863362359626,35.20046533761178],[135.51871565648923,35.19933090831615],[135.51576472524027,35.19452838108582],[135.51288708618344,35.19008452509362],[135.51477236108408,35.18945406672432],[135.5171922716737,35.188322094299245],[135.51912110948803,35.18722166462846],[135.5205904981068,35.18652751354182],[135.52203459028772,35.18558783883679],[135.52455847531613,35.18764593617486],[135.5254119187138,35.188589432742674],[135.52584991955695,35.19063936336242],[135.52548568900576,35.198089539549976],[135.52505123157104,35.19806432828673],[135.52450716180002,35.19812883138434],[135.52249898686776,35.198430999768135],[135.52208668937277,35.19995308250307],[135.52189664418435,35.20107271820754]]]},"properties":{"KEY_CODE":"26213018002","PREF":"26","CITY":"213","CITY_NAME":"南丹市","S_NAME":"五ヶ荘田原（殿）","SETAI":"108"}},{"type":"Feature","geometry":{"type":"Polygon","coordinates":[[[135.51288708618344,35.19008452509362],[135.51110238027616,35.18759259104537],[135.50951714264917,35.18594087562478],[135.51088316100933,35.184834611101245],[135.5148105018631,35.18268688691777],[135.51743947512193,35.181070360818836],[135.51929142725146,35.179096685929004],[135.51997228962017,35.18155045178526],[135.52138511489878,35.184745838629176],[135.52203459028772,35.18558783883679],[135.5205904981068,35.18652751354182],[135.51912110948803,35.18722166462846],[135.51719227167376,35.188322094299245],[135.51477236108408,35.18945406672434],[135.51288708618344,35.19008452509362]]]},"properties":{"KEY_CODE":"26213018003","PREF":"26","CITY":"213","CITY_NAME":"南丹市","S_NAME":"五ヶ荘田原（和田）","SETAI":"41"}},{"type":"Feature","geometry":{"type":"Polygon","coordinates":[[[135.51929142725146,35.179096685929004],[135.51743947512193,35.181070360818836],[135.5148105018631,35.18268688691777],[135.51088316100933,35.184834611101245],[135.50951714264917,35.18594087562478],[135.50870718111952,35.1845946177179],[135.50834527484383,35.183552255167086],[135.5083517012979,35.18247784101532],[135.5085636253299,35.1812363617602],[135.5097295719366,35.17774904933243],[135.5105954834884,35.17786077211726],[135.51512485525205,35.17754515662855],[135.51918208506538,35.176812996471014],[135.51929142725146,35.179096685929004]]]},"properties":{"KEY_CODE":"26213018004","PREF":"26","CITY":"213","CITY_NAME":"南丹市","S_NAME":"五ヶ荘田原（新シ）","SETAI":"25"}},{"type":"Feature","geometry":{"type":"Polygon","coordinates":[[[135.50651850402681,35.163863176508706],[135.50794753761178,35.163960212583305],[135.51164140988297,35.16487597138921],[135.51279918014916,35.16526475881023],[135.5142539958504,35.1664517650199],[135.5172172372998,35.17015700604948],[135.51899665467022,35.173555336849056],[135.51931341667287,35.17533610803164],[135.51918208506535,35.176812996471035],[135.51512485525205,35.17754515662855],[135.51059548348846,35.177860772117235],[135.5097295719366,35.17774904933242],[135.5104427882112,35.174730007216674],[135.51021124178456,35.17241230760299],[135.50981211235333,35.170765415523036],[135.50924764836884,35.169420047461145],[135.50726072322075,35.166625210032514],[135.50547272725152,35.16564523164557],[135.50518470742,35.165138707581455],[135.50651850402681,35.163863176508706]]]},"properties":{"KEY_CODE":"26213018005","PREF":"26","CITY":"213","CITY_NAME":"南丹市","S_NAME":"五ヶ荘田原（片野）","SETAI":"67"}},{"type":"Feature","geometry":{"type":"Polygon","coordinates":[[[135.5365684723995,35.19610496574884],[135.53591693851797,35.19722138324744],[135.53488243595663,35.197682312840044],[135.5334473619963,35.19735232297804],[135.53247280312615,35.19670160952964],[135.53099378358374,35.19691615181904],[135.53060723102158,35.19726622304021],[135.52880393440427,35.19729441805459],[135.52784474797514,35.197818047385],[135.52548568900576,35.198089539549976],[135.52584991955695,35.19063936336242],[135.5254119187138,35.188589432742674],[135.52455847531613,35.18764593617486],[135.52203459028772,35.18558783883679],[135.52138511489878,35.184745838629176],[135.51997228962017,35.18155045178526],[135.51929142725146,35.179096685929004],[135.51918208506535,35.176812996471035],[135.51931341667287,35.17533610803164],[135.51899665467022,35.173555336849056],[135.5172172372998,35.17015700604948],[135.5142539958504,35.1664517650199],[135.51279918014916,35.16526475881023],[135.51164140988297,35.16487597138921],[135.50794753761178,35.163960212583305],[135.50651850402681,35.163863176508706],[135.50676342676604,35.163628952300805],[135.50864773046297,35.1616525956317],[135.50959646301345,35.16177479434767],[135.51085518446203,35.162662035491124],[135.51158265503207,35.16266368231875],[135.5125963065042,35.162743301103795],[135.5131438626045,35.16314218009915],[135.5139967517462,35.16460270175624],[135.51568806314154,35.165417885082284],[135.51657292122624,35.166216753369056],[135.51700567720363,35.16726065773382],[135.5175492991141,35.167433655312124],[135.51919352294064,35.167320711887335],[135.52068689945915,35.16827342926033],[135.52160078596472,35.169176743187336],[135.5217942597535,35.169851168593276],[135.52109196446455,35.17097828287151],[135.52024757127012,35.17137067004761],[135.52332157803096,35.17421438829488],[135.5248430896169,35.174103791610676],[135.52480624026654,35.175663315117646],[135.525061171792,35.17633650207337],[135.52599851244412,35.177198833928216],[135.52645429428438,35.17799977683384],[135.5279456890019,35.178102200518396],[135.52800096417988,35.17907284607522],[135.52750520475433,35.179730360560306],[135.52733955381763,35.180715428605815],[135.5275442174425,35.18174390755483],[135.52844256132806,35.18331550251978],[135.52924429067073,35.18377558234355],[135.5309880632596,35.18407555908059],[135.53157570161997,35.18437789402111],[135.5324453257683,35.18503905768207],[135.53364554115984,35.18565324185992],[135.53480358546796,35.186875568021044],[135.53541775911773,35.18723806173031],[135.53593161533394,35.187063965474884],[135.53617671557765,35.187084336929246],[135.53632568060567,35.18731871099276],[135.53568501263496,35.18907326377714],[135.5358019000617,35.19120859747287],[135.53635496296772,35.192746428348876],[135.53648464351238,35.19412053024129],[135.53632658628277,35.19573305305168],[135.5365684723995,35.19610496574884]]]},"properties":{"KEY_CODE":"26213018006","PREF":"26","CITY":"213","CITY_NAME":"南丹市","S_NAME":"五ヶ荘田原","SETAI":"0"}},{"type":"Feature","geometry":{"type":"Polygon","coordinates":[[[135.52187205590963,35.201644395676695],[135.5226320005021,35.20318852540674],[135.52451482884462,35.204388926614136],[135.5241599159647,35.20540017049564],[135.5245854950481,35.207438137187744],[135.52594447537356,35.20865977736357],[135.52582281957288,35.21021877133809],[135.52603885996245,35.211396460844554],[135.52558282643577,35.21431650957412],[135.5259081473233,35.215819418725545],[135.52542745059995,35.216826868074655],[135.52554527185382,35.21963174246344],[135.52499934334645,35.221177648636974],[135.52443335494385,35.22172589754463],[135.52284717173322,35.222099876255434],[135.5221701741725,35.2239641578165],[135.5210637672711,35.22496975585179],[135.5207738318549,35.22558407455676],[135.5191696582317,35.22643438130965],[135.51651637244615,35.22704248577957],[135.5138197707748,35.22685716130523],[135.51146071209453,35.22697630058548],[135.51147338186217,35.226895857240095],[135.51129765706722,35.22661606638095],[135.510558025959,35.22625522138155],[135.51051829338903,35.22589717040485],[135.51033351105139,35.225475791862515],[135.51001974402632,35.22519552118239],[135.50946093585407,35.225046244011224],[135.50896892642655,35.2250635015247],[135.50821056532004,35.22473863050353],[135.5069531006884,35.22341328713906],[135.5050085461067,35.22210910789584],[135.50458680054,35.22153310490074],[135.50332944291642,35.22020772785468],[135.50326505189142,35.21932505974407],[135.50353013529752,35.218355550726876],[135.50218550971746,35.21730058494444],[135.50134491401545,35.21679914102244],[135.50030438486164,35.21610737014817],[135.49928771461023,35.215369069141936],[135.49894927414238,35.21510860282075],[135.49792138878476,35.21517800317558],[135.4973410914077,35.21507647643238],[135.4961254961217,35.214190182521094],[135.49540935516023,35.21348291420043],[135.49445226176513,35.21203688716812],[135.49399761766534,35.21155696460002],[135.49370815223702,35.211011017473645],[135.4952226039938,35.210475937417065],[135.49553020344808,35.21007838804866],[135.4954379886222,35.20917577490735],[135.4955146039757,35.208569017908644],[135.4958455478723,35.20791380076264],[135.49623429888342,35.20605114802686],[135.49647178848926,35.20556900130573],[135.49664034388724,35.20487064191774],[135.4970979012893,35.202635781572056],[135.49672877747713,35.20173506796367],[135.49661890110653,35.2006404105913],[135.4970213028645,35.20011203876974],[135.4978104365832,35.19977152142634],[135.4993532332453,35.199463580572505],[135.49958080377365,35.19931168391299],[135.4997930172931,35.19902690101714],[135.4998667157352,35.1988876170344],[135.50004217421068,35.198503242590775],[135.5007051217305,35.198120358233396],[135.50130371847828,35.19709992351203],[135.50169544132072,35.196648181598604],[135.50315208608095,35.19607109689699],[135.50325039564547,35.19573584379144],[135.5028475282044,35.19472740473036],[135.5024651298796,35.19430140151498],[135.50194255474645,35.19319374191904],[135.50209377054097,35.19206909331629],[135.5030137362544,35.19119995897301],[135.5029270808543,35.19081423899076],[135.50217761145626,35.19025350635743],[135.501263016207,35.189565054270474],[135.50062271132802,35.18881179071041],[135.5005211827355,35.18842622188177],[135.50149302246496,35.18725644672625],[135.50231984758796,35.185845240575865],[135.50229685804837,35.18377440978615],[135.50348606722415,35.18348357843106],[135.50454610947577,35.18234185493907],[135.50579966062406,35.18146689440923],[135.50645359571695,35.179762187684844],[135.5059506885291,35.17758578030678],[135.50457398585726,35.17646373748141],[135.5029870674163,35.17560850248837],[135.5016573924184,35.17520943531166],[135.49982087313234,35.17421686946078],[135.49909746192023,35.17353052394267],[135.4993838501302,35.17285527711939],[135.50056545344245,35.17246122413701],[135.50277286915622,35.172643730869595],[135.50368334174692,35.172156222805725],[135.50572863856445,35.172412244989395],[135.50821863858272,35.17175501258779],[135.5071109462521,35.17135280965005],[135.50708360741365,35.17069825946156],[135.5060920808288,35.16920988389691],[135.50613867687073,35.166876176793885],[135.50547272725152,35.16564523164557],[135.50726072322075,35.166625210032514],[135.50924764836884,35.169420047461145],[135.50981211235333,35.170765415523036],[135.51021124178456,35.17241230760299],[135.5104427882112,35.174730007216674],[135.5097295719366,35.17774904933242],[135.50856362532988,35.1812363617602],[135.5083517012979,35.18247784101532],[135.50834527484383,35.183552255167086],[135.50870718111952,35.1845946177179],[135.50951714264917,35.185940875624816],[135.51110238027616,35.18759259104537],[135.51288708618344,35.19008452509362],[135.51576472524027,35.19452838108582],[135.51871565648923,35.19933090831615],[135.51863362359626,35.20046533761178],[135.5169978327711,35.20242353601801],[135.51403415157623,35.20483253787374],[135.51222523602408,35.20710579509732],[135.51251833690637,35.2081243211371],[135.51430945955917,35.20883313229554],[135.5150378280649,35.20855529726772],[135.5158587537295,35.20708503774596],[135.5175322578972,35.206004059208105],[135.5198893919649,35.20496081189199],[135.52079320597912,35.203911925444544],[135.5209695311062,35.20300040937053],[135.52098252084522,35.2007902653406],[135.52189664418435,35.20107271820754],[135.52187205590963,35.201644395676695]]]},"properties":{"KEY_CODE":"26213018006","PREF":"26","CITY":"213","CITY_NAME":"南丹市","S_NAME":"五ヶ荘田原","SETAI":"0"}},{"type":"Feature","geometry":{"type":"Polygon","coordinates":[[[135.56460157698282,35.216164182726615],[135.56161397987222,35.21559467493456],[135.55176149370755,35.216473505843396],[135.5497436288989,35.21587145775173],[135.5490213469156,35.21538224779509],[135.5447603971814,35.21125805338525],[135.54392116021694,35.21089703579975],[135.546535763923,35.20481097498726],[135.55065800902557,35.206869089023165],[135.55420121521988,35.20896468055349],[135.5562673075366,35.20956205726007],[135.55822340857014,35.20988435071647],[135.55956098317583,35.2100112152423],[135.5614506478695,35.2100230856697],[135.56224402467373,35.20996494515317],[135.5639425015294,35.20980827210269],[135.56408820021494,35.21116797323246],[135.5636868836228,35.21246527899625],[135.56498611222605,35.214319002959336],[135.56460157698282,35.216164182726615]]]},"properties":{"KEY_CODE":"26213018007","PREF":"26","CITY":"213","CITY_NAME":"南丹市","S_NAME":"五ヶ荘四ツ谷（東組）","SETAI":"41"}},{"type":"Feature","geometry":{"type":"Polygon","coordinates":[[[135.54352293699208,35.213767421436884],[135.5436171948767,35.21438235892068],[135.54400791658054,35.21564812740561],[135.54411981289186,35.2168011646638],[135.54440077993172,35.2176310929285],[135.54446856463375,35.21926214028869],[135.54462355154251,35.22085212606736],[135.54549902417708,35.22219007032066],[135.54554256460116,35.22416009124987],[135.54526401804242,35.225188815234496],[135.5446065400314,35.22567885898131],[135.5434592099031,35.22594319757333],[135.5417145034426,35.22571281157374],[135.5387776127173,35.224045333560774],[135.53791355326737,35.2224751181543],[135.53726802714394,35.220860929374965],[135.53583998154588,35.21635245862113],[135.53495936782804,35.21431576229341],[135.53436230899874,35.21219224531991],[135.54352293699208,35.213767421436884]]]},"properties":{"KEY_CODE":"26213018008","PREF":"26","CITY":"213","CITY_NAME":"南丹市","S_NAME":"五ヶ荘四ツ谷（海老谷）","SETAI":"18"}},{"type":"Feature","geometry":{"type":"Polygon","coordinates":[[[135.54352293699208,35.213767421436884],[135.53436230899874,35.21219224531991],[135.53410572541287,35.21095476790485],[135.53427958926855,35.209164636002484],[135.53510958560864,35.20710840413638],[135.53369643424202,35.2062076592601],[135.5322249842753,35.20597815933489],[135.5318636618397,35.20576078600072],[135.5327208449986,35.20394284651253],[135.53336438653446,35.20083017825317],[135.53520783277884,35.2010722826901],[135.53693465745323,35.20106482175378],[135.5380531120576,35.20150413048703],[135.54488278699557,35.20398567318726],[135.546535763923,35.20481097498726],[135.54392116021694,35.21089703579975],[135.5439749049608,35.21179781107121],[135.54352293699208,35.213767421436884]]]},"properties":{"KEY_CODE":"26213018009","PREF":"26","CITY":"213","CITY_NAME":"南丹市","S_NAME":"五ヶ荘四ツ谷（中組）","SETAI":"34"}},{"type":"Feature","geometry":{"type":"Polygon","coordinates":[[[135.5318636618397,35.20576078600072],[135.5314121297824,35.205489051154736],[135.5288041540829,35.20493689800268],[135.5260594127098,35.20410267104475],[135.52310240473687,35.20255154727781],[135.52187205590963,35.20164439567671],[135.52208668937277,35.19995308250307],[135.52249898686773,35.19843099976816],[135.52450716180002,35.19812883138434],[135.52505123157104,35.19806432828673],[135.52623102785154,35.19861751652129],[135.5276638616427,35.19931794313865],[135.53028163159573,35.200140103364625],[135.5319419485456,35.200450288524976],[135.53311060353872,35.200798009682984],[135.53336438653446,35.20083017825317],[135.5327208449986,35.20394284651253],[135.5318636618397,35.20576078600072]]]},"properties":{"KEY_CODE":"26213018010","PREF":"26","CITY":"213","CITY_NAME":"南丹市","S_NAME":"五ヶ荘四ツ谷（吉野辺）","SETAI":"16"}},{"type":"Feature","geometry":{"type":"Polygon","coordinates":[[[135.53410849705185,35.243516562590806],[135.53437658748376,35.24453086940563],[135.53338908248244,35.245472501873685],[135.5313891662861,35.24607247955523],[135.53015170712087,35.245547494040636],[135.52888923700883,35.24584750223925],[135.52727683200652,35.245614223998636],[135.52556433770508,35.24695578530663],[135.52352694752608,35.24771405612701],[135.52251446796117,35.24777235065734],[135.52145386227244,35.248409957360494],[135.52135206022072,35.24842230341356],[135.52050216081966,35.24788071456776],[135.51975219192082,35.24783071666403],[135.51913420210786,35.24787750465297],[135.51743990937155,35.24815566545345],[135.5154650605641,35.248222333060184],[135.51459014505832,35.24794736594584],[135.51437769674874,35.246889107664124],[135.51362775656645,35.24607258016784],[135.51332781310583,35.245222635272434],[135.512577893507,35.24453102883349],[135.51317787046642,35.243631153137564],[135.51320292431194,35.24240629096507],[135.5133654351697,35.2418729830542],[135.51330303644517,35.23989817336279],[135.51296565661747,35.237773388512174],[135.51145333580635,35.236015246005316],[135.51121588328934,35.235556954364164],[135.51119534925922,35.23461127439906],[135.51122333860468,35.23364677434987],[135.51074186079566,35.233225746140086],[135.5103423939524,35.232948220032384],[135.50959008083382,35.23188706789907],[135.50951249721086,35.23167238422545],[135.5094330418044,35.23136268873794],[135.50991998349622,35.23033389984752],[135.50987458038205,35.22844041200103],[135.5099193247187,35.22796536831603],[135.51008466239637,35.22751715070307],[135.51122206189862,35.22724246648159],[135.51146071209453,35.22697630058548],[135.5138197707748,35.22685716130523],[135.51651637244615,35.22704248577957],[135.5191696582317,35.22643438130965],[135.5207738318549,35.22558407455676],[135.5210637672711,35.22496975585179],[135.5221701741725,35.2239641578165],[135.52284717173322,35.222099876255434],[135.52443335494385,35.22172589754463],[135.52499934334645,35.221177648636974],[135.52554527185382,35.21963174246344],[135.52542745059995,35.216826868074655],[135.5259081473233,35.215819418725545],[135.52558282643577,35.21431650957412],[135.52603885996245,35.211396460844554],[135.52582281957288,35.21021877133809],[135.52594447537356,35.20865977736357],[135.5245854950481,35.207438137187744],[135.5241599159647,35.20540017049564],[135.52451482884462,35.204388926614136],[135.5226320005021,35.20318852540674],[135.52187205590963,35.201644395676695],[135.52310240473687,35.20255154727781],[135.5260594127098,35.204102671044765],[135.5288041540829,35.20493689800268],[135.5314121297824,35.205489051154736],[135.5318636618397,35.20576078600073],[135.5322249842753,35.20597815933489],[135.53369643424202,35.2062076592601],[135.53510958560864,35.20710840413638],[135.53427958926855,35.209164636002484],[135.53410572541287,35.21095476790485],[135.53436230899874,35.21219224531991],[135.53495936782804,35.21431576229341],[135.53583998154588,35.21635245862113],[135.53726802714394,35.220860929374965],[135.53791355326737,35.2224751181543],[135.5387776127173,35.224045333560774],[135.5417145034426,35.22571281157374],[135.5434592099031,35.225943197573336],[135.5446065400314,35.22567885898131],[135.54526401804242,35.22518881523448],[135.54554256460116,35.224160091249914],[135.54549902417708,35.22219007032066],[135.54462355154251,35.22085212606737],[135.54446856463375,35.21926214028869],[135.54440077993175,35.21763109292851],[135.54411981289186,35.2168011646638],[135.54400791658054,35.21564812740561],[135.5436171948767,35.21438235892068],[135.54352293699208,35.213767421436884],[135.54397490496078,35.21179781107119],[135.5439211602169,35.21089703579975],[135.5447603971814,35.21125805338525],[135.5490213469156,35.215382247795056],[135.5497436288989,35.21587145775173],[135.55176149370755,35.216473505843396],[135.56161397987222,35.21559467493456],[135.56460157698282,35.216164182726615],[135.56439914377063,35.21683923395174],[135.56455194314555,35.2178625979188],[135.565529282173,35.21914904656536],[135.56581101579903,35.220943870470734],[135.56563884870195,35.222437008158536],[135.56589124702708,35.22477808176788],[135.5654157091106,35.22483800148629],[135.56475727430023,35.225517763734736],[135.56371533778557,35.22587085857467],[135.56226787094374,35.22606930996492],[135.56040153513246,35.226256508655005],[135.55975654249713,35.226041282686246],[135.55897010262396,35.226158467956715],[135.5586135702012,35.22655508201873],[135.5580732226159,35.22745949021015],[135.5564051602356,35.22889039477968],[135.5553306317916,35.229556081720496],[135.55418420392445,35.229978311949054],[135.55232662402486,35.23045640501915],[135.5520733367163,35.230649652889035],[135.5518621530932,35.23122364111012],[135.55197626428435,35.23148935473854],[135.5519150271422,35.232111285061244],[135.55151321106544,35.23232455547585],[135.5503571208789,35.232396121674086],[135.54898913642432,35.23230646947116],[135.54791021171667,35.2325166828706],[135.54716698875959,35.23315821485216],[135.54707282092747,35.23346732209152],[135.54656411133095,35.233798066825166],[135.54407446494082,35.23436260272881],[135.54268488712145,35.235529113445885],[135.54206782248085,35.23595028503688],[135.54062636336542,35.236855013051894],[135.5400357806604,35.23704513319086],[135.53916767641675,35.23722716428225],[135.53818899686217,35.23822754730289],[135.53738153784593,35.23931293644915],[135.53713621936225,35.240184658916306],[135.53678570457447,35.241431352515924],[135.53498909058993,35.24181624439828],[135.53410849705185,35.243516562590806]]]},"properties":{"KEY_CODE":"26213018011","PREF":"26","CITY":"213","CITY_NAME":"南丹市","S_NAME":"五ヶ荘四ツ谷","SETAI":"0"}},{"type":"Feature","geometry":{"type":"Polygon","coordinates":[[[135.5638043271318,35.20603686114093],[135.56362316601218,35.20734990192393],[135.5638417887276,35.20952987957426],[135.56394250152943,35.20980827210269],[135.56224402467373,35.20996494515317],[135.5614506478695,35.2100230856697],[135.55956098317583,35.2100112152423],[135.55822340857014,35.20988435071647],[135.5562673075366,35.20956205726007],[135.55420121521988,35.20896468055349],[135.55065800902557,35.20686908902319],[135.546535763923,35.20481097498726],[135.54488278699557,35.20398567318728],[135.5380531120576,35.20150413048703],[135.53693465745323,35.20106482175378],[135.53520783277884,35.2010722826901],[135.53336438653446,35.20083017825317],[135.53311060353872,35.200798009682984],[135.5319419485456,35.200450288524976],[135.53028163159573,35.200140103364625],[135.5276638616427,35.19931794313865],[135.52623102785154,35.19861751652129],[135.52548568900576,35.198089539549976],[135.52784474797514,35.197818047385],[135.52880393440427,35.19729441805459],[135.53060723102158,35.19726622304021],[135.53099378358374,35.19691615181904],[135.53247280312615,35.19670160952964],[135.5334473619963,35.19735232297804],[135.53488243595663,35.197682312840044],[135.53591693851797,35.19722138324744],[135.5365684723995,35.19610496574884],[135.53740245553806,35.196299050332186],[135.5391914587242,35.19801507037116],[135.53945335679552,35.198516064668866],[135.53962993056365,35.19889567955756],[135.54103596177754,35.197604337696916],[135.5417776596581,35.1969419777503],[135.5424317189715,35.197394717471454],[135.54340800670997,35.19792217984894],[135.54456191471587,35.198618112287186],[135.5450099450219,35.199166052493986],[135.54563109877492,35.19935625176568],[135.54609955756405,35.19938757123108],[135.546471617261,35.199481417323724],[135.54712572719052,35.199934195808076],[135.54743113022076,35.200252086414885],[135.54814018352184,35.202083153874845],[135.54868264128058,35.20270198422265],[135.55039188513885,35.20263038321343],[135.55215970947367,35.203478833097456],[135.55220437201973,35.20372090218907],[135.55231369774927,35.20406292641666],[135.5525307418791,35.204696335814425],[135.5532050139583,35.20500690096433],[135.55410387351816,35.205029683516294],[135.55509037942113,35.205485955466976],[135.55593743238416,35.20581333062733],[135.55719836763353,35.206000998112934],[135.558865066424,35.20579595292466],[135.55895614985639,35.20477182368787],[135.55939252124963,35.20453958653175],[135.55980810823965,35.2037619114555],[135.560276866387,35.20339345223587],[135.56185764778957,35.20358061817235],[135.5631615954151,35.203959663385525],[135.56366708259907,35.20493642019722],[135.5638043271318,35.20603686114093]]]},"properties":{"KEY_CODE":"26213018011","PREF":"26","CITY":"213","CITY_NAME":"南丹市","S_NAME":"五ヶ荘四ツ谷","SETAI":"0"}},{"type":"Feature","geometry":{"type":"Polygon","coordinates":[[[135.5972252191312,35.21105015697766],[135.5895938652557,35.20990920905295],[135.58826808126196,35.21118294205645],[135.58813994314752,35.21225697503003],[135.58833824356216,35.213500002821156],[135.58828933626836,35.21507797702672],[135.58795826135952,35.21581560683531],[135.58709733653663,35.216148467046025],[135.58521796004132,35.21560479930528],[135.58420068743558,35.21449327415409],[135.58318793871808,35.21250871469367],[135.5821324135307,35.21089337227141],[135.58015851919723,35.208930201455125],[135.581414693787,35.20723102643496],[135.5829699158282,35.20654577265846],[135.58445753400238,35.20611435917297],[135.584528102347,35.205399437715265],[135.58411727231504,35.20467189063257],[135.58394485406708,35.20446791683799],[135.58343815408656,35.204201744203054],[135.58251660516305,35.203898586888066],[135.58248867006753,35.203303616473676],[135.58377444456508,35.201416429440805],[135.58372830845968,35.201970575867875],[135.58404695502546,35.202663150680415],[135.58465757574143,35.2031991107296],[135.58551145325205,35.20340540162338],[135.58650895414286,35.20340371679919],[135.58871664662192,35.202542426394444],[135.59055058207448,35.2030267759866],[135.5924094632062,35.20400634401436],[135.59348129524867,35.20429310074174],[135.59674397755205,35.20447196736512],[135.59621291770532,35.20741722668917],[135.59681283965926,35.20870877131042],[135.59697532453868,35.209175383075554],[135.5972252191312,35.21105015697766]]]},"properties":{"KEY_CODE":"26213018012","PREF":"26","CITY":"213","CITY_NAME":"南丹市","S_NAME":"五ヶ荘佐々江（上佐々江）","SETAI":"23"}},{"type":"Feature","geometry":{"type":"Polygon","coordinates":[[[135.58015851919723,35.208930201455125],[135.57803817682316,35.208059338412646],[135.57649195946266,35.20715114032903],[135.57436289899684,35.205630034864434],[135.57521935931504,35.20512258704774],[135.57677671669668,35.204466012974976],[135.57811946572184,35.20328295869856],[135.578293113083,35.20267735396817],[135.5781747366556,35.200823332522326],[135.57851492001768,35.19960625389346],[135.5787301787442,35.199198964189314],[135.5817501688142,35.1963588803532],[135.58366035605545,35.19516468024751],[135.58496890247417,35.19492426393812],[135.58584916219965,35.19507879241179],[135.5878749039067,35.19665065383329],[135.5883293495552,35.19744544005134],[135.58836456832887,35.1975399973061],[135.5881851580413,35.19824018523392],[135.58454611685332,35.200727568788906],[135.58377444456502,35.201416429440805],[135.58248867006753,35.203303616473676],[135.58251660516305,35.203898586888066],[135.58343815408656,35.204201744203054],[135.58394485406708,35.20446791683799],[135.58411727231504,35.20467189063257],[135.584528102347,35.205399437715265],[135.58445753400238,35.20611435917297],[135.5829699158282,35.20654577265846],[135.581414693787,35.20723102643496],[135.58015851919723,35.208930201455125]]]},"properties":{"KEY_CODE":"26213018013","PREF":"26","CITY":"213","CITY_NAME":"南丹市","S_NAME":"五ヶ荘佐々江（中佐々江）","SETAI":"27"}},{"type":"Feature","geometry":{"type":"Polygon","coordinates":[[[135.56460157698282,35.216164182726615],[135.56498611222605,35.214319002959336],[135.5636868836228,35.21246527899625],[135.56408820021494,35.21116797323246],[135.5639425015294,35.20980827210269],[135.56513925301903,35.209624437204404],[135.5655734714443,35.209524291069734],[135.56700691331423,35.209107331448614],[135.56760294329845,35.20886535351435],[135.56877053460673,35.208340669592154],[135.56927968371778,35.20812894115863],[135.57023591267955,35.2077254711561],[135.57104914413995,35.20741818289372],[135.57289738346924,35.206388800115555],[135.57436289899684,35.205630034864434],[135.57649195946266,35.20715114032903],[135.57803817682316,35.208059338412646],[135.58015851919723,35.208930201455125],[135.58000327867197,35.208965160496085],[135.56811689997883,35.21558182399549],[135.56701046908552,35.216050929992676],[135.56460157698282,35.216164182726615]]]},"properties":{"KEY_CODE":"26213018014","PREF":"26","CITY":"213","CITY_NAME":"南丹市","S_NAME":"五ヶ荘佐々江（下佐々江）","SETAI":"17"}},{"type":"Feature","geometry":{"type":"Polygon","coordinates":[[[135.58319556570888,35.22515795956726],[135.58122543112202,35.22618170774893],[135.5794505131717,35.22614839907027],[135.57822559332544,35.22552343696992],[135.57641320302733,35.225056844252265],[135.5754507402891,35.22512348929515],[135.57490077872689,35.2248818443324],[135.57363832337484,35.22531511067473],[135.5730758740815,35.225123414285825],[135.5718009302834,35.22500674359334],[135.57102599084496,35.22513175730361],[135.57031349420714,35.225206704524076],[135.56992605786357,35.22498173680712],[135.56930109051575,35.224498456297454],[135.5681261662013,35.22429012655474],[135.56742618443087,35.224498413376104],[135.56589124702708,35.22477808176788],[135.56563884870195,35.222437008158536],[135.56581101579903,35.220943870470734],[135.565529282173,35.21914904656536],[135.56455194314555,35.2178625979188],[135.56439914377063,35.21683923395174],[135.56460157698282,35.216164182726615],[135.56701046908552,35.216050929992676],[135.56811689997883,35.21558182399549],[135.58000327867197,35.208965160496085],[135.58015851919723,35.208930201455125],[135.5821324135307,35.21089337227141],[135.58318793871808,35.21250871469365],[135.58420068743558,35.21449327415409],[135.58521796004132,35.21560479930528],[135.58709733653663,35.216148467046025],[135.58795826135952,35.21581560683531],[135.58828933626836,35.21507797702672],[135.58833824356216,35.213500002821156],[135.58813994314752,35.21225697503003],[135.58826808126196,35.21118294205645],[135.5895938652557,35.20990920905295],[135.5972252191312,35.21105015697766],[135.59678764401846,35.21210839637079],[135.596282881625,35.212247658027024],[135.59517522987952,35.21222501990061],[135.5944360810122,35.21215612864289],[135.59334613699315,35.212900442853304],[135.59128279466566,35.21336326763698],[135.59113708290732,35.2137089722558],[135.59207079993215,35.213900877001876],[135.59087526588567,35.215891310695476],[135.59041276020926,35.21629124229373],[135.58999818772406,35.216519286897196],[135.5897491702089,35.21679556648469],[135.58991272948234,35.21802439231949],[135.5896752155421,35.21909925342078],[135.58900019640726,35.22029080265099],[135.5878204523311,35.2209628026923],[135.5876252451453,35.22106566241067],[135.5877002203671,35.22164895981634],[135.58788836412282,35.222722160684896],[135.58766268515802,35.22322380096022],[135.58740854730925,35.22343005399643],[135.586350202767,35.22407364837002],[135.5841003293305,35.22459026901579],[135.58319556570888,35.22515795956726]]]},"properties":{"KEY_CODE":"26213018015","PREF":"26","CITY":"213","CITY_NAME":"南丹市","S_NAME":"五ヶ荘佐々江","SETAI":"0"}},{"type":"Feature","geometry":{"type":"Polygon","coordinates":[[[135.57811946572184,35.20328295869856],[135.57677671669668,35.204466012974976],[135.57521935931504,35.20512258704774],[135.57436289899684,35.205630034864434],[135.57289738346924,35.206388800115555],[135.57104914413995,35.20741818289372],[135.57023591267955,35.2077254711561],[135.56927968371778,35.20812894115863],[135.56877053460673,35.208340669592154],[135.56760294329845,35.20886535351435],[135.56700691331423,35.209107331448614],[135.5655734714443,35.209524291069734],[135.56513925301903,35.209624437204404],[135.5639425015294,35.20980827210269],[135.5638417887276,35.20952987957426],[135.56362316601218,35.20734990192393],[135.5638043271318,35.20603686114093],[135.56366708259907,35.20493642019722],[135.56326225242913,35.20393382630159],[135.56410409083225,35.2034247820224],[135.5657173216216,35.20347377006697],[135.56749661972336,35.20327317970499],[135.56840301638204,35.20243863627584],[135.5697673822848,35.202016758020136],[135.57156092509976,35.20078664392277],[135.57213172519312,35.19940884443442],[135.57420061026664,35.198709730839234],[135.5749671839495,35.197682180171306],[135.57491458208133,35.19681276331732],[135.5763335346333,35.19388949540187],[135.5778918834204,35.19376735062918],[135.57900362705578,35.19314794156424],[135.58044212378593,35.19350387523945],[135.58205721229044,35.192854191451445],[135.582559718194,35.19127519155658],[135.58397723845042,35.190224521243195],[135.58432223019366,35.18967019689155],[135.5853613830412,35.19004802485467],[135.5861882211431,35.190710829179025],[135.58705072177904,35.19076078725585],[135.58803826941934,35.1918939771417],[135.58836330681658,35.19252725389189],[135.58853835096517,35.193243757494606],[135.59000091277244,35.194018658215725],[135.5906259846256,35.19483518058666],[135.5911259740396,35.195018471957354],[135.5914009568517,35.196126675557245],[135.59161347341734,35.19661000438399],[135.59283353640785,35.197450783372545],[135.59296014214246,35.19761160537984],[135.59223838270384,35.19863475582382],[135.59332584883975,35.200226245813916],[135.59402580526802,35.20080119901754],[135.59475081256915,35.20082621177028],[135.59613822130635,35.201751053196666],[135.59663814236234,35.2032342442076],[135.59674397755205,35.20447196736512],[135.59348129524867,35.20429310074174],[135.5924094632062,35.20400634401436],[135.59055058207448,35.2030267759866],[135.58871664662192,35.202542426394444],[135.58650895414286,35.20340371679919],[135.58551145325205,35.20340540162338],[135.58465757574143,35.2031991107296],[135.58404695502546,35.202663150680415],[135.58372830845968,35.201970575867875],[135.58377444456502,35.20141642944078],[135.58454611685332,35.200727568788906],[135.5881851580413,35.19824018523392],[135.58836456832887,35.1975399973061],[135.5883293495552,35.19744544005134],[135.5878749039067,35.196650653833274],[135.58584916219968,35.19507879241182],[135.58496890247417,35.19492426393812],[135.58366035605545,35.19516468024751],[135.5817501688142,35.1963588803532],[135.5787301787442,35.19919896418931],[135.57851492001768,35.19960625389346],[135.5781747366556,35.20082333252231],[135.578293113083,35.202677353968156],[135.57811946572184,35.20328295869856]]]},"properties":{"KEY_CODE":"26213018015","PREF":"26","CITY":"213","CITY_NAME":"南丹市","S_NAME":"五ヶ荘佐々江","SETAI":"0"}},{"type":"Feature","geometry":{"type":"Polygon","coordinates":[[[135.49370815223702,35.211011017473645],[135.49272974156017,35.210774048266316],[135.49167896956305,35.210061327986175],[135.490398901741,35.209888861778545],[135.48943515927078,35.21028519569846],[135.48773830976165,35.21046991005598],[135.48596721492314,35.21026927540025],[135.4852359822657,35.2099671667209],[135.48437087268726,35.209051722854376],[135.48329249822106,35.20996068931884],[135.48174174784685,35.21068494923466],[135.4799292626555,35.21040537272246],[135.47785052885754,35.21091738576059],[135.4770304657923,35.21130590786409],[135.47633530523967,35.21114347592512],[135.4737247419814,35.21112220000852],[135.47298308617138,35.209535945502225],[135.47184096099136,35.209296976218546],[135.47073759201848,35.208493093957976],[135.4688032830532,35.208267764589415],[135.46741822864388,35.20789029926548],[135.466096753266,35.20837500778281],[135.46538046684512,35.2081036916256],[135.46456552391112,35.206933898034926],[135.4642875350926,35.20606843856101],[135.46279978385164,35.20537313747516],[135.46195242749374,35.20525875760272],[135.46265164947474,35.20409521292795],[135.46425802471884,35.203746449491575],[135.46634740165248,35.20400746803185],[135.47087742534785,35.202728084785846],[135.47189778335792,35.20265392491839],[135.47446081779043,35.203032789598524],[135.47538436977229,35.20355598887053],[135.47456618722654,35.20150712401295],[135.47310388833318,35.2014250921266],[135.47247774832687,35.20025954206438],[135.4714101751907,35.20019384938771],[135.471435414707,35.199661430277935],[135.4724091382205,35.1989675411828],[135.47351458446187,35.198686677742536],[135.47782005008614,35.19882955562001],[135.4785545863049,35.198628889013854],[135.47643543587972,35.19640891020832],[135.47604604234544,35.1952227714086],[135.47633719869026,35.19251140691354],[135.47478890229385,35.19273377640019],[135.47383300867477,35.19241183418002],[135.47499927663685,35.191496968558944],[135.47628446530032,35.190875709097966],[135.47806389990237,35.18632797630361],[135.4764050802164,35.18425786797016],[135.47759068800383,35.178787160763335],[135.4796949443875,35.178674995551404],[135.48102998780357,35.17880299207703],[135.4825965932832,35.17963458244567],[135.48329758807535,35.180952798789235],[135.48232618765704,35.18235775020153],[135.48414789591823,35.18295828594276],[135.4846708531796,35.182494841732556],[135.48566387834606,35.182905430354566],[135.48824047329657,35.182521330429],[135.48948573455593,35.18363634090484],[135.4897443891143,35.18632785305691],[135.49018663880062,35.18678371946647],[135.49164056290442,35.186935386501574],[135.49311547913413,35.18680887434789],[135.49554397258981,35.18746692752483],[135.4965723124293,35.188088354777776],[135.49739199765077,35.18789430868356],[135.49814682891534,35.18837754810186],[135.49892850870492,35.18888364049171],[135.50062271132802,35.18881179071041],[135.501263016207,35.189565054270474],[135.50217761145626,35.19025350635743],[135.5029270808543,35.19081423899076],[135.5030137362544,35.19119995897301],[135.50209377054097,35.19206909331629],[135.50194255474645,35.19319374191904],[135.5024651298796,35.19430140151498],[135.5028475282044,35.19472740473036],[135.50325039564547,35.19573584379144],[135.50315208608095,35.19607109689699],[135.50169544132072,35.196648181598604],[135.50130371847828,35.19709992351203],[135.5007051217305,35.198120358233396],[135.50004217421068,35.198503242590775],[135.4998667157352,35.1988876170344],[135.4997930172931,35.19902690101714],[135.49958080377365,35.19931168391299],[135.4993532332453,35.199463580572505],[135.4978104365832,35.19977152142634],[135.4970213028645,35.20011203876974],[135.49661890110653,35.2006404105913],[135.49672877747713,35.20173506796367],[135.4970979012893,35.202635781572056],[135.49664034388724,35.20487064191774],[135.49647178848926,35.20556900130573],[135.49623429888342,35.20605114802686],[135.4958455478723,35.20791380076264],[135.4955146039757,35.208569017908644],[135.4954379886222,35.20917577490735],[135.49553020344808,35.21007838804866],[135.4952226039938,35.210475937417065],[135.49370815223702,35.211011017473645]]]},"properties":{"KEY_CODE":"26213019001","PREF":"26","CITY":"213","CITY_NAME":"南丹市","S_NAME":"胡麻郷胡麻（東胡麻）","SETAI":"97"}},{"type":"Feature","geometry":{"type":"Polygon","coordinates":[[[135.45554051801568,35.20648922805067],[135.454736300655,35.207090626250626],[135.45254688111453,35.208083177316354],[135.45181421203435,35.20695584607189],[135.45193489532866,35.20547961531509],[135.45252579853184,35.204560791505706],[135.4512425414377,35.20359259633587],[135.45006639179195,35.20231345006889],[135.44967636765162,35.20150349525462],[135.45107956583976,35.200698136505494],[135.4542838022197,35.19981692354768],[135.45751459919342,35.1993495565109],[135.4628336647849,35.197955120828226],[135.46304108027388,35.19724954279156],[135.46419399478182,35.196664333011356],[135.4650507755434,35.19586407255545],[135.46705686894967,35.19446129506423],[135.46837605668412,35.19425924460658],[135.47141828495958,35.19375347251291],[135.4726166412572,35.193727398441794],[135.473490908507,35.19338538819698],[135.47383300867477,35.19241183418002],[135.47478890229385,35.19273377640019],[135.47633719869026,35.19251140691354],[135.47604604234544,35.1952227714086],[135.47643543587972,35.19640891020832],[135.4785545863049,35.198628889013854],[135.47782005008614,35.19882955562001],[135.47351458446187,35.198686677742536],[135.4724091382205,35.1989675411828],[135.471435414707,35.199661430277935],[135.4714101751907,35.20019384938771],[135.47247774832687,35.20025954206438],[135.47310388833318,35.2014250921266],[135.47456618722654,35.20150712401295],[135.47538436977229,35.20355598887053],[135.47446081779043,35.203032789598524],[135.47189778335792,35.20265392491839],[135.47087742534785,35.202728084785846],[135.46634740165248,35.20400746803185],[135.46425802471884,35.203746449491575],[135.46265164947474,35.20409521292795],[135.46195242749374,35.20525875760272],[135.46138728775432,35.205396047604275],[135.45909810986035,35.20573568048126],[135.45785443549266,35.205846966877964],[135.45554051801568,35.20648922805067]]]},"properties":{"KEY_CODE":"26213019002","PREF":"26","CITY":"213","CITY_NAME":"南丹市","S_NAME":"胡麻郷胡麻（西胡麻）","SETAI":"499"}},{"type":"Feature","geometry":{"type":"Polygon","coordinates":[[[135.46837605668412,35.19425924460658],[135.46684358988784,35.19379829983704],[135.46394462365757,35.1938042926602],[135.46082642663333,35.19453743319804],[135.45969106054156,35.19466282136577],[135.45573487357004,35.19542312638505],[135.4504591994595,35.19571451010239],[135.44754498977508,35.19636066616034],[135.44659793057278,35.19446172072353],[135.44613459435098,35.19296258734154],[135.44747289045884,35.19182866361865],[135.44884776073675,35.1924786646213],[135.45074761730464,35.19155372781028],[135.45203499668511,35.19146214903507],[135.4527224438682,35.19074551206692],[135.4537723414818,35.19035389133046],[135.4551098180157,35.186770997420055],[135.45582223342853,35.186862647111006],[135.4561847279707,35.18627939458997],[135.45749713011784,35.18612110825388],[135.46228424128947,35.18492121899546],[135.46084691284395,35.18327973114015],[135.4617593434482,35.18199654937995],[135.46114691722224,35.18147156470843],[135.46092196540246,35.17998840447543],[135.46270934522659,35.17906347723906],[135.46320933273097,35.17818030745738],[135.46215942589023,35.177663670145165],[135.46094705903982,35.176655369960116],[135.46097205731553,35.17561382242275],[135.46158450834935,35.17492221628299],[135.46328438331886,35.17392237345674],[135.4639093138958,35.17406401122185],[135.4641843168327,35.1731557501219],[135.46372188874574,35.172397483100745],[135.46404688268885,35.17155592497794],[135.46320184466825,35.17040792584789],[135.46410461641477,35.16976533103787],[135.46562132790513,35.16767571941802],[135.46510790255272,35.16763099612048],[135.46577962803497,35.16710667245666],[135.46694313746235,35.1669717010921],[135.4687618848626,35.16613919923877],[135.47017016528687,35.166424156024306],[135.4708558540284,35.16760782469166],[135.4714973597482,35.16962774286875],[135.47186889979218,35.17015205593512],[135.47076160650292,35.17226537007651],[135.47231206821937,35.1725316257755],[135.47373117297963,35.172547534390375],[135.47484188332814,35.17296704836622],[135.47551180913905,35.173585163284024],[135.47565774849244,35.17446878596954],[135.47618715181056,35.17528883751862],[135.47613841298892,35.176351210001776],[135.4754924605457,35.17724855134036],[135.47626476537343,35.178206971554296],[135.47759068800383,35.178787160763335],[135.4764050802164,35.18425786797016],[135.47806389990237,35.18632797630361],[135.47628446530032,35.190875709097966],[135.47499927663685,35.191496968558944],[135.47383300867477,35.19241183418002],[135.473490908507,35.19338538819698],[135.4726166412572,35.193727398441794],[135.47141828495958,35.19375347251291],[135.46837605668412,35.19425924460658]]]},"properties":{"KEY_CODE":"26213019003","PREF":"26","CITY":"213","CITY_NAME":"南丹市","S_NAME":"胡麻郷上胡麻","SETAI":"102"}},{"type":"Feature","geometry":{"type":"Polygon","coordinates":[[[135.46837605668412,35.19425924460658],[135.46705686894967,35.19446129506423],[135.4650507755434,35.19586407255545],[135.46419399478182,35.196664333011356],[135.46304108027388,35.19724954279156],[135.4628336647849,35.197955120828226],[135.45751459919342,35.1993495565109],[135.4542838022197,35.19981692354768],[135.45107956583976,35.200698136505494],[135.44967636765162,35.20150349525462],[135.44988241406293,35.20098800882162],[135.4486827597249,35.20066981451071],[135.4477911014901,35.198163520010674],[135.44754498977508,35.19636066616034],[135.4504591994595,35.19571451010239],[135.45573487357004,35.19542312638505],[135.45969106054156,35.19466282136577],[135.46082642663333,35.19453743319804],[135.46394462365757,35.1938042926602],[135.46684358988784,35.19379829983704],[135.46837605668412,35.19425924460658]]]},"properties":{"KEY_CODE":"26213019004","PREF":"26","CITY":"213","CITY_NAME":"南丹市","S_NAME":"胡麻郷上胡麻（広野）","SETAI":"127"}},{"type":"Feature","geometry":{"type":"Polygon","coordinates":[[[135.46598216280634,35.24773043894625],[135.46480720388428,35.249288581738625],[135.46380736500316,35.24791374302551],[135.46251996910203,35.24755544308331],[135.46059521023867,35.246538867103986],[135.45990771608078,35.24758040079598],[135.45869533752747,35.246697173618095],[135.45849538234162,35.24613888023088],[135.4577579540948,35.246005589316624],[135.45484571543653,35.24551395780978],[135.45392212395402,35.24551142934072],[135.45358727404187,35.24544921911467],[135.4535072875033,35.245401323859774],[135.45332987029948,35.24413778277476],[135.45304522673948,35.24395044599521],[135.4529256025367,35.243778007126224],[135.45286258442644,35.24342800743992],[135.45269536121438,35.24228465599733],[135.45288352535738,35.24089783748269],[135.45269608482133,35.239972983966666],[135.45210866546887,35.23947301099951],[135.45194620624514,35.23773989110874],[135.45235870931646,35.236906689419875],[135.45073392145483,35.23603180316911],[135.44990581820664,35.235105585396376],[135.4502047685534,35.23508081475625],[135.45213379903043,35.2336820882425],[135.45183387906636,35.232382283692935],[135.45167141706483,35.231524015115205],[135.45167143981305,35.23082415706262],[135.45201380794597,35.229775705938295],[135.45295889846813,35.227149621736544],[135.4543588032372,35.22615811080195],[135.45504622473663,35.226091412543326],[135.45575866680434,35.22491658362439],[135.4563086329437,35.224308346054926],[135.4558587163029,35.22277520230629],[135.45608374102972,35.221267055911646],[135.4558338144116,35.2196672712056],[135.4554213510751,35.21850076595372],[135.45567135761544,35.217975829072216],[135.45712125481376,35.216426050584225],[135.4562088831819,35.21529280283154],[135.45574644132302,35.21421790509648],[135.45524650455178,35.213992983777274],[135.45428411764073,35.213026399262255],[135.4538217101772,35.210951627313875],[135.45304684091087,35.20906015969184],[135.45254688111453,35.208083177316354],[135.454736300655,35.207090626250626],[135.45554051801568,35.20648922805067],[135.45785443549266,35.205846966877964],[135.45909810986035,35.20573568048126],[135.46138728775432,35.205396047604275],[135.46195242749374,35.20525875760272],[135.46279978385164,35.20537313747516],[135.4642875350926,35.20606843856101],[135.46456552391112,35.206933898034926],[135.46538046684512,35.2081036916256],[135.466096753266,35.20837500778281],[135.46741822864388,35.20789029926548],[135.4688032830532,35.208267764589415],[135.47073759201848,35.208493093957976],[135.47184096099136,35.209296976218546],[135.47298308617138,35.209535945502225],[135.4737247419814,35.21112220000852],[135.47633530523967,35.21114347592512],[135.4770304657923,35.21130590786409],[135.47785052885754,35.21091738576059],[135.4799292626555,35.21040537272246],[135.48174174784685,35.21068494923466],[135.48329249822106,35.20996068931884],[135.48437087268726,35.209051722854376],[135.4852359822657,35.2099671667209],[135.48596721492314,35.21026927540025],[135.48773830976165,35.21046991005598],[135.48943515927078,35.21028519569846],[135.490398901741,35.209888861778545],[135.49167896956305,35.210061327986175],[135.49272974156017,35.210774048266316],[135.49370815223702,35.211011017473645],[135.49399761766534,35.21155696460002],[135.49445226176513,35.21203688716812],[135.49540935516023,35.21348291420043],[135.4961254961217,35.214190182521094],[135.4973410914077,35.21507647643238],[135.49792138878476,35.21517800317558],[135.49894927414238,35.21510860282075],[135.49928771461023,35.215369069141936],[135.50030438486164,35.21610737014817],[135.50134491401545,35.21679914102244],[135.50218550971746,35.21730058494444],[135.50353013529752,35.218355550726876],[135.50326505189142,35.21932505974407],[135.50332944291642,35.22020772785468],[135.50458680054,35.22153310490074],[135.5050085461067,35.22210910789584],[135.5069531006884,35.22341328713906],[135.50821056532004,35.22473863050353],[135.50896892642655,35.2250635015247],[135.50946093585407,35.225046244011224],[135.51001974402632,35.22519552118239],[135.51033351105139,35.225475791862515],[135.51051829338903,35.22589717040485],[135.510558025959,35.22625522138155],[135.51129765706722,35.22661606638095],[135.51147338186217,35.226895857240095],[135.51122206189862,35.22724246648159],[135.51008466239637,35.22751715070307],[135.5099193247187,35.22796536831603],[135.50987458038205,35.22844041200103],[135.50991998349622,35.23033389984752],[135.5094330418044,35.23136268873794],[135.50951249721086,35.23167238422545],[135.50959008083382,35.23188706789907],[135.5103423939524,35.232948220032384],[135.51074186079566,35.233225746140086],[135.51122333860468,35.23364677434987],[135.51119534925922,35.23461127439906],[135.51001224885204,35.234740760955276],[135.5070412673846,35.234657125406976],[135.50344162226625,35.232832380679724],[135.50242923595184,35.232157480810045],[135.49990437779425,35.23271579310262],[135.4972545916448,35.23248253971173],[135.4966671753269,35.23251588778647],[135.4945548930204,35.2318159317956],[135.4936424742988,35.23100769982544],[135.492767595947,35.23046609861904],[135.49185513292673,35.23148264883573],[135.490792750096,35.2317076457282],[135.48963028106067,35.233690732724845],[135.48919282478354,35.235023892868874],[135.4880428940588,35.23585708145649],[135.48788041886664,35.23642364798712],[135.4862969127775,35.23634118978798],[135.4850182084092,35.23604035835011],[135.48411826517847,35.236606960948386],[135.48345581317025,35.23669858530331],[135.48194343807327,35.237348562254],[135.48061857160016,35.237415163940014],[135.4787312490311,35.237598495670156],[135.4772683216418,35.23659171819203],[135.4766446887389,35.236437769197295],[135.47380667753242,35.23763178901735],[135.47204438057625,35.237698444803826],[135.47141941008928,35.23814840478244],[135.47011949448648,35.23882330775679],[135.4695695421515,35.23907323203479],[135.46965700598608,35.23999811900071],[135.46933204670503,35.24058141666825],[135.46833209988355,35.241122956701],[135.46803210043547,35.241806217077524],[135.4676196637717,35.24225616727204],[135.46735714061376,35.24383099240627],[135.46751958473843,35.244464236703145],[135.46598216280634,35.24773043894625]]]},"properties":{"KEY_CODE":"26213019005","PREF":"26","CITY":"213","CITY_NAME":"南丹市","S_NAME":"胡麻郷畑郷","SETAI":"77"}},{"type":"Feature","geometry":{"type":"Polygon","coordinates":[[[135.50518470742,35.165138707581455],[135.50268006891005,35.164810361918136],[135.50231916543117,35.165676229057325],[135.50056163411682,35.16790980262643],[135.49792854092297,35.17322150755831],[135.49608708469088,35.17218364387728],[135.49292833780746,35.170077310124874],[135.49261025057135,35.169034906995044],[135.49157741731656,35.16853813741214],[135.48901827109447,35.16799019720144],[135.48493373211028,35.16725676008945],[135.47992505432867,35.16611626401453],[135.47839042615294,35.16558603355684],[135.4766997827261,35.165317307462104],[135.47400969144903,35.16397463081719],[135.47584808210112,35.163683727260626],[135.47732843707664,35.16200423701572],[135.47757361418215,35.16067277155273],[135.47960418469705,35.15877328385655],[135.48159379185768,35.15890859388697],[135.4832081063024,35.15838366639923],[135.4857349335222,35.15801236336602],[135.48782297075238,35.157214083120444],[135.48800679194602,35.15717154393041],[135.48910532173232,35.15751735882524],[135.48997679255675,35.15865456076657],[135.4914264968261,35.15861652768055],[135.49426411411164,35.157742036460874],[135.4957015096379,35.15809898202582],[135.49643603164347,35.15878322786333],[135.49711830682264,35.160946366360676],[135.49874327095463,35.16140088099263],[135.49999743638236,35.16218639735826],[135.50263276536768,35.16217392968042],[135.5045813417052,35.16292207898799],[135.50469001092048,35.16325365102261],[135.50471235483303,35.16348754743624],[135.50455869689674,35.1640517907271],[135.50451233448484,35.16452886215381],[135.50498389147165,35.165004793747954],[135.50518470742,35.165138707581455]],[[135.4977477123191,35.17220215951097],[135.49807444767845,35.17254618050276],[135.49832054324276,35.17160217509801],[135.4977477123191,35.17220215951097]]]},"properties":{"KEY_CODE":"26213019006","PREF":"26","CITY":"213","CITY_NAME":"南丹市","S_NAME":"胡麻郷保野田（下保野田）","SETAI":"84"}},{"type":"Feature","geometry":{"type":"Polygon","coordinates":[[[135.4977477123191,35.17220215951097],[135.49832054324276,35.17160217509801],[135.49807444767845,35.17254618050276],[135.4977477123191,35.17220215951097]]]},"properties":{"KEY_CODE":"26213019007","PREF":"26","CITY":"213","CITY_NAME":"南丹市","S_NAME":"胡麻郷保野田（上保野田）","SETAI":"0"}},{"type":"Feature","geometry":{"type":"Polygon","coordinates":[[[135.50547272725152,35.16564523164557],[135.50613867687073,35.166876176793885],[135.5060920808288,35.16920988389691],[135.50708360741365,35.17069825946156],[135.5071109462521,35.17135280965005],[135.50821863858272,35.17175501258779],[135.50572863856445,35.172412244989395],[135.50368334174692,35.172156222805725],[135.50277286915622,35.172643730869595],[135.50056545344245,35.17246122413701],[135.4993838501302,35.17285527711939],[135.49909746192023,35.17353052394267],[135.49982087313234,35.17421686946078],[135.5016573924184,35.17520943531166],[135.5029870674163,35.17560850248837],[135.50457398585726,35.17646373748141],[135.5059506885291,35.17758578030678],[135.50645359571695,35.179762187684844],[135.50579966062406,35.18146689440923],[135.50454610947577,35.18234185493907],[135.50348606722415,35.18348357843106],[135.50229685804837,35.18377440978615],[135.50231984758796,35.185845240575865],[135.50149302246496,35.18725644672625],[135.5005211827355,35.18842622188177],[135.50062271132802,35.18881179071041],[135.49892850870492,35.18888364049171],[135.49814682891534,35.18837754810186],[135.49739199765077,35.18789430868356],[135.4965723124293,35.188088354777776],[135.49554397258981,35.18746692752483],[135.49311547913413,35.18680887434789],[135.49164056290442,35.186935386501574],[135.49018663880062,35.18678371946647],[135.4897443891143,35.18632785305691],[135.48948573455593,35.18363634090484],[135.48824047329657,35.182521330429],[135.48566387834606,35.182905430354566],[135.4846708531796,35.182494841732556],[135.48414789591823,35.18295828594276],[135.48232618765704,35.18235775020153],[135.48329758807535,35.180952798789235],[135.4825965932832,35.17963458244567],[135.48102998780357,35.17880299207703],[135.4796949443875,35.178674995551404],[135.47759068800383,35.178787160763335],[135.47626476537343,35.178206971554296],[135.4754924605457,35.17724855134036],[135.47613841298892,35.176351210001776],[135.47618715181056,35.17528883751862],[135.47565774849244,35.17446878596954],[135.47551180913905,35.173585163284024],[135.47484188332814,35.17296704836622],[135.47373117297963,35.172547534390375],[135.47231206821937,35.1725316257755],[135.47076160650292,35.17226537007651],[135.47186889979218,35.17015205593512],[135.4714973597482,35.16962774286875],[135.4708558540284,35.16760782469166],[135.47017016528687,35.166424156024306],[135.47101346264984,35.165991398274244],[135.47194400603587,35.16508723272705],[135.47262942539058,35.16493667275175],[135.47400969144903,35.16397463081719],[135.4766997827261,35.165317307462104],[135.47839042615294,35.16558603355684],[135.47992505432867,35.16611626401453],[135.48493373211028,35.16725676008945],[135.48901827109447,35.16799019720144],[135.49157741731656,35.16853813741214],[135.49261025057135,35.169034906995044],[135.49292833780746,35.170077310124874],[135.49608708469088,35.17218364387728],[135.49792854092297,35.17322150755831],[135.50056163411682,35.16790980262643],[135.50231916543117,35.165676229057325],[135.50268006891005,35.164810361918136],[135.50518470742,35.165138707581455],[135.50547272725152,35.16564523164557]]]},"properties":{"KEY_CODE":"26213019007","PREF":"26","CITY":"213","CITY_NAME":"南丹市","S_NAME":"胡麻郷保野田（上保野田）","SETAI":"48"}},{"type":"Feature","geometry":{"type":"Polygon","coordinates":[[[135.46510790255272,35.16763099612048],[135.4643650224563,35.167592514803566],[135.46115020826312,35.165887611204944],[135.459897430516,35.16591811283845],[135.4583878235915,35.164201809859776],[135.45845419303546,35.163989280850366],[135.45771013115322,35.16209010647911],[135.45789763731878,35.16130682752567],[135.4591850673435,35.15927375870995],[135.45932260324014,35.15837384468819],[135.458685151495,35.15785718018702],[135.45789774103693,35.1574488597538],[135.45783528436675,35.1564573448832],[135.45741856203753,35.15624674055136],[135.45628265603304,35.155372605778474],[135.45512992190518,35.15493671031235],[135.45382588335966,35.15490739384865],[135.45139618577164,35.15391363734262],[135.45100565633072,35.1531978943861],[135.4510520273554,35.1526389296119],[135.4510355124234,35.15233391362439],[135.45114856574907,35.151957651452946],[135.45137357927345,35.15178267638277],[135.45219849514797,35.15153266278895],[135.45243809888245,35.15102224529306],[135.45304850245032,35.149141261637396],[135.45464091767545,35.14589800568606],[135.4552984353849,35.145874967317205],[135.45663585337357,35.14481675167929],[135.45711082415428,35.14465844671619],[135.45814821399276,35.1446584269035],[135.45889812951356,35.144858391537156],[135.45970472918393,35.14521248889476],[135.4602979985249,35.14548337932848],[135.46054796780984,35.145483362983335],[135.46131036556275,35.14544174507906],[135.46208530073838,35.1456833592558],[135.4629500621017,35.145988608308464],[135.4639600419286,35.14638336830647],[135.46480998684888,35.146341690934804],[135.4670847482003,35.146291687961444],[135.46779722375257,35.14498348988245],[135.46779722811996,35.14491686744922],[135.4679721836306,35.1449418603456],[135.46852211346024,35.14509187973321],[135.46909706434784,35.14531686792712],[135.47152176696116,35.14720835666144],[135.47313409572612,35.14755000112209],[135.4748464131991,35.147591609282095],[135.47627131351612,35.145833439327966],[135.4768712283468,35.146350046141244],[135.4781461139786,35.14664171298708],[135.47867102455706,35.14764991424206],[135.47957095726676,35.14747494504304],[135.4821582130088,35.14744989423953],[135.48367055988228,35.14762490254234],[135.48443299099304,35.14794152110833],[135.48680778208174,35.148366538934965],[135.4885573305787,35.14895352808111],[135.48805196536682,35.15013826715135],[135.48862478443314,35.152523077255694],[135.4882746077018,35.15362530243295],[135.4874810921066,35.154714044374195],[135.48744029262727,35.155136562040646],[135.4875716017427,35.15548937926073],[135.48801077860216,35.156718518192555],[135.48798678801532,35.15713399340561],[135.48782297075238,35.157214083120444],[135.4857349335222,35.15801236336602],[135.4832081063024,35.15838366639923],[135.48159379185768,35.15890859388697],[135.47960418469705,35.15877328385655],[135.47757361418215,35.16067277155273],[135.47732843707664,35.16200423701572],[135.47584808210112,35.163683727260626],[135.47400969144903,35.16397463081719],[135.47262942539058,35.16493667275175],[135.47194400603587,35.16508723272705],[135.47101346264984,35.165991398274244],[135.47017016528687,35.166424156024306],[135.4687618848626,35.16613919923877],[135.46694313746235,35.1669717010921],[135.46577962803497,35.16710667245666],[135.46510790255272,35.16763099612048]]]},"properties":{"KEY_CODE":"26213019008","PREF":"26","CITY":"213","CITY_NAME":"南丹市","S_NAME":"胡麻郷志和賀","SETAI":"83"}}]}